TI_label,TI_input,TI_input_percent,model,model_label,y_rel_m,y_over_D,inside_rotor,U_model_mps,TI_model,TI_model_percent,U_LES_mps,TI_LES,TI_LES_percent
6.4%,0.0642,6.419999999999999,BPA2014,BPA,-360.0,-1.5,False,8.648643276820101,0.11712914661069386,11.712914661069386,8.439920833333334,0.08762500000000001,8.762500000000001
6.4%,0.0642,6.419999999999999,BPA2014,BPA,-336.0,-1.4,False,8.697942782239782,0.11712914661069386,11.712914661069386,8.491145833333334,0.08633333333333335,8.633333333333335
6.4%,0.0642,6.419999999999999,BPA2014,BPA,-312.0,-1.3,False,8.735557046797412,0.11712914661069386,11.712914661069386,8.524679166666667,0.083925,8.3925
6.4%,0.0642,6.419999999999999,BPA2014,BPA,-288.0,-1.2,False,8.764129297228713,0.11712914661069386,11.712914661069386,8.551400000000001,0.08344166666666666,8.344166666666666
6.4%,0.0642,6.419999999999999,BPA2014,BPA,-264.0,-1.1,False,8.785739910362002,0.11712914661069386,11.712914661069386,8.574958333333333,0.08355,8.355
6.4%,0.0642,6.419999999999999,BPA2014,BPA,-240.0,-1.0,False,8.801800523154126,0.11712914661069386,11.712914661069386,8.5995125,0.08373333333333333,8.373333333333333
6.4%,0.0642,6.419999999999999,BPA2014,BPA,-216.0,-0.9,False,8.813068407555104,0.11712914661069386,11.712914661069386,8.624008333333332,0.08451666666666666,8.451666666666666
6.4%,0.0642,6.419999999999999,BPA2014,BPA,-192.0,-0.8,False,8.819738313463649,0.11712914661069386,11.712914661069386,8.636320833333334,0.08545,8.545
6.4%,0.0642,6.419999999999999,BPA2014,BPA,-168.0,-0.7,False,8.821575430612066,0.11712914661069386,11.712914661069386,8.646829166666667,0.08553333333333334,8.553333333333333
6.4%,0.0642,6.419999999999999,BPA2014,BPA,-144.0,-0.6,False,8.81806368371123,0.11712914661069386,11.712914661069386,8.650695833333334,0.08555,8.555
6.4%,0.0642,6.419999999999999,BPA2014,BPA,-120.0,-0.5,True,8.808553887796352,0.13173381918810492,13.173381918810492,8.643766666666666,0.08602083333333334,8.602083333333335
6.4%,0.0642,6.419999999999999,BPA2014,BPA,-96.0,-0.4,True,8.792403864411053,0.13173381918810492,13.173381918810492,8.636175,0.0873625,8.73625
6.4%,0.0642,6.419999999999999,BPA2014,BPA,-72.0,-0.3,True,8.769106709352853,0.13173381918810492,13.173381918810492,8.6146125,0.08927083333333333,8.927083333333332
6.4%,0.0642,6.419999999999999,BPA2014,BPA,-48.0,-0.2,True,8.738404479867944,0.13173381918810492,13.173381918810492,8.585558333333333,0.090325,9.0325
6.4%,0.0642,6.419999999999999,BPA2014,BPA,-24.0,-0.1,True,8.700383722912663,0.13173381918810492,13.173381918810492,8.547408333333333,0.090725,9.0725
6.4%,0.0642,6.419999999999999,BPA2014,BPA,0.0,0.0,True,8.655547727237618,0.13173381918810492,13.173381918810492,8.490391666666666,0.09129583333333333,9.129583333333333
6.4%,0.0642,6.419999999999999,BPA2014,BPA,24.0,0.1,True,8.604859220320465,0.13173381918810492,13.173381918810492,8.42035,0.09270833333333334,9.270833333333334
6.4%,0.0642,6.419999999999999,BPA2014,BPA,48.0,0.2,True,8.549747201871739,0.13173381918810492,13.173381918810492,8.357645833333333,0.09502083333333333,9.502083333333333
6.4%,0.0642,6.419999999999999,BPA2014,BPA,72.0,0.3,True,8.492073093313873,0.13173381918810492,13.173381918810492,8.293270833333333,0.0969875,9.69875
6.4%,0.0642,6.419999999999999,BPA2014,BPA,96.0,0.4,True,8.434054399352686,0.13173381918810492,13.173381918810492,8.228158333333333,0.09714583333333332,9.714583333333332
6.4%,0.0642,6.419999999999999,BPA2014,BPA,120.0,0.5,True,8.378148295809822,0.13173381918810492,13.173381918810492,8.160016666666667,0.0957375,9.57375
6.4%,0.0642,6.419999999999999,BPA2014,BPA,144.0,0.6,False,8.3269023742409,0.13173381918810492,13.173381918810492,8.090570833333333,0.09398333333333334,9.398333333333333
6.4%,0.0642,6.419999999999999,BPA2014,BPA,168.0,0.7,False,8.282784409260918,0.13173381918810492,13.173381918810492,8.024145833333334,0.09122916666666667,9.122916666666667
6.4%,0.0642,6.419999999999999,BPA2014,BPA,192.0,0.8,False,8.248006644342915,0.13173381918810492,13.173381918810492,7.965466666666666,0.08982499999999999,8.982499999999998
6.4%,0.0642,6.419999999999999,BPA2014,BPA,216.0,0.9,False,8.224361994949216,0.13173381918810492,13.173381918810492,7.918675,0.08953333333333333,8.953333333333333
6.4%,0.0642,6.419999999999999,BPA2014,BPA,240.0,1.0,False,8.213089268227014,0.13173381918810492,13.173381918810492,7.8838541666666675,0.08853333333333332,8.853333333333332
6.4%,0.0642,6.419999999999999,BPA2014,BPA,264.0,1.1,False,8.214781870722026,0.13173381918810492,13.173381918810492,7.8637250000000005,0.08767083333333334,8.767083333333334
6.4%,0.0642,6.419999999999999,BPA2014,BPA,288.0,1.2,False,8.229349787055293,0.13173381918810492,13.173381918810492,7.851566666666667,0.08664583333333334,8.664583333333335
6.4%,0.0642,6.419999999999999,BPA2014,BPA,312.0,1.3,False,8.256038486975228,0.13173381918810492,13.173381918810492,7.852762499999999,0.08663333333333334,8.663333333333334
6.4%,0.0642,6.419999999999999,BPA2014,BPA,336.0,1.4,False,8.293501719077103,0.13173381918810492,13.173381918810492,7.884874999999999,0.08827916666666666,8.827916666666665
6.4%,0.0642,6.419999999999999,BPA2014,BPA,360.0,1.5,False,8.339918796613308,0.13173381918810492,13.173381918810492,7.944770833333333,0.08952500000000001,8.9525
6.4%,0.0642,6.419999999999999,NPA2016,NPA,-360.0,-1.5,False,8.755403898794224,0.130058747132485,13.005874713248499,8.439920833333334,0.08762500000000001,8.762500000000001
6.4%,0.0642,6.419999999999999,NPA2016,NPA,-336.0,-1.4,False,8.7999508998861,0.130058747132485,13.005874713248499,8.491145833333334,0.08633333333333335,8.633333333333335
6.4%,0.0642,6.419999999999999,NPA2016,NPA,-312.0,-1.3,False,8.835085811604866,0.10354507620818258,10.354507620818259,8.524679166666667,0.083925,8.3925
6.4%,0.0642,6.419999999999999,NPA2016,NPA,-288.0,-1.2,False,8.861391023851974,0.10354507620818258,10.354507620818259,8.551400000000001,0.08344166666666666,8.344166666666666
6.4%,0.0642,6.419999999999999,NPA2016,NPA,-264.0,-1.1,False,8.879673116150396,0.10354507620818258,10.354507620818259,8.574958333333333,0.08355,8.355
6.4%,0.0642,6.419999999999999,NPA2016,NPA,-240.0,-1.0,False,8.890802957072017,0.10354507620818258,10.354507620818259,8.5995125,0.08373333333333333,8.373333333333333
6.4%,0.0642,6.419999999999999,NPA2016,NPA,-216.0,-0.9,False,8.895655759457236,0.11498513537331899,11.498513537331899,8.624008333333332,0.08451666666666666,8.451666666666666
6.4%,0.0642,6.419999999999999,NPA2016,NPA,-192.0,-0.8,False,8.895031205959633,0.11498513537331899,11.498513537331899,8.636320833333334,0.08545,8.545
6.4%,0.0642,6.419999999999999,NPA2016,NPA,-168.0,-0.7,False,8.889647161900193,0.11498513537331899,11.498513537331899,8.646829166666667,0.08553333333333334,8.553333333333333
6.4%,0.0642,6.419999999999999,NPA2016,NPA,-144.0,-0.6,False,8.880128219356536,0.11498513537331899,11.498513537331899,8.650695833333334,0.08555,8.555
6.4%,0.0642,6.419999999999999,NPA2016,NPA,-120.0,-0.5,True,8.867020315928082,0.11498513537331899,11.498513537331899,8.643766666666666,0.08602083333333334,8.602083333333335
6.4%,0.0642,6.419999999999999,NPA2016,NPA,-96.0,-0.4,True,8.850808965810083,0.11498513537331899,11.498513537331899,8.636175,0.0873625,8.73625
6.4%,0.0642,6.419999999999999,NPA2016,NPA,-72.0,-0.3,True,8.831962595996616,0.11498513537331899,11.498513537331899,8.6146125,0.08927083333333333,8.927083333333332
6.4%,0.0642,6.419999999999999,NPA2016,NPA,-48.0,-0.2,True,8.810942469593064,0.11498513537331899,11.498513537331899,8.585558333333333,0.090325,9.0325
6.4%,0.0642,6.419999999999999,NPA2016,NPA,-24.0,-0.1,True,8.788230886190854,0.11498513537331899,11.498513537331899,8.547408333333333,0.090725,9.0725
6.4%,0.0642,6.419999999999999,NPA2016,NPA,0.0,0.0,True,8.76435019249575,0.11498513537331899,11.498513537331899,8.490391666666666,0.09129583333333333,9.129583333333333
6.4%,0.0642,6.419999999999999,NPA2016,NPA,24.0,0.1,True,8.739859738693877,0.11498513537331899,11.498513537331899,8.42035,0.09270833333333334,9.270833333333334
6.4%,0.0642,6.419999999999999,NPA2016,NPA,48.0,0.2,True,8.715355499361092,0.11498513537331899,11.498513537331899,8.357645833333333,0.09502083333333333,9.502083333333333
6.4%,0.0642,6.419999999999999,NPA2016,NPA,72.0,0.3,True,8.691464368858144,0.11498513537331899,11.498513537331899,8.293270833333333,0.0969875,9.69875
6.4%,0.0642,6.419999999999999,NPA2016,NPA,96.0,0.4,True,8.668828876214453,0.11498513537331899,11.498513537331899,8.228158333333333,0.09714583333333332,9.714583333333332
6.4%,0.0642,6.419999999999999,NPA2016,NPA,120.0,0.5,True,8.648077321355785,0.11498513537331899,11.498513537331899,8.160016666666667,0.0957375,9.57375
6.4%,0.0642,6.419999999999999,NPA2016,NPA,144.0,0.6,False,8.629809233030159,0.11498513537331899,11.498513537331899,8.090570833333333,0.09398333333333334,9.398333333333333
6.4%,0.0642,6.419999999999999,NPA2016,NPA,168.0,0.7,False,8.614561901499194,0.11498513537331899,11.498513537331899,8.024145833333334,0.09122916666666667,9.122916666666667
6.4%,0.0642,6.419999999999999,NPA2016,NPA,192.0,0.8,False,8.60279576079996,0.11498513537331899,11.498513537331899,7.965466666666666,0.08982499999999999,8.982499999999998
6.4%,0.0642,6.419999999999999,NPA2016,NPA,216.0,0.9,False,8.594860914724869,0.11498513537331899,11.498513537331899,7.918675,0.08953333333333333,8.953333333333333
6.4%,0.0642,6.419999999999999,NPA2016,NPA,240.0,1.0,False,8.590992390379041,0.11498513537331899,11.498513537331899,7.8838541666666675,0.08853333333333332,8.853333333333332
6.4%,0.0642,6.419999999999999,NPA2016,NPA,264.0,1.1,False,8.591291344220815,0.11498513537331899,11.498513537331899,7.8637250000000005,0.08767083333333334,8.767083333333334
6.4%,0.0642,6.419999999999999,NPA2016,NPA,288.0,1.2,False,8.595718564695478,0.11498513537331899,11.498513537331899,7.851566666666667,0.08664583333333334,8.664583333333335
6.4%,0.0642,6.419999999999999,NPA2016,NPA,312.0,1.3,False,8.60410477792658,0.11498513537331899,11.498513537331899,7.852762499999999,0.08663333333333334,8.663333333333334
6.4%,0.0642,6.419999999999999,NPA2016,NPA,336.0,1.4,False,8.616142554111667,0.11498513537331899,11.498513537331899,7.884874999999999,0.08827916666666666,8.827916666666665
6.4%,0.0642,6.419999999999999,NPA2016,NPA,360.0,1.5,False,8.63139774920753,0.11498513537331899,11.498513537331899,7.944770833333333,0.08952500000000001,8.9525
6.4%,0.0642,6.419999999999999,Nygaard2022,"TurbOPark, A=0.04",-360.0,-1.5,False,7.196933680425518,0.0642,6.419999999999999,8.439920833333334,0.08762500000000001,8.762500000000001
6.4%,0.0642,6.419999999999999,Nygaard2022,"TurbOPark, A=0.04",-336.0,-1.4,False,7.381697494455373,0.0642,6.419999999999999,8.491145833333334,0.08633333333333335,8.633333333333335
6.4%,0.0642,6.419999999999999,Nygaard2022,"TurbOPark, A=0.04",-312.0,-1.3,False,7.545901693345181,0.0642,6.419999999999999,8.524679166666667,0.083925,8.3925
6.4%,0.0642,6.419999999999999,Nygaard2022,"TurbOPark, A=0.04",-288.0,-1.2,False,7.641755010646374,0.0642,6.419999999999999,8.551400000000001,0.08344166666666666,8.344166666666666
6.4%,0.0642,6.419999999999999,Nygaard2022,"TurbOPark, A=0.04",-264.0,-1.1,False,7.6509399965506555,0.0642,6.419999999999999,8.574958333333333,0.08355,8.355
6.4%,0.0642,6.419999999999999,Nygaard2022,"TurbOPark, A=0.04",-240.0,-1.0,False,7.595114651612166,0.0642,6.419999999999999,8.5995125,0.08373333333333333,8.373333333333333
6.4%,0.0642,6.419999999999999,Nygaard2022,"TurbOPark, A=0.04",-216.0,-0.9,False,7.518458638257743,0.0642,6.419999999999999,8.624008333333332,0.08451666666666666,8.451666666666666
6.4%,0.0642,6.419999999999999,Nygaard2022,"TurbOPark, A=0.04",-192.0,-0.8,False,7.462186196023648,0.0642,6.419999999999999,8.636320833333334,0.08545,8.545
6.4%,0.0642,6.419999999999999,Nygaard2022,"TurbOPark, A=0.04",-168.0,-0.7,False,7.451320401555964,0.0642,6.419999999999999,8.646829166666667,0.08553333333333334,8.553333333333333
6.4%,0.0642,6.419999999999999,Nygaard2022,"TurbOPark, A=0.04",-144.0,-0.6,False,7.492681564425191,0.0642,6.419999999999999,8.650695833333334,0.08555,8.555
6.4%,0.0642,6.419999999999999,Nygaard2022,"TurbOPark, A=0.04",-120.0,-0.5,True,7.576733261667515,0.0642,6.419999999999999,8.643766666666666,0.08602083333333334,8.602083333333335
6.4%,0.0642,6.419999999999999,Nygaard2022,"TurbOPark, A=0.04",-96.0,-0.4,True,7.681505377597149,0.0642,6.419999999999999,8.636175,0.0873625,8.73625
6.4%,0.0642,6.419999999999999,Nygaard2022,"TurbOPark, A=0.04",-72.0,-0.3,True,7.778515951732323,0.0642,6.419999999999999,8.6146125,0.08927083333333333,8.927083333333332
6.4%,0.0642,6.419999999999999,Nygaard2022,"TurbOPark, A=0.04",-48.0,-0.2,True,7.842003735065189,0.0642,6.419999999999999,8.585558333333333,0.090325,9.0325
6.4%,0.0642,6.419999999999999,Nygaard2022,"TurbOPark, A=0.04",-24.0,-0.1,True,7.859451532173174,0.0642,6.419999999999999,8.547408333333333,0.090725,9.0725
6.4%,0.0642,6.419999999999999,Nygaard2022,"TurbOPark, A=0.04",0.0,0.0,True,7.835712550834094,0.0642,6.419999999999999,8.490391666666666,0.09129583333333333,9.129583333333333
6.4%,0.0642,6.419999999999999,Nygaard2022,"TurbOPark, A=0.04",24.0,0.1,True,7.785441916013021,0.0642,6.419999999999999,8.42035,0.09270833333333334,9.270833333333334
6.4%,0.0642,6.419999999999999,Nygaard2022,"TurbOPark, A=0.04",48.0,0.2,True,7.7191935030092145,0.0642,6.419999999999999,8.357645833333333,0.09502083333333333,9.502083333333333
6.4%,0.0642,6.419999999999999,Nygaard2022,"TurbOPark, A=0.04",72.0,0.3,True,7.63344249225489,0.0642,6.419999999999999,8.293270833333333,0.0969875,9.69875
6.4%,0.0642,6.419999999999999,Nygaard2022,"TurbOPark, A=0.04",96.0,0.4,True,7.510821896964563,0.0642,6.419999999999999,8.228158333333333,0.09714583333333332,9.714583333333332
6.4%,0.0642,6.419999999999999,Nygaard2022,"TurbOPark, A=0.04",120.0,0.5,True,7.333036420348275,0.0642,6.419999999999999,8.160016666666667,0.0957375,9.57375
6.4%,0.0642,6.419999999999999,Nygaard2022,"TurbOPark, A=0.04",144.0,0.6,False,7.100029736885434,0.0642,6.419999999999999,8.090570833333333,0.09398333333333334,9.398333333333333
6.4%,0.0642,6.419999999999999,Nygaard2022,"TurbOPark, A=0.04",168.0,0.7,False,6.840010821451593,0.0642,6.419999999999999,8.024145833333334,0.09122916666666667,9.122916666666667
6.4%,0.0642,6.419999999999999,Nygaard2022,"TurbOPark, A=0.04",192.0,0.8,False,6.602298496164252,0.0642,6.419999999999999,7.965466666666666,0.08982499999999999,8.982499999999998
6.4%,0.0642,6.419999999999999,Nygaard2022,"TurbOPark, A=0.04",216.0,0.9,False,6.440394293684268,0.0642,6.419999999999999,7.918675,0.08953333333333333,8.953333333333333
6.4%,0.0642,6.419999999999999,Nygaard2022,"TurbOPark, A=0.04",240.0,1.0,False,6.3951456516766125,0.0642,6.419999999999999,7.8838541666666675,0.08853333333333332,8.853333333333332
6.4%,0.0642,6.419999999999999,Nygaard2022,"TurbOPark, A=0.04",264.0,1.1,False,6.482679120368795,0.0642,6.419999999999999,7.8637250000000005,0.08767083333333334,8.767083333333334
6.4%,0.0642,6.419999999999999,Nygaard2022,"TurbOPark, A=0.04",288.0,1.2,False,6.688249931907262,0.0642,6.419999999999999,7.851566666666667,0.08664583333333334,8.664583333333335
6.4%,0.0642,6.419999999999999,Nygaard2022,"TurbOPark, A=0.04",312.0,1.3,False,6.965900734961373,0.0642,6.419999999999999,7.852762499999999,0.08663333333333334,8.663333333333334
6.4%,0.0642,6.419999999999999,Nygaard2022,"TurbOPark, A=0.04",336.0,1.4,False,7.244058907550237,0.0642,6.419999999999999,7.884874999999999,0.08827916666666666,8.827916666666665
6.4%,0.0642,6.419999999999999,Nygaard2022,"TurbOPark, A=0.04",360.0,1.5,False,7.442147773135869,0.0642,6.419999999999999,7.944770833333333,0.08952500000000001,8.9525
6.4%,0.0642,6.419999999999999,Nygaard2022_A0.06,"TurbOPark, A=0.06",-360.0,-1.5,False,7.751430441579913,0.0642,6.419999999999999,8.439920833333334,0.08762500000000001,8.762500000000001
6.4%,0.0642,6.419999999999999,Nygaard2022_A0.06,"TurbOPark, A=0.06",-336.0,-1.4,False,7.837588684594543,0.0642,6.419999999999999,8.491145833333334,0.08633333333333335,8.633333333333335
6.4%,0.0642,6.419999999999999,Nygaard2022_A0.06,"TurbOPark, A=0.06",-312.0,-1.3,False,7.924552032468794,0.0642,6.419999999999999,8.524679166666667,0.083925,8.3925
6.4%,0.0642,6.419999999999999,Nygaard2022_A0.06,"TurbOPark, A=0.06",-288.0,-1.2,False,7.994228230523092,0.0642,6.419999999999999,8.551400000000001,0.08344166666666666,8.344166666666666
6.4%,0.0642,6.419999999999999,Nygaard2022_A0.06,"TurbOPark, A=0.06",-264.0,-1.1,False,8.0360223648923,0.0642,6.419999999999999,8.574958333333333,0.08355,8.355
6.4%,0.0642,6.419999999999999,Nygaard2022_A0.06,"TurbOPark, A=0.06",-240.0,-1.0,False,8.0505442031927,0.0642,6.419999999999999,8.5995125,0.08373333333333333,8.373333333333333
6.4%,0.0642,6.419999999999999,Nygaard2022_A0.06,"TurbOPark, A=0.06",-216.0,-0.9,False,8.047929039486384,0.0642,6.419999999999999,8.624008333333332,0.08451666666666666,8.451666666666666
6.4%,0.0642,6.419999999999999,Nygaard2022_A0.06,"TurbOPark, A=0.06",-192.0,-0.8,False,8.041891100358846,0.0642,6.419999999999999,8.636320833333334,0.08545,8.545
6.4%,0.0642,6.419999999999999,Nygaard2022_A0.06,"TurbOPark, A=0.06",-168.0,-0.7,False,8.043933153979548,0.0642,6.419999999999999,8.646829166666667,0.08553333333333334,8.553333333333333
6.4%,0.0642,6.419999999999999,Nygaard2022_A0.06,"TurbOPark, A=0.06",-144.0,-0.6,False,8.06024582540323,0.0642,6.419999999999999,8.650695833333334,0.08555,8.555
6.4%,0.0642,6.419999999999999,Nygaard2022_A0.06,"TurbOPark, A=0.06",-120.0,-0.5,True,8.091177650035707,0.0642,6.419999999999999,8.643766666666666,0.08602083333333334,8.602083333333335
6.4%,0.0642,6.419999999999999,Nygaard2022_A0.06,"TurbOPark, A=0.06",-96.0,-0.4,True,8.132255797997024,0.0642,6.419999999999999,8.636175,0.0873625,8.73625
6.4%,0.0642,6.419999999999999,Nygaard2022_A0.06,"TurbOPark, A=0.06",-72.0,-0.3,True,8.176133451318233,0.0642,6.419999999999999,8.6146125,0.08927083333333333,8.927083333333332
6.4%,0.0642,6.419999999999999,Nygaard2022_A0.06,"TurbOPark, A=0.06",-48.0,-0.2,True,8.214662836311147,0.0642,6.419999999999999,8.585558333333333,0.090325,9.0325
6.4%,0.0642,6.419999999999999,Nygaard2022_A0.06,"TurbOPark, A=0.06",-24.0,-0.1,True,8.240536721449233,0.0642,6.419999999999999,8.547408333333333,0.090725,9.0725
6.4%,0.0642,6.419999999999999,Nygaard2022_A0.06,"TurbOPark, A=0.06",0.0,0.0,True,8.24778439000428,0.0642,6.419999999999999,8.490391666666666,0.09129583333333333,9.129583333333333
6.4%,0.0642,6.419999999999999,Nygaard2022_A0.06,"TurbOPark, A=0.06",24.0,0.1,True,8.230754612645592,0.0642,6.419999999999999,8.42035,0.09270833333333334,9.270833333333334
6.4%,0.0642,6.419999999999999,Nygaard2022_A0.06,"TurbOPark, A=0.06",48.0,0.2,True,8.182844056431453,0.0642,6.419999999999999,8.357645833333333,0.09502083333333333,9.502083333333333
6.4%,0.0642,6.419999999999999,Nygaard2022_A0.06,"TurbOPark, A=0.06",72.0,0.3,True,8.097103107179914,0.0642,6.419999999999999,8.293270833333333,0.0969875,9.69875
6.4%,0.0642,6.419999999999999,Nygaard2022_A0.06,"TurbOPark, A=0.06",96.0,0.4,True,7.969939301019759,0.0642,6.419999999999999,8.228158333333333,0.09714583333333332,9.714583333333332
6.4%,0.0642,6.419999999999999,Nygaard2022_A0.06,"TurbOPark, A=0.06",120.0,0.5,True,7.806019105277883,0.0642,6.419999999999999,8.160016666666667,0.0957375,9.57375
6.4%,0.0642,6.419999999999999,Nygaard2022_A0.06,"TurbOPark, A=0.06",144.0,0.6,False,7.620507544207105,0.0642,6.419999999999999,8.090570833333333,0.09398333333333334,9.398333333333333
6.4%,0.0642,6.419999999999999,Nygaard2022_A0.06,"TurbOPark, A=0.06",168.0,0.7,False,7.436968579276803,0.0642,6.419999999999999,8.024145833333334,0.09122916666666667,9.122916666666667
6.4%,0.0642,6.419999999999999,Nygaard2022_A0.06,"TurbOPark, A=0.06",192.0,0.8,False,7.282446245160159,0.0642,6.419999999999999,7.965466666666666,0.08982499999999999,8.982499999999998
6.4%,0.0642,6.419999999999999,Nygaard2022_A0.06,"TurbOPark, A=0.06",216.0,0.9,False,7.181442910882392,0.0642,6.419999999999999,7.918675,0.08953333333333333,8.953333333333333
6.4%,0.0642,6.419999999999999,Nygaard2022_A0.06,"TurbOPark, A=0.06",240.0,1.0,False,7.150603272946554,0.0642,6.419999999999999,7.8838541666666675,0.08853333333333332,8.853333333333332
6.4%,0.0642,6.419999999999999,Nygaard2022_A0.06,"TurbOPark, A=0.06",264.0,1.1,False,7.194757586108457,0.0642,6.419999999999999,7.8637250000000005,0.08767083333333334,8.767083333333334
6.4%,0.0642,6.419999999999999,Nygaard2022_A0.06,"TurbOPark, A=0.06",288.0,1.2,False,7.304704668362925,0.0642,6.419999999999999,7.851566666666667,0.08664583333333334,8.664583333333335
6.4%,0.0642,6.419999999999999,Nygaard2022_A0.06,"TurbOPark, A=0.06",312.0,1.3,False,7.4578416732097645,0.0642,6.419999999999999,7.852762499999999,0.08663333333333334,8.663333333333334
6.4%,0.0642,6.419999999999999,Nygaard2022_A0.06,"TurbOPark, A=0.06",336.0,1.4,False,7.621448209487335,0.0642,6.419999999999999,7.884874999999999,0.08827916666666666,8.827916666666665
6.4%,0.0642,6.419999999999999,Nygaard2022_A0.06,"TurbOPark, A=0.06",360.0,1.5,False,7.759996465687497,0.0642,6.419999999999999,7.944770833333333,0.08952500000000001,8.9525
7.0%,0.07036741444444444,7.036741444444444,BPA2014,BPA,-360.0,-1.5,False,8.648643276820101,0.12038320846850886,12.038320846850887,8.439920833333334,0.08762500000000001,8.762500000000001
7.0%,0.07036741444444444,7.036741444444444,BPA2014,BPA,-336.0,-1.4,False,8.697942782239782,0.12038320846850886,12.038320846850887,8.491145833333334,0.08633333333333335,8.633333333333335
7.0%,0.07036741444444444,7.036741444444444,BPA2014,BPA,-312.0,-1.3,False,8.735557046797412,0.12038320846850886,12.038320846850887,8.524679166666667,0.083925,8.3925
7.0%,0.07036741444444444,7.036741444444444,BPA2014,BPA,-288.0,-1.2,False,8.764129297228713,0.12038320846850886,12.038320846850887,8.551400000000001,0.08344166666666666,8.344166666666666
7.0%,0.07036741444444444,7.036741444444444,BPA2014,BPA,-264.0,-1.1,False,8.785739910362002,0.12038320846850886,12.038320846850887,8.574958333333333,0.08355,8.355
7.0%,0.07036741444444444,7.036741444444444,BPA2014,BPA,-240.0,-1.0,False,8.801800523154126,0.12038320846850886,12.038320846850887,8.5995125,0.08373333333333333,8.373333333333333
7.0%,0.07036741444444444,7.036741444444444,BPA2014,BPA,-216.0,-0.9,False,8.813068407555104,0.12038320846850886,12.038320846850887,8.624008333333332,0.08451666666666666,8.451666666666666
7.0%,0.07036741444444444,7.036741444444444,BPA2014,BPA,-192.0,-0.8,False,8.819738313463649,0.12038320846850886,12.038320846850887,8.636320833333334,0.08545,8.545
7.0%,0.07036741444444444,7.036741444444444,BPA2014,BPA,-168.0,-0.7,False,8.821575430612066,0.12038320846850886,12.038320846850887,8.646829166666667,0.08553333333333334,8.553333333333333
7.0%,0.07036741444444444,7.036741444444444,BPA2014,BPA,-144.0,-0.6,False,8.81806368371123,0.12038320846850886,12.038320846850887,8.650695833333334,0.08555,8.555
7.0%,0.07036741444444444,7.036741444444444,BPA2014,BPA,-120.0,-0.5,True,8.808553887796352,0.13455509385051742,13.455509385051743,8.643766666666666,0.08602083333333334,8.602083333333335
7.0%,0.07036741444444444,7.036741444444444,BPA2014,BPA,-96.0,-0.4,True,8.792403864411053,0.13455509385051742,13.455509385051743,8.636175,0.0873625,8.73625
7.0%,0.07036741444444444,7.036741444444444,BPA2014,BPA,-72.0,-0.3,True,8.769106709352853,0.13455509385051742,13.455509385051743,8.6146125,0.08927083333333333,8.927083333333332
7.0%,0.07036741444444444,7.036741444444444,BPA2014,BPA,-48.0,-0.2,True,8.738404479867944,0.13455509385051742,13.455509385051743,8.585558333333333,0.090325,9.0325
7.0%,0.07036741444444444,7.036741444444444,BPA2014,BPA,-24.0,-0.1,True,8.700383722912663,0.13455509385051742,13.455509385051743,8.547408333333333,0.090725,9.0725
7.0%,0.07036741444444444,7.036741444444444,BPA2014,BPA,0.0,0.0,True,8.655547727237618,0.13455509385051742,13.455509385051743,8.490391666666666,0.09129583333333333,9.129583333333333
7.0%,0.07036741444444444,7.036741444444444,BPA2014,BPA,24.0,0.1,True,8.604859220320465,0.13455509385051742,13.455509385051743,8.42035,0.09270833333333334,9.270833333333334
7.0%,0.07036741444444444,7.036741444444444,BPA2014,BPA,48.0,0.2,True,8.549747201871739,0.13455509385051742,13.455509385051743,8.357645833333333,0.09502083333333333,9.502083333333333
7.0%,0.07036741444444444,7.036741444444444,BPA2014,BPA,72.0,0.3,True,8.492073093313873,0.13455509385051742,13.455509385051743,8.293270833333333,0.0969875,9.69875
7.0%,0.07036741444444444,7.036741444444444,BPA2014,BPA,96.0,0.4,True,8.434054399352686,0.13455509385051742,13.455509385051743,8.228158333333333,0.09714583333333332,9.714583333333332
7.0%,0.07036741444444444,7.036741444444444,BPA2014,BPA,120.0,0.5,True,8.378148295809822,0.13455509385051742,13.455509385051743,8.160016666666667,0.0957375,9.57375
7.0%,0.07036741444444444,7.036741444444444,BPA2014,BPA,144.0,0.6,False,8.3269023742409,0.13455509385051742,13.455509385051743,8.090570833333333,0.09398333333333334,9.398333333333333
7.0%,0.07036741444444444,7.036741444444444,BPA2014,BPA,168.0,0.7,False,8.282784409260918,0.13455509385051742,13.455509385051743,8.024145833333334,0.09122916666666667,9.122916666666667
7.0%,0.07036741444444444,7.036741444444444,BPA2014,BPA,192.0,0.8,False,8.248006644342915,0.13455509385051742,13.455509385051743,7.965466666666666,0.08982499999999999,8.982499999999998
7.0%,0.07036741444444444,7.036741444444444,BPA2014,BPA,216.0,0.9,False,8.224361994949216,0.13455509385051742,13.455509385051743,7.918675,0.08953333333333333,8.953333333333333
7.0%,0.07036741444444444,7.036741444444444,BPA2014,BPA,240.0,1.0,False,8.213089268227014,0.13455509385051742,13.455509385051743,7.8838541666666675,0.08853333333333332,8.853333333333332
7.0%,0.07036741444444444,7.036741444444444,BPA2014,BPA,264.0,1.1,False,8.214781870722026,0.13455509385051742,13.455509385051743,7.8637250000000005,0.08767083333333334,8.767083333333334
7.0%,0.07036741444444444,7.036741444444444,BPA2014,BPA,288.0,1.2,False,8.229349787055293,0.13455509385051742,13.455509385051743,7.851566666666667,0.08664583333333334,8.664583333333335
7.0%,0.07036741444444444,7.036741444444444,BPA2014,BPA,312.0,1.3,False,8.256038486975228,0.13455509385051742,13.455509385051743,7.852762499999999,0.08663333333333334,8.663333333333334
7.0%,0.07036741444444444,7.036741444444444,BPA2014,BPA,336.0,1.4,False,8.293501719077103,0.13455509385051742,13.455509385051743,7.884874999999999,0.08827916666666666,8.827916666666665
7.0%,0.07036741444444444,7.036741444444444,BPA2014,BPA,360.0,1.5,False,8.339918796613308,0.13455509385051742,13.455509385051743,7.944770833333333,0.08952500000000001,8.9525
7.0%,0.07036741444444444,7.036741444444444,NPA2016,NPA,-360.0,-1.5,False,8.770121617689846,0.13349517751858858,13.349517751858858,8.439920833333334,0.08762500000000001,8.762500000000001
7.0%,0.07036741444444444,7.036741444444444,NPA2016,NPA,-336.0,-1.4,False,8.81357689920839,0.13349517751858858,13.349517751858858,8.491145833333334,0.08633333333333335,8.633333333333335
7.0%,0.07036741444444444,7.036741444444444,NPA2016,NPA,-312.0,-1.3,False,8.848108633018704,0.10766132824656503,10.766132824656504,8.524679166666667,0.083925,8.3925
7.0%,0.07036741444444444,7.036741444444444,NPA2016,NPA,-288.0,-1.2,False,8.874200770690283,0.10766132824656503,10.766132824656504,8.551400000000001,0.08344166666666666,8.344166666666666
7.0%,0.07036741444444444,7.036741444444444,NPA2016,NPA,-264.0,-1.1,False,8.892537252010374,0.10766132824656503,10.766132824656504,8.574958333333333,0.08355,8.355
7.0%,0.07036741444444444,7.036741444444444,NPA2016,NPA,-240.0,-1.0,False,8.903921362262835,0.11876588255630771,11.876588255630772,8.5995125,0.08373333333333333,8.373333333333333
7.0%,0.07036741444444444,7.036741444444444,NPA2016,NPA,-216.0,-0.9,False,8.909168373544762,0.11876588255630771,11.876588255630772,8.624008333333332,0.08451666666666666,8.451666666666666
7.0%,0.07036741444444444,7.036741444444444,NPA2016,NPA,-192.0,-0.8,False,8.909065325027843,0.11876588255630771,11.876588255630772,8.636320833333334,0.08545,8.545
7.0%,0.07036741444444444,7.036741444444444,NPA2016,NPA,-168.0,-0.7,False,8.904324225916373,0.11876588255630771,11.876588255630772,8.646829166666667,0.08553333333333334,8.553333333333333
7.0%,0.07036741444444444,7.036741444444444,NPA2016,NPA,-144.0,-0.6,False,8.895579086002614,0.11876588255630771,11.876588255630772,8.650695833333334,0.08555,8.555
7.0%,0.07036741444444444,7.036741444444444,NPA2016,NPA,-120.0,-0.5,True,8.883404395411553,0.11876588255630771,11.876588255630772,8.643766666666666,0.08602083333333334,8.602083333333335
7.0%,0.07036741444444444,7.036741444444444,NPA2016,NPA,-96.0,-0.4,True,8.868316638513361,0.11876588255630771,11.876588255630772,8.636175,0.0873625,8.73625
7.0%,0.07036741444444444,7.036741444444444,NPA2016,NPA,-72.0,-0.3,True,8.85079804808091,0.11876588255630771,11.876588255630772,8.6146125,0.08927083333333333,8.927083333333332
7.0%,0.07036741444444444,7.036741444444444,NPA2016,NPA,-48.0,-0.2,True,8.831319239674675,0.11876588255630771,11.876588255630772,8.585558333333333,0.090325,9.0325
7.0%,0.07036741444444444,7.036741444444444,NPA2016,NPA,-24.0,-0.1,True,8.810362270760045,0.11876588255630771,11.876588255630772,8.547408333333333,0.090725,9.0725
7.0%,0.07036741444444444,7.036741444444444,NPA2016,NPA,0.0,0.0,True,8.788428078111616,0.11876588255630771,11.876588255630772,8.490391666666666,0.09129583333333333,9.129583333333333
7.0%,0.07036741444444444,7.036741444444444,NPA2016,NPA,24.0,0.1,True,8.76604567672385,0.11876588255630771,11.876588255630772,8.42035,0.09270833333333334,9.270833333333334
7.0%,0.07036741444444444,7.036741444444444,NPA2016,NPA,48.0,0.2,True,8.74376369075915,0.11876588255630771,11.876588255630772,8.357645833333333,0.09502083333333333,9.502083333333333
7.0%,0.07036741444444444,7.036741444444444,NPA2016,NPA,72.0,0.3,True,8.7221538194695,0.11876588255630771,11.876588255630772,8.293270833333333,0.0969875,9.69875
7.0%,0.07036741444444444,7.036741444444444,NPA2016,NPA,96.0,0.4,True,8.70178941649825,0.11876588255630771,11.876588255630772,8.228158333333333,0.09714583333333332,9.714583333333332
7.0%,0.07036741444444444,7.036741444444444,NPA2016,NPA,120.0,0.5,True,8.683225874837655,0.11876588255630771,11.876588255630772,8.160016666666667,0.0957375,9.57375
7.0%,0.07036741444444444,7.036741444444444,NPA2016,NPA,144.0,0.6,False,8.66699398747534,0.11876588255630771,11.876588255630772,8.090570833333333,0.09398333333333334,9.398333333333333
7.0%,0.07036741444444444,7.036741444444444,NPA2016,NPA,168.0,0.7,False,8.65355822534063,0.11876588255630771,11.876588255630772,8.024145833333334,0.09122916666666667,9.122916666666667
7.0%,0.07036741444444444,7.036741444444444,NPA2016,NPA,192.0,0.8,False,8.643319331547504,0.11876588255630771,11.876588255630772,7.965466666666666,0.08982499999999999,8.982499999999998
7.0%,0.07036741444444444,7.036741444444444,NPA2016,NPA,216.0,0.9,False,8.636587595605096,0.11876588255630771,11.876588255630772,7.918675,0.08953333333333333,8.953333333333333
7.0%,0.07036741444444444,7.036741444444444,NPA2016,NPA,240.0,1.0,False,8.633551662602281,0.11876588255630771,11.876588255630772,7.8838541666666675,0.08853333333333332,8.853333333333332
7.0%,0.07036741444444444,7.036741444444444,NPA2016,NPA,264.0,1.1,False,8.634297970983967,0.11876588255630771,11.876588255630772,7.8637250000000005,0.08767083333333334,8.767083333333334
7.0%,0.07036741444444444,7.036741444444444,NPA2016,NPA,288.0,1.2,False,8.638784314727173,0.11876588255630771,11.876588255630772,7.851566666666667,0.08664583333333334,8.664583333333335
7.0%,0.07036741444444444,7.036741444444444,NPA2016,NPA,312.0,1.3,False,8.646857408844818,0.11876588255630771,11.876588255630772,7.852762499999999,0.08663333333333334,8.663333333333334
7.0%,0.07036741444444444,7.036741444444444,NPA2016,NPA,336.0,1.4,False,8.658235276394478,0.11876588255630771,11.876588255630772,7.884874999999999,0.08827916666666666,8.827916666666665
7.0%,0.07036741444444444,7.036741444444444,NPA2016,NPA,360.0,1.5,False,8.672525640276882,0.11876588255630771,11.876588255630772,7.944770833333333,0.08952500000000001,8.9525
7.0%,0.07036741444444444,7.036741444444444,Nygaard2022,"TurbOPark, A=0.04",-360.0,-1.5,False,7.232836234991939,0.07036741444444444,7.036741444444444,8.439920833333334,0.08762500000000001,8.762500000000001
7.0%,0.07036741444444444,7.036741444444444,Nygaard2022,"TurbOPark, A=0.04",-336.0,-1.4,False,7.410906127099587,0.07036741444444444,7.036741444444444,8.491145833333334,0.08633333333333335,8.633333333333335
7.0%,0.07036741444444444,7.036741444444444,Nygaard2022,"TurbOPark, A=0.04",-312.0,-1.3,False,7.571352579977286,0.07036741444444444,7.036741444444444,8.524679166666667,0.083925,8.3925
7.0%,0.07036741444444444,7.036741444444444,Nygaard2022,"TurbOPark, A=0.04",-288.0,-1.2,False,7.669149204162673,0.07036741444444444,7.036741444444444,8.551400000000001,0.08344166666666666,8.344166666666666
7.0%,0.07036741444444444,7.036741444444444,Nygaard2022,"TurbOPark, A=0.04",-264.0,-1.1,False,7.686050370525879,0.07036741444444444,7.036741444444444,8.574958333333333,0.08355,8.355
7.0%,0.07036741444444444,7.036741444444444,Nygaard2022,"TurbOPark, A=0.04",-240.0,-1.0,False,7.64066925153252,0.07036741444444444,7.036741444444444,8.5995125,0.08373333333333333,8.373333333333333
7.0%,0.07036741444444444,7.036741444444444,Nygaard2022,"TurbOPark, A=0.04",-216.0,-0.9,False,7.573354755792114,0.07036741444444444,7.036741444444444,8.624008333333332,0.08451666666666666,8.451666666666666
7.0%,0.07036741444444444,7.036741444444444,Nygaard2022,"TurbOPark, A=0.04",-192.0,-0.8,False,7.522712867003222,0.07036741444444444,7.036741444444444,8.636320833333334,0.08545,8.545
7.0%,0.07036741444444444,7.036741444444444,Nygaard2022,"TurbOPark, A=0.04",-168.0,-0.7,False,7.51276886903945,0.07036741444444444,7.036741444444444,8.646829166666667,0.08553333333333334,8.553333333333333
7.0%,0.07036741444444444,7.036741444444444,Nygaard2022,"TurbOPark, A=0.04",-144.0,-0.6,False,7.550536429990208,0.07036741444444444,7.036741444444444,8.650695833333334,0.08555,8.555
7.0%,0.07036741444444444,7.036741444444444,Nygaard2022,"TurbOPark, A=0.04",-120.0,-0.5,True,7.627929568119624,0.07036741444444444,7.036741444444444,8.643766666666666,0.08602083333333334,8.602083333333335
7.0%,0.07036741444444444,7.036741444444444,Nygaard2022,"TurbOPark, A=0.04",-96.0,-0.4,True,7.725394111959259,0.07036741444444444,7.036741444444444,8.636175,0.0873625,8.73625
7.0%,0.07036741444444444,7.036741444444444,Nygaard2022,"TurbOPark, A=0.04",-72.0,-0.3,True,7.817416764053776,0.07036741444444444,7.036741444444444,8.6146125,0.08927083333333333,8.927083333333332
7.0%,0.07036741444444444,7.036741444444444,Nygaard2022,"TurbOPark, A=0.04",-48.0,-0.2,True,7.880731306476434,0.07036741444444444,7.036741444444444,8.585558333333333,0.090325,9.0325
7.0%,0.07036741444444444,7.036741444444444,Nygaard2022,"TurbOPark, A=0.04",-24.0,-0.1,True,7.903254972149064,0.07036741444444444,7.036741444444444,8.547408333333333,0.090725,9.0725
7.0%,0.07036741444444444,7.036741444444444,Nygaard2022,"TurbOPark, A=0.04",0.0,0.0,True,7.8876503353438885,0.07036741444444444,7.036741444444444,8.490391666666666,0.09129583333333333,9.129583333333333
7.0%,0.07036741444444444,7.036741444444444,Nygaard2022,"TurbOPark, A=0.04",24.0,0.1,True,7.845054405394074,0.07036741444444444,7.036741444444444,8.42035,0.09270833333333334,9.270833333333334
7.0%,0.07036741444444444,7.036741444444444,Nygaard2022,"TurbOPark, A=0.04",48.0,0.2,True,7.7828393770456445,0.07036741444444444,7.036741444444444,8.357645833333333,0.09502083333333333,9.502083333333333
7.0%,0.07036741444444444,7.036741444444444,Nygaard2022,"TurbOPark, A=0.04",72.0,0.3,True,7.695810365893158,0.07036741444444444,7.036741444444444,8.293270833333333,0.0969875,9.69875
7.0%,0.07036741444444444,7.036741444444444,Nygaard2022,"TurbOPark, A=0.04",96.0,0.4,True,7.5669602056798,0.07036741444444444,7.036741444444444,8.228158333333333,0.09714583333333332,9.714583333333332
7.0%,0.07036741444444444,7.036741444444444,Nygaard2022,"TurbOPark, A=0.04",120.0,0.5,True,7.3805849386327536,0.07036741444444444,7.036741444444444,8.160016666666667,0.0957375,9.57375
7.0%,0.07036741444444444,7.036741444444444,Nygaard2022,"TurbOPark, A=0.04",144.0,0.6,False,7.139948438390064,0.07036741444444444,7.036741444444444,8.090570833333333,0.09398333333333334,9.398333333333333
7.0%,0.07036741444444444,7.036741444444444,Nygaard2022,"TurbOPark, A=0.04",168.0,0.7,False,6.875218647866221,0.07036741444444444,7.036741444444444,8.024145833333334,0.09122916666666667,9.122916666666667
7.0%,0.07036741444444444,7.036741444444444,Nygaard2022,"TurbOPark, A=0.04",192.0,0.8,False,6.63550176385604,0.07036741444444444,7.036741444444444,7.965466666666666,0.08982499999999999,8.982499999999998
7.0%,0.07036741444444444,7.036741444444444,Nygaard2022,"TurbOPark, A=0.04",216.0,0.9,False,6.47276824921818,0.07036741444444444,7.036741444444444,7.918675,0.08953333333333333,8.953333333333333
7.0%,0.07036741444444444,7.036741444444444,Nygaard2022,"TurbOPark, A=0.04",240.0,1.0,False,6.426165582745071,0.07036741444444444,7.036741444444444,7.8838541666666675,0.08853333333333332,8.853333333333332
7.0%,0.07036741444444444,7.036741444444444,Nygaard2022,"TurbOPark, A=0.04",264.0,1.1,False,6.510753512493718,0.07036741444444444,7.036741444444444,7.8637250000000005,0.08767083333333334,8.767083333333334
7.0%,0.07036741444444444,7.036741444444444,Nygaard2022,"TurbOPark, A=0.04",288.0,1.2,False,6.71173286976207,0.07036741444444444,7.036741444444444,7.851566666666667,0.08664583333333334,8.664583333333335
7.0%,0.07036741444444444,7.036741444444444,Nygaard2022,"TurbOPark, A=0.04",312.0,1.3,False,6.984255838349155,0.07036741444444444,7.036741444444444,7.852762499999999,0.08663333333333334,8.663333333333334
7.0%,0.07036741444444444,7.036741444444444,Nygaard2022,"TurbOPark, A=0.04",336.0,1.4,False,7.259035604345516,0.07036741444444444,7.036741444444444,7.884874999999999,0.08827916666666666,8.827916666666665
7.0%,0.07036741444444444,7.036741444444444,Nygaard2022,"TurbOPark, A=0.04",360.0,1.5,False,7.458335873100101,0.07036741444444444,7.036741444444444,7.944770833333333,0.08952500000000001,8.9525
7.0%,0.07036741444444444,7.036741444444444,Nygaard2022_A0.06,"TurbOPark, A=0.06",-360.0,-1.5,False,7.785579772311425,0.07036741444444444,7.036741444444444,8.439920833333334,0.08762500000000001,8.762500000000001
7.0%,0.07036741444444444,7.036741444444444,Nygaard2022_A0.06,"TurbOPark, A=0.06",-336.0,-1.4,False,7.868310318479143,0.07036741444444444,7.036741444444444,8.491145833333334,0.08633333333333335,8.633333333333335
7.0%,0.07036741444444444,7.036741444444444,Nygaard2022_A0.06,"TurbOPark, A=0.06",-312.0,-1.3,False,7.9532296104930795,0.07036741444444444,7.036741444444444,8.524679166666667,0.083925,8.3925
7.0%,0.07036741444444444,7.036741444444444,Nygaard2022_A0.06,"TurbOPark, A=0.06",-288.0,-1.2,False,8.02343173997036,0.07036741444444444,7.036741444444444,8.551400000000001,0.08344166666666666,8.344166666666666
7.0%,0.07036741444444444,7.036741444444444,Nygaard2022_A0.06,"TurbOPark, A=0.06",-264.0,-1.1,False,8.068513863048024,0.07036741444444444,7.036741444444444,8.574958333333333,0.08355,8.355
7.0%,0.07036741444444444,7.036741444444444,Nygaard2022_A0.06,"TurbOPark, A=0.06",-240.0,-1.0,False,8.088068448770484,0.07036741444444444,7.036741444444444,8.5995125,0.08373333333333333,8.373333333333333
7.0%,0.07036741444444444,7.036741444444444,Nygaard2022_A0.06,"TurbOPark, A=0.06",-216.0,-0.9,False,8.090542117630754,0.07036741444444444,7.036741444444444,8.624008333333332,0.08451666666666666,8.451666666666666
7.0%,0.07036741444444444,7.036741444444444,Nygaard2022_A0.06,"TurbOPark, A=0.06",-192.0,-0.8,False,8.088181374371654,0.07036741444444444,7.036741444444444,8.636320833333334,0.08545,8.545
7.0%,0.07036741444444444,7.036741444444444,Nygaard2022_A0.06,"TurbOPark, A=0.06",-168.0,-0.7,False,8.091722566520604,0.07036741444444444,7.036741444444444,8.646829166666667,0.08553333333333334,8.553333333333333
7.0%,0.07036741444444444,7.036741444444444,Nygaard2022_A0.06,"TurbOPark, A=0.06",-144.0,-0.6,False,8.107345763710681,0.07036741444444444,7.036741444444444,8.650695833333334,0.08555,8.555
7.0%,0.07036741444444444,7.036741444444444,Nygaard2022_A0.06,"TurbOPark, A=0.06",-120.0,-0.5,True,8.136005528417963,0.07036741444444444,7.036741444444444,8.643766666666666,0.08602083333333334,8.602083333333335
7.0%,0.07036741444444444,7.036741444444444,Nygaard2022_A0.06,"TurbOPark, A=0.06",-96.0,-0.4,True,8.174269983771062,0.07036741444444444,7.036741444444444,8.636175,0.0873625,8.73625
7.0%,0.07036741444444444,7.036741444444444,Nygaard2022_A0.06,"TurbOPark, A=0.06",-72.0,-0.3,True,8.21590358796546,0.07036741444444444,7.036741444444444,8.6146125,0.08927083333333333,8.927083333333332
7.0%,0.07036741444444444,7.036741444444444,Nygaard2022_A0.06,"TurbOPark, A=0.06",-48.0,-0.2,True,8.253597240773384,0.07036741444444444,7.036741444444444,8.585558333333333,0.090325,9.0325
7.0%,0.07036741444444444,7.036741444444444,Nygaard2022_A0.06,"TurbOPark, A=0.06",-24.0,-0.1,True,8.280265981777925,0.07036741444444444,7.036741444444444,8.547408333333333,0.090725,9.0725
7.0%,0.07036741444444444,7.036741444444444,Nygaard2022_A0.06,"TurbOPark, A=0.06",0.0,0.0,True,8.289334152918373,0.07036741444444444,7.036741444444444,8.490391666666666,0.09129583333333333,9.129583333333333
7.0%,0.07036741444444444,7.036741444444444,Nygaard2022_A0.06,"TurbOPark, A=0.06",24.0,0.1,True,8.273938824153479,0.07036741444444444,7.036741444444444,8.42035,0.09270833333333334,9.270833333333334
7.0%,0.07036741444444444,7.036741444444444,Nygaard2022_A0.06,"TurbOPark, A=0.06",48.0,0.2,True,8.226269978864112,0.07036741444444444,7.036741444444444,8.357645833333333,0.09502083333333333,9.502083333333333
7.0%,0.07036741444444444,7.036741444444444,Nygaard2022_A0.06,"TurbOPark, A=0.06",72.0,0.3,True,8.138893570646859,0.07036741444444444,7.036741444444444,8.293270833333333,0.0969875,9.69875
7.0%,0.07036741444444444,7.036741444444444,Nygaard2022_A0.06,"TurbOPark, A=0.06",96.0,0.4,True,8.008796261065672,0.07036741444444444,7.036741444444444,8.228158333333333,0.09714583333333332,9.714583333333332
7.0%,0.07036741444444444,7.036741444444444,Nygaard2022_A0.06,"TurbOPark, A=0.06",120.0,0.5,True,7.841847137953146,0.07036741444444444,7.036741444444444,8.160016666666667,0.0957375,9.57375
7.0%,0.07036741444444444,7.036741444444444,Nygaard2022_A0.06,"TurbOPark, A=0.06",144.0,0.6,False,7.654170112725993,0.07036741444444444,7.036741444444444,8.090570833333333,0.09398333333333334,9.398333333333333
7.0%,0.07036741444444444,7.036741444444444,Nygaard2022_A0.06,"TurbOPark, A=0.06",168.0,0.7,False,7.469556356561263,0.07036741444444444,7.036741444444444,8.024145833333334,0.09122916666666667,9.122916666666667
7.0%,0.07036741444444444,7.036741444444444,Nygaard2022_A0.06,"TurbOPark, A=0.06",192.0,0.8,False,7.314543269693414,0.07036741444444444,7.036741444444444,7.965466666666666,0.08982499999999999,8.982499999999998
7.0%,0.07036741444444444,7.036741444444444,Nygaard2022_A0.06,"TurbOPark, A=0.06",216.0,0.9,False,7.212880668016496,0.07036741444444444,7.036741444444444,7.918675,0.08953333333333333,8.953333333333333
7.0%,0.07036741444444444,7.036741444444444,Nygaard2022_A0.06,"TurbOPark, A=0.06",240.0,1.0,False,7.180535956429162,0.07036741444444444,7.036741444444444,7.8838541666666675,0.08853333333333332,8.853333333333332
7.0%,0.07036741444444444,7.036741444444444,Nygaard2022_A0.06,"TurbOPark, A=0.06",264.0,1.1,False,7.222021220930929,0.07036741444444444,7.036741444444444,7.8637250000000005,0.08767083333333334,8.767083333333334
7.0%,0.07036741444444444,7.036741444444444,Nygaard2022_A0.06,"TurbOPark, A=0.06",288.0,1.2,False,7.3284250775734,0.07036741444444444,7.036741444444444,7.851566666666667,0.08664583333333334,8.664583333333335
7.0%,0.07036741444444444,7.036741444444444,Nygaard2022_A0.06,"TurbOPark, A=0.06",312.0,1.3,False,7.478018331546441,0.07036741444444444,7.036741444444444,7.852762499999999,0.08663333333333334,8.663333333333334
7.0%,0.07036741444444444,7.036741444444444,Nygaard2022_A0.06,"TurbOPark, A=0.06",336.0,1.4,False,7.639468274701614,0.07036741444444444,7.036741444444444,7.884874999999999,0.08827916666666666,8.827916666666665
7.0%,0.07036741444444444,7.036741444444444,Nygaard2022_A0.06,"TurbOPark, A=0.06",360.0,1.5,False,7.778715577276472,0.07036741444444444,7.036741444444444,7.944770833333333,0.08952500000000001,8.9525
7.7%,0.07653482888888888,7.653482888888888,BPA2014,BPA,-360.0,-1.5,False,8.648643276820101,0.12387963853666842,12.387963853666841,8.439920833333334,0.08762500000000001,8.762500000000001
7.7%,0.07653482888888888,7.653482888888888,BPA2014,BPA,-336.0,-1.4,False,8.697942782239782,0.12387963853666842,12.387963853666841,8.491145833333334,0.08633333333333335,8.633333333333335
7.7%,0.07653482888888888,7.653482888888888,BPA2014,BPA,-312.0,-1.3,False,8.735557046797412,0.12387963853666842,12.387963853666841,8.524679166666667,0.083925,8.3925
7.7%,0.07653482888888888,7.653482888888888,BPA2014,BPA,-288.0,-1.2,False,8.764129297228713,0.12387963853666842,12.387963853666841,8.551400000000001,0.08344166666666666,8.344166666666666
7.7%,0.07653482888888888,7.653482888888888,BPA2014,BPA,-264.0,-1.1,False,8.785739910362002,0.12387963853666842,12.387963853666841,8.574958333333333,0.08355,8.355
7.7%,0.07653482888888888,7.653482888888888,BPA2014,BPA,-240.0,-1.0,False,8.801800523154126,0.12387963853666842,12.387963853666841,8.5995125,0.08373333333333333,8.373333333333333
7.7%,0.07653482888888888,7.653482888888888,BPA2014,BPA,-216.0,-0.9,False,8.813068407555104,0.12387963853666842,12.387963853666841,8.624008333333332,0.08451666666666666,8.451666666666666
7.7%,0.07653482888888888,7.653482888888888,BPA2014,BPA,-192.0,-0.8,False,8.819738313463649,0.12387963853666842,12.387963853666841,8.636320833333334,0.08545,8.545
7.7%,0.07653482888888888,7.653482888888888,BPA2014,BPA,-168.0,-0.7,False,8.821575430612066,0.12387963853666842,12.387963853666841,8.646829166666667,0.08553333333333334,8.553333333333333
7.7%,0.07653482888888888,7.653482888888888,BPA2014,BPA,-144.0,-0.6,False,8.81806368371123,0.12387963853666842,12.387963853666841,8.650695833333334,0.08555,8.555
7.7%,0.07653482888888888,7.653482888888888,BPA2014,BPA,-120.0,-0.5,True,8.808553887796352,0.13762065473233492,13.762065473233493,8.643766666666666,0.08602083333333334,8.602083333333335
7.7%,0.07653482888888888,7.653482888888888,BPA2014,BPA,-96.0,-0.4,True,8.792403864411053,0.13762065473233492,13.762065473233493,8.636175,0.0873625,8.73625
7.7%,0.07653482888888888,7.653482888888888,BPA2014,BPA,-72.0,-0.3,True,8.769106709352853,0.13762065473233492,13.762065473233493,8.6146125,0.08927083333333333,8.927083333333332
7.7%,0.07653482888888888,7.653482888888888,BPA2014,BPA,-48.0,-0.2,True,8.738404479867944,0.13762065473233492,13.762065473233493,8.585558333333333,0.090325,9.0325
7.7%,0.07653482888888888,7.653482888888888,BPA2014,BPA,-24.0,-0.1,True,8.700383722912663,0.13762065473233492,13.762065473233493,8.547408333333333,0.090725,9.0725
7.7%,0.07653482888888888,7.653482888888888,BPA2014,BPA,0.0,0.0,True,8.655547727237618,0.13762065473233492,13.762065473233493,8.490391666666666,0.09129583333333333,9.129583333333333
7.7%,0.07653482888888888,7.653482888888888,BPA2014,BPA,24.0,0.1,True,8.604859220320465,0.13762065473233492,13.762065473233493,8.42035,0.09270833333333334,9.270833333333334
7.7%,0.07653482888888888,7.653482888888888,BPA2014,BPA,48.0,0.2,True,8.549747201871739,0.13762065473233492,13.762065473233493,8.357645833333333,0.09502083333333333,9.502083333333333
7.7%,0.07653482888888888,7.653482888888888,BPA2014,BPA,72.0,0.3,True,8.492073093313873,0.13762065473233492,13.762065473233493,8.293270833333333,0.0969875,9.69875
7.7%,0.07653482888888888,7.653482888888888,BPA2014,BPA,96.0,0.4,True,8.434054399352686,0.13762065473233492,13.762065473233493,8.228158333333333,0.09714583333333332,9.714583333333332
7.7%,0.07653482888888888,7.653482888888888,BPA2014,BPA,120.0,0.5,True,8.378148295809822,0.13762065473233492,13.762065473233493,8.160016666666667,0.0957375,9.57375
7.7%,0.07653482888888888,7.653482888888888,BPA2014,BPA,144.0,0.6,False,8.3269023742409,0.13762065473233492,13.762065473233493,8.090570833333333,0.09398333333333334,9.398333333333333
7.7%,0.07653482888888888,7.653482888888888,BPA2014,BPA,168.0,0.7,False,8.282784409260918,0.13762065473233492,13.762065473233493,8.024145833333334,0.09122916666666667,9.122916666666667
7.7%,0.07653482888888888,7.653482888888888,BPA2014,BPA,192.0,0.8,False,8.248006644342915,0.13762065473233492,13.762065473233493,7.965466666666666,0.08982499999999999,8.982499999999998
7.7%,0.07653482888888888,7.653482888888888,BPA2014,BPA,216.0,0.9,False,8.224361994949216,0.13762065473233492,13.762065473233493,7.918675,0.08953333333333333,8.953333333333333
7.7%,0.07653482888888888,7.653482888888888,BPA2014,BPA,240.0,1.0,False,8.213089268227014,0.13762065473233492,13.762065473233493,7.8838541666666675,0.08853333333333332,8.853333333333332
7.7%,0.07653482888888888,7.653482888888888,BPA2014,BPA,264.0,1.1,False,8.214781870722026,0.13762065473233492,13.762065473233493,7.8637250000000005,0.08767083333333334,8.767083333333334
7.7%,0.07653482888888888,7.653482888888888,BPA2014,BPA,288.0,1.2,False,8.229349787055293,0.13762065473233492,13.762065473233493,7.851566666666667,0.08664583333333334,8.664583333333335
7.7%,0.07653482888888888,7.653482888888888,BPA2014,BPA,312.0,1.3,False,8.256038486975228,0.13762065473233492,13.762065473233493,7.852762499999999,0.08663333333333334,8.663333333333334
7.7%,0.07653482888888888,7.653482888888888,BPA2014,BPA,336.0,1.4,False,8.293501719077103,0.13762065473233492,13.762065473233493,7.884874999999999,0.08827916666666666,8.827916666666665
7.7%,0.07653482888888888,7.653482888888888,BPA2014,BPA,360.0,1.5,False,8.339918796613308,0.13762065473233492,13.762065473233493,7.944770833333333,0.08952500000000001,8.9525
7.7%,0.07653482888888888,7.653482888888888,NPA2016,NPA,-360.0,-1.5,False,8.783374312473569,0.13710125746195367,13.710125746195367,8.439920833333334,0.08762500000000001,8.762500000000001
7.7%,0.07653482888888888,7.653482888888888,NPA2016,NPA,-336.0,-1.4,False,8.825597163228176,0.13710125746195367,13.710125746195367,8.491145833333334,0.08633333333333335,8.633333333333335
7.7%,0.07653482888888888,7.653482888888888,NPA2016,NPA,-312.0,-1.3,False,8.859396050502445,0.11195221426505751,11.195221426505752,8.524679166666667,0.083925,8.3925
7.7%,0.07653482888888888,7.653482888888888,NPA2016,NPA,-288.0,-1.2,False,8.885147231365954,0.11195221426505751,11.195221426505752,8.551400000000001,0.08344166666666666,8.344166666666666
7.7%,0.07653482888888888,7.653482888888888,NPA2016,NPA,-264.0,-1.1,False,8.90343522963866,0.11195221426505751,11.195221426505752,8.574958333333333,0.08355,8.355
7.7%,0.07653482888888888,7.653482888888888,NPA2016,NPA,-240.0,-1.0,False,8.914984984318465,0.12272317099143022,12.272317099143022,8.5995125,0.08373333333333333,8.373333333333333
7.7%,0.07653482888888888,7.653482888888888,NPA2016,NPA,-216.0,-0.9,False,8.92055712324577,0.12272317099143022,12.272317099143022,8.624008333333332,0.08451666666666666,8.451666666666666
7.7%,0.07653482888888888,7.653482888888888,NPA2016,NPA,-192.0,-0.8,False,8.920904667327633,0.12272317099143022,12.272317099143022,8.636320833333334,0.08545,8.545
7.7%,0.07653482888888888,7.653482888888888,NPA2016,NPA,-168.0,-0.7,False,8.916738800244055,0.12272317099143022,12.272317099143022,8.646829166666667,0.08553333333333334,8.553333333333333
7.7%,0.07653482888888888,7.653482888888888,NPA2016,NPA,-144.0,-0.6,False,8.908700964819399,0.12272317099143022,12.272317099143022,8.650695833333334,0.08555,8.555
7.7%,0.07653482888888888,7.653482888888888,NPA2016,NPA,-120.0,-0.5,True,8.89738478319129,0.12272317099143022,12.272317099143022,8.643766666666666,0.08602083333333334,8.602083333333335
7.7%,0.07653482888888888,7.653482888888888,NPA2016,NPA,-96.0,-0.4,True,8.883315372511548,0.12272317099143022,12.272317099143022,8.636175,0.0873625,8.73625
7.7%,0.07653482888888888,7.653482888888888,NPA2016,NPA,-72.0,-0.3,True,8.867001516421848,0.12272317099143022,12.272317099143022,8.6146125,0.08927083333333333,8.927083333333332
7.7%,0.07653482888888888,7.653482888888888,NPA2016,NPA,-48.0,-0.2,True,8.848916996224942,0.12272317099143022,12.272317099143022,8.585558333333333,0.090325,9.0325
7.7%,0.07653482888888888,7.653482888888888,NPA2016,NPA,-24.0,-0.1,True,8.829541807978591,0.12272317099143022,12.272317099143022,8.547408333333333,0.090725,9.0725
7.7%,0.07653482888888888,7.653482888888888,NPA2016,NPA,0.0,0.0,True,8.809357891523597,0.12272317099143022,12.272317099143022,8.490391666666666,0.09129583333333333,9.129583333333333
7.7%,0.07653482888888888,7.653482888888888,NPA2016,NPA,24.0,0.1,True,8.788865539814976,0.12272317099143022,12.272317099143022,8.42035,0.09270833333333334,9.270833333333334
7.7%,0.07653482888888888,7.653482888888888,NPA2016,NPA,48.0,0.2,True,8.768566481322706,0.12272317099143022,12.272317099143022,8.357645833333333,0.09502083333333333,9.502083333333333
7.7%,0.07653482888888888,7.653482888888888,NPA2016,NPA,72.0,0.3,True,8.74898748681445,0.12272317099143022,12.272317099143022,8.293270833333333,0.0969875,9.69875
7.7%,0.07653482888888888,7.653482888888888,NPA2016,NPA,96.0,0.4,True,8.730630213441243,0.12272317099143022,12.272317099143022,8.228158333333333,0.09714583333333332,9.714583333333332
7.7%,0.07653482888888888,7.653482888888888,NPA2016,NPA,120.0,0.5,True,8.713996134470225,0.12272317099143022,12.272317099143022,8.160016666666667,0.0957375,9.57375
7.7%,0.07653482888888888,7.653482888888888,NPA2016,NPA,144.0,0.6,False,8.699542422190635,0.12272317099143022,12.272317099143022,8.090570833333333,0.09398333333333334,9.398333333333333
7.7%,0.07653482888888888,7.653482888888888,NPA2016,NPA,168.0,0.7,False,8.687677754710585,0.12272317099143022,12.272317099143022,8.024145833333334,0.09122916666666667,9.122916666666667
7.7%,0.07653482888888888,7.653482888888888,NPA2016,NPA,192.0,0.8,False,8.678748057781076,0.12272317099143022,12.272317099143022,7.965466666666666,0.08982499999999999,8.982499999999998
7.7%,0.07653482888888888,7.653482888888888,NPA2016,NPA,216.0,0.9,False,8.673007016006174,0.12272317099143022,12.272317099143022,7.918675,0.08953333333333333,8.953333333333333
7.7%,0.07653482888888888,7.653482888888888,NPA2016,NPA,240.0,1.0,False,8.670634221606273,0.12272317099143022,12.272317099143022,7.8838541666666675,0.08853333333333332,8.853333333333332
7.7%,0.07653482888888888,7.653482888888888,NPA2016,NPA,264.0,1.1,False,8.671679349671093,0.12272317099143022,12.272317099143022,7.8637250000000005,0.08767083333333334,8.767083333333334
7.7%,0.07653482888888888,7.653482888888888,NPA2016,NPA,288.0,1.2,False,8.676112587082269,0.12272317099143022,12.272317099143022,7.851566666666667,0.08664583333333334,8.664583333333335
7.7%,0.07653482888888888,7.653482888888888,NPA2016,NPA,312.0,1.3,False,8.68378268765093,0.12272317099143022,12.272317099143022,7.852762499999999,0.08663333333333334,8.663333333333334
7.7%,0.07653482888888888,7.653482888888888,NPA2016,NPA,336.0,1.4,False,8.694433269223062,0.12272317099143022,12.272317099143022,7.884874999999999,0.08827916666666666,8.827916666666665
7.7%,0.07653482888888888,7.653482888888888,NPA2016,NPA,360.0,1.5,False,8.707712333138412,0.12272317099143022,12.272317099143022,7.944770833333333,0.08952500000000001,8.9525
7.7%,0.07653482888888888,7.653482888888888,Nygaard2022,"TurbOPark, A=0.04",-360.0,-1.5,False,7.269421136209292,0.07653482888888888,7.653482888888888,8.439920833333334,0.08762500000000001,8.762500000000001
7.7%,0.07653482888888888,7.653482888888888,Nygaard2022,"TurbOPark, A=0.04",-336.0,-1.4,False,7.440805639485417,0.07653482888888888,7.653482888888888,8.491145833333334,0.08633333333333335,8.633333333333335
7.7%,0.07653482888888888,7.653482888888888,Nygaard2022,"TurbOPark, A=0.04",-312.0,-1.3,False,7.597382070745392,0.07653482888888888,7.653482888888888,8.524679166666667,0.083925,8.3925
7.7%,0.07653482888888888,7.653482888888888,Nygaard2022,"TurbOPark, A=0.04",-288.0,-1.2,False,7.69674197597767,0.07653482888888888,7.653482888888888,8.551400000000001,0.08344166666666666,8.344166666666666
7.7%,0.07653482888888888,7.653482888888888,Nygaard2022,"TurbOPark, A=0.04",-264.0,-1.1,False,7.720759941055833,0.07653482888888888,7.653482888888888,8.574958333333333,0.08355,8.355
7.7%,0.07653482888888888,7.653482888888888,Nygaard2022,"TurbOPark, A=0.04",-240.0,-1.0,False,7.685208232705047,0.07653482888888888,7.653482888888888,8.5995125,0.08373333333333333,8.373333333333333
7.7%,0.07653482888888888,7.653482888888888,Nygaard2022,"TurbOPark, A=0.04",-216.0,-0.9,False,7.626780194758608,0.07653482888888888,7.653482888888888,8.624008333333332,0.08451666666666666,8.451666666666666
7.7%,0.07653482888888888,7.653482888888888,Nygaard2022,"TurbOPark, A=0.04",-192.0,-0.8,False,7.581590160344795,0.07653482888888888,7.653482888888888,8.636320833333334,0.08545,8.545
7.7%,0.07653482888888888,7.653482888888888,Nygaard2022,"TurbOPark, A=0.04",-168.0,-0.7,False,7.5726296316994945,0.07653482888888888,7.653482888888888,8.646829166666667,0.08553333333333334,8.553333333333333
7.7%,0.07653482888888888,7.653482888888888,Nygaard2022,"TurbOPark, A=0.04",-144.0,-0.6,False,7.607140997134296,0.07653482888888888,7.653482888888888,8.650695833333334,0.08555,8.555
7.7%,0.07653482888888888,7.653482888888888,Nygaard2022,"TurbOPark, A=0.04",-120.0,-0.5,True,7.678356072167881,0.07653482888888888,7.653482888888888,8.643766666666666,0.08602083333333334,8.602083333333335
7.7%,0.07653482888888888,7.653482888888888,Nygaard2022,"TurbOPark, A=0.04",-96.0,-0.4,True,7.768960134677253,0.07653482888888888,7.653482888888888,8.636175,0.0873625,8.73625
7.7%,0.07653482888888888,7.653482888888888,Nygaard2022,"TurbOPark, A=0.04",-72.0,-0.3,True,7.856195469034974,0.07653482888888888,7.653482888888888,8.6146125,0.08927083333333333,8.927083333333332
7.7%,0.07653482888888888,7.653482888888888,Nygaard2022,"TurbOPark, A=0.04",-48.0,-0.2,True,7.919038349323126,0.07653482888888888,7.653482888888888,8.585558333333333,0.090325,9.0325
7.7%,0.07653482888888888,7.653482888888888,Nygaard2022,"TurbOPark, A=0.04",-24.0,-0.1,True,7.945819827947942,0.07653482888888888,7.653482888888888,8.547408333333333,0.090725,9.0725
7.7%,0.07653482888888888,7.653482888888888,Nygaard2022,"TurbOPark, A=0.04",0.0,0.0,True,7.937335135614598,0.07653482888888888,7.653482888888888,8.490391666666666,0.09129583333333333,9.129583333333333
7.7%,0.07653482888888888,7.653482888888888,Nygaard2022,"TurbOPark, A=0.04",24.0,0.1,True,7.901499181217169,0.07653482888888888,7.653482888888888,8.42035,0.09270833333333334,9.270833333333334
7.7%,0.07653482888888888,7.653482888888888,Nygaard2022,"TurbOPark, A=0.04",48.0,0.2,True,7.842801190740005,0.07653482888888888,7.653482888888888,8.357645833333333,0.09502083333333333,9.502083333333333
7.7%,0.07653482888888888,7.653482888888888,Nygaard2022,"TurbOPark, A=0.04",72.0,0.3,True,7.754417154124994,0.07653482888888888,7.653482888888888,8.293270833333333,0.0969875,9.69875
7.7%,0.07653482888888888,7.653482888888888,Nygaard2022,"TurbOPark, A=0.04",96.0,0.4,True,7.619841020321075,0.07653482888888888,7.653482888888888,8.228158333333333,0.09714583333333332,9.714583333333332
7.7%,0.07653482888888888,7.653482888888888,Nygaard2022,"TurbOPark, A=0.04",120.0,0.5,True,7.4258584597828,0.07653482888888888,7.653482888888888,8.160016666666667,0.0957375,9.57375
7.7%,0.07653482888888888,7.653482888888888,Nygaard2022,"TurbOPark, A=0.04",144.0,0.6,False,7.178815434123299,0.07653482888888888,7.653482888888888,8.090570833333333,0.09398333333333334,9.398333333333333
7.7%,0.07653482888888888,7.653482888888888,Nygaard2022,"TurbOPark, A=0.04",168.0,0.7,False,6.9104746376778206,0.07653482888888888,7.653482888888888,8.024145833333334,0.09122916666666667,9.122916666666667
7.7%,0.07653482888888888,7.653482888888888,Nygaard2022,"TurbOPark, A=0.04",192.0,0.8,False,6.669531611635324,0.07653482888888888,7.653482888888888,7.965466666666666,0.08982499999999999,8.982499999999998
7.7%,0.07653482888888888,7.653482888888888,Nygaard2022,"TurbOPark, A=0.04",216.0,0.9,False,6.506375699059451,0.07653482888888888,7.653482888888888,7.918675,0.08953333333333333,8.953333333333333
7.7%,0.07653482888888888,7.653482888888888,Nygaard2022,"TurbOPark, A=0.04",240.0,1.0,False,6.458560671183746,0.07653482888888888,7.653482888888888,7.8838541666666675,0.08853333333333332,8.853333333333332
7.7%,0.07653482888888888,7.653482888888888,Nygaard2022,"TurbOPark, A=0.04",264.0,1.1,False,6.540161753433601,0.07653482888888888,7.653482888888888,7.8637250000000005,0.08767083333333334,8.767083333333334
7.7%,0.07653482888888888,7.653482888888888,Nygaard2022,"TurbOPark, A=0.04",288.0,1.2,False,6.73639482438756,0.07653482888888888,7.653482888888888,7.851566666666667,0.08664583333333334,8.664583333333335
7.7%,0.07653482888888888,7.653482888888888,Nygaard2022,"TurbOPark, A=0.04",312.0,1.3,False,7.003584579811281,0.07653482888888888,7.653482888888888,7.852762499999999,0.08663333333333334,8.663333333333334
7.7%,0.07653482888888888,7.653482888888888,Nygaard2022,"TurbOPark, A=0.04",336.0,1.4,False,7.274760820042199,0.07653482888888888,7.653482888888888,7.884874999999999,0.08827916666666666,8.827916666666665
7.7%,0.07653482888888888,7.653482888888888,Nygaard2022,"TurbOPark, A=0.04",360.0,1.5,False,7.475020688044401,0.07653482888888888,7.653482888888888,7.944770833333333,0.08952500000000001,8.9525
7.7%,0.07653482888888888,7.653482888888888,Nygaard2022_A0.06,"TurbOPark, A=0.06",-360.0,-1.5,False,7.8201449165219135,0.07653482888888888,7.653482888888888,8.439920833333334,0.08762500000000001,8.762500000000001
7.7%,0.07653482888888888,7.653482888888888,Nygaard2022_A0.06,"TurbOPark, A=0.06",-336.0,-1.4,False,7.899450008587023,0.07653482888888888,7.653482888888888,8.491145833333334,0.08633333333333335,8.633333333333335
7.7%,0.07653482888888888,7.653482888888888,Nygaard2022_A0.06,"TurbOPark, A=0.06",-312.0,-1.3,False,7.98217438147947,0.07653482888888888,7.653482888888888,8.524679166666667,0.083925,8.3925
7.7%,0.07653482888888888,7.653482888888888,Nygaard2022_A0.06,"TurbOPark, A=0.06",-288.0,-1.2,False,8.052539481694565,0.07653482888888888,7.653482888888888,8.551400000000001,0.08344166666666666,8.344166666666666
7.7%,0.07653482888888888,7.653482888888888,Nygaard2022_A0.06,"TurbOPark, A=0.06",-264.0,-1.1,False,8.100378670709299,0.07653482888888888,7.653482888888888,8.574958333333333,0.08355,8.355
7.7%,0.07653482888888888,7.653482888888888,Nygaard2022_A0.06,"TurbOPark, A=0.06",-240.0,-1.0,False,8.124418750406832,0.07653482888888888,7.653482888888888,8.5995125,0.08373333333333333,8.373333333333333
7.7%,0.07653482888888888,7.653482888888888,Nygaard2022_A0.06,"TurbOPark, A=0.06",-216.0,-0.9,False,8.13157390067835,0.07653482888888888,7.653482888888888,8.624008333333332,0.08451666666666666,8.451666666666666
7.7%,0.07653482888888888,7.653482888888888,Nygaard2022_A0.06,"TurbOPark, A=0.06",-192.0,-0.8,False,8.132704144337232,0.07653482888888888,7.653482888888888,8.636320833333334,0.08545,8.545
7.7%,0.07653482888888888,7.653482888888888,Nygaard2022_A0.06,"TurbOPark, A=0.06",-168.0,-0.7,False,8.137794593734167,0.07653482888888888,7.653482888888888,8.646829166666667,0.08553333333333334,8.553333333333333
7.7%,0.07653482888888888,7.653482888888888,Nygaard2022_A0.06,"TurbOPark, A=0.06",-144.0,-0.6,False,8.152948468927852,0.07653482888888888,7.653482888888888,8.650695833333334,0.08555,8.555
7.7%,0.07653482888888888,7.653482888888888,Nygaard2022_A0.06,"TurbOPark, A=0.06",-120.0,-0.5,True,8.179644566483196,0.07653482888888888,7.653482888888888,8.643766666666666,0.08602083333333334,8.602083333333335
7.7%,0.07653482888888888,7.653482888888888,Nygaard2022_A0.06,"TurbOPark, A=0.06",-96.0,-0.4,True,8.215362271079261,0.07653482888888888,7.653482888888888,8.636175,0.0873625,8.73625
7.7%,0.07653482888888888,7.653482888888888,Nygaard2022_A0.06,"TurbOPark, A=0.06",-72.0,-0.3,True,8.254818715565824,0.07653482888888888,7.653482888888888,8.6146125,0.08927083333333333,8.927083333333332
7.7%,0.07653482888888888,7.653482888888888,Nygaard2022_A0.06,"TurbOPark, A=0.06",-48.0,-0.2,True,8.291462591482112,0.07653482888888888,7.653482888888888,8.585558333333333,0.090325,9.0325
7.7%,0.07653482888888888,7.653482888888888,Nygaard2022_A0.06,"TurbOPark, A=0.06",-24.0,-0.1,True,8.31842614466973,0.07653482888888888,7.653482888888888,8.547408333333333,0.090725,9.0725
7.7%,0.07653482888888888,7.653482888888888,Nygaard2022_A0.06,"TurbOPark, A=0.06",0.0,0.0,True,8.32864012728917,0.07653482888888888,7.653482888888888,8.490391666666666,0.09129583333333333,9.129583333333333
7.7%,0.07653482888888888,7.653482888888888,Nygaard2022_A0.06,"TurbOPark, A=0.06",24.0,0.1,True,8.314254407193197,0.07653482888888888,7.653482888888888,8.42035,0.09270833333333334,9.270833333333334
7.7%,0.07653482888888888,7.653482888888888,Nygaard2022_A0.06,"TurbOPark, A=0.06",48.0,0.2,True,8.266455433775,0.07653482888888888,7.653482888888888,8.357645833333333,0.09502083333333333,9.502083333333333
7.7%,0.07653482888888888,7.653482888888888,Nygaard2022_A0.06,"TurbOPark, A=0.06",72.0,0.3,True,8.177476346994162,0.07653482888888888,7.653482888888888,8.293270833333333,0.0969875,9.69875
7.7%,0.07653482888888888,7.653482888888888,Nygaard2022_A0.06,"TurbOPark, A=0.06",96.0,0.4,True,8.044929135109488,0.07653482888888888,7.653482888888888,8.228158333333333,0.09714583333333332,9.714583333333332
7.7%,0.07653482888888888,7.653482888888888,Nygaard2022_A0.06,"TurbOPark, A=0.06",120.0,0.5,True,7.875747681887854,0.07653482888888888,7.653482888888888,8.160016666666667,0.0957375,9.57375
7.7%,0.07653482888888888,7.653482888888888,Nygaard2022_A0.06,"TurbOPark, A=0.06",144.0,0.6,False,7.686792707083427,0.07653482888888888,7.653482888888888,8.090570833333333,0.09398333333333334,9.398333333333333
7.7%,0.07653482888888888,7.653482888888888,Nygaard2022_A0.06,"TurbOPark, A=0.06",168.0,0.7,False,7.501890302959575,0.07653482888888888,7.653482888888888,8.024145833333334,0.09122916666666667,9.122916666666667
7.7%,0.07653482888888888,7.653482888888888,Nygaard2022_A0.06,"TurbOPark, A=0.06",192.0,0.8,False,7.347014215602211,0.07653482888888888,7.653482888888888,7.965466666666666,0.08982499999999999,8.982499999999998
7.7%,0.07653482888888888,7.653482888888888,Nygaard2022_A0.06,"TurbOPark, A=0.06",216.0,0.9,False,7.245122357100466,0.07653482888888888,7.653482888888888,7.918675,0.08953333333333333,8.953333333333333
7.7%,0.07653482888888888,7.653482888888888,Nygaard2022_A0.06,"TurbOPark, A=0.06",240.0,1.0,False,7.2115246622647735,0.07653482888888888,7.653482888888888,7.8838541666666675,0.08853333333333332,8.853333333333332
7.7%,0.07653482888888888,7.653482888888888,Nygaard2022_A0.06,"TurbOPark, A=0.06",264.0,1.1,False,7.2504374488054,0.07653482888888888,7.653482888888888,7.8637250000000005,0.08767083333333334,8.767083333333334
7.7%,0.07653482888888888,7.653482888888888,Nygaard2022_A0.06,"TurbOPark, A=0.06",288.0,1.2,False,7.353274747055499,0.07653482888888888,7.653482888888888,7.851566666666667,0.08664583333333334,8.664583333333335
7.7%,0.07653482888888888,7.653482888888888,Nygaard2022_A0.06,"TurbOPark, A=0.06",312.0,1.3,False,7.499216640849893,0.07653482888888888,7.653482888888888,7.852762499999999,0.08663333333333334,8.663333333333334
7.7%,0.07653482888888888,7.653482888888888,Nygaard2022_A0.06,"TurbOPark, A=0.06",336.0,1.4,False,7.658306080909353,0.07653482888888888,7.653482888888888,7.884874999999999,0.08827916666666666,8.827916666666665
7.7%,0.07653482888888888,7.653482888888888,Nygaard2022_A0.06,"TurbOPark, A=0.06",360.0,1.5,False,7.7979068677022765,0.07653482888888888,7.653482888888888,7.944770833333333,0.08952500000000001,8.9525
8.3%,0.08270224333333333,8.270224333333333,BPA2014,BPA,-360.0,-1.5,False,8.648643276820101,0.12759532440811247,12.759532440811247,8.439920833333334,0.08762500000000001,8.762500000000001
8.3%,0.08270224333333333,8.270224333333333,BPA2014,BPA,-336.0,-1.4,False,8.697942782239782,0.12759532440811247,12.759532440811247,8.491145833333334,0.08633333333333335,8.633333333333335
8.3%,0.08270224333333333,8.270224333333333,BPA2014,BPA,-312.0,-1.3,False,8.735557046797412,0.12759532440811247,12.759532440811247,8.524679166666667,0.083925,8.3925
8.3%,0.08270224333333333,8.270224333333333,BPA2014,BPA,-288.0,-1.2,False,8.764129297228713,0.12759532440811247,12.759532440811247,8.551400000000001,0.08344166666666666,8.344166666666666
8.3%,0.08270224333333333,8.270224333333333,BPA2014,BPA,-264.0,-1.1,False,8.785739910362002,0.12759532440811247,12.759532440811247,8.574958333333333,0.08355,8.355
8.3%,0.08270224333333333,8.270224333333333,BPA2014,BPA,-240.0,-1.0,False,8.801800523154126,0.12759532440811247,12.759532440811247,8.5995125,0.08373333333333333,8.373333333333333
8.3%,0.08270224333333333,8.270224333333333,BPA2014,BPA,-216.0,-0.9,False,8.813068407555104,0.12759532440811247,12.759532440811247,8.624008333333332,0.08451666666666666,8.451666666666666
8.3%,0.08270224333333333,8.270224333333333,BPA2014,BPA,-192.0,-0.8,False,8.819738313463649,0.12759532440811247,12.759532440811247,8.636320833333334,0.08545,8.545
8.3%,0.08270224333333333,8.270224333333333,BPA2014,BPA,-168.0,-0.7,False,8.821575430612066,0.12759532440811247,12.759532440811247,8.646829166666667,0.08553333333333334,8.553333333333333
8.3%,0.08270224333333333,8.270224333333333,BPA2014,BPA,-144.0,-0.6,False,8.81806368371123,0.12759532440811247,12.759532440811247,8.650695833333334,0.08555,8.555
8.3%,0.08270224333333333,8.270224333333333,BPA2014,BPA,-120.0,-0.5,True,8.808553887796352,0.1409105771626477,14.091057716264771,8.643766666666666,0.08602083333333334,8.602083333333335
8.3%,0.08270224333333333,8.270224333333333,BPA2014,BPA,-96.0,-0.4,True,8.792403864411053,0.1409105771626477,14.091057716264771,8.636175,0.0873625,8.73625
8.3%,0.08270224333333333,8.270224333333333,BPA2014,BPA,-72.0,-0.3,True,8.769106709352853,0.1409105771626477,14.091057716264771,8.6146125,0.08927083333333333,8.927083333333332
8.3%,0.08270224333333333,8.270224333333333,BPA2014,BPA,-48.0,-0.2,True,8.738404479867944,0.1409105771626477,14.091057716264771,8.585558333333333,0.090325,9.0325
8.3%,0.08270224333333333,8.270224333333333,BPA2014,BPA,-24.0,-0.1,True,8.700383722912663,0.1409105771626477,14.091057716264771,8.547408333333333,0.090725,9.0725
8.3%,0.08270224333333333,8.270224333333333,BPA2014,BPA,0.0,0.0,True,8.655547727237618,0.1409105771626477,14.091057716264771,8.490391666666666,0.09129583333333333,9.129583333333333
8.3%,0.08270224333333333,8.270224333333333,BPA2014,BPA,24.0,0.1,True,8.604859220320465,0.1409105771626477,14.091057716264771,8.42035,0.09270833333333334,9.270833333333334
8.3%,0.08270224333333333,8.270224333333333,BPA2014,BPA,48.0,0.2,True,8.549747201871739,0.1409105771626477,14.091057716264771,8.357645833333333,0.09502083333333333,9.502083333333333
8.3%,0.08270224333333333,8.270224333333333,BPA2014,BPA,72.0,0.3,True,8.492073093313873,0.1409105771626477,14.091057716264771,8.293270833333333,0.0969875,9.69875
8.3%,0.08270224333333333,8.270224333333333,BPA2014,BPA,96.0,0.4,True,8.434054399352686,0.1409105771626477,14.091057716264771,8.228158333333333,0.09714583333333332,9.714583333333332
8.3%,0.08270224333333333,8.270224333333333,BPA2014,BPA,120.0,0.5,True,8.378148295809822,0.1409105771626477,14.091057716264771,8.160016666666667,0.0957375,9.57375
8.3%,0.08270224333333333,8.270224333333333,BPA2014,BPA,144.0,0.6,False,8.3269023742409,0.1409105771626477,14.091057716264771,8.090570833333333,0.09398333333333334,9.398333333333333
8.3%,0.08270224333333333,8.270224333333333,BPA2014,BPA,168.0,0.7,False,8.282784409260918,0.1409105771626477,14.091057716264771,8.024145833333334,0.09122916666666667,9.122916666666667
8.3%,0.08270224333333333,8.270224333333333,BPA2014,BPA,192.0,0.8,False,8.248006644342915,0.1409105771626477,14.091057716264771,7.965466666666666,0.08982499999999999,8.982499999999998
8.3%,0.08270224333333333,8.270224333333333,BPA2014,BPA,216.0,0.9,False,8.224361994949216,0.1409105771626477,14.091057716264771,7.918675,0.08953333333333333,8.953333333333333
8.3%,0.08270224333333333,8.270224333333333,BPA2014,BPA,240.0,1.0,False,8.213089268227014,0.1409105771626477,14.091057716264771,7.8838541666666675,0.08853333333333332,8.853333333333332
8.3%,0.08270224333333333,8.270224333333333,BPA2014,BPA,264.0,1.1,False,8.214781870722026,0.1409105771626477,14.091057716264771,7.8637250000000005,0.08767083333333334,8.767083333333334
8.3%,0.08270224333333333,8.270224333333333,BPA2014,BPA,288.0,1.2,False,8.229349787055293,0.1409105771626477,14.091057716264771,7.851566666666667,0.08664583333333334,8.664583333333335
8.3%,0.08270224333333333,8.270224333333333,BPA2014,BPA,312.0,1.3,False,8.256038486975228,0.1409105771626477,14.091057716264771,7.852762499999999,0.08663333333333334,8.663333333333334
8.3%,0.08270224333333333,8.270224333333333,BPA2014,BPA,336.0,1.4,False,8.293501719077103,0.1409105771626477,14.091057716264771,7.884874999999999,0.08827916666666666,8.827916666666665
8.3%,0.08270224333333333,8.270224333333333,BPA2014,BPA,360.0,1.5,False,8.339918796613308,0.1409105771626477,14.091057716264771,7.944770833333333,0.08952500000000001,8.9525
8.3%,0.08270224333333333,8.270224333333333,NPA2016,NPA,-360.0,-1.5,False,8.796036472504278,0.14086705505919794,14.086705505919795,8.439920833333334,0.08762500000000001,8.762500000000001
8.3%,0.08270224333333333,8.270224333333333,NPA2016,NPA,-336.0,-1.4,False,8.836958763358368,0.14086705505919794,14.086705505919795,8.491145833333334,0.08633333333333335,8.633333333333335
8.3%,0.08270224333333333,8.270224333333333,NPA2016,NPA,-312.0,-1.3,False,8.869967541392418,0.14086705505919794,14.086705505919795,8.524679166666667,0.083925,8.3925
8.3%,0.08270224333333333,8.270224333333333,NPA2016,NPA,-288.0,-1.2,False,8.895330027107722,0.1164003457464797,11.64003457464797,8.551400000000001,0.08344166666666666,8.344166666666666
8.3%,0.08270224333333333,8.270224333333333,NPA2016,NPA,-264.0,-1.1,False,8.913546715031817,0.1268427271498634,12.684272714986339,8.574958333333333,0.08355,8.355
8.3%,0.08270224333333333,8.270224333333333,NPA2016,NPA,-240.0,-1.0,False,8.925257290390308,0.1268427271498634,12.684272714986339,8.5995125,0.08373333333333333,8.373333333333333
8.3%,0.08270224333333333,8.270224333333333,NPA2016,NPA,-216.0,-0.9,False,8.93117027758205,0.1268427271498634,12.684272714986339,8.624008333333332,0.08451666666666666,8.451666666666666
8.3%,0.08270224333333333,8.270224333333333,NPA2016,NPA,-192.0,-0.8,False,8.932000392150806,0.1268427271498634,12.684272714986339,8.636320833333334,0.08545,8.545
8.3%,0.08270224333333333,8.270224333333333,NPA2016,NPA,-168.0,-0.7,False,8.928440783325703,0.1268427271498634,12.684272714986339,8.646829166666667,0.08553333333333334,8.553333333333333
8.3%,0.08270224333333333,8.270224333333333,NPA2016,NPA,-144.0,-0.6,False,8.921145395708729,0.1268427271498634,12.684272714986339,8.650695833333334,0.08555,8.555
8.3%,0.08270224333333333,8.270224333333333,NPA2016,NPA,-120.0,-0.5,True,8.91070172956534,0.1268427271498634,12.684272714986339,8.643766666666666,0.08602083333333334,8.602083333333335
8.3%,0.08270224333333333,8.270224333333333,NPA2016,NPA,-96.0,-0.4,True,8.897659004833827,0.1268427271498634,12.684272714986339,8.636175,0.0873625,8.73625
8.3%,0.08270224333333333,8.270224333333333,NPA2016,NPA,-72.0,-0.3,True,8.882527333704369,0.1268427271498634,12.684272714986339,8.6146125,0.08927083333333333,8.927083333333332
8.3%,0.08270224333333333,8.270224333333333,NPA2016,NPA,-48.0,-0.2,True,8.865790578787689,0.1268427271498634,12.684272714986339,8.585558333333333,0.090325,9.0325
8.3%,0.08270224333333333,8.270224333333333,NPA2016,NPA,-24.0,-0.1,True,8.847919061429081,0.1268427271498634,12.684272714986339,8.547408333333333,0.090725,9.0725
8.3%,0.08270224333333333,8.270224333333333,NPA2016,NPA,0.0,0.0,True,8.82938042843379,0.1268427271498634,12.684272714986339,8.490391666666666,0.09129583333333333,9.129583333333333
8.3%,0.08270224333333333,8.270224333333333,NPA2016,NPA,24.0,0.1,True,8.810644396902019,0.1268427271498634,12.684272714986339,8.42035,0.09270833333333334,9.270833333333334
8.3%,0.08270224333333333,8.270224333333333,NPA2016,NPA,48.0,0.2,True,8.792177320212861,0.1268427271498634,12.684272714986339,8.357645833333333,0.09502083333333333,9.502083333333333
8.3%,0.08270224333333333,8.270224333333333,NPA2016,NPA,72.0,0.3,True,8.774451502559852,0.1268427271498634,12.684272714986339,8.293270833333333,0.0969875,9.69875
8.3%,0.08270224333333333,8.270224333333333,NPA2016,NPA,96.0,0.4,True,8.757923952505218,0.1268427271498634,12.684272714986339,8.228158333333333,0.09714583333333332,9.714583333333332
8.3%,0.08270224333333333,8.270224333333333,NPA2016,NPA,120.0,0.5,True,8.743027226306625,0.1268427271498634,12.684272714986339,8.160016666666667,0.0957375,9.57375
8.3%,0.08270224333333333,8.270224333333333,NPA2016,NPA,144.0,0.6,False,8.730167343129137,0.1268427271498634,12.684272714986339,8.090570833333333,0.09398333333333334,9.398333333333333
8.3%,0.08270224333333333,8.270224333333333,NPA2016,NPA,168.0,0.7,False,8.719701091069169,0.1268427271498634,12.684272714986339,8.024145833333334,0.09122916666666667,9.122916666666667
8.3%,0.08270224333333333,8.270224333333333,NPA2016,NPA,192.0,0.8,False,8.711915621115013,0.1268427271498634,12.684272714986339,7.965466666666666,0.08982499999999999,8.982499999999998
8.3%,0.08270224333333333,8.270224333333333,NPA2016,NPA,216.0,0.9,False,8.707038460017232,0.1268427271498634,12.684272714986339,7.918675,0.08953333333333333,8.953333333333333
8.3%,0.08270224333333333,8.270224333333333,NPA2016,NPA,240.0,1.0,False,8.705206249419842,0.1268427271498634,12.684272714986339,7.8838541666666675,0.08853333333333332,8.853333333333332
8.3%,0.08270224333333333,8.270224333333333,NPA2016,NPA,264.0,1.1,False,8.706466220492814,0.1268427271498634,12.684272714986339,7.8637250000000005,0.08767083333333334,8.767083333333334
8.3%,0.08270224333333333,8.270224333333333,NPA2016,NPA,288.0,1.2,False,8.710782943278709,0.1268427271498634,12.684272714986339,7.851566666666667,0.08664583333333334,8.664583333333335
8.3%,0.08270224333333333,8.270224333333333,NPA2016,NPA,312.0,1.3,False,8.718016204228757,0.1268427271498634,12.684272714986339,7.852762499999999,0.08663333333333334,8.663333333333334
8.3%,0.08270224333333333,8.270224333333333,NPA2016,NPA,336.0,1.4,False,8.727928880148227,0.1268427271498634,12.684272714986339,7.884874999999999,0.08827916666666666,8.827916666666665
8.3%,0.08270224333333333,8.270224333333333,NPA2016,NPA,360.0,1.5,False,8.74020163210423,0.1268427271498634,12.684272714986339,7.944770833333333,0.08952500000000001,8.9525
8.3%,0.08270224333333333,8.270224333333333,Nygaard2022,"TurbOPark, A=0.04",-360.0,-1.5,False,7.306379301681542,0.08270224333333333,8.270224333333333,8.439920833333334,0.08762500000000001,8.762500000000001
8.3%,0.08270224333333333,8.270224333333333,Nygaard2022,"TurbOPark, A=0.04",-336.0,-1.4,False,7.471192140353484,0.08270224333333333,8.270224333333333,8.491145833333334,0.08633333333333335,8.633333333333335
8.3%,0.08270224333333333,8.270224333333333,Nygaard2022,"TurbOPark, A=0.04",-312.0,-1.3,False,7.623836479747466,0.08270224333333333,8.270224333333333,8.524679166666667,0.083925,8.3925
8.3%,0.08270224333333333,8.270224333333333,Nygaard2022,"TurbOPark, A=0.04",-288.0,-1.2,False,7.724388174646355,0.08270224333333333,8.270224333333333,8.551400000000001,0.08344166666666666,8.344166666666666
8.3%,0.08270224333333333,8.270224333333333,Nygaard2022,"TurbOPark, A=0.04",-264.0,-1.1,False,7.754912212518338,0.08270224333333333,8.270224333333333,8.574958333333333,0.08355,8.355
8.3%,0.08270224333333333,8.270224333333333,Nygaard2022,"TurbOPark, A=0.04",-240.0,-1.0,False,7.728556518815557,0.08270224333333333,8.270224333333333,8.5995125,0.08373333333333333,8.373333333333333
8.3%,0.08270224333333333,8.270224333333333,Nygaard2022,"TurbOPark, A=0.04",-216.0,-0.9,False,7.678578348758389,0.08270224333333333,8.270224333333333,8.624008333333332,0.08451666666666666,8.451666666666666
8.3%,0.08270224333333333,8.270224333333333,Nygaard2022,"TurbOPark, A=0.04",-192.0,-0.8,False,7.638587601599111,0.08270224333333333,8.270224333333333,8.636320833333334,0.08545,8.545
8.3%,0.08270224333333333,8.270224333333333,Nygaard2022,"TurbOPark, A=0.04",-168.0,-0.7,False,7.63066286511714,0.08270224333333333,8.270224333333333,8.646829166666667,0.08553333333333334,8.553333333333333
8.3%,0.08270224333333333,8.270224333333333,Nygaard2022,"TurbOPark, A=0.04",-144.0,-0.6,False,7.662213887623343,0.08270224333333333,8.270224333333333,8.650695833333334,0.08555,8.555
8.3%,0.08270224333333333,8.270224333333333,Nygaard2022,"TurbOPark, A=0.04",-120.0,-0.5,True,7.727748056442366,0.08270224333333333,8.270224333333333,8.643766666666666,0.08602083333333334,8.602083333333335
8.3%,0.08270224333333333,8.270224333333333,Nygaard2022,"TurbOPark, A=0.04",-96.0,-0.4,True,7.8119874736801185,0.08270224333333333,8.270224333333333,8.636175,0.0873625,8.73625
8.3%,0.08270224333333333,8.270224333333333,Nygaard2022,"TurbOPark, A=0.04",-72.0,-0.3,True,7.894656373213286,0.08270224333333333,8.270224333333333,8.6146125,0.08927083333333333,8.927083333333332
8.3%,0.08270224333333333,8.270224333333333,Nygaard2022,"TurbOPark, A=0.04",-48.0,-0.2,True,7.956755956088414,0.08270224333333333,8.270224333333333,8.585558333333333,0.090325,9.0325
8.3%,0.08270224333333333,8.270224333333333,Nygaard2022,"TurbOPark, A=0.04",-24.0,-0.1,True,7.987052292624649,0.08270224333333333,8.270224333333333,8.547408333333333,0.090725,9.0725
8.3%,0.08270224333333333,8.270224333333333,Nygaard2022,"TurbOPark, A=0.04",0.0,0.0,True,7.984721470312312,0.08270224333333333,8.270224333333333,8.490391666666666,0.09129583333333333,9.129583333333333
8.3%,0.08270224333333333,8.270224333333333,Nygaard2022,"TurbOPark, A=0.04",24.0,0.1,True,7.954814413092829,0.08270224333333333,8.270224333333333,8.42035,0.09270833333333334,9.270833333333334
8.3%,0.08270224333333333,8.270224333333333,Nygaard2022,"TurbOPark, A=0.04",48.0,0.2,True,7.899083605177066,0.08270224333333333,8.270224333333333,8.357645833333333,0.09502083333333333,9.502083333333333
8.3%,0.08270224333333333,8.270224333333333,Nygaard2022,"TurbOPark, A=0.04",72.0,0.3,True,7.809274015019044,0.08270224333333333,8.270224333333333,8.293270833333333,0.0969875,9.69875
8.3%,0.08270224333333333,8.270224333333333,Nygaard2022,"TurbOPark, A=0.04",96.0,0.4,True,7.6694618011670315,0.08270224333333333,8.270224333333333,8.228158333333333,0.09714583333333332,9.714583333333332
8.3%,0.08270224333333333,8.270224333333333,Nygaard2022,"TurbOPark, A=0.04",120.0,0.5,True,7.468863135238083,0.08270224333333333,8.270224333333333,8.160016666666667,0.0957375,9.57375
8.3%,0.08270224333333333,8.270224333333333,Nygaard2022,"TurbOPark, A=0.04",144.0,0.6,False,7.2165606778415805,0.08270224333333333,8.270224333333333,8.090570833333333,0.09398333333333334,9.398333333333333
8.3%,0.08270224333333333,8.270224333333333,Nygaard2022,"TurbOPark, A=0.04",168.0,0.7,False,6.9456131463007,0.08270224333333333,8.270224333333333,8.024145833333334,0.09122916666666667,9.122916666666667
8.3%,0.08270224333333333,8.270224333333333,Nygaard2022,"TurbOPark, A=0.04",192.0,0.8,False,6.704150732315616,0.08270224333333333,8.270224333333333,7.965466666666666,0.08982499999999999,8.982499999999998
8.3%,0.08270224333333333,8.270224333333333,Nygaard2022,"TurbOPark, A=0.04",216.0,0.9,False,6.540986287029147,0.08270224333333333,8.270224333333333,7.918675,0.08953333333333333,8.953333333333333
8.3%,0.08270224333333333,8.270224333333333,Nygaard2022,"TurbOPark, A=0.04",240.0,1.0,False,6.492100022300826,0.08270224333333333,8.270224333333333,7.8838541666666675,0.08853333333333332,8.853333333333332
8.3%,0.08270224333333333,8.270224333333333,Nygaard2022,"TurbOPark, A=0.04",264.0,1.1,False,6.570701079418727,0.08270224333333333,8.270224333333333,7.8637250000000005,0.08767083333333334,8.767083333333334
8.3%,0.08270224333333333,8.270224333333333,Nygaard2022,"TurbOPark, A=0.04",288.0,1.2,False,6.762073159439114,0.08270224333333333,8.270224333333333,7.851566666666667,0.08664583333333334,8.664583333333335
8.3%,0.08270224333333333,8.270224333333333,Nygaard2022,"TurbOPark, A=0.04",312.0,1.3,False,7.023771167610805,0.08270224333333333,8.270224333333333,7.852762499999999,0.08663333333333334,8.663333333333334
8.3%,0.08270224333333333,8.270224333333333,Nygaard2022,"TurbOPark, A=0.04",336.0,1.4,False,7.29115774604033,0.08270224333333333,8.270224333333333,7.884874999999999,0.08827916666666666,8.827916666666665
8.3%,0.08270224333333333,8.270224333333333,Nygaard2022,"TurbOPark, A=0.04",360.0,1.5,False,7.492103420597972,0.08270224333333333,8.270224333333333,7.944770833333333,0.08952500000000001,8.9525
8.3%,0.08270224333333333,8.270224333333333,Nygaard2022_A0.06,"TurbOPark, A=0.06",-360.0,-1.5,False,7.854833241951961,0.08270224333333333,8.270224333333333,8.439920833333334,0.08762500000000001,8.762500000000001
8.3%,0.08270224333333333,8.270224333333333,Nygaard2022_A0.06,"TurbOPark, A=0.06",-336.0,-1.4,False,7.930776963302101,0.08270224333333333,8.270224333333333,8.491145833333334,0.08633333333333335,8.633333333333335
8.3%,0.08270224333333333,8.270224333333333,Nygaard2022_A0.06,"TurbOPark, A=0.06",-312.0,-1.3,False,8.011201369327972,0.08270224333333333,8.270224333333333,8.524679166666667,0.083925,8.3925
8.3%,0.08270224333333333,8.270224333333333,Nygaard2022_A0.06,"TurbOPark, A=0.06",-288.0,-1.2,False,8.08140851748694,0.08270224333333333,8.270224333333333,8.551400000000001,0.08344166666666666,8.344166666666666
8.3%,0.08270224333333333,8.270224333333333,Nygaard2022_A0.06,"TurbOPark, A=0.06",-264.0,-1.1,False,8.131499402107664,0.08270224333333333,8.270224333333333,8.574958333333333,0.08355,8.355
8.3%,0.08270224333333333,8.270224333333333,Nygaard2022_A0.06,"TurbOPark, A=0.06",-240.0,-1.0,False,8.159482965338944,0.08270224333333333,8.270224333333333,8.5995125,0.08373333333333333,8.373333333333333
8.3%,0.08270224333333333,8.270224333333333,Nygaard2022_A0.06,"TurbOPark, A=0.06",-216.0,-0.9,False,8.170916256171814,0.08270224333333333,8.270224333333333,8.624008333333332,0.08451666666666666,8.451666666666666
8.3%,0.08270224333333333,8.270224333333333,Nygaard2022_A0.06,"TurbOPark, A=0.06",-192.0,-0.8,False,8.175341031033923,0.08270224333333333,8.270224333333333,8.636320833333334,0.08545,8.545
8.3%,0.08270224333333333,8.270224333333333,Nygaard2022_A0.06,"TurbOPark, A=0.06",-168.0,-0.7,False,8.182002765444262,0.08270224333333333,8.270224333333333,8.646829166666667,0.08553333333333334,8.553333333333333
8.3%,0.08270224333333333,8.270224333333333,Nygaard2022_A0.06,"TurbOPark, A=0.06",-144.0,-0.6,False,8.196887702470793,0.08270224333333333,8.270224333333333,8.650695833333334,0.08555,8.555
8.3%,0.08270224333333333,8.270224333333333,Nygaard2022_A0.06,"TurbOPark, A=0.06",-120.0,-0.5,True,8.221935733173037,0.08270224333333333,8.270224333333333,8.643766666666666,0.08602083333333334,8.602083333333335
8.3%,0.08270224333333333,8.270224333333333,Nygaard2022_A0.06,"TurbOPark, A=0.06",-96.0,-0.4,True,8.25533989731413,0.08270224333333333,8.270224333333333,8.636175,0.0873625,8.73625
8.3%,0.08270224333333333,8.270224333333333,Nygaard2022_A0.06,"TurbOPark, A=0.06",-72.0,-0.3,True,8.292704859155375,0.08270224333333333,8.270224333333333,8.6146125,0.08927083333333333,8.927083333333332
8.3%,0.08270224333333333,8.270224333333333,Nygaard2022_A0.06,"TurbOPark, A=0.06",-48.0,-0.2,True,8.32813318995708,0.08270224333333333,8.270224333333333,8.585558333333333,0.090325,9.0325
8.3%,0.08270224333333333,8.270224333333333,Nygaard2022_A0.06,"TurbOPark, A=0.06",-24.0,-0.1,True,8.354958958079578,0.08270224333333333,8.270224333333333,8.547408333333333,0.090725,9.0725
8.3%,0.08270224333333333,8.270224333333333,Nygaard2022_A0.06,"TurbOPark, A=0.06",0.0,0.0,True,8.36573911042189,0.08270224333333333,8.270224333333333,8.490391666666666,0.09129583333333333,9.129583333333333
8.3%,0.08270224333333333,8.270224333333333,Nygaard2022_A0.06,"TurbOPark, A=0.06",24.0,0.1,True,8.35179240470366,0.08270224333333333,8.270224333333333,8.42035,0.09270833333333334,9.270833333333334
8.3%,0.08270224333333333,8.270224333333333,Nygaard2022_A0.06,"TurbOPark, A=0.06",48.0,0.2,True,8.303542550757065,0.08270224333333333,8.270224333333333,8.357645833333333,0.09502083333333333,9.502083333333333
8.3%,0.08270224333333333,8.270224333333333,Nygaard2022_A0.06,"TurbOPark, A=0.06",72.0,0.3,True,8.21302963503457,0.08270224333333333,8.270224333333333,8.293270833333333,0.0969875,9.69875
8.3%,0.08270224333333333,8.270224333333333,Nygaard2022_A0.06,"TurbOPark, A=0.06",96.0,0.4,True,8.078495738805053,0.08270224333333333,8.270224333333333,8.228158333333333,0.09714583333333332,9.714583333333332
8.3%,0.08270224333333333,8.270224333333333,Nygaard2022_A0.06,"TurbOPark, A=0.06",120.0,0.5,True,7.907802557431793,0.08270224333333333,8.270224333333333,8.160016666666667,0.0957375,9.57375
8.3%,0.08270224333333333,8.270224333333333,Nygaard2022_A0.06,"TurbOPark, A=0.06",144.0,0.6,False,7.718358863343583,0.08270224333333333,8.270224333333333,8.090570833333333,0.09398333333333334,9.398333333333333
8.3%,0.08270224333333333,8.270224333333333,Nygaard2022_A0.06,"TurbOPark, A=0.06",168.0,0.7,False,7.533879114473171,0.08270224333333333,8.270224333333333,8.024145833333334,0.09122916666666667,9.122916666666667
8.3%,0.08270224333333333,8.270224333333333,Nygaard2022_A0.06,"TurbOPark, A=0.06",192.0,0.8,False,7.379695827880315,0.08270224333333333,8.270224333333333,7.965466666666666,0.08982499999999999,8.982499999999998
8.3%,0.08270224333333333,8.270224333333333,Nygaard2022_A0.06,"TurbOPark, A=0.06",216.0,0.9,False,7.277964983432598,0.08270224333333333,8.270224333333333,7.918675,0.08953333333333333,8.953333333333333
8.3%,0.08270224333333333,8.270224333333333,Nygaard2022_A0.06,"TurbOPark, A=0.06",240.0,1.0,False,7.2433418160910765,0.08270224333333333,8.270224333333333,7.8838541666666675,0.08853333333333332,8.853333333333332
8.3%,0.08270224333333333,8.270224333333333,Nygaard2022_A0.06,"TurbOPark, A=0.06",264.0,1.1,False,7.279791872703579,0.08270224333333333,8.270224333333333,7.8637250000000005,0.08767083333333334,8.767083333333334
8.3%,0.08270224333333333,8.270224333333333,Nygaard2022_A0.06,"TurbOPark, A=0.06",288.0,1.2,False,7.3790714062566805,0.08270224333333333,8.270224333333333,7.851566666666667,0.08664583333333334,8.664583333333335
8.3%,0.08270224333333333,8.270224333333333,Nygaard2022_A0.06,"TurbOPark, A=0.06",312.0,1.3,False,7.521274217059024,0.08270224333333333,8.270224333333333,7.852762499999999,0.08663333333333334,8.663333333333334
8.3%,0.08270224333333333,8.270224333333333,Nygaard2022_A0.06,"TurbOPark, A=0.06",336.0,1.4,False,7.677816305891109,0.08270224333333333,8.270224333333333,7.884874999999999,0.08827916666666666,8.827916666666665
8.3%,0.08270224333333333,8.270224333333333,Nygaard2022_A0.06,"TurbOPark, A=0.06",360.0,1.5,False,7.817459424778109,0.08270224333333333,8.270224333333333,7.944770833333333,0.08952500000000001,8.9525
8.9%,0.08886965777777778,8.886965777777778,BPA2014,BPA,-360.0,-1.5,False,8.648643276820101,0.1315092696794567,13.15092696794567,8.439920833333334,0.08762500000000001,8.762500000000001
8.9%,0.08886965777777778,8.886965777777778,BPA2014,BPA,-336.0,-1.4,False,8.697942782239782,0.1315092696794567,13.15092696794567,8.491145833333334,0.08633333333333335,8.633333333333335
8.9%,0.08886965777777778,8.886965777777778,BPA2014,BPA,-312.0,-1.3,False,8.735557046797412,0.1315092696794567,13.15092696794567,8.524679166666667,0.083925,8.3925
8.9%,0.08886965777777778,8.886965777777778,BPA2014,BPA,-288.0,-1.2,False,8.764129297228713,0.1315092696794567,13.15092696794567,8.551400000000001,0.08344166666666666,8.344166666666666
8.9%,0.08886965777777778,8.886965777777778,BPA2014,BPA,-264.0,-1.1,False,8.785739910362002,0.1315092696794567,13.15092696794567,8.574958333333333,0.08355,8.355
8.9%,0.08886965777777778,8.886965777777778,BPA2014,BPA,-240.0,-1.0,False,8.801800523154126,0.1315092696794567,13.15092696794567,8.5995125,0.08373333333333333,8.373333333333333
8.9%,0.08886965777777778,8.886965777777778,BPA2014,BPA,-216.0,-0.9,False,8.813068407555104,0.1315092696794567,13.15092696794567,8.624008333333332,0.08451666666666666,8.451666666666666
8.9%,0.08886965777777778,8.886965777777778,BPA2014,BPA,-192.0,-0.8,False,8.819738313463649,0.1315092696794567,13.15092696794567,8.636320833333334,0.08545,8.545
8.9%,0.08886965777777778,8.886965777777778,BPA2014,BPA,-168.0,-0.7,False,8.821575430612066,0.1315092696794567,13.15092696794567,8.646829166666667,0.08553333333333334,8.553333333333333
8.9%,0.08886965777777778,8.886965777777778,BPA2014,BPA,-144.0,-0.6,False,8.81806368371123,0.1315092696794567,13.15092696794567,8.650695833333334,0.08555,8.555
8.9%,0.08886965777777778,8.886965777777778,BPA2014,BPA,-120.0,-0.5,True,8.808553887796352,0.14440649766846303,14.440649766846303,8.643766666666666,0.08602083333333334,8.602083333333335
8.9%,0.08886965777777778,8.886965777777778,BPA2014,BPA,-96.0,-0.4,True,8.792403864411053,0.14440649766846303,14.440649766846303,8.636175,0.0873625,8.73625
8.9%,0.08886965777777778,8.886965777777778,BPA2014,BPA,-72.0,-0.3,True,8.769106709352853,0.14440649766846303,14.440649766846303,8.6146125,0.08927083333333333,8.927083333333332
8.9%,0.08886965777777778,8.886965777777778,BPA2014,BPA,-48.0,-0.2,True,8.738404479867944,0.14440649766846303,14.440649766846303,8.585558333333333,0.090325,9.0325
8.9%,0.08886965777777778,8.886965777777778,BPA2014,BPA,-24.0,-0.1,True,8.700383722912663,0.14440649766846303,14.440649766846303,8.547408333333333,0.090725,9.0725
8.9%,0.08886965777777778,8.886965777777778,BPA2014,BPA,0.0,0.0,True,8.655547727237618,0.14440649766846303,14.440649766846303,8.490391666666666,0.09129583333333333,9.129583333333333
8.9%,0.08886965777777778,8.886965777777778,BPA2014,BPA,24.0,0.1,True,8.604859220320465,0.14440649766846303,14.440649766846303,8.42035,0.09270833333333334,9.270833333333334
8.9%,0.08886965777777778,8.886965777777778,BPA2014,BPA,48.0,0.2,True,8.549747201871739,0.14440649766846303,14.440649766846303,8.357645833333333,0.09502083333333333,9.502083333333333
8.9%,0.08886965777777778,8.886965777777778,BPA2014,BPA,72.0,0.3,True,8.492073093313873,0.14440649766846303,14.440649766846303,8.293270833333333,0.0969875,9.69875
8.9%,0.08886965777777778,8.886965777777778,BPA2014,BPA,96.0,0.4,True,8.434054399352686,0.14440649766846303,14.440649766846303,8.228158333333333,0.09714583333333332,9.714583333333332
8.9%,0.08886965777777778,8.886965777777778,BPA2014,BPA,120.0,0.5,True,8.378148295809822,0.14440649766846303,14.440649766846303,8.160016666666667,0.0957375,9.57375
8.9%,0.08886965777777778,8.886965777777778,BPA2014,BPA,144.0,0.6,False,8.3269023742409,0.14440649766846303,14.440649766846303,8.090570833333333,0.09398333333333334,9.398333333333333
8.9%,0.08886965777777778,8.886965777777778,BPA2014,BPA,168.0,0.7,False,8.282784409260918,0.14440649766846303,14.440649766846303,8.024145833333334,0.09122916666666667,9.122916666666667
8.9%,0.08886965777777778,8.886965777777778,BPA2014,BPA,192.0,0.8,False,8.248006644342915,0.14440649766846303,14.440649766846303,7.965466666666666,0.08982499999999999,8.982499999999998
8.9%,0.08886965777777778,8.886965777777778,BPA2014,BPA,216.0,0.9,False,8.224361994949216,0.14440649766846303,14.440649766846303,7.918675,0.08953333333333333,8.953333333333333
8.9%,0.08886965777777778,8.886965777777778,BPA2014,BPA,240.0,1.0,False,8.213089268227014,0.14440649766846303,14.440649766846303,7.8838541666666675,0.08853333333333332,8.853333333333332
8.9%,0.08886965777777778,8.886965777777778,BPA2014,BPA,264.0,1.1,False,8.214781870722026,0.14440649766846303,14.440649766846303,7.8637250000000005,0.08767083333333334,8.767083333333334
8.9%,0.08886965777777778,8.886965777777778,BPA2014,BPA,288.0,1.2,False,8.229349787055293,0.14440649766846303,14.440649766846303,7.851566666666667,0.08664583333333334,8.664583333333335
8.9%,0.08886965777777778,8.886965777777778,BPA2014,BPA,312.0,1.3,False,8.256038486975228,0.14440649766846303,14.440649766846303,7.852762499999999,0.08663333333333334,8.663333333333334
8.9%,0.08886965777777778,8.886965777777778,BPA2014,BPA,336.0,1.4,False,8.293501719077103,0.14440649766846303,14.440649766846303,7.884874999999999,0.08827916666666666,8.827916666666665
8.9%,0.08886965777777778,8.886965777777778,BPA2014,BPA,360.0,1.5,False,8.339918796613308,0.14440649766846303,14.440649766846303,7.944770833333333,0.08952500000000001,8.9525
8.9%,0.08886965777777778,8.886965777777778,NPA2016,NPA,-360.0,-1.5,False,8.808132617085612,0.14478256945956305,14.478256945956305,8.439920833333334,0.08762500000000001,8.762500000000001
8.9%,0.08886965777777778,8.886965777777778,NPA2016,NPA,-336.0,-1.4,False,8.847708379659196,0.14478256945956305,14.478256945956305,8.491145833333334,0.08633333333333335,8.633333333333335
8.9%,0.08886965777777778,8.886965777777778,NPA2016,NPA,-312.0,-1.3,False,8.879886810824344,0.14478256945956305,14.478256945956305,8.524679166666667,0.083925,8.3925
8.9%,0.08886965777777778,8.886965777777778,NPA2016,NPA,-288.0,-1.2,False,8.904839179116536,0.12098993016144673,12.098993016144673,8.551400000000001,0.08344166666666666,8.344166666666666
8.9%,0.08886965777777778,8.886965777777778,NPA2016,NPA,-264.0,-1.1,False,8.922973902912586,0.13111118913140637,13.111118913140638,8.574958333333333,0.08355,8.355
8.9%,0.08886965777777778,8.886965777777778,NPA2016,NPA,-240.0,-1.0,False,8.93486128546948,0.13111118913140637,13.111118913140638,8.5995125,0.08373333333333333,8.373333333333333
8.9%,0.08886965777777778,8.886965777777778,NPA2016,NPA,-216.0,-0.9,False,8.941142755159479,0.13111118913140637,13.111118913140638,8.624008333333332,0.08451666666666666,8.451666666666666
8.9%,0.08886965777777778,8.886965777777778,NPA2016,NPA,-192.0,-0.8,False,8.94249908873616,0.13111118913140637,13.111118913140638,8.636320833333334,0.08545,8.545
8.9%,0.08886965777777778,8.886965777777778,NPA2016,NPA,-168.0,-0.7,False,8.939602634888988,0.13111118913140637,13.111118913140638,8.646829166666667,0.08553333333333334,8.553333333333333
8.9%,0.08886965777777778,8.886965777777778,NPA2016,NPA,-144.0,-0.6,False,8.933088597423538,0.13111118913140637,13.111118913140638,8.650695833333334,0.08555,8.555
8.9%,0.08886965777777778,8.886965777777778,NPA2016,NPA,-120.0,-0.5,True,8.92355287570252,0.13111118913140637,13.111118913140638,8.643766666666666,0.08602083333333334,8.602083333333335
8.9%,0.08886965777777778,8.886965777777778,NPA2016,NPA,-96.0,-0.4,True,8.911548297810986,0.13111118913140637,13.111118913140638,8.636175,0.0873625,8.73625
8.9%,0.08886965777777778,8.886965777777778,NPA2016,NPA,-72.0,-0.3,True,8.897589375318852,0.13111118913140637,13.111118913140638,8.6146125,0.08927083333333333,8.927083333333332
8.9%,0.08886965777777778,8.886965777777778,NPA2016,NPA,-48.0,-0.2,True,8.882157300546735,0.13111118913140637,13.111118913140638,8.585558333333333,0.090325,9.0325
8.9%,0.08886965777777778,8.886965777777778,NPA2016,NPA,-24.0,-0.1,True,8.865718795625204,0.13111118913140637,13.111118913140638,8.547408333333333,0.090725,9.0725
8.9%,0.08886965777777778,8.886965777777778,NPA2016,NPA,0.0,0.0,True,8.848723808197219,0.13111118913140637,13.111118913140638,8.490391666666666,0.09129583333333333,9.129583333333333
8.9%,0.08886965777777778,8.886965777777778,NPA2016,NPA,24.0,0.1,True,8.83161607393721,0.13111118913140637,13.111118913140638,8.42035,0.09270833333333334,9.270833333333334
8.9%,0.08886965777777778,8.886965777777778,NPA2016,NPA,48.0,0.2,True,8.81482943255677,0.13111118913140637,13.111118913140638,8.357645833333333,0.09502083333333333,9.502083333333333
8.9%,0.08886965777777778,8.886965777777778,NPA2016,NPA,72.0,0.3,True,8.798787538997004,0.13111118913140637,13.111118913140638,8.293270833333333,0.0969875,9.69875
8.9%,0.08886965777777778,8.886965777777778,NPA2016,NPA,96.0,0.4,True,8.78390245153982,0.13111118913140637,13.111118913140638,8.228158333333333,0.09714583333333332,9.714583333333332
8.9%,0.08886965777777778,8.886965777777778,NPA2016,NPA,120.0,0.5,True,8.770557457958802,0.13111118913140637,13.111118913140638,8.160016666666667,0.0957375,9.57375
8.9%,0.08886965777777778,8.886965777777778,NPA2016,NPA,144.0,0.6,False,8.759108937200594,0.13111118913140637,13.111118913140638,8.090570833333333,0.09398333333333334,9.398333333333333
8.9%,0.08886965777777778,8.886965777777778,NPA2016,NPA,168.0,0.7,False,8.749861395701021,0.13111118913140637,13.111118913140638,8.024145833333334,0.09122916666666667,9.122916666666667
8.9%,0.08886965777777778,8.886965777777778,NPA2016,NPA,192.0,0.8,False,8.743067232528979,0.13111118913140637,13.111118913140638,7.965466666666666,0.08982499999999999,8.982499999999998
8.9%,0.08886965777777778,8.886965777777778,NPA2016,NPA,216.0,0.9,False,8.738913043380002,0.13111118913140637,13.111118913140638,7.918675,0.08953333333333333,8.953333333333333
8.9%,0.08886965777777778,8.886965777777778,NPA2016,NPA,240.0,1.0,False,8.7375139088331,0.13111118913140637,13.111118913140638,7.8838541666666675,0.08853333333333332,8.853333333333332
8.9%,0.08886965777777778,8.886965777777778,NPA2016,NPA,264.0,1.1,False,8.738909044998262,0.13111118913140637,13.111118913140638,7.8637250000000005,0.08767083333333334,8.767083333333334
8.9%,0.08886965777777778,8.886965777777778,NPA2016,NPA,288.0,1.2,False,8.74305204028675,0.13111118913140637,13.111118913140638,7.851566666666667,0.08664583333333334,8.664583333333335
8.9%,0.08886965777777778,8.886965777777778,NPA2016,NPA,312.0,1.3,False,8.749817240445115,0.13111118913140637,13.111118913140638,7.852762499999999,0.08663333333333334,8.663333333333334
8.9%,0.08886965777777778,8.886965777777778,NPA2016,NPA,336.0,1.4,False,8.758992724692718,0.13111118913140637,13.111118913140638,7.884874999999999,0.08827916666666666,8.827916666666665
8.9%,0.08886965777777778,8.886965777777778,NPA2016,NPA,360.0,1.5,False,8.770276871875927,0.13111118913140637,13.111118913140638,7.944770833333333,0.08952500000000001,8.9525
8.9%,0.08886965777777778,8.886965777777778,Nygaard2022,"TurbOPark, A=0.04",-360.0,-1.5,False,7.3435552651997025,0.08886965777777778,8.886965777777778,8.439920833333334,0.08762500000000001,8.762500000000001
8.9%,0.08886965777777778,8.886965777777778,Nygaard2022,"TurbOPark, A=0.04",-336.0,-1.4,False,7.5019318464738465,0.08886965777777778,8.886965777777778,8.491145833333334,0.08633333333333335,8.633333333333335
8.9%,0.08886965777777778,8.886965777777778,Nygaard2022,"TurbOPark, A=0.04",-312.0,-1.3,False,7.650581337899796,0.08886965777777778,8.886965777777778,8.524679166666667,0.083925,8.3925
8.9%,0.08886965777777778,8.886965777777778,Nygaard2022,"TurbOPark, A=0.04",-288.0,-1.2,False,7.751973562224511,0.08886965777777778,8.886965777777778,8.551400000000001,0.08344166666666666,8.344166666666666
8.9%,0.08886965777777778,8.886965777777778,Nygaard2022,"TurbOPark, A=0.04",-264.0,-1.1,False,7.788393117205144,0.08886965777777778,8.886965777777778,8.574958333333333,0.08355,8.355
8.9%,0.08886965777777778,8.886965777777778,Nygaard2022,"TurbOPark, A=0.04",-240.0,-1.0,False,7.770602585786955,0.08886965777777778,8.886965777777778,8.5995125,0.08373333333333333,8.373333333333333
8.9%,0.08886965777777778,8.886965777777778,Nygaard2022,"TurbOPark, A=0.04",-216.0,-0.9,False,7.728543511869925,0.08886965777777778,8.886965777777778,8.624008333333332,0.08451666666666666,8.451666666666666
8.9%,0.08886965777777778,8.886965777777778,Nygaard2022,"TurbOPark, A=0.04",-192.0,-0.8,False,7.69357527153917,0.08886965777777778,8.886965777777778,8.636320833333334,0.08545,8.545
8.9%,0.08886965777777778,8.886965777777778,Nygaard2022,"TurbOPark, A=0.04",-168.0,-0.7,False,7.686720729455189,0.08886965777777778,8.886965777777778,8.646829166666667,0.08553333333333334,8.553333333333333
8.9%,0.08886965777777778,8.886965777777778,Nygaard2022,"TurbOPark, A=0.04",-144.0,-0.6,False,7.715637865073919,0.08886965777777778,8.886965777777778,8.650695833333334,0.08555,8.555
8.9%,0.08886965777777778,8.886965777777778,Nygaard2022,"TurbOPark, A=0.04",-120.0,-0.5,True,7.775949553744077,0.08886965777777778,8.886965777777778,8.643766666666666,0.08602083333333334,8.602083333333335
8.9%,0.08886965777777778,8.886965777777778,Nygaard2022,"TurbOPark, A=0.04",-96.0,-0.4,True,7.854306885803355,0.08886965777777778,8.886965777777778,8.636175,0.0873625,8.73625
8.9%,0.08886965777777778,8.886965777777778,Nygaard2022,"TurbOPark, A=0.04",-72.0,-0.3,True,7.932635884156878,0.08886965777777778,8.886965777777778,8.6146125,0.08927083333333333,8.927083333333332
8.9%,0.08886965777777778,8.886965777777778,Nygaard2022,"TurbOPark, A=0.04",-48.0,-0.2,True,7.993765209528396,0.08886965777777778,8.886965777777778,8.585558333333333,0.090325,9.0325
8.9%,0.08886965777777778,8.886965777777778,Nygaard2022,"TurbOPark, A=0.04",-24.0,-0.1,True,8.026905407947577,0.08886965777777778,8.886965777777778,8.547408333333333,0.090725,9.0725
8.9%,0.08886965777777778,8.886965777777778,Nygaard2022,"TurbOPark, A=0.04",0.0,0.0,True,8.029822732898012,0.08886965777777778,8.886965777777778,8.490391666666666,0.09129583333333333,9.129583333333333
8.9%,0.08886965777777778,8.886965777777778,Nygaard2022,"TurbOPark, A=0.04",24.0,0.1,True,8.005007217114018,0.08886965777777778,8.886965777777778,8.42035,0.09270833333333334,9.270833333333334
8.9%,0.08886965777777778,8.886965777777778,Nygaard2022,"TurbOPark, A=0.04",48.0,0.2,True,7.951756321331894,0.08886965777777778,8.886965777777778,8.357645833333333,0.09502083333333333,9.502083333333333
8.9%,0.08886965777777778,8.886965777777778,Nygaard2022,"TurbOPark, A=0.04",72.0,0.3,True,7.860495243201405,0.08886965777777778,8.886965777777778,8.293270833333333,0.0969875,9.69875
8.9%,0.08886965777777778,8.886965777777778,Nygaard2022,"TurbOPark, A=0.04",96.0,0.4,True,7.715963346259063,0.08886965777777778,8.886965777777778,8.228158333333333,0.09714583333333332,9.714583333333332
8.9%,0.08886965777777778,8.886965777777778,Nygaard2022,"TurbOPark, A=0.04",120.0,0.5,True,7.509645233008109,0.08886965777777778,8.886965777777778,8.160016666666667,0.0957375,9.57375
8.9%,0.08886965777777778,8.886965777777778,Nygaard2022,"TurbOPark, A=0.04",144.0,0.6,False,7.253165351289688,0.08886965777777778,8.886965777777778,8.090570833333333,0.09398333333333334,9.398333333333333
8.9%,0.08886965777777778,8.886965777777778,Nygaard2022,"TurbOPark, A=0.04",168.0,0.7,False,6.980522886869899,0.08886965777777778,8.886965777777778,8.024145833333334,0.09122916666666667,9.122916666666667
8.9%,0.08886965777777778,8.886965777777778,Nygaard2022,"TurbOPark, A=0.04",192.0,0.8,False,6.739185578327772,0.08886965777777778,8.886965777777778,7.965466666666666,0.08982499999999999,8.982499999999998
8.9%,0.08886965777777778,8.886965777777778,Nygaard2022,"TurbOPark, A=0.04",216.0,0.9,False,6.576382589891004,0.08886965777777778,8.886965777777778,7.918675,0.08953333333333333,8.953333333333333
8.9%,0.08886965777777778,8.886965777777778,Nygaard2022,"TurbOPark, A=0.04",240.0,1.0,False,6.526579067500654,0.08886965777777778,8.886965777777778,7.8838541666666675,0.08853333333333332,8.853333333333332
8.9%,0.08886965777777778,8.886965777777778,Nygaard2022,"TurbOPark, A=0.04",264.0,1.1,False,6.602185167021638,0.08886965777777778,8.886965777777778,7.8637250000000005,0.08767083333333334,8.767083333333334
8.9%,0.08886965777777778,8.886965777777778,Nygaard2022,"TurbOPark, A=0.04",288.0,1.2,False,6.788615144488272,0.08886965777777778,8.886965777777778,7.851566666666667,0.08664583333333334,8.664583333333335
8.9%,0.08886965777777778,8.886965777777778,Nygaard2022,"TurbOPark, A=0.04",312.0,1.3,False,7.0447213867472165,0.08886965777777778,8.886965777777778,7.852762499999999,0.08663333333333334,8.663333333333334
8.9%,0.08886965777777778,8.886965777777778,Nygaard2022,"TurbOPark, A=0.04",336.0,1.4,False,7.308148425270515,0.08886965777777778,8.886965777777778,7.884874999999999,0.08827916666666666,8.827916666666665
8.9%,0.08886965777777778,8.886965777777778,Nygaard2022,"TurbOPark, A=0.04",360.0,1.5,False,7.509513479883648,0.08886965777777778,8.886965777777778,7.944770833333333,0.08952500000000001,8.9525
8.9%,0.08886965777777778,8.886965777777778,Nygaard2022_A0.06,"TurbOPark, A=0.06",-360.0,-1.5,False,7.889486379215498,0.08886965777777778,8.886965777777778,8.439920833333334,0.08762500000000001,8.762500000000001
8.9%,0.08886965777777778,8.886965777777778,Nygaard2022_A0.06,"TurbOPark, A=0.06",-336.0,-1.4,False,7.962120277914452,0.08886965777777778,8.886965777777778,8.491145833333334,0.08633333333333335,8.633333333333335
8.9%,0.08886965777777778,8.886965777777778,Nygaard2022_A0.06,"TurbOPark, A=0.06",-312.0,-1.3,False,8.04016301177743,0.08886965777777778,8.886965777777778,8.524679166666667,0.083925,8.3925
8.9%,0.08886965777777778,8.886965777777778,Nygaard2022_A0.06,"TurbOPark, A=0.06",-288.0,-1.2,False,8.10991625410117,0.08886965777777778,8.886965777777778,8.551400000000001,0.08344166666666666,8.344166666666666
8.9%,0.08886965777777778,8.886965777777778,Nygaard2022_A0.06,"TurbOPark, A=0.06",-264.0,-1.1,False,8.161798909701044,0.08886965777777778,8.886965777777778,8.574958333333333,0.08355,8.355
8.9%,0.08886965777777778,8.886965777777778,Nygaard2022_A0.06,"TurbOPark, A=0.06",-240.0,-1.0,False,8.193207258298061,0.08886965777777778,8.886965777777778,8.5995125,0.08373333333333333,8.373333333333333
8.9%,0.08886965777777778,8.886965777777778,Nygaard2022_A0.06,"TurbOPark, A=0.06",-216.0,-0.9,False,8.208506082685119,0.08886965777777778,8.886965777777778,8.624008333333332,0.08451666666666666,8.451666666666666
8.9%,0.08886965777777778,8.886965777777778,Nygaard2022_A0.06,"TurbOPark, A=0.06",-192.0,-0.8,False,8.216037164049142,0.08886965777777778,8.886965777777778,8.636320833333334,0.08545,8.545
8.9%,0.08886965777777778,8.886965777777778,Nygaard2022_A0.06,"TurbOPark, A=0.06",-168.0,-0.7,False,8.224271369763516,0.08886965777777778,8.886965777777778,8.646829166666667,0.08553333333333334,8.553333333333333
8.9%,0.08886965777777778,8.886965777777778,Nygaard2022_A0.06,"TurbOPark, A=0.06",-144.0,-0.6,False,8.239085382455785,0.08886965777777778,8.886965777777778,8.650695833333334,0.08555,8.555
8.9%,0.08886965777777778,8.886965777777778,Nygaard2022_A0.06,"TurbOPark, A=0.06",-120.0,-0.5,True,8.262729817526978,0.08886965777777778,8.886965777777778,8.643766666666666,0.08602083333333334,8.602083333333335
8.9%,0.08886965777777778,8.886965777777778,Nygaard2022_A0.06,"TurbOPark, A=0.06",-96.0,-0.4,True,8.294070261851166,0.08886965777777778,8.886965777777778,8.636175,0.0873625,8.73625
8.9%,0.08886965777777778,8.886965777777778,Nygaard2022_A0.06,"TurbOPark, A=0.06",-72.0,-0.3,True,8.329442171579663,0.08886965777777778,8.886965777777778,8.6146125,0.08927083333333333,8.927083333333332
8.9%,0.08886965777777778,8.886965777777778,Nygaard2022_A0.06,"TurbOPark, A=0.06",-48.0,-0.2,True,8.363529370489005,0.08886965777777778,8.886965777777778,8.585558333333333,0.090325,9.0325
8.9%,0.08886965777777778,8.886965777777778,Nygaard2022_A0.06,"TurbOPark, A=0.06",-24.0,-0.1,True,8.389857742123446,0.08886965777777778,8.886965777777778,8.547408333333333,0.090725,9.0725
8.9%,0.08886965777777778,8.886965777777778,Nygaard2022_A0.06,"TurbOPark, A=0.06",0.0,0.0,True,8.40069914069798,0.08886965777777778,8.886965777777778,8.490391666666666,0.09129583333333333,9.129583333333333
8.9%,0.08886965777777778,8.886965777777778,Nygaard2022_A0.06,"TurbOPark, A=0.06",24.0,0.1,True,8.386722440203025,0.08886965777777778,8.886965777777778,8.42035,0.09270833333333334,9.270833333333334
8.9%,0.08886965777777778,8.886965777777778,Nygaard2022_A0.06,"TurbOPark, A=0.06",48.0,0.2,True,8.337734717522812,0.08886965777777778,8.886965777777778,8.357645833333333,0.09502083333333333,9.502083333333333
8.9%,0.08886965777777778,8.886965777777778,Nygaard2022_A0.06,"TurbOPark, A=0.06",72.0,0.3,True,8.245764718216178,0.08886965777777778,8.886965777777778,8.293270833333333,0.0969875,9.69875
8.9%,0.08886965777777778,8.886965777777778,Nygaard2022_A0.06,"TurbOPark, A=0.06",96.0,0.4,True,8.109676052781206,0.08886965777777778,8.886965777777778,8.228158333333333,0.09714583333333332,9.714583333333332
8.9%,0.08886965777777778,8.886965777777778,Nygaard2022_A0.06,"TurbOPark, A=0.06",120.0,0.5,True,7.9381283724667675,0.08886965777777778,8.886965777777778,8.160016666666667,0.0957375,9.57375
8.9%,0.08886965777777778,8.886965777777778,Nygaard2022_A0.06,"TurbOPark, A=0.06",144.0,0.6,False,7.748910032021394,0.08886965777777778,8.886965777777778,8.090570833333333,0.09398333333333334,9.398333333333333
8.9%,0.08886965777777778,8.886965777777778,Nygaard2022_A0.06,"TurbOPark, A=0.06",168.0,0.7,False,7.565478762541,0.08886965777777778,8.886965777777778,8.024145833333334,0.09122916666666667,9.122916666666667
8.9%,0.08886965777777778,8.886965777777778,Nygaard2022_A0.06,"TurbOPark, A=0.06",192.0,0.8,False,7.4124733116757096,0.08886965777777778,8.886965777777778,7.965466666666666,0.08982499999999999,8.982499999999998
8.9%,0.08886965777777778,8.886965777777778,Nygaard2022_A0.06,"TurbOPark, A=0.06",216.0,0.9,False,7.311233918476509,0.08886965777777778,8.886965777777778,7.918675,0.08953333333333333,8.953333333333333
8.9%,0.08886965777777778,8.886965777777778,Nygaard2022_A0.06,"TurbOPark, A=0.06",240.0,1.0,False,7.275786677188768,0.08886965777777778,8.886965777777778,7.8838541666666675,0.08853333333333332,8.853333333333332
8.9%,0.08886965777777778,8.886965777777778,Nygaard2022_A0.06,"TurbOPark, A=0.06",264.0,1.1,False,7.309906629542359,0.08886965777777778,8.886965777777778,7.8637250000000005,0.08767083333333334,8.767083333333334
8.9%,0.08886965777777778,8.886965777777778,Nygaard2022_A0.06,"TurbOPark, A=0.06",288.0,1.2,False,7.405678024162215,0.08886965777777778,8.886965777777778,7.851566666666667,0.08664583333333334,8.664583333333335
8.9%,0.08886965777777778,8.886965777777778,Nygaard2022_A0.06,"TurbOPark, A=0.06",312.0,1.3,False,7.544092697252573,0.08886965777777778,8.886965777777778,7.852762499999999,0.08663333333333334,8.663333333333334
8.9%,0.08886965777777778,8.886965777777778,Nygaard2022_A0.06,"TurbOPark, A=0.06",336.0,1.4,False,7.697910653658204,0.08886965777777778,8.886965777777778,7.884874999999999,0.08827916666666666,8.827916666666665
8.9%,0.08886965777777778,8.886965777777778,Nygaard2022_A0.06,"TurbOPark, A=0.06",360.0,1.5,False,7.83727519970607,0.08886965777777778,8.886965777777778,7.944770833333333,0.08952500000000001,8.9525
9.5%,0.09503707222222221,9.503707222222221,BPA2014,BPA,-360.0,-1.5,False,8.648643276820101,0.1356024486932624,13.56024486932624,8.439920833333334,0.08762500000000001,8.762500000000001
9.5%,0.09503707222222221,9.503707222222221,BPA2014,BPA,-336.0,-1.4,False,8.697942782239782,0.1356024486932624,13.56024486932624,8.491145833333334,0.08633333333333335,8.633333333333335
9.5%,0.09503707222222221,9.503707222222221,BPA2014,BPA,-312.0,-1.3,False,8.735557046797412,0.1356024486932624,13.56024486932624,8.524679166666667,0.083925,8.3925
9.5%,0.09503707222222221,9.503707222222221,BPA2014,BPA,-288.0,-1.2,False,8.764129297228713,0.1356024486932624,13.56024486932624,8.551400000000001,0.08344166666666666,8.344166666666666
9.5%,0.09503707222222221,9.503707222222221,BPA2014,BPA,-264.0,-1.1,False,8.785739910362002,0.1356024486932624,13.56024486932624,8.574958333333333,0.08355,8.355
9.5%,0.09503707222222221,9.503707222222221,BPA2014,BPA,-240.0,-1.0,False,8.801800523154126,0.1356024486932624,13.56024486932624,8.5995125,0.08373333333333333,8.373333333333333
9.5%,0.09503707222222221,9.503707222222221,BPA2014,BPA,-216.0,-0.9,False,8.813068407555104,0.1356024486932624,13.56024486932624,8.624008333333332,0.08451666666666666,8.451666666666666
9.5%,0.09503707222222221,9.503707222222221,BPA2014,BPA,-192.0,-0.8,False,8.819738313463649,0.1356024486932624,13.56024486932624,8.636320833333334,0.08545,8.545
9.5%,0.09503707222222221,9.503707222222221,BPA2014,BPA,-168.0,-0.7,False,8.821575430612066,0.1356024486932624,13.56024486932624,8.646829166666667,0.08553333333333334,8.553333333333333
9.5%,0.09503707222222221,9.503707222222221,BPA2014,BPA,-144.0,-0.6,False,8.81806368371123,0.1356024486932624,13.56024486932624,8.650695833333334,0.08555,8.555
9.5%,0.09503707222222221,9.503707222222221,BPA2014,BPA,-120.0,-0.5,True,8.808553887796352,0.14809148083257775,14.809148083257776,8.643766666666666,0.08602083333333334,8.602083333333335
9.5%,0.09503707222222221,9.503707222222221,BPA2014,BPA,-96.0,-0.4,True,8.792403864411053,0.14809148083257775,14.809148083257776,8.636175,0.0873625,8.73625
9.5%,0.09503707222222221,9.503707222222221,BPA2014,BPA,-72.0,-0.3,True,8.769106709352853,0.14809148083257775,14.809148083257776,8.6146125,0.08927083333333333,8.927083333333332
9.5%,0.09503707222222221,9.503707222222221,BPA2014,BPA,-48.0,-0.2,True,8.738404479867944,0.14809148083257775,14.809148083257776,8.585558333333333,0.090325,9.0325
9.5%,0.09503707222222221,9.503707222222221,BPA2014,BPA,-24.0,-0.1,True,8.700383722912663,0.14809148083257775,14.809148083257776,8.547408333333333,0.090725,9.0725
9.5%,0.09503707222222221,9.503707222222221,BPA2014,BPA,0.0,0.0,True,8.655547727237618,0.14809148083257775,14.809148083257776,8.490391666666666,0.09129583333333333,9.129583333333333
9.5%,0.09503707222222221,9.503707222222221,BPA2014,BPA,24.0,0.1,True,8.604859220320465,0.14809148083257775,14.809148083257776,8.42035,0.09270833333333334,9.270833333333334
9.5%,0.09503707222222221,9.503707222222221,BPA2014,BPA,48.0,0.2,True,8.549747201871739,0.14809148083257775,14.809148083257776,8.357645833333333,0.09502083333333333,9.502083333333333
9.5%,0.09503707222222221,9.503707222222221,BPA2014,BPA,72.0,0.3,True,8.492073093313873,0.14809148083257775,14.809148083257776,8.293270833333333,0.0969875,9.69875
9.5%,0.09503707222222221,9.503707222222221,BPA2014,BPA,96.0,0.4,True,8.434054399352686,0.14809148083257775,14.809148083257776,8.228158333333333,0.09714583333333332,9.714583333333332
9.5%,0.09503707222222221,9.503707222222221,BPA2014,BPA,120.0,0.5,True,8.378148295809822,0.14809148083257775,14.809148083257776,8.160016666666667,0.0957375,9.57375
9.5%,0.09503707222222221,9.503707222222221,BPA2014,BPA,144.0,0.6,False,8.3269023742409,0.14809148083257775,14.809148083257776,8.090570833333333,0.09398333333333334,9.398333333333333
9.5%,0.09503707222222221,9.503707222222221,BPA2014,BPA,168.0,0.7,False,8.282784409260918,0.14809148083257775,14.809148083257776,8.024145833333334,0.09122916666666667,9.122916666666667
9.5%,0.09503707222222221,9.503707222222221,BPA2014,BPA,192.0,0.8,False,8.248006644342915,0.14809148083257775,14.809148083257776,7.965466666666666,0.08982499999999999,8.982499999999998
9.5%,0.09503707222222221,9.503707222222221,BPA2014,BPA,216.0,0.9,False,8.224361994949216,0.14809148083257775,14.809148083257776,7.918675,0.08953333333333333,8.953333333333333
9.5%,0.09503707222222221,9.503707222222221,BPA2014,BPA,240.0,1.0,False,8.213089268227014,0.14809148083257775,14.809148083257776,7.8838541666666675,0.08853333333333332,8.853333333333332
9.5%,0.09503707222222221,9.503707222222221,BPA2014,BPA,264.0,1.1,False,8.214781870722026,0.14809148083257775,14.809148083257776,7.8637250000000005,0.08767083333333334,8.767083333333334
9.5%,0.09503707222222221,9.503707222222221,BPA2014,BPA,288.0,1.2,False,8.229349787055293,0.14809148083257775,14.809148083257776,7.851566666666667,0.08664583333333334,8.664583333333335
9.5%,0.09503707222222221,9.503707222222221,BPA2014,BPA,312.0,1.3,False,8.256038486975228,0.14809148083257775,14.809148083257776,7.852762499999999,0.08663333333333334,8.663333333333334
9.5%,0.09503707222222221,9.503707222222221,BPA2014,BPA,336.0,1.4,False,8.293501719077103,0.14809148083257775,14.809148083257776,7.884874999999999,0.08827916666666666,8.827916666666665
9.5%,0.09503707222222221,9.503707222222221,BPA2014,BPA,360.0,1.5,False,8.339918796613308,0.14809148083257775,14.809148083257776,7.944770833333333,0.08952500000000001,8.9525
9.5%,0.09503707222222221,9.503707222222221,NPA2016,NPA,-360.0,-1.5,False,8.819691386130259,0.14883791111917885,14.883791111917885,8.439920833333334,0.08762500000000001,8.762500000000001
9.5%,0.09503707222222221,9.503707222222221,NPA2016,NPA,-336.0,-1.4,False,8.857908385490202,0.14883791111917885,14.883791111917885,8.491145833333334,0.08633333333333335,8.633333333333335
9.5%,0.09503707222222221,9.503707222222221,NPA2016,NPA,-312.0,-1.3,False,8.889229460360813,0.14883791111917885,14.883791111917885,8.524679166666667,0.083925,8.3925
9.5%,0.09503707222222221,9.503707222222221,NPA2016,NPA,-288.0,-1.2,False,8.913755463404943,0.13551598760536748,13.551598760536749,8.551400000000001,0.08344166666666666,8.344166666666666
9.5%,0.09503707222222221,9.503707222222221,NPA2016,NPA,-264.0,-1.1,False,8.931812770187912,0.13551598760536748,13.551598760536749,8.574958333333333,0.08355,8.355
9.5%,0.09503707222222221,9.503707222222221,NPA2016,NPA,-240.0,-1.0,False,8.943891148875279,0.13551598760536748,13.551598760536749,8.5995125,0.08373333333333333,8.373333333333333
9.5%,0.09503707222222221,9.503707222222221,NPA2016,NPA,-216.0,-0.9,False,8.950576877182362,0.13551598760536748,13.551598760536749,8.624008333333332,0.08451666666666666,8.451666666666666
9.5%,0.09503707222222221,9.503707222222221,NPA2016,NPA,-192.0,-0.8,False,8.952504291866454,0.13551598760536748,13.551598760536749,8.636320833333334,0.08545,8.545
9.5%,0.09503707222222221,9.503707222222221,NPA2016,NPA,-168.0,-0.7,False,8.950313258302007,0.13551598760536748,13.551598760536749,8.646829166666667,0.08553333333333334,8.553333333333333
9.5%,0.09503707222222221,9.503707222222221,NPA2016,NPA,-144.0,-0.6,False,8.94462544291646,0.13551598760536748,13.551598760536749,8.650695833333334,0.08555,8.555
9.5%,0.09503707222222221,9.503707222222221,NPA2016,NPA,-120.0,-0.5,True,8.936030105396346,0.13551598760536748,13.551598760536749,8.643766666666666,0.08602083333333334,8.602083333333335
9.5%,0.09503707222222221,9.503707222222221,NPA2016,NPA,-96.0,-0.4,True,8.92507774035789,0.13551598760536748,13.551598760536749,8.636175,0.0873625,8.73625
9.5%,0.09503707222222221,9.503707222222221,NPA2016,NPA,-72.0,-0.3,True,8.912279835435704,0.13551598760536748,13.551598760536749,8.6146125,0.08927083333333333,8.927083333333332
9.5%,0.09503707222222221,9.503707222222221,NPA2016,NPA,-48.0,-0.2,True,8.898117896401676,0.13551598760536748,13.551598760536749,8.585558333333333,0.090325,9.0325
9.5%,0.09503707222222221,9.503707222222221,NPA2016,NPA,-24.0,-0.1,True,8.883045905736855,0.13551598760536748,13.551598760536749,8.547408333333333,0.090725,9.0725
9.5%,0.09503707222222221,9.503707222222221,NPA2016,NPA,0.0,0.0,True,8.86750108128612,0.13551598760536748,13.551598760536749,8.490391666666666,0.09129583333333333,9.129583333333333
9.5%,0.09503707222222221,9.503707222222221,NPA2016,NPA,24.0,0.1,True,8.85189897757348,0.13551598760536748,13.551598760536749,8.42035,0.09270833333333334,9.270833333333334
9.5%,0.09503707222222221,9.503707222222221,NPA2016,NPA,48.0,0.2,True,8.836646693816936,0.13551598760536748,13.551598760536749,8.357645833333333,0.09502083333333333,9.502083333333333
9.5%,0.09503707222222221,9.503707222222221,NPA2016,NPA,72.0,0.3,True,8.822129118398234,0.13551598760536748,13.551598760536749,8.293270833333333,0.0969875,9.69875
9.5%,0.09503707222222221,9.503707222222221,NPA2016,NPA,96.0,0.4,True,8.808716089098127,0.13551598760536748,13.551598760536749,8.228158333333333,0.09714583333333332,9.714583333333332
9.5%,0.09503707222222221,9.503707222222221,NPA2016,NPA,120.0,0.5,True,8.79674868924907,0.13551598760536748,13.551598760536749,8.160016666666667,0.0957375,9.57375
9.5%,0.09503707222222221,9.503707222222221,NPA2016,NPA,144.0,0.6,False,8.786535741493797,0.13551598760536748,13.551598760536749,8.090570833333333,0.09398333333333334,9.398333333333333
9.5%,0.09503707222222221,9.503707222222221,NPA2016,NPA,168.0,0.7,False,8.778346267117415,0.13551598760536748,13.551598760536749,8.024145833333334,0.09122916666666667,9.122916666666667
9.5%,0.09503707222222221,9.503707222222221,NPA2016,NPA,192.0,0.8,False,8.772394946516147,0.13551598760536748,13.551598760536749,7.965466666666666,0.08982499999999999,8.982499999999998
9.5%,0.09503707222222221,9.503707222222221,NPA2016,NPA,216.0,0.9,False,8.76884116850542,0.13551598760536748,13.551598760536749,7.918675,0.08953333333333333,8.953333333333333
9.5%,0.09503707222222221,9.503707222222221,NPA2016,NPA,240.0,1.0,False,8.76777810182239,0.13551598760536748,13.551598760536749,7.8838541666666675,0.08853333333333332,8.853333333333332
9.5%,0.09503707222222221,9.503707222222221,NPA2016,NPA,264.0,1.1,False,8.769233843727001,0.13551598760536748,13.551598760536749,7.8637250000000005,0.08767083333333334,8.767083333333334
9.5%,0.09503707222222221,9.503707222222221,NPA2016,NPA,288.0,1.2,False,8.773164110434118,0.13551598760536748,13.551598760536749,7.851566666666667,0.08664583333333334,8.664583333333335
9.5%,0.09503707222222221,9.503707222222221,NPA2016,NPA,312.0,1.3,False,8.779448710279702,0.13551598760536748,13.551598760536749,7.852762499999999,0.08663333333333334,8.663333333333334
9.5%,0.09503707222222221,9.503707222222221,NPA2016,NPA,336.0,1.4,False,8.787892297740468,0.13551598760536748,13.551598760536749,7.884874999999999,0.08827916666666666,8.827916666666665
9.5%,0.09503707222222221,9.503707222222221,NPA2016,NPA,360.0,1.5,False,8.798209780984799,0.13551598760536748,13.551598760536749,7.944770833333333,0.08952500000000001,8.9525
9.5%,0.09503707222222221,9.503707222222221,Nygaard2022,"TurbOPark, A=0.04",-360.0,-1.5,False,7.38075348601417,0.09503707222222221,9.503707222222221,8.439920833333334,0.08762500000000001,8.762500000000001
9.5%,0.09503707222222221,9.503707222222221,Nygaard2022,"TurbOPark, A=0.04",-336.0,-1.4,False,7.532854203153562,0.09503707222222221,9.503707222222221,8.491145833333334,0.08633333333333335,8.633333333333335
9.5%,0.09503707222222221,9.503707222222221,Nygaard2022,"TurbOPark, A=0.04",-312.0,-1.3,False,7.6775030476114825,0.09503707222222221,9.503707222222221,8.524679166666667,0.083925,8.3925
9.5%,0.09503707222222221,9.503707222222221,Nygaard2022,"TurbOPark, A=0.04",-288.0,-1.2,False,7.7794066778895345,0.09503707222222221,9.503707222222221,8.551400000000001,0.08344166666666666,8.344166666666666
9.5%,0.09503707222222221,9.503707222222221,Nygaard2022,"TurbOPark, A=0.04",-264.0,-1.1,False,7.82112132762301,0.09503707222222221,9.503707222222221,8.574958333333333,0.08355,8.355
9.5%,0.09503707222222221,9.503707222222221,Nygaard2022,"TurbOPark, A=0.04",-240.0,-1.0,False,7.811236448756474,0.09503707222222221,9.503707222222221,8.5995125,0.08373333333333333,8.373333333333333
9.5%,0.09503707222222221,9.503707222222221,Nygaard2022,"TurbOPark, A=0.04",-216.0,-0.9,False,7.77665547347939,0.09503707222222221,9.503707222222221,8.624008333333332,0.08451666666666666,8.451666666666666
9.5%,0.09503707222222221,9.503707222222221,Nygaard2022,"TurbOPark, A=0.04",-192.0,-0.8,False,7.746446373716697,0.09503707222222221,9.503707222222221,8.636320833333334,0.08545,8.545
9.5%,0.09503707222222221,9.503707222222221,Nygaard2022,"TurbOPark, A=0.04",-168.0,-0.7,False,7.740717916383273,0.09503707222222221,9.503707222222221,8.646829166666667,0.08553333333333334,8.553333333333333
9.5%,0.09503707222222221,9.503707222222221,Nygaard2022,"TurbOPark, A=0.04",-144.0,-0.6,False,7.76730633650344,0.09503707222222221,9.503707222222221,8.650695833333334,0.08555,8.555
9.5%,0.09503707222222221,9.503707222222221,Nygaard2022,"TurbOPark, A=0.04",-120.0,-0.5,True,7.822880455252477,0.09503707222222221,9.503707222222221,8.643766666666666,0.08602083333333334,8.602083333333335
9.5%,0.09503707222222221,9.503707222222221,Nygaard2022,"TurbOPark, A=0.04",-96.0,-0.4,True,7.895788577130525,0.09503707222222221,9.503707222222221,8.636175,0.0873625,8.73625
9.5%,0.09503707222222221,9.503707222222221,Nygaard2022,"TurbOPark, A=0.04",-72.0,-0.3,True,7.9700038211001285,0.09503707222222221,9.503707222222221,8.6146125,0.08927083333333333,8.927083333333332
9.5%,0.09503707222222221,9.503707222222221,Nygaard2022,"TurbOPark, A=0.04",-48.0,-0.2,True,8.029982300777908,0.09503707222222221,9.503707222222221,8.585558333333333,0.090325,9.0325
9.5%,0.09503707222222221,9.503707222222221,Nygaard2022,"TurbOPark, A=0.04",-24.0,-0.1,True,8.065348336484844,0.09503707222222221,9.503707222222221,8.547408333333333,0.090725,9.0725
9.5%,0.09503707222222221,9.503707222222221,Nygaard2022,"TurbOPark, A=0.04",0.0,0.0,True,8.072687650149502,0.09503707222222221,9.503707222222221,8.490391666666666,0.09129583333333333,9.129583333333333
9.5%,0.09503707222222221,9.503707222222221,Nygaard2022,"TurbOPark, A=0.04",24.0,0.1,True,8.052211150117083,0.09503707222222221,9.503707222222221,8.42035,0.09270833333333334,9.270833333333334
9.5%,0.09503707222222221,9.503707222222221,Nygaard2022,"TurbOPark, A=0.04",48.0,0.2,True,8.000953923183062,0.09503707222222221,9.503707222222221,8.357645833333333,0.09502083333333333,9.502083333333333
9.5%,0.09503707222222221,9.503707222222221,Nygaard2022,"TurbOPark, A=0.04",72.0,0.3,True,7.9082323658185665,0.09503707222222221,9.503707222222221,8.293270833333333,0.0969875,9.69875
9.5%,0.09503707222222221,9.503707222222221,Nygaard2022,"TurbOPark, A=0.04",96.0,0.4,True,7.759429219621494,0.09503707222222221,9.503707222222221,8.228158333333333,0.09714583333333332,9.714583333333332
9.5%,0.09503707222222221,9.503707222222221,Nygaard2022,"TurbOPark, A=0.04",120.0,0.5,True,7.548300850899539,0.09503707222222221,9.503707222222221,8.160016666666667,0.0957375,9.57375
9.5%,0.09503707222222221,9.503707222222221,Nygaard2022,"TurbOPark, A=0.04",144.0,0.6,False,7.288622515099828,0.09503707222222221,9.503707222222221,8.090570833333333,0.09398333333333334,9.398333333333333
9.5%,0.09503707222222221,9.503707222222221,Nygaard2022,"TurbOPark, A=0.04",168.0,0.7,False,7.015153316776274,0.09503707222222221,9.503707222222221,8.024145833333334,0.09122916666666667,9.122916666666667
9.5%,0.09503707222222221,9.503707222222221,Nygaard2022,"TurbOPark, A=0.04",192.0,0.8,False,6.7744849234613795,0.09503707222222221,9.503707222222221,7.965466666666666,0.08982499999999999,8.982499999999998
9.5%,0.09503707222222221,9.503707222222221,Nygaard2022,"TurbOPark, A=0.04",216.0,0.9,False,6.612379413317161,0.09503707222222221,9.503707222222221,7.918675,0.08953333333333333,8.953333333333333
9.5%,0.09503707222222221,9.503707222222221,Nygaard2022,"TurbOPark, A=0.04",240.0,1.0,False,6.561807867684628,0.09503707222222221,9.503707222222221,7.8838541666666675,0.08853333333333332,8.853333333333332
9.5%,0.09503707222222221,9.503707222222221,Nygaard2022,"TurbOPark, A=0.04",264.0,1.1,False,6.634444221422488,0.09503707222222221,9.503707222222221,7.8637250000000005,0.08767083333333334,8.767083333333334
9.5%,0.09503707222222221,9.503707222222221,Nygaard2022,"TurbOPark, A=0.04",288.0,1.2,False,6.815895008232558,0.09503707222222221,9.503707222222221,7.851566666666667,0.08664583333333334,8.664583333333335
9.5%,0.09503707222222221,9.503707222222221,Nygaard2022,"TurbOPark, A=0.04",312.0,1.3,False,7.066338574696607,0.09503707222222221,9.503707222222221,7.852762499999999,0.08663333333333334,8.663333333333334
9.5%,0.09503707222222221,9.503707222222221,Nygaard2022,"TurbOPark, A=0.04",336.0,1.4,False,7.32564801056985,0.09503707222222221,9.503707222222221,7.884874999999999,0.08827916666666666,8.827916666666665
9.5%,0.09503707222222221,9.503707222222221,Nygaard2022,"TurbOPark, A=0.04",360.0,1.5,False,7.527172759812987,0.09503707222222221,9.503707222222221,7.944770833333333,0.08952500000000001,8.9525
9.5%,0.09503707222222221,9.503707222222221,Nygaard2022_A0.06,"TurbOPark, A=0.06",-360.0,-1.5,False,7.923887055182243,0.09503707222222221,9.503707222222221,8.439920833333334,0.08762500000000001,8.762500000000001
9.5%,0.09503707222222221,9.503707222222221,Nygaard2022_A0.06,"TurbOPark, A=0.06",-336.0,-1.4,False,7.993331022084568,0.09503707222222221,9.503707222222221,8.491145833333334,0.08633333333333335,8.633333333333335
9.5%,0.09503707222222221,9.503707222222221,Nygaard2022_A0.06,"TurbOPark, A=0.06",-312.0,-1.3,False,8.06893072813,0.09503707222222221,9.503707222222221,8.524679166666667,0.083925,8.3925
9.5%,0.09503707222222221,9.503707222222221,Nygaard2022_A0.06,"TurbOPark, A=0.06",-288.0,-1.2,False,8.137978839529053,0.09503707222222221,9.503707222222221,8.551400000000001,0.08344166666666666,8.344166666666666
9.5%,0.09503707222222221,9.503707222222221,Nygaard2022_A0.06,"TurbOPark, A=0.06",-264.0,-1.1,False,8.19122586104708,0.09503707222222221,9.503707222222221,8.574958333333333,0.08355,8.355
9.5%,0.09503707222222221,9.503707222222221,Nygaard2022_A0.06,"TurbOPark, A=0.06",-240.0,-1.0,False,8.22559418784917,0.09503707222222221,9.503707222222221,8.5995125,0.08373333333333333,8.373333333333333
9.5%,0.09503707222222221,9.503707222222221,Nygaard2022_A0.06,"TurbOPark, A=0.06",-216.0,-0.9,False,8.244366868070008,0.09503707222222221,9.503707222222221,8.624008333333332,0.08451666666666666,8.451666666666666
9.5%,0.09503707222222221,9.503707222222221,Nygaard2022_A0.06,"TurbOPark, A=0.06",-192.0,-0.8,False,8.254776651883812,0.09503707222222221,9.503707222222221,8.636320833333334,0.08545,8.545
9.5%,0.09503707222222221,9.503707222222221,Nygaard2022_A0.06,"TurbOPark, A=0.06",-168.0,-0.7,False,8.264580614227826,0.09503707222222221,9.503707222222221,8.646829166666667,0.08553333333333334,8.553333333333333
9.5%,0.09503707222222221,9.503707222222221,Nygaard2022_A0.06,"TurbOPark, A=0.06",-144.0,-0.6,False,8.279468475156454,0.09503707222222221,9.503707222222221,8.650695833333334,0.08555,8.555
9.5%,0.09503707222222221,9.503707222222221,Nygaard2022_A0.06,"TurbOPark, A=0.06",-120.0,-0.5,True,8.301955158182603,0.09503707222222221,9.503707222222221,8.643766666666666,0.08602083333333334,8.602083333333335
9.5%,0.09503707222222221,9.503707222222221,Nygaard2022_A0.06,"TurbOPark, A=0.06",-96.0,-0.4,True,8.33146745001904,0.09503707222222221,9.503707222222221,8.636175,0.0873625,8.73625
9.5%,0.09503707222222221,9.503707222222221,Nygaard2022_A0.06,"TurbOPark, A=0.06",-72.0,-0.3,True,8.364956087386826,0.09503707222222221,9.503707222222221,8.6146125,0.08927083333333333,8.927083333333332
9.5%,0.09503707222222221,9.503707222222221,Nygaard2022_A0.06,"TurbOPark, A=0.06",-48.0,-0.2,True,8.397612679695891,0.09503707222222221,9.503707222222221,8.585558333333333,0.090325,9.0325
9.5%,0.09503707222222221,9.503707222222221,Nygaard2022_A0.06,"TurbOPark, A=0.06",-24.0,-0.1,True,8.423152927195632,0.09503707222222221,9.503707222222221,8.547408333333333,0.090725,9.0725
9.5%,0.09503707222222221,9.503707222222221,Nygaard2022_A0.06,"TurbOPark, A=0.06",0.0,0.0,True,8.433622607293723,0.09503707222222221,9.503707222222221,8.490391666666666,0.09129583333333333,9.129583333333333
9.5%,0.09503707222222221,9.503707222222221,Nygaard2022_A0.06,"TurbOPark, A=0.06",24.0,0.1,True,8.419192592440645,0.09503707222222221,9.503707222222221,8.42035,0.09270833333333334,9.270833333333334
9.5%,0.09503707222222221,9.503707222222221,Nygaard2022_A0.06,"TurbOPark, A=0.06",48.0,0.2,True,8.369253953274892,0.09503707222222221,9.503707222222221,8.357645833333333,0.09502083333333333,9.502083333333333
9.5%,0.09503707222222221,9.503707222222221,Nygaard2022_A0.06,"TurbOPark, A=0.06",72.0,0.3,True,8.27591703486525,0.09503707222222221,9.503707222222221,8.293270833333333,0.0969875,9.69875
9.5%,0.09503707222222221,9.503707222222221,Nygaard2022_A0.06,"TurbOPark, A=0.06",96.0,0.4,True,8.138668464405725,0.09503707222222221,9.503707222222221,8.228158333333333,0.09714583333333332,9.714583333333332
9.5%,0.09503707222222221,9.503707222222221,Nygaard2022_A0.06,"TurbOPark, A=0.06",120.0,0.5,True,7.966852998065594,0.09503707222222221,9.503707222222221,8.160016666666667,0.0957375,9.57375
9.5%,0.09503707222222221,9.503707222222221,Nygaard2022_A0.06,"TurbOPark, A=0.06",144.0,0.6,False,7.778465923307029,0.09503707222222221,9.503707222222221,8.090570833333333,0.09398333333333334,9.398333333333333
9.5%,0.09503707222222221,9.503707222222221,Nygaard2022_A0.06,"TurbOPark, A=0.06",168.0,0.7,False,7.5966083102544095,0.09503707222222221,9.503707222222221,8.024145833333334,0.09122916666666667,9.122916666666667
9.5%,0.09503707222222221,9.503707222222221,Nygaard2022_A0.06,"TurbOPark, A=0.06",192.0,0.8,False,7.445197170582942,0.09503707222222221,9.503707222222221,7.965466666666666,0.08982499999999999,8.982499999999998
9.5%,0.09503707222222221,9.503707222222221,Nygaard2022_A0.06,"TurbOPark, A=0.06",216.0,0.9,False,7.344749632650016,0.09503707222222221,9.503707222222221,7.918675,0.08953333333333333,8.953333333333333
9.5%,0.09503707222222221,9.503707222222221,Nygaard2022_A0.06,"TurbOPark, A=0.06",240.0,1.0,False,7.308682632647427,0.09503707222222221,9.503707222222221,7.8838541666666675,0.08853333333333332,8.853333333333332
9.5%,0.09503707222222221,9.503707222222221,Nygaard2022_A0.06,"TurbOPark, A=0.06",264.0,1.1,False,7.340600418317213,0.09503707222222221,9.503707222222221,7.8637250000000005,0.08767083333333334,8.767083333333334
9.5%,0.09503707222222221,9.503707222222221,Nygaard2022_A0.06,"TurbOPark, A=0.06",288.0,1.2,False,7.432912906643812,0.09503707222222221,9.503707222222221,7.851566666666667,0.08664583333333334,8.664583333333335
9.5%,0.09503707222222221,9.503707222222221,Nygaard2022_A0.06,"TurbOPark, A=0.06",312.0,1.3,False,7.567509338838349,0.09503707222222221,9.503707222222221,7.852762499999999,0.08663333333333334,8.663333333333334
9.5%,0.09503707222222221,9.503707222222221,Nygaard2022_A0.06,"TurbOPark, A=0.06",336.0,1.4,False,7.718465854439247,0.09503707222222221,9.503707222222221,7.884874999999999,0.08827916666666666,8.827916666666665
9.5%,0.09503707222222221,9.503707222222221,Nygaard2022_A0.06,"TurbOPark, A=0.06",360.0,1.5,False,7.857272679985643,0.09503707222222221,9.503707222222221,7.944770833333333,0.08952500000000001,8.9525
10.1%,0.10120448666666666,10.120448666666666,BPA2014,BPA,-360.0,-1.5,False,8.648643276820101,0.13985766978355957,13.985766978355956,8.439920833333334,0.08762500000000001,8.762500000000001
10.1%,0.10120448666666666,10.120448666666666,BPA2014,BPA,-336.0,-1.4,False,8.697942782239782,0.13985766978355957,13.985766978355956,8.491145833333334,0.08633333333333335,8.633333333333335
10.1%,0.10120448666666666,10.120448666666666,BPA2014,BPA,-312.0,-1.3,False,8.735557046797412,0.13985766978355957,13.985766978355956,8.524679166666667,0.083925,8.3925
10.1%,0.10120448666666666,10.120448666666666,BPA2014,BPA,-288.0,-1.2,False,8.764129297228713,0.13985766978355957,13.985766978355956,8.551400000000001,0.08344166666666666,8.344166666666666
10.1%,0.10120448666666666,10.120448666666666,BPA2014,BPA,-264.0,-1.1,False,8.785739910362002,0.13985766978355957,13.985766978355956,8.574958333333333,0.08355,8.355
10.1%,0.10120448666666666,10.120448666666666,BPA2014,BPA,-240.0,-1.0,False,8.801800523154126,0.13985766978355957,13.985766978355956,8.5995125,0.08373333333333333,8.373333333333333
10.1%,0.10120448666666666,10.120448666666666,BPA2014,BPA,-216.0,-0.9,False,8.813068407555104,0.13985766978355957,13.985766978355956,8.624008333333332,0.08451666666666666,8.451666666666666
10.1%,0.10120448666666666,10.120448666666666,BPA2014,BPA,-192.0,-0.8,False,8.819738313463649,0.13985766978355957,13.985766978355956,8.636320833333334,0.08545,8.545
10.1%,0.10120448666666666,10.120448666666666,BPA2014,BPA,-168.0,-0.7,False,8.821575430612066,0.13985766978355957,13.985766978355956,8.646829166666667,0.08553333333333334,8.553333333333333
10.1%,0.10120448666666666,10.120448666666666,BPA2014,BPA,-144.0,-0.6,False,8.81806368371123,0.13985766978355957,13.985766978355956,8.650695833333334,0.08555,8.555
10.1%,0.10120448666666666,10.120448666666666,BPA2014,BPA,-120.0,-0.5,True,8.808553887796352,0.15194992483351724,15.194992483351724,8.643766666666666,0.08602083333333334,8.602083333333335
10.1%,0.10120448666666666,10.120448666666666,BPA2014,BPA,-96.0,-0.4,True,8.792403864411053,0.15194992483351724,15.194992483351724,8.636175,0.0873625,8.73625
10.1%,0.10120448666666666,10.120448666666666,BPA2014,BPA,-72.0,-0.3,True,8.769106709352853,0.15194992483351724,15.194992483351724,8.6146125,0.08927083333333333,8.927083333333332
10.1%,0.10120448666666666,10.120448666666666,BPA2014,BPA,-48.0,-0.2,True,8.738404479867944,0.15194992483351724,15.194992483351724,8.585558333333333,0.090325,9.0325
10.1%,0.10120448666666666,10.120448666666666,BPA2014,BPA,-24.0,-0.1,True,8.700383722912663,0.15194992483351724,15.194992483351724,8.547408333333333,0.090725,9.0725
10.1%,0.10120448666666666,10.120448666666666,BPA2014,BPA,0.0,0.0,True,8.655547727237618,0.15194992483351724,15.194992483351724,8.490391666666666,0.09129583333333333,9.129583333333333
10.1%,0.10120448666666666,10.120448666666666,BPA2014,BPA,24.0,0.1,True,8.604859220320465,0.15194992483351724,15.194992483351724,8.42035,0.09270833333333334,9.270833333333334
10.1%,0.10120448666666666,10.120448666666666,BPA2014,BPA,48.0,0.2,True,8.549747201871739,0.15194992483351724,15.194992483351724,8.357645833333333,0.09502083333333333,9.502083333333333
10.1%,0.10120448666666666,10.120448666666666,BPA2014,BPA,72.0,0.3,True,8.492073093313873,0.15194992483351724,15.194992483351724,8.293270833333333,0.0969875,9.69875
10.1%,0.10120448666666666,10.120448666666666,BPA2014,BPA,96.0,0.4,True,8.434054399352686,0.15194992483351724,15.194992483351724,8.228158333333333,0.09714583333333332,9.714583333333332
10.1%,0.10120448666666666,10.120448666666666,BPA2014,BPA,120.0,0.5,True,8.378148295809822,0.15194992483351724,15.194992483351724,8.160016666666667,0.0957375,9.57375
10.1%,0.10120448666666666,10.120448666666666,BPA2014,BPA,144.0,0.6,False,8.3269023742409,0.15194992483351724,15.194992483351724,8.090570833333333,0.09398333333333334,9.398333333333333
10.1%,0.10120448666666666,10.120448666666666,BPA2014,BPA,168.0,0.7,False,8.282784409260918,0.15194992483351724,15.194992483351724,8.024145833333334,0.09122916666666667,9.122916666666667
10.1%,0.10120448666666666,10.120448666666666,BPA2014,BPA,192.0,0.8,False,8.248006644342915,0.15194992483351724,15.194992483351724,7.965466666666666,0.08982499999999999,8.982499999999998
10.1%,0.10120448666666666,10.120448666666666,BPA2014,BPA,216.0,0.9,False,8.224361994949216,0.15194992483351724,15.194992483351724,7.918675,0.08953333333333333,8.953333333333333
10.1%,0.10120448666666666,10.120448666666666,BPA2014,BPA,240.0,1.0,False,8.213089268227014,0.15194992483351724,15.194992483351724,7.8838541666666675,0.08853333333333332,8.853333333333332
10.1%,0.10120448666666666,10.120448666666666,BPA2014,BPA,264.0,1.1,False,8.214781870722026,0.15194992483351724,15.194992483351724,7.8637250000000005,0.08767083333333334,8.767083333333334
10.1%,0.10120448666666666,10.120448666666666,BPA2014,BPA,288.0,1.2,False,8.229349787055293,0.15194992483351724,15.194992483351724,7.851566666666667,0.08664583333333334,8.664583333333335
10.1%,0.10120448666666666,10.120448666666666,BPA2014,BPA,312.0,1.3,False,8.256038486975228,0.15194992483351724,15.194992483351724,7.852762499999999,0.08663333333333334,8.663333333333334
10.1%,0.10120448666666666,10.120448666666666,BPA2014,BPA,336.0,1.4,False,8.293501719077103,0.15194992483351724,15.194992483351724,7.884874999999999,0.08827916666666666,8.827916666666665
10.1%,0.10120448666666666,10.120448666666666,BPA2014,BPA,360.0,1.5,False,8.339918796613308,0.15194992483351724,15.194992483351724,7.944770833333333,0.08952500000000001,8.9525
10.1%,0.10120448666666666,10.120448666666666,NPA2016,NPA,-360.0,-1.5,False,8.83076802444034,0.15302349155593425,15.302349155593426,8.439920833333334,0.08762500000000001,8.762500000000001
10.1%,0.10120448666666666,10.120448666666666,NPA2016,NPA,-336.0,-1.4,False,8.8676201906742,0.15302349155593425,15.302349155593426,8.491145833333334,0.08633333333333335,8.633333333333335
10.1%,0.10120448666666666,10.120448666666666,NPA2016,NPA,-312.0,-1.3,False,8.89807323055366,0.15302349155593425,15.302349155593426,8.524679166666667,0.083925,8.3925
10.1%,0.10120448666666666,10.120448666666666,NPA2016,NPA,-288.0,-1.2,False,8.922159211796394,0.15302349155593425,15.302349155593426,8.551400000000001,0.08344166666666666,8.344166666666666
10.1%,0.10120448666666666,10.120448666666666,NPA2016,NPA,-264.0,-1.1,False,8.940136704512167,0.14004544098951607,14.004544098951607,8.574958333333333,0.08355,8.355
10.1%,0.10120448666666666,10.120448666666666,NPA2016,NPA,-240.0,-1.0,False,8.952421844586404,0.14004544098951607,14.004544098951607,8.5995125,0.08373333333333333,8.373333333333333
10.1%,0.10120448666666666,10.120448666666666,NPA2016,NPA,-216.0,-0.9,False,8.95953693989437,0.14004544098951607,14.004544098951607,8.624008333333332,0.08451666666666666,8.451666666666666
10.1%,0.10120448666666666,10.120448666666666,NPA2016,NPA,-192.0,-0.8,False,8.962070322712192,0.14004544098951607,14.004544098951607,8.636320833333334,0.08545,8.545
10.1%,0.10120448666666666,10.120448666666666,NPA2016,NPA,-168.0,-0.7,False,8.960623166427721,0.14004544098951607,14.004544098951607,8.646829166666667,0.08553333333333334,8.553333333333333
10.1%,0.10120448666666666,10.120448666666666,NPA2016,NPA,-144.0,-0.6,False,8.955797761842792,0.14004544098951607,14.004544098951607,8.650695833333334,0.08555,8.555
10.1%,0.10120448666666666,10.120448666666666,NPA2016,NPA,-120.0,-0.5,True,8.948169844482434,0.14004544098951607,14.004544098951607,8.643766666666666,0.08602083333333334,8.602083333333335
10.1%,0.10120448666666666,10.120448666666666,NPA2016,NPA,-96.0,-0.4,True,8.938278781152654,0.14004544098951607,14.004544098951607,8.636175,0.0873625,8.73625
10.1%,0.10120448666666666,10.120448666666666,NPA2016,NPA,-72.0,-0.3,True,8.926631049795628,0.14004544098951607,14.004544098951607,8.6146125,0.08927083333333333,8.927083333333332
10.1%,0.10120448666666666,10.120448666666666,NPA2016,NPA,-48.0,-0.2,True,8.913701875136425,0.14004544098951607,14.004544098951607,8.585558333333333,0.090325,9.0325
10.1%,0.10120448666666666,10.120448666666666,NPA2016,NPA,-24.0,-0.1,True,8.899935623134251,0.14004544098951607,14.004544098951607,8.547408333333333,0.090725,9.0725
10.1%,0.10120448666666666,10.120448666666666,NPA2016,NPA,0.0,0.0,True,8.88575077124155,0.14004544098951607,14.004544098951607,8.490391666666666,0.09129583333333333,9.129583333333333
10.1%,0.10120448666666666,10.120448666666666,NPA2016,NPA,24.0,0.1,True,8.871544799885044,0.14004544098951607,14.004544098951607,8.42035,0.09270833333333334,9.270833333333334
10.1%,0.10120448666666666,10.120448666666666,NPA2016,NPA,48.0,0.2,True,8.85769276812225,0.14004544098951607,14.004544098951607,8.357645833333333,0.09502083333333333,9.502083333333333
10.1%,0.10120448666666666,10.120448666666666,NPA2016,NPA,72.0,0.3,True,8.844553351527605,0.14004544098951607,14.004544098951607,8.293270833333333,0.0969875,9.69875
10.1%,0.10120448666666666,10.120448666666666,NPA2016,NPA,96.0,0.4,True,8.832458329007784,0.14004544098951607,14.004544098951607,8.228158333333333,0.09714583333333332,9.714583333333332
10.1%,0.10120448666666666,10.120448666666666,NPA2016,NPA,120.0,0.5,True,8.821708638533599,0.14004544098951607,14.004544098951607,8.160016666666667,0.0957375,9.57375
10.1%,0.10120448666666666,10.120448666666666,NPA2016,NPA,144.0,0.6,False,8.812580903499983,0.14004544098951607,14.004544098951607,8.090570833333333,0.09398333333333334,9.398333333333333
10.1%,0.10120448666666666,10.120448666666666,NPA2016,NPA,168.0,0.7,False,8.805306498551678,0.14004544098951607,14.004544098951607,8.024145833333334,0.09122916666666667,9.122916666666667
10.1%,0.10120448666666666,10.120448666666666,NPA2016,NPA,192.0,0.8,False,8.800066878125435,0.14004544098951607,14.004544098951607,7.965466666666666,0.08982499999999999,8.982499999999998
10.1%,0.10120448666666666,10.120448666666666,NPA2016,NPA,216.0,0.9,False,8.797000921478944,0.14004544098951607,14.004544098951607,7.918675,0.08953333333333333,8.953333333333333
10.1%,0.10120448666666666,10.120448666666666,NPA2016,NPA,240.0,1.0,False,8.796192039949036,0.14004544098951607,14.004544098951607,7.8838541666666675,0.08853333333333332,8.853333333333332
10.1%,0.10120448666666666,10.120448666666666,NPA2016,NPA,264.0,1.1,False,8.79765034544395,0.14004544098951607,14.004544098951607,7.8637250000000005,0.08767083333333334,8.767083333333334
10.1%,0.10120448666666666,10.120448666666666,NPA2016,NPA,288.0,1.2,False,8.801332564678837,0.14004544098951607,14.004544098951607,7.851566666666667,0.08664583333333334,8.664583333333335
10.1%,0.10120448666666666,10.120448666666666,NPA2016,NPA,312.0,1.3,False,8.807133353842667,0.14004544098951607,14.004544098951607,7.852762499999999,0.08663333333333334,8.663333333333334
10.1%,0.10120448666666666,10.120448666666666,NPA2016,NPA,336.0,1.4,False,8.81486048326574,0.14004544098951607,14.004544098951607,7.884874999999999,0.08827916666666666,8.827916666666665
10.1%,0.10120448666666666,10.120448666666666,NPA2016,NPA,360.0,1.5,False,8.824248011355797,0.14004544098951607,14.004544098951607,7.944770833333333,0.08952500000000001,8.9525
10.1%,0.10120448666666666,10.120448666666666,Nygaard2022,"TurbOPark, A=0.04",-360.0,-1.5,False,7.417843740223297,0.10120448666666666,10.120448666666666,8.439920833333334,0.08762500000000001,8.762500000000001
10.1%,0.10120448666666666,10.120448666666666,Nygaard2022,"TurbOPark, A=0.04",-336.0,-1.4,False,7.563845256957456,0.10120448666666666,10.120448666666666,8.491145833333334,0.08633333333333335,8.633333333333335
10.1%,0.10120448666666666,10.120448666666666,Nygaard2022,"TurbOPark, A=0.04",-312.0,-1.3,False,7.704499150709691,0.10120448666666666,10.120448666666666,8.524679166666667,0.083925,8.3925
10.1%,0.10120448666666666,10.120448666666666,Nygaard2022,"TurbOPark, A=0.04",-288.0,-1.2,False,7.806606550696841,0.10120448666666666,10.120448666666666,8.551400000000001,0.08344166666666666,8.344166666666666
10.1%,0.10120448666666666,10.120448666666666,Nygaard2022,"TurbOPark, A=0.04",-264.0,-1.1,False,7.853043282891658,0.10120448666666666,10.120448666666666,8.574958333333333,0.08355,8.355
10.1%,0.10120448666666666,10.120448666666666,Nygaard2022,"TurbOPark, A=0.04",-240.0,-1.0,False,7.85042647812524,0.10120448666666666,10.120448666666666,8.5995125,0.08373333333333333,8.373333333333333
10.1%,0.10120448666666666,10.120448666666666,Nygaard2022,"TurbOPark, A=0.04",-216.0,-0.9,False,7.82282598697566,0.10120448666666666,10.120448666666666,8.624008333333332,0.08451666666666666,8.451666666666666
10.1%,0.10120448666666666,10.120448666666666,Nygaard2022,"TurbOPark, A=0.04",-192.0,-0.8,False,7.797169734796936,0.10120448666666666,10.120448666666666,8.636320833333334,0.08545,8.545
10.1%,0.10120448666666666,10.120448666666666,Nygaard2022,"TurbOPark, A=0.04",-168.0,-0.7,False,7.792614669124674,0.10120448666666666,10.120448666666666,8.646829166666667,0.08553333333333334,8.553333333333333
10.1%,0.10120448666666666,10.120448666666666,Nygaard2022,"TurbOPark, A=0.04",-144.0,-0.6,False,7.817145478898111,0.10120448666666666,10.120448666666666,8.650695833333334,0.08555,8.555
10.1%,0.10120448666666666,10.120448666666666,Nygaard2022,"TurbOPark, A=0.04",-120.0,-0.5,True,7.868424431637379,0.10120448666666666,10.120448666666666,8.643766666666666,0.08602083333333334,8.602083333333335
10.1%,0.10120448666666666,10.120448666666666,Nygaard2022,"TurbOPark, A=0.04",-96.0,-0.4,True,7.936337290750181,0.10120448666666666,10.120448666666666,8.636175,0.0873625,8.73625
10.1%,0.10120448666666666,10.120448666666666,Nygaard2022,"TurbOPark, A=0.04",-72.0,-0.3,True,8.006663061058273,0.10120448666666666,10.120448666666666,8.6146125,0.08927083333333333,8.927083333333332
10.1%,0.10120448666666666,10.120448666666666,Nygaard2022,"TurbOPark, A=0.04",-48.0,-0.2,True,8.065333518648226,0.10120448666666666,10.120448666666666,8.585558333333333,0.090325,9.0325
10.1%,0.10120448666666666,10.120448666666666,Nygaard2022,"TurbOPark, A=0.04",-24.0,-0.1,True,8.102384275931215,0.10120448666666666,10.120448666666666,8.547408333333333,0.090725,9.0725
10.1%,0.10120448666666666,10.120448666666666,Nygaard2022,"TurbOPark, A=0.04",0.0,0.0,True,8.113389385845583,0.10120448666666666,10.120448666666666,8.490391666666666,0.09129583333333333,9.129583333333333
10.1%,0.10120448666666666,10.120448666666666,Nygaard2022,"TurbOPark, A=0.04",24.0,0.1,True,8.096545638303473,0.10120448666666666,10.120448666666666,8.42035,0.09270833333333334,9.270833333333334
10.1%,0.10120448666666666,10.120448666666666,Nygaard2022,"TurbOPark, A=0.04",48.0,0.2,True,8.046856727615397,0.10120448666666666,10.120448666666666,8.357645833333333,0.09502083333333333,9.502083333333333
10.1%,0.10120448666666666,10.120448666666666,Nygaard2022,"TurbOPark, A=0.04",72.0,0.3,True,7.952662297919778,0.10120448666666666,10.120448666666666,8.293270833333333,0.0969875,9.69875
10.1%,0.10120448666666666,10.120448666666666,Nygaard2022,"TurbOPark, A=0.04",96.0,0.4,True,7.80005927489046,0.10120448666666666,10.120448666666666,8.228158333333333,0.09714583333333332,9.714583333333332
10.1%,0.10120448666666666,10.120448666666666,Nygaard2022,"TurbOPark, A=0.04",120.0,0.5,True,7.584928461818006,0.10120448666666666,10.120448666666666,8.160016666666667,0.0957375,9.57375
10.1%,0.10120448666666666,10.120448666666666,Nygaard2022,"TurbOPark, A=0.04",144.0,0.6,False,7.32295694622683,0.10120448666666666,10.120448666666666,8.090570833333333,0.09398333333333334,9.398333333333333
10.1%,0.10120448666666666,10.120448666666666,Nygaard2022,"TurbOPark, A=0.04",168.0,0.7,False,7.049396561130021,0.10120448666666666,10.120448666666666,8.024145833333334,0.09122916666666667,9.122916666666667
10.1%,0.10120448666666666,10.120448666666666,Nygaard2022,"TurbOPark, A=0.04",192.0,0.8,False,6.809938880545074,0.10120448666666666,10.120448666666666,7.965466666666666,0.08982499999999999,8.982499999999998
10.1%,0.10120448666666666,10.120448666666666,Nygaard2022,"TurbOPark, A=0.04",216.0,0.9,False,6.648814890614059,0.10120448666666666,10.120448666666666,7.918675,0.08953333333333333,8.953333333333333
10.1%,0.10120448666666666,10.120448666666666,Nygaard2022,"TurbOPark, A=0.04",240.0,1.0,False,6.597617072067656,0.10120448666666666,10.120448666666666,7.8838541666666675,0.08853333333333332,8.853333333333332
10.1%,0.10120448666666666,10.120448666666666,Nygaard2022,"TurbOPark, A=0.04",264.0,1.1,False,6.667322614965668,0.10120448666666666,10.120448666666666,7.8637250000000005,0.08767083333333334,8.767083333333334
10.1%,0.10120448666666666,10.120448666666666,Nygaard2022,"TurbOPark, A=0.04",288.0,1.2,False,6.843814754024305,0.10120448666666666,10.120448666666666,7.851566666666667,0.08664583333333334,8.664583333333335
10.1%,0.10120448666666666,10.120448666666666,Nygaard2022,"TurbOPark, A=0.04",312.0,1.3,False,7.088505351373059,0.10120448666666666,10.120448666666666,7.852762499999999,0.08663333333333334,8.663333333333334
10.1%,0.10120448666666666,10.120448666666666,Nygaard2022,"TurbOPark, A=0.04",336.0,1.4,False,7.343609384810891,0.10120448666666666,10.120448666666666,7.884874999999999,0.08827916666666666,8.827916666666665
10.1%,0.10120448666666666,10.120448666666666,Nygaard2022,"TurbOPark, A=0.04",360.0,1.5,False,7.545033071933746,0.10120448666666666,10.120448666666666,7.944770833333333,0.08952500000000001,8.9525
10.1%,0.10120448666666666,10.120448666666666,Nygaard2022_A0.06,"TurbOPark, A=0.06",-360.0,-1.5,False,7.957945548729942,0.10120448666666666,10.120448666666666,8.439920833333334,0.08762500000000001,8.762500000000001
10.1%,0.10120448666666666,10.120448666666666,Nygaard2022_A0.06,"TurbOPark, A=0.06",-336.0,-1.4,False,8.024270985630205,0.10120448666666666,10.120448666666666,8.491145833333334,0.08633333333333335,8.633333333333335
10.1%,0.10120448666666666,10.120448666666666,Nygaard2022_A0.06,"TurbOPark, A=0.06",-312.0,-1.3,False,8.09740742716235,0.10120448666666666,10.120448666666666,8.524679166666667,0.083925,8.3925
10.1%,0.10120448666666666,10.120448666666666,Nygaard2022_A0.06,"TurbOPark, A=0.06",-288.0,-1.2,False,8.165538749770553,0.10120448666666666,10.120448666666666,8.551400000000001,0.08344166666666666,8.344166666666666
10.1%,0.10120448666666666,10.120448666666666,Nygaard2022_A0.06,"TurbOPark, A=0.06",-264.0,-1.1,False,8.219763897506219,0.10120448666666666,10.120448666666666,8.574958333333333,0.08355,8.355
10.1%,0.10120448666666666,10.120448666666666,Nygaard2022_A0.06,"TurbOPark, A=0.06",-240.0,-1.0,False,8.256639866109756,0.10120448666666666,10.120448666666666,8.5995125,0.08373333333333333,8.373333333333333
10.1%,0.10120448666666666,10.120448666666666,Nygaard2022_A0.06,"TurbOPark, A=0.06",-216.0,-0.9,False,8.278503226430821,0.10120448666666666,10.120448666666666,8.624008333333332,0.08451666666666666,8.451666666666666
10.1%,0.10120448666666666,10.120448666666666,Nygaard2022_A0.06,"TurbOPark, A=0.06",-192.0,-0.8,False,8.291591448561068,0.10120448666666666,10.120448666666666,8.636320833333334,0.08545,8.545
10.1%,0.10120448666666666,10.120448666666666,Nygaard2022_A0.06,"TurbOPark, A=0.06",-168.0,-0.7,False,8.30294718435297,0.10120448666666666,10.120448666666666,8.646829166666667,0.08553333333333334,8.553333333333333
10.1%,0.10120448666666666,10.120448666666666,Nygaard2022_A0.06,"TurbOPark, A=0.06",-144.0,-0.6,False,8.318051712024811,0.10120448666666666,10.120448666666666,8.650695833333334,0.08555,8.555
10.1%,0.10120448666666666,10.120448666666666,Nygaard2022_A0.06,"TurbOPark, A=0.06",-120.0,-0.5,True,8.339605687887591,0.10120448666666666,10.120448666666666,8.643766666666666,0.08602083333333334,8.602083333333335
10.1%,0.10120448666666666,10.120448666666666,Nygaard2022_A0.06,"TurbOPark, A=0.06",-96.0,-0.4,True,8.367478693361342,0.10120448666666666,10.120448666666666,8.636175,0.0873625,8.73625
10.1%,0.10120448666666666,10.120448666666666,Nygaard2022_A0.06,"TurbOPark, A=0.06",-72.0,-0.3,True,8.399193105597234,0.10120448666666666,10.120448666666666,8.6146125,0.08927083333333333,8.927083333333332
10.1%,0.10120448666666666,10.120448666666666,Nygaard2022_A0.06,"TurbOPark, A=0.06",-48.0,-0.2,True,8.430359518743254,0.10120448666666666,10.120448666666666,8.585558333333333,0.090325,9.0325
10.1%,0.10120448666666666,10.120448666666666,Nygaard2022_A0.06,"TurbOPark, A=0.06",-24.0,-0.1,True,8.454875435263386,0.10120448666666666,10.120448666666666,8.547408333333333,0.090725,9.0725
10.1%,0.10120448666666666,10.120448666666666,Nygaard2022_A0.06,"TurbOPark, A=0.06",0.0,0.0,True,8.464623873409925,0.10120448666666666,10.120448666666666,8.490391666666666,0.09129583333333333,9.129583333333333
10.1%,0.10120448666666666,10.120448666666666,Nygaard2022_A0.06,"TurbOPark, A=0.06",24.0,0.1,True,8.449400370268283,0.10120448666666666,10.120448666666666,8.42035,0.09270833333333334,9.270833333333334
10.1%,0.10120448666666666,10.120448666666666,Nygaard2022_A0.06,"TurbOPark, A=0.06",48.0,0.2,True,8.398329288596235,0.10120448666666666,10.120448666666666,8.357645833333333,0.09502083333333333,9.502083333333333
10.1%,0.10120448666666666,10.120448666666666,Nygaard2022_A0.06,"TurbOPark, A=0.06",72.0,0.3,True,8.303726373243979,0.10120448666666666,10.120448666666666,8.293270833333333,0.0969875,9.69875
10.1%,0.10120448666666666,10.120448666666666,Nygaard2022_A0.06,"TurbOPark, A=0.06",96.0,0.4,True,8.16569244426972,0.10120448666666666,10.120448666666666,8.228158333333333,0.09714583333333332,9.714583333333332
10.1%,0.10120448666666666,10.120448666666666,Nygaard2022_A0.06,"TurbOPark, A=0.06",120.0,0.5,True,7.994118752605022,0.10120448666666666,10.120448666666666,8.160016666666667,0.0957375,9.57375
10.1%,0.10120448666666666,10.120448666666666,Nygaard2022_A0.06,"TurbOPark, A=0.06",144.0,0.6,False,7.807090807027928,0.10120448666666666,10.120448666666666,8.090570833333333,0.09398333333333334,9.398333333333333
10.1%,0.10120448666666666,10.120448666666666,Nygaard2022_A0.06,"TurbOPark, A=0.06",168.0,0.7,False,7.6272575989666525,0.10120448666666666,10.120448666666666,8.024145833333334,0.09122916666666667,9.122916666666667
10.1%,0.10120448666666666,10.120448666666666,Nygaard2022_A0.06,"TurbOPark, A=0.06",192.0,0.8,False,7.477769917497332,0.10120448666666666,10.120448666666666,7.965466666666666,0.08982499999999999,8.982499999999998
10.1%,0.10120448666666666,10.120448666666666,Nygaard2022_A0.06,"TurbOPark, A=0.06",216.0,0.9,False,7.378375515548012,0.10120448666666666,10.120448666666666,7.918675,0.08953333333333333,8.953333333333333
10.1%,0.10120448666666666,10.120448666666666,Nygaard2022_A0.06,"TurbOPark, A=0.06",240.0,1.0,False,7.341871177217447,0.10120448666666666,10.120448666666666,7.8838541666666675,0.08853333333333332,8.853333333333332
10.1%,0.10120448666666666,10.120448666666666,Nygaard2022_A0.06,"TurbOPark, A=0.06",264.0,1.1,False,7.371710889148501,0.10120448666666666,10.120448666666666,7.8637250000000005,0.08767083333333334,8.767083333333334
10.1%,0.10120448666666666,10.120448666666666,Nygaard2022_A0.06,"TurbOPark, A=0.06",288.0,1.2,False,7.46062898991161,0.10120448666666666,10.120448666666666,7.851566666666667,0.08664583333333334,8.664583333333335
10.1%,0.10120448666666666,10.120448666666666,Nygaard2022_A0.06,"TurbOPark, A=0.06",312.0,1.3,False,7.591413900642167,0.10120448666666666,10.120448666666666,7.852762499999999,0.08663333333333334,8.663333333333334
10.1%,0.10120448666666666,10.120448666666666,Nygaard2022_A0.06,"TurbOPark, A=0.06",336.0,1.4,False,7.739412530240624,0.10120448666666666,10.120448666666666,7.884874999999999,0.08827916666666666,8.827916666666665
10.1%,0.10120448666666666,10.120448666666666,Nygaard2022_A0.06,"TurbOPark, A=0.06",360.0,1.5,False,7.877382024642184,0.10120448666666666,10.120448666666666,7.944770833333333,0.08952500000000001,8.9525
10.7%,0.10737190111111111,10.737190111111111,BPA2014,BPA,-360.0,-1.5,False,8.648643276820101,0.14425943865718271,14.42594386571827,8.439920833333334,0.08762500000000001,8.762500000000001
10.7%,0.10737190111111111,10.737190111111111,BPA2014,BPA,-336.0,-1.4,False,8.697942782239782,0.14425943865718271,14.42594386571827,8.491145833333334,0.08633333333333335,8.633333333333335
10.7%,0.10737190111111111,10.737190111111111,BPA2014,BPA,-312.0,-1.3,False,8.735557046797412,0.14425943865718271,14.42594386571827,8.524679166666667,0.083925,8.3925
10.7%,0.10737190111111111,10.737190111111111,BPA2014,BPA,-288.0,-1.2,False,8.764129297228713,0.14425943865718271,14.42594386571827,8.551400000000001,0.08344166666666666,8.344166666666666
10.7%,0.10737190111111111,10.737190111111111,BPA2014,BPA,-264.0,-1.1,False,8.785739910362002,0.14425943865718271,14.42594386571827,8.574958333333333,0.08355,8.355
10.7%,0.10737190111111111,10.737190111111111,BPA2014,BPA,-240.0,-1.0,False,8.801800523154126,0.14425943865718271,14.42594386571827,8.5995125,0.08373333333333333,8.373333333333333
10.7%,0.10737190111111111,10.737190111111111,BPA2014,BPA,-216.0,-0.9,False,8.813068407555104,0.14425943865718271,14.42594386571827,8.624008333333332,0.08451666666666666,8.451666666666666
10.7%,0.10737190111111111,10.737190111111111,BPA2014,BPA,-192.0,-0.8,False,8.819738313463649,0.14425943865718271,14.42594386571827,8.636320833333334,0.08545,8.545
10.7%,0.10737190111111111,10.737190111111111,BPA2014,BPA,-168.0,-0.7,False,8.821575430612066,0.14425943865718271,14.42594386571827,8.646829166666667,0.08553333333333334,8.553333333333333
10.7%,0.10737190111111111,10.737190111111111,BPA2014,BPA,-144.0,-0.6,False,8.81806368371123,0.14425943865718271,14.42594386571827,8.650695833333334,0.08555,8.555
10.7%,0.10737190111111111,10.737190111111111,BPA2014,BPA,-120.0,-0.5,True,8.808553887796352,0.15596748275592964,15.596748275592965,8.643766666666666,0.08602083333333334,8.602083333333335
10.7%,0.10737190111111111,10.737190111111111,BPA2014,BPA,-96.0,-0.4,True,8.792403864411053,0.15596748275592964,15.596748275592965,8.636175,0.0873625,8.73625
10.7%,0.10737190111111111,10.737190111111111,BPA2014,BPA,-72.0,-0.3,True,8.769106709352853,0.15596748275592964,15.596748275592965,8.6146125,0.08927083333333333,8.927083333333332
10.7%,0.10737190111111111,10.737190111111111,BPA2014,BPA,-48.0,-0.2,True,8.738404479867944,0.15596748275592964,15.596748275592965,8.585558333333333,0.090325,9.0325
10.7%,0.10737190111111111,10.737190111111111,BPA2014,BPA,-24.0,-0.1,True,8.700383722912663,0.15596748275592964,15.596748275592965,8.547408333333333,0.090725,9.0725
10.7%,0.10737190111111111,10.737190111111111,BPA2014,BPA,0.0,0.0,True,8.655547727237618,0.15596748275592964,15.596748275592965,8.490391666666666,0.09129583333333333,9.129583333333333
10.7%,0.10737190111111111,10.737190111111111,BPA2014,BPA,24.0,0.1,True,8.604859220320465,0.15596748275592964,15.596748275592965,8.42035,0.09270833333333334,9.270833333333334
10.7%,0.10737190111111111,10.737190111111111,BPA2014,BPA,48.0,0.2,True,8.549747201871739,0.15596748275592964,15.596748275592965,8.357645833333333,0.09502083333333333,9.502083333333333
10.7%,0.10737190111111111,10.737190111111111,BPA2014,BPA,72.0,0.3,True,8.492073093313873,0.15596748275592964,15.596748275592965,8.293270833333333,0.0969875,9.69875
10.7%,0.10737190111111111,10.737190111111111,BPA2014,BPA,96.0,0.4,True,8.434054399352686,0.15596748275592964,15.596748275592965,8.228158333333333,0.09714583333333332,9.714583333333332
10.7%,0.10737190111111111,10.737190111111111,BPA2014,BPA,120.0,0.5,True,8.378148295809822,0.15596748275592964,15.596748275592965,8.160016666666667,0.0957375,9.57375
10.7%,0.10737190111111111,10.737190111111111,BPA2014,BPA,144.0,0.6,False,8.3269023742409,0.15596748275592964,15.596748275592965,8.090570833333333,0.09398333333333334,9.398333333333333
10.7%,0.10737190111111111,10.737190111111111,BPA2014,BPA,168.0,0.7,False,8.282784409260918,0.15596748275592964,15.596748275592965,8.024145833333334,0.09122916666666667,9.122916666666667
10.7%,0.10737190111111111,10.737190111111111,BPA2014,BPA,192.0,0.8,False,8.248006644342915,0.15596748275592964,15.596748275592965,7.965466666666666,0.08982499999999999,8.982499999999998
10.7%,0.10737190111111111,10.737190111111111,BPA2014,BPA,216.0,0.9,False,8.224361994949216,0.15596748275592964,15.596748275592965,7.918675,0.08953333333333333,8.953333333333333
10.7%,0.10737190111111111,10.737190111111111,BPA2014,BPA,240.0,1.0,False,8.213089268227014,0.15596748275592964,15.596748275592965,7.8838541666666675,0.08853333333333332,8.853333333333332
10.7%,0.10737190111111111,10.737190111111111,BPA2014,BPA,264.0,1.1,False,8.214781870722026,0.15596748275592964,15.596748275592965,7.8637250000000005,0.08767083333333334,8.767083333333334
10.7%,0.10737190111111111,10.737190111111111,BPA2014,BPA,288.0,1.2,False,8.229349787055293,0.15596748275592964,15.596748275592965,7.851566666666667,0.08664583333333334,8.664583333333335
10.7%,0.10737190111111111,10.737190111111111,BPA2014,BPA,312.0,1.3,False,8.256038486975228,0.15596748275592964,15.596748275592965,7.852762499999999,0.08663333333333334,8.663333333333334
10.7%,0.10737190111111111,10.737190111111111,BPA2014,BPA,336.0,1.4,False,8.293501719077103,0.15596748275592964,15.596748275592965,7.884874999999999,0.08827916666666666,8.827916666666665
10.7%,0.10737190111111111,10.737190111111111,BPA2014,BPA,360.0,1.5,False,8.339918796613308,0.15596748275592964,15.596748275592965,7.944770833333333,0.08952500000000001,8.9525
10.7%,0.10737190111111111,10.737190111111111,NPA2016,NPA,-360.0,-1.5,False,8.841424099550533,0.15733014467100506,15.733014467100507,8.439920833333334,0.08762500000000001,8.762500000000001
10.7%,0.10737190111111111,10.737190111111111,NPA2016,NPA,-336.0,-1.4,False,8.876904076263823,0.15733014467100506,15.733014467100507,8.491145833333334,0.08633333333333335,8.633333333333335
10.7%,0.10737190111111111,10.737190111111111,NPA2016,NPA,-312.0,-1.3,False,8.906486640281933,0.15733014467100506,15.733014467100507,8.524679166666667,0.083925,8.3925
10.7%,0.10737190111111111,10.737190111111111,NPA2016,NPA,-288.0,-1.2,False,8.93012818126998,0.15733014467100506,15.733014467100507,8.551400000000001,0.08344166666666666,8.344166666666666
10.7%,0.10737190111111111,10.737190111111111,NPA2016,NPA,-264.0,-1.1,False,8.948019953352201,0.14468909465938298,14.468909465938298,8.574958333333333,0.08355,8.355
10.7%,0.10737190111111111,10.737190111111111,NPA2016,NPA,-240.0,-1.0,False,8.96051566970681,0.14468909465938298,14.468909465938298,8.5995125,0.08373333333333333,8.373333333333333
10.7%,0.10737190111111111,10.737190111111111,NPA2016,NPA,-216.0,-0.9,False,8.96807207445364,0.14468909465938298,14.468909465938298,8.624008333333332,0.08451666666666666,8.451666666666666
10.7%,0.10737190111111111,10.737190111111111,NPA2016,NPA,-192.0,-0.8,False,8.971233961915978,0.14468909465938298,14.468909465938298,8.636320833333334,0.08545,8.545
10.7%,0.10737190111111111,10.737190111111111,NPA2016,NPA,-168.0,-0.7,False,8.970558327090641,0.14468909465938298,14.468909465938298,8.646829166666667,0.08553333333333334,8.553333333333333
10.7%,0.10737190111111111,10.737190111111111,NPA2016,NPA,-144.0,-0.6,False,8.966620611981144,0.14468909465938298,14.468909465938298,8.650695833333334,0.08555,8.555
10.7%,0.10737190111111111,10.737190111111111,NPA2016,NPA,-120.0,-0.5,True,8.959973457242798,0.14468909465938298,14.468909465938298,8.643766666666666,0.08602083333333334,8.602083333333335
10.7%,0.10737190111111111,10.737190111111111,NPA2016,NPA,-96.0,-0.4,True,8.951146474283446,0.14468909465938298,14.468909465938298,8.636175,0.0873625,8.73625
10.7%,0.10737190111111111,10.737190111111111,NPA2016,NPA,-72.0,-0.3,True,8.94063458425255,0.14468909465938298,14.468909465938298,8.6146125,0.08927083333333333,8.927083333333332
10.7%,0.10737190111111111,10.737190111111111,NPA2016,NPA,-48.0,-0.2,True,8.928903132142793,0.14468909465938298,14.468909465938298,8.585558333333333,0.090325,9.0325
10.7%,0.10737190111111111,10.737190111111111,NPA2016,NPA,-24.0,-0.1,True,8.916382405534035,0.14468909465938298,14.468909465938298,8.547408333333333,0.090725,9.0725
10.7%,0.10737190111111111,10.737190111111111,NPA2016,NPA,0.0,0.0,True,8.90347716306025,0.14468909465938298,14.468909465938298,8.490391666666666,0.09129583333333333,9.129583333333333
10.7%,0.10737190111111111,10.737190111111111,NPA2016,NPA,24.0,0.1,True,8.890564694949095,0.14468909465938298,14.468909465938298,8.42035,0.09270833333333334,9.270833333333334
10.7%,0.10737190111111111,10.737190111111111,NPA2016,NPA,48.0,0.2,True,8.87799780827213,0.14468909465938298,14.468909465938298,8.357645833333333,0.09502083333333333,9.502083333333333
10.7%,0.10737190111111111,10.737190111111111,NPA2016,NPA,72.0,0.3,True,8.866103344336414,0.14468909465938298,14.468909465938298,8.293270833333333,0.0969875,9.69875
10.7%,0.10737190111111111,10.737190111111111,NPA2016,NPA,96.0,0.4,True,8.855186318525183,0.14468909465938298,14.468909465938298,8.228158333333333,0.09714583333333332,9.714583333333332
10.7%,0.10737190111111111,10.737190111111111,NPA2016,NPA,120.0,0.5,True,8.845515524155093,0.14468909465938298,14.468909465938298,8.160016666666667,0.0957375,9.57375
10.7%,0.10737190111111111,10.737190111111111,NPA2016,NPA,144.0,0.6,False,8.837336578079066,0.14468909465938298,14.468909465938298,8.090570833333333,0.09398333333333334,9.398333333333333
10.7%,0.10737190111111111,10.737190111111111,NPA2016,NPA,168.0,0.7,False,8.83084825539385,0.14468909465938298,14.468909465938298,8.024145833333334,0.09122916666666667,9.122916666666667
10.7%,0.10737190111111111,10.737190111111111,NPA2016,NPA,192.0,0.8,False,8.826214994820743,0.14468909465938298,14.468909465938298,7.965466666666666,0.08982499999999999,8.982499999999998
10.7%,0.10737190111111111,10.737190111111111,NPA2016,NPA,216.0,0.9,False,8.823550073885905,0.14468909465938298,14.468909465938298,7.918675,0.08953333333333333,8.953333333333333
10.7%,0.10737190111111111,10.737190111111111,NPA2016,NPA,240.0,1.0,False,8.82292234377741,0.14468909465938298,14.468909465938298,7.8838541666666675,0.08853333333333332,8.853333333333332
10.7%,0.10737190111111111,10.737190111111111,NPA2016,NPA,264.0,1.1,False,8.824336993967359,0.14468909465938298,14.468909465938298,7.8637250000000005,0.08767083333333334,8.767083333333334
10.7%,0.10737190111111111,10.737190111111111,NPA2016,NPA,288.0,1.2,False,8.827759094650148,0.14468909465938298,14.468909465938298,7.851566666666667,0.08664583333333334,8.664583333333335
10.7%,0.10737190111111111,10.737190111111111,NPA2016,NPA,312.0,1.3,False,8.83306772188844,0.14468909465938298,14.468909465938298,7.852762499999999,0.08663333333333334,8.663333333333334
10.7%,0.10737190111111111,10.737190111111111,NPA2016,NPA,336.0,1.4,False,8.840103388116665,0.14468909465938298,14.468909465938298,7.884874999999999,0.08827916666666666,8.827916666666665
10.7%,0.10737190111111111,10.737190111111111,NPA2016,NPA,360.0,1.5,False,8.848596859771302,0.14468909465938298,14.468909465938298,7.944770833333333,0.08952500000000001,8.9525
10.7%,0.10737190111111111,10.737190111111111,Nygaard2022,"TurbOPark, A=0.04",-360.0,-1.5,False,7.454712812601983,0.10737190111111111,10.737190111111111,8.439920833333334,0.08762500000000001,8.762500000000001
10.7%,0.10737190111111111,10.737190111111111,Nygaard2022,"TurbOPark, A=0.04",-336.0,-1.4,False,7.594816429749429,0.10737190111111111,10.737190111111111,8.491145833333334,0.08633333333333335,8.633333333333335
10.7%,0.10737190111111111,10.737190111111111,Nygaard2022,"TurbOPark, A=0.04",-312.0,-1.3,False,7.731483534251528,0.10737190111111111,10.737190111111111,8.524679166666667,0.083925,8.3925
10.7%,0.10737190111111111,10.737190111111111,Nygaard2022,"TurbOPark, A=0.04",-288.0,-1.2,False,7.833513129435986,0.10737190111111111,10.737190111111111,8.551400000000001,0.08344166666666666,8.344166666666666
10.7%,0.10737190111111111,10.737190111111111,Nygaard2022,"TurbOPark, A=0.04",-264.0,-1.1,False,7.884117971692209,0.10737190111111111,10.737190111111111,8.574958333333333,0.08355,8.355
10.7%,0.10737190111111111,10.737190111111111,Nygaard2022,"TurbOPark, A=0.04",-240.0,-1.0,False,7.888176735767446,0.10737190111111111,10.737190111111111,8.5995125,0.08373333333333333,8.373333333333333
10.7%,0.10737190111111111,10.737190111111111,Nygaard2022,"TurbOPark, A=0.04",-216.0,-0.9,False,7.867092675993735,0.10737190111111111,10.737190111111111,8.624008333333332,0.08451666666666666,8.451666666666666
10.7%,0.10737190111111111,10.737190111111111,Nygaard2022,"TurbOPark, A=0.04",-192.0,-0.8,False,7.8457415003150235,0.10737190111111111,10.737190111111111,8.636320833333334,0.08545,8.545
10.7%,0.10737190111111111,10.737190111111111,Nygaard2022,"TurbOPark, A=0.04",-168.0,-0.7,False,7.8424071634546095,0.10737190111111111,10.737190111111111,8.646829166666667,0.08553333333333334,8.553333333333333
10.7%,0.10737190111111111,10.737190111111111,Nygaard2022,"TurbOPark, A=0.04",-144.0,-0.6,False,7.865181429751398,0.10737190111111111,10.737190111111111,8.650695833333334,0.08555,8.555
10.7%,0.10737190111111111,10.737190111111111,Nygaard2022,"TurbOPark, A=0.04",-120.0,-0.5,True,7.912559192368943,0.10737190111111111,10.737190111111111,8.643766666666666,0.08602083333333334,8.602083333333335
10.7%,0.10737190111111111,10.737190111111111,Nygaard2022,"TurbOPark, A=0.04",-96.0,-0.4,True,7.975881937397334,0.10737190111111111,10.737190111111111,8.636175,0.0873625,8.73625
10.7%,0.10737190111111111,10.737190111111111,Nygaard2022,"TurbOPark, A=0.04",-72.0,-0.3,True,8.042537663258063,0.10737190111111111,10.737190111111111,8.6146125,0.08927083333333333,8.927083333333332
10.7%,0.10737190111111111,10.737190111111111,Nygaard2022,"TurbOPark, A=0.04",-48.0,-0.2,True,8.099782209684227,0.10737190111111111,10.737190111111111,8.585558333333333,0.090325,9.0325
10.7%,0.10737190111111111,10.737190111111111,Nygaard2022,"TurbOPark, A=0.04",-24.0,-0.1,True,8.13803192416711,0.10737190111111111,10.737190111111111,8.547408333333333,0.090725,9.0725
10.7%,0.10737190111111111,10.737190111111111,Nygaard2022,"TurbOPark, A=0.04",0.0,0.0,True,8.152015444119183,0.10737190111111111,10.737190111111111,8.490391666666666,0.09129583333333333,9.129583333333333
10.7%,0.10737190111111111,10.737190111111111,Nygaard2022,"TurbOPark, A=0.04",24.0,0.1,True,8.138158183051736,0.10737190111111111,10.737190111111111,8.42035,0.09270833333333334,9.270833333333334
10.7%,0.10737190111111111,10.737190111111111,Nygaard2022,"TurbOPark, A=0.04",48.0,0.2,True,8.089646918568,0.10737190111111111,10.737190111111111,8.357645833333333,0.09502083333333333,9.502083333333333
10.7%,0.10737190111111111,10.737190111111111,Nygaard2022,"TurbOPark, A=0.04",72.0,0.3,True,7.9939670959962115,0.10737190111111111,10.737190111111111,8.293270833333333,0.0969875,9.69875
10.7%,0.10737190111111111,10.737190111111111,Nygaard2022,"TurbOPark, A=0.04",96.0,0.4,True,7.838009123025975,0.10737190111111111,10.737190111111111,8.228158333333333,0.09714583333333332,9.714583333333332
10.7%,0.10737190111111111,10.737190111111111,Nygaard2022,"TurbOPark, A=0.04",120.0,0.5,True,7.619630734624001,0.10737190111111111,10.737190111111111,8.160016666666667,0.0957375,9.57375
10.7%,0.10737190111111111,10.737190111111111,Nygaard2022,"TurbOPark, A=0.04",144.0,0.6,False,7.356194316461165,0.10737190111111111,10.737190111111111,8.090570833333333,0.09398333333333334,9.398333333333333
10.7%,0.10737190111111111,10.737190111111111,Nygaard2022,"TurbOPark, A=0.04",168.0,0.7,False,7.083215667404492,0.10737190111111111,10.737190111111111,8.024145833333334,0.09122916666666667,9.122916666666667
10.7%,0.10737190111111111,10.737190111111111,Nygaard2022,"TurbOPark, A=0.04",192.0,0.8,False,6.84543975628179,0.10737190111111111,10.737190111111111,7.965466666666666,0.08982499999999999,8.982499999999998
10.7%,0.10737190111111111,10.737190111111111,Nygaard2022,"TurbOPark, A=0.04",216.0,0.9,False,6.685543061562374,0.10737190111111111,10.737190111111111,7.918675,0.08953333333333333,8.953333333333333
10.7%,0.10737190111111111,10.737190111111111,Nygaard2022,"TurbOPark, A=0.04",240.0,1.0,False,6.633854421932136,0.10737190111111111,10.737190111111111,7.8838541666666675,0.08853333333333332,8.853333333333332
10.7%,0.10737190111111111,10.737190111111111,Nygaard2022,"TurbOPark, A=0.04",264.0,1.1,False,6.700682493441741,0.10737190111111111,10.737190111111111,7.8637250000000005,0.08767083333333334,8.767083333333334
10.7%,0.10737190111111111,10.737190111111111,Nygaard2022,"TurbOPark, A=0.04",288.0,1.2,False,6.872225260213458,0.10737190111111111,10.737190111111111,7.851566666666667,0.08664583333333334,8.664583333333335
10.7%,0.10737190111111111,10.737190111111111,Nygaard2022,"TurbOPark, A=0.04",312.0,1.3,False,7.111166797111566,0.10737190111111111,10.737190111111111,7.852762499999999,0.08663333333333334,8.663333333333334
10.7%,0.10737190111111111,10.737190111111111,Nygaard2022,"TurbOPark, A=0.04",336.0,1.4,False,7.361950224946831,0.10737190111111111,10.737190111111111,7.884874999999999,0.08827916666666666,8.827916666666665
10.7%,0.10737190111111111,10.737190111111111,Nygaard2022,"TurbOPark, A=0.04",360.0,1.5,False,7.563032894999196,0.10737190111111111,10.737190111111111,7.944770833333333,0.08952500000000001,8.9525
10.7%,0.10737190111111111,10.737190111111111,Nygaard2022_A0.06,"TurbOPark, A=0.06",-360.0,-1.5,False,7.991501077385621,0.10737190111111111,10.737190111111111,8.439920833333334,0.08762500000000001,8.762500000000001
10.7%,0.10737190111111111,10.737190111111111,Nygaard2022_A0.06,"TurbOPark, A=0.06",-336.0,-1.4,False,8.054841527352263,0.10737190111111111,10.737190111111111,8.491145833333334,0.08633333333333335,8.633333333333335
10.7%,0.10737190111111111,10.737190111111111,Nygaard2022_A0.06,"TurbOPark, A=0.06",-312.0,-1.3,False,8.125514652502384,0.10737190111111111,10.737190111111111,8.524679166666667,0.083925,8.3925
10.7%,0.10737190111111111,10.737190111111111,Nygaard2022_A0.06,"TurbOPark, A=0.06",-288.0,-1.2,False,8.192542721372387,0.10737190111111111,10.737190111111111,8.551400000000001,0.08344166666666666,8.344166666666666
10.7%,0.10737190111111111,10.737190111111111,Nygaard2022_A0.06,"TurbOPark, A=0.06",-264.0,-1.1,False,8.247409798835225,0.10737190111111111,10.737190111111111,8.574958333333333,0.08355,8.355
10.7%,0.10737190111111111,10.737190111111111,Nygaard2022_A0.06,"TurbOPark, A=0.06",-240.0,-1.0,False,8.286377426007984,0.10737190111111111,10.737190111111111,8.5995125,0.08373333333333333,8.373333333333333
10.7%,0.10737190111111111,10.737190111111111,Nygaard2022_A0.06,"TurbOPark, A=0.06",-216.0,-0.9,False,8.310993734003427,0.10737190111111111,10.737190111111111,8.624008333333332,0.08451666666666666,8.451666666666666
10.7%,0.10737190111111111,10.737190111111111,Nygaard2022_A0.06,"TurbOPark, A=0.06",-192.0,-0.8,False,8.326540243583098,0.10737190111111111,10.737190111111111,8.636320833333334,0.08545,8.545
10.7%,0.10737190111111111,10.737190111111111,Nygaard2022_A0.06,"TurbOPark, A=0.06",-168.0,-0.7,False,8.339414813416344,0.10737190111111111,10.737190111111111,8.646829166666667,0.08553333333333334,8.553333333333333
10.7%,0.10737190111111111,10.737190111111111,Nygaard2022_A0.06,"TurbOPark, A=0.06",-144.0,-0.6,False,8.354844836920467,0.10737190111111111,10.737190111111111,8.650695833333334,0.08555,8.555
10.7%,0.10737190111111111,10.737190111111111,Nygaard2022_A0.06,"TurbOPark, A=0.06",-120.0,-0.5,True,8.375649686674945,0.10737190111111111,10.737190111111111,8.643766666666666,0.08602083333333334,8.602083333333335
10.7%,0.10737190111111111,10.737190111111111,Nygaard2022_A0.06,"TurbOPark, A=0.06",-96.0,-0.4,True,8.402084594794493,0.10737190111111111,10.737190111111111,8.636175,0.0873625,8.73625
10.7%,0.10737190111111111,10.737190111111111,Nygaard2022_A0.06,"TurbOPark, A=0.06",-72.0,-0.3,True,8.432132562624108,0.10737190111111111,10.737190111111111,8.6146125,0.08927083333333333,8.927083333333332
10.7%,0.10737190111111111,10.737190111111111,Nygaard2022_A0.06,"TurbOPark, A=0.06",-48.0,-0.2,True,8.461775595552202,0.10737190111111111,10.737190111111111,8.585558333333333,0.090325,9.0325
10.7%,0.10737190111111111,10.737190111111111,Nygaard2022_A0.06,"TurbOPark, A=0.06",-24.0,-0.1,True,8.485078226646204,0.10737190111111111,10.737190111111111,8.547408333333333,0.090725,9.0725
10.7%,0.10737190111111111,10.737190111111111,Nygaard2022_A0.06,"TurbOPark, A=0.06",0.0,0.0,True,8.49381078128363,0.10737190111111111,10.737190111111111,8.490391666666666,0.09129583333333333,9.129583333333333
10.7%,0.10737190111111111,10.737190111111111,Nygaard2022_A0.06,"TurbOPark, A=0.06",24.0,0.1,True,8.477503088124443,0.10737190111111111,10.737190111111111,8.42035,0.09270833333333334,9.270833333333334
10.7%,0.10737190111111111,10.737190111111111,Nygaard2022_A0.06,"TurbOPark, A=0.06",48.0,0.2,True,8.425172907090051,0.10737190111111111,10.737190111111111,8.357645833333333,0.09502083333333333,9.502083333333333
10.7%,0.10737190111111111,10.737190111111111,Nygaard2022_A0.06,"TurbOPark, A=0.06",72.0,0.3,True,8.329414371770772,0.10737190111111111,10.737190111111111,8.293270833333333,0.0969875,9.69875
10.7%,0.10737190111111111,10.737190111111111,Nygaard2022_A0.06,"TurbOPark, A=0.06",96.0,0.4,True,8.190924758419849,0.10737190111111111,10.737190111111111,8.228158333333333,0.09714583333333332,9.714583333333332
10.7%,0.10737190111111111,10.737190111111111,Nygaard2022_A0.06,"TurbOPark, A=0.06",120.0,0.5,True,8.020047474651976,0.10737190111111111,10.737190111111111,8.160016666666667,0.0957375,9.57375
10.7%,0.10737190111111111,10.737190111111111,Nygaard2022_A0.06,"TurbOPark, A=0.06",144.0,0.6,False,7.8348211935919245,0.10737190111111111,10.737190111111111,8.090570833333333,0.09398333333333334,9.398333333333333
10.7%,0.10737190111111111,10.737190111111111,Nygaard2022_A0.06,"TurbOPark, A=0.06",168.0,0.7,False,7.657395960205982,0.10737190111111111,10.737190111111111,8.024145833333334,0.09122916666666667,9.122916666666667
10.7%,0.10737190111111111,10.737190111111111,Nygaard2022_A0.06,"TurbOPark, A=0.06",192.0,0.8,False,7.510128868509034,0.10737190111111111,10.737190111111111,7.965466666666666,0.08982499999999999,8.982499999999998
10.7%,0.10737190111111111,10.737190111111111,Nygaard2022_A0.06,"TurbOPark, A=0.06",216.0,0.9,False,7.411993462842016,0.10737190111111111,10.737190111111111,7.918675,0.08953333333333333,8.953333333333333
10.7%,0.10737190111111111,10.737190111111111,Nygaard2022_A0.06,"TurbOPark, A=0.06",240.0,1.0,False,7.3752182430175,0.10737190111111111,10.737190111111111,7.8838541666666675,0.08853333333333332,8.853333333333332
10.7%,0.10737190111111111,10.737190111111111,Nygaard2022_A0.06,"TurbOPark, A=0.06",264.0,1.1,False,7.403098933253663,0.10737190111111111,10.737190111111111,7.8637250000000005,0.08767083333333334,8.767083333333334
10.7%,0.10737190111111111,10.737190111111111,Nygaard2022_A0.06,"TurbOPark, A=0.06",288.0,1.2,False,7.48869992646226,0.10737190111111111,10.737190111111111,7.851566666666667,0.08664583333333334,8.664583333333335
10.7%,0.10737190111111111,10.737190111111111,Nygaard2022_A0.06,"TurbOPark, A=0.06",312.0,1.3,False,7.61571674608194,0.10737190111111111,10.737190111111111,7.852762499999999,0.08663333333333334,8.663333333333334
10.7%,0.10737190111111111,10.737190111111111,Nygaard2022_A0.06,"TurbOPark, A=0.06",336.0,1.4,False,7.76064301878697,0.10737190111111111,10.737190111111111,7.884874999999999,0.08827916666666666,8.827916666666665
10.7%,0.10737190111111111,10.737190111111111,Nygaard2022_A0.06,"TurbOPark, A=0.06",360.0,1.5,False,7.897548134805662,0.10737190111111111,10.737190111111111,7.944770833333333,0.08952500000000001,8.9525
11.4%,0.11353931555555555,11.353931555555555,BPA2014,BPA,-360.0,-1.5,False,8.648643276820101,0.1487938210016995,14.87938210016995,8.439920833333334,0.08762500000000001,8.762500000000001
11.4%,0.11353931555555555,11.353931555555555,BPA2014,BPA,-336.0,-1.4,False,8.697942782239782,0.1487938210016995,14.87938210016995,8.491145833333334,0.08633333333333335,8.633333333333335
11.4%,0.11353931555555555,11.353931555555555,BPA2014,BPA,-312.0,-1.3,False,8.735557046797412,0.1487938210016995,14.87938210016995,8.524679166666667,0.083925,8.3925
11.4%,0.11353931555555555,11.353931555555555,BPA2014,BPA,-288.0,-1.2,False,8.764129297228713,0.1487938210016995,14.87938210016995,8.551400000000001,0.08344166666666666,8.344166666666666
11.4%,0.11353931555555555,11.353931555555555,BPA2014,BPA,-264.0,-1.1,False,8.785739910362002,0.1487938210016995,14.87938210016995,8.574958333333333,0.08355,8.355
11.4%,0.11353931555555555,11.353931555555555,BPA2014,BPA,-240.0,-1.0,False,8.801800523154126,0.1487938210016995,14.87938210016995,8.5995125,0.08373333333333333,8.373333333333333
11.4%,0.11353931555555555,11.353931555555555,BPA2014,BPA,-216.0,-0.9,False,8.813068407555104,0.1487938210016995,14.87938210016995,8.624008333333332,0.08451666666666666,8.451666666666666
11.4%,0.11353931555555555,11.353931555555555,BPA2014,BPA,-192.0,-0.8,False,8.819738313463649,0.1487938210016995,14.87938210016995,8.636320833333334,0.08545,8.545
11.4%,0.11353931555555555,11.353931555555555,BPA2014,BPA,-168.0,-0.7,False,8.821575430612066,0.1487938210016995,14.87938210016995,8.646829166666667,0.08553333333333334,8.553333333333333
11.4%,0.11353931555555555,11.353931555555555,BPA2014,BPA,-144.0,-0.6,False,8.81806368371123,0.1487938210016995,14.87938210016995,8.650695833333334,0.08555,8.555
11.4%,0.11353931555555555,11.353931555555555,BPA2014,BPA,-120.0,-0.5,True,8.808553887796352,0.1601309889024974,16.01309889024974,8.643766666666666,0.08602083333333334,8.602083333333335
11.4%,0.11353931555555555,11.353931555555555,BPA2014,BPA,-96.0,-0.4,True,8.792403864411053,0.1601309889024974,16.01309889024974,8.636175,0.0873625,8.73625
11.4%,0.11353931555555555,11.353931555555555,BPA2014,BPA,-72.0,-0.3,True,8.769106709352853,0.1601309889024974,16.01309889024974,8.6146125,0.08927083333333333,8.927083333333332
11.4%,0.11353931555555555,11.353931555555555,BPA2014,BPA,-48.0,-0.2,True,8.738404479867944,0.1601309889024974,16.01309889024974,8.585558333333333,0.090325,9.0325
11.4%,0.11353931555555555,11.353931555555555,BPA2014,BPA,-24.0,-0.1,True,8.700383722912663,0.1601309889024974,16.01309889024974,8.547408333333333,0.090725,9.0725
11.4%,0.11353931555555555,11.353931555555555,BPA2014,BPA,0.0,0.0,True,8.655547727237618,0.1601309889024974,16.01309889024974,8.490391666666666,0.09129583333333333,9.129583333333333
11.4%,0.11353931555555555,11.353931555555555,BPA2014,BPA,24.0,0.1,True,8.604859220320465,0.1601309889024974,16.01309889024974,8.42035,0.09270833333333334,9.270833333333334
11.4%,0.11353931555555555,11.353931555555555,BPA2014,BPA,48.0,0.2,True,8.549747201871739,0.1601309889024974,16.01309889024974,8.357645833333333,0.09502083333333333,9.502083333333333
11.4%,0.11353931555555555,11.353931555555555,BPA2014,BPA,72.0,0.3,True,8.492073093313873,0.1601309889024974,16.01309889024974,8.293270833333333,0.0969875,9.69875
11.4%,0.11353931555555555,11.353931555555555,BPA2014,BPA,96.0,0.4,True,8.434054399352686,0.1601309889024974,16.01309889024974,8.228158333333333,0.09714583333333332,9.714583333333332
11.4%,0.11353931555555555,11.353931555555555,BPA2014,BPA,120.0,0.5,True,8.378148295809822,0.1601309889024974,16.01309889024974,8.160016666666667,0.0957375,9.57375
11.4%,0.11353931555555555,11.353931555555555,BPA2014,BPA,144.0,0.6,False,8.3269023742409,0.1601309889024974,16.01309889024974,8.090570833333333,0.09398333333333334,9.398333333333333
11.4%,0.11353931555555555,11.353931555555555,BPA2014,BPA,168.0,0.7,False,8.282784409260918,0.1601309889024974,16.01309889024974,8.024145833333334,0.09122916666666667,9.122916666666667
11.4%,0.11353931555555555,11.353931555555555,BPA2014,BPA,192.0,0.8,False,8.248006644342915,0.1601309889024974,16.01309889024974,7.965466666666666,0.08982499999999999,8.982499999999998
11.4%,0.11353931555555555,11.353931555555555,BPA2014,BPA,216.0,0.9,False,8.224361994949216,0.1601309889024974,16.01309889024974,7.918675,0.08953333333333333,8.953333333333333
11.4%,0.11353931555555555,11.353931555555555,BPA2014,BPA,240.0,1.0,False,8.213089268227014,0.1601309889024974,16.01309889024974,7.8838541666666675,0.08853333333333332,8.853333333333332
11.4%,0.11353931555555555,11.353931555555555,BPA2014,BPA,264.0,1.1,False,8.214781870722026,0.1601309889024974,16.01309889024974,7.8637250000000005,0.08767083333333334,8.767083333333334
11.4%,0.11353931555555555,11.353931555555555,BPA2014,BPA,288.0,1.2,False,8.229349787055293,0.1601309889024974,16.01309889024974,7.851566666666667,0.08664583333333334,8.664583333333335
11.4%,0.11353931555555555,11.353931555555555,BPA2014,BPA,312.0,1.3,False,8.256038486975228,0.1601309889024974,16.01309889024974,7.852762499999999,0.08663333333333334,8.663333333333334
11.4%,0.11353931555555555,11.353931555555555,BPA2014,BPA,336.0,1.4,False,8.293501719077103,0.1601309889024974,16.01309889024974,7.884874999999999,0.08827916666666666,8.827916666666665
11.4%,0.11353931555555555,11.353931555555555,BPA2014,BPA,360.0,1.5,False,8.339918796613308,0.1601309889024974,16.01309889024974,7.944770833333333,0.08952500000000001,8.9525
11.4%,0.11353931555555555,11.353931555555555,NPA2016,NPA,-360.0,-1.5,False,8.851701069966497,0.16174919783763747,16.174919783763748,8.439920833333334,0.08762500000000001,8.762500000000001
11.4%,0.11353931555555555,11.353931555555555,NPA2016,NPA,-336.0,-1.4,False,8.88583902092905,0.16174919783763747,16.174919783763748,8.491145833333334,0.08633333333333335,8.633333333333335
11.4%,0.11353931555555555,11.353931555555555,NPA2016,NPA,-312.0,-1.3,False,8.914534388598371,0.16174919783763747,16.174919783763748,8.524679166666667,0.083925,8.3925
11.4%,0.11353931555555555,11.353931555555555,NPA2016,NPA,-288.0,-1.2,False,8.93772072584043,0.16174919783763747,16.174919783763748,8.551400000000001,0.08344166666666666,8.344166666666666
11.4%,0.11353931555555555,11.353931555555555,NPA2016,NPA,-264.0,-1.1,False,8.955520583183782,0.14943683198245095,14.943683198245095,8.574958333333333,0.08355,8.355
11.4%,0.11353931555555555,11.353931555555555,NPA2016,NPA,-240.0,-1.0,False,8.968221753268283,0.14943683198245095,14.943683198245095,8.5995125,0.08373333333333333,8.373333333333333
11.4%,0.11353931555555555,11.353931555555555,NPA2016,NPA,-216.0,-0.9,False,8.97622400704277,0.14943683198245095,14.943683198245095,8.624008333333332,0.08451666666666666,8.451666666666666
11.4%,0.11353931555555555,11.353931555555555,NPA2016,NPA,-192.0,-0.8,False,8.980020869249616,0.14943683198245095,14.943683198245095,8.636320833333334,0.08545,8.545
11.4%,0.11353931555555555,11.353931555555555,NPA2016,NPA,-168.0,-0.7,False,8.980132439281642,0.14943683198245095,14.943683198245095,8.646829166666667,0.08553333333333334,8.553333333333333
11.4%,0.11353931555555555,11.353931555555555,NPA2016,NPA,-144.0,-0.6,False,8.97709161950117,0.14943683198245095,14.943683198245095,8.650695833333334,0.08555,8.555
11.4%,0.11353931555555555,11.353931555555555,NPA2016,NPA,-120.0,-0.5,True,8.971431139964954,0.14943683198245095,14.943683198245095,8.643766666666666,0.08602083333333334,8.602083333333335
11.4%,0.11353931555555555,11.353931555555555,NPA2016,NPA,-96.0,-0.4,True,8.9636637234143,0.14943683198245095,14.943683198245095,8.636175,0.0873625,8.73625
11.4%,0.11353931555555555,11.353931555555555,NPA2016,NPA,-72.0,-0.3,True,8.954269768459342,0.14943683198245095,14.943683198245095,8.6146125,0.08927083333333333,8.927083333333332
11.4%,0.11353931555555555,11.353931555555555,NPA2016,NPA,-48.0,-0.2,True,8.943696864613079,0.14943683198245095,14.943683198245095,8.585558333333333,0.090325,9.0325
11.4%,0.11353931555555555,11.353931555555555,NPA2016,NPA,-24.0,-0.1,True,8.93236625378744,0.14943683198245095,14.943683198245095,8.547408333333333,0.090725,9.0725
11.4%,0.11353931555555555,11.353931555555555,NPA2016,NPA,0.0,0.0,True,8.920666037728466,0.14943683198245095,14.943683198245095,8.490391666666666,0.09129583333333333,9.129583333333333
11.4%,0.11353931555555555,11.353931555555555,NPA2016,NPA,24.0,0.1,True,8.908955693625023,0.14943683198245095,14.943683198245095,8.42035,0.09270833333333334,9.270833333333334
11.4%,0.11353931555555555,11.353931555555555,NPA2016,NPA,48.0,0.2,True,8.89756650720707,0.14943683198245095,14.943683198245095,8.357645833333333,0.09502083333333333,9.502083333333333
11.4%,0.11353931555555555,11.353931555555555,NPA2016,NPA,72.0,0.3,True,8.886802698998482,0.14943683198245095,14.943683198245095,8.293270833333333,0.0969875,9.69875
11.4%,0.11353931555555555,11.353931555555555,NPA2016,NPA,96.0,0.4,True,8.876939932100708,0.14943683198245095,14.943683198245095,8.228158333333333,0.09714583333333332,9.714583333333332
11.4%,0.11353931555555555,11.353931555555555,NPA2016,NPA,120.0,0.5,True,8.868228170459542,0.14943683198245095,14.943683198245095,8.160016666666667,0.0957375,9.57375
11.4%,0.11353931555555555,11.353931555555555,NPA2016,NPA,144.0,0.6,False,8.860879856886168,0.14943683198245095,14.943683198245095,8.090570833333333,0.09398333333333334,9.398333333333333
11.4%,0.11353931555555555,11.353931555555555,NPA2016,NPA,168.0,0.7,False,8.855071919422336,0.14943683198245095,14.943683198245095,8.024145833333334,0.09122916666666667,9.122916666666667
11.4%,0.11353931555555555,11.353931555555555,NPA2016,NPA,192.0,0.8,False,8.850948982865782,0.14943683198245095,14.943683198245095,7.965466666666666,0.08982499999999999,8.982499999999998
11.4%,0.11353931555555555,11.353931555555555,NPA2016,NPA,216.0,0.9,False,8.84861228894114,0.14943683198245095,14.943683198245095,7.918675,0.08953333333333333,8.953333333333333
11.4%,0.11353931555555555,11.353931555555555,NPA2016,NPA,240.0,1.0,False,8.848111501299442,0.14943683198245095,14.943683198245095,7.8838541666666675,0.08853333333333332,8.853333333333332
11.4%,0.11353931555555555,11.353931555555555,NPA2016,NPA,264.0,1.1,False,8.849451347045795,0.14943683198245095,14.943683198245095,7.8637250000000005,0.08767083333333334,8.767083333333334
11.4%,0.11353931555555555,11.353931555555555,NPA2016,NPA,288.0,1.2,False,8.852593098040666,0.14943683198245095,14.943683198245095,7.851566666666667,0.08664583333333334,8.664583333333335
11.4%,0.11353931555555555,11.353931555555555,NPA2016,NPA,312.0,1.3,False,8.857428688372828,0.14943683198245095,14.943683198245095,7.852762499999999,0.08663333333333334,8.663333333333334
11.4%,0.11353931555555555,11.353931555555555,NPA2016,NPA,336.0,1.4,False,8.863790741928483,0.14943683198245095,14.943683198245095,7.884874999999999,0.08827916666666666,8.827916666666665
11.4%,0.11353931555555555,11.353931555555555,NPA2016,NPA,360.0,1.5,False,8.871430665939727,0.14943683198245095,14.943683198245095,7.944770833333333,0.08952500000000001,8.9525
11.4%,0.11353931555555555,11.353931555555555,Nygaard2022,"TurbOPark, A=0.04",-360.0,-1.5,False,7.491246416857103,0.11353931555555555,11.353931555555555,8.439920833333334,0.08762500000000001,8.762500000000001
11.4%,0.11353931555555555,11.353931555555555,Nygaard2022,"TurbOPark, A=0.04",-336.0,-1.4,False,7.625657302053383,0.11353931555555555,11.353931555555555,8.491145833333334,0.08633333333333335,8.633333333333335
11.4%,0.11353931555555555,11.353931555555555,Nygaard2022,"TurbOPark, A=0.04",-312.0,-1.3,False,7.758382647417272,0.11353931555555555,11.353931555555555,8.524679166666667,0.083925,8.3925
11.4%,0.11353931555555555,11.353931555555555,Nygaard2022,"TurbOPark, A=0.04",-288.0,-1.2,False,7.860079055281773,0.11353931555555555,11.353931555555555,8.551400000000001,0.08344166666666666,8.344166666666666
11.4%,0.11353931555555555,11.353931555555555,Nygaard2022,"TurbOPark, A=0.04",-264.0,-1.1,False,7.91433573413426,0.11353931555555555,11.353931555555555,8.574958333333333,0.08355,8.355
11.4%,0.11353931555555555,11.353931555555555,Nygaard2022,"TurbOPark, A=0.04",-240.0,-1.0,False,7.924478298553906,0.11353931555555555,11.353931555555555,8.5995125,0.08373333333333333,8.373333333333333
11.4%,0.11353931555555555,11.353931555555555,Nygaard2022,"TurbOPark, A=0.04",-216.0,-0.9,False,7.909450148430146,0.11353931555555555,11.353931555555555,8.624008333333332,0.08451666666666666,8.451666666666666
11.4%,0.11353931555555555,11.353931555555555,Nygaard2022,"TurbOPark, A=0.04",-192.0,-0.8,False,7.89219235774421,0.11353931555555555,11.353931555555555,8.636320833333334,0.08545,8.545
11.4%,0.11353931555555555,11.353931555555555,Nygaard2022,"TurbOPark, A=0.04",-168.0,-0.7,False,7.8901180178685735,0.11353931555555555,11.353931555555555,8.646829166666667,0.08553333333333334,8.553333333333333
11.4%,0.11353931555555555,11.353931555555555,Nygaard2022,"TurbOPark, A=0.04",-144.0,-0.6,False,7.911381692655641,0.11353931555555555,11.353931555555555,8.650695833333334,0.08555,8.555
11.4%,0.11353931555555555,11.353931555555555,Nygaard2022,"TurbOPark, A=0.04",-120.0,-0.5,True,7.9552652049234975,0.11353931555555555,11.353931555555555,8.643766666666666,0.08602083333333334,8.602083333333335
11.4%,0.11353931555555555,11.353931555555555,Nygaard2022,"TurbOPark, A=0.04",-96.0,-0.4,True,8.01437290673387,0.11353931555555555,11.353931555555555,8.636175,0.0873625,8.73625
11.4%,0.11353931555555555,11.353931555555555,Nygaard2022,"TurbOPark, A=0.04",-72.0,-0.3,True,8.077573257050805,0.11353931555555555,11.353931555555555,8.6146125,0.08927083333333333,8.927083333333332
11.4%,0.11353931555555555,11.353931555555555,Nygaard2022,"TurbOPark, A=0.04",-48.0,-0.2,True,8.133291428087297,0.11353931555555555,11.353931555555555,8.585558333333333,0.090325,9.0325
11.4%,0.11353931555555555,11.353931555555555,Nygaard2022,"TurbOPark, A=0.04",-24.0,-0.1,True,8.172317285516154,0.11353931555555555,11.353931555555555,8.547408333333333,0.090725,9.0725
11.4%,0.11353931555555555,11.353931555555555,Nygaard2022,"TurbOPark, A=0.04",0.0,0.0,True,8.188662078896115,0.11353931555555555,11.353931555555555,8.490391666666666,0.09129583333333333,9.129583333333333
11.4%,0.11353931555555555,11.353931555555555,Nygaard2022,"TurbOPark, A=0.04",24.0,0.1,True,8.177203330611626,0.11353931555555555,11.353931555555555,8.42035,0.09270833333333334,9.270833333333334
11.4%,0.11353931555555555,11.353931555555555,Nygaard2022,"TurbOPark, A=0.04",48.0,0.2,True,8.12950519429872,0.11353931555555555,11.353931555555555,8.357645833333333,0.09502083333333333,9.502083333333333
11.4%,0.11353931555555555,11.353931555555555,Nygaard2022,"TurbOPark, A=0.04",72.0,0.3,True,8.032344817641352,0.11353931555555555,11.353931555555555,8.293270833333333,0.0969875,9.69875
11.4%,0.11353931555555555,11.353931555555555,Nygaard2022,"TurbOPark, A=0.04",96.0,0.4,True,7.8734617740492325,0.11353931555555555,11.353931555555555,8.228158333333333,0.09714583333333332,9.714583333333332
11.4%,0.11353931555555555,11.353931555555555,Nygaard2022,"TurbOPark, A=0.04",120.0,0.5,True,7.652539579797628,0.11353931555555555,11.353931555555555,8.160016666666667,0.0957375,9.57375
11.4%,0.11353931555555555,11.353931555555555,Nygaard2022,"TurbOPark, A=0.04",144.0,0.6,False,7.388376617733993,0.11353931555555555,11.353931555555555,8.090570833333333,0.09398333333333334,9.398333333333333
11.4%,0.11353931555555555,11.353931555555555,Nygaard2022,"TurbOPark, A=0.04",168.0,0.7,False,7.1165899174446885,0.11353931555555555,11.353931555555555,8.024145833333334,0.09122916666666667,9.122916666666667
11.4%,0.11353931555555555,11.353931555555555,Nygaard2022,"TurbOPark, A=0.04",192.0,0.8,False,6.880868121629063,0.11353931555555555,11.353931555555555,7.965466666666666,0.08982499999999999,8.982499999999998
11.4%,0.11353931555555555,11.353931555555555,Nygaard2022,"TurbOPark, A=0.04",216.0,0.9,False,6.722438766373499,0.11353931555555555,11.353931555555555,7.918675,0.08953333333333333,8.953333333333333
11.4%,0.11353931555555555,11.353931555555555,Nygaard2022,"TurbOPark, A=0.04",240.0,1.0,False,6.67038694245268,0.11353931555555555,11.353931555555555,7.8838541666666675,0.08853333333333332,8.853333333333332
11.4%,0.11353931555555555,11.353931555555555,Nygaard2022,"TurbOPark, A=0.04",264.0,1.1,False,6.734400222577436,0.11353931555555555,11.353931555555555,7.8637250000000005,0.08767083333333334,8.767083333333334
11.4%,0.11353931555555555,11.353931555555555,Nygaard2022,"TurbOPark, A=0.04",288.0,1.2,False,6.901023980540433,0.11353931555555555,11.353931555555555,7.851566666666667,0.08664583333333334,8.664583333333335
11.4%,0.11353931555555555,11.353931555555555,Nygaard2022,"TurbOPark, A=0.04",312.0,1.3,False,7.134235863489315,0.11353931555555555,11.353931555555555,7.852762499999999,0.08663333333333334,8.663333333333334
11.4%,0.11353931555555555,11.353931555555555,Nygaard2022,"TurbOPark, A=0.04",336.0,1.4,False,7.380630197871991,0.11353931555555555,11.353931555555555,7.884874999999999,0.08827916666666666,8.827916666666665
11.4%,0.11353931555555555,11.353931555555555,Nygaard2022,"TurbOPark, A=0.04",360.0,1.5,False,7.581135909881548,0.11353931555555555,11.353931555555555,7.944770833333333,0.08952500000000001,8.9525
11.4%,0.11353931555555555,11.353931555555555,Nygaard2022_A0.06,"TurbOPark, A=0.06",-360.0,-1.5,False,8.024513058863112,0.11353931555555555,11.353931555555555,8.439920833333334,0.08762500000000001,8.762500000000001
11.4%,0.11353931555555555,11.353931555555555,Nygaard2022_A0.06,"TurbOPark, A=0.06",-336.0,-1.4,False,8.08497705780604,0.11353931555555555,11.353931555555555,8.491145833333334,0.08633333333333335,8.633333333333335
11.4%,0.11353931555555555,11.353931555555555,Nygaard2022_A0.06,"TurbOPark, A=0.06",-312.0,-1.3,False,8.153184274938113,0.11353931555555555,11.353931555555555,8.524679166666667,0.083925,8.3925
11.4%,0.11353931555555555,11.353931555555555,Nygaard2022_A0.06,"TurbOPark, A=0.06",-288.0,-1.2,False,8.21896104925607,0.11353931555555555,11.353931555555555,8.551400000000001,0.08344166666666666,8.344166666666666
11.4%,0.11353931555555555,11.353931555555555,Nygaard2022_A0.06,"TurbOPark, A=0.06",-264.0,-1.1,False,8.27417193378696,0.11353931555555555,11.353931555555555,8.574958333333333,0.08355,8.355
11.4%,0.11353931555555555,11.353931555555555,Nygaard2022_A0.06,"TurbOPark, A=0.06",-240.0,-1.0,False,8.314860560847773,0.11353931555555555,11.353931555555555,8.5995125,0.08373333333333333,8.373333333333333
11.4%,0.11353931555555555,11.353931555555555,Nygaard2022_A0.06,"TurbOPark, A=0.06",-216.0,-0.9,False,8.341885273744605,0.11353931555555555,11.353931555555555,8.624008333333332,0.08451666666666666,8.451666666666666
11.4%,0.11353931555555555,11.353931555555555,Nygaard2022_A0.06,"TurbOPark, A=0.06",-192.0,-0.8,False,8.359694307667205,0.11353931555555555,11.353931555555555,8.636320833333334,0.08545,8.545
11.4%,0.11353931555555555,11.353931555555555,Nygaard2022_A0.06,"TurbOPark, A=0.06",-168.0,-0.7,False,8.374044752829645,0.11353931555555555,11.353931555555555,8.646829166666667,0.08553333333333334,8.553333333333333
11.4%,0.11353931555555555,11.353931555555555,Nygaard2022_A0.06,"TurbOPark, A=0.06",-144.0,-0.6,False,8.389879854618945,0.11353931555555555,11.353931555555555,8.650695833333334,0.08555,8.555
11.4%,0.11353931555555555,11.353931555555555,Nygaard2022_A0.06,"TurbOPark, A=0.06",-120.0,-0.5,True,8.410108985999965,0.11353931555555555,11.353931555555555,8.643766666666666,0.08602083333333334,8.602083333333335
11.4%,0.11353931555555555,11.353931555555555,Nygaard2022_A0.06,"TurbOPark, A=0.06",-96.0,-0.4,True,8.435288114878087,0.11353931555555555,11.353931555555555,8.636175,0.0873625,8.73625
11.4%,0.11353931555555555,11.353931555555555,Nygaard2022_A0.06,"TurbOPark, A=0.06",-72.0,-0.3,True,8.46377038836091,0.11353931555555555,11.353931555555555,8.6146125,0.08927083333333333,8.927083333333332
11.4%,0.11353931555555555,11.353931555555555,Nygaard2022_A0.06,"TurbOPark, A=0.06",-48.0,-0.2,True,8.491882940968386,0.11353931555555555,11.353931555555555,8.585558333333333,0.090325,9.0325
11.4%,0.11353931555555555,11.353931555555555,Nygaard2022_A0.06,"TurbOPark, A=0.06",-24.0,-0.1,True,8.513820128361541,0.11353931555555555,11.353931555555555,8.547408333333333,0.090725,9.0725
11.4%,0.11353931555555555,11.353931555555555,Nygaard2022_A0.06,"TurbOPark, A=0.06",0.0,0.0,True,8.521298183045733,0.11353931555555555,11.353931555555555,8.490391666666666,0.09129583333333333,9.129583333333333
11.4%,0.11353931555555555,11.353931555555555,Nygaard2022_A0.06,"TurbOPark, A=0.06",24.0,0.1,True,8.503687148679985,0.11353931555555555,11.353931555555555,8.42035,0.09270833333333334,9.270833333333334
11.4%,0.11353931555555555,11.353931555555555,Nygaard2022_A0.06,"TurbOPark, A=0.06",48.0,0.2,True,8.449990563217375,0.11353931555555555,11.353931555555555,8.357645833333333,0.09502083333333333,9.502083333333333
11.4%,0.11353931555555555,11.353931555555555,Nygaard2022_A0.06,"TurbOPark, A=0.06",72.0,0.3,True,8.353197319583252,0.11353931555555555,11.353931555555555,8.293270833333333,0.0969875,9.69875
11.4%,0.11353931555555555,11.353931555555555,Nygaard2022_A0.06,"TurbOPark, A=0.06",96.0,0.4,True,8.214559339067845,0.11353931555555555,11.353931555555555,8.228158333333333,0.09714583333333332,9.714583333333332
11.4%,0.11353931555555555,11.353931555555555,Nygaard2022_A0.06,"TurbOPark, A=0.06",120.0,0.5,True,8.044759415133779,0.11353931555555555,11.353931555555555,8.160016666666667,0.0957375,9.57375
11.4%,0.11353931555555555,11.353931555555555,Nygaard2022_A0.06,"TurbOPark, A=0.06",144.0,0.6,False,7.861717385467804,0.11353931555555555,11.353931555555555,8.090570833333333,0.09398333333333334,9.398333333333333
11.4%,0.11353931555555555,11.353931555555555,Nygaard2022_A0.06,"TurbOPark, A=0.06",168.0,0.7,False,7.686996984777825,0.11353931555555555,11.353931555555555,8.024145833333334,0.09122916666666667,9.122916666666667
11.4%,0.11353931555555555,11.353931555555555,Nygaard2022_A0.06,"TurbOPark, A=0.06",192.0,0.8,False,7.542213178099157,0.11353931555555555,11.353931555555555,7.965466666666666,0.08982499999999999,8.982499999999998
11.4%,0.11353931555555555,11.353931555555555,Nygaard2022_A0.06,"TurbOPark, A=0.06",216.0,0.9,False,7.4455009673987735,0.11353931555555555,11.353931555555555,7.918675,0.08953333333333333,8.953333333333333
11.4%,0.11353931555555555,11.353931555555555,Nygaard2022_A0.06,"TurbOPark, A=0.06",240.0,1.0,False,7.4086024897064,0.11353931555555555,11.353931555555555,7.8838541666666675,0.08853333333333332,8.853333333333332
11.4%,0.11353931555555555,11.353931555555555,Nygaard2022_A0.06,"TurbOPark, A=0.06",264.0,1.1,False,7.434643621272646,0.11353931555555555,11.353931555555555,7.8637250000000005,0.08767083333333334,8.767083333333334
11.4%,0.11353931555555555,11.353931555555555,Nygaard2022_A0.06,"TurbOPark, A=0.06",288.0,1.2,False,7.517050595468971,0.11353931555555555,11.353931555555555,7.851566666666667,0.08664583333333334,8.664583333333335
11.4%,0.11353931555555555,11.353931555555555,Nygaard2022_A0.06,"TurbOPark, A=0.06",312.0,1.3,False,7.640291379235165,0.11353931555555555,11.353931555555555,7.852762499999999,0.08663333333333334,8.663333333333334
11.4%,0.11353931555555555,11.353931555555555,Nygaard2022_A0.06,"TurbOPark, A=0.06",336.0,1.4,False,7.782105202547287,0.11353931555555555,11.353931555555555,7.884874999999999,0.08827916666666666,8.827916666666665
11.4%,0.11353931555555555,11.353931555555555,Nygaard2022_A0.06,"TurbOPark, A=0.06",360.0,1.5,False,7.9177143190364685,0.11353931555555555,11.353931555555555,7.944770833333333,0.08952500000000001,8.9525
12.0%,0.11970673,11.970673,BPA2014,BPA,-360.0,-1.5,False,8.648643276820101,0.15344830626952327,15.344830626952326,8.439920833333334,0.08762500000000001,8.762500000000001
12.0%,0.11970673,11.970673,BPA2014,BPA,-336.0,-1.4,False,8.697942782239782,0.15344830626952327,15.344830626952326,8.491145833333334,0.08633333333333335,8.633333333333335
12.0%,0.11970673,11.970673,BPA2014,BPA,-312.0,-1.3,False,8.735557046797412,0.15344830626952327,15.344830626952326,8.524679166666667,0.083925,8.3925
12.0%,0.11970673,11.970673,BPA2014,BPA,-288.0,-1.2,False,8.764129297228713,0.15344830626952327,15.344830626952326,8.551400000000001,0.08344166666666666,8.344166666666666
12.0%,0.11970673,11.970673,BPA2014,BPA,-264.0,-1.1,False,8.785739910362002,0.15344830626952327,15.344830626952326,8.574958333333333,0.08355,8.355
12.0%,0.11970673,11.970673,BPA2014,BPA,-240.0,-1.0,False,8.801800523154126,0.15344830626952327,15.344830626952326,8.5995125,0.08373333333333333,8.373333333333333
12.0%,0.11970673,11.970673,BPA2014,BPA,-216.0,-0.9,False,8.813068407555104,0.15344830626952327,15.344830626952326,8.624008333333332,0.08451666666666666,8.451666666666666
12.0%,0.11970673,11.970673,BPA2014,BPA,-192.0,-0.8,False,8.819738313463649,0.15344830626952327,15.344830626952326,8.636320833333334,0.08545,8.545
12.0%,0.11970673,11.970673,BPA2014,BPA,-168.0,-0.7,False,8.821575430612066,0.15344830626952327,15.344830626952326,8.646829166666667,0.08553333333333334,8.553333333333333
12.0%,0.11970673,11.970673,BPA2014,BPA,-144.0,-0.6,False,8.81806368371123,0.15344830626952327,15.344830626952326,8.650695833333334,0.08555,8.555
12.0%,0.11970673,11.970673,BPA2014,BPA,-120.0,-0.5,True,8.808553887796352,0.16442838571767493,16.442838571767492,8.643766666666666,0.08602083333333334,8.602083333333335
12.0%,0.11970673,11.970673,BPA2014,BPA,-96.0,-0.4,True,8.792403864411053,0.16442838571767493,16.442838571767492,8.636175,0.0873625,8.73625
12.0%,0.11970673,11.970673,BPA2014,BPA,-72.0,-0.3,True,8.769106709352853,0.16442838571767493,16.442838571767492,8.6146125,0.08927083333333333,8.927083333333332
12.0%,0.11970673,11.970673,BPA2014,BPA,-48.0,-0.2,True,8.738404479867944,0.16442838571767493,16.442838571767492,8.585558333333333,0.090325,9.0325
12.0%,0.11970673,11.970673,BPA2014,BPA,-24.0,-0.1,True,8.700383722912663,0.16442838571767493,16.442838571767492,8.547408333333333,0.090725,9.0725
12.0%,0.11970673,11.970673,BPA2014,BPA,0.0,0.0,True,8.655547727237618,0.16442838571767493,16.442838571767492,8.490391666666666,0.09129583333333333,9.129583333333333
12.0%,0.11970673,11.970673,BPA2014,BPA,24.0,0.1,True,8.604859220320465,0.16442838571767493,16.442838571767492,8.42035,0.09270833333333334,9.270833333333334
12.0%,0.11970673,11.970673,BPA2014,BPA,48.0,0.2,True,8.549747201871739,0.16442838571767493,16.442838571767492,8.357645833333333,0.09502083333333333,9.502083333333333
12.0%,0.11970673,11.970673,BPA2014,BPA,72.0,0.3,True,8.492073093313873,0.16442838571767493,16.442838571767492,8.293270833333333,0.0969875,9.69875
12.0%,0.11970673,11.970673,BPA2014,BPA,96.0,0.4,True,8.434054399352686,0.16442838571767493,16.442838571767492,8.228158333333333,0.09714583333333332,9.714583333333332
12.0%,0.11970673,11.970673,BPA2014,BPA,120.0,0.5,True,8.378148295809822,0.16442838571767493,16.442838571767492,8.160016666666667,0.0957375,9.57375
12.0%,0.11970673,11.970673,BPA2014,BPA,144.0,0.6,False,8.3269023742409,0.16442838571767493,16.442838571767492,8.090570833333333,0.09398333333333334,9.398333333333333
12.0%,0.11970673,11.970673,BPA2014,BPA,168.0,0.7,False,8.282784409260918,0.16442838571767493,16.442838571767492,8.024145833333334,0.09122916666666667,9.122916666666667
12.0%,0.11970673,11.970673,BPA2014,BPA,192.0,0.8,False,8.248006644342915,0.16442838571767493,16.442838571767492,7.965466666666666,0.08982499999999999,8.982499999999998
12.0%,0.11970673,11.970673,BPA2014,BPA,216.0,0.9,False,8.224361994949216,0.16442838571767493,16.442838571767492,7.918675,0.08953333333333333,8.953333333333333
12.0%,0.11970673,11.970673,BPA2014,BPA,240.0,1.0,False,8.213089268227014,0.16442838571767493,16.442838571767492,7.8838541666666675,0.08853333333333332,8.853333333333332
12.0%,0.11970673,11.970673,BPA2014,BPA,264.0,1.1,False,8.214781870722026,0.16442838571767493,16.442838571767492,7.8637250000000005,0.08767083333333334,8.767083333333334
12.0%,0.11970673,11.970673,BPA2014,BPA,288.0,1.2,False,8.229349787055293,0.16442838571767493,16.442838571767492,7.851566666666667,0.08664583333333334,8.664583333333335
12.0%,0.11970673,11.970673,BPA2014,BPA,312.0,1.3,False,8.256038486975228,0.16442838571767493,16.442838571767492,7.852762499999999,0.08663333333333334,8.663333333333334
12.0%,0.11970673,11.970673,BPA2014,BPA,336.0,1.4,False,8.293501719077103,0.16442838571767493,16.442838571767492,7.884874999999999,0.08827916666666666,8.827916666666665
12.0%,0.11970673,11.970673,BPA2014,BPA,360.0,1.5,False,8.339918796613308,0.16442838571767493,16.442838571767492,7.944770833333333,0.08952500000000001,8.9525
12.0%,0.11970673,11.970673,NPA2016,NPA,-360.0,-1.5,False,8.861658928472385,0.1662725083016717,16.62725083016717,8.439920833333334,0.08762500000000001,8.762500000000001
12.0%,0.11970673,11.970673,NPA2016,NPA,-336.0,-1.4,False,8.894459613142937,0.1662725083016717,16.62725083016717,8.491145833333334,0.08633333333333335,8.633333333333335
12.0%,0.11970673,11.970673,NPA2016,NPA,-312.0,-1.3,False,8.922283107643446,0.1662725083016717,16.62725083016717,8.524679166666667,0.083925,8.3925
12.0%,0.11970673,11.970673,NPA2016,NPA,-288.0,-1.2,False,8.945001505264834,0.1662725083016717,16.62725083016717,8.551400000000001,0.08344166666666666,8.344166666666666
12.0%,0.11970673,11.970673,NPA2016,NPA,-264.0,-1.1,False,8.962692301259176,0.1662725083016717,16.62725083016717,8.574958333333333,0.08355,8.355
12.0%,0.11970673,11.970673,NPA2016,NPA,-240.0,-1.0,False,8.975585298360913,0.15427958679216253,15.427958679216253,8.5995125,0.08373333333333333,8.373333333333333
12.0%,0.11970673,11.970673,NPA2016,NPA,-216.0,-0.9,False,8.984029549428653,0.15427958679216253,15.427958679216253,8.624008333333332,0.08451666666666666,8.451666666666666
12.0%,0.11970673,11.970673,NPA2016,NPA,-192.0,-0.8,False,8.988456784633064,0.15427958679216253,15.427958679216253,8.636320833333334,0.08545,8.545
12.0%,0.11970673,11.970673,NPA2016,NPA,-168.0,-0.7,False,8.989348801810776,0.15427958679216253,15.427958679216253,8.646829166666667,0.08553333333333334,8.553333333333333
12.0%,0.11970673,11.970673,NPA2016,NPA,-144.0,-0.6,False,8.987205208664202,0.15427958679216253,15.427958679216253,8.650695833333334,0.08555,8.555
12.0%,0.11970673,11.970673,NPA2016,NPA,-120.0,-0.5,True,8.98252733475144,0.15427958679216253,15.427958679216253,8.643766666666666,0.08602083333333334,8.602083333333335
12.0%,0.11970673,11.970673,NPA2016,NPA,-96.0,-0.4,True,8.975806058271592,0.15427958679216253,15.427958679216253,8.636175,0.0873625,8.73625
12.0%,0.11970673,11.970673,NPA2016,NPA,-72.0,-0.3,True,8.967501639202654,0.15427958679216253,15.427958679216253,8.6146125,0.08927083333333333,8.927083333333332
12.0%,0.11970673,11.970673,NPA2016,NPA,-48.0,-0.2,True,8.958050893765035,0.15427958679216253,15.427958679216253,8.585558333333333,0.090325,9.0325
12.0%,0.11970673,11.970673,NPA2016,NPA,-24.0,-0.1,True,8.947857690911263,0.15427958679216253,15.427958679216253,8.547408333333333,0.090725,9.0725
12.0%,0.11970673,11.970673,NPA2016,NPA,0.0,0.0,True,8.9372938267254,0.15427958679216253,15.427958679216253,8.490391666666666,0.09129583333333333,9.129583333333333
12.0%,0.11970673,11.970673,NPA2016,NPA,24.0,0.1,True,8.926702862316823,0.15427958679216253,15.427958679216253,8.42035,0.09270833333333334,9.270833333333334
12.0%,0.11970673,11.970673,NPA2016,NPA,48.0,0.2,True,8.91639668122243,0.15427958679216253,15.427958679216253,8.357645833333333,0.09502083333333333,9.502083333333333
12.0%,0.11970673,11.970673,NPA2016,NPA,72.0,0.3,True,8.90666202932849,0.15427958679216253,15.427958679216253,8.293270833333333,0.0969875,9.69875
12.0%,0.11970673,11.970673,NPA2016,NPA,96.0,0.4,True,8.897751960001665,0.15427958679216253,15.427958679216253,8.228158333333333,0.09714583333333332,9.714583333333332
12.0%,0.11970673,11.970673,NPA2016,NPA,120.0,0.5,True,8.88989147201991,0.15427958679216253,15.427958679216253,8.160016666666667,0.0957375,9.57375
12.0%,0.11970673,11.970673,NPA2016,NPA,144.0,0.6,False,8.883274027357151,0.15427958679216253,15.427958679216253,8.090570833333333,0.09398333333333334,9.398333333333333
12.0%,0.11970673,11.970673,NPA2016,NPA,168.0,0.7,False,8.87805937608398,0.15427958679216253,15.427958679216253,8.024145833333334,0.09122916666666667,9.122916666666667
12.0%,0.11970673,11.970673,NPA2016,NPA,192.0,0.8,False,8.874369954164457,0.15427958679216253,15.427958679216253,7.965466666666666,0.08982499999999999,8.982499999999998
12.0%,0.11970673,11.970673,NPA2016,NPA,216.0,0.9,False,8.872295784161974,0.15427958679216253,15.427958679216253,7.918675,0.08953333333333333,8.953333333333333
12.0%,0.11970673,11.970673,NPA2016,NPA,240.0,1.0,False,8.87187976032968,0.15427958679216253,15.427958679216253,7.8838541666666675,0.08853333333333332,8.853333333333332
12.0%,0.11970673,11.970673,NPA2016,NPA,264.0,1.1,False,8.87312146247896,0.15427958679216253,15.427958679216253,7.8637250000000005,0.08767083333333334,8.767083333333334
12.0%,0.11970673,11.970673,NPA2016,NPA,288.0,1.2,False,8.87597836003981,0.15427958679216253,15.427958679216253,7.851566666666667,0.08664583333333334,8.664583333333335
12.0%,0.11970673,11.970673,NPA2016,NPA,312.0,1.3,False,8.880348771894576,0.15427958679216253,15.427958679216253,7.852762499999999,0.08663333333333334,8.663333333333334
12.0%,0.11970673,11.970673,NPA2016,NPA,336.0,1.4,False,8.886067676846741,0.15427958679216253,15.427958679216253,7.884874999999999,0.08827916666666666,8.827916666666665
12.0%,0.11970673,11.970673,NPA2016,NPA,360.0,1.5,False,8.892896592721698,0.15427958679216253,15.427958679216253,7.944770833333333,0.08952500000000001,8.9525
12.0%,0.11970673,11.970673,Nygaard2022,"TurbOPark, A=0.04",-360.0,-1.5,False,7.527394684499427,0.11970673,11.970673,8.439920833333334,0.08762500000000001,8.762500000000001
12.0%,0.11970673,11.970673,Nygaard2022,"TurbOPark, A=0.04",-336.0,-1.4,False,7.656306525540954,0.11970673,11.970673,8.491145833333334,0.08633333333333335,8.633333333333335
12.0%,0.11970673,11.970673,Nygaard2022,"TurbOPark, A=0.04",-312.0,-1.3,False,7.785132596467449,0.11970673,11.970673,8.524679166666667,0.083925,8.3925
12.0%,0.11970673,11.970673,Nygaard2022,"TurbOPark, A=0.04",-288.0,-1.2,False,7.886268554387056,0.11970673,11.970673,8.551400000000001,0.08344166666666666,8.344166666666666
12.0%,0.11970673,11.970673,Nygaard2022,"TurbOPark, A=0.04",-264.0,-1.1,False,7.943689611490156,0.11970673,11.970673,8.574958333333333,0.08355,8.355
12.0%,0.11970673,11.970673,Nygaard2022,"TurbOPark, A=0.04",-240.0,-1.0,False,7.9593538396770915,0.11970673,11.970673,8.5995125,0.08373333333333333,8.373333333333333
12.0%,0.11970673,11.970673,Nygaard2022,"TurbOPark, A=0.04",-216.0,-0.9,False,7.949947232840518,0.11970673,11.970673,8.624008333333332,0.08451666666666666,8.451666666666666
12.0%,0.11970673,11.970673,Nygaard2022,"TurbOPark, A=0.04",-192.0,-0.8,False,7.936582329527315,0.11970673,11.970673,8.636320833333334,0.08545,8.545
12.0%,0.11970673,11.970673,Nygaard2022,"TurbOPark, A=0.04",-168.0,-0.7,False,7.935788285978326,0.11970673,11.970673,8.646829166666667,0.08553333333333334,8.553333333333333
12.0%,0.11970673,11.970673,Nygaard2022,"TurbOPark, A=0.04",-144.0,-0.6,False,7.955762325637993,0.11970673,11.970673,8.650695833333334,0.08555,8.555
12.0%,0.11970673,11.970673,Nygaard2022,"TurbOPark, A=0.04",-120.0,-0.5,True,7.996509461535163,0.11970673,11.970673,8.643766666666666,0.08602083333333334,8.602083333333335
12.0%,0.11970673,11.970673,Nygaard2022,"TurbOPark, A=0.04",-96.0,-0.4,True,8.051776641326928,0.11970673,11.970673,8.636175,0.0873625,8.73625
12.0%,0.11970673,11.970673,Nygaard2022,"TurbOPark, A=0.04",-72.0,-0.3,True,8.111728619142923,0.11970673,11.970673,8.6146125,0.08927083333333333,8.927083333333332
12.0%,0.11970673,11.970673,Nygaard2022,"TurbOPark, A=0.04",-48.0,-0.2,True,8.165844246591393,0.11970673,11.970673,8.585558333333333,0.090325,9.0325
12.0%,0.11970673,11.970673,Nygaard2022,"TurbOPark, A=0.04",-24.0,-0.1,True,8.205280014010254,0.11970673,11.970673,8.547408333333333,0.090725,9.0725
12.0%,0.11970673,11.970673,Nygaard2022,"TurbOPark, A=0.04",0.0,0.0,True,8.223440725751358,0.11970673,11.970673,8.490391666666666,0.09129583333333333,9.129583333333333
12.0%,0.11970673,11.970673,Nygaard2022,"TurbOPark, A=0.04",24.0,0.1,True,8.213836465531708,0.11970673,11.970673,8.42035,0.09270833333333334,9.270833333333334
12.0%,0.11970673,11.970673,Nygaard2022,"TurbOPark, A=0.04",48.0,0.2,True,8.16661517592193,0.11970673,11.970673,8.357645833333333,0.09502083333333333,9.502083333333333
12.0%,0.11970673,11.970673,Nygaard2022,"TurbOPark, A=0.04",72.0,0.3,True,8.068004163451697,0.11970673,11.970673,8.293270833333333,0.0969875,9.69875
12.0%,0.11970673,11.970673,Nygaard2022,"TurbOPark, A=0.04",96.0,0.4,True,7.906595438869865,0.11970673,11.970673,8.228158333333333,0.09714583333333332,9.714583333333332
12.0%,0.11970673,11.970673,Nygaard2022,"TurbOPark, A=0.04",120.0,0.5,True,7.683778752219833,0.11970673,11.970673,8.160016666666667,0.0957375,9.57375
12.0%,0.11970673,11.970673,Nygaard2022,"TurbOPark, A=0.04",144.0,0.6,False,7.419544365090683,0.11970673,11.970673,8.090570833333333,0.09398333333333334,9.398333333333333
12.0%,0.11970673,11.970673,Nygaard2022,"TurbOPark, A=0.04",168.0,0.7,False,7.149457801415931,0.11970673,11.970673,8.024145833333334,0.09122916666666667,9.122916666666667
12.0%,0.11970673,11.970673,Nygaard2022,"TurbOPark, A=0.04",192.0,0.8,False,6.91614013713062,0.11970673,11.970673,7.965466666666666,0.08982499999999999,8.982499999999998
12.0%,0.11970673,11.970673,Nygaard2022,"TurbOPark, A=0.04",216.0,0.9,False,6.759390152611974,0.11970673,11.970673,7.918675,0.08953333333333333,8.953333333333333
12.0%,0.11970673,11.970673,Nygaard2022,"TurbOPark, A=0.04",240.0,1.0,False,6.7070946956141455,0.11970673,11.970673,7.8838541666666675,0.08853333333333332,8.853333333333332
12.0%,0.11970673,11.970673,Nygaard2022,"TurbOPark, A=0.04",264.0,1.1,False,6.76836769923404,0.11970673,11.970673,7.8637250000000005,0.08767083333333334,8.767083333333334
12.0%,0.11970673,11.970673,Nygaard2022,"TurbOPark, A=0.04",288.0,1.2,False,6.930117482968292,0.11970673,11.970673,7.851566666666667,0.08664583333333334,8.664583333333335
12.0%,0.11970673,11.970673,Nygaard2022,"TurbOPark, A=0.04",312.0,1.3,False,7.157621954334078,0.11970673,11.970673,7.852762499999999,0.08663333333333334,8.663333333333334
12.0%,0.11970673,11.970673,Nygaard2022,"TurbOPark, A=0.04",336.0,1.4,False,7.399586106655411,0.11970673,11.970673,7.884874999999999,0.08827916666666666,8.827916666666665
12.0%,0.11970673,11.970673,Nygaard2022,"TurbOPark, A=0.04",360.0,1.5,False,7.599298580264945,0.11970673,11.970673,7.944770833333333,0.08952500000000001,8.9525
12.0%,0.11970673,11.970673,Nygaard2022_A0.06,"TurbOPark, A=0.06",-360.0,-1.5,False,8.056863798361684,0.11970673,11.970673,8.439920833333334,0.08762500000000001,8.762500000000001
12.0%,0.11970673,11.970673,Nygaard2022_A0.06,"TurbOPark, A=0.06",-336.0,-1.4,False,8.114592048297322,0.11970673,11.970673,8.491145833333334,0.08633333333333335,8.633333333333335
12.0%,0.11970673,11.970673,Nygaard2022_A0.06,"TurbOPark, A=0.06",-312.0,-1.3,False,8.180368302879126,0.11970673,11.970673,8.524679166666667,0.083925,8.3925
12.0%,0.11970673,11.970673,Nygaard2022_A0.06,"TurbOPark, A=0.06",-288.0,-1.2,False,8.244774957268795,0.11970673,11.970673,8.551400000000001,0.08344166666666666,8.344166666666666
12.0%,0.11970673,11.970673,Nygaard2022_A0.06,"TurbOPark, A=0.06",-264.0,-1.1,False,8.300067302919793,0.11970673,11.970673,8.574958333333333,0.08355,8.355
12.0%,0.11970673,11.970673,Nygaard2022_A0.06,"TurbOPark, A=0.06",-240.0,-1.0,False,8.342148636772935,0.11970673,11.970673,8.5995125,0.08373333333333333,8.373333333333333
12.0%,0.11970673,11.970673,Nygaard2022_A0.06,"TurbOPark, A=0.06",-216.0,-0.9,False,8.37128034653468,0.11970673,11.970673,8.624008333333332,0.08451666666666666,8.451666666666666
12.0%,0.11970673,11.970673,Nygaard2022_A0.06,"TurbOPark, A=0.06",-192.0,-0.8,False,8.391148778269123,0.11970673,11.970673,8.636320833333334,0.08545,8.545
12.0%,0.11970673,11.970673,Nygaard2022_A0.06,"TurbOPark, A=0.06",-168.0,-0.7,False,8.406917321154692,0.11970673,11.970673,8.646829166666667,0.08553333333333334,8.553333333333333
12.0%,0.11970673,11.970673,Nygaard2022_A0.06,"TurbOPark, A=0.06",-144.0,-0.6,False,8.423234823645023,0.11970673,11.970673,8.650695833333334,0.08555,8.555
12.0%,0.11970673,11.970673,Nygaard2022_A0.06,"TurbOPark, A=0.06",-120.0,-0.5,True,8.443029287900297,0.11970673,11.970673,8.643766666666666,0.08602083333333334,8.602083333333335
12.0%,0.11970673,11.970673,Nygaard2022_A0.06,"TurbOPark, A=0.06",-96.0,-0.4,True,8.467097853901532,0.11970673,11.970673,8.636175,0.0873625,8.73625
12.0%,0.11970673,11.970673,Nygaard2022_A0.06,"TurbOPark, A=0.06",-72.0,-0.3,True,8.494118008089869,0.11970673,11.970673,8.6146125,0.08927083333333333,8.927083333333332
12.0%,0.11970673,11.970673,Nygaard2022_A0.06,"TurbOPark, A=0.06",-48.0,-0.2,True,8.520698811127229,0.11970673,11.970673,8.585558333333333,0.090325,9.0325
12.0%,0.11970673,11.970673,Nygaard2022_A0.06,"TurbOPark, A=0.06",-24.0,-0.1,True,8.541164951310403,0.11970673,11.970673,8.547408333333333,0.090725,9.0725
12.0%,0.11970673,11.970673,Nygaard2022_A0.06,"TurbOPark, A=0.06",0.0,0.0,True,8.547198072129037,0.11970673,11.970673,8.490391666666666,0.09129583333333333,9.129583333333333
12.0%,0.11970673,11.970673,Nygaard2022_A0.06,"TurbOPark, A=0.06",24.0,0.1,True,8.528089378865305,0.11970673,11.970673,8.42035,0.09270833333333334,9.270833333333334
12.0%,0.11970673,11.970673,Nygaard2022_A0.06,"TurbOPark, A=0.06",48.0,0.2,True,8.472981188016368,0.11970673,11.970673,8.357645833333333,0.09502083333333333,9.502083333333333
12.0%,0.11970673,11.970673,Nygaard2022_A0.06,"TurbOPark, A=0.06",72.0,0.3,True,8.37527317704689,0.11970673,11.970673,8.293270833333333,0.0969875,9.69875
12.0%,0.11970673,11.970673,Nygaard2022_A0.06,"TurbOPark, A=0.06",96.0,0.4,True,8.236758384480085,0.11970673,11.970673,8.228158333333333,0.09714583333333332,9.714583333333332
12.0%,0.11970673,11.970673,Nygaard2022_A0.06,"TurbOPark, A=0.06",120.0,0.5,True,8.068374585707533,0.11970673,11.970673,8.160016666666667,0.0957375,9.57375
12.0%,0.11970673,11.970673,Nygaard2022_A0.06,"TurbOPark, A=0.06",144.0,0.6,False,7.887825619921232,0.11970673,11.970673,8.090570833333333,0.09398333333333334,9.398333333333333
12.0%,0.11970673,11.970673,Nygaard2022_A0.06,"TurbOPark, A=0.06",168.0,0.7,False,7.71608566552075,0.11970673,11.970673,8.024145833333334,0.09122916666666667,9.122916666666667
12.0%,0.11970673,11.970673,Nygaard2022_A0.06,"TurbOPark, A=0.06",192.0,0.8,False,7.573944132058401,0.11970673,11.970673,7.965466666666666,0.08982499999999999,8.982499999999998
12.0%,0.11970673,11.970673,Nygaard2022_A0.06,"TurbOPark, A=0.06",216.0,0.9,False,7.478814166537534,0.11970673,11.970673,7.918675,0.08953333333333333,8.953333333333333
12.0%,0.11970673,11.970673,Nygaard2022_A0.06,"TurbOPark, A=0.06",240.0,1.0,False,7.441923434598733,0.11970673,11.970673,7.8838541666666675,0.08853333333333332,8.853333333333332
12.0%,0.11970673,11.970673,Nygaard2022_A0.06,"TurbOPark, A=0.06",264.0,1.1,False,7.466238777252082,0.11970673,11.970673,7.8637250000000005,0.08767083333333334,8.767083333333334
12.0%,0.11970673,11.970673,Nygaard2022_A0.06,"TurbOPark, A=0.06",288.0,1.2,False,7.5455445736456195,0.11970673,11.970673,7.851566666666667,0.08664583333333334,8.664583333333335
12.0%,0.11970673,11.970673,Nygaard2022_A0.06,"TurbOPark, A=0.06",312.0,1.3,False,7.665084038096356,0.11970673,11.970673,7.852762499999999,0.08663333333333334,8.663333333333334
12.0%,0.11970673,11.970673,Nygaard2022_A0.06,"TurbOPark, A=0.06",336.0,1.4,False,7.803711687273994,0.11970673,11.970673,7.884874999999999,0.08827916666666666,8.827916666666665
12.0%,0.11970673,11.970673,Nygaard2022_A0.06,"TurbOPark, A=0.06",360.0,1.5,False,7.937838024312127,0.11970673,11.970673,7.944770833333333,0.08952500000000001,8.9525
