TI_label,TI_input,TI_input_percent,model,model_label,y_rel_m,y_over_D,inside_rotor,U_model_mps,TI_model,TI_model_percent,U_LES_mps,TI_LES,TI_LES_percent
6.4%,0.0642,6.419999999999999,BPA2014,BPA,-360.0,-1.5,False,8.648643276817655,0.11712914661069386,11.712914661069386,8.23855,0.08470833333333334,8.470833333333335
6.4%,0.0642,6.419999999999999,BPA2014,BPA,-336.0,-1.4,False,8.69794278223792,0.11712914661069386,11.712914661069386,8.305975,0.08378333333333333,8.378333333333334
6.4%,0.0642,6.419999999999999,BPA2014,BPA,-312.0,-1.3,False,8.735557046795996,0.11712914661069386,11.712914661069386,8.3543375,0.08202916666666668,8.202916666666669
6.4%,0.0642,6.419999999999999,BPA2014,BPA,-288.0,-1.2,False,8.76412929722764,0.11712914661069386,11.712914661069386,8.398208333333333,0.08185416666666667,8.185416666666667
6.4%,0.0642,6.419999999999999,BPA2014,BPA,-264.0,-1.1,False,8.785739910361189,0.11712914661069386,11.712914661069386,8.449229166666667,0.08207083333333334,8.207083333333335
6.4%,0.0642,6.419999999999999,BPA2014,BPA,-240.0,-1.0,False,8.80180052315351,0.11712914661069386,11.712914661069386,8.490283333333332,0.08183333333333334,8.183333333333334
6.4%,0.0642,6.419999999999999,BPA2014,BPA,-216.0,-0.9,False,8.813068407554638,0.11712914661069386,11.712914661069386,8.520541666666666,0.08019166666666666,8.019166666666667
6.4%,0.0642,6.419999999999999,BPA2014,BPA,-192.0,-0.8,False,8.819738313463299,0.11712914661069386,11.712914661069386,8.549608333333332,0.07934583333333334,7.934583333333334
6.4%,0.0642,6.419999999999999,BPA2014,BPA,-168.0,-0.7,False,8.821575430611801,0.11712914661069386,11.712914661069386,8.5773,0.0788875,7.88875
6.4%,0.0642,6.419999999999999,BPA2014,BPA,-144.0,-0.6,False,8.818063683711031,0.11712914661069386,11.712914661069386,8.595170833333334,0.07996666666666666,7.996666666666666
6.4%,0.0642,6.419999999999999,BPA2014,BPA,-120.0,-0.5,True,8.808553887796203,0.13173381918810492,13.173381918810492,8.604258333333332,0.0821875,8.21875
6.4%,0.0642,6.419999999999999,BPA2014,BPA,-96.0,-0.4,True,8.792403864410941,0.13173381918810492,13.173381918810492,8.600533333333333,0.08398333333333334,8.398333333333333
6.4%,0.0642,6.419999999999999,BPA2014,BPA,-72.0,-0.3,True,8.76910670935277,0.13173381918810492,13.173381918810492,8.5759875,0.08562499999999999,8.5625
6.4%,0.0642,6.419999999999999,BPA2014,BPA,-48.0,-0.2,True,8.738404479867881,0.13173381918810492,13.173381918810492,8.536483333333333,0.0867875,8.67875
6.4%,0.0642,6.419999999999999,BPA2014,BPA,-24.0,-0.1,True,8.700383722912617,0.13173381918810492,13.173381918810492,8.485941666666667,0.08875833333333333,8.875833333333333
6.4%,0.0642,6.419999999999999,BPA2014,BPA,0.0,0.0,True,8.655547727237584,0.13173381918810492,13.173381918810492,8.432116666666667,0.09032916666666667,9.032916666666667
6.4%,0.0642,6.419999999999999,BPA2014,BPA,24.0,0.1,True,8.60485922032044,0.13173381918810492,13.173381918810492,8.376516666666667,0.09133333333333335,9.133333333333335
6.4%,0.0642,6.419999999999999,BPA2014,BPA,48.0,0.2,True,8.549747201871721,0.13173381918810492,13.173381918810492,8.314687500000002,0.09190416666666666,9.190416666666666
6.4%,0.0642,6.419999999999999,BPA2014,BPA,72.0,0.3,True,8.492073093313861,0.13173381918810492,13.173381918810492,8.2629,0.09281666666666666,9.281666666666666
6.4%,0.0642,6.419999999999999,BPA2014,BPA,96.0,0.4,True,8.434054399352677,0.13173381918810492,13.173381918810492,8.199250000000001,0.09257083333333332,9.257083333333332
6.4%,0.0642,6.419999999999999,BPA2014,BPA,120.0,0.5,True,8.378148295809815,0.13173381918810492,13.173381918810492,8.1291875,0.09098333333333335,9.098333333333334
6.4%,0.0642,6.419999999999999,BPA2014,BPA,144.0,0.6,False,8.326902374240897,0.13173381918810492,13.173381918810492,8.076779166666666,0.089825,8.9825
6.4%,0.0642,6.419999999999999,BPA2014,BPA,168.0,0.7,False,8.282784409260914,0.13173381918810492,13.173381918810492,8.043658333333333,0.08987083333333334,8.987083333333334
6.4%,0.0642,6.419999999999999,BPA2014,BPA,192.0,0.8,False,8.248006644342912,0.13173381918810492,13.173381918810492,8.0294375,0.08914166666666666,8.914166666666667
6.4%,0.0642,6.419999999999999,BPA2014,BPA,216.0,0.9,False,8.224361994949215,0.13173381918810492,13.173381918810492,8.030024999999998,0.0874125,8.74125
6.4%,0.0642,6.419999999999999,BPA2014,BPA,240.0,1.0,False,8.213089268227012,0.13173381918810492,13.173381918810492,8.0238625,0.08720833333333333,8.720833333333333
6.4%,0.0642,6.419999999999999,BPA2014,BPA,264.0,1.1,False,8.214781870722025,0.13173381918810492,13.173381918810492,8.035183333333334,0.0874,8.74
6.4%,0.0642,6.419999999999999,BPA2014,BPA,288.0,1.2,False,8.229349787055291,0.13173381918810492,13.173381918810492,8.06625,0.08775833333333333,8.775833333333333
6.4%,0.0642,6.419999999999999,BPA2014,BPA,312.0,1.3,False,8.256038486975228,0.13173381918810492,13.173381918810492,8.110475000000001,0.0874875,8.74875
6.4%,0.0642,6.419999999999999,BPA2014,BPA,336.0,1.4,False,8.293501719077103,0.13173381918810492,13.173381918810492,8.164758333333333,0.08700833333333333,8.700833333333332
6.4%,0.0642,6.419999999999999,BPA2014,BPA,360.0,1.5,False,8.339918796613306,0.13173381918810492,13.173381918810492,8.233266666666665,0.0873375,8.73375
6.4%,0.0642,6.419999999999999,NPA2016,NPA,-360.0,-1.5,False,8.755403898787,0.130058747132485,13.005874713248499,8.23855,0.08470833333333334,8.470833333333335
6.4%,0.0642,6.419999999999999,NPA2016,NPA,-336.0,-1.4,False,8.799950899880441,0.130058747132485,13.005874713248499,8.305975,0.08378333333333333,8.378333333333334
6.4%,0.0642,6.419999999999999,NPA2016,NPA,-312.0,-1.3,False,8.835085811600441,0.10354507620818258,10.354507620818259,8.3543375,0.08202916666666668,8.202916666666669
6.4%,0.0642,6.419999999999999,NPA2016,NPA,-288.0,-1.2,False,8.861391023848517,0.10354507620818258,10.354507620818259,8.398208333333333,0.08185416666666667,8.185416666666667
6.4%,0.0642,6.419999999999999,NPA2016,NPA,-264.0,-1.1,False,8.879673116147698,0.10354507620818258,10.354507620818259,8.449229166666667,0.08207083333333334,8.207083333333335
6.4%,0.0642,6.419999999999999,NPA2016,NPA,-240.0,-1.0,False,8.890802957069917,0.10354507620818258,10.354507620818259,8.490283333333332,0.08183333333333334,8.183333333333334
6.4%,0.0642,6.419999999999999,NPA2016,NPA,-216.0,-0.9,False,8.895655759455602,0.11498513537331899,11.498513537331899,8.520541666666666,0.08019166666666666,8.019166666666667
6.4%,0.0642,6.419999999999999,NPA2016,NPA,-192.0,-0.8,False,8.895031205958363,0.11498513537331899,11.498513537331899,8.549608333333332,0.07934583333333334,7.934583333333334
6.4%,0.0642,6.419999999999999,NPA2016,NPA,-168.0,-0.7,False,8.889647161899207,0.11498513537331899,11.498513537331899,8.5773,0.0788875,7.88875
6.4%,0.0642,6.419999999999999,NPA2016,NPA,-144.0,-0.6,False,8.880128219355772,0.11498513537331899,11.498513537331899,8.595170833333334,0.07996666666666666,7.996666666666666
6.4%,0.0642,6.419999999999999,NPA2016,NPA,-120.0,-0.5,True,8.86702031592749,0.11498513537331899,11.498513537331899,8.604258333333332,0.0821875,8.21875
6.4%,0.0642,6.419999999999999,NPA2016,NPA,-96.0,-0.4,True,8.850808965809625,0.11498513537331899,11.498513537331899,8.600533333333333,0.08398333333333334,8.398333333333333
6.4%,0.0642,6.419999999999999,NPA2016,NPA,-72.0,-0.3,True,8.831962595996263,0.11498513537331899,11.498513537331899,8.5759875,0.08562499999999999,8.5625
6.4%,0.0642,6.419999999999999,NPA2016,NPA,-48.0,-0.2,True,8.810942469592792,0.11498513537331899,11.498513537331899,8.536483333333333,0.0867875,8.67875
6.4%,0.0642,6.419999999999999,NPA2016,NPA,-24.0,-0.1,True,8.788230886190645,0.11498513537331899,11.498513537331899,8.485941666666667,0.08875833333333333,8.875833333333333
6.4%,0.0642,6.419999999999999,NPA2016,NPA,0.0,0.0,True,8.764350192495588,0.11498513537331899,11.498513537331899,8.432116666666667,0.09032916666666667,9.032916666666667
6.4%,0.0642,6.419999999999999,NPA2016,NPA,24.0,0.1,True,8.739859738693752,0.11498513537331899,11.498513537331899,8.376516666666667,0.09133333333333335,9.133333333333335
6.4%,0.0642,6.419999999999999,NPA2016,NPA,48.0,0.2,True,8.715355499360998,0.11498513537331899,11.498513537331899,8.314687500000002,0.09190416666666666,9.190416666666666
6.4%,0.0642,6.419999999999999,NPA2016,NPA,72.0,0.3,True,8.691464368858071,0.11498513537331899,11.498513537331899,8.2629,0.09281666666666666,9.281666666666666
6.4%,0.0642,6.419999999999999,NPA2016,NPA,96.0,0.4,True,8.668828876214398,0.11498513537331899,11.498513537331899,8.199250000000001,0.09257083333333332,9.257083333333332
6.4%,0.0642,6.419999999999999,NPA2016,NPA,120.0,0.5,True,8.648077321355743,0.11498513537331899,11.498513537331899,8.1291875,0.09098333333333335,9.098333333333334
6.4%,0.0642,6.419999999999999,NPA2016,NPA,144.0,0.6,False,8.629809233030125,0.11498513537331899,11.498513537331899,8.076779166666666,0.089825,8.9825
6.4%,0.0642,6.419999999999999,NPA2016,NPA,168.0,0.7,False,8.614561901499169,0.11498513537331899,11.498513537331899,8.043658333333333,0.08987083333333334,8.987083333333334
6.4%,0.0642,6.419999999999999,NPA2016,NPA,192.0,0.8,False,8.60279576079994,0.11498513537331899,11.498513537331899,8.0294375,0.08914166666666666,8.914166666666667
6.4%,0.0642,6.419999999999999,NPA2016,NPA,216.0,0.9,False,8.594860914724853,0.11498513537331899,11.498513537331899,8.030024999999998,0.0874125,8.74125
6.4%,0.0642,6.419999999999999,NPA2016,NPA,240.0,1.0,False,8.59099239037903,0.11498513537331899,11.498513537331899,8.0238625,0.08720833333333333,8.720833333333333
6.4%,0.0642,6.419999999999999,NPA2016,NPA,264.0,1.1,False,8.591291344220807,0.11498513537331899,11.498513537331899,8.035183333333334,0.0874,8.74
6.4%,0.0642,6.419999999999999,NPA2016,NPA,288.0,1.2,False,8.595718564695472,0.11498513537331899,11.498513537331899,8.06625,0.08775833333333333,8.775833333333333
6.4%,0.0642,6.419999999999999,NPA2016,NPA,312.0,1.3,False,8.604104777926574,0.11498513537331899,11.498513537331899,8.110475000000001,0.0874875,8.74875
6.4%,0.0642,6.419999999999999,NPA2016,NPA,336.0,1.4,False,8.616142554111661,0.11498513537331899,11.498513537331899,8.164758333333333,0.08700833333333333,8.700833333333332
6.4%,0.0642,6.419999999999999,NPA2016,NPA,360.0,1.5,False,8.631397749207526,0.11498513537331899,11.498513537331899,8.233266666666665,0.0873375,8.73375
6.4%,0.0642,6.419999999999999,Nygaard2022,"TurbOPark, A=0.04",-360.0,-1.5,False,7.196933680425501,0.0642,6.419999999999999,8.23855,0.08470833333333334,8.470833333333335
6.4%,0.0642,6.419999999999999,Nygaard2022,"TurbOPark, A=0.04",-336.0,-1.4,False,7.381697494455352,0.0642,6.419999999999999,8.305975,0.08378333333333333,8.378333333333334
6.4%,0.0642,6.419999999999999,Nygaard2022,"TurbOPark, A=0.04",-312.0,-1.3,False,7.545901693345161,0.0642,6.419999999999999,8.3543375,0.08202916666666668,8.202916666666669
6.4%,0.0642,6.419999999999999,Nygaard2022,"TurbOPark, A=0.04",-288.0,-1.2,False,7.641755010646358,0.0642,6.419999999999999,8.398208333333333,0.08185416666666667,8.185416666666667
6.4%,0.0642,6.419999999999999,Nygaard2022,"TurbOPark, A=0.04",-264.0,-1.1,False,7.650939996550644,0.0642,6.419999999999999,8.449229166666667,0.08207083333333334,8.207083333333335
6.4%,0.0642,6.419999999999999,Nygaard2022,"TurbOPark, A=0.04",-240.0,-1.0,False,7.5951146516121595,0.0642,6.419999999999999,8.490283333333332,0.08183333333333334,8.183333333333334
6.4%,0.0642,6.419999999999999,Nygaard2022,"TurbOPark, A=0.04",-216.0,-0.9,False,7.51845863825774,0.0642,6.419999999999999,8.520541666666666,0.08019166666666666,8.019166666666667
6.4%,0.0642,6.419999999999999,Nygaard2022,"TurbOPark, A=0.04",-192.0,-0.8,False,7.462186196023647,0.0642,6.419999999999999,8.549608333333332,0.07934583333333334,7.934583333333334
6.4%,0.0642,6.419999999999999,Nygaard2022,"TurbOPark, A=0.04",-168.0,-0.7,False,7.4513204015559635,0.0642,6.419999999999999,8.5773,0.0788875,7.88875
6.4%,0.0642,6.419999999999999,Nygaard2022,"TurbOPark, A=0.04",-144.0,-0.6,False,7.492681564425192,0.0642,6.419999999999999,8.595170833333334,0.07996666666666666,7.996666666666666
6.4%,0.0642,6.419999999999999,Nygaard2022,"TurbOPark, A=0.04",-120.0,-0.5,True,7.576733261667517,0.0642,6.419999999999999,8.604258333333332,0.0821875,8.21875
6.4%,0.0642,6.419999999999999,Nygaard2022,"TurbOPark, A=0.04",-96.0,-0.4,True,7.681505377597152,0.0642,6.419999999999999,8.600533333333333,0.08398333333333334,8.398333333333333
6.4%,0.0642,6.419999999999999,Nygaard2022,"TurbOPark, A=0.04",-72.0,-0.3,True,7.778515951732326,0.0642,6.419999999999999,8.5759875,0.08562499999999999,8.5625
6.4%,0.0642,6.419999999999999,Nygaard2022,"TurbOPark, A=0.04",-48.0,-0.2,True,7.842003735065194,0.0642,6.419999999999999,8.536483333333333,0.0867875,8.67875
6.4%,0.0642,6.419999999999999,Nygaard2022,"TurbOPark, A=0.04",-24.0,-0.1,True,7.859451532173179,0.0642,6.419999999999999,8.485941666666667,0.08875833333333333,8.875833333333333
6.4%,0.0642,6.419999999999999,Nygaard2022,"TurbOPark, A=0.04",0.0,0.0,True,7.835712550834098,0.0642,6.419999999999999,8.432116666666667,0.09032916666666667,9.032916666666667
6.4%,0.0642,6.419999999999999,Nygaard2022,"TurbOPark, A=0.04",24.0,0.1,True,7.785441916013024,0.0642,6.419999999999999,8.376516666666667,0.09133333333333335,9.133333333333335
6.4%,0.0642,6.419999999999999,Nygaard2022,"TurbOPark, A=0.04",48.0,0.2,True,7.719193503009217,0.0642,6.419999999999999,8.314687500000002,0.09190416666666666,9.190416666666666
6.4%,0.0642,6.419999999999999,Nygaard2022,"TurbOPark, A=0.04",72.0,0.3,True,7.633442492254892,0.0642,6.419999999999999,8.2629,0.09281666666666666,9.281666666666666
6.4%,0.0642,6.419999999999999,Nygaard2022,"TurbOPark, A=0.04",96.0,0.4,True,7.510821896964565,0.0642,6.419999999999999,8.199250000000001,0.09257083333333332,9.257083333333332
6.4%,0.0642,6.419999999999999,Nygaard2022,"TurbOPark, A=0.04",120.0,0.5,True,7.333036420348279,0.0642,6.419999999999999,8.1291875,0.09098333333333335,9.098333333333334
6.4%,0.0642,6.419999999999999,Nygaard2022,"TurbOPark, A=0.04",144.0,0.6,False,7.100029736885437,0.0642,6.419999999999999,8.076779166666666,0.089825,8.9825
6.4%,0.0642,6.419999999999999,Nygaard2022,"TurbOPark, A=0.04",168.0,0.7,False,6.840010821451597,0.0642,6.419999999999999,8.043658333333333,0.08987083333333334,8.987083333333334
6.4%,0.0642,6.419999999999999,Nygaard2022,"TurbOPark, A=0.04",192.0,0.8,False,6.602298496164255,0.0642,6.419999999999999,8.0294375,0.08914166666666666,8.914166666666667
6.4%,0.0642,6.419999999999999,Nygaard2022,"TurbOPark, A=0.04",216.0,0.9,False,6.440394293684269,0.0642,6.419999999999999,8.030024999999998,0.0874125,8.74125
6.4%,0.0642,6.419999999999999,Nygaard2022,"TurbOPark, A=0.04",240.0,1.0,False,6.3951456516766125,0.0642,6.419999999999999,8.0238625,0.08720833333333333,8.720833333333333
6.4%,0.0642,6.419999999999999,Nygaard2022,"TurbOPark, A=0.04",264.0,1.1,False,6.482679120368793,0.0642,6.419999999999999,8.035183333333334,0.0874,8.74
6.4%,0.0642,6.419999999999999,Nygaard2022,"TurbOPark, A=0.04",288.0,1.2,False,6.688249931907259,0.0642,6.419999999999999,8.06625,0.08775833333333333,8.775833333333333
6.4%,0.0642,6.419999999999999,Nygaard2022,"TurbOPark, A=0.04",312.0,1.3,False,6.96590073496137,0.0642,6.419999999999999,8.110475000000001,0.0874875,8.74875
6.4%,0.0642,6.419999999999999,Nygaard2022,"TurbOPark, A=0.04",336.0,1.4,False,7.244058907550237,0.0642,6.419999999999999,8.164758333333333,0.08700833333333333,8.700833333333332
6.4%,0.0642,6.419999999999999,Nygaard2022,"TurbOPark, A=0.04",360.0,1.5,False,7.442147773135874,0.0642,6.419999999999999,8.233266666666665,0.0873375,8.73375
6.4%,0.0642,6.419999999999999,Nygaard2022_A0.06,"TurbOPark, A=0.06",-360.0,-1.5,False,7.751430441579905,0.0642,6.419999999999999,8.23855,0.08470833333333334,8.470833333333335
6.4%,0.0642,6.419999999999999,Nygaard2022_A0.06,"TurbOPark, A=0.06",-336.0,-1.4,False,7.837588684594532,0.0642,6.419999999999999,8.305975,0.08378333333333333,8.378333333333334
6.4%,0.0642,6.419999999999999,Nygaard2022_A0.06,"TurbOPark, A=0.06",-312.0,-1.3,False,7.924552032468783,0.0642,6.419999999999999,8.3543375,0.08202916666666668,8.202916666666669
6.4%,0.0642,6.419999999999999,Nygaard2022_A0.06,"TurbOPark, A=0.06",-288.0,-1.2,False,7.994228230523081,0.0642,6.419999999999999,8.398208333333333,0.08185416666666667,8.185416666666667
6.4%,0.0642,6.419999999999999,Nygaard2022_A0.06,"TurbOPark, A=0.06",-264.0,-1.1,False,8.036022364892291,0.0642,6.419999999999999,8.449229166666667,0.08207083333333334,8.207083333333335
6.4%,0.0642,6.419999999999999,Nygaard2022_A0.06,"TurbOPark, A=0.06",-240.0,-1.0,False,8.050544203192693,0.0642,6.419999999999999,8.490283333333332,0.08183333333333334,8.183333333333334
6.4%,0.0642,6.419999999999999,Nygaard2022_A0.06,"TurbOPark, A=0.06",-216.0,-0.9,False,8.04792903948638,0.0642,6.419999999999999,8.520541666666666,0.08019166666666666,8.019166666666667
6.4%,0.0642,6.419999999999999,Nygaard2022_A0.06,"TurbOPark, A=0.06",-192.0,-0.8,False,8.041891100358843,0.0642,6.419999999999999,8.549608333333332,0.07934583333333334,7.934583333333334
6.4%,0.0642,6.419999999999999,Nygaard2022_A0.06,"TurbOPark, A=0.06",-168.0,-0.7,False,8.043933153979546,0.0642,6.419999999999999,8.5773,0.0788875,7.88875
6.4%,0.0642,6.419999999999999,Nygaard2022_A0.06,"TurbOPark, A=0.06",-144.0,-0.6,False,8.06024582540323,0.0642,6.419999999999999,8.595170833333334,0.07996666666666666,7.996666666666666
6.4%,0.0642,6.419999999999999,Nygaard2022_A0.06,"TurbOPark, A=0.06",-120.0,-0.5,True,8.091177650035707,0.0642,6.419999999999999,8.604258333333332,0.0821875,8.21875
6.4%,0.0642,6.419999999999999,Nygaard2022_A0.06,"TurbOPark, A=0.06",-96.0,-0.4,True,8.132255797997026,0.0642,6.419999999999999,8.600533333333333,0.08398333333333334,8.398333333333333
6.4%,0.0642,6.419999999999999,Nygaard2022_A0.06,"TurbOPark, A=0.06",-72.0,-0.3,True,8.176133451318234,0.0642,6.419999999999999,8.5759875,0.08562499999999999,8.5625
6.4%,0.0642,6.419999999999999,Nygaard2022_A0.06,"TurbOPark, A=0.06",-48.0,-0.2,True,8.214662836311149,0.0642,6.419999999999999,8.536483333333333,0.0867875,8.67875
6.4%,0.0642,6.419999999999999,Nygaard2022_A0.06,"TurbOPark, A=0.06",-24.0,-0.1,True,8.240536721449235,0.0642,6.419999999999999,8.485941666666667,0.08875833333333333,8.875833333333333
6.4%,0.0642,6.419999999999999,Nygaard2022_A0.06,"TurbOPark, A=0.06",0.0,0.0,True,8.247784390004282,0.0642,6.419999999999999,8.432116666666667,0.09032916666666667,9.032916666666667
6.4%,0.0642,6.419999999999999,Nygaard2022_A0.06,"TurbOPark, A=0.06",24.0,0.1,True,8.230754612645594,0.0642,6.419999999999999,8.376516666666667,0.09133333333333335,9.133333333333335
6.4%,0.0642,6.419999999999999,Nygaard2022_A0.06,"TurbOPark, A=0.06",48.0,0.2,True,8.182844056431454,0.0642,6.419999999999999,8.314687500000002,0.09190416666666666,9.190416666666666
6.4%,0.0642,6.419999999999999,Nygaard2022_A0.06,"TurbOPark, A=0.06",72.0,0.3,True,8.097103107179915,0.0642,6.419999999999999,8.2629,0.09281666666666666,9.281666666666666
6.4%,0.0642,6.419999999999999,Nygaard2022_A0.06,"TurbOPark, A=0.06",96.0,0.4,True,7.969939301019761,0.0642,6.419999999999999,8.199250000000001,0.09257083333333332,9.257083333333332
6.4%,0.0642,6.419999999999999,Nygaard2022_A0.06,"TurbOPark, A=0.06",120.0,0.5,True,7.806019105277886,0.0642,6.419999999999999,8.1291875,0.09098333333333335,9.098333333333334
6.4%,0.0642,6.419999999999999,Nygaard2022_A0.06,"TurbOPark, A=0.06",144.0,0.6,False,7.620507544207108,0.0642,6.419999999999999,8.076779166666666,0.089825,8.9825
6.4%,0.0642,6.419999999999999,Nygaard2022_A0.06,"TurbOPark, A=0.06",168.0,0.7,False,7.436968579276805,0.0642,6.419999999999999,8.043658333333333,0.08987083333333334,8.987083333333334
6.4%,0.0642,6.419999999999999,Nygaard2022_A0.06,"TurbOPark, A=0.06",192.0,0.8,False,7.282446245160162,0.0642,6.419999999999999,8.0294375,0.08914166666666666,8.914166666666667
6.4%,0.0642,6.419999999999999,Nygaard2022_A0.06,"TurbOPark, A=0.06",216.0,0.9,False,7.181442910882393,0.0642,6.419999999999999,8.030024999999998,0.0874125,8.74125
6.4%,0.0642,6.419999999999999,Nygaard2022_A0.06,"TurbOPark, A=0.06",240.0,1.0,False,7.150603272946553,0.0642,6.419999999999999,8.0238625,0.08720833333333333,8.720833333333333
6.4%,0.0642,6.419999999999999,Nygaard2022_A0.06,"TurbOPark, A=0.06",264.0,1.1,False,7.194757586108456,0.0642,6.419999999999999,8.035183333333334,0.0874,8.74
6.4%,0.0642,6.419999999999999,Nygaard2022_A0.06,"TurbOPark, A=0.06",288.0,1.2,False,7.304704668362923,0.0642,6.419999999999999,8.06625,0.08775833333333333,8.775833333333333
6.4%,0.0642,6.419999999999999,Nygaard2022_A0.06,"TurbOPark, A=0.06",312.0,1.3,False,7.457841673209764,0.0642,6.419999999999999,8.110475000000001,0.0874875,8.74875
6.4%,0.0642,6.419999999999999,Nygaard2022_A0.06,"TurbOPark, A=0.06",336.0,1.4,False,7.621448209487335,0.0642,6.419999999999999,8.164758333333333,0.08700833333333333,8.700833333333332
6.4%,0.0642,6.419999999999999,Nygaard2022_A0.06,"TurbOPark, A=0.06",360.0,1.5,False,7.7599964656874985,0.0642,6.419999999999999,8.233266666666665,0.0873375,8.73375
7.0%,0.07036741444444444,7.036741444444444,BPA2014,BPA,-360.0,-1.5,False,8.648643276817655,0.12038320846850886,12.038320846850887,8.23855,0.08470833333333334,8.470833333333335
7.0%,0.07036741444444444,7.036741444444444,BPA2014,BPA,-336.0,-1.4,False,8.69794278223792,0.12038320846850886,12.038320846850887,8.305975,0.08378333333333333,8.378333333333334
7.0%,0.07036741444444444,7.036741444444444,BPA2014,BPA,-312.0,-1.3,False,8.735557046795996,0.12038320846850886,12.038320846850887,8.3543375,0.08202916666666668,8.202916666666669
7.0%,0.07036741444444444,7.036741444444444,BPA2014,BPA,-288.0,-1.2,False,8.76412929722764,0.12038320846850886,12.038320846850887,8.398208333333333,0.08185416666666667,8.185416666666667
7.0%,0.07036741444444444,7.036741444444444,BPA2014,BPA,-264.0,-1.1,False,8.785739910361189,0.12038320846850886,12.038320846850887,8.449229166666667,0.08207083333333334,8.207083333333335
7.0%,0.07036741444444444,7.036741444444444,BPA2014,BPA,-240.0,-1.0,False,8.80180052315351,0.12038320846850886,12.038320846850887,8.490283333333332,0.08183333333333334,8.183333333333334
7.0%,0.07036741444444444,7.036741444444444,BPA2014,BPA,-216.0,-0.9,False,8.813068407554638,0.12038320846850886,12.038320846850887,8.520541666666666,0.08019166666666666,8.019166666666667
7.0%,0.07036741444444444,7.036741444444444,BPA2014,BPA,-192.0,-0.8,False,8.819738313463299,0.12038320846850886,12.038320846850887,8.549608333333332,0.07934583333333334,7.934583333333334
7.0%,0.07036741444444444,7.036741444444444,BPA2014,BPA,-168.0,-0.7,False,8.821575430611801,0.12038320846850886,12.038320846850887,8.5773,0.0788875,7.88875
7.0%,0.07036741444444444,7.036741444444444,BPA2014,BPA,-144.0,-0.6,False,8.818063683711031,0.12038320846850886,12.038320846850887,8.595170833333334,0.07996666666666666,7.996666666666666
7.0%,0.07036741444444444,7.036741444444444,BPA2014,BPA,-120.0,-0.5,True,8.808553887796203,0.13455509385051742,13.455509385051743,8.604258333333332,0.0821875,8.21875
7.0%,0.07036741444444444,7.036741444444444,BPA2014,BPA,-96.0,-0.4,True,8.792403864410941,0.13455509385051742,13.455509385051743,8.600533333333333,0.08398333333333334,8.398333333333333
7.0%,0.07036741444444444,7.036741444444444,BPA2014,BPA,-72.0,-0.3,True,8.76910670935277,0.13455509385051742,13.455509385051743,8.5759875,0.08562499999999999,8.5625
7.0%,0.07036741444444444,7.036741444444444,BPA2014,BPA,-48.0,-0.2,True,8.738404479867881,0.13455509385051742,13.455509385051743,8.536483333333333,0.0867875,8.67875
7.0%,0.07036741444444444,7.036741444444444,BPA2014,BPA,-24.0,-0.1,True,8.700383722912617,0.13455509385051742,13.455509385051743,8.485941666666667,0.08875833333333333,8.875833333333333
7.0%,0.07036741444444444,7.036741444444444,BPA2014,BPA,0.0,0.0,True,8.655547727237584,0.13455509385051742,13.455509385051743,8.432116666666667,0.09032916666666667,9.032916666666667
7.0%,0.07036741444444444,7.036741444444444,BPA2014,BPA,24.0,0.1,True,8.60485922032044,0.13455509385051742,13.455509385051743,8.376516666666667,0.09133333333333335,9.133333333333335
7.0%,0.07036741444444444,7.036741444444444,BPA2014,BPA,48.0,0.2,True,8.549747201871721,0.13455509385051742,13.455509385051743,8.314687500000002,0.09190416666666666,9.190416666666666
7.0%,0.07036741444444444,7.036741444444444,BPA2014,BPA,72.0,0.3,True,8.492073093313861,0.13455509385051742,13.455509385051743,8.2629,0.09281666666666666,9.281666666666666
7.0%,0.07036741444444444,7.036741444444444,BPA2014,BPA,96.0,0.4,True,8.434054399352677,0.13455509385051742,13.455509385051743,8.199250000000001,0.09257083333333332,9.257083333333332
7.0%,0.07036741444444444,7.036741444444444,BPA2014,BPA,120.0,0.5,True,8.378148295809815,0.13455509385051742,13.455509385051743,8.1291875,0.09098333333333335,9.098333333333334
7.0%,0.07036741444444444,7.036741444444444,BPA2014,BPA,144.0,0.6,False,8.326902374240897,0.13455509385051742,13.455509385051743,8.076779166666666,0.089825,8.9825
7.0%,0.07036741444444444,7.036741444444444,BPA2014,BPA,168.0,0.7,False,8.282784409260914,0.13455509385051742,13.455509385051743,8.043658333333333,0.08987083333333334,8.987083333333334
7.0%,0.07036741444444444,7.036741444444444,BPA2014,BPA,192.0,0.8,False,8.248006644342912,0.13455509385051742,13.455509385051743,8.0294375,0.08914166666666666,8.914166666666667
7.0%,0.07036741444444444,7.036741444444444,BPA2014,BPA,216.0,0.9,False,8.224361994949215,0.13455509385051742,13.455509385051743,8.030024999999998,0.0874125,8.74125
7.0%,0.07036741444444444,7.036741444444444,BPA2014,BPA,240.0,1.0,False,8.213089268227012,0.13455509385051742,13.455509385051743,8.0238625,0.08720833333333333,8.720833333333333
7.0%,0.07036741444444444,7.036741444444444,BPA2014,BPA,264.0,1.1,False,8.214781870722025,0.13455509385051742,13.455509385051743,8.035183333333334,0.0874,8.74
7.0%,0.07036741444444444,7.036741444444444,BPA2014,BPA,288.0,1.2,False,8.229349787055291,0.13455509385051742,13.455509385051743,8.06625,0.08775833333333333,8.775833333333333
7.0%,0.07036741444444444,7.036741444444444,BPA2014,BPA,312.0,1.3,False,8.256038486975228,0.13455509385051742,13.455509385051743,8.110475000000001,0.0874875,8.74875
7.0%,0.07036741444444444,7.036741444444444,BPA2014,BPA,336.0,1.4,False,8.293501719077103,0.13455509385051742,13.455509385051743,8.164758333333333,0.08700833333333333,8.700833333333332
7.0%,0.07036741444444444,7.036741444444444,BPA2014,BPA,360.0,1.5,False,8.339918796613306,0.13455509385051742,13.455509385051743,8.233266666666665,0.0873375,8.73375
7.0%,0.07036741444444444,7.036741444444444,NPA2016,NPA,-360.0,-1.5,False,8.770121617651835,0.13349517751858864,13.349517751858864,8.23855,0.08470833333333334,8.470833333333335
7.0%,0.07036741444444444,7.036741444444444,NPA2016,NPA,-336.0,-1.4,False,8.813576899178083,0.13349517751858864,13.349517751858864,8.305975,0.08378333333333333,8.378333333333334
7.0%,0.07036741444444444,7.036741444444444,NPA2016,NPA,-312.0,-1.3,False,8.848108632994553,0.10766132824656502,10.766132824656502,8.3543375,0.08202916666666668,8.202916666666669
7.0%,0.07036741444444444,7.036741444444444,NPA2016,NPA,-288.0,-1.2,False,8.874200770671074,0.10766132824656502,10.766132824656502,8.398208333333333,0.08185416666666667,8.185416666666667
7.0%,0.07036741444444444,7.036741444444444,NPA2016,NPA,-264.0,-1.1,False,8.892537251995103,0.10766132824656502,10.766132824656502,8.449229166666667,0.08207083333333334,8.207083333333335
7.0%,0.07036741444444444,7.036741444444444,NPA2016,NPA,-240.0,-1.0,False,8.903921362250719,0.11876588255630771,11.876588255630772,8.490283333333332,0.08183333333333334,8.183333333333334
7.0%,0.07036741444444444,7.036741444444444,NPA2016,NPA,-216.0,-0.9,False,8.90916837353515,0.11876588255630771,11.876588255630772,8.520541666666666,0.08019166666666666,8.019166666666667
7.0%,0.07036741444444444,7.036741444444444,NPA2016,NPA,-192.0,-0.8,False,8.909065325020235,0.11876588255630771,11.876588255630772,8.549608333333332,0.07934583333333334,7.934583333333334
7.0%,0.07036741444444444,7.036741444444444,NPA2016,NPA,-168.0,-0.7,False,8.904324225910353,0.11876588255630771,11.876588255630772,8.5773,0.0788875,7.88875
7.0%,0.07036741444444444,7.036741444444444,NPA2016,NPA,-144.0,-0.6,False,8.89557908599786,0.11876588255630771,11.876588255630772,8.595170833333334,0.07996666666666666,7.996666666666666
7.0%,0.07036741444444444,7.036741444444444,NPA2016,NPA,-120.0,-0.5,True,8.8834043954078,0.11876588255630771,11.876588255630772,8.604258333333332,0.0821875,8.21875
7.0%,0.07036741444444444,7.036741444444444,NPA2016,NPA,-96.0,-0.4,True,8.868316638510404,0.11876588255630771,11.876588255630772,8.600533333333333,0.08398333333333334,8.398333333333333
7.0%,0.07036741444444444,7.036741444444444,NPA2016,NPA,-72.0,-0.3,True,8.85079804807858,0.11876588255630771,11.876588255630772,8.5759875,0.08562499999999999,8.5625
7.0%,0.07036741444444444,7.036741444444444,NPA2016,NPA,-48.0,-0.2,True,8.831319239672846,0.11876588255630771,11.876588255630772,8.536483333333333,0.0867875,8.67875
7.0%,0.07036741444444444,7.036741444444444,NPA2016,NPA,-24.0,-0.1,True,8.810362270758606,0.11876588255630771,11.876588255630772,8.485941666666667,0.08875833333333333,8.875833333333333
7.0%,0.07036741444444444,7.036741444444444,NPA2016,NPA,0.0,0.0,True,8.788428078110488,0.11876588255630771,11.876588255630772,8.432116666666667,0.09032916666666667,9.032916666666667
7.0%,0.07036741444444444,7.036741444444444,NPA2016,NPA,24.0,0.1,True,8.766045676722968,0.11876588255630771,11.876588255630772,8.376516666666667,0.09133333333333335,9.133333333333335
7.0%,0.07036741444444444,7.036741444444444,NPA2016,NPA,48.0,0.2,True,8.74376369075846,0.11876588255630771,11.876588255630772,8.314687500000002,0.09190416666666666,9.190416666666666
7.0%,0.07036741444444444,7.036741444444444,NPA2016,NPA,72.0,0.3,True,8.72215381946896,0.11876588255630771,11.876588255630772,8.2629,0.09281666666666666,9.281666666666666
7.0%,0.07036741444444444,7.036741444444444,NPA2016,NPA,96.0,0.4,True,8.70178941649783,0.11876588255630771,11.876588255630772,8.199250000000001,0.09257083333333332,9.257083333333332
7.0%,0.07036741444444444,7.036741444444444,NPA2016,NPA,120.0,0.5,True,8.683225874837326,0.11876588255630771,11.876588255630772,8.1291875,0.09098333333333335,9.098333333333334
7.0%,0.07036741444444444,7.036741444444444,NPA2016,NPA,144.0,0.6,False,8.666993987475085,0.11876588255630771,11.876588255630772,8.076779166666666,0.089825,8.9825
7.0%,0.07036741444444444,7.036741444444444,NPA2016,NPA,168.0,0.7,False,8.65355822534043,0.11876588255630771,11.876588255630772,8.043658333333333,0.08987083333333334,8.987083333333334
7.0%,0.07036741444444444,7.036741444444444,NPA2016,NPA,192.0,0.8,False,8.64331933154735,0.11876588255630771,11.876588255630772,8.0294375,0.08914166666666666,8.914166666666667
7.0%,0.07036741444444444,7.036741444444444,NPA2016,NPA,216.0,0.9,False,8.636587595604976,0.11876588255630771,11.876588255630772,8.030024999999998,0.0874125,8.74125
7.0%,0.07036741444444444,7.036741444444444,NPA2016,NPA,240.0,1.0,False,8.633551662602187,0.11876588255630771,11.876588255630772,8.0238625,0.08720833333333333,8.720833333333333
7.0%,0.07036741444444444,7.036741444444444,NPA2016,NPA,264.0,1.1,False,8.634297970983894,0.11876588255630771,11.876588255630772,8.035183333333334,0.0874,8.74
7.0%,0.07036741444444444,7.036741444444444,NPA2016,NPA,288.0,1.2,False,8.638784314727118,0.11876588255630771,11.876588255630772,8.06625,0.08775833333333333,8.775833333333333
7.0%,0.07036741444444444,7.036741444444444,NPA2016,NPA,312.0,1.3,False,8.646857408844774,0.11876588255630771,11.876588255630772,8.110475000000001,0.0874875,8.74875
7.0%,0.07036741444444444,7.036741444444444,NPA2016,NPA,336.0,1.4,False,8.658235276394445,0.11876588255630771,11.876588255630772,8.164758333333333,0.08700833333333333,8.700833333333332
7.0%,0.07036741444444444,7.036741444444444,NPA2016,NPA,360.0,1.5,False,8.672525640276856,0.11876588255630771,11.876588255630772,8.233266666666665,0.0873375,8.73375
7.0%,0.07036741444444444,7.036741444444444,Nygaard2022,"TurbOPark, A=0.04",-360.0,-1.5,False,7.2328362349919235,0.07036741444444444,7.036741444444444,8.23855,0.08470833333333334,8.470833333333335
7.0%,0.07036741444444444,7.036741444444444,Nygaard2022,"TurbOPark, A=0.04",-336.0,-1.4,False,7.410906127099567,0.07036741444444444,7.036741444444444,8.305975,0.08378333333333333,8.378333333333334
7.0%,0.07036741444444444,7.036741444444444,Nygaard2022,"TurbOPark, A=0.04",-312.0,-1.3,False,7.571352579977266,0.07036741444444444,7.036741444444444,8.3543375,0.08202916666666668,8.202916666666669
7.0%,0.07036741444444444,7.036741444444444,Nygaard2022,"TurbOPark, A=0.04",-288.0,-1.2,False,7.669149204162657,0.07036741444444444,7.036741444444444,8.398208333333333,0.08185416666666667,8.185416666666667
7.0%,0.07036741444444444,7.036741444444444,Nygaard2022,"TurbOPark, A=0.04",-264.0,-1.1,False,7.6860503705258685,0.07036741444444444,7.036741444444444,8.449229166666667,0.08207083333333334,8.207083333333335
7.0%,0.07036741444444444,7.036741444444444,Nygaard2022,"TurbOPark, A=0.04",-240.0,-1.0,False,7.640669251532514,0.07036741444444444,7.036741444444444,8.490283333333332,0.08183333333333334,8.183333333333334
7.0%,0.07036741444444444,7.036741444444444,Nygaard2022,"TurbOPark, A=0.04",-216.0,-0.9,False,7.573354755792111,0.07036741444444444,7.036741444444444,8.520541666666666,0.08019166666666666,8.019166666666667
7.0%,0.07036741444444444,7.036741444444444,Nygaard2022,"TurbOPark, A=0.04",-192.0,-0.8,False,7.522712867003221,0.07036741444444444,7.036741444444444,8.549608333333332,0.07934583333333334,7.934583333333334
7.0%,0.07036741444444444,7.036741444444444,Nygaard2022,"TurbOPark, A=0.04",-168.0,-0.7,False,7.51276886903945,0.07036741444444444,7.036741444444444,8.5773,0.0788875,7.88875
7.0%,0.07036741444444444,7.036741444444444,Nygaard2022,"TurbOPark, A=0.04",-144.0,-0.6,False,7.55053642999021,0.07036741444444444,7.036741444444444,8.595170833333334,0.07996666666666666,7.996666666666666
7.0%,0.07036741444444444,7.036741444444444,Nygaard2022,"TurbOPark, A=0.04",-120.0,-0.5,True,7.627929568119627,0.07036741444444444,7.036741444444444,8.604258333333332,0.0821875,8.21875
7.0%,0.07036741444444444,7.036741444444444,Nygaard2022,"TurbOPark, A=0.04",-96.0,-0.4,True,7.725394111959262,0.07036741444444444,7.036741444444444,8.600533333333333,0.08398333333333334,8.398333333333333
7.0%,0.07036741444444444,7.036741444444444,Nygaard2022,"TurbOPark, A=0.04",-72.0,-0.3,True,7.81741676405378,0.07036741444444444,7.036741444444444,8.5759875,0.08562499999999999,8.5625
7.0%,0.07036741444444444,7.036741444444444,Nygaard2022,"TurbOPark, A=0.04",-48.0,-0.2,True,7.880731306476439,0.07036741444444444,7.036741444444444,8.536483333333333,0.0867875,8.67875
7.0%,0.07036741444444444,7.036741444444444,Nygaard2022,"TurbOPark, A=0.04",-24.0,-0.1,True,7.903254972149068,0.07036741444444444,7.036741444444444,8.485941666666667,0.08875833333333333,8.875833333333333
7.0%,0.07036741444444444,7.036741444444444,Nygaard2022,"TurbOPark, A=0.04",0.0,0.0,True,7.887650335343893,0.07036741444444444,7.036741444444444,8.432116666666667,0.09032916666666667,9.032916666666667
7.0%,0.07036741444444444,7.036741444444444,Nygaard2022,"TurbOPark, A=0.04",24.0,0.1,True,7.845054405394078,0.07036741444444444,7.036741444444444,8.376516666666667,0.09133333333333335,9.133333333333335
7.0%,0.07036741444444444,7.036741444444444,Nygaard2022,"TurbOPark, A=0.04",48.0,0.2,True,7.782839377045647,0.07036741444444444,7.036741444444444,8.314687500000002,0.09190416666666666,9.190416666666666
7.0%,0.07036741444444444,7.036741444444444,Nygaard2022,"TurbOPark, A=0.04",72.0,0.3,True,7.695810365893161,0.07036741444444444,7.036741444444444,8.2629,0.09281666666666666,9.281666666666666
7.0%,0.07036741444444444,7.036741444444444,Nygaard2022,"TurbOPark, A=0.04",96.0,0.4,True,7.566960205679802,0.07036741444444444,7.036741444444444,8.199250000000001,0.09257083333333332,9.257083333333332
7.0%,0.07036741444444444,7.036741444444444,Nygaard2022,"TurbOPark, A=0.04",120.0,0.5,True,7.380584938632756,0.07036741444444444,7.036741444444444,8.1291875,0.09098333333333335,9.098333333333334
7.0%,0.07036741444444444,7.036741444444444,Nygaard2022,"TurbOPark, A=0.04",144.0,0.6,False,7.139948438390068,0.07036741444444444,7.036741444444444,8.076779166666666,0.089825,8.9825
7.0%,0.07036741444444444,7.036741444444444,Nygaard2022,"TurbOPark, A=0.04",168.0,0.7,False,6.875218647866224,0.07036741444444444,7.036741444444444,8.043658333333333,0.08987083333333334,8.987083333333334
7.0%,0.07036741444444444,7.036741444444444,Nygaard2022,"TurbOPark, A=0.04",192.0,0.8,False,6.635501763856043,0.07036741444444444,7.036741444444444,8.0294375,0.08914166666666666,8.914166666666667
7.0%,0.07036741444444444,7.036741444444444,Nygaard2022,"TurbOPark, A=0.04",216.0,0.9,False,6.472768249218181,0.07036741444444444,7.036741444444444,8.030024999999998,0.0874125,8.74125
7.0%,0.07036741444444444,7.036741444444444,Nygaard2022,"TurbOPark, A=0.04",240.0,1.0,False,6.42616558274507,0.07036741444444444,7.036741444444444,8.0238625,0.08720833333333333,8.720833333333333
7.0%,0.07036741444444444,7.036741444444444,Nygaard2022,"TurbOPark, A=0.04",264.0,1.1,False,6.510753512493714,0.07036741444444444,7.036741444444444,8.035183333333334,0.0874,8.74
7.0%,0.07036741444444444,7.036741444444444,Nygaard2022,"TurbOPark, A=0.04",288.0,1.2,False,6.7117328697620655,0.07036741444444444,7.036741444444444,8.06625,0.08775833333333333,8.775833333333333
7.0%,0.07036741444444444,7.036741444444444,Nygaard2022,"TurbOPark, A=0.04",312.0,1.3,False,6.984255838349153,0.07036741444444444,7.036741444444444,8.110475000000001,0.0874875,8.74875
7.0%,0.07036741444444444,7.036741444444444,Nygaard2022,"TurbOPark, A=0.04",336.0,1.4,False,7.259035604345515,0.07036741444444444,7.036741444444444,8.164758333333333,0.08700833333333333,8.700833333333332
7.0%,0.07036741444444444,7.036741444444444,Nygaard2022,"TurbOPark, A=0.04",360.0,1.5,False,7.458335873100104,0.07036741444444444,7.036741444444444,8.233266666666665,0.0873375,8.73375
7.0%,0.07036741444444444,7.036741444444444,Nygaard2022_A0.06,"TurbOPark, A=0.06",-360.0,-1.5,False,7.785579772311416,0.07036741444444444,7.036741444444444,8.23855,0.08470833333333334,8.470833333333335
7.0%,0.07036741444444444,7.036741444444444,Nygaard2022_A0.06,"TurbOPark, A=0.06",-336.0,-1.4,False,7.868310318479132,0.07036741444444444,7.036741444444444,8.305975,0.08378333333333333,8.378333333333334
7.0%,0.07036741444444444,7.036741444444444,Nygaard2022_A0.06,"TurbOPark, A=0.06",-312.0,-1.3,False,7.953229610493068,0.07036741444444444,7.036741444444444,8.3543375,0.08202916666666668,8.202916666666669
7.0%,0.07036741444444444,7.036741444444444,Nygaard2022_A0.06,"TurbOPark, A=0.06",-288.0,-1.2,False,8.023431739970349,0.07036741444444444,7.036741444444444,8.398208333333333,0.08185416666666667,8.185416666666667
7.0%,0.07036741444444444,7.036741444444444,Nygaard2022_A0.06,"TurbOPark, A=0.06",-264.0,-1.1,False,8.068513863048015,0.07036741444444444,7.036741444444444,8.449229166666667,0.08207083333333334,8.207083333333335
7.0%,0.07036741444444444,7.036741444444444,Nygaard2022_A0.06,"TurbOPark, A=0.06",-240.0,-1.0,False,8.088068448770477,0.07036741444444444,7.036741444444444,8.490283333333332,0.08183333333333334,8.183333333333334
7.0%,0.07036741444444444,7.036741444444444,Nygaard2022_A0.06,"TurbOPark, A=0.06",-216.0,-0.9,False,8.09054211763075,0.07036741444444444,7.036741444444444,8.520541666666666,0.08019166666666666,8.019166666666667
7.0%,0.07036741444444444,7.036741444444444,Nygaard2022_A0.06,"TurbOPark, A=0.06",-192.0,-0.8,False,8.088181374371652,0.07036741444444444,7.036741444444444,8.549608333333332,0.07934583333333334,7.934583333333334
7.0%,0.07036741444444444,7.036741444444444,Nygaard2022_A0.06,"TurbOPark, A=0.06",-168.0,-0.7,False,8.091722566520602,0.07036741444444444,7.036741444444444,8.5773,0.0788875,7.88875
7.0%,0.07036741444444444,7.036741444444444,Nygaard2022_A0.06,"TurbOPark, A=0.06",-144.0,-0.6,False,8.107345763710681,0.07036741444444444,7.036741444444444,8.595170833333334,0.07996666666666666,7.996666666666666
7.0%,0.07036741444444444,7.036741444444444,Nygaard2022_A0.06,"TurbOPark, A=0.06",-120.0,-0.5,True,8.136005528417963,0.07036741444444444,7.036741444444444,8.604258333333332,0.0821875,8.21875
7.0%,0.07036741444444444,7.036741444444444,Nygaard2022_A0.06,"TurbOPark, A=0.06",-96.0,-0.4,True,8.174269983771064,0.07036741444444444,7.036741444444444,8.600533333333333,0.08398333333333334,8.398333333333333
7.0%,0.07036741444444444,7.036741444444444,Nygaard2022_A0.06,"TurbOPark, A=0.06",-72.0,-0.3,True,8.215903587965462,0.07036741444444444,7.036741444444444,8.5759875,0.08562499999999999,8.5625
7.0%,0.07036741444444444,7.036741444444444,Nygaard2022_A0.06,"TurbOPark, A=0.06",-48.0,-0.2,True,8.253597240773386,0.07036741444444444,7.036741444444444,8.536483333333333,0.0867875,8.67875
7.0%,0.07036741444444444,7.036741444444444,Nygaard2022_A0.06,"TurbOPark, A=0.06",-24.0,-0.1,True,8.280265981777928,0.07036741444444444,7.036741444444444,8.485941666666667,0.08875833333333333,8.875833333333333
7.0%,0.07036741444444444,7.036741444444444,Nygaard2022_A0.06,"TurbOPark, A=0.06",0.0,0.0,True,8.289334152918375,0.07036741444444444,7.036741444444444,8.432116666666667,0.09032916666666667,9.032916666666667
7.0%,0.07036741444444444,7.036741444444444,Nygaard2022_A0.06,"TurbOPark, A=0.06",24.0,0.1,True,8.273938824153483,0.07036741444444444,7.036741444444444,8.376516666666667,0.09133333333333335,9.133333333333335
7.0%,0.07036741444444444,7.036741444444444,Nygaard2022_A0.06,"TurbOPark, A=0.06",48.0,0.2,True,8.226269978864114,0.07036741444444444,7.036741444444444,8.314687500000002,0.09190416666666666,9.190416666666666
7.0%,0.07036741444444444,7.036741444444444,Nygaard2022_A0.06,"TurbOPark, A=0.06",72.0,0.3,True,8.13889357064686,0.07036741444444444,7.036741444444444,8.2629,0.09281666666666666,9.281666666666666
7.0%,0.07036741444444444,7.036741444444444,Nygaard2022_A0.06,"TurbOPark, A=0.06",96.0,0.4,True,8.008796261065676,0.07036741444444444,7.036741444444444,8.199250000000001,0.09257083333333332,9.257083333333332
7.0%,0.07036741444444444,7.036741444444444,Nygaard2022_A0.06,"TurbOPark, A=0.06",120.0,0.5,True,7.841847137953149,0.07036741444444444,7.036741444444444,8.1291875,0.09098333333333335,9.098333333333334
7.0%,0.07036741444444444,7.036741444444444,Nygaard2022_A0.06,"TurbOPark, A=0.06",144.0,0.6,False,7.654170112725996,0.07036741444444444,7.036741444444444,8.076779166666666,0.089825,8.9825
7.0%,0.07036741444444444,7.036741444444444,Nygaard2022_A0.06,"TurbOPark, A=0.06",168.0,0.7,False,7.469556356561267,0.07036741444444444,7.036741444444444,8.043658333333333,0.08987083333333334,8.987083333333334
7.0%,0.07036741444444444,7.036741444444444,Nygaard2022_A0.06,"TurbOPark, A=0.06",192.0,0.8,False,7.314543269693415,0.07036741444444444,7.036741444444444,8.0294375,0.08914166666666666,8.914166666666667
7.0%,0.07036741444444444,7.036741444444444,Nygaard2022_A0.06,"TurbOPark, A=0.06",216.0,0.9,False,7.212880668016496,0.07036741444444444,7.036741444444444,8.030024999999998,0.0874125,8.74125
7.0%,0.07036741444444444,7.036741444444444,Nygaard2022_A0.06,"TurbOPark, A=0.06",240.0,1.0,False,7.180535956429162,0.07036741444444444,7.036741444444444,8.0238625,0.08720833333333333,8.720833333333333
7.0%,0.07036741444444444,7.036741444444444,Nygaard2022_A0.06,"TurbOPark, A=0.06",264.0,1.1,False,7.2220212209309285,0.07036741444444444,7.036741444444444,8.035183333333334,0.0874,8.74
7.0%,0.07036741444444444,7.036741444444444,Nygaard2022_A0.06,"TurbOPark, A=0.06",288.0,1.2,False,7.328425077573399,0.07036741444444444,7.036741444444444,8.06625,0.08775833333333333,8.775833333333333
7.0%,0.07036741444444444,7.036741444444444,Nygaard2022_A0.06,"TurbOPark, A=0.06",312.0,1.3,False,7.478018331546441,0.07036741444444444,7.036741444444444,8.110475000000001,0.0874875,8.74875
7.0%,0.07036741444444444,7.036741444444444,Nygaard2022_A0.06,"TurbOPark, A=0.06",336.0,1.4,False,7.639468274701614,0.07036741444444444,7.036741444444444,8.164758333333333,0.08700833333333333,8.700833333333332
7.0%,0.07036741444444444,7.036741444444444,Nygaard2022_A0.06,"TurbOPark, A=0.06",360.0,1.5,False,7.778715577276473,0.07036741444444444,7.036741444444444,8.233266666666665,0.0873375,8.73375
7.7%,0.07653482888888888,7.653482888888888,BPA2014,BPA,-360.0,-1.5,False,8.648643276817655,0.1238796385366684,12.387963853666841,8.23855,0.08470833333333334,8.470833333333335
7.7%,0.07653482888888888,7.653482888888888,BPA2014,BPA,-336.0,-1.4,False,8.69794278223792,0.1238796385366684,12.387963853666841,8.305975,0.08378333333333333,8.378333333333334
7.7%,0.07653482888888888,7.653482888888888,BPA2014,BPA,-312.0,-1.3,False,8.735557046795996,0.1238796385366684,12.387963853666841,8.3543375,0.08202916666666668,8.202916666666669
7.7%,0.07653482888888888,7.653482888888888,BPA2014,BPA,-288.0,-1.2,False,8.76412929722764,0.1238796385366684,12.387963853666841,8.398208333333333,0.08185416666666667,8.185416666666667
7.7%,0.07653482888888888,7.653482888888888,BPA2014,BPA,-264.0,-1.1,False,8.785739910361189,0.1238796385366684,12.387963853666841,8.449229166666667,0.08207083333333334,8.207083333333335
7.7%,0.07653482888888888,7.653482888888888,BPA2014,BPA,-240.0,-1.0,False,8.80180052315351,0.1238796385366684,12.387963853666841,8.490283333333332,0.08183333333333334,8.183333333333334
7.7%,0.07653482888888888,7.653482888888888,BPA2014,BPA,-216.0,-0.9,False,8.813068407554638,0.1238796385366684,12.387963853666841,8.520541666666666,0.08019166666666666,8.019166666666667
7.7%,0.07653482888888888,7.653482888888888,BPA2014,BPA,-192.0,-0.8,False,8.819738313463299,0.1238796385366684,12.387963853666841,8.549608333333332,0.07934583333333334,7.934583333333334
7.7%,0.07653482888888888,7.653482888888888,BPA2014,BPA,-168.0,-0.7,False,8.821575430611801,0.1238796385366684,12.387963853666841,8.5773,0.0788875,7.88875
7.7%,0.07653482888888888,7.653482888888888,BPA2014,BPA,-144.0,-0.6,False,8.818063683711031,0.1238796385366684,12.387963853666841,8.595170833333334,0.07996666666666666,7.996666666666666
7.7%,0.07653482888888888,7.653482888888888,BPA2014,BPA,-120.0,-0.5,True,8.808553887796203,0.13762065473233492,13.762065473233493,8.604258333333332,0.0821875,8.21875
7.7%,0.07653482888888888,7.653482888888888,BPA2014,BPA,-96.0,-0.4,True,8.792403864410941,0.13762065473233492,13.762065473233493,8.600533333333333,0.08398333333333334,8.398333333333333
7.7%,0.07653482888888888,7.653482888888888,BPA2014,BPA,-72.0,-0.3,True,8.76910670935277,0.13762065473233492,13.762065473233493,8.5759875,0.08562499999999999,8.5625
7.7%,0.07653482888888888,7.653482888888888,BPA2014,BPA,-48.0,-0.2,True,8.738404479867881,0.13762065473233492,13.762065473233493,8.536483333333333,0.0867875,8.67875
7.7%,0.07653482888888888,7.653482888888888,BPA2014,BPA,-24.0,-0.1,True,8.700383722912617,0.13762065473233492,13.762065473233493,8.485941666666667,0.08875833333333333,8.875833333333333
7.7%,0.07653482888888888,7.653482888888888,BPA2014,BPA,0.0,0.0,True,8.655547727237584,0.13762065473233492,13.762065473233493,8.432116666666667,0.09032916666666667,9.032916666666667
7.7%,0.07653482888888888,7.653482888888888,BPA2014,BPA,24.0,0.1,True,8.60485922032044,0.13762065473233492,13.762065473233493,8.376516666666667,0.09133333333333335,9.133333333333335
7.7%,0.07653482888888888,7.653482888888888,BPA2014,BPA,48.0,0.2,True,8.549747201871721,0.13762065473233492,13.762065473233493,8.314687500000002,0.09190416666666666,9.190416666666666
7.7%,0.07653482888888888,7.653482888888888,BPA2014,BPA,72.0,0.3,True,8.492073093313861,0.13762065473233492,13.762065473233493,8.2629,0.09281666666666666,9.281666666666666
7.7%,0.07653482888888888,7.653482888888888,BPA2014,BPA,96.0,0.4,True,8.434054399352677,0.13762065473233492,13.762065473233493,8.199250000000001,0.09257083333333332,9.257083333333332
7.7%,0.07653482888888888,7.653482888888888,BPA2014,BPA,120.0,0.5,True,8.378148295809815,0.13762065473233492,13.762065473233493,8.1291875,0.09098333333333335,9.098333333333334
7.7%,0.07653482888888888,7.653482888888888,BPA2014,BPA,144.0,0.6,False,8.326902374240897,0.13762065473233492,13.762065473233493,8.076779166666666,0.089825,8.9825
7.7%,0.07653482888888888,7.653482888888888,BPA2014,BPA,168.0,0.7,False,8.282784409260914,0.13762065473233492,13.762065473233493,8.043658333333333,0.08987083333333334,8.987083333333334
7.7%,0.07653482888888888,7.653482888888888,BPA2014,BPA,192.0,0.8,False,8.248006644342912,0.13762065473233492,13.762065473233493,8.0294375,0.08914166666666666,8.914166666666667
7.7%,0.07653482888888888,7.653482888888888,BPA2014,BPA,216.0,0.9,False,8.224361994949215,0.13762065473233492,13.762065473233493,8.030024999999998,0.0874125,8.74125
7.7%,0.07653482888888888,7.653482888888888,BPA2014,BPA,240.0,1.0,False,8.213089268227012,0.13762065473233492,13.762065473233493,8.0238625,0.08720833333333333,8.720833333333333
7.7%,0.07653482888888888,7.653482888888888,BPA2014,BPA,264.0,1.1,False,8.214781870722025,0.13762065473233492,13.762065473233493,8.035183333333334,0.0874,8.74
7.7%,0.07653482888888888,7.653482888888888,BPA2014,BPA,288.0,1.2,False,8.229349787055291,0.13762065473233492,13.762065473233493,8.06625,0.08775833333333333,8.775833333333333
7.7%,0.07653482888888888,7.653482888888888,BPA2014,BPA,312.0,1.3,False,8.256038486975228,0.13762065473233492,13.762065473233493,8.110475000000001,0.0874875,8.74875
7.7%,0.07653482888888888,7.653482888888888,BPA2014,BPA,336.0,1.4,False,8.293501719077103,0.13762065473233492,13.762065473233493,8.164758333333333,0.08700833333333333,8.700833333333332
7.7%,0.07653482888888888,7.653482888888888,BPA2014,BPA,360.0,1.5,False,8.339918796613306,0.13762065473233492,13.762065473233493,8.233266666666665,0.0873375,8.73375
7.7%,0.07653482888888888,7.653482888888888,NPA2016,NPA,-360.0,-1.5,False,8.783374312354109,0.13710125746195398,13.710125746195398,8.23855,0.08470833333333334,8.470833333333335
7.7%,0.07653482888888888,7.653482888888888,NPA2016,NPA,-336.0,-1.4,False,8.825597163131894,0.13710125746195398,13.710125746195398,8.305975,0.08378333333333333,8.378333333333334
7.7%,0.07653482888888888,7.653482888888888,NPA2016,NPA,-312.0,-1.3,False,8.859396050424897,0.11195221426505751,11.195221426505752,8.3543375,0.08202916666666668,8.202916666666669
7.7%,0.07653482888888888,7.653482888888888,NPA2016,NPA,-288.0,-1.2,False,8.885147231303561,0.11195221426505751,11.195221426505752,8.398208333333333,0.08185416666666667,8.185416666666667
7.7%,0.07653482888888888,7.653482888888888,NPA2016,NPA,-264.0,-1.1,False,8.903435229588542,0.11195221426505751,11.195221426505752,8.449229166666667,0.08207083333333334,8.207083333333335
7.7%,0.07653482888888888,7.653482888888888,NPA2016,NPA,-240.0,-1.0,False,8.914984984278213,0.12272317099143022,12.272317099143022,8.490283333333332,0.08183333333333334,8.183333333333334
7.7%,0.07653482888888888,7.653482888888888,NPA2016,NPA,-216.0,-0.9,False,8.920557123213493,0.12272317099143022,12.272317099143022,8.520541666666666,0.08019166666666666,8.019166666666667
7.7%,0.07653482888888888,7.653482888888888,NPA2016,NPA,-192.0,-0.8,False,8.920904667301782,0.12272317099143022,12.272317099143022,8.549608333333332,0.07934583333333334,7.934583333333334
7.7%,0.07653482888888888,7.653482888888888,NPA2016,NPA,-168.0,-0.7,False,8.916738800223364,0.12272317099143022,12.272317099143022,8.5773,0.0788875,7.88875
7.7%,0.07653482888888888,7.653482888888888,NPA2016,NPA,-144.0,-0.6,False,8.908700964802863,0.12272317099143022,12.272317099143022,8.595170833333334,0.07996666666666666,7.996666666666666
7.7%,0.07653482888888888,7.653482888888888,NPA2016,NPA,-120.0,-0.5,True,8.897384783178085,0.12272317099143022,12.272317099143022,8.604258333333332,0.0821875,8.21875
7.7%,0.07653482888888888,7.653482888888888,NPA2016,NPA,-96.0,-0.4,True,8.883315372501015,0.12272317099143022,12.272317099143022,8.600533333333333,0.08398333333333334,8.398333333333333
7.7%,0.07653482888888888,7.653482888888888,NPA2016,NPA,-72.0,-0.3,True,8.86700151641346,0.12272317099143022,12.272317099143022,8.5759875,0.08562499999999999,8.5625
7.7%,0.07653482888888888,7.653482888888888,NPA2016,NPA,-48.0,-0.2,True,8.848916996218263,0.12272317099143022,12.272317099143022,8.536483333333333,0.0867875,8.67875
7.7%,0.07653482888888888,7.653482888888888,NPA2016,NPA,-24.0,-0.1,True,8.829541807973282,0.12272317099143022,12.272317099143022,8.485941666666667,0.08875833333333333,8.875833333333333
7.7%,0.07653482888888888,7.653482888888888,NPA2016,NPA,0.0,0.0,True,8.80935789151938,0.12272317099143022,12.272317099143022,8.432116666666667,0.09032916666666667,9.032916666666667
7.7%,0.07653482888888888,7.653482888888888,NPA2016,NPA,24.0,0.1,True,8.788865539811631,0.12272317099143022,12.272317099143022,8.376516666666667,0.09133333333333335,9.133333333333335
7.7%,0.07653482888888888,7.653482888888888,NPA2016,NPA,48.0,0.2,True,8.768566481320057,0.12272317099143022,12.272317099143022,8.314687500000002,0.09190416666666666,9.190416666666666
7.7%,0.07653482888888888,7.653482888888888,NPA2016,NPA,72.0,0.3,True,8.748987486812352,0.12272317099143022,12.272317099143022,8.2629,0.09281666666666666,9.281666666666666
7.7%,0.07653482888888888,7.653482888888888,NPA2016,NPA,96.0,0.4,True,8.730630213439584,0.12272317099143022,12.272317099143022,8.199250000000001,0.09257083333333332,9.257083333333332
7.7%,0.07653482888888888,7.653482888888888,NPA2016,NPA,120.0,0.5,True,8.713996134468914,0.12272317099143022,12.272317099143022,8.1291875,0.09098333333333335,9.098333333333334
7.7%,0.07653482888888888,7.653482888888888,NPA2016,NPA,144.0,0.6,False,8.699542422189602,0.12272317099143022,12.272317099143022,8.076779166666666,0.089825,8.9825
7.7%,0.07653482888888888,7.653482888888888,NPA2016,NPA,168.0,0.7,False,8.68767775470977,0.12272317099143022,12.272317099143022,8.043658333333333,0.08987083333333334,8.987083333333334
7.7%,0.07653482888888888,7.653482888888888,NPA2016,NPA,192.0,0.8,False,8.678748057780435,0.12272317099143022,12.272317099143022,8.0294375,0.08914166666666666,8.914166666666667
7.7%,0.07653482888888888,7.653482888888888,NPA2016,NPA,216.0,0.9,False,8.67300701600567,0.12272317099143022,12.272317099143022,8.030024999999998,0.0874125,8.74125
7.7%,0.07653482888888888,7.653482888888888,NPA2016,NPA,240.0,1.0,False,8.670634221605876,0.12272317099143022,12.272317099143022,8.0238625,0.08720833333333333,8.720833333333333
7.7%,0.07653482888888888,7.653482888888888,NPA2016,NPA,264.0,1.1,False,8.671679349670782,0.12272317099143022,12.272317099143022,8.035183333333334,0.0874,8.74
7.7%,0.07653482888888888,7.653482888888888,NPA2016,NPA,288.0,1.2,False,8.676112587082025,0.12272317099143022,12.272317099143022,8.06625,0.08775833333333333,8.775833333333333
7.7%,0.07653482888888888,7.653482888888888,NPA2016,NPA,312.0,1.3,False,8.683782687650739,0.12272317099143022,12.272317099143022,8.110475000000001,0.0874875,8.74875
7.7%,0.07653482888888888,7.653482888888888,NPA2016,NPA,336.0,1.4,False,8.694433269222912,0.12272317099143022,12.272317099143022,8.164758333333333,0.08700833333333333,8.700833333333332
7.7%,0.07653482888888888,7.653482888888888,NPA2016,NPA,360.0,1.5,False,8.707712333138295,0.12272317099143022,12.272317099143022,8.233266666666665,0.0873375,8.73375
7.7%,0.07653482888888888,7.653482888888888,Nygaard2022,"TurbOPark, A=0.04",-360.0,-1.5,False,7.269421136209276,0.07653482888888888,7.653482888888888,8.23855,0.08470833333333334,8.470833333333335
7.7%,0.07653482888888888,7.653482888888888,Nygaard2022,"TurbOPark, A=0.04",-336.0,-1.4,False,7.440805639485397,0.07653482888888888,7.653482888888888,8.305975,0.08378333333333333,8.378333333333334
7.7%,0.07653482888888888,7.653482888888888,Nygaard2022,"TurbOPark, A=0.04",-312.0,-1.3,False,7.597382070745373,0.07653482888888888,7.653482888888888,8.3543375,0.08202916666666668,8.202916666666669
7.7%,0.07653482888888888,7.653482888888888,Nygaard2022,"TurbOPark, A=0.04",-288.0,-1.2,False,7.696741975977653,0.07653482888888888,7.653482888888888,8.398208333333333,0.08185416666666667,8.185416666666667
7.7%,0.07653482888888888,7.653482888888888,Nygaard2022,"TurbOPark, A=0.04",-264.0,-1.1,False,7.720759941055822,0.07653482888888888,7.653482888888888,8.449229166666667,0.08207083333333334,8.207083333333335
7.7%,0.07653482888888888,7.653482888888888,Nygaard2022,"TurbOPark, A=0.04",-240.0,-1.0,False,7.68520823270504,0.07653482888888888,7.653482888888888,8.490283333333332,0.08183333333333334,8.183333333333334
7.7%,0.07653482888888888,7.653482888888888,Nygaard2022,"TurbOPark, A=0.04",-216.0,-0.9,False,7.626780194758604,0.07653482888888888,7.653482888888888,8.520541666666666,0.08019166666666666,8.019166666666667
7.7%,0.07653482888888888,7.653482888888888,Nygaard2022,"TurbOPark, A=0.04",-192.0,-0.8,False,7.581590160344794,0.07653482888888888,7.653482888888888,8.549608333333332,0.07934583333333334,7.934583333333334
7.7%,0.07653482888888888,7.653482888888888,Nygaard2022,"TurbOPark, A=0.04",-168.0,-0.7,False,7.5726296316994945,0.07653482888888888,7.653482888888888,8.5773,0.0788875,7.88875
7.7%,0.07653482888888888,7.653482888888888,Nygaard2022,"TurbOPark, A=0.04",-144.0,-0.6,False,7.607140997134297,0.07653482888888888,7.653482888888888,8.595170833333334,0.07996666666666666,7.996666666666666
7.7%,0.07653482888888888,7.653482888888888,Nygaard2022,"TurbOPark, A=0.04",-120.0,-0.5,True,7.678356072167883,0.07653482888888888,7.653482888888888,8.604258333333332,0.0821875,8.21875
7.7%,0.07653482888888888,7.653482888888888,Nygaard2022,"TurbOPark, A=0.04",-96.0,-0.4,True,7.768960134677256,0.07653482888888888,7.653482888888888,8.600533333333333,0.08398333333333334,8.398333333333333
7.7%,0.07653482888888888,7.653482888888888,Nygaard2022,"TurbOPark, A=0.04",-72.0,-0.3,True,7.856195469034978,0.07653482888888888,7.653482888888888,8.5759875,0.08562499999999999,8.5625
7.7%,0.07653482888888888,7.653482888888888,Nygaard2022,"TurbOPark, A=0.04",-48.0,-0.2,True,7.919038349323129,0.07653482888888888,7.653482888888888,8.536483333333333,0.0867875,8.67875
7.7%,0.07653482888888888,7.653482888888888,Nygaard2022,"TurbOPark, A=0.04",-24.0,-0.1,True,7.945819827947946,0.07653482888888888,7.653482888888888,8.485941666666667,0.08875833333333333,8.875833333333333
7.7%,0.07653482888888888,7.653482888888888,Nygaard2022,"TurbOPark, A=0.04",0.0,0.0,True,7.937335135614601,0.07653482888888888,7.653482888888888,8.432116666666667,0.09032916666666667,9.032916666666667
7.7%,0.07653482888888888,7.653482888888888,Nygaard2022,"TurbOPark, A=0.04",24.0,0.1,True,7.901499181217171,0.07653482888888888,7.653482888888888,8.376516666666667,0.09133333333333335,9.133333333333335
7.7%,0.07653482888888888,7.653482888888888,Nygaard2022,"TurbOPark, A=0.04",48.0,0.2,True,7.8428011907400075,0.07653482888888888,7.653482888888888,8.314687500000002,0.09190416666666666,9.190416666666666
7.7%,0.07653482888888888,7.653482888888888,Nygaard2022,"TurbOPark, A=0.04",72.0,0.3,True,7.7544171541249955,0.07653482888888888,7.653482888888888,8.2629,0.09281666666666666,9.281666666666666
7.7%,0.07653482888888888,7.653482888888888,Nygaard2022,"TurbOPark, A=0.04",96.0,0.4,True,7.619841020321077,0.07653482888888888,7.653482888888888,8.199250000000001,0.09257083333333332,9.257083333333332
7.7%,0.07653482888888888,7.653482888888888,Nygaard2022,"TurbOPark, A=0.04",120.0,0.5,True,7.425858459782802,0.07653482888888888,7.653482888888888,8.1291875,0.09098333333333335,9.098333333333334
7.7%,0.07653482888888888,7.653482888888888,Nygaard2022,"TurbOPark, A=0.04",144.0,0.6,False,7.178815434123303,0.07653482888888888,7.653482888888888,8.076779166666666,0.089825,8.9825
7.7%,0.07653482888888888,7.653482888888888,Nygaard2022,"TurbOPark, A=0.04",168.0,0.7,False,6.910474637677824,0.07653482888888888,7.653482888888888,8.043658333333333,0.08987083333333334,8.987083333333334
7.7%,0.07653482888888888,7.653482888888888,Nygaard2022,"TurbOPark, A=0.04",192.0,0.8,False,6.6695316116353265,0.07653482888888888,7.653482888888888,8.0294375,0.08914166666666666,8.914166666666667
7.7%,0.07653482888888888,7.653482888888888,Nygaard2022,"TurbOPark, A=0.04",216.0,0.9,False,6.506375699059452,0.07653482888888888,7.653482888888888,8.030024999999998,0.0874125,8.74125
7.7%,0.07653482888888888,7.653482888888888,Nygaard2022,"TurbOPark, A=0.04",240.0,1.0,False,6.458560671183745,0.07653482888888888,7.653482888888888,8.0238625,0.08720833333333333,8.720833333333333
7.7%,0.07653482888888888,7.653482888888888,Nygaard2022,"TurbOPark, A=0.04",264.0,1.1,False,6.540161753433599,0.07653482888888888,7.653482888888888,8.035183333333334,0.0874,8.74
7.7%,0.07653482888888888,7.653482888888888,Nygaard2022,"TurbOPark, A=0.04",288.0,1.2,False,6.736394824387556,0.07653482888888888,7.653482888888888,8.06625,0.08775833333333333,8.775833333333333
7.7%,0.07653482888888888,7.653482888888888,Nygaard2022,"TurbOPark, A=0.04",312.0,1.3,False,7.003584579811278,0.07653482888888888,7.653482888888888,8.110475000000001,0.0874875,8.74875
7.7%,0.07653482888888888,7.653482888888888,Nygaard2022,"TurbOPark, A=0.04",336.0,1.4,False,7.274760820042199,0.07653482888888888,7.653482888888888,8.164758333333333,0.08700833333333333,8.700833333333332
7.7%,0.07653482888888888,7.653482888888888,Nygaard2022,"TurbOPark, A=0.04",360.0,1.5,False,7.475020688044404,0.07653482888888888,7.653482888888888,8.233266666666665,0.0873375,8.73375
7.7%,0.07653482888888888,7.653482888888888,Nygaard2022_A0.06,"TurbOPark, A=0.06",-360.0,-1.5,False,7.820144916521905,0.07653482888888888,7.653482888888888,8.23855,0.08470833333333334,8.470833333333335
7.7%,0.07653482888888888,7.653482888888888,Nygaard2022_A0.06,"TurbOPark, A=0.06",-336.0,-1.4,False,7.899450008587013,0.07653482888888888,7.653482888888888,8.305975,0.08378333333333333,8.378333333333334
7.7%,0.07653482888888888,7.653482888888888,Nygaard2022_A0.06,"TurbOPark, A=0.06",-312.0,-1.3,False,7.982174381479458,0.07653482888888888,7.653482888888888,8.3543375,0.08202916666666668,8.202916666666669
7.7%,0.07653482888888888,7.653482888888888,Nygaard2022_A0.06,"TurbOPark, A=0.06",-288.0,-1.2,False,8.052539481694556,0.07653482888888888,7.653482888888888,8.398208333333333,0.08185416666666667,8.185416666666667
7.7%,0.07653482888888888,7.653482888888888,Nygaard2022_A0.06,"TurbOPark, A=0.06",-264.0,-1.1,False,8.10037867070929,0.07653482888888888,7.653482888888888,8.449229166666667,0.08207083333333334,8.207083333333335
7.7%,0.07653482888888888,7.653482888888888,Nygaard2022_A0.06,"TurbOPark, A=0.06",-240.0,-1.0,False,8.124418750406827,0.07653482888888888,7.653482888888888,8.490283333333332,0.08183333333333334,8.183333333333334
7.7%,0.07653482888888888,7.653482888888888,Nygaard2022_A0.06,"TurbOPark, A=0.06",-216.0,-0.9,False,8.131573900678344,0.07653482888888888,7.653482888888888,8.520541666666666,0.08019166666666666,8.019166666666667
7.7%,0.07653482888888888,7.653482888888888,Nygaard2022_A0.06,"TurbOPark, A=0.06",-192.0,-0.8,False,8.13270414433723,0.07653482888888888,7.653482888888888,8.549608333333332,0.07934583333333334,7.934583333333334
7.7%,0.07653482888888888,7.653482888888888,Nygaard2022_A0.06,"TurbOPark, A=0.06",-168.0,-0.7,False,8.137794593734165,0.07653482888888888,7.653482888888888,8.5773,0.0788875,7.88875
7.7%,0.07653482888888888,7.653482888888888,Nygaard2022_A0.06,"TurbOPark, A=0.06",-144.0,-0.6,False,8.152948468927852,0.07653482888888888,7.653482888888888,8.595170833333334,0.07996666666666666,7.996666666666666
7.7%,0.07653482888888888,7.653482888888888,Nygaard2022_A0.06,"TurbOPark, A=0.06",-120.0,-0.5,True,8.179644566483198,0.07653482888888888,7.653482888888888,8.604258333333332,0.0821875,8.21875
7.7%,0.07653482888888888,7.653482888888888,Nygaard2022_A0.06,"TurbOPark, A=0.06",-96.0,-0.4,True,8.215362271079263,0.07653482888888888,7.653482888888888,8.600533333333333,0.08398333333333334,8.398333333333333
7.7%,0.07653482888888888,7.653482888888888,Nygaard2022_A0.06,"TurbOPark, A=0.06",-72.0,-0.3,True,8.254818715565825,0.07653482888888888,7.653482888888888,8.5759875,0.08562499999999999,8.5625
7.7%,0.07653482888888888,7.653482888888888,Nygaard2022_A0.06,"TurbOPark, A=0.06",-48.0,-0.2,True,8.291462591482114,0.07653482888888888,7.653482888888888,8.536483333333333,0.0867875,8.67875
7.7%,0.07653482888888888,7.653482888888888,Nygaard2022_A0.06,"TurbOPark, A=0.06",-24.0,-0.1,True,8.318426144669731,0.07653482888888888,7.653482888888888,8.485941666666667,0.08875833333333333,8.875833333333333
7.7%,0.07653482888888888,7.653482888888888,Nygaard2022_A0.06,"TurbOPark, A=0.06",0.0,0.0,True,8.328640127289173,0.07653482888888888,7.653482888888888,8.432116666666667,0.09032916666666667,9.032916666666667
7.7%,0.07653482888888888,7.653482888888888,Nygaard2022_A0.06,"TurbOPark, A=0.06",24.0,0.1,True,8.314254407193198,0.07653482888888888,7.653482888888888,8.376516666666667,0.09133333333333335,9.133333333333335
7.7%,0.07653482888888888,7.653482888888888,Nygaard2022_A0.06,"TurbOPark, A=0.06",48.0,0.2,True,8.266455433775004,0.07653482888888888,7.653482888888888,8.314687500000002,0.09190416666666666,9.190416666666666
7.7%,0.07653482888888888,7.653482888888888,Nygaard2022_A0.06,"TurbOPark, A=0.06",72.0,0.3,True,8.177476346994164,0.07653482888888888,7.653482888888888,8.2629,0.09281666666666666,9.281666666666666
7.7%,0.07653482888888888,7.653482888888888,Nygaard2022_A0.06,"TurbOPark, A=0.06",96.0,0.4,True,8.04492913510949,0.07653482888888888,7.653482888888888,8.199250000000001,0.09257083333333332,9.257083333333332
7.7%,0.07653482888888888,7.653482888888888,Nygaard2022_A0.06,"TurbOPark, A=0.06",120.0,0.5,True,7.875747681887857,0.07653482888888888,7.653482888888888,8.1291875,0.09098333333333335,9.098333333333334
7.7%,0.07653482888888888,7.653482888888888,Nygaard2022_A0.06,"TurbOPark, A=0.06",144.0,0.6,False,7.68679270708343,0.07653482888888888,7.653482888888888,8.076779166666666,0.089825,8.9825
7.7%,0.07653482888888888,7.653482888888888,Nygaard2022_A0.06,"TurbOPark, A=0.06",168.0,0.7,False,7.501890302959579,0.07653482888888888,7.653482888888888,8.043658333333333,0.08987083333333334,8.987083333333334
7.7%,0.07653482888888888,7.653482888888888,Nygaard2022_A0.06,"TurbOPark, A=0.06",192.0,0.8,False,7.347014215602213,0.07653482888888888,7.653482888888888,8.0294375,0.08914166666666666,8.914166666666667
7.7%,0.07653482888888888,7.653482888888888,Nygaard2022_A0.06,"TurbOPark, A=0.06",216.0,0.9,False,7.245122357100467,0.07653482888888888,7.653482888888888,8.030024999999998,0.0874125,8.74125
7.7%,0.07653482888888888,7.653482888888888,Nygaard2022_A0.06,"TurbOPark, A=0.06",240.0,1.0,False,7.2115246622647735,0.07653482888888888,7.653482888888888,8.0238625,0.08720833333333333,8.720833333333333
7.7%,0.07653482888888888,7.653482888888888,Nygaard2022_A0.06,"TurbOPark, A=0.06",264.0,1.1,False,7.250437448805399,0.07653482888888888,7.653482888888888,8.035183333333334,0.0874,8.74
7.7%,0.07653482888888888,7.653482888888888,Nygaard2022_A0.06,"TurbOPark, A=0.06",288.0,1.2,False,7.353274747055499,0.07653482888888888,7.653482888888888,8.06625,0.08775833333333333,8.775833333333333
7.7%,0.07653482888888888,7.653482888888888,Nygaard2022_A0.06,"TurbOPark, A=0.06",312.0,1.3,False,7.499216640849893,0.07653482888888888,7.653482888888888,8.110475000000001,0.0874875,8.74875
7.7%,0.07653482888888888,7.653482888888888,Nygaard2022_A0.06,"TurbOPark, A=0.06",336.0,1.4,False,7.658306080909352,0.07653482888888888,7.653482888888888,8.164758333333333,0.08700833333333333,8.700833333333332
7.7%,0.07653482888888888,7.653482888888888,Nygaard2022_A0.06,"TurbOPark, A=0.06",360.0,1.5,False,7.797906867702277,0.07653482888888888,7.653482888888888,8.233266666666665,0.0873375,8.73375
8.3%,0.08270224333333333,8.270224333333333,BPA2014,BPA,-360.0,-1.5,False,8.648643276817655,0.12759532440811247,12.759532440811247,8.23855,0.08470833333333334,8.470833333333335
8.3%,0.08270224333333333,8.270224333333333,BPA2014,BPA,-336.0,-1.4,False,8.69794278223792,0.12759532440811247,12.759532440811247,8.305975,0.08378333333333333,8.378333333333334
8.3%,0.08270224333333333,8.270224333333333,BPA2014,BPA,-312.0,-1.3,False,8.735557046795996,0.12759532440811247,12.759532440811247,8.3543375,0.08202916666666668,8.202916666666669
8.3%,0.08270224333333333,8.270224333333333,BPA2014,BPA,-288.0,-1.2,False,8.76412929722764,0.12759532440811247,12.759532440811247,8.398208333333333,0.08185416666666667,8.185416666666667
8.3%,0.08270224333333333,8.270224333333333,BPA2014,BPA,-264.0,-1.1,False,8.785739910361189,0.12759532440811247,12.759532440811247,8.449229166666667,0.08207083333333334,8.207083333333335
8.3%,0.08270224333333333,8.270224333333333,BPA2014,BPA,-240.0,-1.0,False,8.80180052315351,0.12759532440811247,12.759532440811247,8.490283333333332,0.08183333333333334,8.183333333333334
8.3%,0.08270224333333333,8.270224333333333,BPA2014,BPA,-216.0,-0.9,False,8.813068407554638,0.12759532440811247,12.759532440811247,8.520541666666666,0.08019166666666666,8.019166666666667
8.3%,0.08270224333333333,8.270224333333333,BPA2014,BPA,-192.0,-0.8,False,8.819738313463299,0.12759532440811247,12.759532440811247,8.549608333333332,0.07934583333333334,7.934583333333334
8.3%,0.08270224333333333,8.270224333333333,BPA2014,BPA,-168.0,-0.7,False,8.821575430611801,0.12759532440811247,12.759532440811247,8.5773,0.0788875,7.88875
8.3%,0.08270224333333333,8.270224333333333,BPA2014,BPA,-144.0,-0.6,False,8.818063683711031,0.12759532440811247,12.759532440811247,8.595170833333334,0.07996666666666666,7.996666666666666
8.3%,0.08270224333333333,8.270224333333333,BPA2014,BPA,-120.0,-0.5,True,8.808553887796203,0.1409105771626477,14.091057716264771,8.604258333333332,0.0821875,8.21875
8.3%,0.08270224333333333,8.270224333333333,BPA2014,BPA,-96.0,-0.4,True,8.792403864410941,0.1409105771626477,14.091057716264771,8.600533333333333,0.08398333333333334,8.398333333333333
8.3%,0.08270224333333333,8.270224333333333,BPA2014,BPA,-72.0,-0.3,True,8.76910670935277,0.1409105771626477,14.091057716264771,8.5759875,0.08562499999999999,8.5625
8.3%,0.08270224333333333,8.270224333333333,BPA2014,BPA,-48.0,-0.2,True,8.738404479867881,0.1409105771626477,14.091057716264771,8.536483333333333,0.0867875,8.67875
8.3%,0.08270224333333333,8.270224333333333,BPA2014,BPA,-24.0,-0.1,True,8.700383722912617,0.1409105771626477,14.091057716264771,8.485941666666667,0.08875833333333333,8.875833333333333
8.3%,0.08270224333333333,8.270224333333333,BPA2014,BPA,0.0,0.0,True,8.655547727237584,0.1409105771626477,14.091057716264771,8.432116666666667,0.09032916666666667,9.032916666666667
8.3%,0.08270224333333333,8.270224333333333,BPA2014,BPA,24.0,0.1,True,8.60485922032044,0.1409105771626477,14.091057716264771,8.376516666666667,0.09133333333333335,9.133333333333335
8.3%,0.08270224333333333,8.270224333333333,BPA2014,BPA,48.0,0.2,True,8.549747201871721,0.1409105771626477,14.091057716264771,8.314687500000002,0.09190416666666666,9.190416666666666
8.3%,0.08270224333333333,8.270224333333333,BPA2014,BPA,72.0,0.3,True,8.492073093313861,0.1409105771626477,14.091057716264771,8.2629,0.09281666666666666,9.281666666666666
8.3%,0.08270224333333333,8.270224333333333,BPA2014,BPA,96.0,0.4,True,8.434054399352677,0.1409105771626477,14.091057716264771,8.199250000000001,0.09257083333333332,9.257083333333332
8.3%,0.08270224333333333,8.270224333333333,BPA2014,BPA,120.0,0.5,True,8.378148295809815,0.1409105771626477,14.091057716264771,8.1291875,0.09098333333333335,9.098333333333334
8.3%,0.08270224333333333,8.270224333333333,BPA2014,BPA,144.0,0.6,False,8.326902374240897,0.1409105771626477,14.091057716264771,8.076779166666666,0.089825,8.9825
8.3%,0.08270224333333333,8.270224333333333,BPA2014,BPA,168.0,0.7,False,8.282784409260914,0.1409105771626477,14.091057716264771,8.043658333333333,0.08987083333333334,8.987083333333334
8.3%,0.08270224333333333,8.270224333333333,BPA2014,BPA,192.0,0.8,False,8.248006644342912,0.1409105771626477,14.091057716264771,8.0294375,0.08914166666666666,8.914166666666667
8.3%,0.08270224333333333,8.270224333333333,BPA2014,BPA,216.0,0.9,False,8.224361994949215,0.1409105771626477,14.091057716264771,8.030024999999998,0.0874125,8.74125
8.3%,0.08270224333333333,8.270224333333333,BPA2014,BPA,240.0,1.0,False,8.213089268227012,0.1409105771626477,14.091057716264771,8.0238625,0.08720833333333333,8.720833333333333
8.3%,0.08270224333333333,8.270224333333333,BPA2014,BPA,264.0,1.1,False,8.214781870722025,0.1409105771626477,14.091057716264771,8.035183333333334,0.0874,8.74
8.3%,0.08270224333333333,8.270224333333333,BPA2014,BPA,288.0,1.2,False,8.229349787055291,0.1409105771626477,14.091057716264771,8.06625,0.08775833333333333,8.775833333333333
8.3%,0.08270224333333333,8.270224333333333,BPA2014,BPA,312.0,1.3,False,8.256038486975228,0.1409105771626477,14.091057716264771,8.110475000000001,0.0874875,8.74875
8.3%,0.08270224333333333,8.270224333333333,BPA2014,BPA,336.0,1.4,False,8.293501719077103,0.1409105771626477,14.091057716264771,8.164758333333333,0.08700833333333333,8.700833333333332
8.3%,0.08270224333333333,8.270224333333333,BPA2014,BPA,360.0,1.5,False,8.339918796613306,0.1409105771626477,14.091057716264771,8.233266666666665,0.0873375,8.73375
8.3%,0.08270224333333333,8.270224333333333,NPA2016,NPA,-360.0,-1.5,False,8.796036472106032,0.1408670550591999,14.08670550591999,8.23855,0.08470833333333334,8.470833333333335
8.3%,0.08270224333333333,8.270224333333333,NPA2016,NPA,-336.0,-1.4,False,8.836958763034632,0.1408670550591999,14.08670550591999,8.305975,0.08378333333333333,8.378333333333334
8.3%,0.08270224333333333,8.270224333333333,NPA2016,NPA,-312.0,-1.3,False,8.869967541129414,0.1408670550591999,14.08670550591999,8.3543375,0.08202916666666668,8.202916666666669
8.3%,0.08270224333333333,8.270224333333333,NPA2016,NPA,-288.0,-1.2,False,8.895330026894277,0.11640034574647969,11.640034574647968,8.398208333333333,0.08185416666666667,8.185416666666667
8.3%,0.08270224333333333,8.270224333333333,NPA2016,NPA,-264.0,-1.1,False,8.913546714858784,0.1268427271498634,12.684272714986339,8.449229166666667,0.08207083333333334,8.207083333333335
8.3%,0.08270224333333333,8.270224333333333,NPA2016,NPA,-240.0,-1.0,False,8.925257290250203,0.1268427271498634,12.684272714986339,8.490283333333332,0.08183333333333334,8.183333333333334
8.3%,0.08270224333333333,8.270224333333333,NPA2016,NPA,-216.0,-0.9,False,8.931170277468652,0.1268427271498634,12.684272714986339,8.520541666666666,0.08019166666666666,8.019166666666667
8.3%,0.08270224333333333,8.270224333333333,NPA2016,NPA,-192.0,-0.8,False,8.932000392059138,0.1268427271498634,12.684272714986339,8.549608333333332,0.07934583333333334,7.934583333333334
8.3%,0.08270224333333333,8.270224333333333,NPA2016,NPA,-168.0,-0.7,False,8.928440783251698,0.1268427271498634,12.684272714986339,8.5773,0.0788875,7.88875
8.3%,0.08270224333333333,8.270224333333333,NPA2016,NPA,-144.0,-0.6,False,8.92114539564902,0.1268427271498634,12.684272714986339,8.595170833333334,0.07996666666666666,7.996666666666666
8.3%,0.08270224333333333,8.270224333333333,NPA2016,NPA,-120.0,-0.5,True,8.910701729517207,0.1268427271498634,12.684272714986339,8.604258333333332,0.0821875,8.21875
8.3%,0.08270224333333333,8.270224333333333,NPA2016,NPA,-96.0,-0.4,True,8.897659004795077,0.1268427271498634,12.684272714986339,8.600533333333333,0.08398333333333334,8.398333333333333
8.3%,0.08270224333333333,8.270224333333333,NPA2016,NPA,-72.0,-0.3,True,8.88252733367321,0.1268427271498634,12.684272714986339,8.5759875,0.08562499999999999,8.5625
8.3%,0.08270224333333333,8.270224333333333,NPA2016,NPA,-48.0,-0.2,True,8.865790578762644,0.1268427271498634,12.684272714986339,8.536483333333333,0.0867875,8.67875
8.3%,0.08270224333333333,8.270224333333333,NPA2016,NPA,-24.0,-0.1,True,8.847919061408973,0.1268427271498634,12.684272714986339,8.485941666666667,0.08875833333333333,8.875833333333333
8.3%,0.08270224333333333,8.270224333333333,NPA2016,NPA,0.0,0.0,True,8.829380428417666,0.1268427271498634,12.684272714986339,8.432116666666667,0.09032916666666667,9.032916666666667
8.3%,0.08270224333333333,8.270224333333333,NPA2016,NPA,24.0,0.1,True,8.810644396889105,0.1268427271498634,12.684272714986339,8.376516666666667,0.09133333333333335,9.133333333333335
8.3%,0.08270224333333333,8.270224333333333,NPA2016,NPA,48.0,0.2,True,8.792177320202521,0.1268427271498634,12.684272714986339,8.314687500000002,0.09190416666666666,9.190416666666666
8.3%,0.08270224333333333,8.270224333333333,NPA2016,NPA,72.0,0.3,True,8.774451502551583,0.1268427271498634,12.684272714986339,8.2629,0.09281666666666666,9.281666666666666
8.3%,0.08270224333333333,8.270224333333333,NPA2016,NPA,96.0,0.4,True,8.757923952498617,0.1268427271498634,12.684272714986339,8.199250000000001,0.09257083333333332,9.257083333333332
8.3%,0.08270224333333333,8.270224333333333,NPA2016,NPA,120.0,0.5,True,8.743027226301354,0.1268427271498634,12.684272714986339,8.1291875,0.09098333333333335,9.098333333333334
8.3%,0.08270224333333333,8.270224333333333,NPA2016,NPA,144.0,0.6,False,8.730167343124934,0.1268427271498634,12.684272714986339,8.076779166666666,0.089825,8.9825
8.3%,0.08270224333333333,8.270224333333333,NPA2016,NPA,168.0,0.7,False,8.719701091065822,0.1268427271498634,12.684272714986339,8.043658333333333,0.08987083333333334,8.987083333333334
8.3%,0.08270224333333333,8.270224333333333,NPA2016,NPA,192.0,0.8,False,8.711915621112352,0.1268427271498634,12.684272714986339,8.0294375,0.08914166666666666,8.914166666666667
8.3%,0.08270224333333333,8.270224333333333,NPA2016,NPA,216.0,0.9,False,8.707038460015116,0.1268427271498634,12.684272714986339,8.030024999999998,0.0874125,8.74125
8.3%,0.08270224333333333,8.270224333333333,NPA2016,NPA,240.0,1.0,False,8.705206249418161,0.1268427271498634,12.684272714986339,8.0238625,0.08720833333333333,8.720833333333333
8.3%,0.08270224333333333,8.270224333333333,NPA2016,NPA,264.0,1.1,False,8.706466220491482,0.1268427271498634,12.684272714986339,8.035183333333334,0.0874,8.74
8.3%,0.08270224333333333,8.270224333333333,NPA2016,NPA,288.0,1.2,False,8.710782943277653,0.1268427271498634,12.684272714986339,8.06625,0.08775833333333333,8.775833333333333
8.3%,0.08270224333333333,8.270224333333333,NPA2016,NPA,312.0,1.3,False,8.71801620422792,0.1268427271498634,12.684272714986339,8.110475000000001,0.0874875,8.74875
8.3%,0.08270224333333333,8.270224333333333,NPA2016,NPA,336.0,1.4,False,8.727928880147566,0.1268427271498634,12.684272714986339,8.164758333333333,0.08700833333333333,8.700833333333332
8.3%,0.08270224333333333,8.270224333333333,NPA2016,NPA,360.0,1.5,False,8.740201632103707,0.1268427271498634,12.684272714986339,8.233266666666665,0.0873375,8.73375
8.3%,0.08270224333333333,8.270224333333333,Nygaard2022,"TurbOPark, A=0.04",-360.0,-1.5,False,7.306379301681526,0.08270224333333333,8.270224333333333,8.23855,0.08470833333333334,8.470833333333335
8.3%,0.08270224333333333,8.270224333333333,Nygaard2022,"TurbOPark, A=0.04",-336.0,-1.4,False,7.471192140353464,0.08270224333333333,8.270224333333333,8.305975,0.08378333333333333,8.378333333333334
8.3%,0.08270224333333333,8.270224333333333,Nygaard2022,"TurbOPark, A=0.04",-312.0,-1.3,False,7.623836479747446,0.08270224333333333,8.270224333333333,8.3543375,0.08202916666666668,8.202916666666669
8.3%,0.08270224333333333,8.270224333333333,Nygaard2022,"TurbOPark, A=0.04",-288.0,-1.2,False,7.724388174646339,0.08270224333333333,8.270224333333333,8.398208333333333,0.08185416666666667,8.185416666666667
8.3%,0.08270224333333333,8.270224333333333,Nygaard2022,"TurbOPark, A=0.04",-264.0,-1.1,False,7.754912212518327,0.08270224333333333,8.270224333333333,8.449229166666667,0.08207083333333334,8.207083333333335
8.3%,0.08270224333333333,8.270224333333333,Nygaard2022,"TurbOPark, A=0.04",-240.0,-1.0,False,7.72855651881555,0.08270224333333333,8.270224333333333,8.490283333333332,0.08183333333333334,8.183333333333334
8.3%,0.08270224333333333,8.270224333333333,Nygaard2022,"TurbOPark, A=0.04",-216.0,-0.9,False,7.678578348758386,0.08270224333333333,8.270224333333333,8.520541666666666,0.08019166666666666,8.019166666666667
8.3%,0.08270224333333333,8.270224333333333,Nygaard2022,"TurbOPark, A=0.04",-192.0,-0.8,False,7.638587601599109,0.08270224333333333,8.270224333333333,8.549608333333332,0.07934583333333334,7.934583333333334
8.3%,0.08270224333333333,8.270224333333333,Nygaard2022,"TurbOPark, A=0.04",-168.0,-0.7,False,7.63066286511714,0.08270224333333333,8.270224333333333,8.5773,0.0788875,7.88875
8.3%,0.08270224333333333,8.270224333333333,Nygaard2022,"TurbOPark, A=0.04",-144.0,-0.6,False,7.662213887623344,0.08270224333333333,8.270224333333333,8.595170833333334,0.07996666666666666,7.996666666666666
8.3%,0.08270224333333333,8.270224333333333,Nygaard2022,"TurbOPark, A=0.04",-120.0,-0.5,True,7.727748056442369,0.08270224333333333,8.270224333333333,8.604258333333332,0.0821875,8.21875
8.3%,0.08270224333333333,8.270224333333333,Nygaard2022,"TurbOPark, A=0.04",-96.0,-0.4,True,7.811987473680121,0.08270224333333333,8.270224333333333,8.600533333333333,0.08398333333333334,8.398333333333333
8.3%,0.08270224333333333,8.270224333333333,Nygaard2022,"TurbOPark, A=0.04",-72.0,-0.3,True,7.89465637321329,0.08270224333333333,8.270224333333333,8.5759875,0.08562499999999999,8.5625
8.3%,0.08270224333333333,8.270224333333333,Nygaard2022,"TurbOPark, A=0.04",-48.0,-0.2,True,7.956755956088418,0.08270224333333333,8.270224333333333,8.536483333333333,0.0867875,8.67875
8.3%,0.08270224333333333,8.270224333333333,Nygaard2022,"TurbOPark, A=0.04",-24.0,-0.1,True,7.987052292624654,0.08270224333333333,8.270224333333333,8.485941666666667,0.08875833333333333,8.875833333333333
8.3%,0.08270224333333333,8.270224333333333,Nygaard2022,"TurbOPark, A=0.04",0.0,0.0,True,7.984721470312316,0.08270224333333333,8.270224333333333,8.432116666666667,0.09032916666666667,9.032916666666667
8.3%,0.08270224333333333,8.270224333333333,Nygaard2022,"TurbOPark, A=0.04",24.0,0.1,True,7.954814413092833,0.08270224333333333,8.270224333333333,8.376516666666667,0.09133333333333335,9.133333333333335
8.3%,0.08270224333333333,8.270224333333333,Nygaard2022,"TurbOPark, A=0.04",48.0,0.2,True,7.8990836051770685,0.08270224333333333,8.270224333333333,8.314687500000002,0.09190416666666666,9.190416666666666
8.3%,0.08270224333333333,8.270224333333333,Nygaard2022,"TurbOPark, A=0.04",72.0,0.3,True,7.809274015019046,0.08270224333333333,8.270224333333333,8.2629,0.09281666666666666,9.281666666666666
8.3%,0.08270224333333333,8.270224333333333,Nygaard2022,"TurbOPark, A=0.04",96.0,0.4,True,7.669461801167034,0.08270224333333333,8.270224333333333,8.199250000000001,0.09257083333333332,9.257083333333332
8.3%,0.08270224333333333,8.270224333333333,Nygaard2022,"TurbOPark, A=0.04",120.0,0.5,True,7.468863135238086,0.08270224333333333,8.270224333333333,8.1291875,0.09098333333333335,9.098333333333334
8.3%,0.08270224333333333,8.270224333333333,Nygaard2022,"TurbOPark, A=0.04",144.0,0.6,False,7.216560677841584,0.08270224333333333,8.270224333333333,8.076779166666666,0.089825,8.9825
8.3%,0.08270224333333333,8.270224333333333,Nygaard2022,"TurbOPark, A=0.04",168.0,0.7,False,6.945613146300705,0.08270224333333333,8.270224333333333,8.043658333333333,0.08987083333333334,8.987083333333334
8.3%,0.08270224333333333,8.270224333333333,Nygaard2022,"TurbOPark, A=0.04",192.0,0.8,False,6.704150732315618,0.08270224333333333,8.270224333333333,8.0294375,0.08914166666666666,8.914166666666667
8.3%,0.08270224333333333,8.270224333333333,Nygaard2022,"TurbOPark, A=0.04",216.0,0.9,False,6.540986287029148,0.08270224333333333,8.270224333333333,8.030024999999998,0.0874125,8.74125
8.3%,0.08270224333333333,8.270224333333333,Nygaard2022,"TurbOPark, A=0.04",240.0,1.0,False,6.492100022300825,0.08270224333333333,8.270224333333333,8.0238625,0.08720833333333333,8.720833333333333
8.3%,0.08270224333333333,8.270224333333333,Nygaard2022,"TurbOPark, A=0.04",264.0,1.1,False,6.570701079418724,0.08270224333333333,8.270224333333333,8.035183333333334,0.0874,8.74
8.3%,0.08270224333333333,8.270224333333333,Nygaard2022,"TurbOPark, A=0.04",288.0,1.2,False,6.762073159439111,0.08270224333333333,8.270224333333333,8.06625,0.08775833333333333,8.775833333333333
8.3%,0.08270224333333333,8.270224333333333,Nygaard2022,"TurbOPark, A=0.04",312.0,1.3,False,7.023771167610803,0.08270224333333333,8.270224333333333,8.110475000000001,0.0874875,8.74875
8.3%,0.08270224333333333,8.270224333333333,Nygaard2022,"TurbOPark, A=0.04",336.0,1.4,False,7.291157746040329,0.08270224333333333,8.270224333333333,8.164758333333333,0.08700833333333333,8.700833333333332
8.3%,0.08270224333333333,8.270224333333333,Nygaard2022,"TurbOPark, A=0.04",360.0,1.5,False,7.492103420597974,0.08270224333333333,8.270224333333333,8.233266666666665,0.0873375,8.73375
8.3%,0.08270224333333333,8.270224333333333,Nygaard2022_A0.06,"TurbOPark, A=0.06",-360.0,-1.5,False,7.854833241951953,0.08270224333333333,8.270224333333333,8.23855,0.08470833333333334,8.470833333333335
8.3%,0.08270224333333333,8.270224333333333,Nygaard2022_A0.06,"TurbOPark, A=0.06",-336.0,-1.4,False,7.93077696330209,0.08270224333333333,8.270224333333333,8.305975,0.08378333333333333,8.378333333333334
8.3%,0.08270224333333333,8.270224333333333,Nygaard2022_A0.06,"TurbOPark, A=0.06",-312.0,-1.3,False,8.01120136932796,0.08270224333333333,8.270224333333333,8.3543375,0.08202916666666668,8.202916666666669
8.3%,0.08270224333333333,8.270224333333333,Nygaard2022_A0.06,"TurbOPark, A=0.06",-288.0,-1.2,False,8.081408517486931,0.08270224333333333,8.270224333333333,8.398208333333333,0.08185416666666667,8.185416666666667
8.3%,0.08270224333333333,8.270224333333333,Nygaard2022_A0.06,"TurbOPark, A=0.06",-264.0,-1.1,False,8.131499402107655,0.08270224333333333,8.270224333333333,8.449229166666667,0.08207083333333334,8.207083333333335
8.3%,0.08270224333333333,8.270224333333333,Nygaard2022_A0.06,"TurbOPark, A=0.06",-240.0,-1.0,False,8.159482965338938,0.08270224333333333,8.270224333333333,8.490283333333332,0.08183333333333334,8.183333333333334
8.3%,0.08270224333333333,8.270224333333333,Nygaard2022_A0.06,"TurbOPark, A=0.06",-216.0,-0.9,False,8.170916256171811,0.08270224333333333,8.270224333333333,8.520541666666666,0.08019166666666666,8.019166666666667
8.3%,0.08270224333333333,8.270224333333333,Nygaard2022_A0.06,"TurbOPark, A=0.06",-192.0,-0.8,False,8.175341031033922,0.08270224333333333,8.270224333333333,8.549608333333332,0.07934583333333334,7.934583333333334
8.3%,0.08270224333333333,8.270224333333333,Nygaard2022_A0.06,"TurbOPark, A=0.06",-168.0,-0.7,False,8.182002765444262,0.08270224333333333,8.270224333333333,8.5773,0.0788875,7.88875
8.3%,0.08270224333333333,8.270224333333333,Nygaard2022_A0.06,"TurbOPark, A=0.06",-144.0,-0.6,False,8.196887702470793,0.08270224333333333,8.270224333333333,8.595170833333334,0.07996666666666666,7.996666666666666
8.3%,0.08270224333333333,8.270224333333333,Nygaard2022_A0.06,"TurbOPark, A=0.06",-120.0,-0.5,True,8.221935733173037,0.08270224333333333,8.270224333333333,8.604258333333332,0.0821875,8.21875
8.3%,0.08270224333333333,8.270224333333333,Nygaard2022_A0.06,"TurbOPark, A=0.06",-96.0,-0.4,True,8.255339897314132,0.08270224333333333,8.270224333333333,8.600533333333333,0.08398333333333334,8.398333333333333
8.3%,0.08270224333333333,8.270224333333333,Nygaard2022_A0.06,"TurbOPark, A=0.06",-72.0,-0.3,True,8.292704859155377,0.08270224333333333,8.270224333333333,8.5759875,0.08562499999999999,8.5625
8.3%,0.08270224333333333,8.270224333333333,Nygaard2022_A0.06,"TurbOPark, A=0.06",-48.0,-0.2,True,8.328133189957082,0.08270224333333333,8.270224333333333,8.536483333333333,0.0867875,8.67875
8.3%,0.08270224333333333,8.270224333333333,Nygaard2022_A0.06,"TurbOPark, A=0.06",-24.0,-0.1,True,8.35495895807958,0.08270224333333333,8.270224333333333,8.485941666666667,0.08875833333333333,8.875833333333333
8.3%,0.08270224333333333,8.270224333333333,Nygaard2022_A0.06,"TurbOPark, A=0.06",0.0,0.0,True,8.365739110421892,0.08270224333333333,8.270224333333333,8.432116666666667,0.09032916666666667,9.032916666666667
8.3%,0.08270224333333333,8.270224333333333,Nygaard2022_A0.06,"TurbOPark, A=0.06",24.0,0.1,True,8.351792404703662,0.08270224333333333,8.270224333333333,8.376516666666667,0.09133333333333335,9.133333333333335
8.3%,0.08270224333333333,8.270224333333333,Nygaard2022_A0.06,"TurbOPark, A=0.06",48.0,0.2,True,8.303542550757067,0.08270224333333333,8.270224333333333,8.314687500000002,0.09190416666666666,9.190416666666666
8.3%,0.08270224333333333,8.270224333333333,Nygaard2022_A0.06,"TurbOPark, A=0.06",72.0,0.3,True,8.213029635034571,0.08270224333333333,8.270224333333333,8.2629,0.09281666666666666,9.281666666666666
8.3%,0.08270224333333333,8.270224333333333,Nygaard2022_A0.06,"TurbOPark, A=0.06",96.0,0.4,True,8.078495738805055,0.08270224333333333,8.270224333333333,8.199250000000001,0.09257083333333332,9.257083333333332
8.3%,0.08270224333333333,8.270224333333333,Nygaard2022_A0.06,"TurbOPark, A=0.06",120.0,0.5,True,7.907802557431797,0.08270224333333333,8.270224333333333,8.1291875,0.09098333333333335,9.098333333333334
8.3%,0.08270224333333333,8.270224333333333,Nygaard2022_A0.06,"TurbOPark, A=0.06",144.0,0.6,False,7.718358863343585,0.08270224333333333,8.270224333333333,8.076779166666666,0.089825,8.9825
8.3%,0.08270224333333333,8.270224333333333,Nygaard2022_A0.06,"TurbOPark, A=0.06",168.0,0.7,False,7.533879114473174,0.08270224333333333,8.270224333333333,8.043658333333333,0.08987083333333334,8.987083333333334
8.3%,0.08270224333333333,8.270224333333333,Nygaard2022_A0.06,"TurbOPark, A=0.06",192.0,0.8,False,7.379695827880317,0.08270224333333333,8.270224333333333,8.0294375,0.08914166666666666,8.914166666666667
8.3%,0.08270224333333333,8.270224333333333,Nygaard2022_A0.06,"TurbOPark, A=0.06",216.0,0.9,False,7.277964983432598,0.08270224333333333,8.270224333333333,8.030024999999998,0.0874125,8.74125
8.3%,0.08270224333333333,8.270224333333333,Nygaard2022_A0.06,"TurbOPark, A=0.06",240.0,1.0,False,7.2433418160910765,0.08270224333333333,8.270224333333333,8.0238625,0.08720833333333333,8.720833333333333
8.3%,0.08270224333333333,8.270224333333333,Nygaard2022_A0.06,"TurbOPark, A=0.06",264.0,1.1,False,7.279791872703578,0.08270224333333333,8.270224333333333,8.035183333333334,0.0874,8.74
8.3%,0.08270224333333333,8.270224333333333,Nygaard2022_A0.06,"TurbOPark, A=0.06",288.0,1.2,False,7.37907140625668,0.08270224333333333,8.270224333333333,8.06625,0.08775833333333333,8.775833333333333
8.3%,0.08270224333333333,8.270224333333333,Nygaard2022_A0.06,"TurbOPark, A=0.06",312.0,1.3,False,7.521274217059023,0.08270224333333333,8.270224333333333,8.110475000000001,0.0874875,8.74875
8.3%,0.08270224333333333,8.270224333333333,Nygaard2022_A0.06,"TurbOPark, A=0.06",336.0,1.4,False,7.677816305891108,0.08270224333333333,8.270224333333333,8.164758333333333,0.08700833333333333,8.700833333333332
8.3%,0.08270224333333333,8.270224333333333,Nygaard2022_A0.06,"TurbOPark, A=0.06",360.0,1.5,False,7.81745942477811,0.08270224333333333,8.270224333333333,8.233266666666665,0.0873375,8.73375
8.9%,0.08886965777777778,8.886965777777778,BPA2014,BPA,-360.0,-1.5,False,8.648643276817655,0.1315092696794567,13.15092696794567,8.23855,0.08470833333333334,8.470833333333335
8.9%,0.08886965777777778,8.886965777777778,BPA2014,BPA,-336.0,-1.4,False,8.69794278223792,0.1315092696794567,13.15092696794567,8.305975,0.08378333333333333,8.378333333333334
8.9%,0.08886965777777778,8.886965777777778,BPA2014,BPA,-312.0,-1.3,False,8.735557046795996,0.1315092696794567,13.15092696794567,8.3543375,0.08202916666666668,8.202916666666669
8.9%,0.08886965777777778,8.886965777777778,BPA2014,BPA,-288.0,-1.2,False,8.76412929722764,0.1315092696794567,13.15092696794567,8.398208333333333,0.08185416666666667,8.185416666666667
8.9%,0.08886965777777778,8.886965777777778,BPA2014,BPA,-264.0,-1.1,False,8.785739910361189,0.1315092696794567,13.15092696794567,8.449229166666667,0.08207083333333334,8.207083333333335
8.9%,0.08886965777777778,8.886965777777778,BPA2014,BPA,-240.0,-1.0,False,8.80180052315351,0.1315092696794567,13.15092696794567,8.490283333333332,0.08183333333333334,8.183333333333334
8.9%,0.08886965777777778,8.886965777777778,BPA2014,BPA,-216.0,-0.9,False,8.813068407554638,0.1315092696794567,13.15092696794567,8.520541666666666,0.08019166666666666,8.019166666666667
8.9%,0.08886965777777778,8.886965777777778,BPA2014,BPA,-192.0,-0.8,False,8.819738313463299,0.1315092696794567,13.15092696794567,8.549608333333332,0.07934583333333334,7.934583333333334
8.9%,0.08886965777777778,8.886965777777778,BPA2014,BPA,-168.0,-0.7,False,8.821575430611801,0.1315092696794567,13.15092696794567,8.5773,0.0788875,7.88875
8.9%,0.08886965777777778,8.886965777777778,BPA2014,BPA,-144.0,-0.6,False,8.818063683711031,0.1315092696794567,13.15092696794567,8.595170833333334,0.07996666666666666,7.996666666666666
8.9%,0.08886965777777778,8.886965777777778,BPA2014,BPA,-120.0,-0.5,True,8.808553887796203,0.14440649766846303,14.440649766846303,8.604258333333332,0.0821875,8.21875
8.9%,0.08886965777777778,8.886965777777778,BPA2014,BPA,-96.0,-0.4,True,8.792403864410941,0.14440649766846303,14.440649766846303,8.600533333333333,0.08398333333333334,8.398333333333333
8.9%,0.08886965777777778,8.886965777777778,BPA2014,BPA,-72.0,-0.3,True,8.76910670935277,0.14440649766846303,14.440649766846303,8.5759875,0.08562499999999999,8.5625
8.9%,0.08886965777777778,8.886965777777778,BPA2014,BPA,-48.0,-0.2,True,8.738404479867881,0.14440649766846303,14.440649766846303,8.536483333333333,0.0867875,8.67875
8.9%,0.08886965777777778,8.886965777777778,BPA2014,BPA,-24.0,-0.1,True,8.700383722912617,0.14440649766846303,14.440649766846303,8.485941666666667,0.08875833333333333,8.875833333333333
8.9%,0.08886965777777778,8.886965777777778,BPA2014,BPA,0.0,0.0,True,8.655547727237584,0.14440649766846303,14.440649766846303,8.432116666666667,0.09032916666666667,9.032916666666667
8.9%,0.08886965777777778,8.886965777777778,BPA2014,BPA,24.0,0.1,True,8.60485922032044,0.14440649766846303,14.440649766846303,8.376516666666667,0.09133333333333335,9.133333333333335
8.9%,0.08886965777777778,8.886965777777778,BPA2014,BPA,48.0,0.2,True,8.549747201871721,0.14440649766846303,14.440649766846303,8.314687500000002,0.09190416666666666,9.190416666666666
8.9%,0.08886965777777778,8.886965777777778,BPA2014,BPA,72.0,0.3,True,8.492073093313861,0.14440649766846303,14.440649766846303,8.2629,0.09281666666666666,9.281666666666666
8.9%,0.08886965777777778,8.886965777777778,BPA2014,BPA,96.0,0.4,True,8.434054399352677,0.14440649766846303,14.440649766846303,8.199250000000001,0.09257083333333332,9.257083333333332
8.9%,0.08886965777777778,8.886965777777778,BPA2014,BPA,120.0,0.5,True,8.378148295809815,0.14440649766846303,14.440649766846303,8.1291875,0.09098333333333335,9.098333333333334
8.9%,0.08886965777777778,8.886965777777778,BPA2014,BPA,144.0,0.6,False,8.326902374240897,0.14440649766846303,14.440649766846303,8.076779166666666,0.089825,8.9825
8.9%,0.08886965777777778,8.886965777777778,BPA2014,BPA,168.0,0.7,False,8.282784409260914,0.14440649766846303,14.440649766846303,8.043658333333333,0.08987083333333334,8.987083333333334
8.9%,0.08886965777777778,8.886965777777778,BPA2014,BPA,192.0,0.8,False,8.248006644342912,0.14440649766846303,14.440649766846303,8.0294375,0.08914166666666666,8.914166666666667
8.9%,0.08886965777777778,8.886965777777778,BPA2014,BPA,216.0,0.9,False,8.224361994949215,0.14440649766846303,14.440649766846303,8.030024999999998,0.0874125,8.74125
8.9%,0.08886965777777778,8.886965777777778,BPA2014,BPA,240.0,1.0,False,8.213089268227012,0.14440649766846303,14.440649766846303,8.0238625,0.08720833333333333,8.720833333333333
8.9%,0.08886965777777778,8.886965777777778,BPA2014,BPA,264.0,1.1,False,8.214781870722025,0.14440649766846303,14.440649766846303,8.035183333333334,0.0874,8.74
8.9%,0.08886965777777778,8.886965777777778,BPA2014,BPA,288.0,1.2,False,8.229349787055291,0.14440649766846303,14.440649766846303,8.06625,0.08775833333333333,8.775833333333333
8.9%,0.08886965777777778,8.886965777777778,BPA2014,BPA,312.0,1.3,False,8.256038486975228,0.14440649766846303,14.440649766846303,8.110475000000001,0.0874875,8.74875
8.9%,0.08886965777777778,8.886965777777778,BPA2014,BPA,336.0,1.4,False,8.293501719077103,0.14440649766846303,14.440649766846303,8.164758333333333,0.08700833333333333,8.700833333333332
8.9%,0.08886965777777778,8.886965777777778,BPA2014,BPA,360.0,1.5,False,8.339918796613306,0.14440649766846303,14.440649766846303,8.233266666666665,0.0873375,8.73375
8.9%,0.08886965777777778,8.886965777777778,NPA2016,NPA,-360.0,-1.5,False,8.808132615580798,0.14478256945957754,14.478256945957755,8.23855,0.08470833333333334,8.470833333333335
8.9%,0.08886965777777778,8.886965777777778,NPA2016,NPA,-336.0,-1.4,False,8.847708378423508,0.14478256945957754,14.478256945957755,8.305975,0.08378333333333333,8.378333333333334
8.9%,0.08886965777777778,8.886965777777778,NPA2016,NPA,-312.0,-1.3,False,8.879886809810722,0.14478256945957754,14.478256945957755,8.3543375,0.08202916666666668,8.202916666666669
8.9%,0.08886965777777778,8.886965777777778,NPA2016,NPA,-288.0,-1.2,False,8.904839178285862,0.12098993016144673,12.098993016144673,8.398208333333333,0.08185416666666667,8.185416666666667
8.9%,0.08886965777777778,8.886965777777778,NPA2016,NPA,-264.0,-1.1,False,8.922973902232737,0.13111118913140637,13.111118913140638,8.449229166666667,0.08207083333333334,8.207083333333335
8.9%,0.08886965777777778,8.886965777777778,NPA2016,NPA,-240.0,-1.0,False,8.934861284913307,0.13111118913140637,13.111118913140638,8.490283333333332,0.08183333333333334,8.183333333333334
8.9%,0.08886965777777778,8.886965777777778,NPA2016,NPA,-216.0,-0.9,False,8.94114275470503,0.13111118913140637,13.111118913140638,8.520541666666666,0.08019166666666666,8.019166666666667
8.9%,0.08886965777777778,8.886965777777778,NPA2016,NPA,-192.0,-0.8,False,8.942499088365185,0.13111118913140637,13.111118913140638,8.549608333333332,0.07934583333333334,7.934583333333334
8.9%,0.08886965777777778,8.886965777777778,NPA2016,NPA,-168.0,-0.7,False,8.93960263458649,0.13111118913140637,13.111118913140638,8.5773,0.0788875,7.88875
8.9%,0.08886965777777778,8.886965777777778,NPA2016,NPA,-144.0,-0.6,False,8.933088597177175,0.13111118913140637,13.111118913140638,8.595170833333334,0.07996666666666666,7.996666666666666
8.9%,0.08886965777777778,8.886965777777778,NPA2016,NPA,-120.0,-0.5,True,8.923552875502025,0.13111118913140637,13.111118913140638,8.604258333333332,0.0821875,8.21875
8.9%,0.08886965777777778,8.886965777777778,NPA2016,NPA,-96.0,-0.4,True,8.911548297647988,0.13111118913140637,13.111118913140638,8.600533333333333,0.08398333333333334,8.398333333333333
8.9%,0.08886965777777778,8.886965777777778,NPA2016,NPA,-72.0,-0.3,True,8.897589375186447,0.13111118913140637,13.111118913140638,8.5759875,0.08562499999999999,8.5625
8.9%,0.08886965777777778,8.886965777777778,NPA2016,NPA,-48.0,-0.2,True,8.882157300439317,0.13111118913140637,13.111118913140638,8.536483333333333,0.0867875,8.67875
8.9%,0.08886965777777778,8.886965777777778,NPA2016,NPA,-24.0,-0.1,True,8.865718795538154,0.13111118913140637,13.111118913140638,8.485941666666667,0.08875833333333333,8.875833333333333
8.9%,0.08886965777777778,8.886965777777778,NPA2016,NPA,0.0,0.0,True,8.848723808126742,0.13111118913140637,13.111118913140638,8.432116666666667,0.09032916666666667,9.032916666666667
8.9%,0.08886965777777778,8.886965777777778,NPA2016,NPA,24.0,0.1,True,8.831616073880205,0.13111118913140637,13.111118913140638,8.376516666666667,0.09133333333333335,9.133333333333335
8.9%,0.08886965777777778,8.886965777777778,NPA2016,NPA,48.0,0.2,True,8.814829432510694,0.13111118913140637,13.111118913140638,8.314687500000002,0.09190416666666666,9.190416666666666
8.9%,0.08886965777777778,8.886965777777778,NPA2016,NPA,72.0,0.3,True,8.79878753895981,0.13111118913140637,13.111118913140638,8.2629,0.09281666666666666,9.281666666666666
8.9%,0.08886965777777778,8.886965777777778,NPA2016,NPA,96.0,0.4,True,8.783902451509825,0.13111118913140637,13.111118913140638,8.199250000000001,0.09257083333333332,9.257083333333332
8.9%,0.08886965777777778,8.886965777777778,NPA2016,NPA,120.0,0.5,True,8.770557457934638,0.13111118913140637,13.111118913140638,8.1291875,0.09098333333333335,9.098333333333334
8.9%,0.08886965777777778,8.886965777777778,NPA2016,NPA,144.0,0.6,False,8.759108937181148,0.13111118913140637,13.111118913140638,8.076779166666666,0.089825,8.9825
8.9%,0.08886965777777778,8.886965777777778,NPA2016,NPA,168.0,0.7,False,8.74986139568538,0.13111118913140637,13.111118913140638,8.043658333333333,0.08987083333333334,8.987083333333334
8.9%,0.08886965777777778,8.886965777777778,NPA2016,NPA,192.0,0.8,False,8.743067232516417,0.13111118913140637,13.111118913140638,8.0294375,0.08914166666666666,8.914166666666667
8.9%,0.08886965777777778,8.886965777777778,NPA2016,NPA,216.0,0.9,False,8.73891304336992,0.13111118913140637,13.111118913140638,8.030024999999998,0.0874125,8.74125
8.9%,0.08886965777777778,8.886965777777778,NPA2016,NPA,240.0,1.0,False,8.737513908825017,0.13111118913140637,13.111118913140638,8.0238625,0.08720833333333333,8.720833333333333
8.9%,0.08886965777777778,8.886965777777778,NPA2016,NPA,264.0,1.1,False,8.73890904499179,0.13111118913140637,13.111118913140638,8.035183333333334,0.0874,8.74
8.9%,0.08886965777777778,8.886965777777778,NPA2016,NPA,288.0,1.2,False,8.74305204028157,0.13111118913140637,13.111118913140638,8.06625,0.08775833333333333,8.775833333333333
8.9%,0.08886965777777778,8.886965777777778,NPA2016,NPA,312.0,1.3,False,8.749817240440972,0.13111118913140637,13.111118913140638,8.110475000000001,0.0874875,8.74875
8.9%,0.08886965777777778,8.886965777777778,NPA2016,NPA,336.0,1.4,False,8.75899272468941,0.13111118913140637,13.111118913140638,8.164758333333333,0.08700833333333333,8.700833333333332
8.9%,0.08886965777777778,8.886965777777778,NPA2016,NPA,360.0,1.5,False,8.770276871873287,0.13111118913140637,13.111118913140638,8.233266666666665,0.0873375,8.73375
8.9%,0.08886965777777778,8.886965777777778,Nygaard2022,"TurbOPark, A=0.04",-360.0,-1.5,False,7.343555265199688,0.08886965777777778,8.886965777777778,8.23855,0.08470833333333334,8.470833333333335
8.9%,0.08886965777777778,8.886965777777778,Nygaard2022,"TurbOPark, A=0.04",-336.0,-1.4,False,7.501931846473829,0.08886965777777778,8.886965777777778,8.305975,0.08378333333333333,8.378333333333334
8.9%,0.08886965777777778,8.886965777777778,Nygaard2022,"TurbOPark, A=0.04",-312.0,-1.3,False,7.650581337899778,0.08886965777777778,8.886965777777778,8.3543375,0.08202916666666668,8.202916666666669
8.9%,0.08886965777777778,8.886965777777778,Nygaard2022,"TurbOPark, A=0.04",-288.0,-1.2,False,7.751973562224496,0.08886965777777778,8.886965777777778,8.398208333333333,0.08185416666666667,8.185416666666667
8.9%,0.08886965777777778,8.886965777777778,Nygaard2022,"TurbOPark, A=0.04",-264.0,-1.1,False,7.788393117205133,0.08886965777777778,8.886965777777778,8.449229166666667,0.08207083333333334,8.207083333333335
8.9%,0.08886965777777778,8.886965777777778,Nygaard2022,"TurbOPark, A=0.04",-240.0,-1.0,False,7.770602585786948,0.08886965777777778,8.886965777777778,8.490283333333332,0.08183333333333334,8.183333333333334
8.9%,0.08886965777777778,8.886965777777778,Nygaard2022,"TurbOPark, A=0.04",-216.0,-0.9,False,7.728543511869921,0.08886965777777778,8.886965777777778,8.520541666666666,0.08019166666666666,8.019166666666667
8.9%,0.08886965777777778,8.886965777777778,Nygaard2022,"TurbOPark, A=0.04",-192.0,-0.8,False,7.693575271539168,0.08886965777777778,8.886965777777778,8.549608333333332,0.07934583333333334,7.934583333333334
8.9%,0.08886965777777778,8.886965777777778,Nygaard2022,"TurbOPark, A=0.04",-168.0,-0.7,False,7.686720729455189,0.08886965777777778,8.886965777777778,8.5773,0.0788875,7.88875
8.9%,0.08886965777777778,8.886965777777778,Nygaard2022,"TurbOPark, A=0.04",-144.0,-0.6,False,7.71563786507392,0.08886965777777778,8.886965777777778,8.595170833333334,0.07996666666666666,7.996666666666666
8.9%,0.08886965777777778,8.886965777777778,Nygaard2022,"TurbOPark, A=0.04",-120.0,-0.5,True,7.775949553744079,0.08886965777777778,8.886965777777778,8.604258333333332,0.0821875,8.21875
8.9%,0.08886965777777778,8.886965777777778,Nygaard2022,"TurbOPark, A=0.04",-96.0,-0.4,True,7.854306885803358,0.08886965777777778,8.886965777777778,8.600533333333333,0.08398333333333334,8.398333333333333
8.9%,0.08886965777777778,8.886965777777778,Nygaard2022,"TurbOPark, A=0.04",-72.0,-0.3,True,7.932635884156881,0.08886965777777778,8.886965777777778,8.5759875,0.08562499999999999,8.5625
8.9%,0.08886965777777778,8.886965777777778,Nygaard2022,"TurbOPark, A=0.04",-48.0,-0.2,True,7.993765209528399,0.08886965777777778,8.886965777777778,8.536483333333333,0.0867875,8.67875
8.9%,0.08886965777777778,8.886965777777778,Nygaard2022,"TurbOPark, A=0.04",-24.0,-0.1,True,8.026905407947579,0.08886965777777778,8.886965777777778,8.485941666666667,0.08875833333333333,8.875833333333333
8.9%,0.08886965777777778,8.886965777777778,Nygaard2022,"TurbOPark, A=0.04",0.0,0.0,True,8.029822732898015,0.08886965777777778,8.886965777777778,8.432116666666667,0.09032916666666667,9.032916666666667
8.9%,0.08886965777777778,8.886965777777778,Nygaard2022,"TurbOPark, A=0.04",24.0,0.1,True,8.005007217114022,0.08886965777777778,8.886965777777778,8.376516666666667,0.09133333333333335,9.133333333333335
8.9%,0.08886965777777778,8.886965777777778,Nygaard2022,"TurbOPark, A=0.04",48.0,0.2,True,7.951756321331897,0.08886965777777778,8.886965777777778,8.314687500000002,0.09190416666666666,9.190416666666666
8.9%,0.08886965777777778,8.886965777777778,Nygaard2022,"TurbOPark, A=0.04",72.0,0.3,True,7.860495243201408,0.08886965777777778,8.886965777777778,8.2629,0.09281666666666666,9.281666666666666
8.9%,0.08886965777777778,8.886965777777778,Nygaard2022,"TurbOPark, A=0.04",96.0,0.4,True,7.715963346259066,0.08886965777777778,8.886965777777778,8.199250000000001,0.09257083333333332,9.257083333333332
8.9%,0.08886965777777778,8.886965777777778,Nygaard2022,"TurbOPark, A=0.04",120.0,0.5,True,7.509645233008112,0.08886965777777778,8.886965777777778,8.1291875,0.09098333333333335,9.098333333333334
8.9%,0.08886965777777778,8.886965777777778,Nygaard2022,"TurbOPark, A=0.04",144.0,0.6,False,7.2531653512896925,0.08886965777777778,8.886965777777778,8.076779166666666,0.089825,8.9825
8.9%,0.08886965777777778,8.886965777777778,Nygaard2022,"TurbOPark, A=0.04",168.0,0.7,False,6.9805228868699025,0.08886965777777778,8.886965777777778,8.043658333333333,0.08987083333333334,8.987083333333334
8.9%,0.08886965777777778,8.886965777777778,Nygaard2022,"TurbOPark, A=0.04",192.0,0.8,False,6.739185578327776,0.08886965777777778,8.886965777777778,8.0294375,0.08914166666666666,8.914166666666667
8.9%,0.08886965777777778,8.886965777777778,Nygaard2022,"TurbOPark, A=0.04",216.0,0.9,False,6.576382589891006,0.08886965777777778,8.886965777777778,8.030024999999998,0.0874125,8.74125
8.9%,0.08886965777777778,8.886965777777778,Nygaard2022,"TurbOPark, A=0.04",240.0,1.0,False,6.526579067500653,0.08886965777777778,8.886965777777778,8.0238625,0.08720833333333333,8.720833333333333
8.9%,0.08886965777777778,8.886965777777778,Nygaard2022,"TurbOPark, A=0.04",264.0,1.1,False,6.602185167021636,0.08886965777777778,8.886965777777778,8.035183333333334,0.0874,8.74
8.9%,0.08886965777777778,8.886965777777778,Nygaard2022,"TurbOPark, A=0.04",288.0,1.2,False,6.7886151444882685,0.08886965777777778,8.886965777777778,8.06625,0.08775833333333333,8.775833333333333
8.9%,0.08886965777777778,8.886965777777778,Nygaard2022,"TurbOPark, A=0.04",312.0,1.3,False,7.044721386747213,0.08886965777777778,8.886965777777778,8.110475000000001,0.0874875,8.74875
8.9%,0.08886965777777778,8.886965777777778,Nygaard2022,"TurbOPark, A=0.04",336.0,1.4,False,7.308148425270513,0.08886965777777778,8.886965777777778,8.164758333333333,0.08700833333333333,8.700833333333332
8.9%,0.08886965777777778,8.886965777777778,Nygaard2022,"TurbOPark, A=0.04",360.0,1.5,False,7.509513479883651,0.08886965777777778,8.886965777777778,8.233266666666665,0.0873375,8.73375
8.9%,0.08886965777777778,8.886965777777778,Nygaard2022_A0.06,"TurbOPark, A=0.06",-360.0,-1.5,False,7.889486379215491,0.08886965777777778,8.886965777777778,8.23855,0.08470833333333334,8.470833333333335
8.9%,0.08886965777777778,8.886965777777778,Nygaard2022_A0.06,"TurbOPark, A=0.06",-336.0,-1.4,False,7.962120277914442,0.08886965777777778,8.886965777777778,8.305975,0.08378333333333333,8.378333333333334
8.9%,0.08886965777777778,8.886965777777778,Nygaard2022_A0.06,"TurbOPark, A=0.06",-312.0,-1.3,False,8.04016301177742,0.08886965777777778,8.886965777777778,8.3543375,0.08202916666666668,8.202916666666669
8.9%,0.08886965777777778,8.886965777777778,Nygaard2022_A0.06,"TurbOPark, A=0.06",-288.0,-1.2,False,8.109916254101162,0.08886965777777778,8.886965777777778,8.398208333333333,0.08185416666666667,8.185416666666667
8.9%,0.08886965777777778,8.886965777777778,Nygaard2022_A0.06,"TurbOPark, A=0.06",-264.0,-1.1,False,8.161798909701035,0.08886965777777778,8.886965777777778,8.449229166666667,0.08207083333333334,8.207083333333335
8.9%,0.08886965777777778,8.886965777777778,Nygaard2022_A0.06,"TurbOPark, A=0.06",-240.0,-1.0,False,8.193207258298056,0.08886965777777778,8.886965777777778,8.490283333333332,0.08183333333333334,8.183333333333334
8.9%,0.08886965777777778,8.886965777777778,Nygaard2022_A0.06,"TurbOPark, A=0.06",-216.0,-0.9,False,8.208506082685116,0.08886965777777778,8.886965777777778,8.520541666666666,0.08019166666666666,8.019166666666667
8.9%,0.08886965777777778,8.886965777777778,Nygaard2022_A0.06,"TurbOPark, A=0.06",-192.0,-0.8,False,8.21603716404914,0.08886965777777778,8.886965777777778,8.549608333333332,0.07934583333333334,7.934583333333334
8.9%,0.08886965777777778,8.886965777777778,Nygaard2022_A0.06,"TurbOPark, A=0.06",-168.0,-0.7,False,8.224271369763514,0.08886965777777778,8.886965777777778,8.5773,0.0788875,7.88875
8.9%,0.08886965777777778,8.886965777777778,Nygaard2022_A0.06,"TurbOPark, A=0.06",-144.0,-0.6,False,8.239085382455785,0.08886965777777778,8.886965777777778,8.595170833333334,0.07996666666666666,7.996666666666666
8.9%,0.08886965777777778,8.886965777777778,Nygaard2022_A0.06,"TurbOPark, A=0.06",-120.0,-0.5,True,8.26272981752698,0.08886965777777778,8.886965777777778,8.604258333333332,0.0821875,8.21875
8.9%,0.08886965777777778,8.886965777777778,Nygaard2022_A0.06,"TurbOPark, A=0.06",-96.0,-0.4,True,8.294070261851168,0.08886965777777778,8.886965777777778,8.600533333333333,0.08398333333333334,8.398333333333333
8.9%,0.08886965777777778,8.886965777777778,Nygaard2022_A0.06,"TurbOPark, A=0.06",-72.0,-0.3,True,8.329442171579664,0.08886965777777778,8.886965777777778,8.5759875,0.08562499999999999,8.5625
8.9%,0.08886965777777778,8.886965777777778,Nygaard2022_A0.06,"TurbOPark, A=0.06",-48.0,-0.2,True,8.363529370489006,0.08886965777777778,8.886965777777778,8.536483333333333,0.0867875,8.67875
8.9%,0.08886965777777778,8.886965777777778,Nygaard2022_A0.06,"TurbOPark, A=0.06",-24.0,-0.1,True,8.389857742123448,0.08886965777777778,8.886965777777778,8.485941666666667,0.08875833333333333,8.875833333333333
8.9%,0.08886965777777778,8.886965777777778,Nygaard2022_A0.06,"TurbOPark, A=0.06",0.0,0.0,True,8.400699140697983,0.08886965777777778,8.886965777777778,8.432116666666667,0.09032916666666667,9.032916666666667
8.9%,0.08886965777777778,8.886965777777778,Nygaard2022_A0.06,"TurbOPark, A=0.06",24.0,0.1,True,8.386722440203027,0.08886965777777778,8.886965777777778,8.376516666666667,0.09133333333333335,9.133333333333335
8.9%,0.08886965777777778,8.886965777777778,Nygaard2022_A0.06,"TurbOPark, A=0.06",48.0,0.2,True,8.337734717522814,0.08886965777777778,8.886965777777778,8.314687500000002,0.09190416666666666,9.190416666666666
8.9%,0.08886965777777778,8.886965777777778,Nygaard2022_A0.06,"TurbOPark, A=0.06",72.0,0.3,True,8.245764718216181,0.08886965777777778,8.886965777777778,8.2629,0.09281666666666666,9.281666666666666
8.9%,0.08886965777777778,8.886965777777778,Nygaard2022_A0.06,"TurbOPark, A=0.06",96.0,0.4,True,8.109676052781209,0.08886965777777778,8.886965777777778,8.199250000000001,0.09257083333333332,9.257083333333332
8.9%,0.08886965777777778,8.886965777777778,Nygaard2022_A0.06,"TurbOPark, A=0.06",120.0,0.5,True,7.93812837246677,0.08886965777777778,8.886965777777778,8.1291875,0.09098333333333335,9.098333333333334
8.9%,0.08886965777777778,8.886965777777778,Nygaard2022_A0.06,"TurbOPark, A=0.06",144.0,0.6,False,7.7489100320213975,0.08886965777777778,8.886965777777778,8.076779166666666,0.089825,8.9825
8.9%,0.08886965777777778,8.886965777777778,Nygaard2022_A0.06,"TurbOPark, A=0.06",168.0,0.7,False,7.565478762541003,0.08886965777777778,8.886965777777778,8.043658333333333,0.08987083333333334,8.987083333333334
8.9%,0.08886965777777778,8.886965777777778,Nygaard2022_A0.06,"TurbOPark, A=0.06",192.0,0.8,False,7.412473311675711,0.08886965777777778,8.886965777777778,8.0294375,0.08914166666666666,8.914166666666667
8.9%,0.08886965777777778,8.886965777777778,Nygaard2022_A0.06,"TurbOPark, A=0.06",216.0,0.9,False,7.311233918476509,0.08886965777777778,8.886965777777778,8.030024999999998,0.0874125,8.74125
8.9%,0.08886965777777778,8.886965777777778,Nygaard2022_A0.06,"TurbOPark, A=0.06",240.0,1.0,False,7.275786677188768,0.08886965777777778,8.886965777777778,8.0238625,0.08720833333333333,8.720833333333333
8.9%,0.08886965777777778,8.886965777777778,Nygaard2022_A0.06,"TurbOPark, A=0.06",264.0,1.1,False,7.309906629542359,0.08886965777777778,8.886965777777778,8.035183333333334,0.0874,8.74
8.9%,0.08886965777777778,8.886965777777778,Nygaard2022_A0.06,"TurbOPark, A=0.06",288.0,1.2,False,7.4056780241622135,0.08886965777777778,8.886965777777778,8.06625,0.08775833333333333,8.775833333333333
8.9%,0.08886965777777778,8.886965777777778,Nygaard2022_A0.06,"TurbOPark, A=0.06",312.0,1.3,False,7.544092697252571,0.08886965777777778,8.886965777777778,8.110475000000001,0.0874875,8.74875
8.9%,0.08886965777777778,8.886965777777778,Nygaard2022_A0.06,"TurbOPark, A=0.06",336.0,1.4,False,7.697910653658203,0.08886965777777778,8.886965777777778,8.164758333333333,0.08700833333333333,8.700833333333332
8.9%,0.08886965777777778,8.886965777777778,Nygaard2022_A0.06,"TurbOPark, A=0.06",360.0,1.5,False,7.837275199706071,0.08886965777777778,8.886965777777778,8.233266666666665,0.0873375,8.73375
9.5%,0.09503707222222221,9.503707222222221,BPA2014,BPA,-360.0,-1.5,False,8.648643276817655,0.1356024486932624,13.56024486932624,8.23855,0.08470833333333334,8.470833333333335
9.5%,0.09503707222222221,9.503707222222221,BPA2014,BPA,-336.0,-1.4,False,8.69794278223792,0.1356024486932624,13.56024486932624,8.305975,0.08378333333333333,8.378333333333334
9.5%,0.09503707222222221,9.503707222222221,BPA2014,BPA,-312.0,-1.3,False,8.735557046795996,0.1356024486932624,13.56024486932624,8.3543375,0.08202916666666668,8.202916666666669
9.5%,0.09503707222222221,9.503707222222221,BPA2014,BPA,-288.0,-1.2,False,8.76412929722764,0.1356024486932624,13.56024486932624,8.398208333333333,0.08185416666666667,8.185416666666667
9.5%,0.09503707222222221,9.503707222222221,BPA2014,BPA,-264.0,-1.1,False,8.785739910361189,0.1356024486932624,13.56024486932624,8.449229166666667,0.08207083333333334,8.207083333333335
9.5%,0.09503707222222221,9.503707222222221,BPA2014,BPA,-240.0,-1.0,False,8.80180052315351,0.1356024486932624,13.56024486932624,8.490283333333332,0.08183333333333334,8.183333333333334
9.5%,0.09503707222222221,9.503707222222221,BPA2014,BPA,-216.0,-0.9,False,8.813068407554638,0.1356024486932624,13.56024486932624,8.520541666666666,0.08019166666666666,8.019166666666667
9.5%,0.09503707222222221,9.503707222222221,BPA2014,BPA,-192.0,-0.8,False,8.819738313463299,0.1356024486932624,13.56024486932624,8.549608333333332,0.07934583333333334,7.934583333333334
9.5%,0.09503707222222221,9.503707222222221,BPA2014,BPA,-168.0,-0.7,False,8.821575430611801,0.1356024486932624,13.56024486932624,8.5773,0.0788875,7.88875
9.5%,0.09503707222222221,9.503707222222221,BPA2014,BPA,-144.0,-0.6,False,8.818063683711031,0.1356024486932624,13.56024486932624,8.595170833333334,0.07996666666666666,7.996666666666666
9.5%,0.09503707222222221,9.503707222222221,BPA2014,BPA,-120.0,-0.5,True,8.808553887796203,0.14809148083257775,14.809148083257776,8.604258333333332,0.0821875,8.21875
9.5%,0.09503707222222221,9.503707222222221,BPA2014,BPA,-96.0,-0.4,True,8.792403864410941,0.14809148083257775,14.809148083257776,8.600533333333333,0.08398333333333334,8.398333333333333
9.5%,0.09503707222222221,9.503707222222221,BPA2014,BPA,-72.0,-0.3,True,8.76910670935277,0.14809148083257775,14.809148083257776,8.5759875,0.08562499999999999,8.5625
9.5%,0.09503707222222221,9.503707222222221,BPA2014,BPA,-48.0,-0.2,True,8.738404479867881,0.14809148083257775,14.809148083257776,8.536483333333333,0.0867875,8.67875
9.5%,0.09503707222222221,9.503707222222221,BPA2014,BPA,-24.0,-0.1,True,8.700383722912617,0.14809148083257775,14.809148083257776,8.485941666666667,0.08875833333333333,8.875833333333333
9.5%,0.09503707222222221,9.503707222222221,BPA2014,BPA,0.0,0.0,True,8.655547727237584,0.14809148083257775,14.809148083257776,8.432116666666667,0.09032916666666667,9.032916666666667
9.5%,0.09503707222222221,9.503707222222221,BPA2014,BPA,24.0,0.1,True,8.60485922032044,0.14809148083257775,14.809148083257776,8.376516666666667,0.09133333333333335,9.133333333333335
9.5%,0.09503707222222221,9.503707222222221,BPA2014,BPA,48.0,0.2,True,8.549747201871721,0.14809148083257775,14.809148083257776,8.314687500000002,0.09190416666666666,9.190416666666666
9.5%,0.09503707222222221,9.503707222222221,BPA2014,BPA,72.0,0.3,True,8.492073093313861,0.14809148083257775,14.809148083257776,8.2629,0.09281666666666666,9.281666666666666
9.5%,0.09503707222222221,9.503707222222221,BPA2014,BPA,96.0,0.4,True,8.434054399352677,0.14809148083257775,14.809148083257776,8.199250000000001,0.09257083333333332,9.257083333333332
9.5%,0.09503707222222221,9.503707222222221,BPA2014,BPA,120.0,0.5,True,8.378148295809815,0.14809148083257775,14.809148083257776,8.1291875,0.09098333333333335,9.098333333333334
9.5%,0.09503707222222221,9.503707222222221,BPA2014,BPA,144.0,0.6,False,8.326902374240897,0.14809148083257775,14.809148083257776,8.076779166666666,0.089825,8.9825
9.5%,0.09503707222222221,9.503707222222221,BPA2014,BPA,168.0,0.7,False,8.282784409260914,0.14809148083257775,14.809148083257776,8.043658333333333,0.08987083333333334,8.987083333333334
9.5%,0.09503707222222221,9.503707222222221,BPA2014,BPA,192.0,0.8,False,8.248006644342912,0.14809148083257775,14.809148083257776,8.0294375,0.08914166666666666,8.914166666666667
9.5%,0.09503707222222221,9.503707222222221,BPA2014,BPA,216.0,0.9,False,8.224361994949215,0.14809148083257775,14.809148083257776,8.030024999999998,0.0874125,8.74125
9.5%,0.09503707222222221,9.503707222222221,BPA2014,BPA,240.0,1.0,False,8.213089268227012,0.14809148083257775,14.809148083257776,8.0238625,0.08720833333333333,8.720833333333333
9.5%,0.09503707222222221,9.503707222222221,BPA2014,BPA,264.0,1.1,False,8.214781870722025,0.14809148083257775,14.809148083257776,8.035183333333334,0.0874,8.74
9.5%,0.09503707222222221,9.503707222222221,BPA2014,BPA,288.0,1.2,False,8.229349787055291,0.14809148083257775,14.809148083257776,8.06625,0.08775833333333333,8.775833333333333
9.5%,0.09503707222222221,9.503707222222221,BPA2014,BPA,312.0,1.3,False,8.256038486975228,0.14809148083257775,14.809148083257776,8.110475000000001,0.0874875,8.74875
9.5%,0.09503707222222221,9.503707222222221,BPA2014,BPA,336.0,1.4,False,8.293501719077103,0.14809148083257775,14.809148083257776,8.164758333333333,0.08700833333333333,8.700833333333332
9.5%,0.09503707222222221,9.503707222222221,BPA2014,BPA,360.0,1.5,False,8.339918796613306,0.14809148083257775,14.809148083257776,8.233266666666665,0.0873375,8.73375
9.5%,0.09503707222222221,9.503707222222221,NPA2016,NPA,-360.0,-1.5,False,8.819691380072454,0.14883791111927042,14.883791111927042,8.23855,0.08470833333333334,8.470833333333335
9.5%,0.09503707222222221,9.503707222222221,NPA2016,NPA,-336.0,-1.4,False,8.857908380446501,0.14883791111927042,14.883791111927042,8.305975,0.08378333333333333,8.378333333333334
9.5%,0.09503707222222221,9.503707222222221,NPA2016,NPA,-312.0,-1.3,False,8.889229456165499,0.14883791111927042,14.883791111927042,8.3543375,0.08202916666666668,8.202916666666669
9.5%,0.09503707222222221,9.503707222222221,NPA2016,NPA,-288.0,-1.2,False,8.913755459917871,0.13551598760536748,13.551598760536749,8.398208333333333,0.08185416666666667,8.185416666666667
9.5%,0.09503707222222221,9.503707222222221,NPA2016,NPA,-264.0,-1.1,False,8.931812767292683,0.13551598760536748,13.551598760536749,8.449229166666667,0.08207083333333334,8.207083333333335
9.5%,0.09503707222222221,9.503707222222221,NPA2016,NPA,-240.0,-1.0,False,8.943891146474114,0.13551598760536748,13.551598760536749,8.490283333333332,0.08183333333333334,8.183333333333334
9.5%,0.09503707222222221,9.503707222222221,NPA2016,NPA,-216.0,-0.9,False,8.950576875193189,0.13551598760536748,13.551598760536749,8.520541666666666,0.08019166666666666,8.019166666666667
9.5%,0.09503707222222221,9.503707222222221,NPA2016,NPA,-192.0,-0.8,False,8.95250429021969,0.13551598760536748,13.551598760536749,8.549608333333332,0.07934583333333334,7.934583333333334
9.5%,0.09503707222222221,9.503707222222221,NPA2016,NPA,-168.0,-0.7,False,8.950313256940222,0.13551598760536748,13.551598760536749,8.5773,0.0788875,7.88875
9.5%,0.09503707222222221,9.503707222222221,NPA2016,NPA,-144.0,-0.6,False,8.944625441791525,0.13551598760536748,13.551598760536749,8.595170833333334,0.07996666666666666,7.996666666666666
9.5%,0.09503707222222221,9.503707222222221,NPA2016,NPA,-120.0,-0.5,True,8.936030104468106,0.13551598760536748,13.551598760536749,8.604258333333332,0.0821875,8.21875
9.5%,0.09503707222222221,9.503707222222221,NPA2016,NPA,-96.0,-0.4,True,8.925077739592593,0.13551598760536748,13.551598760536749,8.600533333333333,0.08398333333333334,8.398333333333333
9.5%,0.09503707222222221,9.503707222222221,NPA2016,NPA,-72.0,-0.3,True,8.912279834805359,0.13551598760536748,13.551598760536749,8.5759875,0.08562499999999999,8.5625
9.5%,0.09503707222222221,9.503707222222221,NPA2016,NPA,-48.0,-0.2,True,8.898117895883088,0.13551598760536748,13.551598760536749,8.536483333333333,0.0867875,8.67875
9.5%,0.09503707222222221,9.503707222222221,NPA2016,NPA,-24.0,-0.1,True,8.883045905310706,0.13551598760536748,13.551598760536749,8.485941666666667,0.08875833333333333,8.875833333333333
9.5%,0.09503707222222221,9.503707222222221,NPA2016,NPA,0.0,0.0,True,8.867501080936279,0.13551598760536748,13.551598760536749,8.432116666666667,0.09032916666666667,9.032916666666667
9.5%,0.09503707222222221,9.503707222222221,NPA2016,NPA,24.0,0.1,True,8.851898977286513,0.13551598760536748,13.551598760536749,8.376516666666667,0.09133333333333335,9.133333333333335
9.5%,0.09503707222222221,9.503707222222221,NPA2016,NPA,48.0,0.2,True,8.836646693581816,0.13551598760536748,13.551598760536749,8.314687500000002,0.09190416666666666,9.190416666666666
9.5%,0.09503707222222221,9.503707222222221,NPA2016,NPA,72.0,0.3,True,8.822129118205817,0.13551598760536748,13.551598760536749,8.2629,0.09281666666666666,9.281666666666666
9.5%,0.09503707222222221,9.503707222222221,NPA2016,NPA,96.0,0.4,True,8.808716088940836,0.13551598760536748,13.551598760536749,8.199250000000001,0.09257083333333332,9.257083333333332
9.5%,0.09503707222222221,9.503707222222221,NPA2016,NPA,120.0,0.5,True,8.796748689120554,0.13551598760536748,13.551598760536749,8.1291875,0.09098333333333335,9.098333333333334
9.5%,0.09503707222222221,9.503707222222221,NPA2016,NPA,144.0,0.6,False,8.786535741388912,0.13551598760536748,13.551598760536749,8.076779166666666,0.089825,8.9825
9.5%,0.09503707222222221,9.503707222222221,NPA2016,NPA,168.0,0.7,False,8.778346267031914,0.13551598760536748,13.551598760536749,8.043658333333333,0.08987083333333334,8.987083333333334
9.5%,0.09503707222222221,9.503707222222221,NPA2016,NPA,192.0,0.8,False,8.772394946446529,0.13551598760536748,13.551598760536749,8.0294375,0.08914166666666666,8.914166666666667
9.5%,0.09503707222222221,9.503707222222221,NPA2016,NPA,216.0,0.9,False,8.768841168448773,0.13551598760536748,13.551598760536749,8.030024999999998,0.0874125,8.74125
9.5%,0.09503707222222221,9.503707222222221,NPA2016,NPA,240.0,1.0,False,8.767778101776345,0.13551598760536748,13.551598760536749,8.0238625,0.08720833333333333,8.720833333333333
9.5%,0.09503707222222221,9.503707222222221,NPA2016,NPA,264.0,1.1,False,8.769233843689616,0.13551598760536748,13.551598760536749,8.035183333333334,0.0874,8.74
9.5%,0.09503707222222221,9.503707222222221,NPA2016,NPA,288.0,1.2,False,8.7731641104038,0.13551598760536748,13.551598760536749,8.06625,0.08775833333333333,8.775833333333333
9.5%,0.09503707222222221,9.503707222222221,NPA2016,NPA,312.0,1.3,False,8.779448710255137,0.13551598760536748,13.551598760536749,8.110475000000001,0.0874875,8.74875
9.5%,0.09503707222222221,9.503707222222221,NPA2016,NPA,336.0,1.4,False,8.78789229772058,0.13551598760536748,13.551598760536749,8.164758333333333,0.08700833333333333,8.700833333333332
9.5%,0.09503707222222221,9.503707222222221,NPA2016,NPA,360.0,1.5,False,8.798209780968714,0.13551598760536748,13.551598760536749,8.233266666666665,0.0873375,8.73375
9.5%,0.09503707222222221,9.503707222222221,Nygaard2022,"TurbOPark, A=0.04",-360.0,-1.5,False,7.3807534860141555,0.09503707222222221,9.503707222222221,8.23855,0.08470833333333334,8.470833333333335
9.5%,0.09503707222222221,9.503707222222221,Nygaard2022,"TurbOPark, A=0.04",-336.0,-1.4,False,7.532854203153544,0.09503707222222221,9.503707222222221,8.305975,0.08378333333333333,8.378333333333334
9.5%,0.09503707222222221,9.503707222222221,Nygaard2022,"TurbOPark, A=0.04",-312.0,-1.3,False,7.677503047611465,0.09503707222222221,9.503707222222221,8.3543375,0.08202916666666668,8.202916666666669
9.5%,0.09503707222222221,9.503707222222221,Nygaard2022,"TurbOPark, A=0.04",-288.0,-1.2,False,7.7794066778895195,0.09503707222222221,9.503707222222221,8.398208333333333,0.08185416666666667,8.185416666666667
9.5%,0.09503707222222221,9.503707222222221,Nygaard2022,"TurbOPark, A=0.04",-264.0,-1.1,False,7.821121327622999,0.09503707222222221,9.503707222222221,8.449229166666667,0.08207083333333334,8.207083333333335
9.5%,0.09503707222222221,9.503707222222221,Nygaard2022,"TurbOPark, A=0.04",-240.0,-1.0,False,7.811236448756466,0.09503707222222221,9.503707222222221,8.490283333333332,0.08183333333333334,8.183333333333334
9.5%,0.09503707222222221,9.503707222222221,Nygaard2022,"TurbOPark, A=0.04",-216.0,-0.9,False,7.776655473479386,0.09503707222222221,9.503707222222221,8.520541666666666,0.08019166666666666,8.019166666666667
9.5%,0.09503707222222221,9.503707222222221,Nygaard2022,"TurbOPark, A=0.04",-192.0,-0.8,False,7.7464463737166955,0.09503707222222221,9.503707222222221,8.549608333333332,0.07934583333333334,7.934583333333334
9.5%,0.09503707222222221,9.503707222222221,Nygaard2022,"TurbOPark, A=0.04",-168.0,-0.7,False,7.740717916383273,0.09503707222222221,9.503707222222221,8.5773,0.0788875,7.88875
9.5%,0.09503707222222221,9.503707222222221,Nygaard2022,"TurbOPark, A=0.04",-144.0,-0.6,False,7.76730633650344,0.09503707222222221,9.503707222222221,8.595170833333334,0.07996666666666666,7.996666666666666
9.5%,0.09503707222222221,9.503707222222221,Nygaard2022,"TurbOPark, A=0.04",-120.0,-0.5,True,7.822880455252479,0.09503707222222221,9.503707222222221,8.604258333333332,0.0821875,8.21875
9.5%,0.09503707222222221,9.503707222222221,Nygaard2022,"TurbOPark, A=0.04",-96.0,-0.4,True,7.895788577130528,0.09503707222222221,9.503707222222221,8.600533333333333,0.08398333333333334,8.398333333333333
9.5%,0.09503707222222221,9.503707222222221,Nygaard2022,"TurbOPark, A=0.04",-72.0,-0.3,True,7.970003821100132,0.09503707222222221,9.503707222222221,8.5759875,0.08562499999999999,8.5625
9.5%,0.09503707222222221,9.503707222222221,Nygaard2022,"TurbOPark, A=0.04",-48.0,-0.2,True,8.029982300777911,0.09503707222222221,9.503707222222221,8.536483333333333,0.0867875,8.67875
9.5%,0.09503707222222221,9.503707222222221,Nygaard2022,"TurbOPark, A=0.04",-24.0,-0.1,True,8.065348336484846,0.09503707222222221,9.503707222222221,8.485941666666667,0.08875833333333333,8.875833333333333
9.5%,0.09503707222222221,9.503707222222221,Nygaard2022,"TurbOPark, A=0.04",0.0,0.0,True,8.072687650149506,0.09503707222222221,9.503707222222221,8.432116666666667,0.09032916666666667,9.032916666666667
9.5%,0.09503707222222221,9.503707222222221,Nygaard2022,"TurbOPark, A=0.04",24.0,0.1,True,8.052211150117085,0.09503707222222221,9.503707222222221,8.376516666666667,0.09133333333333335,9.133333333333335
9.5%,0.09503707222222221,9.503707222222221,Nygaard2022,"TurbOPark, A=0.04",48.0,0.2,True,8.000953923183065,0.09503707222222221,9.503707222222221,8.314687500000002,0.09190416666666666,9.190416666666666
9.5%,0.09503707222222221,9.503707222222221,Nygaard2022,"TurbOPark, A=0.04",72.0,0.3,True,7.908232365818569,0.09503707222222221,9.503707222222221,8.2629,0.09281666666666666,9.281666666666666
9.5%,0.09503707222222221,9.503707222222221,Nygaard2022,"TurbOPark, A=0.04",96.0,0.4,True,7.759429219621497,0.09503707222222221,9.503707222222221,8.199250000000001,0.09257083333333332,9.257083333333332
9.5%,0.09503707222222221,9.503707222222221,Nygaard2022,"TurbOPark, A=0.04",120.0,0.5,True,7.548300850899542,0.09503707222222221,9.503707222222221,8.1291875,0.09098333333333335,9.098333333333334
9.5%,0.09503707222222221,9.503707222222221,Nygaard2022,"TurbOPark, A=0.04",144.0,0.6,False,7.288622515099831,0.09503707222222221,9.503707222222221,8.076779166666666,0.089825,8.9825
9.5%,0.09503707222222221,9.503707222222221,Nygaard2022,"TurbOPark, A=0.04",168.0,0.7,False,7.015153316776279,0.09503707222222221,9.503707222222221,8.043658333333333,0.08987083333333334,8.987083333333334
9.5%,0.09503707222222221,9.503707222222221,Nygaard2022,"TurbOPark, A=0.04",192.0,0.8,False,6.774484923461383,0.09503707222222221,9.503707222222221,8.0294375,0.08914166666666666,8.914166666666667
9.5%,0.09503707222222221,9.503707222222221,Nygaard2022,"TurbOPark, A=0.04",216.0,0.9,False,6.6123794133171625,0.09503707222222221,9.503707222222221,8.030024999999998,0.0874125,8.74125
9.5%,0.09503707222222221,9.503707222222221,Nygaard2022,"TurbOPark, A=0.04",240.0,1.0,False,6.561807867684628,0.09503707222222221,9.503707222222221,8.0238625,0.08720833333333333,8.720833333333333
9.5%,0.09503707222222221,9.503707222222221,Nygaard2022,"TurbOPark, A=0.04",264.0,1.1,False,6.634444221422487,0.09503707222222221,9.503707222222221,8.035183333333334,0.0874,8.74
9.5%,0.09503707222222221,9.503707222222221,Nygaard2022,"TurbOPark, A=0.04",288.0,1.2,False,6.815895008232555,0.09503707222222221,9.503707222222221,8.06625,0.08775833333333333,8.775833333333333
9.5%,0.09503707222222221,9.503707222222221,Nygaard2022,"TurbOPark, A=0.04",312.0,1.3,False,7.066338574696603,0.09503707222222221,9.503707222222221,8.110475000000001,0.0874875,8.74875
9.5%,0.09503707222222221,9.503707222222221,Nygaard2022,"TurbOPark, A=0.04",336.0,1.4,False,7.325648010569849,0.09503707222222221,9.503707222222221,8.164758333333333,0.08700833333333333,8.700833333333332
9.5%,0.09503707222222221,9.503707222222221,Nygaard2022,"TurbOPark, A=0.04",360.0,1.5,False,7.52717275981299,0.09503707222222221,9.503707222222221,8.233266666666665,0.0873375,8.73375
9.5%,0.09503707222222221,9.503707222222221,Nygaard2022_A0.06,"TurbOPark, A=0.06",-360.0,-1.5,False,7.923887055182237,0.09503707222222221,9.503707222222221,8.23855,0.08470833333333334,8.470833333333335
9.5%,0.09503707222222221,9.503707222222221,Nygaard2022_A0.06,"TurbOPark, A=0.06",-336.0,-1.4,False,7.99333102208456,0.09503707222222221,9.503707222222221,8.305975,0.08378333333333333,8.378333333333334
9.5%,0.09503707222222221,9.503707222222221,Nygaard2022_A0.06,"TurbOPark, A=0.06",-312.0,-1.3,False,8.068930728129992,0.09503707222222221,9.503707222222221,8.3543375,0.08202916666666668,8.202916666666669
9.5%,0.09503707222222221,9.503707222222221,Nygaard2022_A0.06,"TurbOPark, A=0.06",-288.0,-1.2,False,8.137978839529044,0.09503707222222221,9.503707222222221,8.398208333333333,0.08185416666666667,8.185416666666667
9.5%,0.09503707222222221,9.503707222222221,Nygaard2022_A0.06,"TurbOPark, A=0.06",-264.0,-1.1,False,8.191225861047073,0.09503707222222221,9.503707222222221,8.449229166666667,0.08207083333333334,8.207083333333335
9.5%,0.09503707222222221,9.503707222222221,Nygaard2022_A0.06,"TurbOPark, A=0.06",-240.0,-1.0,False,8.225594187849165,0.09503707222222221,9.503707222222221,8.490283333333332,0.08183333333333334,8.183333333333334
9.5%,0.09503707222222221,9.503707222222221,Nygaard2022_A0.06,"TurbOPark, A=0.06",-216.0,-0.9,False,8.244366868070005,0.09503707222222221,9.503707222222221,8.520541666666666,0.08019166666666666,8.019166666666667
9.5%,0.09503707222222221,9.503707222222221,Nygaard2022_A0.06,"TurbOPark, A=0.06",-192.0,-0.8,False,8.25477665188381,0.09503707222222221,9.503707222222221,8.549608333333332,0.07934583333333334,7.934583333333334
9.5%,0.09503707222222221,9.503707222222221,Nygaard2022_A0.06,"TurbOPark, A=0.06",-168.0,-0.7,False,8.264580614227825,0.09503707222222221,9.503707222222221,8.5773,0.0788875,7.88875
9.5%,0.09503707222222221,9.503707222222221,Nygaard2022_A0.06,"TurbOPark, A=0.06",-144.0,-0.6,False,8.279468475156454,0.09503707222222221,9.503707222222221,8.595170833333334,0.07996666666666666,7.996666666666666
9.5%,0.09503707222222221,9.503707222222221,Nygaard2022_A0.06,"TurbOPark, A=0.06",-120.0,-0.5,True,8.301955158182603,0.09503707222222221,9.503707222222221,8.604258333333332,0.0821875,8.21875
9.5%,0.09503707222222221,9.503707222222221,Nygaard2022_A0.06,"TurbOPark, A=0.06",-96.0,-0.4,True,8.331467450019042,0.09503707222222221,9.503707222222221,8.600533333333333,0.08398333333333334,8.398333333333333
9.5%,0.09503707222222221,9.503707222222221,Nygaard2022_A0.06,"TurbOPark, A=0.06",-72.0,-0.3,True,8.364956087386826,0.09503707222222221,9.503707222222221,8.5759875,0.08562499999999999,8.5625
9.5%,0.09503707222222221,9.503707222222221,Nygaard2022_A0.06,"TurbOPark, A=0.06",-48.0,-0.2,True,8.397612679695893,0.09503707222222221,9.503707222222221,8.536483333333333,0.0867875,8.67875
9.5%,0.09503707222222221,9.503707222222221,Nygaard2022_A0.06,"TurbOPark, A=0.06",-24.0,-0.1,True,8.423152927195634,0.09503707222222221,9.503707222222221,8.485941666666667,0.08875833333333333,8.875833333333333
9.5%,0.09503707222222221,9.503707222222221,Nygaard2022_A0.06,"TurbOPark, A=0.06",0.0,0.0,True,8.433622607293724,0.09503707222222221,9.503707222222221,8.432116666666667,0.09032916666666667,9.032916666666667
9.5%,0.09503707222222221,9.503707222222221,Nygaard2022_A0.06,"TurbOPark, A=0.06",24.0,0.1,True,8.419192592440647,0.09503707222222221,9.503707222222221,8.376516666666667,0.09133333333333335,9.133333333333335
9.5%,0.09503707222222221,9.503707222222221,Nygaard2022_A0.06,"TurbOPark, A=0.06",48.0,0.2,True,8.369253953274894,0.09503707222222221,9.503707222222221,8.314687500000002,0.09190416666666666,9.190416666666666
9.5%,0.09503707222222221,9.503707222222221,Nygaard2022_A0.06,"TurbOPark, A=0.06",72.0,0.3,True,8.275917034865252,0.09503707222222221,9.503707222222221,8.2629,0.09281666666666666,9.281666666666666
9.5%,0.09503707222222221,9.503707222222221,Nygaard2022_A0.06,"TurbOPark, A=0.06",96.0,0.4,True,8.138668464405729,0.09503707222222221,9.503707222222221,8.199250000000001,0.09257083333333332,9.257083333333332
9.5%,0.09503707222222221,9.503707222222221,Nygaard2022_A0.06,"TurbOPark, A=0.06",120.0,0.5,True,7.9668529980655975,0.09503707222222221,9.503707222222221,8.1291875,0.09098333333333335,9.098333333333334
9.5%,0.09503707222222221,9.503707222222221,Nygaard2022_A0.06,"TurbOPark, A=0.06",144.0,0.6,False,7.778465923307032,0.09503707222222221,9.503707222222221,8.076779166666666,0.089825,8.9825
9.5%,0.09503707222222221,9.503707222222221,Nygaard2022_A0.06,"TurbOPark, A=0.06",168.0,0.7,False,7.596608310254412,0.09503707222222221,9.503707222222221,8.043658333333333,0.08987083333333334,8.987083333333334
9.5%,0.09503707222222221,9.503707222222221,Nygaard2022_A0.06,"TurbOPark, A=0.06",192.0,0.8,False,7.445197170582944,0.09503707222222221,9.503707222222221,8.0294375,0.08914166666666666,8.914166666666667
9.5%,0.09503707222222221,9.503707222222221,Nygaard2022_A0.06,"TurbOPark, A=0.06",216.0,0.9,False,7.344749632650018,0.09503707222222221,9.503707222222221,8.030024999999998,0.0874125,8.74125
9.5%,0.09503707222222221,9.503707222222221,Nygaard2022_A0.06,"TurbOPark, A=0.06",240.0,1.0,False,7.308682632647427,0.09503707222222221,9.503707222222221,8.0238625,0.08720833333333333,8.720833333333333
9.5%,0.09503707222222221,9.503707222222221,Nygaard2022_A0.06,"TurbOPark, A=0.06",264.0,1.1,False,7.340600418317212,0.09503707222222221,9.503707222222221,8.035183333333334,0.0874,8.74
9.5%,0.09503707222222221,9.503707222222221,Nygaard2022_A0.06,"TurbOPark, A=0.06",288.0,1.2,False,7.432912906643812,0.09503707222222221,9.503707222222221,8.06625,0.08775833333333333,8.775833333333333
9.5%,0.09503707222222221,9.503707222222221,Nygaard2022_A0.06,"TurbOPark, A=0.06",312.0,1.3,False,7.567509338838347,0.09503707222222221,9.503707222222221,8.110475000000001,0.0874875,8.74875
9.5%,0.09503707222222221,9.503707222222221,Nygaard2022_A0.06,"TurbOPark, A=0.06",336.0,1.4,False,7.718465854439246,0.09503707222222221,9.503707222222221,8.164758333333333,0.08700833333333333,8.700833333333332
9.5%,0.09503707222222221,9.503707222222221,Nygaard2022_A0.06,"TurbOPark, A=0.06",360.0,1.5,False,7.857272679985644,0.09503707222222221,9.503707222222221,8.233266666666665,0.0873375,8.73375
10.1%,0.10120448666666666,10.120448666666666,BPA2014,BPA,-360.0,-1.5,False,8.648643276817655,0.13985766978355957,13.985766978355956,8.23855,0.08470833333333334,8.470833333333335
10.1%,0.10120448666666666,10.120448666666666,BPA2014,BPA,-336.0,-1.4,False,8.69794278223792,0.13985766978355957,13.985766978355956,8.305975,0.08378333333333333,8.378333333333334
10.1%,0.10120448666666666,10.120448666666666,BPA2014,BPA,-312.0,-1.3,False,8.735557046795996,0.13985766978355957,13.985766978355956,8.3543375,0.08202916666666668,8.202916666666669
10.1%,0.10120448666666666,10.120448666666666,BPA2014,BPA,-288.0,-1.2,False,8.76412929722764,0.13985766978355957,13.985766978355956,8.398208333333333,0.08185416666666667,8.185416666666667
10.1%,0.10120448666666666,10.120448666666666,BPA2014,BPA,-264.0,-1.1,False,8.785739910361189,0.13985766978355957,13.985766978355956,8.449229166666667,0.08207083333333334,8.207083333333335
10.1%,0.10120448666666666,10.120448666666666,BPA2014,BPA,-240.0,-1.0,False,8.80180052315351,0.13985766978355957,13.985766978355956,8.490283333333332,0.08183333333333334,8.183333333333334
10.1%,0.10120448666666666,10.120448666666666,BPA2014,BPA,-216.0,-0.9,False,8.813068407554638,0.13985766978355957,13.985766978355956,8.520541666666666,0.08019166666666666,8.019166666666667
10.1%,0.10120448666666666,10.120448666666666,BPA2014,BPA,-192.0,-0.8,False,8.819738313463299,0.13985766978355957,13.985766978355956,8.549608333333332,0.07934583333333334,7.934583333333334
10.1%,0.10120448666666666,10.120448666666666,BPA2014,BPA,-168.0,-0.7,False,8.821575430611801,0.13985766978355957,13.985766978355956,8.5773,0.0788875,7.88875
10.1%,0.10120448666666666,10.120448666666666,BPA2014,BPA,-144.0,-0.6,False,8.818063683711031,0.13985766978355957,13.985766978355956,8.595170833333334,0.07996666666666666,7.996666666666666
10.1%,0.10120448666666666,10.120448666666666,BPA2014,BPA,-120.0,-0.5,True,8.808553887796203,0.15194992483351724,15.194992483351724,8.604258333333332,0.0821875,8.21875
10.1%,0.10120448666666666,10.120448666666666,BPA2014,BPA,-96.0,-0.4,True,8.792403864410941,0.15194992483351724,15.194992483351724,8.600533333333333,0.08398333333333334,8.398333333333333
10.1%,0.10120448666666666,10.120448666666666,BPA2014,BPA,-72.0,-0.3,True,8.76910670935277,0.15194992483351724,15.194992483351724,8.5759875,0.08562499999999999,8.5625
10.1%,0.10120448666666666,10.120448666666666,BPA2014,BPA,-48.0,-0.2,True,8.738404479867881,0.15194992483351724,15.194992483351724,8.536483333333333,0.0867875,8.67875
10.1%,0.10120448666666666,10.120448666666666,BPA2014,BPA,-24.0,-0.1,True,8.700383722912617,0.15194992483351724,15.194992483351724,8.485941666666667,0.08875833333333333,8.875833333333333
10.1%,0.10120448666666666,10.120448666666666,BPA2014,BPA,0.0,0.0,True,8.655547727237584,0.15194992483351724,15.194992483351724,8.432116666666667,0.09032916666666667,9.032916666666667
10.1%,0.10120448666666666,10.120448666666666,BPA2014,BPA,24.0,0.1,True,8.60485922032044,0.15194992483351724,15.194992483351724,8.376516666666667,0.09133333333333335,9.133333333333335
10.1%,0.10120448666666666,10.120448666666666,BPA2014,BPA,48.0,0.2,True,8.549747201871721,0.15194992483351724,15.194992483351724,8.314687500000002,0.09190416666666666,9.190416666666666
10.1%,0.10120448666666666,10.120448666666666,BPA2014,BPA,72.0,0.3,True,8.492073093313861,0.15194992483351724,15.194992483351724,8.2629,0.09281666666666666,9.281666666666666
10.1%,0.10120448666666666,10.120448666666666,BPA2014,BPA,96.0,0.4,True,8.434054399352677,0.15194992483351724,15.194992483351724,8.199250000000001,0.09257083333333332,9.257083333333332
10.1%,0.10120448666666666,10.120448666666666,BPA2014,BPA,120.0,0.5,True,8.378148295809815,0.15194992483351724,15.194992483351724,8.1291875,0.09098333333333335,9.098333333333334
10.1%,0.10120448666666666,10.120448666666666,BPA2014,BPA,144.0,0.6,False,8.326902374240897,0.15194992483351724,15.194992483351724,8.076779166666666,0.089825,8.9825
10.1%,0.10120448666666666,10.120448666666666,BPA2014,BPA,168.0,0.7,False,8.282784409260914,0.15194992483351724,15.194992483351724,8.043658333333333,0.08987083333333334,8.987083333333334
10.1%,0.10120448666666666,10.120448666666666,BPA2014,BPA,192.0,0.8,False,8.248006644342912,0.15194992483351724,15.194992483351724,8.0294375,0.08914166666666666,8.914166666666667
10.1%,0.10120448666666666,10.120448666666666,BPA2014,BPA,216.0,0.9,False,8.224361994949215,0.15194992483351724,15.194992483351724,8.030024999999998,0.0874125,8.74125
10.1%,0.10120448666666666,10.120448666666666,BPA2014,BPA,240.0,1.0,False,8.213089268227012,0.15194992483351724,15.194992483351724,8.0238625,0.08720833333333333,8.720833333333333
10.1%,0.10120448666666666,10.120448666666666,BPA2014,BPA,264.0,1.1,False,8.214781870722025,0.15194992483351724,15.194992483351724,8.035183333333334,0.0874,8.74
10.1%,0.10120448666666666,10.120448666666666,BPA2014,BPA,288.0,1.2,False,8.229349787055291,0.15194992483351724,15.194992483351724,8.06625,0.08775833333333333,8.775833333333333
10.1%,0.10120448666666666,10.120448666666666,BPA2014,BPA,312.0,1.3,False,8.256038486975228,0.15194992483351724,15.194992483351724,8.110475000000001,0.0874875,8.74875
10.1%,0.10120448666666666,10.120448666666666,BPA2014,BPA,336.0,1.4,False,8.293501719077103,0.15194992483351724,15.194992483351724,8.164758333333333,0.08700833333333333,8.700833333333332
10.1%,0.10120448666666666,10.120448666666666,BPA2014,BPA,360.0,1.5,False,8.339918796613306,0.15194992483351724,15.194992483351724,8.233266666666665,0.0873375,8.73375
10.1%,0.10120448666666666,10.120448666666666,NPA2016,NPA,-360.0,-1.5,False,8.83076800143904,0.15302349155639344,15.302349155639345,8.23855,0.08470833333333334,8.470833333333335
10.1%,0.10120448666666666,10.120448666666666,NPA2016,NPA,-336.0,-1.4,False,8.867620171216918,0.15302349155639344,15.302349155639345,8.305975,0.08378333333333333,8.378333333333334
10.1%,0.10120448666666666,10.120448666666666,NPA2016,NPA,-312.0,-1.3,False,8.898073214108878,0.15302349155639344,15.302349155639345,8.3543375,0.08202916666666668,8.202916666666669
10.1%,0.10120448666666666,10.120448666666666,NPA2016,NPA,-288.0,-1.2,False,8.922159197910123,0.15302349155639344,15.302349155639345,8.398208333333333,0.08185416666666667,8.185416666666667
10.1%,0.10120448666666666,10.120448666666666,NPA2016,NPA,-264.0,-1.1,False,8.94013669279698,0.14004544098951607,14.004544098951607,8.449229166666667,0.08207083333333334,8.207083333333335
10.1%,0.10120448666666666,10.120448666666666,NPA2016,NPA,-240.0,-1.0,False,8.952421834711984,0.14004544098951607,14.004544098951607,8.490283333333332,0.08183333333333334,8.183333333333334
10.1%,0.10120448666666666,10.120448666666666,NPA2016,NPA,-216.0,-0.9,False,8.959536931579265,0.14004544098951607,14.004544098951607,8.520541666666666,0.08019166666666666,8.019166666666667
10.1%,0.10120448666666666,10.120448666666666,NPA2016,NPA,-192.0,-0.8,False,8.962070315716797,0.14004544098951607,14.004544098951607,8.549608333333332,0.07934583333333334,7.934583333333334
10.1%,0.10120448666666666,10.120448666666666,NPA2016,NPA,-168.0,-0.7,False,8.96062316054824,0.14004544098951607,14.004544098951607,8.5773,0.0788875,7.88875
10.1%,0.10120448666666666,10.120448666666666,NPA2016,NPA,-144.0,-0.6,False,8.955797756905994,0.14004544098951607,14.004544098951607,8.595170833333334,0.07996666666666666,7.996666666666666
10.1%,0.10120448666666666,10.120448666666666,NPA2016,NPA,-120.0,-0.5,True,8.948169840341214,0.14004544098951607,14.004544098951607,8.604258333333332,0.0821875,8.21875
10.1%,0.10120448666666666,10.120448666666666,NPA2016,NPA,-96.0,-0.4,True,8.938278777682207,0.14004544098951607,14.004544098951607,8.600533333333333,0.08398333333333334,8.398333333333333
10.1%,0.10120448666666666,10.120448666666666,NPA2016,NPA,-72.0,-0.3,True,8.92663104689009,0.14004544098951607,14.004544098951607,8.5759875,0.08562499999999999,8.5625
10.1%,0.10120448666666666,10.120448666666666,NPA2016,NPA,-48.0,-0.2,True,8.913701872705882,0.14004544098951607,14.004544098951607,8.536483333333333,0.0867875,8.67875
10.1%,0.10120448666666666,10.120448666666666,NPA2016,NPA,-24.0,-0.1,True,8.899935621103035,0.14004544098951607,14.004544098951607,8.485941666666667,0.08875833333333333,8.875833333333333
10.1%,0.10120448666666666,10.120448666666666,NPA2016,NPA,0.0,0.0,True,8.885750769545709,0.14004544098951607,14.004544098951607,8.432116666666667,0.09032916666666667,9.032916666666667
10.1%,0.10120448666666666,10.120448666666666,NPA2016,NPA,24.0,0.1,True,8.871544798470577,0.14004544098951607,14.004544098951607,8.376516666666667,0.09133333333333335,9.133333333333335
10.1%,0.10120448666666666,10.120448666666666,NPA2016,NPA,48.0,0.2,True,8.857692766943616,0.14004544098951607,14.004544098951607,8.314687500000002,0.09190416666666666,9.190416666666666
10.1%,0.10120448666666666,10.120448666666666,NPA2016,NPA,72.0,0.3,True,8.84455335054643,0.14004544098951607,14.004544098951607,8.2629,0.09281666666666666,9.281666666666666
10.1%,0.10120448666666666,10.120448666666666,NPA2016,NPA,96.0,0.4,True,8.832458328191773,0.14004544098951607,14.004544098951607,8.199250000000001,0.09257083333333332,9.257083333333332
10.1%,0.10120448666666666,10.120448666666666,NPA2016,NPA,120.0,0.5,True,8.821708637855602,0.14004544098951607,14.004544098951607,8.1291875,0.09098333333333335,9.098333333333334
10.1%,0.10120448666666666,10.120448666666666,NPA2016,NPA,144.0,0.6,False,8.812580902937196,0.14004544098951607,14.004544098951607,8.076779166666666,0.089825,8.9825
10.1%,0.10120448666666666,10.120448666666666,NPA2016,NPA,168.0,0.7,False,8.80530649808497,0.14004544098951607,14.004544098951607,8.043658333333333,0.08987083333333334,8.987083333333334
10.1%,0.10120448666666666,10.120448666666666,NPA2016,NPA,192.0,0.8,False,8.800066877738773,0.14004544098951607,14.004544098951607,8.0294375,0.08914166666666666,8.914166666666667
10.1%,0.10120448666666666,10.120448666666666,NPA2016,NPA,216.0,0.9,False,8.7970009211589,0.14004544098951607,14.004544098951607,8.030024999999998,0.0874125,8.74125
10.1%,0.10120448666666666,10.120448666666666,NPA2016,NPA,240.0,1.0,False,8.796192039684389,0.14004544098951607,14.004544098951607,8.0238625,0.08720833333333333,8.720833333333333
10.1%,0.10120448666666666,10.120448666666666,NPA2016,NPA,264.0,1.1,False,8.797650345225318,0.14004544098951607,14.004544098951607,8.035183333333334,0.0874,8.74
10.1%,0.10120448666666666,10.120448666666666,NPA2016,NPA,288.0,1.2,False,8.80133256449839,0.14004544098951607,14.004544098951607,8.06625,0.08775833333333333,8.775833333333333
10.1%,0.10120448666666666,10.120448666666666,NPA2016,NPA,312.0,1.3,False,8.807133353693848,0.14004544098951607,14.004544098951607,8.110475000000001,0.0874875,8.74875
10.1%,0.10120448666666666,10.120448666666666,NPA2016,NPA,336.0,1.4,False,8.814860483143121,0.14004544098951607,14.004544098951607,8.164758333333333,0.08700833333333333,8.700833333333332
10.1%,0.10120448666666666,10.120448666666666,NPA2016,NPA,360.0,1.5,False,8.824248011254864,0.14004544098951607,14.004544098951607,8.233266666666665,0.0873375,8.73375
10.1%,0.10120448666666666,10.120448666666666,Nygaard2022,"TurbOPark, A=0.04",-360.0,-1.5,False,7.417843740223285,0.10120448666666666,10.120448666666666,8.23855,0.08470833333333334,8.470833333333335
10.1%,0.10120448666666666,10.120448666666666,Nygaard2022,"TurbOPark, A=0.04",-336.0,-1.4,False,7.56384525695744,0.10120448666666666,10.120448666666666,8.305975,0.08378333333333333,8.378333333333334
10.1%,0.10120448666666666,10.120448666666666,Nygaard2022,"TurbOPark, A=0.04",-312.0,-1.3,False,7.704499150709675,0.10120448666666666,10.120448666666666,8.3543375,0.08202916666666668,8.202916666666669
10.1%,0.10120448666666666,10.120448666666666,Nygaard2022,"TurbOPark, A=0.04",-288.0,-1.2,False,7.806606550696828,0.10120448666666666,10.120448666666666,8.398208333333333,0.08185416666666667,8.185416666666667
10.1%,0.10120448666666666,10.120448666666666,Nygaard2022,"TurbOPark, A=0.04",-264.0,-1.1,False,7.853043282891647,0.10120448666666666,10.120448666666666,8.449229166666667,0.08207083333333334,8.207083333333335
10.1%,0.10120448666666666,10.120448666666666,Nygaard2022,"TurbOPark, A=0.04",-240.0,-1.0,False,7.850426478125233,0.10120448666666666,10.120448666666666,8.490283333333332,0.08183333333333334,8.183333333333334
10.1%,0.10120448666666666,10.120448666666666,Nygaard2022,"TurbOPark, A=0.04",-216.0,-0.9,False,7.822825986975657,0.10120448666666666,10.120448666666666,8.520541666666666,0.08019166666666666,8.019166666666667
10.1%,0.10120448666666666,10.120448666666666,Nygaard2022,"TurbOPark, A=0.04",-192.0,-0.8,False,7.797169734796935,0.10120448666666666,10.120448666666666,8.549608333333332,0.07934583333333334,7.934583333333334
10.1%,0.10120448666666666,10.120448666666666,Nygaard2022,"TurbOPark, A=0.04",-168.0,-0.7,False,7.792614669124674,0.10120448666666666,10.120448666666666,8.5773,0.0788875,7.88875
10.1%,0.10120448666666666,10.120448666666666,Nygaard2022,"TurbOPark, A=0.04",-144.0,-0.6,False,7.817145478898112,0.10120448666666666,10.120448666666666,8.595170833333334,0.07996666666666666,7.996666666666666
10.1%,0.10120448666666666,10.120448666666666,Nygaard2022,"TurbOPark, A=0.04",-120.0,-0.5,True,7.868424431637381,0.10120448666666666,10.120448666666666,8.604258333333332,0.0821875,8.21875
10.1%,0.10120448666666666,10.120448666666666,Nygaard2022,"TurbOPark, A=0.04",-96.0,-0.4,True,7.936337290750184,0.10120448666666666,10.120448666666666,8.600533333333333,0.08398333333333334,8.398333333333333
10.1%,0.10120448666666666,10.120448666666666,Nygaard2022,"TurbOPark, A=0.04",-72.0,-0.3,True,8.006663061058275,0.10120448666666666,10.120448666666666,8.5759875,0.08562499999999999,8.5625
10.1%,0.10120448666666666,10.120448666666666,Nygaard2022,"TurbOPark, A=0.04",-48.0,-0.2,True,8.06533351864823,0.10120448666666666,10.120448666666666,8.536483333333333,0.0867875,8.67875
10.1%,0.10120448666666666,10.120448666666666,Nygaard2022,"TurbOPark, A=0.04",-24.0,-0.1,True,8.102384275931216,0.10120448666666666,10.120448666666666,8.485941666666667,0.08875833333333333,8.875833333333333
10.1%,0.10120448666666666,10.120448666666666,Nygaard2022,"TurbOPark, A=0.04",0.0,0.0,True,8.113389385845585,0.10120448666666666,10.120448666666666,8.432116666666667,0.09032916666666667,9.032916666666667
10.1%,0.10120448666666666,10.120448666666666,Nygaard2022,"TurbOPark, A=0.04",24.0,0.1,True,8.096545638303475,0.10120448666666666,10.120448666666666,8.376516666666667,0.09133333333333335,9.133333333333335
10.1%,0.10120448666666666,10.120448666666666,Nygaard2022,"TurbOPark, A=0.04",48.0,0.2,True,8.0468567276154,0.10120448666666666,10.120448666666666,8.314687500000002,0.09190416666666666,9.190416666666666
10.1%,0.10120448666666666,10.120448666666666,Nygaard2022,"TurbOPark, A=0.04",72.0,0.3,True,7.9526622979197805,0.10120448666666666,10.120448666666666,8.2629,0.09281666666666666,9.281666666666666
10.1%,0.10120448666666666,10.120448666666666,Nygaard2022,"TurbOPark, A=0.04",96.0,0.4,True,7.800059274890463,0.10120448666666666,10.120448666666666,8.199250000000001,0.09257083333333332,9.257083333333332
10.1%,0.10120448666666666,10.120448666666666,Nygaard2022,"TurbOPark, A=0.04",120.0,0.5,True,7.584928461818009,0.10120448666666666,10.120448666666666,8.1291875,0.09098333333333335,9.098333333333334
10.1%,0.10120448666666666,10.120448666666666,Nygaard2022,"TurbOPark, A=0.04",144.0,0.6,False,7.322956946226833,0.10120448666666666,10.120448666666666,8.076779166666666,0.089825,8.9825
10.1%,0.10120448666666666,10.120448666666666,Nygaard2022,"TurbOPark, A=0.04",168.0,0.7,False,7.049396561130026,0.10120448666666666,10.120448666666666,8.043658333333333,0.08987083333333334,8.987083333333334
10.1%,0.10120448666666666,10.120448666666666,Nygaard2022,"TurbOPark, A=0.04",192.0,0.8,False,6.809938880545077,0.10120448666666666,10.120448666666666,8.0294375,0.08914166666666666,8.914166666666667
10.1%,0.10120448666666666,10.120448666666666,Nygaard2022,"TurbOPark, A=0.04",216.0,0.9,False,6.64881489061406,0.10120448666666666,10.120448666666666,8.030024999999998,0.0874125,8.74125
10.1%,0.10120448666666666,10.120448666666666,Nygaard2022,"TurbOPark, A=0.04",240.0,1.0,False,6.597617072067656,0.10120448666666666,10.120448666666666,8.0238625,0.08720833333333333,8.720833333333333
10.1%,0.10120448666666666,10.120448666666666,Nygaard2022,"TurbOPark, A=0.04",264.0,1.1,False,6.667322614965666,0.10120448666666666,10.120448666666666,8.035183333333334,0.0874,8.74
10.1%,0.10120448666666666,10.120448666666666,Nygaard2022,"TurbOPark, A=0.04",288.0,1.2,False,6.843814754024303,0.10120448666666666,10.120448666666666,8.06625,0.08775833333333333,8.775833333333333
10.1%,0.10120448666666666,10.120448666666666,Nygaard2022,"TurbOPark, A=0.04",312.0,1.3,False,7.0885053513730565,0.10120448666666666,10.120448666666666,8.110475000000001,0.0874875,8.74875
10.1%,0.10120448666666666,10.120448666666666,Nygaard2022,"TurbOPark, A=0.04",336.0,1.4,False,7.34360938481089,0.10120448666666666,10.120448666666666,8.164758333333333,0.08700833333333333,8.700833333333332
10.1%,0.10120448666666666,10.120448666666666,Nygaard2022,"TurbOPark, A=0.04",360.0,1.5,False,7.545033071933748,0.10120448666666666,10.120448666666666,8.233266666666665,0.0873375,8.73375
10.1%,0.10120448666666666,10.120448666666666,Nygaard2022_A0.06,"TurbOPark, A=0.06",-360.0,-1.5,False,7.957945548729935,0.10120448666666666,10.120448666666666,8.23855,0.08470833333333334,8.470833333333335
10.1%,0.10120448666666666,10.120448666666666,Nygaard2022_A0.06,"TurbOPark, A=0.06",-336.0,-1.4,False,8.024270985630196,0.10120448666666666,10.120448666666666,8.305975,0.08378333333333333,8.378333333333334
10.1%,0.10120448666666666,10.120448666666666,Nygaard2022_A0.06,"TurbOPark, A=0.06",-312.0,-1.3,False,8.097407427162342,0.10120448666666666,10.120448666666666,8.3543375,0.08202916666666668,8.202916666666669
10.1%,0.10120448666666666,10.120448666666666,Nygaard2022_A0.06,"TurbOPark, A=0.06",-288.0,-1.2,False,8.165538749770544,0.10120448666666666,10.120448666666666,8.398208333333333,0.08185416666666667,8.185416666666667
10.1%,0.10120448666666666,10.120448666666666,Nygaard2022_A0.06,"TurbOPark, A=0.06",-264.0,-1.1,False,8.219763897506212,0.10120448666666666,10.120448666666666,8.449229166666667,0.08207083333333334,8.207083333333335
10.1%,0.10120448666666666,10.120448666666666,Nygaard2022_A0.06,"TurbOPark, A=0.06",-240.0,-1.0,False,8.25663986610975,0.10120448666666666,10.120448666666666,8.490283333333332,0.08183333333333334,8.183333333333334
10.1%,0.10120448666666666,10.120448666666666,Nygaard2022_A0.06,"TurbOPark, A=0.06",-216.0,-0.9,False,8.278503226430816,0.10120448666666666,10.120448666666666,8.520541666666666,0.08019166666666666,8.019166666666667
10.1%,0.10120448666666666,10.120448666666666,Nygaard2022_A0.06,"TurbOPark, A=0.06",-192.0,-0.8,False,8.291591448561066,0.10120448666666666,10.120448666666666,8.549608333333332,0.07934583333333334,7.934583333333334
10.1%,0.10120448666666666,10.120448666666666,Nygaard2022_A0.06,"TurbOPark, A=0.06",-168.0,-0.7,False,8.302947184352968,0.10120448666666666,10.120448666666666,8.5773,0.0788875,7.88875
10.1%,0.10120448666666666,10.120448666666666,Nygaard2022_A0.06,"TurbOPark, A=0.06",-144.0,-0.6,False,8.318051712024811,0.10120448666666666,10.120448666666666,8.595170833333334,0.07996666666666666,7.996666666666666
10.1%,0.10120448666666666,10.120448666666666,Nygaard2022_A0.06,"TurbOPark, A=0.06",-120.0,-0.5,True,8.339605687887591,0.10120448666666666,10.120448666666666,8.604258333333332,0.0821875,8.21875
10.1%,0.10120448666666666,10.120448666666666,Nygaard2022_A0.06,"TurbOPark, A=0.06",-96.0,-0.4,True,8.367478693361344,0.10120448666666666,10.120448666666666,8.600533333333333,0.08398333333333334,8.398333333333333
10.1%,0.10120448666666666,10.120448666666666,Nygaard2022_A0.06,"TurbOPark, A=0.06",-72.0,-0.3,True,8.399193105597236,0.10120448666666666,10.120448666666666,8.5759875,0.08562499999999999,8.5625
10.1%,0.10120448666666666,10.120448666666666,Nygaard2022_A0.06,"TurbOPark, A=0.06",-48.0,-0.2,True,8.430359518743256,0.10120448666666666,10.120448666666666,8.536483333333333,0.0867875,8.67875
10.1%,0.10120448666666666,10.120448666666666,Nygaard2022_A0.06,"TurbOPark, A=0.06",-24.0,-0.1,True,8.454875435263387,0.10120448666666666,10.120448666666666,8.485941666666667,0.08875833333333333,8.875833333333333
10.1%,0.10120448666666666,10.120448666666666,Nygaard2022_A0.06,"TurbOPark, A=0.06",0.0,0.0,True,8.464623873409927,0.10120448666666666,10.120448666666666,8.432116666666667,0.09032916666666667,9.032916666666667
10.1%,0.10120448666666666,10.120448666666666,Nygaard2022_A0.06,"TurbOPark, A=0.06",24.0,0.1,True,8.449400370268284,0.10120448666666666,10.120448666666666,8.376516666666667,0.09133333333333335,9.133333333333335
10.1%,0.10120448666666666,10.120448666666666,Nygaard2022_A0.06,"TurbOPark, A=0.06",48.0,0.2,True,8.398329288596237,0.10120448666666666,10.120448666666666,8.314687500000002,0.09190416666666666,9.190416666666666
10.1%,0.10120448666666666,10.120448666666666,Nygaard2022_A0.06,"TurbOPark, A=0.06",72.0,0.3,True,8.30372637324398,0.10120448666666666,10.120448666666666,8.2629,0.09281666666666666,9.281666666666666
10.1%,0.10120448666666666,10.120448666666666,Nygaard2022_A0.06,"TurbOPark, A=0.06",96.0,0.4,True,8.165692444269721,0.10120448666666666,10.120448666666666,8.199250000000001,0.09257083333333332,9.257083333333332
10.1%,0.10120448666666666,10.120448666666666,Nygaard2022_A0.06,"TurbOPark, A=0.06",120.0,0.5,True,7.994118752605025,0.10120448666666666,10.120448666666666,8.1291875,0.09098333333333335,9.098333333333334
10.1%,0.10120448666666666,10.120448666666666,Nygaard2022_A0.06,"TurbOPark, A=0.06",144.0,0.6,False,7.80709080702793,0.10120448666666666,10.120448666666666,8.076779166666666,0.089825,8.9825
10.1%,0.10120448666666666,10.120448666666666,Nygaard2022_A0.06,"TurbOPark, A=0.06",168.0,0.7,False,7.627257598966655,0.10120448666666666,10.120448666666666,8.043658333333333,0.08987083333333334,8.987083333333334
10.1%,0.10120448666666666,10.120448666666666,Nygaard2022_A0.06,"TurbOPark, A=0.06",192.0,0.8,False,7.4777699174973336,0.10120448666666666,10.120448666666666,8.0294375,0.08914166666666666,8.914166666666667
10.1%,0.10120448666666666,10.120448666666666,Nygaard2022_A0.06,"TurbOPark, A=0.06",216.0,0.9,False,7.378375515548014,0.10120448666666666,10.120448666666666,8.030024999999998,0.0874125,8.74125
10.1%,0.10120448666666666,10.120448666666666,Nygaard2022_A0.06,"TurbOPark, A=0.06",240.0,1.0,False,7.341871177217447,0.10120448666666666,10.120448666666666,8.0238625,0.08720833333333333,8.720833333333333
10.1%,0.10120448666666666,10.120448666666666,Nygaard2022_A0.06,"TurbOPark, A=0.06",264.0,1.1,False,7.3717108891485,0.10120448666666666,10.120448666666666,8.035183333333334,0.0874,8.74
10.1%,0.10120448666666666,10.120448666666666,Nygaard2022_A0.06,"TurbOPark, A=0.06",288.0,1.2,False,7.4606289899116085,0.10120448666666666,10.120448666666666,8.06625,0.08775833333333333,8.775833333333333
10.1%,0.10120448666666666,10.120448666666666,Nygaard2022_A0.06,"TurbOPark, A=0.06",312.0,1.3,False,7.591413900642166,0.10120448666666666,10.120448666666666,8.110475000000001,0.0874875,8.74875
10.1%,0.10120448666666666,10.120448666666666,Nygaard2022_A0.06,"TurbOPark, A=0.06",336.0,1.4,False,7.739412530240623,0.10120448666666666,10.120448666666666,8.164758333333333,0.08700833333333333,8.700833333333332
10.1%,0.10120448666666666,10.120448666666666,Nygaard2022_A0.06,"TurbOPark, A=0.06",360.0,1.5,False,7.877382024642184,0.10120448666666666,10.120448666666666,8.233266666666665,0.0873375,8.73375
10.7%,0.10737190111111111,10.737190111111111,BPA2014,BPA,-360.0,-1.5,False,8.648643276817655,0.14425943865718271,14.42594386571827,8.23855,0.08470833333333334,8.470833333333335
10.7%,0.10737190111111111,10.737190111111111,BPA2014,BPA,-336.0,-1.4,False,8.69794278223792,0.14425943865718271,14.42594386571827,8.305975,0.08378333333333333,8.378333333333334
10.7%,0.10737190111111111,10.737190111111111,BPA2014,BPA,-312.0,-1.3,False,8.735557046795996,0.14425943865718271,14.42594386571827,8.3543375,0.08202916666666668,8.202916666666669
10.7%,0.10737190111111111,10.737190111111111,BPA2014,BPA,-288.0,-1.2,False,8.76412929722764,0.14425943865718271,14.42594386571827,8.398208333333333,0.08185416666666667,8.185416666666667
10.7%,0.10737190111111111,10.737190111111111,BPA2014,BPA,-264.0,-1.1,False,8.785739910361189,0.14425943865718271,14.42594386571827,8.449229166666667,0.08207083333333334,8.207083333333335
10.7%,0.10737190111111111,10.737190111111111,BPA2014,BPA,-240.0,-1.0,False,8.80180052315351,0.14425943865718271,14.42594386571827,8.490283333333332,0.08183333333333334,8.183333333333334
10.7%,0.10737190111111111,10.737190111111111,BPA2014,BPA,-216.0,-0.9,False,8.813068407554638,0.14425943865718271,14.42594386571827,8.520541666666666,0.08019166666666666,8.019166666666667
10.7%,0.10737190111111111,10.737190111111111,BPA2014,BPA,-192.0,-0.8,False,8.819738313463299,0.14425943865718271,14.42594386571827,8.549608333333332,0.07934583333333334,7.934583333333334
10.7%,0.10737190111111111,10.737190111111111,BPA2014,BPA,-168.0,-0.7,False,8.821575430611801,0.14425943865718271,14.42594386571827,8.5773,0.0788875,7.88875
10.7%,0.10737190111111111,10.737190111111111,BPA2014,BPA,-144.0,-0.6,False,8.818063683711031,0.14425943865718271,14.42594386571827,8.595170833333334,0.07996666666666666,7.996666666666666
10.7%,0.10737190111111111,10.737190111111111,BPA2014,BPA,-120.0,-0.5,True,8.808553887796203,0.15596748275592964,15.596748275592965,8.604258333333332,0.0821875,8.21875
10.7%,0.10737190111111111,10.737190111111111,BPA2014,BPA,-96.0,-0.4,True,8.792403864410941,0.15596748275592964,15.596748275592965,8.600533333333333,0.08398333333333334,8.398333333333333
10.7%,0.10737190111111111,10.737190111111111,BPA2014,BPA,-72.0,-0.3,True,8.76910670935277,0.15596748275592964,15.596748275592965,8.5759875,0.08562499999999999,8.5625
10.7%,0.10737190111111111,10.737190111111111,BPA2014,BPA,-48.0,-0.2,True,8.738404479867881,0.15596748275592964,15.596748275592965,8.536483333333333,0.0867875,8.67875
10.7%,0.10737190111111111,10.737190111111111,BPA2014,BPA,-24.0,-0.1,True,8.700383722912617,0.15596748275592964,15.596748275592965,8.485941666666667,0.08875833333333333,8.875833333333333
10.7%,0.10737190111111111,10.737190111111111,BPA2014,BPA,0.0,0.0,True,8.655547727237584,0.15596748275592964,15.596748275592965,8.432116666666667,0.09032916666666667,9.032916666666667
10.7%,0.10737190111111111,10.737190111111111,BPA2014,BPA,24.0,0.1,True,8.60485922032044,0.15596748275592964,15.596748275592965,8.376516666666667,0.09133333333333335,9.133333333333335
10.7%,0.10737190111111111,10.737190111111111,BPA2014,BPA,48.0,0.2,True,8.549747201871721,0.15596748275592964,15.596748275592965,8.314687500000002,0.09190416666666666,9.190416666666666
10.7%,0.10737190111111111,10.737190111111111,BPA2014,BPA,72.0,0.3,True,8.492073093313861,0.15596748275592964,15.596748275592965,8.2629,0.09281666666666666,9.281666666666666
10.7%,0.10737190111111111,10.737190111111111,BPA2014,BPA,96.0,0.4,True,8.434054399352677,0.15596748275592964,15.596748275592965,8.199250000000001,0.09257083333333332,9.257083333333332
10.7%,0.10737190111111111,10.737190111111111,BPA2014,BPA,120.0,0.5,True,8.378148295809815,0.15596748275592964,15.596748275592965,8.1291875,0.09098333333333335,9.098333333333334
10.7%,0.10737190111111111,10.737190111111111,BPA2014,BPA,144.0,0.6,False,8.326902374240897,0.15596748275592964,15.596748275592965,8.076779166666666,0.089825,8.9825
10.7%,0.10737190111111111,10.737190111111111,BPA2014,BPA,168.0,0.7,False,8.282784409260914,0.15596748275592964,15.596748275592965,8.043658333333333,0.08987083333333334,8.987083333333334
10.7%,0.10737190111111111,10.737190111111111,BPA2014,BPA,192.0,0.8,False,8.248006644342912,0.15596748275592964,15.596748275592965,8.0294375,0.08914166666666666,8.914166666666667
10.7%,0.10737190111111111,10.737190111111111,BPA2014,BPA,216.0,0.9,False,8.224361994949215,0.15596748275592964,15.596748275592965,8.030024999999998,0.0874125,8.74125
10.7%,0.10737190111111111,10.737190111111111,BPA2014,BPA,240.0,1.0,False,8.213089268227012,0.15596748275592964,15.596748275592965,8.0238625,0.08720833333333333,8.720833333333333
10.7%,0.10737190111111111,10.737190111111111,BPA2014,BPA,264.0,1.1,False,8.214781870722025,0.15596748275592964,15.596748275592965,8.035183333333334,0.0874,8.74
10.7%,0.10737190111111111,10.737190111111111,BPA2014,BPA,288.0,1.2,False,8.229349787055291,0.15596748275592964,15.596748275592965,8.06625,0.08775833333333333,8.775833333333333
10.7%,0.10737190111111111,10.737190111111111,BPA2014,BPA,312.0,1.3,False,8.256038486975228,0.15596748275592964,15.596748275592965,8.110475000000001,0.0874875,8.74875
10.7%,0.10737190111111111,10.737190111111111,BPA2014,BPA,336.0,1.4,False,8.293501719077103,0.15596748275592964,15.596748275592965,8.164758333333333,0.08700833333333333,8.700833333333332
10.7%,0.10737190111111111,10.737190111111111,BPA2014,BPA,360.0,1.5,False,8.339918796613306,0.15596748275592964,15.596748275592965,8.233266666666665,0.0873375,8.73375
10.7%,0.10737190111111111,10.737190111111111,NPA2016,NPA,-360.0,-1.5,False,8.841424022544501,0.15733014467285097,15.733014467285097,8.23855,0.08470833333333334,8.470833333333335
10.7%,0.10737190111111111,10.737190111111111,NPA2016,NPA,-336.0,-1.4,False,8.876904010129255,0.15733014467285097,15.733014467285097,8.305975,0.08378333333333333,8.378333333333334
10.7%,0.10737190111111111,10.737190111111111,NPA2016,NPA,-312.0,-1.3,False,8.90648658352912,0.15733014467285097,15.733014467285097,8.3543375,0.08202916666666668,8.202916666666669
10.7%,0.10737190111111111,10.737190111111111,NPA2016,NPA,-288.0,-1.2,False,8.930128132607432,0.15733014467285097,15.733014467285097,8.398208333333333,0.08185416666666667,8.185416666666667
10.7%,0.10737190111111111,10.737190111111111,NPA2016,NPA,-264.0,-1.1,False,8.948019911661113,0.14468909465938298,14.468909465938298,8.449229166666667,0.08207083333333334,8.207083333333335
10.7%,0.10737190111111111,10.737190111111111,NPA2016,NPA,-240.0,-1.0,False,8.960515634018513,0.14468909465938298,14.468909465938298,8.490283333333332,0.08183333333333334,8.183333333333334
10.7%,0.10737190111111111,10.737190111111111,NPA2016,NPA,-216.0,-0.9,False,8.968072043930096,0.14468909465938298,14.468909465938298,8.520541666666666,0.08019166666666666,8.019166666666667
10.7%,0.10737190111111111,10.737190111111111,NPA2016,NPA,-192.0,-0.8,False,8.971233935832515,0.14468909465938298,14.468909465938298,8.549608333333332,0.07934583333333334,7.934583333333334
10.7%,0.10737190111111111,10.737190111111111,NPA2016,NPA,-168.0,-0.7,False,8.970558304821141,0.14468909465938298,14.468909465938298,8.5773,0.0788875,7.88875
10.7%,0.10737190111111111,10.737190111111111,NPA2016,NPA,-144.0,-0.6,False,8.96662059298268,0.14468909465938298,14.468909465938298,8.595170833333334,0.07996666666666666,7.996666666666666
10.7%,0.10737190111111111,10.737190111111111,NPA2016,NPA,-120.0,-0.5,True,8.959973441048145,0.14468909465938298,14.468909465938298,8.604258333333332,0.0821875,8.21875
10.7%,0.10737190111111111,10.737190111111111,NPA2016,NPA,-96.0,-0.4,True,8.951146460490813,0.14468909465938298,14.468909465938298,8.600533333333333,0.08398333333333334,8.398333333333333
10.7%,0.10737190111111111,10.737190111111111,NPA2016,NPA,-72.0,-0.3,True,8.940634572516238,0.14468909465938298,14.468909465938298,8.5759875,0.08562499999999999,8.5625
10.7%,0.10737190111111111,10.737190111111111,NPA2016,NPA,-48.0,-0.2,True,8.92890312216527,0.14468909465938298,14.468909465938298,8.536483333333333,0.0867875,8.67875
10.7%,0.10737190111111111,10.737190111111111,NPA2016,NPA,-24.0,-0.1,True,8.916382397059397,0.14468909465938298,14.468909465938298,8.485941666666667,0.08875833333333333,8.875833333333333
10.7%,0.10737190111111111,10.737190111111111,NPA2016,NPA,0.0,0.0,True,8.903477155868606,0.14468909465938298,14.468909465938298,8.432116666666667,0.09032916666666667,9.032916666666667
10.7%,0.10737190111111111,10.737190111111111,NPA2016,NPA,24.0,0.1,True,8.89056468885169,0.14468909465938298,14.468909465938298,8.376516666666667,0.09133333333333335,9.133333333333335
10.7%,0.10737190111111111,10.737190111111111,NPA2016,NPA,48.0,0.2,True,8.87799780310709,0.14468909465938298,14.468909465938298,8.314687500000002,0.09190416666666666,9.190416666666666
10.7%,0.10737190111111111,10.737190111111111,NPA2016,NPA,72.0,0.3,True,8.866103339965061,0.14468909465938298,14.468909465938298,8.2629,0.09281666666666666,9.281666666666666
10.7%,0.10737190111111111,10.737190111111111,NPA2016,NPA,96.0,0.4,True,8.855186314828835,0.14468909465938298,14.468909465938298,8.199250000000001,0.09257083333333332,9.257083333333332
10.7%,0.10737190111111111,10.737190111111111,NPA2016,NPA,120.0,0.5,True,8.84551552103228,0.14468909465938298,14.468909465938298,8.1291875,0.09098333333333335,9.098333333333334
10.7%,0.10737190111111111,10.737190111111111,NPA2016,NPA,144.0,0.6,False,8.837336575442743,0.14468909465938298,14.468909465938298,8.076779166666666,0.089825,8.9825
10.7%,0.10737190111111111,10.737190111111111,NPA2016,NPA,168.0,0.7,False,8.830848253169973,0.14468909465938298,14.468909465938298,8.043658333333333,0.08987083333333334,8.987083333333334
10.7%,0.10737190111111111,10.737190111111111,NPA2016,NPA,192.0,0.8,False,8.826214992946406,0.14468909465938298,14.468909465938298,8.0294375,0.08914166666666666,8.914166666666667
10.7%,0.10737190111111111,10.737190111111111,NPA2016,NPA,216.0,0.9,False,8.823550072307494,0.14468909465938298,14.468909465938298,8.030024999999998,0.0874125,8.74125
10.7%,0.10737190111111111,10.737190111111111,NPA2016,NPA,240.0,1.0,False,8.82292234244936,0.14468909465938298,14.468909465938298,8.0238625,0.08720833333333333,8.720833333333333
10.7%,0.10737190111111111,10.737190111111111,NPA2016,NPA,264.0,1.1,False,8.824336992850931,0.14468909465938298,14.468909465938298,8.035183333333334,0.0874,8.74
10.7%,0.10737190111111111,10.737190111111111,NPA2016,NPA,288.0,1.2,False,8.827759093712436,0.14468909465938298,14.468909465938298,8.06625,0.08775833333333333,8.775833333333333
10.7%,0.10737190111111111,10.737190111111111,NPA2016,NPA,312.0,1.3,False,8.833067721101518,0.14468909465938298,14.468909465938298,8.110475000000001,0.0874875,8.74875
10.7%,0.10737190111111111,10.737190111111111,NPA2016,NPA,336.0,1.4,False,8.840103387456859,0.14468909465938298,14.468909465938298,8.164758333333333,0.08700833333333333,8.700833333333332
10.7%,0.10737190111111111,10.737190111111111,NPA2016,NPA,360.0,1.5,False,8.84859685921856,0.14468909465938298,14.468909465938298,8.233266666666665,0.0873375,8.73375
10.7%,0.10737190111111111,10.737190111111111,Nygaard2022,"TurbOPark, A=0.04",-360.0,-1.5,False,7.454712812601969,0.10737190111111111,10.737190111111111,8.23855,0.08470833333333334,8.470833333333335
10.7%,0.10737190111111111,10.737190111111111,Nygaard2022,"TurbOPark, A=0.04",-336.0,-1.4,False,7.594816429749413,0.10737190111111111,10.737190111111111,8.305975,0.08378333333333333,8.378333333333334
10.7%,0.10737190111111111,10.737190111111111,Nygaard2022,"TurbOPark, A=0.04",-312.0,-1.3,False,7.731483534251511,0.10737190111111111,10.737190111111111,8.3543375,0.08202916666666668,8.202916666666669
10.7%,0.10737190111111111,10.737190111111111,Nygaard2022,"TurbOPark, A=0.04",-288.0,-1.2,False,7.833513129435971,0.10737190111111111,10.737190111111111,8.398208333333333,0.08185416666666667,8.185416666666667
10.7%,0.10737190111111111,10.737190111111111,Nygaard2022,"TurbOPark, A=0.04",-264.0,-1.1,False,7.8841179716921985,0.10737190111111111,10.737190111111111,8.449229166666667,0.08207083333333334,8.207083333333335
10.7%,0.10737190111111111,10.737190111111111,Nygaard2022,"TurbOPark, A=0.04",-240.0,-1.0,False,7.8881767357674395,0.10737190111111111,10.737190111111111,8.490283333333332,0.08183333333333334,8.183333333333334
10.7%,0.10737190111111111,10.737190111111111,Nygaard2022,"TurbOPark, A=0.04",-216.0,-0.9,False,7.867092675993732,0.10737190111111111,10.737190111111111,8.520541666666666,0.08019166666666666,8.019166666666667
10.7%,0.10737190111111111,10.737190111111111,Nygaard2022,"TurbOPark, A=0.04",-192.0,-0.8,False,7.845741500315022,0.10737190111111111,10.737190111111111,8.549608333333332,0.07934583333333334,7.934583333333334
10.7%,0.10737190111111111,10.737190111111111,Nygaard2022,"TurbOPark, A=0.04",-168.0,-0.7,False,7.842407163454609,0.10737190111111111,10.737190111111111,8.5773,0.0788875,7.88875
10.7%,0.10737190111111111,10.737190111111111,Nygaard2022,"TurbOPark, A=0.04",-144.0,-0.6,False,7.865181429751399,0.10737190111111111,10.737190111111111,8.595170833333334,0.07996666666666666,7.996666666666666
10.7%,0.10737190111111111,10.737190111111111,Nygaard2022,"TurbOPark, A=0.04",-120.0,-0.5,True,7.912559192368944,0.10737190111111111,10.737190111111111,8.604258333333332,0.0821875,8.21875
10.7%,0.10737190111111111,10.737190111111111,Nygaard2022,"TurbOPark, A=0.04",-96.0,-0.4,True,7.975881937397336,0.10737190111111111,10.737190111111111,8.600533333333333,0.08398333333333334,8.398333333333333
10.7%,0.10737190111111111,10.737190111111111,Nygaard2022,"TurbOPark, A=0.04",-72.0,-0.3,True,8.042537663258065,0.10737190111111111,10.737190111111111,8.5759875,0.08562499999999999,8.5625
10.7%,0.10737190111111111,10.737190111111111,Nygaard2022,"TurbOPark, A=0.04",-48.0,-0.2,True,8.099782209684228,0.10737190111111111,10.737190111111111,8.536483333333333,0.0867875,8.67875
10.7%,0.10737190111111111,10.737190111111111,Nygaard2022,"TurbOPark, A=0.04",-24.0,-0.1,True,8.138031924167114,0.10737190111111111,10.737190111111111,8.485941666666667,0.08875833333333333,8.875833333333333
10.7%,0.10737190111111111,10.737190111111111,Nygaard2022,"TurbOPark, A=0.04",0.0,0.0,True,8.152015444119185,0.10737190111111111,10.737190111111111,8.432116666666667,0.09032916666666667,9.032916666666667
10.7%,0.10737190111111111,10.737190111111111,Nygaard2022,"TurbOPark, A=0.04",24.0,0.1,True,8.138158183051738,0.10737190111111111,10.737190111111111,8.376516666666667,0.09133333333333335,9.133333333333335
10.7%,0.10737190111111111,10.737190111111111,Nygaard2022,"TurbOPark, A=0.04",48.0,0.2,True,8.089646918568002,0.10737190111111111,10.737190111111111,8.314687500000002,0.09190416666666666,9.190416666666666
10.7%,0.10737190111111111,10.737190111111111,Nygaard2022,"TurbOPark, A=0.04",72.0,0.3,True,7.993967095996213,0.10737190111111111,10.737190111111111,8.2629,0.09281666666666666,9.281666666666666
10.7%,0.10737190111111111,10.737190111111111,Nygaard2022,"TurbOPark, A=0.04",96.0,0.4,True,7.838009123025979,0.10737190111111111,10.737190111111111,8.199250000000001,0.09257083333333332,9.257083333333332
10.7%,0.10737190111111111,10.737190111111111,Nygaard2022,"TurbOPark, A=0.04",120.0,0.5,True,7.619630734624005,0.10737190111111111,10.737190111111111,8.1291875,0.09098333333333335,9.098333333333334
10.7%,0.10737190111111111,10.737190111111111,Nygaard2022,"TurbOPark, A=0.04",144.0,0.6,False,7.3561943164611705,0.10737190111111111,10.737190111111111,8.076779166666666,0.089825,8.9825
10.7%,0.10737190111111111,10.737190111111111,Nygaard2022,"TurbOPark, A=0.04",168.0,0.7,False,7.083215667404497,0.10737190111111111,10.737190111111111,8.043658333333333,0.08987083333333334,8.987083333333334
10.7%,0.10737190111111111,10.737190111111111,Nygaard2022,"TurbOPark, A=0.04",192.0,0.8,False,6.845439756281793,0.10737190111111111,10.737190111111111,8.0294375,0.08914166666666666,8.914166666666667
10.7%,0.10737190111111111,10.737190111111111,Nygaard2022,"TurbOPark, A=0.04",216.0,0.9,False,6.685543061562376,0.10737190111111111,10.737190111111111,8.030024999999998,0.0874125,8.74125
10.7%,0.10737190111111111,10.737190111111111,Nygaard2022,"TurbOPark, A=0.04",240.0,1.0,False,6.633854421932136,0.10737190111111111,10.737190111111111,8.0238625,0.08720833333333333,8.720833333333333
10.7%,0.10737190111111111,10.737190111111111,Nygaard2022,"TurbOPark, A=0.04",264.0,1.1,False,6.7006824934417395,0.10737190111111111,10.737190111111111,8.035183333333334,0.0874,8.74
10.7%,0.10737190111111111,10.737190111111111,Nygaard2022,"TurbOPark, A=0.04",288.0,1.2,False,6.872225260213456,0.10737190111111111,10.737190111111111,8.06625,0.08775833333333333,8.775833333333333
10.7%,0.10737190111111111,10.737190111111111,Nygaard2022,"TurbOPark, A=0.04",312.0,1.3,False,7.111166797111563,0.10737190111111111,10.737190111111111,8.110475000000001,0.0874875,8.74875
10.7%,0.10737190111111111,10.737190111111111,Nygaard2022,"TurbOPark, A=0.04",336.0,1.4,False,7.361950224946829,0.10737190111111111,10.737190111111111,8.164758333333333,0.08700833333333333,8.700833333333332
10.7%,0.10737190111111111,10.737190111111111,Nygaard2022,"TurbOPark, A=0.04",360.0,1.5,False,7.563032894999199,0.10737190111111111,10.737190111111111,8.233266666666665,0.0873375,8.73375
10.7%,0.10737190111111111,10.737190111111111,Nygaard2022_A0.06,"TurbOPark, A=0.06",-360.0,-1.5,False,7.991501077385614,0.10737190111111111,10.737190111111111,8.23855,0.08470833333333334,8.470833333333335
10.7%,0.10737190111111111,10.737190111111111,Nygaard2022_A0.06,"TurbOPark, A=0.06",-336.0,-1.4,False,8.054841527352254,0.10737190111111111,10.737190111111111,8.305975,0.08378333333333333,8.378333333333334
10.7%,0.10737190111111111,10.737190111111111,Nygaard2022_A0.06,"TurbOPark, A=0.06",-312.0,-1.3,False,8.125514652502375,0.10737190111111111,10.737190111111111,8.3543375,0.08202916666666668,8.202916666666669
10.7%,0.10737190111111111,10.737190111111111,Nygaard2022_A0.06,"TurbOPark, A=0.06",-288.0,-1.2,False,8.19254272137238,0.10737190111111111,10.737190111111111,8.398208333333333,0.08185416666666667,8.185416666666667
10.7%,0.10737190111111111,10.737190111111111,Nygaard2022_A0.06,"TurbOPark, A=0.06",-264.0,-1.1,False,8.247409798835216,0.10737190111111111,10.737190111111111,8.449229166666667,0.08207083333333334,8.207083333333335
10.7%,0.10737190111111111,10.737190111111111,Nygaard2022_A0.06,"TurbOPark, A=0.06",-240.0,-1.0,False,8.286377426007979,0.10737190111111111,10.737190111111111,8.490283333333332,0.08183333333333334,8.183333333333334
10.7%,0.10737190111111111,10.737190111111111,Nygaard2022_A0.06,"TurbOPark, A=0.06",-216.0,-0.9,False,8.310993734003423,0.10737190111111111,10.737190111111111,8.520541666666666,0.08019166666666666,8.019166666666667
10.7%,0.10737190111111111,10.737190111111111,Nygaard2022_A0.06,"TurbOPark, A=0.06",-192.0,-0.8,False,8.326540243583096,0.10737190111111111,10.737190111111111,8.549608333333332,0.07934583333333334,7.934583333333334
10.7%,0.10737190111111111,10.737190111111111,Nygaard2022_A0.06,"TurbOPark, A=0.06",-168.0,-0.7,False,8.339414813416342,0.10737190111111111,10.737190111111111,8.5773,0.0788875,7.88875
10.7%,0.10737190111111111,10.737190111111111,Nygaard2022_A0.06,"TurbOPark, A=0.06",-144.0,-0.6,False,8.354844836920465,0.10737190111111111,10.737190111111111,8.595170833333334,0.07996666666666666,7.996666666666666
10.7%,0.10737190111111111,10.737190111111111,Nygaard2022_A0.06,"TurbOPark, A=0.06",-120.0,-0.5,True,8.375649686674947,0.10737190111111111,10.737190111111111,8.604258333333332,0.0821875,8.21875
10.7%,0.10737190111111111,10.737190111111111,Nygaard2022_A0.06,"TurbOPark, A=0.06",-96.0,-0.4,True,8.402084594794493,0.10737190111111111,10.737190111111111,8.600533333333333,0.08398333333333334,8.398333333333333
10.7%,0.10737190111111111,10.737190111111111,Nygaard2022_A0.06,"TurbOPark, A=0.06",-72.0,-0.3,True,8.432132562624108,0.10737190111111111,10.737190111111111,8.5759875,0.08562499999999999,8.5625
10.7%,0.10737190111111111,10.737190111111111,Nygaard2022_A0.06,"TurbOPark, A=0.06",-48.0,-0.2,True,8.461775595552204,0.10737190111111111,10.737190111111111,8.536483333333333,0.0867875,8.67875
10.7%,0.10737190111111111,10.737190111111111,Nygaard2022_A0.06,"TurbOPark, A=0.06",-24.0,-0.1,True,8.485078226646205,0.10737190111111111,10.737190111111111,8.485941666666667,0.08875833333333333,8.875833333333333
10.7%,0.10737190111111111,10.737190111111111,Nygaard2022_A0.06,"TurbOPark, A=0.06",0.0,0.0,True,8.493810781283631,0.10737190111111111,10.737190111111111,8.432116666666667,0.09032916666666667,9.032916666666667
10.7%,0.10737190111111111,10.737190111111111,Nygaard2022_A0.06,"TurbOPark, A=0.06",24.0,0.1,True,8.477503088124445,0.10737190111111111,10.737190111111111,8.376516666666667,0.09133333333333335,9.133333333333335
10.7%,0.10737190111111111,10.737190111111111,Nygaard2022_A0.06,"TurbOPark, A=0.06",48.0,0.2,True,8.425172907090053,0.10737190111111111,10.737190111111111,8.314687500000002,0.09190416666666666,9.190416666666666
10.7%,0.10737190111111111,10.737190111111111,Nygaard2022_A0.06,"TurbOPark, A=0.06",72.0,0.3,True,8.329414371770776,0.10737190111111111,10.737190111111111,8.2629,0.09281666666666666,9.281666666666666
10.7%,0.10737190111111111,10.737190111111111,Nygaard2022_A0.06,"TurbOPark, A=0.06",96.0,0.4,True,8.19092475841985,0.10737190111111111,10.737190111111111,8.199250000000001,0.09257083333333332,9.257083333333332
10.7%,0.10737190111111111,10.737190111111111,Nygaard2022_A0.06,"TurbOPark, A=0.06",120.0,0.5,True,8.02004747465198,0.10737190111111111,10.737190111111111,8.1291875,0.09098333333333335,9.098333333333334
10.7%,0.10737190111111111,10.737190111111111,Nygaard2022_A0.06,"TurbOPark, A=0.06",144.0,0.6,False,7.834821193591928,0.10737190111111111,10.737190111111111,8.076779166666666,0.089825,8.9825
10.7%,0.10737190111111111,10.737190111111111,Nygaard2022_A0.06,"TurbOPark, A=0.06",168.0,0.7,False,7.657395960205985,0.10737190111111111,10.737190111111111,8.043658333333333,0.08987083333333334,8.987083333333334
10.7%,0.10737190111111111,10.737190111111111,Nygaard2022_A0.06,"TurbOPark, A=0.06",192.0,0.8,False,7.510128868509037,0.10737190111111111,10.737190111111111,8.0294375,0.08914166666666666,8.914166666666667
10.7%,0.10737190111111111,10.737190111111111,Nygaard2022_A0.06,"TurbOPark, A=0.06",216.0,0.9,False,7.411993462842017,0.10737190111111111,10.737190111111111,8.030024999999998,0.0874125,8.74125
10.7%,0.10737190111111111,10.737190111111111,Nygaard2022_A0.06,"TurbOPark, A=0.06",240.0,1.0,False,7.3752182430175,0.10737190111111111,10.737190111111111,8.0238625,0.08720833333333333,8.720833333333333
10.7%,0.10737190111111111,10.737190111111111,Nygaard2022_A0.06,"TurbOPark, A=0.06",264.0,1.1,False,7.403098933253663,0.10737190111111111,10.737190111111111,8.035183333333334,0.0874,8.74
10.7%,0.10737190111111111,10.737190111111111,Nygaard2022_A0.06,"TurbOPark, A=0.06",288.0,1.2,False,7.48869992646226,0.10737190111111111,10.737190111111111,8.06625,0.08775833333333333,8.775833333333333
10.7%,0.10737190111111111,10.737190111111111,Nygaard2022_A0.06,"TurbOPark, A=0.06",312.0,1.3,False,7.615716746081938,0.10737190111111111,10.737190111111111,8.110475000000001,0.0874875,8.74875
10.7%,0.10737190111111111,10.737190111111111,Nygaard2022_A0.06,"TurbOPark, A=0.06",336.0,1.4,False,7.760643018786969,0.10737190111111111,10.737190111111111,8.164758333333333,0.08700833333333333,8.700833333333332
10.7%,0.10737190111111111,10.737190111111111,Nygaard2022_A0.06,"TurbOPark, A=0.06",360.0,1.5,False,7.897548134805662,0.10737190111111111,10.737190111111111,8.233266666666665,0.0873375,8.73375
11.4%,0.11353931555555555,11.353931555555555,BPA2014,BPA,-360.0,-1.5,False,8.648643276817655,0.1487938210016995,14.87938210016995,8.23855,0.08470833333333334,8.470833333333335
11.4%,0.11353931555555555,11.353931555555555,BPA2014,BPA,-336.0,-1.4,False,8.69794278223792,0.1487938210016995,14.87938210016995,8.305975,0.08378333333333333,8.378333333333334
11.4%,0.11353931555555555,11.353931555555555,BPA2014,BPA,-312.0,-1.3,False,8.735557046795996,0.1487938210016995,14.87938210016995,8.3543375,0.08202916666666668,8.202916666666669
11.4%,0.11353931555555555,11.353931555555555,BPA2014,BPA,-288.0,-1.2,False,8.76412929722764,0.1487938210016995,14.87938210016995,8.398208333333333,0.08185416666666667,8.185416666666667
11.4%,0.11353931555555555,11.353931555555555,BPA2014,BPA,-264.0,-1.1,False,8.785739910361189,0.1487938210016995,14.87938210016995,8.449229166666667,0.08207083333333334,8.207083333333335
11.4%,0.11353931555555555,11.353931555555555,BPA2014,BPA,-240.0,-1.0,False,8.80180052315351,0.1487938210016995,14.87938210016995,8.490283333333332,0.08183333333333334,8.183333333333334
11.4%,0.11353931555555555,11.353931555555555,BPA2014,BPA,-216.0,-0.9,False,8.813068407554638,0.1487938210016995,14.87938210016995,8.520541666666666,0.08019166666666666,8.019166666666667
11.4%,0.11353931555555555,11.353931555555555,BPA2014,BPA,-192.0,-0.8,False,8.819738313463299,0.1487938210016995,14.87938210016995,8.549608333333332,0.07934583333333334,7.934583333333334
11.4%,0.11353931555555555,11.353931555555555,BPA2014,BPA,-168.0,-0.7,False,8.821575430611801,0.1487938210016995,14.87938210016995,8.5773,0.0788875,7.88875
11.4%,0.11353931555555555,11.353931555555555,BPA2014,BPA,-144.0,-0.6,False,8.818063683711031,0.1487938210016995,14.87938210016995,8.595170833333334,0.07996666666666666,7.996666666666666
11.4%,0.11353931555555555,11.353931555555555,BPA2014,BPA,-120.0,-0.5,True,8.808553887796203,0.1601309889024974,16.01309889024974,8.604258333333332,0.0821875,8.21875
11.4%,0.11353931555555555,11.353931555555555,BPA2014,BPA,-96.0,-0.4,True,8.792403864410941,0.1601309889024974,16.01309889024974,8.600533333333333,0.08398333333333334,8.398333333333333
11.4%,0.11353931555555555,11.353931555555555,BPA2014,BPA,-72.0,-0.3,True,8.76910670935277,0.1601309889024974,16.01309889024974,8.5759875,0.08562499999999999,8.5625
11.4%,0.11353931555555555,11.353931555555555,BPA2014,BPA,-48.0,-0.2,True,8.738404479867881,0.1601309889024974,16.01309889024974,8.536483333333333,0.0867875,8.67875
11.4%,0.11353931555555555,11.353931555555555,BPA2014,BPA,-24.0,-0.1,True,8.700383722912617,0.1601309889024974,16.01309889024974,8.485941666666667,0.08875833333333333,8.875833333333333
11.4%,0.11353931555555555,11.353931555555555,BPA2014,BPA,0.0,0.0,True,8.655547727237584,0.1601309889024974,16.01309889024974,8.432116666666667,0.09032916666666667,9.032916666666667
11.4%,0.11353931555555555,11.353931555555555,BPA2014,BPA,24.0,0.1,True,8.60485922032044,0.1601309889024974,16.01309889024974,8.376516666666667,0.09133333333333335,9.133333333333335
11.4%,0.11353931555555555,11.353931555555555,BPA2014,BPA,48.0,0.2,True,8.549747201871721,0.1601309889024974,16.01309889024974,8.314687500000002,0.09190416666666666,9.190416666666666
11.4%,0.11353931555555555,11.353931555555555,BPA2014,BPA,72.0,0.3,True,8.492073093313861,0.1601309889024974,16.01309889024974,8.2629,0.09281666666666666,9.281666666666666
11.4%,0.11353931555555555,11.353931555555555,BPA2014,BPA,96.0,0.4,True,8.434054399352677,0.1601309889024974,16.01309889024974,8.199250000000001,0.09257083333333332,9.257083333333332
11.4%,0.11353931555555555,11.353931555555555,BPA2014,BPA,120.0,0.5,True,8.378148295809815,0.1601309889024974,16.01309889024974,8.1291875,0.09098333333333335,9.098333333333334
11.4%,0.11353931555555555,11.353931555555555,BPA2014,BPA,144.0,0.6,False,8.326902374240897,0.1601309889024974,16.01309889024974,8.076779166666666,0.089825,8.9825
11.4%,0.11353931555555555,11.353931555555555,BPA2014,BPA,168.0,0.7,False,8.282784409260914,0.1601309889024974,16.01309889024974,8.043658333333333,0.08987083333333334,8.987083333333334
11.4%,0.11353931555555555,11.353931555555555,BPA2014,BPA,192.0,0.8,False,8.248006644342912,0.1601309889024974,16.01309889024974,8.0294375,0.08914166666666666,8.914166666666667
11.4%,0.11353931555555555,11.353931555555555,BPA2014,BPA,216.0,0.9,False,8.224361994949215,0.1601309889024974,16.01309889024974,8.030024999999998,0.0874125,8.74125
11.4%,0.11353931555555555,11.353931555555555,BPA2014,BPA,240.0,1.0,False,8.213089268227012,0.1601309889024974,16.01309889024974,8.0238625,0.08720833333333333,8.720833333333333
11.4%,0.11353931555555555,11.353931555555555,BPA2014,BPA,264.0,1.1,False,8.214781870722025,0.1601309889024974,16.01309889024974,8.035183333333334,0.0874,8.74
11.4%,0.11353931555555555,11.353931555555555,BPA2014,BPA,288.0,1.2,False,8.229349787055291,0.1601309889024974,16.01309889024974,8.06625,0.08775833333333333,8.775833333333333
11.4%,0.11353931555555555,11.353931555555555,BPA2014,BPA,312.0,1.3,False,8.256038486975228,0.1601309889024974,16.01309889024974,8.110475000000001,0.0874875,8.74875
11.4%,0.11353931555555555,11.353931555555555,BPA2014,BPA,336.0,1.4,False,8.293501719077103,0.1601309889024974,16.01309889024974,8.164758333333333,0.08700833333333333,8.700833333333332
11.4%,0.11353931555555555,11.353931555555555,BPA2014,BPA,360.0,1.5,False,8.339918796613306,0.1601309889024974,16.01309889024974,8.233266666666665,0.0873375,8.73375
11.4%,0.11353931555555555,11.353931555555555,NPA2016,NPA,-360.0,-1.5,False,8.851700845913843,0.16174919784376426,16.174919784376428,8.23855,0.08470833333333334,8.470833333333335
11.4%,0.11353931555555555,11.353931555555555,NPA2016,NPA,-336.0,-1.4,False,8.885838825874607,0.16174919784376426,16.174919784376428,8.305975,0.08378333333333333,8.378333333333334
11.4%,0.11353931555555555,11.353931555555555,NPA2016,NPA,-312.0,-1.3,False,8.914534218924587,0.16174919784376426,16.174919784376428,8.3543375,0.08202916666666668,8.202916666666669
11.4%,0.11353931555555555,11.353931555555555,NPA2016,NPA,-288.0,-1.2,False,8.937720578362118,0.16174919784376426,16.174919784376428,8.398208333333333,0.08185416666666667,8.185416666666667
11.4%,0.11353931555555555,11.353931555555555,NPA2016,NPA,-264.0,-1.1,False,8.955520455040459,0.149436831982451,14.9436831982451,8.449229166666667,0.08207083333333334,8.207083333333335
11.4%,0.11353931555555555,11.353931555555555,NPA2016,NPA,-240.0,-1.0,False,8.968221642020449,0.149436831982451,14.9436831982451,8.490283333333332,0.08183333333333334,8.183333333333334
11.4%,0.11353931555555555,11.353931555555555,NPA2016,NPA,-216.0,-0.9,False,8.976223910547223,0.149436831982451,14.9436831982451,8.520541666666666,0.08019166666666666,8.019166666666667
11.4%,0.11353931555555555,11.353931555555555,NPA2016,NPA,-192.0,-0.8,False,8.980020785624674,0.149436831982451,14.9436831982451,8.549608333333332,0.07934583333333334,7.934583333333334
11.4%,0.11353931555555555,11.353931555555555,NPA2016,NPA,-168.0,-0.7,False,8.980132366860403,0.149436831982451,14.9436831982451,8.5773,0.0788875,7.88875
11.4%,0.11353931555555555,11.353931555555555,NPA2016,NPA,-144.0,-0.6,False,8.977091556821943,0.149436831982451,14.9436831982451,8.595170833333334,0.07996666666666666,7.996666666666666
11.4%,0.11353931555555555,11.353931555555555,NPA2016,NPA,-120.0,-0.5,True,8.971431085764982,0.149436831982451,14.9436831982451,8.604258333333332,0.0821875,8.21875
11.4%,0.11353931555555555,11.353931555555555,NPA2016,NPA,-96.0,-0.4,True,8.963663676590073,0.149436831982451,14.9436831982451,8.600533333333333,0.08398333333333334,8.398333333333333
11.4%,0.11353931555555555,11.353931555555555,NPA2016,NPA,-72.0,-0.3,True,8.954269728044835,0.149436831982451,14.9436831982451,8.5759875,0.08562499999999999,8.5625
11.4%,0.11353931555555555,11.353931555555555,NPA2016,NPA,-48.0,-0.2,True,8.943696829747328,0.149436831982451,14.9436831982451,8.536483333333333,0.0867875,8.67875
11.4%,0.11353931555555555,11.353931555555555,NPA2016,NPA,-24.0,-0.1,True,8.932366223734638,0.149436831982451,14.9436831982451,8.485941666666667,0.08875833333333333,8.875833333333333
11.4%,0.11353931555555555,11.353931555555555,NPA2016,NPA,0.0,0.0,True,8.920666011848251,0.149436831982451,14.9436831982451,8.432116666666667,0.09032916666666667,9.032916666666667
11.4%,0.11353931555555555,11.353931555555555,NPA2016,NPA,24.0,0.1,True,8.908955671357537,0.149436831982451,14.9436831982451,8.376516666666667,0.09133333333333335,9.133333333333335
11.4%,0.11353931555555555,11.353931555555555,NPA2016,NPA,48.0,0.2,True,8.897566488062308,0.149436831982451,14.9436831982451,8.314687500000002,0.09190416666666666,9.190416666666666
11.4%,0.11353931555555555,11.353931555555555,NPA2016,NPA,72.0,0.3,True,8.886802682547383,0.149436831982451,14.9436831982451,8.2629,0.09281666666666666,9.281666666666666
11.4%,0.11353931555555555,11.353931555555555,NPA2016,NPA,96.0,0.4,True,8.876939917977198,0.149436831982451,14.9436831982451,8.199250000000001,0.09257083333333332,9.257083333333332
11.4%,0.11353931555555555,11.353931555555555,NPA2016,NPA,120.0,0.5,True,8.868228158345362,0.149436831982451,14.9436831982451,8.1291875,0.09098333333333335,9.098333333333334
11.4%,0.11353931555555555,11.353931555555555,NPA2016,NPA,144.0,0.6,False,8.8608798465049,0.149436831982451,14.9436831982451,8.076779166666666,0.089825,8.9825
11.4%,0.11353931555555555,11.353931555555555,NPA2016,NPA,168.0,0.7,False,8.85507191052988,0.149436831982451,14.9436831982451,8.043658333333333,0.08987083333333334,8.987083333333334
11.4%,0.11353931555555555,11.353931555555555,NPA2016,NPA,192.0,0.8,False,8.850948975254349,0.149436831982451,14.9436831982451,8.0294375,0.08914166666666666,8.914166666666667
11.4%,0.11353931555555555,11.353931555555555,NPA2016,NPA,216.0,0.9,False,8.848612282432091,0.149436831982451,14.9436831982451,8.030024999999998,0.0874125,8.74125
11.4%,0.11353931555555555,11.353931555555555,NPA2016,NPA,240.0,1.0,False,8.84811149573816,0.149436831982451,14.9436831982451,8.0238625,0.08720833333333333,8.720833333333333
11.4%,0.11353931555555555,11.353931555555555,NPA2016,NPA,264.0,1.1,False,8.849451342298021,0.149436831982451,14.9436831982451,8.035183333333334,0.0874,8.74
11.4%,0.11353931555555555,11.353931555555555,NPA2016,NPA,288.0,1.2,False,8.852593093989045,0.149436831982451,14.9436831982451,8.06625,0.08775833333333333,8.775833333333333
11.4%,0.11353931555555555,11.353931555555555,NPA2016,NPA,312.0,1.3,False,8.857428684918315,0.149436831982451,14.9436831982451,8.110475000000001,0.0874875,8.74875
11.4%,0.11353931555555555,11.353931555555555,NPA2016,NPA,336.0,1.4,False,8.8637907389857,0.149436831982451,14.9436831982451,8.164758333333333,0.08700833333333333,8.700833333333332
11.4%,0.11353931555555555,11.353931555555555,NPA2016,NPA,360.0,1.5,False,8.871430663435145,0.149436831982451,14.9436831982451,8.233266666666665,0.0873375,8.73375
11.4%,0.11353931555555555,11.353931555555555,Nygaard2022,"TurbOPark, A=0.04",-360.0,-1.5,False,7.49124641685709,0.11353931555555555,11.353931555555555,8.23855,0.08470833333333334,8.470833333333335
11.4%,0.11353931555555555,11.353931555555555,Nygaard2022,"TurbOPark, A=0.04",-336.0,-1.4,False,7.625657302053368,0.11353931555555555,11.353931555555555,8.305975,0.08378333333333333,8.378333333333334
11.4%,0.11353931555555555,11.353931555555555,Nygaard2022,"TurbOPark, A=0.04",-312.0,-1.3,False,7.758382647417256,0.11353931555555555,11.353931555555555,8.3543375,0.08202916666666668,8.202916666666669
11.4%,0.11353931555555555,11.353931555555555,Nygaard2022,"TurbOPark, A=0.04",-288.0,-1.2,False,7.8600790552817585,0.11353931555555555,11.353931555555555,8.398208333333333,0.08185416666666667,8.185416666666667
11.4%,0.11353931555555555,11.353931555555555,Nygaard2022,"TurbOPark, A=0.04",-264.0,-1.1,False,7.91433573413425,0.11353931555555555,11.353931555555555,8.449229166666667,0.08207083333333334,8.207083333333335
11.4%,0.11353931555555555,11.353931555555555,Nygaard2022,"TurbOPark, A=0.04",-240.0,-1.0,False,7.924478298553899,0.11353931555555555,11.353931555555555,8.490283333333332,0.08183333333333334,8.183333333333334
11.4%,0.11353931555555555,11.353931555555555,Nygaard2022,"TurbOPark, A=0.04",-216.0,-0.9,False,7.9094501484301425,0.11353931555555555,11.353931555555555,8.520541666666666,0.08019166666666666,8.019166666666667
11.4%,0.11353931555555555,11.353931555555555,Nygaard2022,"TurbOPark, A=0.04",-192.0,-0.8,False,7.892192357744208,0.11353931555555555,11.353931555555555,8.549608333333332,0.07934583333333334,7.934583333333334
11.4%,0.11353931555555555,11.353931555555555,Nygaard2022,"TurbOPark, A=0.04",-168.0,-0.7,False,7.8901180178685735,0.11353931555555555,11.353931555555555,8.5773,0.0788875,7.88875
11.4%,0.11353931555555555,11.353931555555555,Nygaard2022,"TurbOPark, A=0.04",-144.0,-0.6,False,7.911381692655642,0.11353931555555555,11.353931555555555,8.595170833333334,0.07996666666666666,7.996666666666666
11.4%,0.11353931555555555,11.353931555555555,Nygaard2022,"TurbOPark, A=0.04",-120.0,-0.5,True,7.955265204923499,0.11353931555555555,11.353931555555555,8.604258333333332,0.0821875,8.21875
11.4%,0.11353931555555555,11.353931555555555,Nygaard2022,"TurbOPark, A=0.04",-96.0,-0.4,True,8.014372906733872,0.11353931555555555,11.353931555555555,8.600533333333333,0.08398333333333334,8.398333333333333
11.4%,0.11353931555555555,11.353931555555555,Nygaard2022,"TurbOPark, A=0.04",-72.0,-0.3,True,8.077573257050807,0.11353931555555555,11.353931555555555,8.5759875,0.08562499999999999,8.5625
11.4%,0.11353931555555555,11.353931555555555,Nygaard2022,"TurbOPark, A=0.04",-48.0,-0.2,True,8.1332914280873,0.11353931555555555,11.353931555555555,8.536483333333333,0.0867875,8.67875
11.4%,0.11353931555555555,11.353931555555555,Nygaard2022,"TurbOPark, A=0.04",-24.0,-0.1,True,8.172317285516158,0.11353931555555555,11.353931555555555,8.485941666666667,0.08875833333333333,8.875833333333333
11.4%,0.11353931555555555,11.353931555555555,Nygaard2022,"TurbOPark, A=0.04",0.0,0.0,True,8.188662078896119,0.11353931555555555,11.353931555555555,8.432116666666667,0.09032916666666667,9.032916666666667
11.4%,0.11353931555555555,11.353931555555555,Nygaard2022,"TurbOPark, A=0.04",24.0,0.1,True,8.177203330611627,0.11353931555555555,11.353931555555555,8.376516666666667,0.09133333333333335,9.133333333333335
11.4%,0.11353931555555555,11.353931555555555,Nygaard2022,"TurbOPark, A=0.04",48.0,0.2,True,8.129505194298721,0.11353931555555555,11.353931555555555,8.314687500000002,0.09190416666666666,9.190416666666666
11.4%,0.11353931555555555,11.353931555555555,Nygaard2022,"TurbOPark, A=0.04",72.0,0.3,True,8.032344817641356,0.11353931555555555,11.353931555555555,8.2629,0.09281666666666666,9.281666666666666
11.4%,0.11353931555555555,11.353931555555555,Nygaard2022,"TurbOPark, A=0.04",96.0,0.4,True,7.873461774049236,0.11353931555555555,11.353931555555555,8.199250000000001,0.09257083333333332,9.257083333333332
11.4%,0.11353931555555555,11.353931555555555,Nygaard2022,"TurbOPark, A=0.04",120.0,0.5,True,7.652539579797631,0.11353931555555555,11.353931555555555,8.1291875,0.09098333333333335,9.098333333333334
11.4%,0.11353931555555555,11.353931555555555,Nygaard2022,"TurbOPark, A=0.04",144.0,0.6,False,7.388376617733997,0.11353931555555555,11.353931555555555,8.076779166666666,0.089825,8.9825
11.4%,0.11353931555555555,11.353931555555555,Nygaard2022,"TurbOPark, A=0.04",168.0,0.7,False,7.116589917444692,0.11353931555555555,11.353931555555555,8.043658333333333,0.08987083333333334,8.987083333333334
11.4%,0.11353931555555555,11.353931555555555,Nygaard2022,"TurbOPark, A=0.04",192.0,0.8,False,6.880868121629067,0.11353931555555555,11.353931555555555,8.0294375,0.08914166666666666,8.914166666666667
11.4%,0.11353931555555555,11.353931555555555,Nygaard2022,"TurbOPark, A=0.04",216.0,0.9,False,6.722438766373501,0.11353931555555555,11.353931555555555,8.030024999999998,0.0874125,8.74125
11.4%,0.11353931555555555,11.353931555555555,Nygaard2022,"TurbOPark, A=0.04",240.0,1.0,False,6.67038694245268,0.11353931555555555,11.353931555555555,8.0238625,0.08720833333333333,8.720833333333333
11.4%,0.11353931555555555,11.353931555555555,Nygaard2022,"TurbOPark, A=0.04",264.0,1.1,False,6.734400222577435,0.11353931555555555,11.353931555555555,8.035183333333334,0.0874,8.74
11.4%,0.11353931555555555,11.353931555555555,Nygaard2022,"TurbOPark, A=0.04",288.0,1.2,False,6.9010239805404305,0.11353931555555555,11.353931555555555,8.06625,0.08775833333333333,8.775833333333333
11.4%,0.11353931555555555,11.353931555555555,Nygaard2022,"TurbOPark, A=0.04",312.0,1.3,False,7.134235863489312,0.11353931555555555,11.353931555555555,8.110475000000001,0.0874875,8.74875
11.4%,0.11353931555555555,11.353931555555555,Nygaard2022,"TurbOPark, A=0.04",336.0,1.4,False,7.380630197871991,0.11353931555555555,11.353931555555555,8.164758333333333,0.08700833333333333,8.700833333333332
11.4%,0.11353931555555555,11.353931555555555,Nygaard2022,"TurbOPark, A=0.04",360.0,1.5,False,7.58113590988155,0.11353931555555555,11.353931555555555,8.233266666666665,0.0873375,8.73375
11.4%,0.11353931555555555,11.353931555555555,Nygaard2022_A0.06,"TurbOPark, A=0.06",-360.0,-1.5,False,8.024513058863105,0.11353931555555555,11.353931555555555,8.23855,0.08470833333333334,8.470833333333335
11.4%,0.11353931555555555,11.353931555555555,Nygaard2022_A0.06,"TurbOPark, A=0.06",-336.0,-1.4,False,8.084977057806032,0.11353931555555555,11.353931555555555,8.305975,0.08378333333333333,8.378333333333334
11.4%,0.11353931555555555,11.353931555555555,Nygaard2022_A0.06,"TurbOPark, A=0.06",-312.0,-1.3,False,8.153184274938104,0.11353931555555555,11.353931555555555,8.3543375,0.08202916666666668,8.202916666666669
11.4%,0.11353931555555555,11.353931555555555,Nygaard2022_A0.06,"TurbOPark, A=0.06",-288.0,-1.2,False,8.218961049256063,0.11353931555555555,11.353931555555555,8.398208333333333,0.08185416666666667,8.185416666666667
11.4%,0.11353931555555555,11.353931555555555,Nygaard2022_A0.06,"TurbOPark, A=0.06",-264.0,-1.1,False,8.274171933786953,0.11353931555555555,11.353931555555555,8.449229166666667,0.08207083333333334,8.207083333333335
11.4%,0.11353931555555555,11.353931555555555,Nygaard2022_A0.06,"TurbOPark, A=0.06",-240.0,-1.0,False,8.314860560847768,0.11353931555555555,11.353931555555555,8.490283333333332,0.08183333333333334,8.183333333333334
11.4%,0.11353931555555555,11.353931555555555,Nygaard2022_A0.06,"TurbOPark, A=0.06",-216.0,-0.9,False,8.341885273744602,0.11353931555555555,11.353931555555555,8.520541666666666,0.08019166666666666,8.019166666666667
11.4%,0.11353931555555555,11.353931555555555,Nygaard2022_A0.06,"TurbOPark, A=0.06",-192.0,-0.8,False,8.359694307667203,0.11353931555555555,11.353931555555555,8.549608333333332,0.07934583333333334,7.934583333333334
11.4%,0.11353931555555555,11.353931555555555,Nygaard2022_A0.06,"TurbOPark, A=0.06",-168.0,-0.7,False,8.374044752829644,0.11353931555555555,11.353931555555555,8.5773,0.0788875,7.88875
11.4%,0.11353931555555555,11.353931555555555,Nygaard2022_A0.06,"TurbOPark, A=0.06",-144.0,-0.6,False,8.389879854618945,0.11353931555555555,11.353931555555555,8.595170833333334,0.07996666666666666,7.996666666666666
11.4%,0.11353931555555555,11.353931555555555,Nygaard2022_A0.06,"TurbOPark, A=0.06",-120.0,-0.5,True,8.410108985999965,0.11353931555555555,11.353931555555555,8.604258333333332,0.0821875,8.21875
11.4%,0.11353931555555555,11.353931555555555,Nygaard2022_A0.06,"TurbOPark, A=0.06",-96.0,-0.4,True,8.435288114878087,0.11353931555555555,11.353931555555555,8.600533333333333,0.08398333333333334,8.398333333333333
11.4%,0.11353931555555555,11.353931555555555,Nygaard2022_A0.06,"TurbOPark, A=0.06",-72.0,-0.3,True,8.46377038836091,0.11353931555555555,11.353931555555555,8.5759875,0.08562499999999999,8.5625
11.4%,0.11353931555555555,11.353931555555555,Nygaard2022_A0.06,"TurbOPark, A=0.06",-48.0,-0.2,True,8.491882940968386,0.11353931555555555,11.353931555555555,8.536483333333333,0.0867875,8.67875
11.4%,0.11353931555555555,11.353931555555555,Nygaard2022_A0.06,"TurbOPark, A=0.06",-24.0,-0.1,True,8.513820128361543,0.11353931555555555,11.353931555555555,8.485941666666667,0.08875833333333333,8.875833333333333
11.4%,0.11353931555555555,11.353931555555555,Nygaard2022_A0.06,"TurbOPark, A=0.06",0.0,0.0,True,8.521298183045735,0.11353931555555555,11.353931555555555,8.432116666666667,0.09032916666666667,9.032916666666667
11.4%,0.11353931555555555,11.353931555555555,Nygaard2022_A0.06,"TurbOPark, A=0.06",24.0,0.1,True,8.503687148679987,0.11353931555555555,11.353931555555555,8.376516666666667,0.09133333333333335,9.133333333333335
11.4%,0.11353931555555555,11.353931555555555,Nygaard2022_A0.06,"TurbOPark, A=0.06",48.0,0.2,True,8.449990563217378,0.11353931555555555,11.353931555555555,8.314687500000002,0.09190416666666666,9.190416666666666
11.4%,0.11353931555555555,11.353931555555555,Nygaard2022_A0.06,"TurbOPark, A=0.06",72.0,0.3,True,8.353197319583256,0.11353931555555555,11.353931555555555,8.2629,0.09281666666666666,9.281666666666666
11.4%,0.11353931555555555,11.353931555555555,Nygaard2022_A0.06,"TurbOPark, A=0.06",96.0,0.4,True,8.214559339067849,0.11353931555555555,11.353931555555555,8.199250000000001,0.09257083333333332,9.257083333333332
11.4%,0.11353931555555555,11.353931555555555,Nygaard2022_A0.06,"TurbOPark, A=0.06",120.0,0.5,True,8.044759415133782,0.11353931555555555,11.353931555555555,8.1291875,0.09098333333333335,9.098333333333334
11.4%,0.11353931555555555,11.353931555555555,Nygaard2022_A0.06,"TurbOPark, A=0.06",144.0,0.6,False,7.8617173854678075,0.11353931555555555,11.353931555555555,8.076779166666666,0.089825,8.9825
11.4%,0.11353931555555555,11.353931555555555,Nygaard2022_A0.06,"TurbOPark, A=0.06",168.0,0.7,False,7.686996984777828,0.11353931555555555,11.353931555555555,8.043658333333333,0.08987083333333334,8.987083333333334
11.4%,0.11353931555555555,11.353931555555555,Nygaard2022_A0.06,"TurbOPark, A=0.06",192.0,0.8,False,7.54221317809916,0.11353931555555555,11.353931555555555,8.0294375,0.08914166666666666,8.914166666666667
11.4%,0.11353931555555555,11.353931555555555,Nygaard2022_A0.06,"TurbOPark, A=0.06",216.0,0.9,False,7.445500967398774,0.11353931555555555,11.353931555555555,8.030024999999998,0.0874125,8.74125
11.4%,0.11353931555555555,11.353931555555555,Nygaard2022_A0.06,"TurbOPark, A=0.06",240.0,1.0,False,7.4086024897064,0.11353931555555555,11.353931555555555,8.0238625,0.08720833333333333,8.720833333333333
11.4%,0.11353931555555555,11.353931555555555,Nygaard2022_A0.06,"TurbOPark, A=0.06",264.0,1.1,False,7.434643621272645,0.11353931555555555,11.353931555555555,8.035183333333334,0.0874,8.74
11.4%,0.11353931555555555,11.353931555555555,Nygaard2022_A0.06,"TurbOPark, A=0.06",288.0,1.2,False,7.5170505954689695,0.11353931555555555,11.353931555555555,8.06625,0.08775833333333333,8.775833333333333
11.4%,0.11353931555555555,11.353931555555555,Nygaard2022_A0.06,"TurbOPark, A=0.06",312.0,1.3,False,7.640291379235164,0.11353931555555555,11.353931555555555,8.110475000000001,0.0874875,8.74875
11.4%,0.11353931555555555,11.353931555555555,Nygaard2022_A0.06,"TurbOPark, A=0.06",336.0,1.4,False,7.782105202547287,0.11353931555555555,11.353931555555555,8.164758333333333,0.08700833333333333,8.700833333333332
11.4%,0.11353931555555555,11.353931555555555,Nygaard2022_A0.06,"TurbOPark, A=0.06",360.0,1.5,False,7.9177143190364685,0.11353931555555555,11.353931555555555,8.233266666666665,0.0873375,8.73375
12.0%,0.11970673,11.970673,BPA2014,BPA,-360.0,-1.5,False,8.648643276817655,0.15344830626952327,15.344830626952326,8.23855,0.08470833333333334,8.470833333333335
12.0%,0.11970673,11.970673,BPA2014,BPA,-336.0,-1.4,False,8.69794278223792,0.15344830626952327,15.344830626952326,8.305975,0.08378333333333333,8.378333333333334
12.0%,0.11970673,11.970673,BPA2014,BPA,-312.0,-1.3,False,8.735557046795996,0.15344830626952327,15.344830626952326,8.3543375,0.08202916666666668,8.202916666666669
12.0%,0.11970673,11.970673,BPA2014,BPA,-288.0,-1.2,False,8.76412929722764,0.15344830626952327,15.344830626952326,8.398208333333333,0.08185416666666667,8.185416666666667
12.0%,0.11970673,11.970673,BPA2014,BPA,-264.0,-1.1,False,8.785739910361189,0.15344830626952327,15.344830626952326,8.449229166666667,0.08207083333333334,8.207083333333335
12.0%,0.11970673,11.970673,BPA2014,BPA,-240.0,-1.0,False,8.80180052315351,0.15344830626952327,15.344830626952326,8.490283333333332,0.08183333333333334,8.183333333333334
12.0%,0.11970673,11.970673,BPA2014,BPA,-216.0,-0.9,False,8.813068407554638,0.15344830626952327,15.344830626952326,8.520541666666666,0.08019166666666666,8.019166666666667
12.0%,0.11970673,11.970673,BPA2014,BPA,-192.0,-0.8,False,8.819738313463299,0.15344830626952327,15.344830626952326,8.549608333333332,0.07934583333333334,7.934583333333334
12.0%,0.11970673,11.970673,BPA2014,BPA,-168.0,-0.7,False,8.821575430611801,0.15344830626952327,15.344830626952326,8.5773,0.0788875,7.88875
12.0%,0.11970673,11.970673,BPA2014,BPA,-144.0,-0.6,False,8.818063683711031,0.15344830626952327,15.344830626952326,8.595170833333334,0.07996666666666666,7.996666666666666
12.0%,0.11970673,11.970673,BPA2014,BPA,-120.0,-0.5,True,8.808553887796203,0.16442838571767493,16.442838571767492,8.604258333333332,0.0821875,8.21875
12.0%,0.11970673,11.970673,BPA2014,BPA,-96.0,-0.4,True,8.792403864410941,0.16442838571767493,16.442838571767492,8.600533333333333,0.08398333333333334,8.398333333333333
12.0%,0.11970673,11.970673,BPA2014,BPA,-72.0,-0.3,True,8.76910670935277,0.16442838571767493,16.442838571767492,8.5759875,0.08562499999999999,8.5625
12.0%,0.11970673,11.970673,BPA2014,BPA,-48.0,-0.2,True,8.738404479867881,0.16442838571767493,16.442838571767492,8.536483333333333,0.0867875,8.67875
12.0%,0.11970673,11.970673,BPA2014,BPA,-24.0,-0.1,True,8.700383722912617,0.16442838571767493,16.442838571767492,8.485941666666667,0.08875833333333333,8.875833333333333
12.0%,0.11970673,11.970673,BPA2014,BPA,0.0,0.0,True,8.655547727237584,0.16442838571767493,16.442838571767492,8.432116666666667,0.09032916666666667,9.032916666666667
12.0%,0.11970673,11.970673,BPA2014,BPA,24.0,0.1,True,8.60485922032044,0.16442838571767493,16.442838571767492,8.376516666666667,0.09133333333333335,9.133333333333335
12.0%,0.11970673,11.970673,BPA2014,BPA,48.0,0.2,True,8.549747201871721,0.16442838571767493,16.442838571767492,8.314687500000002,0.09190416666666666,9.190416666666666
12.0%,0.11970673,11.970673,BPA2014,BPA,72.0,0.3,True,8.492073093313861,0.16442838571767493,16.442838571767492,8.2629,0.09281666666666666,9.281666666666666
12.0%,0.11970673,11.970673,BPA2014,BPA,96.0,0.4,True,8.434054399352677,0.16442838571767493,16.442838571767492,8.199250000000001,0.09257083333333332,9.257083333333332
12.0%,0.11970673,11.970673,BPA2014,BPA,120.0,0.5,True,8.378148295809815,0.16442838571767493,16.442838571767492,8.1291875,0.09098333333333335,9.098333333333334
12.0%,0.11970673,11.970673,BPA2014,BPA,144.0,0.6,False,8.326902374240897,0.16442838571767493,16.442838571767492,8.076779166666666,0.089825,8.9825
12.0%,0.11970673,11.970673,BPA2014,BPA,168.0,0.7,False,8.282784409260914,0.16442838571767493,16.442838571767492,8.043658333333333,0.08987083333333334,8.987083333333334
12.0%,0.11970673,11.970673,BPA2014,BPA,192.0,0.8,False,8.248006644342912,0.16442838571767493,16.442838571767492,8.0294375,0.08914166666666666,8.914166666666667
12.0%,0.11970673,11.970673,BPA2014,BPA,216.0,0.9,False,8.224361994949215,0.16442838571767493,16.442838571767492,8.030024999999998,0.0874125,8.74125
12.0%,0.11970673,11.970673,BPA2014,BPA,240.0,1.0,False,8.213089268227012,0.16442838571767493,16.442838571767492,8.0238625,0.08720833333333333,8.720833333333333
12.0%,0.11970673,11.970673,BPA2014,BPA,264.0,1.1,False,8.214781870722025,0.16442838571767493,16.442838571767492,8.035183333333334,0.0874,8.74
12.0%,0.11970673,11.970673,BPA2014,BPA,288.0,1.2,False,8.229349787055291,0.16442838571767493,16.442838571767492,8.06625,0.08775833333333333,8.775833333333333
12.0%,0.11970673,11.970673,BPA2014,BPA,312.0,1.3,False,8.256038486975228,0.16442838571767493,16.442838571767492,8.110475000000001,0.0874875,8.74875
12.0%,0.11970673,11.970673,BPA2014,BPA,336.0,1.4,False,8.293501719077103,0.16442838571767493,16.442838571767492,8.164758333333333,0.08700833333333333,8.700833333333332
12.0%,0.11970673,11.970673,BPA2014,BPA,360.0,1.5,False,8.339918796613306,0.16442838571767493,16.442838571767492,8.233266666666665,0.0873375,8.73375
12.0%,0.11970673,11.970673,NPA2016,NPA,-360.0,-1.5,False,8.861658357009345,0.16627250831897103,16.627250831897104,8.23855,0.08470833333333334,8.470833333333335
12.0%,0.11970673,11.970673,NPA2016,NPA,-336.0,-1.4,False,8.894459109611601,0.16627250831897103,16.627250831897104,8.305975,0.08378333333333333,8.378333333333334
12.0%,0.11970673,11.970673,NPA2016,NPA,-312.0,-1.3,False,8.922282664349584,0.16627250831897103,16.627250831897104,8.3543375,0.08202916666666668,8.202916666666669
12.0%,0.11970673,11.970673,NPA2016,NPA,-288.0,-1.2,False,8.945001115119892,0.16627250831897103,16.627250831897104,8.398208333333333,0.08185416666666667,8.185416666666667
12.0%,0.11970673,11.970673,NPA2016,NPA,-264.0,-1.1,False,8.962691958147104,0.16627250831897103,16.627250831897104,8.449229166666667,0.08207083333333334,8.207083333333335
12.0%,0.11970673,11.970673,NPA2016,NPA,-240.0,-1.0,False,8.975584996891845,0.15427958679216286,15.427958679216285,8.490283333333332,0.08183333333333334,8.183333333333334
12.0%,0.11970673,11.970673,NPA2016,NPA,-216.0,-0.9,False,8.984029284632983,0.15427958679216286,15.427958679216285,8.520541666666666,0.08019166666666666,8.019166666666667
12.0%,0.11970673,11.970673,NPA2016,NPA,-192.0,-0.8,False,8.988456552252636,0.15427958679216286,15.427958679216285,8.549608333333332,0.07934583333333334,7.934583333333334
12.0%,0.11970673,11.970673,NPA2016,NPA,-168.0,-0.7,False,8.989348598070006,0.15427958679216286,15.427958679216285,8.5773,0.0788875,7.88875
12.0%,0.11970673,11.970673,NPA2016,NPA,-144.0,-0.6,False,8.987205030084057,0.15427958679216286,15.427958679216285,8.595170833333334,0.07996666666666666,7.996666666666666
12.0%,0.11970673,11.970673,NPA2016,NPA,-120.0,-0.5,True,8.982527178379666,0.15427958679216286,15.427958679216285,8.604258333333332,0.0821875,8.21875
12.0%,0.11970673,11.970673,NPA2016,NPA,-96.0,-0.4,True,8.975805921477242,0.15427958679216286,15.427958679216285,8.600533333333333,0.08398333333333334,8.398333333333333
12.0%,0.11970673,11.970673,NPA2016,NPA,-72.0,-0.3,True,8.967501519565634,0.15427958679216286,15.427958679216285,8.5759875,0.08562499999999999,8.5625
12.0%,0.11970673,11.970673,NPA2016,NPA,-48.0,-0.2,True,8.958050789240096,0.15427958679216286,15.427958679216285,8.536483333333333,0.0867875,8.67875
12.0%,0.11970673,11.970673,NPA2016,NPA,-24.0,-0.1,True,8.947857599672188,0.15427958679216286,15.427958679216285,8.485941666666667,0.08875833333333333,8.875833333333333
12.0%,0.11970673,11.970673,NPA2016,NPA,0.0,0.0,True,8.937293747110983,0.15427958679216286,15.427958679216285,8.432116666666667,0.09032916666666667,9.032916666666667
12.0%,0.11970673,11.970673,NPA2016,NPA,24.0,0.1,True,8.926702792912769,0.15427958679216286,15.427958679216285,8.376516666666667,0.09133333333333335,9.133333333333335
12.0%,0.11970673,11.970673,NPA2016,NPA,48.0,0.2,True,8.916396620769458,0.15427958679216286,15.427958679216285,8.314687500000002,0.09190416666666666,9.190416666666666
12.0%,0.11970673,11.970673,NPA2016,NPA,72.0,0.3,True,8.906661976692433,0.15427958679216286,15.427958679216285,8.2629,0.09281666666666666,9.281666666666666
12.0%,0.11970673,11.970673,NPA2016,NPA,96.0,0.4,True,8.897751914218027,0.15427958679216286,15.427958679216285,8.199250000000001,0.09257083333333332,9.257083333333332
12.0%,0.11970673,11.970673,NPA2016,NPA,120.0,0.5,True,8.889891432224477,0.15427958679216286,15.427958679216285,8.1291875,0.09098333333333335,9.098333333333334
12.0%,0.11970673,11.970673,NPA2016,NPA,144.0,0.6,False,8.883273992781298,0.15427958679216286,15.427958679216285,8.076779166666666,0.089825,8.9825
12.0%,0.11970673,11.970673,NPA2016,NPA,168.0,0.7,False,8.878059346073387,0.15427958679216286,15.427958679216285,8.043658333333333,0.08987083333333334,8.987083333333334
12.0%,0.11970673,11.970673,NPA2016,NPA,192.0,0.8,False,8.874369928133632,0.15427958679216286,15.427958679216285,8.0294375,0.08914166666666666,8.914166666666667
12.0%,0.11970673,11.970673,NPA2016,NPA,216.0,0.9,False,8.87229576159321,0.15427958679216286,15.427958679216285,8.030024999999998,0.0874125,8.74125
12.0%,0.11970673,11.970673,NPA2016,NPA,240.0,1.0,False,8.87187974078201,0.15427958679216286,15.427958679216285,8.0238625,0.08720833333333333,8.720833333333333
12.0%,0.11970673,11.970673,NPA2016,NPA,264.0,1.1,False,8.873121445557826,0.15427958679216286,15.427958679216285,8.035183333333334,0.0874,8.74
12.0%,0.11970673,11.970673,NPA2016,NPA,288.0,1.2,False,8.87597834540029,0.15427958679216286,15.427958679216285,8.06625,0.08775833333333333,8.775833333333333
12.0%,0.11970673,11.970673,NPA2016,NPA,312.0,1.3,False,8.880348759241548,0.15427958679216286,15.427958679216285,8.110475000000001,0.0874875,8.74875
12.0%,0.11970673,11.970673,NPA2016,NPA,336.0,1.4,False,8.886067665915848,0.15427958679216286,15.427958679216285,8.164758333333333,0.08700833333333333,8.700833333333332
12.0%,0.11970673,11.970673,NPA2016,NPA,360.0,1.5,False,8.892896583284372,0.15427958679216286,15.427958679216285,8.233266666666665,0.0873375,8.73375
12.0%,0.11970673,11.970673,Nygaard2022,"TurbOPark, A=0.04",-360.0,-1.5,False,7.527394684499415,0.11970673,11.970673,8.23855,0.08470833333333334,8.470833333333335
12.0%,0.11970673,11.970673,Nygaard2022,"TurbOPark, A=0.04",-336.0,-1.4,False,7.656306525540938,0.11970673,11.970673,8.305975,0.08378333333333333,8.378333333333334
12.0%,0.11970673,11.970673,Nygaard2022,"TurbOPark, A=0.04",-312.0,-1.3,False,7.785132596467433,0.11970673,11.970673,8.3543375,0.08202916666666668,8.202916666666669
12.0%,0.11970673,11.970673,Nygaard2022,"TurbOPark, A=0.04",-288.0,-1.2,False,7.886268554387042,0.11970673,11.970673,8.398208333333333,0.08185416666666667,8.185416666666667
12.0%,0.11970673,11.970673,Nygaard2022,"TurbOPark, A=0.04",-264.0,-1.1,False,7.943689611490146,0.11970673,11.970673,8.449229166666667,0.08207083333333334,8.207083333333335
12.0%,0.11970673,11.970673,Nygaard2022,"TurbOPark, A=0.04",-240.0,-1.0,False,7.959353839677085,0.11970673,11.970673,8.490283333333332,0.08183333333333334,8.183333333333334
12.0%,0.11970673,11.970673,Nygaard2022,"TurbOPark, A=0.04",-216.0,-0.9,False,7.949947232840514,0.11970673,11.970673,8.520541666666666,0.08019166666666666,8.019166666666667
12.0%,0.11970673,11.970673,Nygaard2022,"TurbOPark, A=0.04",-192.0,-0.8,False,7.9365823295273135,0.11970673,11.970673,8.549608333333332,0.07934583333333334,7.934583333333334
12.0%,0.11970673,11.970673,Nygaard2022,"TurbOPark, A=0.04",-168.0,-0.7,False,7.935788285978325,0.11970673,11.970673,8.5773,0.0788875,7.88875
12.0%,0.11970673,11.970673,Nygaard2022,"TurbOPark, A=0.04",-144.0,-0.6,False,7.955762325637993,0.11970673,11.970673,8.595170833333334,0.07996666666666666,7.996666666666666
12.0%,0.11970673,11.970673,Nygaard2022,"TurbOPark, A=0.04",-120.0,-0.5,True,7.9965094615351635,0.11970673,11.970673,8.604258333333332,0.0821875,8.21875
12.0%,0.11970673,11.970673,Nygaard2022,"TurbOPark, A=0.04",-96.0,-0.4,True,8.05177664132693,0.11970673,11.970673,8.600533333333333,0.08398333333333334,8.398333333333333
12.0%,0.11970673,11.970673,Nygaard2022,"TurbOPark, A=0.04",-72.0,-0.3,True,8.111728619142925,0.11970673,11.970673,8.5759875,0.08562499999999999,8.5625
12.0%,0.11970673,11.970673,Nygaard2022,"TurbOPark, A=0.04",-48.0,-0.2,True,8.165844246591396,0.11970673,11.970673,8.536483333333333,0.0867875,8.67875
12.0%,0.11970673,11.970673,Nygaard2022,"TurbOPark, A=0.04",-24.0,-0.1,True,8.205280014010258,0.11970673,11.970673,8.485941666666667,0.08875833333333333,8.875833333333333
12.0%,0.11970673,11.970673,Nygaard2022,"TurbOPark, A=0.04",0.0,0.0,True,8.223440725751361,0.11970673,11.970673,8.432116666666667,0.09032916666666667,9.032916666666667
12.0%,0.11970673,11.970673,Nygaard2022,"TurbOPark, A=0.04",24.0,0.1,True,8.21383646553171,0.11970673,11.970673,8.376516666666667,0.09133333333333335,9.133333333333335
12.0%,0.11970673,11.970673,Nygaard2022,"TurbOPark, A=0.04",48.0,0.2,True,8.166615175921933,0.11970673,11.970673,8.314687500000002,0.09190416666666666,9.190416666666666
12.0%,0.11970673,11.970673,Nygaard2022,"TurbOPark, A=0.04",72.0,0.3,True,8.068004163451699,0.11970673,11.970673,8.2629,0.09281666666666666,9.281666666666666
12.0%,0.11970673,11.970673,Nygaard2022,"TurbOPark, A=0.04",96.0,0.4,True,7.906595438869869,0.11970673,11.970673,8.199250000000001,0.09257083333333332,9.257083333333332
12.0%,0.11970673,11.970673,Nygaard2022,"TurbOPark, A=0.04",120.0,0.5,True,7.683778752219838,0.11970673,11.970673,8.1291875,0.09098333333333335,9.098333333333334
12.0%,0.11970673,11.970673,Nygaard2022,"TurbOPark, A=0.04",144.0,0.6,False,7.419544365090687,0.11970673,11.970673,8.076779166666666,0.089825,8.9825
12.0%,0.11970673,11.970673,Nygaard2022,"TurbOPark, A=0.04",168.0,0.7,False,7.149457801415936,0.11970673,11.970673,8.043658333333333,0.08987083333333334,8.987083333333334
12.0%,0.11970673,11.970673,Nygaard2022,"TurbOPark, A=0.04",192.0,0.8,False,6.916140137130624,0.11970673,11.970673,8.0294375,0.08914166666666666,8.914166666666667
12.0%,0.11970673,11.970673,Nygaard2022,"TurbOPark, A=0.04",216.0,0.9,False,6.759390152611976,0.11970673,11.970673,8.030024999999998,0.0874125,8.74125
12.0%,0.11970673,11.970673,Nygaard2022,"TurbOPark, A=0.04",240.0,1.0,False,6.7070946956141455,0.11970673,11.970673,8.0238625,0.08720833333333333,8.720833333333333
12.0%,0.11970673,11.970673,Nygaard2022,"TurbOPark, A=0.04",264.0,1.1,False,6.768367699234037,0.11970673,11.970673,8.035183333333334,0.0874,8.74
12.0%,0.11970673,11.970673,Nygaard2022,"TurbOPark, A=0.04",288.0,1.2,False,6.9301174829682886,0.11970673,11.970673,8.06625,0.08775833333333333,8.775833333333333
12.0%,0.11970673,11.970673,Nygaard2022,"TurbOPark, A=0.04",312.0,1.3,False,7.1576219543340756,0.11970673,11.970673,8.110475000000001,0.0874875,8.74875
12.0%,0.11970673,11.970673,Nygaard2022,"TurbOPark, A=0.04",336.0,1.4,False,7.39958610665541,0.11970673,11.970673,8.164758333333333,0.08700833333333333,8.700833333333332
12.0%,0.11970673,11.970673,Nygaard2022,"TurbOPark, A=0.04",360.0,1.5,False,7.599298580264946,0.11970673,11.970673,8.233266666666665,0.0873375,8.73375
12.0%,0.11970673,11.970673,Nygaard2022_A0.06,"TurbOPark, A=0.06",-360.0,-1.5,False,8.056863798361677,0.11970673,11.970673,8.23855,0.08470833333333334,8.470833333333335
12.0%,0.11970673,11.970673,Nygaard2022_A0.06,"TurbOPark, A=0.06",-336.0,-1.4,False,8.114592048297315,0.11970673,11.970673,8.305975,0.08378333333333333,8.378333333333334
12.0%,0.11970673,11.970673,Nygaard2022_A0.06,"TurbOPark, A=0.06",-312.0,-1.3,False,8.180368302879117,0.11970673,11.970673,8.3543375,0.08202916666666668,8.202916666666669
12.0%,0.11970673,11.970673,Nygaard2022_A0.06,"TurbOPark, A=0.06",-288.0,-1.2,False,8.244774957268788,0.11970673,11.970673,8.398208333333333,0.08185416666666667,8.185416666666667
12.0%,0.11970673,11.970673,Nygaard2022_A0.06,"TurbOPark, A=0.06",-264.0,-1.1,False,8.300067302919786,0.11970673,11.970673,8.449229166666667,0.08207083333333334,8.207083333333335
12.0%,0.11970673,11.970673,Nygaard2022_A0.06,"TurbOPark, A=0.06",-240.0,-1.0,False,8.34214863677293,0.11970673,11.970673,8.490283333333332,0.08183333333333334,8.183333333333334
12.0%,0.11970673,11.970673,Nygaard2022_A0.06,"TurbOPark, A=0.06",-216.0,-0.9,False,8.371280346534677,0.11970673,11.970673,8.520541666666666,0.08019166666666666,8.019166666666667
12.0%,0.11970673,11.970673,Nygaard2022_A0.06,"TurbOPark, A=0.06",-192.0,-0.8,False,8.391148778269121,0.11970673,11.970673,8.549608333333332,0.07934583333333334,7.934583333333334
12.0%,0.11970673,11.970673,Nygaard2022_A0.06,"TurbOPark, A=0.06",-168.0,-0.7,False,8.40691732115469,0.11970673,11.970673,8.5773,0.0788875,7.88875
12.0%,0.11970673,11.970673,Nygaard2022_A0.06,"TurbOPark, A=0.06",-144.0,-0.6,False,8.423234823645021,0.11970673,11.970673,8.595170833333334,0.07996666666666666,7.996666666666666
12.0%,0.11970673,11.970673,Nygaard2022_A0.06,"TurbOPark, A=0.06",-120.0,-0.5,True,8.443029287900297,0.11970673,11.970673,8.604258333333332,0.0821875,8.21875
12.0%,0.11970673,11.970673,Nygaard2022_A0.06,"TurbOPark, A=0.06",-96.0,-0.4,True,8.467097853901533,0.11970673,11.970673,8.600533333333333,0.08398333333333334,8.398333333333333
12.0%,0.11970673,11.970673,Nygaard2022_A0.06,"TurbOPark, A=0.06",-72.0,-0.3,True,8.49411800808987,0.11970673,11.970673,8.5759875,0.08562499999999999,8.5625
12.0%,0.11970673,11.970673,Nygaard2022_A0.06,"TurbOPark, A=0.06",-48.0,-0.2,True,8.52069881112723,0.11970673,11.970673,8.536483333333333,0.0867875,8.67875
12.0%,0.11970673,11.970673,Nygaard2022_A0.06,"TurbOPark, A=0.06",-24.0,-0.1,True,8.541164951310405,0.11970673,11.970673,8.485941666666667,0.08875833333333333,8.875833333333333
12.0%,0.11970673,11.970673,Nygaard2022_A0.06,"TurbOPark, A=0.06",0.0,0.0,True,8.547198072129039,0.11970673,11.970673,8.432116666666667,0.09032916666666667,9.032916666666667
12.0%,0.11970673,11.970673,Nygaard2022_A0.06,"TurbOPark, A=0.06",24.0,0.1,True,8.528089378865307,0.11970673,11.970673,8.376516666666667,0.09133333333333335,9.133333333333335
12.0%,0.11970673,11.970673,Nygaard2022_A0.06,"TurbOPark, A=0.06",48.0,0.2,True,8.47298118801637,0.11970673,11.970673,8.314687500000002,0.09190416666666666,9.190416666666666
12.0%,0.11970673,11.970673,Nygaard2022_A0.06,"TurbOPark, A=0.06",72.0,0.3,True,8.375273177046891,0.11970673,11.970673,8.2629,0.09281666666666666,9.281666666666666
12.0%,0.11970673,11.970673,Nygaard2022_A0.06,"TurbOPark, A=0.06",96.0,0.4,True,8.236758384480089,0.11970673,11.970673,8.199250000000001,0.09257083333333332,9.257083333333332
12.0%,0.11970673,11.970673,Nygaard2022_A0.06,"TurbOPark, A=0.06",120.0,0.5,True,8.068374585707536,0.11970673,11.970673,8.1291875,0.09098333333333335,9.098333333333334
12.0%,0.11970673,11.970673,Nygaard2022_A0.06,"TurbOPark, A=0.06",144.0,0.6,False,7.8878256199212355,0.11970673,11.970673,8.076779166666666,0.089825,8.9825
12.0%,0.11970673,11.970673,Nygaard2022_A0.06,"TurbOPark, A=0.06",168.0,0.7,False,7.716085665520753,0.11970673,11.970673,8.043658333333333,0.08987083333333334,8.987083333333334
12.0%,0.11970673,11.970673,Nygaard2022_A0.06,"TurbOPark, A=0.06",192.0,0.8,False,7.5739441320584024,0.11970673,11.970673,8.0294375,0.08914166666666666,8.914166666666667
12.0%,0.11970673,11.970673,Nygaard2022_A0.06,"TurbOPark, A=0.06",216.0,0.9,False,7.478814166537536,0.11970673,11.970673,8.030024999999998,0.0874125,8.74125
12.0%,0.11970673,11.970673,Nygaard2022_A0.06,"TurbOPark, A=0.06",240.0,1.0,False,7.441923434598734,0.11970673,11.970673,8.0238625,0.08720833333333333,8.720833333333333
12.0%,0.11970673,11.970673,Nygaard2022_A0.06,"TurbOPark, A=0.06",264.0,1.1,False,7.466238777252082,0.11970673,11.970673,8.035183333333334,0.0874,8.74
12.0%,0.11970673,11.970673,Nygaard2022_A0.06,"TurbOPark, A=0.06",288.0,1.2,False,7.545544573645619,0.11970673,11.970673,8.06625,0.08775833333333333,8.775833333333333
12.0%,0.11970673,11.970673,Nygaard2022_A0.06,"TurbOPark, A=0.06",312.0,1.3,False,7.665084038096355,0.11970673,11.970673,8.110475000000001,0.0874875,8.74875
12.0%,0.11970673,11.970673,Nygaard2022_A0.06,"TurbOPark, A=0.06",336.0,1.4,False,7.803711687273994,0.11970673,11.970673,8.164758333333333,0.08700833333333333,8.700833333333332
12.0%,0.11970673,11.970673,Nygaard2022_A0.06,"TurbOPark, A=0.06",360.0,1.5,False,7.937838024312127,0.11970673,11.970673,8.233266666666665,0.0873375,8.73375
