case,y_over_D,z_over_D,U_mean_mps,U_std_mps,TI_percent,inside_rotor_mask
BPA2014,-0.15277777413527172,0.14957265059153238,7.483837438256715,0.9954950879292526,13.30193361550546,True
BPA2014,-0.12499999701976776,0.14957265059153238,7.482874208857883,0.9909696789035994,13.243169018270212,True
BPA2014,-0.09722221990426382,0.14957265059153238,7.479699893993449,0.9890418807097411,13.223015558471648,True
BPA2014,-0.06944444278875987,0.14957265059153238,7.4741403944936184,0.9837580842858691,13.16215688175496,True
BPA2014,-0.04166666567325592,0.14957265059153238,7.451866395497321,0.9951711497070798,13.354656362443604,True
BPA2014,-0.013888888557751973,0.14957265059153238,7.44270251227275,0.9881649015682178,13.276963575243927,True
BPA2014,0.013888888557751973,0.14957265059153238,7.42272804828069,0.9873219732075974,13.301335665076516,True
BPA2014,0.04166666567325592,0.14957265059153238,7.3946578122459155,0.9942037921743118,13.444892480729283,True
BPA2014,0.06944444278875987,0.14957265059153238,7.400546277933272,0.9650780589424977,13.040632714102992,True
BPA2014,0.09722221990426382,0.14957265059153238,7.393334083274424,0.9825474139716,13.28963905735531,True
BPA2014,0.12499999701976776,0.14957265059153238,7.3820283013709185,0.9786712992536318,13.257485061007996,True
BPA2014,0.15277777413527172,0.14957265059153238,7.386516797981065,0.9648951853440332,13.062925486174557,True
BPA2014,-0.2083333283662796,0.17863247990608216,7.678341523337844,0.9871420194803631,12.856187973405534,True
BPA2014,-0.18055555125077566,0.17863247990608216,7.643169482442019,1.0139758453140937,13.26643151958636,True
BPA2014,-0.15277777413527172,0.17863247990608216,7.641919591469764,1.0074289963557053,13.182931124795402,True
BPA2014,-0.12499999701976776,0.17863247990608216,7.616336576045567,1.0115692307494968,13.281572060917346,True
BPA2014,-0.09722221990426382,0.17863247990608216,7.603562250279875,1.0147145816146916,13.345252504210661,True
BPA2014,-0.06944444278875987,0.17863247990608216,7.591180186972505,1.0146808672202154,13.366575976704459,True
BPA2014,-0.04166666567325592,0.17863247990608216,7.595990917752078,1.0072737680147006,13.260597319313124,True
BPA2014,-0.013888888557751973,0.17863247990608216,7.580671583119769,1.0051391651262807,13.2592363896158,True
BPA2014,0.013888888557751973,0.17863247990608216,7.555948154614776,1.009287835997137,13.357527279759285,True
BPA2014,0.04166666567325592,0.17863247990608216,7.541416894508796,1.0123691853353942,13.424124398593323,True
BPA2014,0.06944444278875987,0.17863247990608216,7.531432668970864,1.0080243636328632,13.38423123379798,True
BPA2014,0.09722221990426382,0.17863247990608216,7.543895853097098,0.9941129697097282,13.17771333364314,True
BPA2014,0.12499999701976776,0.17863247990608216,7.528598366923777,0.9937077386372296,13.199106795270094,True
BPA2014,0.15277777413527172,0.17863247990608216,7.508159684379303,0.9949531899351165,13.251625321783084,True
BPA2014,0.18055555125077566,0.17863247990608216,7.484051914235414,1.0008601552514598,13.373239078522744,True
BPA2014,0.2083333283662796,0.17863247990608216,7.483052484938867,0.9895607753759543,13.22402558805571,True
BPA2014,-0.2638888825972875,0.20769230922063192,7.7902257833068225,1.022133306473976,13.12071478934847,True
BPA2014,-0.23611110548178355,0.20769230922063192,7.80270478767577,1.0115934023955098,12.96465046317404,True
BPA2014,-0.2083333283662796,0.20769230922063192,7.7899170437738245,1.0177802208955713,13.065353779460889,True
BPA2014,-0.18055555125077566,0.20769230922063192,7.750303798695448,1.028671886987247,13.27266535229749,True
BPA2014,-0.15277777413527172,0.20769230922063192,7.742338612505023,1.0293658395460517,13.2952831316816,True
BPA2014,-0.12499999701976776,0.20769230922063192,7.735587392789896,1.0302129267819944,13.317837088134047,True
BPA2014,-0.09722221990426382,0.20769230922063192,7.715819571155403,1.0268150044778086,13.307918815473915,True
BPA2014,-0.06944444278875987,0.20769230922063192,7.69404467480567,1.021021529346265,13.270283349011788,True
BPA2014,-0.04166666567325592,0.20769230922063192,7.690932554609002,1.0176689967392905,13.232062425634252,True
BPA2014,-0.013888888557751973,0.20769230922063192,7.69099757978448,1.0155233008052178,13.204051753630575,True
BPA2014,0.013888888557751973,0.20769230922063192,7.670626339821898,1.0174962191241166,13.264838802560439,True
BPA2014,0.04166666567325592,0.20769230922063192,7.671165758077282,1.012712713484339,13.201549092040054,True
BPA2014,0.06944444278875987,0.20769230922063192,7.65186396040018,1.0196998436157143,13.32616273489506,True
BPA2014,0.09722221990426382,0.20769230922063192,7.656804634430297,1.0150155002520076,13.25638498973573,True
BPA2014,0.12499999701976776,0.20769230922063192,7.64228870496565,1.011909387605191,13.240920706747092,True
BPA2014,0.15277777413527172,0.20769230922063192,7.598972084895371,1.0172722755303072,13.386972134722797,True
BPA2014,0.18055555125077566,0.20769230922063192,7.60142947042549,1.0167196019968578,13.375373749800074,True
BPA2014,0.2083333283662796,0.20769230922063192,7.593471184553708,1.008592214307715,13.282360461962996,True
BPA2014,0.23611110548178355,0.20769230922063192,7.596185335376621,1.000376127850021,13.169453925658095,True
BPA2014,0.2638888825972875,0.20769230922063192,7.597253477158485,0.989142583415233,13.019739125318624,True
BPA2014,-0.29166665971279143,0.23675213853518168,7.917585407729069,1.0292306344284008,12.999299425601093,True
BPA2014,-0.2638888825972875,0.23675213853518168,7.907313709715547,1.0271887171390213,12.990362528262114,True
BPA2014,-0.23611110548178355,0.23675213853518168,7.8988019448503985,1.0360164976860056,13.116121975452662,True
BPA2014,-0.2083333283662796,0.23675213853518168,7.872916080409141,1.0452609548500105,13.276668316724777,True
BPA2014,-0.18055555125077566,0.23675213853518168,7.856291070854079,1.042288963234058,13.266934152946904,True
BPA2014,-0.15277777413527172,0.23675213853518168,7.818720274186306,1.0389554782209998,13.288050240793705,True
BPA2014,-0.12499999701976776,0.23675213853518168,7.8329641077167995,1.0409118798421335,13.28886313696572,True
BPA2014,-0.09722221990426382,0.23675213853518168,7.830104116900451,1.0343244272272165,13.209587149610652,True
BPA2014,-0.06944444278875987,0.23675213853518168,7.816639070771076,1.029626721251206,13.172243363536012,True
BPA2014,-0.04166666567325592,0.23675213853518168,7.802216165557459,1.0249195487309322,13.13626188999216,True
BPA2014,-0.013888888557751973,0.23675213853518168,7.780923618309116,1.0180427707777864,13.083829384756493,True
BPA2014,0.013888888557751973,0.23675213853518168,7.778351268268819,1.028932958192266,13.22816266205048,True
BPA2014,0.04166666567325592,0.23675213853518168,7.77146878949959,1.031961456637807,13.278847082705145,True
BPA2014,0.06944444278875987,0.23675213853518168,7.75946024609999,1.02556758736203,13.216996477010037,True
BPA2014,0.09722221990426382,0.23675213853518168,7.737667739402785,1.0362544252108434,13.392335521644206,True
BPA2014,0.12499999701976776,0.23675213853518168,7.726488320540153,1.034441609422649,13.388250476904002,True
BPA2014,0.15277777413527172,0.23675213853518168,7.736397422875439,1.0223157231271018,13.214364092830314,True
BPA2014,0.18055555125077566,0.23675213853518168,7.7145598728566425,1.0234375866160392,13.266312057761867,True
BPA2014,0.2083333283662796,0.23675213853518168,7.720060115296568,1.0117556203039737,13.105540697789072,True
BPA2014,0.23611110548178355,0.23675213853518168,7.71401278928062,1.005429113035183,13.03380147920322,True
BPA2014,0.2638888825972875,0.23675213853518168,7.701168221025378,0.9914303492019215,12.873765651491206,True
BPA2014,0.29166665971279143,0.23675213853518168,7.697318394038314,0.972441666430548,12.633512304541258,True
BPA2014,-0.3472222139437993,0.26581196784973143,8.014735529044653,1.0491442291285134,13.090191501971745,True
BPA2014,-0.3194444368282954,0.26581196784973143,8.016373995165276,1.0446524328436997,13.03148323012045,True
BPA2014,-0.29166665971279143,0.26581196784973143,8.00682355639776,1.0388024929975956,12.973965089658462,True
BPA2014,-0.2638888825972875,0.26581196784973143,7.981368189218013,1.0552155230660212,13.22098540061723,True
BPA2014,-0.23611110548178355,0.26581196784973143,7.978544382999233,1.0510289766405225,13.173192078495749,True
BPA2014,-0.2083333283662796,0.26581196784973143,7.954382955610574,1.0560608875596775,13.27646523247654,True
BPA2014,-0.18055555125077566,0.26581196784973143,7.930771151604773,1.0592603031005228,13.356334243564497,True
BPA2014,-0.15277777413527172,0.26581196784973143,7.923381415266974,1.0578189158146802,13.350599452103213,True
BPA2014,-0.12499999701976776,0.26581196784973143,7.949390904041764,1.0416261436578969,13.103219557718512,True
BPA2014,-0.09722221990426382,0.26581196784973143,7.94094101254359,1.035209870146596,13.03636267428971,True
BPA2014,-0.06944444278875987,0.26581196784973143,7.9139557942362035,1.0511246763007178,13.281912404239865,True
BPA2014,-0.04166666567325592,0.26581196784973143,7.889484724612129,1.0435041077478981,13.226517880091338,True
BPA2014,-0.013888888557751973,0.26581196784973143,7.868413079359813,1.0369137717897878,13.178181690915402,True
BPA2014,0.013888888557751973,0.26581196784973143,7.846062365956562,1.041355995400558,13.27233900050194,True
BPA2014,0.04166666567325592,0.26581196784973143,7.847046724712412,1.017661239668568,12.968716453078907,True
BPA2014,0.06944444278875987,0.26581196784973143,7.836649688760712,1.0326948755703729,13.17775984106396,True
BPA2014,0.09722221990426382,0.26581196784973143,7.832673804733554,1.0423166647614477,13.307290597644188,True
BPA2014,0.12499999701976776,0.26581196784973143,7.844358859360377,1.0334588602866,13.17454847254231,True
BPA2014,0.15277777413527172,0.26581196784973143,7.841335831304181,1.02744151394889,13.102888794115128,True
BPA2014,0.18055555125077566,0.26581196784973143,7.829240873271357,1.0254634098244175,13.097865124130989,True
BPA2014,0.2083333283662796,0.26581196784973143,7.817322630715413,1.0137203550739735,12.96761567817243,True
BPA2014,0.23611110548178355,0.26581196784973143,7.798632268587948,1.0184181984935528,13.058933456775899,True
BPA2014,0.2638888825972875,0.26581196784973143,7.794568072722544,1.0061238468330334,12.90801282952433,True
BPA2014,0.29166665971279143,0.26581196784973143,7.797070807575033,0.9707239949739287,12.449854809973612,True
BPA2014,0.3194444368282954,0.26581196784973143,7.774351194876464,0.9889419909053929,12.720572638359021,True
BPA2014,0.3472222139437993,0.26581196784973143,7.7508756989384775,0.9991282522677802,12.890520904684562,True
BPA2014,-0.37499999105930326,0.2948717971642812,8.104851043280538,1.0671262626363667,13.166512955485906,True
BPA2014,-0.3472222139437993,0.2948717971642812,8.106452269100695,1.0641597530594527,13.127317817138117,True
BPA2014,-0.3194444368282954,0.2948717971642812,8.089276672260153,1.0667145225037673,13.186772633970573,True
BPA2014,-0.29166665971279143,0.2948717971642812,8.086661681004799,1.0581371871190313,13.084969161063675,True
BPA2014,-0.2638888825972875,0.2948717971642812,8.071698164132478,1.0592749528922072,13.123322147986377,True
BPA2014,-0.23611110548178355,0.2948717971642812,8.050599667307784,1.0662899798796297,13.244851612851466,True
BPA2014,-0.2083333283662796,0.2948717971642812,8.035665603014955,1.0712329906294307,13.3309802019077,True
BPA2014,-0.18055555125077566,0.2948717971642812,8.030676657354576,1.0737193653941,13.370222849288508,True
BPA2014,-0.15277777413527172,0.2948717971642812,8.03795321928705,1.0624151489780025,13.217483605512156,True
BPA2014,-0.12499999701976776,0.2948717971642812,8.043851507600918,1.050789661139827,13.063265279659861,True
BPA2014,-0.09722221990426382,0.2948717971642812,8.027021232692046,1.0526060773661015,13.113283830359146,True
BPA2014,-0.06944444278875987,0.2948717971642812,8.00083449293899,1.0596708863431192,13.24450452360082,True
BPA2014,-0.04166666567325592,0.2948717971642812,7.966463210303699,1.0543418835045129,13.234754942956913,True
BPA2014,-0.013888888557751973,0.2948717971642812,7.947478964983283,1.0550602514968996,13.27540791420162,True
BPA2014,0.013888888557751973,0.2948717971642812,7.9326102624668495,1.038397747557018,13.090240326947583,True
BPA2014,0.04166666567325592,0.2948717971642812,7.937893657421658,1.0329816533657763,13.013296699937191,True
BPA2014,0.06944444278875987,0.2948717971642812,7.954601868601182,1.0321276824134216,12.97522741505756,True
BPA2014,0.09722221990426382,0.2948717971642812,7.937372339115145,1.0417427445067018,13.124529126257858,True
BPA2014,0.12499999701976776,0.2948717971642812,7.934872541870607,1.0325659862644225,13.013012884779119,True
BPA2014,0.15277777413527172,0.2948717971642812,7.949586974070785,1.0037516680306227,12.62646312700981,True
BPA2014,0.18055555125077566,0.2948717971642812,7.916210301218994,1.0249872243117895,12.947953443757736,True
BPA2014,0.2083333283662796,0.2948717971642812,7.919117385562419,0.9951278334454411,12.566145758360502,True
BPA2014,0.23611110548178355,0.2948717971642812,7.907570842209334,1.0008297138932367,12.656601298479295,True
BPA2014,0.2638888825972875,0.2948717971642812,7.8918645848330655,0.9912926256718855,12.560943171490745,True
BPA2014,0.29166665971279143,0.2948717971642812,7.847394647651092,1.0230877896152044,13.037292446116986,True
BPA2014,0.3194444368282954,0.2948717971642812,7.836535611652925,1.0199915126766592,13.015847349177259,True
BPA2014,0.3472222139437993,0.2948717971642812,7.82646823039065,1.0134658745038096,12.949210865872557,True
BPA2014,0.37499999105930326,0.2948717971642812,7.808828430297657,1.0191232019022887,13.050910402233562,True
BPA2014,-0.37499999105930326,0.32393162647883095,8.176577193101048,1.0838415609537817,13.255443388564453,True
BPA2014,-0.3472222139437993,0.32393162647883095,8.167514183048617,1.0871616970225195,13.310802683133193,True
BPA2014,-0.3194444368282954,0.32393162647883095,8.166230050583971,1.0783767497515384,13.205319260806558,True
BPA2014,-0.29166665971279143,0.32393162647883095,8.156475983567029,1.0800289522214879,13.241367404225034,True
BPA2014,-0.2638888825972875,0.32393162647883095,8.161215462054347,1.0643617698932364,13.041706530626437,True
BPA2014,-0.23611110548178355,0.32393162647883095,8.133174051297331,1.0711241624892294,13.169817290684605,True
BPA2014,-0.2083333283662796,0.32393162647883095,8.12395141591422,1.0816392516706688,13.314201381753927,True
BPA2014,-0.18055555125077566,0.32393162647883095,8.128560997051098,1.0738839492152923,13.211243042955315,True
BPA2014,-0.15277777413527172,0.32393162647883095,8.125542406006781,1.0683223905143522,13.147705557780343,True
BPA2014,-0.12499999701976776,0.32393162647883095,8.136423305764003,1.0412853652967693,12.79782683576827,True
BPA2014,-0.09722221990426382,0.32393162647883095,8.118466825416537,1.0513001796095254,12.94949160004218,True
BPA2014,-0.06944444278875987,0.32393162647883095,8.063862982392822,1.0738924093621702,13.317344450258876,True
BPA2014,-0.04166666567325592,0.32393162647883095,8.04485673561309,1.062629165900665,13.208801608568152,True
BPA2014,-0.013888888557751973,0.32393162647883095,8.022828424679675,1.0480569858142113,13.063435117099075,True
BPA2014,0.013888888557751973,0.32393162647883095,8.002649246135224,1.0487261694767673,13.10473740909282,True
BPA2014,0.04166666567325592,0.32393162647883095,8.005470451347003,1.0517912068908868,13.138405959813543,True
BPA2014,0.06944444278875987,0.32393162647883095,8.03624180256957,1.0527711949918093,13.100292659874768,True
BPA2014,0.09722221990426382,0.32393162647883095,8.047712243517392,1.011086356335408,12.563649466341943,True
BPA2014,0.12499999701976776,0.32393162647883095,8.04000187951443,1.010305520855135,12.565986127806125,True
BPA2014,0.15277777413527172,0.32393162647883095,8.03177019720495,0.9874137868220866,12.293850080094497,True
BPA2014,0.18055555125077566,0.32393162647883095,8.021103023724402,0.9917151334031136,12.363824906248805,True
BPA2014,0.2083333283662796,0.32393162647883095,7.998469856259133,1.0063105795165646,12.581288641465404,True
BPA2014,0.23611110548178355,0.32393162647883095,7.972534052483073,1.020575785415432,12.801146770863529,True
BPA2014,0.2638888825972875,0.32393162647883095,7.952950963547006,1.0266922645517043,12.90957619703216,True
BPA2014,0.29166665971279143,0.32393162647883095,7.921406179937659,1.0389153581353552,13.115289565211153,True
BPA2014,0.3194444368282954,0.32393162647883095,7.904969054889587,1.0382107701636711,13.133647493806317,True
BPA2014,0.3472222139437993,0.32393162647883095,7.8808315873655435,1.043847536850491,13.245398347605535,True
BPA2014,0.37499999105930326,0.32393162647883095,7.856524824884765,1.0489164872942385,13.350896365424816,True
BPA2014,-0.4027777681748072,0.35299145579338076,8.26018976139166,1.0900936471493217,13.196956469988711,True
BPA2014,-0.37499999105930326,0.35299145579338076,8.252159733626238,1.0925583833835455,13.239665962009243,True
BPA2014,-0.3472222139437993,0.35299145579338076,8.259156243603176,1.0810944463570271,13.089647591960121,True
BPA2014,-0.3194444368282954,0.35299145579338076,8.241176155292033,1.0927468070922397,13.25959773824926,True
BPA2014,-0.29166665971279143,0.35299145579338076,8.214639717795508,1.0995438457687938,13.385174317345093,True
BPA2014,-0.2638888825972875,0.35299145579338076,8.205956791368562,1.0928274546616583,13.317489750995875,True
BPA2014,-0.23611110548178355,0.35299145579338076,8.226111352146548,1.072601375481158,13.038984394507011,True
BPA2014,-0.2083333283662796,0.35299145579338076,8.22276153050851,1.0785721647987976,13.116909213492619,True
BPA2014,-0.18055555125077566,0.35299145579338076,8.205104181268174,1.0803092752056545,13.1663078413062,True
BPA2014,-0.15277777413527172,0.35299145579338076,8.204402154174105,1.0699808803417612,13.041545992444965,True
BPA2014,-0.12499999701976776,0.35299145579338076,8.206544848455184,1.0432239955731406,12.71209765909607,True
BPA2014,-0.09722221990426382,0.35299145579338076,8.180588313123232,1.0628179084207572,12.991949573061797,True
BPA2014,-0.06944444278875987,0.35299145579338076,8.140370945914887,1.072561294883345,13.175828251679272,True
BPA2014,-0.04166666567325592,0.35299145579338076,8.126408617843834,1.0787735291614464,13.274911217148166,True
BPA2014,-0.013888888557751973,0.35299145579338076,8.09876035694754,1.0553908352838728,13.031510858059942,True
BPA2014,0.013888888557751973,0.35299145579338076,8.10236524557372,1.0693356011496844,13.197820250498543,True
BPA2014,0.04166666567325592,0.35299145579338076,8.09282530263454,1.0604546656325726,13.103639655823931,True
BPA2014,0.06944444278875987,0.35299145579338076,8.118010409885139,1.0388190321126538,12.796473269456573,True
BPA2014,0.09722221990426382,0.35299145579338076,8.104406469981036,1.0495416839622704,12.950259687119644,True
BPA2014,0.12499999701976776,0.35299145579338076,8.124193661467796,0.9880770328575124,12.162155089234993,True
BPA2014,0.15277777413527172,0.35299145579338076,8.111048829902478,0.9892910083500555,12.196832112548755,True
BPA2014,0.18055555125077566,0.35299145579338076,8.088430610577454,0.9992319078760034,12.35384162867493,True
BPA2014,0.2083333283662796,0.35299145579338076,8.035527764943032,1.0452846099578665,13.008288198793588,True
BPA2014,0.23611110548178355,0.35299145579338076,8.008076935779481,1.0576334246781527,13.207083712604293,True
BPA2014,0.2638888825972875,0.35299145579338076,8.012545297535308,1.0433839152741162,13.021878523358431,True
BPA2014,0.29166665971279143,0.35299145579338076,7.991678734036327,1.0404402625622469,13.019045149188019,True
BPA2014,0.3194444368282954,0.35299145579338076,7.9586093166134795,1.0479448321227425,13.167436551197117,True
BPA2014,0.3472222139437993,0.35299145579338076,7.953896276597536,1.0513927388117232,13.218587497868162,True
BPA2014,0.37499999105930326,0.35299145579338076,7.900256443274747,1.055288322182188,13.357646422737627,True
BPA2014,0.4027777681748072,0.35299145579338076,7.899059169144391,1.0585044523710743,13.400386422041818,True
BPA2014,-0.4305555452903112,0.3820512851079305,8.308027482460096,1.109644289453248,13.356290549061475,True
BPA2014,-0.4027777681748072,0.3820512851079305,8.318305943091817,1.106674937392166,13.304090339586958,True
BPA2014,-0.37499999105930326,0.3820512851079305,8.317791800504668,1.1006694216514845,13.23271185490244,True
BPA2014,-0.3472222139437993,0.3820512851079305,8.315532290408408,1.0984820663743589,13.210003016179837,True
BPA2014,-0.3194444368282954,0.3820512851079305,8.311633059588116,1.097872904824677,13.20887119238493,True
BPA2014,-0.29166665971279143,0.3820512851079305,8.30209545755518,1.0916144618941317,13.148661894759673,True
BPA2014,-0.2638888825972875,0.3820512851079305,8.298941093944604,1.087131498569903,13.099641101961046,True
BPA2014,-0.23611110548178355,0.3820512851079305,8.29391795269191,1.0829659816007633,13.057351034552628,True
BPA2014,-0.2083333283662796,0.3820512851079305,8.294974129841512,1.0845387269333717,13.074648696391938,True
BPA2014,-0.18055555125077566,0.3820512851079305,8.278254275330562,1.0876414132607404,13.138535941109508,True
BPA2014,-0.15277777413527172,0.3820512851079305,8.273231164677972,1.0706091091855596,12.940640577728038,True
BPA2014,-0.12499999701976776,0.3820512851079305,8.268637051882903,1.0729910870997037,12.976637871115242,True
BPA2014,-0.09722221990426382,0.3820512851079305,8.256792264825055,1.0722839081356519,12.986688701176515,True
BPA2014,-0.06944444278875987,0.3820512851079305,8.226946994501153,1.058098293030661,12.861372435459813,True
BPA2014,-0.04166666567325592,0.3820512851079305,8.211933186393178,1.0588397737793342,12.893916082193488,True
BPA2014,-0.013888888557751973,0.3820512851079305,8.192651202269484,1.0530180002835765,12.853201903577624,True
BPA2014,0.013888888557751973,0.3820512851079305,8.172771476133075,1.0627643355156025,13.003720202127155,True
BPA2014,0.04166666567325592,0.3820512851079305,8.177238154884328,1.0579483386492956,12.937721986455472,True
BPA2014,0.06944444278875987,0.3820512851079305,8.17494007338398,1.06531913887351,13.031522302432316,True
BPA2014,0.09722221990426382,0.3820512851079305,8.17038309378902,1.0521370545050714,12.877450695119636,True
BPA2014,0.12499999701976776,0.3820512851079305,8.166971475284363,1.036643911496717,12.693125164375848,True
BPA2014,0.15277777413527172,0.3820512851079305,8.164251173844848,1.0138605515373784,12.418292014158034,True
BPA2014,0.18055555125077566,0.3820512851079305,8.141133943673452,1.0193373127705372,12.520827194627762,True
BPA2014,0.2083333283662796,0.3820512851079305,8.121708139161782,1.029154535302319,12.671651303743293,True
BPA2014,0.23611110548178355,0.3820512851079305,8.093582792378298,1.0460550871543703,12.924499742430969,True
BPA2014,0.2638888825972875,0.3820512851079305,8.07640849604118,1.0460329201609155,12.951708926977263,True
BPA2014,0.29166665971279143,0.3820512851079305,8.02293095025631,1.0607467778440942,13.221437208183954,True
BPA2014,0.3194444368282954,0.3820512851079305,8.013484153968378,1.0510675061376056,13.116236158239655,True
BPA2014,0.3472222139437993,0.3820512851079305,7.996735535379811,1.0594399633959461,13.24840566139377,True
BPA2014,0.37499999105930326,0.3820512851079305,7.973376319755532,1.0669190098061754,13.38101911937461,True
BPA2014,0.4027777681748072,0.3820512851079305,7.951048219813307,1.0581025651010723,13.307711585302357,True
BPA2014,0.4305555452903112,0.3820512851079305,7.9445268373183255,1.0598936236445642,13.34117997645699,True
BPA2014,-0.4305555452903112,0.4111111144224803,8.374091882604917,1.1185003298842469,13.356676109652579,True
BPA2014,-0.4027777681748072,0.4111111144224803,8.371687833018683,1.1163952259749619,13.33536615605517,True
BPA2014,-0.37499999105930326,0.4111111144224803,8.373978861199989,1.1153187270727776,13.318862461433929,True
BPA2014,-0.3472222139437993,0.4111111144224803,8.385389999187778,1.0999052101796063,13.116923724312702,True
BPA2014,-0.3194444368282954,0.4111111144224803,8.372733682640405,1.0969172015564574,13.101064038746976,True
BPA2014,-0.29166665971279143,0.4111111144224803,8.387713708257237,1.0844034605763073,12.928474889513367,True
BPA2014,-0.2638888825972875,0.4111111144224803,8.379536937795951,1.0810680687641028,12.901286512479453,True
BPA2014,-0.23611110548178355,0.4111111144224803,8.370209497130123,1.0838021747307875,12.948327937340023,True
BPA2014,-0.2083333283662796,0.4111111144224803,8.344768175388156,1.0987307196869485,13.16670153794705,True
BPA2014,-0.18055555125077566,0.4111111144224803,8.34665610868191,1.088331591757189,13.039133008309076,True
BPA2014,-0.15277777413527172,0.4111111144224803,8.34699564719801,1.078574275873108,12.921706461356225,True
BPA2014,-0.12499999701976776,0.4111111144224803,8.341771647003391,1.06581515670959,12.776844078349495,True
BPA2014,-0.09722221990426382,0.4111111144224803,8.3435248940338,1.0489106161335346,12.571552544699404,True
BPA2014,-0.06944444278875987,0.4111111144224803,8.327941756089734,1.039790463077901,12.48556358259306,True
BPA2014,-0.04166666567325592,0.4111111144224803,8.29617313287651,1.0102894279148542,12.177776569189792,True
BPA2014,-0.013888888557751973,0.4111111144224803,8.258856454594351,1.0390384021391912,12.580899157790551,True
BPA2014,0.013888888557751973,0.4111111144224803,8.25565485975629,1.0467442609976414,12.679118480354465,True
BPA2014,0.04166666567325592,0.4111111144224803,8.239177541499688,1.074548244733363,13.041935791782619,True
BPA2014,0.06944444278875987,0.4111111144224803,8.242990265886618,1.0576712910115393,12.831160257324118,True
BPA2014,0.09722221990426382,0.4111111144224803,8.240293113409606,1.0509193605225835,12.753422069566916,True
BPA2014,0.12499999701976776,0.4111111144224803,8.218109782457887,1.0532302685474795,12.815967374829562,True
BPA2014,0.15277777413527172,0.4111111144224803,8.231204108587008,1.0189484036786445,12.379092903499389,True
BPA2014,0.18055555125077566,0.4111111144224803,8.222164109796681,0.9944708794359259,12.095001585422228,True
BPA2014,0.2083333283662796,0.4111111144224803,8.200230322518296,1.0017745579718182,12.216419765928874,True
BPA2014,0.23611110548178355,0.4111111144224803,8.160401163257358,1.0431284571897244,12.78280854483559,True
BPA2014,0.2638888825972875,0.4111111144224803,8.147142973686144,1.0347237434910812,12.700449063347227,True
BPA2014,0.29166665971279143,0.4111111144224803,8.118467345617947,1.0595903580933295,13.051605838696362,True
BPA2014,0.3194444368282954,0.4111111144224803,8.09627093313105,1.0621267215749128,13.11871515105238,True
BPA2014,0.3472222139437993,0.4111111144224803,8.064929441170207,1.058504830844843,13.124787247875238,True
BPA2014,0.37499999105930326,0.4111111144224803,8.04840528948728,1.068686908511604,13.278244199599499,True
BPA2014,0.4027777681748072,0.4111111144224803,8.020873951506406,1.074255078315063,13.393242242802064,True
BPA2014,0.4305555452903112,0.4111111144224803,7.994198023533514,1.070621573281833,13.39248252457734,True
BPA2014,-0.45833332240581515,0.44017094373703003,8.433991391216589,1.1235036922907682,13.32113871328845,True
BPA2014,-0.4305555452903112,0.44017094373703003,8.431147633744047,1.120239599605293,13.286917134765252,True
BPA2014,-0.4027777681748072,0.44017094373703003,8.438315427683047,1.1176807769064085,13.245306915639867,True
BPA2014,-0.37499999105930326,0.44017094373703003,8.435584370314594,1.1108618473366572,13.168759846038135,True
BPA2014,-0.3472222139437993,0.44017094373703003,8.434885632729314,1.1060834212891848,13.113199982194477,True
BPA2014,-0.3194444368282954,0.44017094373703003,8.434879696313331,1.1071417525823881,13.12575629343346,True
BPA2014,-0.29166665971279143,0.44017094373703003,8.431360426718138,1.0923048774754835,12.955262522215023,True
BPA2014,-0.2638888825972875,0.44017094373703003,8.427037415354462,1.0920631971097172,12.95904056531096,True
BPA2014,-0.23611110548178355,0.44017094373703003,8.424931777773402,1.0927460703771188,12.970384795993176,True
BPA2014,-0.2083333283662796,0.44017094373703003,8.414908781930858,1.0949820021022987,13.012404893247668,True
BPA2014,-0.18055555125077566,0.44017094373703003,8.41950619953488,1.0837017218107752,12.871321620627137,True
BPA2014,-0.15277777413527172,0.44017094373703003,8.408620556764891,1.0724866539323277,12.754608757669441,True
BPA2014,-0.12499999701976776,0.44017094373703003,8.388249699303364,1.08980361470204,12.992026391304817,True
BPA2014,-0.09722221990426382,0.44017094373703003,8.415565429102525,1.0289651734607033,12.226928566229885,True
BPA2014,-0.06944444278875987,0.44017094373703003,8.389110877426866,1.0418087374495582,12.418583478885964,True
BPA2014,-0.04166666567325592,0.44017094373703003,8.368952155037704,1.0373888970662233,12.395684404071607,True
BPA2014,-0.013888888557751973,0.44017094373703003,8.35702034134513,1.0485805241378845,12.547301326409205,True
BPA2014,0.013888888557751973,0.44017094373703003,8.312200400418812,1.0730845295403082,12.909752867438574,True
BPA2014,0.04166666567325592,0.44017094373703003,8.318140549645587,1.0683892929205208,12.844088009140957,True
BPA2014,0.06944444278875987,0.44017094373703003,8.308886396177446,1.0629840461883102,12.793339510302399,True
BPA2014,0.09722221990426382,0.44017094373703003,8.306510498667219,1.0462812133915746,12.595917546356567,True
BPA2014,0.12499999701976776,0.44017094373703003,8.295838949374831,1.0328231347370818,12.449893748418472,True
BPA2014,0.15277777413527172,0.44017094373703003,8.287029262105868,1.0355592298025844,12.496145446690894,True
BPA2014,0.18055555125077566,0.44017094373703003,8.274887516546908,1.006631425664663,12.164895578964051,True
BPA2014,0.2083333283662796,0.44017094373703003,8.237269121450721,1.0412169753699887,12.640317561782089,True
BPA2014,0.23611110548178355,0.44017094373703003,8.214384712007481,1.0500382077527683,12.78291977508506,True
BPA2014,0.2638888825972875,0.44017094373703003,8.206236782123952,1.0374510838875688,12.642227021129823,True
BPA2014,0.29166665971279143,0.44017094373703003,8.186444097922413,1.0512919200214832,12.841862809376345,True
BPA2014,0.3194444368282954,0.44017094373703003,8.16329374316162,1.0653572446993547,13.050580785382163,True
BPA2014,0.3472222139437993,0.44017094373703003,8.157375228193242,1.0493132938606342,12.863369215063608,True
BPA2014,0.37499999105930326,0.44017094373703003,8.131121061158257,1.0646978893342265,13.094109426315232,True
BPA2014,0.4027777681748072,0.44017094373703003,8.1048451680647,1.0687765323176255,13.186884020053787,True
BPA2014,0.4305555452903112,0.44017094373703003,8.09523273352982,1.0641550895945249,13.145453931013964,True
BPA2014,0.45833332240581515,0.44017094373703003,8.074824880568533,1.0632515087871812,13.167486905453728,True
BPA2014,-0.45833332240581515,0.4692307730515798,8.475249773233639,1.131804096699296,13.354227037340383,True
BPA2014,-0.4305555452903112,0.4692307730515798,8.48253415348728,1.1151947647214044,13.14695283912218,True
BPA2014,-0.4027777681748072,0.4692307730515798,8.48737445924666,1.1085758614697852,13.061469913844034,True
BPA2014,-0.37499999105930326,0.4692307730515798,8.500522289620116,1.1074584727589523,13.02812268501732,True
BPA2014,-0.3472222139437993,0.4692307730515798,8.497681316755004,1.1045875337475648,12.998693320843099,True
BPA2014,-0.3194444368282954,0.4692307730515798,8.493750078248343,1.098854741128966,12.937215376080168,True
BPA2014,-0.29166665971279143,0.4692307730515798,8.492183568221813,1.1009920280574297,12.964769534391582,True
BPA2014,-0.2638888825972875,0.4692307730515798,8.484950075905523,1.0925602231387093,12.876448457147935,True
BPA2014,-0.23611110548178355,0.4692307730515798,8.48106831773236,1.0991096314980822,12.959565827338581,True
BPA2014,-0.2083333283662796,0.4692307730515798,8.472105844251177,1.103191229176066,13.021452392791414,True
BPA2014,-0.18055555125077566,0.4692307730515798,8.456759688646528,1.1046425334271315,13.062243389866564,True
BPA2014,-0.15277777413527172,0.4692307730515798,8.448190227325718,1.1063735116977864,13.095982475858737,True
BPA2014,-0.12499999701976776,0.4692307730515798,8.445051041356056,1.09771266067666,12.998295158917072,True
BPA2014,-0.09722221990426382,0.4692307730515798,8.44496237761683,1.0760992718686768,12.742499300184592,True
BPA2014,-0.06944444278875987,0.4692307730515798,8.426919008334972,1.0760380974961754,12.769057070939901,True
BPA2014,-0.04166666567325592,0.4692307730515798,8.408843432466206,1.0805724560682088,12.850429012581706,True
BPA2014,-0.013888888557751973,0.4692307730515798,8.39314214760345,1.0840415728279158,12.915801421729158,True
BPA2014,0.013888888557751973,0.4692307730515798,8.390820121538532,1.0668589037453733,12.714596288470489,True
BPA2014,0.04166666567325592,0.4692307730515798,8.381492971573374,1.0661147396395523,12.719866773800101,True
BPA2014,0.06944444278875987,0.4692307730515798,8.386932273948858,1.039881470364109,12.398829946369613,True
BPA2014,0.09722221990426382,0.4692307730515798,8.359862905414472,1.0642768646002787,12.730793275461174,True
BPA2014,0.12499999701976776,0.4692307730515798,8.361943619228322,1.0346974139869038,12.373886516139777,True
BPA2014,0.15277777413527172,0.4692307730515798,8.333710743754704,1.049932258500103,12.598616520100892,True
BPA2014,0.18055555125077566,0.4692307730515798,8.317649081719592,1.049543711546322,12.618273519773679,True
BPA2014,0.2083333283662796,0.4692307730515798,8.297567578638763,1.0564640801160743,12.732214231503614,True
BPA2014,0.23611110548178355,0.4692307730515798,8.27958891323147,1.055464085740005,12.74778369797184,True
BPA2014,0.2638888825972875,0.4692307730515798,8.251805874271547,1.0487014887988393,12.708751330040426,True
BPA2014,0.29166665971279143,0.4692307730515798,8.231015795678964,1.0571701834928702,12.843738971414108,True
BPA2014,0.3194444368282954,0.4692307730515798,8.225828301382837,1.0601753089408497,12.888371481843652,True
BPA2014,0.3472222139437993,0.4692307730515798,8.221819292766305,1.0444090386153158,12.70289459577644,True
BPA2014,0.37499999105930326,0.4692307730515798,8.191859914734534,1.0620698766490801,12.964941877713954,True
BPA2014,0.4027777681748072,0.4692307730515798,8.152175906965214,1.075061869629679,13.187422375308987,True
BPA2014,0.4305555452903112,0.4692307730515798,8.12843019699818,1.0813598532862245,13.303427932315511,True
BPA2014,0.45833332240581515,0.4692307730515798,8.112067996252199,1.0752018022528456,13.25434898659124,True
BPA2014,-0.45833332240581515,0.49829060236612954,8.515948954042027,1.110056548979961,13.035030564069801,True
BPA2014,-0.4305555452903112,0.49829060236612954,8.537342252062107,1.119597983260628,13.114127912468318,True
BPA2014,-0.4027777681748072,0.49829060236612954,8.533264745160754,1.12225280126317,13.15150572235092,True
BPA2014,-0.37499999105930326,0.49829060236612954,8.53042121718882,1.1156287789200268,13.07823787964927,True
BPA2014,-0.3472222139437993,0.49829060236612954,8.539890871738363,1.1169385540859427,13.079072916286352,True
BPA2014,-0.3194444368282954,0.49829060236612954,8.55105346055559,1.1043806933202278,12.915141957824606,True
BPA2014,-0.29166665971279143,0.49829060236612954,8.544926574324966,1.1053495581184627,12.935740857501553,True
BPA2014,-0.2638888825972875,0.49829060236612954,8.542447768737008,1.1022734083006045,12.903484319033472,True
BPA2014,-0.23611110548178355,0.49829060236612954,8.526023296822984,1.1108564502620368,13.029010261747356,True
BPA2014,-0.2083333283662796,0.49829060236612954,8.524284110530637,1.1075336640851592,12.99268829762427,True
BPA2014,-0.18055555125077566,0.49829060236612954,8.517100175047945,1.1063694110992013,12.98997767268803,True
BPA2014,-0.15277777413527172,0.49829060236612954,8.508779721899028,1.1000580106426945,12.928504986578481,True
BPA2014,-0.12499999701976776,0.49829060236612954,8.505943507346757,1.0993186698607667,12.92412380720919,True
BPA2014,-0.09722221990426382,0.49829060236612954,8.498396318284142,1.0895309371094009,12.820429835277219,True
BPA2014,-0.06944444278875987,0.49829060236612954,8.480747781867532,1.0953513454687342,12.915740140399844,True
BPA2014,-0.04166666567325592,0.49829060236612954,8.46962087274663,1.090224091205684,12.87217111115073,True
BPA2014,-0.013888888557751973,0.49829060236612954,8.453536842051124,1.0791234782518881,12.765348970668885,True
BPA2014,0.013888888557751973,0.49829060236612954,8.450673332225257,1.0645029691574883,12.596664517822276,True
BPA2014,0.04166666567325592,0.49829060236612954,8.443053207865821,1.047978158824459,12.412312619895948,True
BPA2014,0.06944444278875987,0.49829060236612954,8.432431414307702,1.0525757702476741,12.48247057736775,True
BPA2014,0.09722221990426382,0.49829060236612954,8.427728885420054,1.0453309335814829,12.40347130043424,True
BPA2014,0.12499999701976776,0.49829060236612954,8.431524886861855,1.004925814347057,11.918672219220387,True
BPA2014,0.15277777413527172,0.49829060236612954,8.399204528860022,1.0380392918187833,12.35878098041352,True
BPA2014,0.18055555125077566,0.49829060236612954,8.370286685838304,1.0603107960197273,12.667556510503616,True
BPA2014,0.2083333283662796,0.49829060236612954,8.340377308341466,1.0748915166504671,12.88780443512352,True
BPA2014,0.23611110548178355,0.49829060236612954,8.321637955481851,1.0685742518058363,12.840912540564405,True
BPA2014,0.2638888825972875,0.49829060236612954,8.28875674386678,1.0799888314003454,13.02956359769488,True
BPA2014,0.29166665971279143,0.49829060236612954,8.262553204668363,1.0845918440983067,13.126594373825146,True
BPA2014,0.3194444368282954,0.49829060236612954,8.261419058508345,1.0842961564079063,13.124817282948523,True
BPA2014,0.3472222139437993,0.49829060236612954,8.2584895749045,1.0683398486093632,12.936261999479695,True
BPA2014,0.37499999105930326,0.49829060236612954,8.233826046061134,1.0686628880071714,12.978934483542973,True
BPA2014,0.4027777681748072,0.49829060236612954,8.190630020916245,1.0800498085726182,13.186406977418304,True
BPA2014,0.4305555452903112,0.49829060236612954,8.172475405034225,1.083563035420944,13.25868823971586,True
BPA2014,0.45833332240581515,0.49829060236612954,8.17945768597272,1.0721203158403025,13.107474321664684,True
BPA2014,-0.4861110995213191,0.5273504316806793,8.590789427265044,1.128842700163047,13.140150968901404,True
BPA2014,-0.45833332240581515,0.5273504316806793,8.576501437815386,1.1284409905455812,13.157357912517517,True
BPA2014,-0.4305555452903112,0.5273504316806793,8.575635195378258,1.13800454543957,13.270207040207177,True
BPA2014,-0.4027777681748072,0.5273504316806793,8.589610635584616,1.1235780198330627,13.080662995111314,True
BPA2014,-0.37499999105930326,0.5273504316806793,8.576807056139941,1.1333027111580585,13.21357357977119,True
BPA2014,-0.3472222139437993,0.5273504316806793,8.589150731643821,1.1213718109299522,13.055677400079112,True
BPA2014,-0.3194444368282954,0.5273504316806793,8.601987634578428,1.1111315609044174,12.917149013768286,True
BPA2014,-0.29166665971279143,0.5273504316806793,8.609122120327545,1.0968727027063374,12.740819416609758,True
BPA2014,-0.2638888825972875,0.5273504316806793,8.591546259107075,1.1163689331191524,12.993806928942467,True
BPA2014,-0.23611110548178355,0.5273504316806793,8.578367629750446,1.1206379878195303,13.063534184907985,True
BPA2014,-0.2083333283662796,0.5273504316806793,8.574182242258042,1.1198843418732471,13.061121285174849,True
BPA2014,-0.18055555125077566,0.5273504316806793,8.582932335866252,1.1001988480945164,12.818449511678182,True
BPA2014,-0.15277777413527172,0.5273504316806793,8.558613073251719,1.1096452007732263,12.965245551772947,True
BPA2014,-0.12499999701976776,0.5273504316806793,8.551043178927834,1.1105455436593494,12.987252203287253,True
BPA2014,-0.09722221990426382,0.5273504316806793,8.525794056304507,1.1203674440693858,13.140916103185907,True
BPA2014,-0.06944444278875987,0.5273504316806793,8.523922631755307,1.1131982750936706,13.059694734282601,True
BPA2014,-0.04166666567325592,0.5273504316806793,8.51304832631592,1.1059365730580013,12.991075942083874,True
BPA2014,-0.013888888557751973,0.5273504316806793,8.506979916843092,1.091414440446147,12.82963461904077,True
BPA2014,0.013888888557751973,0.5273504316806793,8.500856090620694,1.079666952997482,12.700684983818492,True
BPA2014,0.04166666567325592,0.5273504316806793,8.502249419479943,1.0613141484288187,12.48274540143679,True
BPA2014,0.06944444278875987,0.5273504316806793,8.491668828933024,1.0544107526162674,12.417002757145369,True
BPA2014,0.09722221990426382,0.5273504316806793,8.4791818073425,1.0522520773873079,12.40983035033069,True
BPA2014,0.12499999701976776,0.5273504316806793,8.465803252346511,1.0455681899491696,12.350490069083095,True
BPA2014,0.15277777413527172,0.5273504316806793,8.452375630118162,1.0437835170693313,12.34899586513927,True
BPA2014,0.18055555125077566,0.5273504316806793,8.444389666471661,1.02850965480637,12.179798605102913,True
BPA2014,0.2083333283662796,0.5273504316806793,8.407169103048822,1.0664673636980582,12.685213662602655,True
BPA2014,0.23611110548178355,0.5273504316806793,8.374905309299596,1.0823421116485668,12.923634019440447,True
BPA2014,0.2638888825972875,0.5273504316806793,8.345462475961472,1.0861568822105299,13.014939379802254,True
BPA2014,0.29166665971279143,0.5273504316806793,8.300918134678733,1.1026872321145436,13.283918889741228,True
BPA2014,0.3194444368282954,0.5273504316806793,8.298282427167514,1.090665260615794,13.143265129722453,True
BPA2014,0.3472222139437993,0.5273504316806793,8.280512377823097,1.0925188595231226,13.193855762465995,True
BPA2014,0.37499999105930326,0.5273504316806793,8.269120273086646,1.0600895585737182,12.819858988192156,True
BPA2014,0.4027777681748072,0.5273504316806793,8.263884537760328,1.075899741519856,13.019297844781427,True
BPA2014,0.4305555452903112,0.5273504316806793,8.240306302045141,1.0844932104395602,13.160836147200044,True
BPA2014,0.45833332240581515,0.5273504316806793,8.221314070103217,1.0805782086966174,13.143619128067819,True
BPA2014,0.4861110995213191,0.5273504316806793,8.186870448872709,1.0792963055864382,13.183258637432719,True
BPA2014,-0.4861110995213191,0.5564102609952291,8.628177235439113,1.1370638270613749,13.178494090165808,True
BPA2014,-0.45833332240581515,0.5564102609952291,8.628678143490605,1.150433849501582,13.332677733141068,True
BPA2014,-0.4305555452903112,0.5564102609952291,8.63117639543096,1.1460570560116576,13.278109535779384,True
BPA2014,-0.4027777681748072,0.5564102609952291,8.629928692364622,1.1490905810322558,13.315180484039457,True
BPA2014,-0.37499999105930326,0.5564102609952291,8.631890861458677,1.138622665776284,13.190883481396003,True
BPA2014,-0.3472222139437993,0.5564102609952291,8.638567156871574,1.141266589191509,13.211294980599709,True
BPA2014,-0.3194444368282954,0.5564102609952291,8.640773086223343,1.1325962640967084,13.107580222219873,True
BPA2014,-0.29166665971279143,0.5564102609952291,8.644717069664374,1.1275690460062189,13.043446499400543,True
BPA2014,-0.2638888825972875,0.5564102609952291,8.641149421338724,1.1197349606120988,12.958171488702536,True
BPA2014,-0.23611110548178355,0.5564102609952291,8.633824450075565,1.11961644234127,12.967792532907835,True
BPA2014,-0.2083333283662796,0.5564102609952291,8.626408627167375,1.123879562675148,13.028359903282169,True
BPA2014,-0.18055555125077566,0.5564102609952291,8.623253651555087,1.1164127367395387,12.946537140748593,True
BPA2014,-0.15277777413527172,0.5564102609952291,8.60719000051461,1.1223066239165462,13.039175664176641,True
BPA2014,-0.12499999701976776,0.5564102609952291,8.582404438542001,1.1322384657211635,13.192555464252983,True
BPA2014,-0.09722221990426382,0.5564102609952291,8.581439113037495,1.12192538408623,13.073860564735885,True
BPA2014,-0.06944444278875987,0.5564102609952291,8.567910449336521,1.115767027842966,13.022627097244795,True
BPA2014,-0.04166666567325592,0.5564102609952291,8.56842733063109,1.1056539822731384,12.90381466293773,True
BPA2014,-0.013888888557751973,0.5564102609952291,8.568006028694418,1.0811400162379838,12.618338649823832,True
BPA2014,0.013888888557751973,0.5564102609952291,8.560526175113425,1.0752796281791297,12.560905792276051,True
BPA2014,0.04166666567325592,0.5564102609952291,8.539660238916147,1.0860594430917443,12.717829664258245,True
BPA2014,0.06944444278875987,0.5564102609952291,8.53053794120373,1.077290980872489,12.628640635533875,True
BPA2014,0.09722221990426382,0.5564102609952291,8.510694460865052,1.0842955001803962,12.740388051366908,True
BPA2014,0.12499999701976776,0.5564102609952291,8.51076721256137,1.0608288371988488,12.46455003061452,True
BPA2014,0.15277777413527172,0.5564102609952291,8.494809407206485,1.0601227872255827,12.479653590888553,True
BPA2014,0.18055555125077566,0.5564102609952291,8.474904374801785,1.0705050560142484,12.631470618089255,True
BPA2014,0.2083333283662796,0.5564102609952291,8.454103295479447,1.073734052954851,12.7007444246511,True
BPA2014,0.23611110548178355,0.5564102609952291,8.405113037601442,1.1013730724992812,13.10360809631156,True
BPA2014,0.2638888825972875,0.5564102609952291,8.376817018857519,1.1034056865893398,13.172135479447643,True
BPA2014,0.29166665971279143,0.5564102609952291,8.379795707394127,1.0898934686772654,13.006205720690422,True
BPA2014,0.3194444368282954,0.5564102609952291,8.368017597916205,1.0787731289538405,12.891621179459223,True
BPA2014,0.3472222139437993,0.5564102609952291,8.365994412257567,1.059319284989265,12.662204070291832,True
BPA2014,0.37499999105930326,0.5564102609952291,8.349126942948372,1.056441713108152,12.653319566549614,True
BPA2014,0.4027777681748072,0.5564102609952291,8.31102038473508,1.0842940831673564,13.046461601260036,True
BPA2014,0.4305555452903112,0.5564102609952291,8.285734848013544,1.0777445087293178,13.007229032771919,True
BPA2014,0.45833332240581515,0.5564102609952291,8.277733767926222,1.0674385531922674,12.895299403422191,True
BPA2014,0.4861110995213191,0.5564102609952291,8.260368481173902,1.0747204043851637,13.010562504984433,True
BPA2014,-0.4861110995213191,0.5854700903097788,8.675374251978853,1.1500007850819371,13.255921320277588,True
BPA2014,-0.45833332240581515,0.5854700903097788,8.678029864843872,1.1578894685025705,13.342768883446363,True
BPA2014,-0.4305555452903112,0.5854700903097788,8.687643691682418,1.161181445483625,13.365896285495046,True
BPA2014,-0.4027777681748072,0.5854700903097788,8.686020984604244,1.1579338609733942,13.331004645577108,True
BPA2014,-0.37499999105930326,0.5854700903097788,8.679301864375743,1.1567905034219699,13.328151520688833,True
BPA2014,-0.3472222139437993,0.5854700903097788,8.680563337479336,1.1524616660337859,13.276346490761714,True
BPA2014,-0.3194444368282954,0.5854700903097788,8.68361867922274,1.144630821623999,13.181495686386516,True
BPA2014,-0.29166665971279143,0.5854700903097788,8.665426042738108,1.145613496326437,13.220509766931727,True
BPA2014,-0.2638888825972875,0.5854700903097788,8.683617807120351,1.1387915474975197,13.114252294288434,True
BPA2014,-0.23611110548178355,0.5854700903097788,8.687063789517845,1.126275040871922,12.964968004850268,True
BPA2014,-0.2083333283662796,0.5854700903097788,8.685345273581206,1.118039436471023,12.87271146113026,True
BPA2014,-0.18055555125077566,0.5854700903097788,8.68270335425315,1.11120795145197,12.79794905013833,True
BPA2014,-0.15277777413527172,0.5854700903097788,8.65463625472682,1.1222860307736084,12.96745464213658,True
BPA2014,-0.12499999701976776,0.5854700903097788,8.642390530087301,1.1224715380234247,12.98797519176776,True
BPA2014,-0.09722221990426382,0.5854700903097788,8.624903791607192,1.13102814909138,13.113516120515712,True
BPA2014,-0.06944444278875987,0.5854700903097788,8.624403174256516,1.1064091232930153,12.828819582502826,True
BPA2014,-0.04166666567325592,0.5854700903097788,8.601571029754332,1.1233673644317461,13.060025436583883,True
BPA2014,-0.013888888557751973,0.5854700903097788,8.613394167253732,1.0918569488874998,12.676268236260505,True
BPA2014,0.013888888557751973,0.5854700903097788,8.603983111862291,1.0819450403686497,12.574932171554062,True
BPA2014,0.04166666567325592,0.5854700903097788,8.57975705709927,1.0835881555330564,12.629590189112031,True
BPA2014,0.06944444278875987,0.5854700903097788,8.569471313647794,1.0848367455511192,12.659319412428646,True
BPA2014,0.09722221990426382,0.5854700903097788,8.559783143908652,1.0806892134501356,12.62519383121499,True
BPA2014,0.12499999701976776,0.5854700903097788,8.544706253730501,1.0806278788828863,12.646752817407842,True
BPA2014,0.15277777413527172,0.5854700903097788,8.52712809750381,1.0819035616983055,12.687783616327009,True
BPA2014,0.18055555125077566,0.5854700903097788,8.515906756528084,1.0822887363400473,12.709025207566905,True
BPA2014,0.2083333283662796,0.5854700903097788,8.497242205570277,1.0851474525220843,12.77058398795232,True
BPA2014,0.23611110548178355,0.5854700903097788,8.4691415530534,1.094375368161773,12.92191612699182,True
BPA2014,0.2638888825972875,0.5854700903097788,8.473617870830706,1.060927301579371,12.520358101484266,True
BPA2014,0.29166665971279143,0.5854700903097788,8.458802137057152,1.0534562467512267,12.45396487211992,True
BPA2014,0.3194444368282954,0.5854700903097788,8.439791315565131,1.0573142613977964,12.52772991493094,True
BPA2014,0.3472222139437993,0.5854700903097788,8.448180435299344,1.0134290018514867,11.995825723809578,True
BPA2014,0.37499999105930326,0.5854700903097788,8.412018726533304,1.033794410324441,12.289492497961668,True
BPA2014,0.4027777681748072,0.5854700903097788,8.370729407832792,1.0773156841155156,12.87003356132182,True
BPA2014,0.4305555452903112,0.5854700903097788,8.354731516369796,1.0631821107632156,12.72550899666944,True
BPA2014,0.45833332240581515,0.5854700903097788,8.330076861550339,1.0543697448320992,12.657383147313084,True
BPA2014,0.4861110995213191,0.5854700903097788,8.31323780441776,1.0597184662549433,12.747361391391877,True
BPA2014,-0.4861110995213191,0.6145299196243286,8.739504436205166,1.1635275049222094,13.313426561145288,True
BPA2014,-0.45833332240581515,0.6145299196243286,8.74740340381694,1.16136114091892,13.2766386469859,True
BPA2014,-0.4305555452903112,0.6145299196243286,8.731091081205523,1.171356818116603,13.415927141546563,True
BPA2014,-0.4027777681748072,0.6145299196243286,8.732440345945866,1.1640290185108857,13.32993954034051,True
BPA2014,-0.37499999105930326,0.6145299196243286,8.718962814982902,1.1692887337960478,13.410869602364977,True
BPA2014,-0.3472222139437993,0.6145299196243286,8.72015557560097,1.166838731163532,13.380939377140832,True
BPA2014,-0.3194444368282954,0.6145299196243286,8.724526124192934,1.1618876087246965,13.31748672862364,True
BPA2014,-0.29166665971279143,0.6145299196243286,8.71949037570623,1.1507967456340469,13.197981717375756,True
BPA2014,-0.2638888825972875,0.6145299196243286,8.730135807828125,1.1410694944724988,13.070466709685391,True
BPA2014,-0.23611110548178355,0.6145299196243286,8.74414981943857,1.120918703560801,12.819070197870547,True
BPA2014,-0.2083333283662796,0.6145299196243286,8.7371312621022,1.1180593592393184,12.796641434116529,True
BPA2014,-0.18055555125077566,0.6145299196243286,8.720542069943754,1.1210830562109289,12.855657907721781,True
BPA2014,-0.15277777413527172,0.6145299196243286,8.708934326425556,1.1201442753984288,12.862013116800872,True
BPA2014,-0.12499999701976776,0.6145299196243286,8.700176980597837,1.118113669369589,12.851619821793065,True
BPA2014,-0.09722221990426382,0.6145299196243286,8.704121912641428,1.0987728634881058,12.62359229932549,True
BPA2014,-0.06944444278875987,0.6145299196243286,8.673958233158425,1.1164540469361586,12.871332982308207,True
BPA2014,-0.04166666567325592,0.6145299196243286,8.641097875499653,1.1221119298436446,12.98575650931116,True
BPA2014,-0.013888888557751973,0.6145299196243286,8.643563094650832,1.1174946112176267,12.92863370094679,True
BPA2014,0.013888888557751973,0.6145299196243286,8.655225352216256,1.0802016868513828,12.480341561237186,True
BPA2014,0.04166666567325592,0.6145299196243286,8.622987828637864,1.1048336292069554,12.812654397327163,True
BPA2014,0.06944444278875987,0.6145299196243286,8.607571996645184,1.087516173596359,12.634412747522997,True
BPA2014,0.09722221990426382,0.6145299196243286,8.620787621501561,1.0541963972170898,12.228539241446605,True
BPA2014,0.12499999701976776,0.6145299196243286,8.60687330496011,1.0612749678098818,12.33055176028062,True
BPA2014,0.15277777413527172,0.6145299196243286,8.573240142216221,1.0853734099145909,12.66001408930576,True
BPA2014,0.18055555125077566,0.6145299196243286,8.567767195050003,1.06528263472345,12.433608552516615,True
BPA2014,0.2083333283662796,0.6145299196243286,8.549353977870275,1.070219043427492,12.518127640962337,True
BPA2014,0.23611110548178355,0.6145299196243286,8.540312433775775,1.0480206509907108,12.271455630193712,True
BPA2014,0.2638888825972875,0.6145299196243286,8.529126497095582,1.046128771106868,12.265368223382612,True
BPA2014,0.29166665971279143,0.6145299196243286,8.514148950085504,1.032637332610678,12.128485638019141,True
BPA2014,0.3194444368282954,0.6145299196243286,8.495058966179775,1.0431985476284655,12.280062466683402,True
BPA2014,0.3472222139437993,0.6145299196243286,8.46070472779042,1.05968273629784,12.524757338678388,True
BPA2014,0.37499999105930326,0.6145299196243286,8.443745580633836,1.063103719122347,12.590428133702062,True
BPA2014,0.4027777681748072,0.6145299196243286,8.421839012128908,1.0598553754974764,12.584607399537095,True
BPA2014,0.4305555452903112,0.6145299196243286,8.414368093772058,1.049286169829747,12.470171950361692,True
BPA2014,0.45833332240581515,0.6145299196243286,8.38757437078131,1.0615133081645054,12.655784154503113,True
BPA2014,0.4861110995213191,0.6145299196243286,8.369071571859932,1.0690134473331436,12.7733815890353,True
BPA2014,-0.4861110995213191,0.6435897489388783,8.80495772210115,1.1505803014476432,13.067414265483574,True
BPA2014,-0.45833332240581515,0.6435897489388783,8.785234331786539,1.1701358481407174,13.319347031040001,True
BPA2014,-0.4305555452903112,0.6435897489388783,8.777179609754487,1.1783896764335966,13.4256074140718,True
BPA2014,-0.4027777681748072,0.6435897489388783,8.770374732794648,1.1730317966220123,13.374933595890148,True
BPA2014,-0.37499999105930326,0.6435897489388783,8.76400807961707,1.175111079540194,13.408375127736516,True
BPA2014,-0.3472222139437993,0.6435897489388783,8.770059873245179,1.172805455882897,13.372832943373336,True
BPA2014,-0.3194444368282954,0.6435897489388783,8.784364432639464,1.158036870315135,13.182932916720716,True
BPA2014,-0.29166665971279143,0.6435897489388783,8.770388319231275,1.1615500985077847,13.243998512138793,True
BPA2014,-0.2638888825972875,0.6435897489388783,8.76811480959728,1.1510139513762945,13.127268248317572,True
BPA2014,-0.23611110548178355,0.6435897489388783,8.791289047722435,1.1233379880102776,12.7778529623173,True
BPA2014,-0.2083333283662796,0.6435897489388783,8.766451373809248,1.1370734742319395,12.970738395117017,True
BPA2014,-0.18055555125077566,0.6435897489388783,8.759771482886562,1.1297186537909663,12.89666809229019,True
BPA2014,-0.15277777413527172,0.6435897489388783,8.76429264508488,1.1085270073877718,12.648219910929685,True
BPA2014,-0.12499999701976776,0.6435897489388783,8.754911715474702,1.10654583597023,12.639143282442934,True
BPA2014,-0.09722221990426382,0.6435897489388783,8.757257686104222,1.07893798758687,12.32050062086102,True
BPA2014,-0.06944444278875987,0.6435897489388783,8.750493277753591,1.0598644495837357,12.112053754480707,True
BPA2014,-0.04166666567325592,0.6435897489388783,8.72351281775898,1.089529146335857,12.489568928217047,True
BPA2014,-0.013888888557751973,0.6435897489388783,8.707249485879794,1.0917458497858734,12.538354982894598,True
BPA2014,0.013888888557751973,0.6435897489388783,8.69024301569551,1.0975175755383568,12.62930822022034,True
BPA2014,0.04166666567325592,0.6435897489388783,8.690192693859686,1.0808623437766993,12.437725857798467,True
BPA2014,0.06944444278875987,0.6435897489388783,8.680805307632149,1.0564691080321746,12.170173971109904,True
BPA2014,0.09722221990426382,0.6435897489388783,8.66255875380211,1.053787783038246,12.164855823641311,True
BPA2014,0.12499999701976776,0.6435897489388783,8.646292897415998,1.0550479811414597,12.202315994369885,True
BPA2014,0.15277777413527172,0.6435897489388783,8.6152783367373,1.0708872379035905,12.430094490819982,True
BPA2014,0.18055555125077566,0.6435897489388783,8.603306987738033,1.0833775017585539,12.592570546449764,True
BPA2014,0.2083333283662796,0.6435897489388783,8.591195735161332,1.0713254665983365,12.470039091458535,True
BPA2014,0.23611110548178355,0.6435897489388783,8.58525290842729,1.0505656654275364,12.236863335689279,True
BPA2014,0.2638888825972875,0.6435897489388783,8.566751670110074,1.0565515313915181,12.333163981837966,True
BPA2014,0.29166665971279143,0.6435897489388783,8.559659290074467,1.0470201147772613,12.232030263066141,True
BPA2014,0.3194444368282954,0.6435897489388783,8.536525474658395,1.0571026899333344,12.3832898182224,True
BPA2014,0.3472222139437993,0.6435897489388783,8.513557695290206,1.0572940980314298,12.41894559094063,True
BPA2014,0.37499999105930326,0.6435897489388783,8.48544735784722,1.074414312737281,12.661846422789697,True
BPA2014,0.4027777681748072,0.6435897489388783,8.461897503708622,1.0745685358263521,12.69890748919374,True
BPA2014,0.4305555452903112,0.6435897489388783,8.467507447444556,1.0433032148663002,12.321255355744187,True
BPA2014,0.45833332240581515,0.6435897489388783,8.426762749013413,1.068077076868999,12.674820790392458,True
BPA2014,0.4861110995213191,0.6435897489388783,8.407967887603997,1.0792749806566662,12.836335664981055,True
BPA2014,-0.4861110995213191,0.6726495782534282,8.86229294379431,1.16175914542954,13.109013127838937,True
BPA2014,-0.45833332240581515,0.6726495782534282,8.843301430954291,1.1682987204739306,13.211114984552303,True
BPA2014,-0.4305555452903112,0.6726495782534282,8.817210255259033,1.1778323675674045,13.358333684567466,True
BPA2014,-0.4027777681748072,0.6726495782534282,8.805526761236464,1.1751808925655367,13.345946522346594,True
BPA2014,-0.37499999105930326,0.6726495782534282,8.80808023102584,1.174763373610937,13.33733734024034,True
BPA2014,-0.3472222139437993,0.6726495782534282,8.82769546534867,1.1696435436557684,13.249704277259758,True
BPA2014,-0.3194444368282954,0.6726495782534282,8.82524602053997,1.1640170391055924,13.189627081176514,True
BPA2014,-0.29166665971279143,0.6726495782534282,8.82429766278128,1.160440031784457,13.150508699167162,True
BPA2014,-0.2638888825972875,0.6726495782534282,8.844291817926354,1.1270380190435239,12.743112080032779,True
BPA2014,-0.23611110548178355,0.6726495782534282,8.831759860114532,1.1332324948336372,12.831332744354546,True
BPA2014,-0.2083333283662796,0.6726495782534282,8.810738857998915,1.1395228630189211,12.933340567509774,True
BPA2014,-0.18055555125077566,0.6726495782534282,8.807646612555908,1.1275267663864224,12.801680357827424,True
BPA2014,-0.15277777413527172,0.6726495782534282,8.814938902930923,1.1017717813137053,12.49891568672554,True
BPA2014,-0.12499999701976776,0.6726495782534282,8.800427180977541,1.1083531072306538,12.594310303781631,True
BPA2014,-0.09722221990426382,0.6726495782534282,8.798062222996794,1.0956815688282893,12.453669240532813,True
BPA2014,-0.06944444278875987,0.6726495782534282,8.786528057377062,1.0856896297391194,12.356298445181514,True
BPA2014,-0.04166666567325592,0.6726495782534282,8.75810025937756,1.1107883773112766,12.682983117507957,True
BPA2014,-0.013888888557751973,0.6726495782534282,8.752864172150323,1.1025416354304955,12.596352619506412,True
BPA2014,0.013888888557751973,0.6726495782534282,8.744176977011861,1.093302273798543,12.503203865530132,True
BPA2014,0.04166666567325592,0.6726495782534282,8.717458331323716,1.102424122082201,12.646164514729625,True
BPA2014,0.06944444278875987,0.6726495782534282,8.713954254669545,1.0808349254610559,12.403495518488281,True
BPA2014,0.09722221990426382,0.6726495782534282,8.700464039972323,1.0729643928718642,12.332266278469412,True
BPA2014,0.12499999701976776,0.6726495782534282,8.682931141267701,1.0716984896607278,12.342588835781791,True
BPA2014,0.15277777413527172,0.6726495782534282,8.672700783965745,1.072699615664482,12.368691626577382,True
BPA2014,0.18055555125077566,0.6726495782534282,8.640937010865594,1.0831413690783207,12.534999013606033,True
BPA2014,0.2083333283662796,0.6726495782534282,8.615520352790277,1.0983318107737368,12.748293379842393,True
BPA2014,0.23611110548178355,0.6726495782534282,8.623988267737111,1.0620082071764165,12.31458316275147,True
BPA2014,0.2638888825972875,0.6726495782534282,8.621692680143541,1.037094424539107,12.028895751847195,True
BPA2014,0.29166665971279143,0.6726495782534282,8.602636371628682,1.06046148449911,12.327168540989252,True
BPA2014,0.3194444368282954,0.6726495782534282,8.571574793923062,1.0810317694556226,12.611822161571002,True
BPA2014,0.3472222139437993,0.6726495782534282,8.540909670887135,1.093019854456869,12.797464164532467,True
BPA2014,0.37499999105930326,0.6726495782534282,8.510481270089917,1.1092799121032015,13.034279459632506,True
BPA2014,0.4027777681748072,0.6726495782534282,8.512450890303983,1.0838177365986585,12.732146717382767,True
BPA2014,0.4305555452903112,0.6726495782534282,8.503926426404634,1.0563642030228244,12.42207599236537,True
BPA2014,0.45833332240581515,0.6726495782534282,8.483867200183887,1.0708708357839412,12.622437510110132,True
BPA2014,0.4861110995213191,0.6726495782534282,8.463692703452127,1.0748300783440021,12.699304145406959,True
BPA2014,-0.4861110995213191,0.701709407567978,8.898876336997969,1.1633570441819665,13.073077994636167,True
BPA2014,-0.45833332240581515,0.701709407567978,8.876626986368196,1.1764100514208935,13.252894970437556,True
BPA2014,-0.4305555452903112,0.701709407567978,8.841635164658612,1.1811534905515804,13.358993767044744,True
BPA2014,-0.4027777681748072,0.701709407567978,8.826765834840488,1.1830162562625812,13.402601568890038,True
BPA2014,-0.37499999105930326,0.701709407567978,8.838861802675959,1.1812385962537473,13.364148265064266,True
BPA2014,-0.3472222139437993,0.701709407567978,8.860938094538858,1.1776637948025213,13.290509224168204,True
BPA2014,-0.3194444368282954,0.701709407567978,8.896121794066145,1.1384683495421724,12.797355700565486,True
BPA2014,-0.29166665971279143,0.701709407567978,8.887731190227868,1.1393027832393459,12.818825849413837,True
BPA2014,-0.2638888825972875,0.701709407567978,8.884347050597299,1.1330636629474093,12.753482686960465,True
BPA2014,-0.23611110548178355,0.701709407567978,8.873370081880942,1.1376035690609985,12.82042288965202,True
BPA2014,-0.2083333283662796,0.701709407567978,8.86175617244606,1.1372694943243238,12.833455042020296,True
BPA2014,-0.18055555125077566,0.701709407567978,8.861362196383137,1.1193028951037545,12.631273502855016,True
BPA2014,-0.15277777413527172,0.701709407567978,8.859483672614726,1.1050592947775935,12.473179426848631,True
BPA2014,-0.12499999701976776,0.701709407567978,8.82704957410601,1.128692096578444,12.786742468167866,True
BPA2014,-0.09722221990426382,0.701709407567978,8.833475208942671,1.1065651231044225,12.526951136786781,True
BPA2014,-0.06944444278875987,0.701709407567978,8.821039075289407,1.1109697256075428,12.59454488439723,True
BPA2014,-0.04166666567325592,0.701709407567978,8.825187941583275,1.0820636415414973,12.26108326195454,True
BPA2014,-0.013888888557751973,0.701709407567978,8.79886698986807,1.0985534677533657,12.485169613523585,True
BPA2014,0.013888888557751973,0.701709407567978,8.788099738817582,1.1017027702562847,12.536302534096139,True
BPA2014,0.04166666567325592,0.701709407567978,8.772734549961537,1.1001762874910739,12.540859195333768,True
BPA2014,0.06944444278875987,0.701709407567978,8.755364887397384,1.1003455228400445,12.567671787430584,True
BPA2014,0.09722221990426382,0.701709407567978,8.741940891278807,1.0947251867139214,12.522678891664075,True
BPA2014,0.12499999701976776,0.701709407567978,8.721410255486195,1.082082141853534,12.407192302103336,True
BPA2014,0.15277777413527172,0.701709407567978,8.719221859981776,1.0654602967510387,12.219671822334679,True
BPA2014,0.18055555125077566,0.701709407567978,8.699159665553019,1.0691278736149206,12.290013227926591,True
BPA2014,0.2083333283662796,0.701709407567978,8.661081856117326,1.106276137055714,12.772955566449825,True
BPA2014,0.23611110548178355,0.701709407567978,8.650024439783895,1.101210414846484,12.730720271514006,True
BPA2014,0.2638888825972875,0.701709407567978,8.655215973290877,1.0626822587045828,12.277940400146143,True
BPA2014,0.29166665971279143,0.701709407567978,8.642892937542769,1.0588657327694262,12.251288317710769,True
BPA2014,0.3194444368282954,0.701709407567978,8.605605191638682,1.0949332334128816,12.723489040337721,True
BPA2014,0.3472222139437993,0.701709407567978,8.58313810612143,1.1021379183184503,12.840733828253489,True
BPA2014,0.37499999105930326,0.701709407567978,8.58025013152956,1.08055950027632,12.593566431188572,True
BPA2014,0.4027777681748072,0.701709407567978,8.551565002135735,1.0943077514643496,12.79657876881072,True
BPA2014,0.4305555452903112,0.701709407567978,8.541567190161212,1.0904914250817965,12.766877562444309,True
BPA2014,0.45833332240581515,0.701709407567978,8.529625722142535,1.0849809496089082,12.720147225127887,True
BPA2014,0.4861110995213191,0.701709407567978,8.518879233248008,1.0770371882591028,12.642944673468026,True
BPA2014,-0.4861110995213191,0.7307692368825277,8.925209804146926,1.1798308034868898,13.219082009015679,True
BPA2014,-0.45833332240581515,0.7307692368825277,8.924741041482186,1.1829955363427838,13.25523654797626,True
BPA2014,-0.4305555452903112,0.7307692368825277,8.893222206742907,1.1899225283007693,13.380105665172307,True
BPA2014,-0.4027777681748072,0.7307692368825277,8.886243062312806,1.1903340197693753,13.395244890584495,True
BPA2014,-0.37499999105930326,0.7307692368825277,8.897273596473733,1.1869388230035658,13.340477958034096,True
BPA2014,-0.3472222139437993,0.7307692368825277,8.916555305196697,1.1667128991046167,13.084794061947214,True
BPA2014,-0.3194444368282954,0.7307692368825277,8.925550061764914,1.1599315660525407,12.99563117147739,True
BPA2014,-0.29166665971279143,0.7307692368825277,8.927052097417523,1.1485275387300908,12.865697726378727,True
BPA2014,-0.2638888825972875,0.7307692368825277,8.920859344509148,1.1442688786402697,12.82689071142653,True
BPA2014,-0.23611110548178355,0.7307692368825277,8.914656493573613,1.1433405192770012,12.82540185481304,True
BPA2014,-0.2083333283662796,0.7307692368825277,8.899843483207391,1.1490117269575637,12.910471168684804,True
BPA2014,-0.18055555125077566,0.7307692368825277,8.906670147426059,1.1163021729495057,12.533327882049234,True
BPA2014,-0.15277777413527172,0.7307692368825277,8.891401149929612,1.1218886608129226,12.617681306863588,True
BPA2014,-0.12499999701976776,0.7307692368825277,8.875280659235768,1.1260754500587113,12.68777285242127,True
BPA2014,-0.09722221990426382,0.7307692368825277,8.877952444244352,1.1063185656422843,12.461415766644702,True
BPA2014,-0.06944444278875987,0.7307692368825277,8.875544477847566,1.098266053539048,12.374069627843179,True
BPA2014,-0.04166666567325592,0.7307692368825277,8.861991854281923,1.0890470480661192,12.288964670396476,True
BPA2014,-0.013888888557751973,0.7307692368825277,8.845298774843204,1.103185582382415,12.47199908633918,True
BPA2014,0.013888888557751973,0.7307692368825277,8.818784598906712,1.1242188411535228,12.748002046596026,True
BPA2014,0.04166666567325592,0.7307692368825277,8.805315819567305,1.1234473521257013,12.7587400059991,True
BPA2014,0.06944444278875987,0.7307692368825277,8.79262059501498,1.1078831597498204,12.600147450669489,True
BPA2014,0.09722221990426382,0.7307692368825277,8.77624104402222,1.1095039317210038,12.642131479247857,True
BPA2014,0.12499999701976776,0.7307692368825277,8.744332287730925,1.1225496527171468,12.837454202102814,True
BPA2014,0.15277777413527172,0.7307692368825277,8.734557550358181,1.118739451481095,12.808198297751424,True
BPA2014,0.18055555125077566,0.7307692368825277,8.74056407116411,1.0895102441680287,12.464987789088108,True
BPA2014,0.2083333283662796,0.7307692368825277,8.70299573780298,1.1156533993796653,12.819188162228212,True
BPA2014,0.23611110548178355,0.7307692368825277,8.677989365634543,1.1312918098031943,13.036335516648483,True
BPA2014,0.2638888825972875,0.7307692368825277,8.669165495227357,1.1240484557487047,12.966051419453557,True
BPA2014,0.29166665971279143,0.7307692368825277,8.65994461934901,1.110142532197783,12.819279810605014,True
BPA2014,0.3194444368282954,0.7307692368825277,8.642230568155634,1.1117589562654429,12.864259377225885,True
BPA2014,0.3472222139437993,0.7307692368825277,8.615398181960652,1.1220636193866733,13.023932216343823,True
BPA2014,0.37499999105930326,0.7307692368825277,8.584042552761662,1.1283784511690147,13.145070568248665,True
BPA2014,0.4027777681748072,0.7307692368825277,8.58602742711699,1.1121997248943187,12.953600886268918,True
BPA2014,0.4305555452903112,0.7307692368825277,8.567432062945757,1.1123022534524263,12.98291302785051,True
BPA2014,0.45833332240581515,0.7307692368825277,8.5499771791517,1.1089860974718537,12.97063225122998,True
BPA2014,0.4861110995213191,0.7307692368825277,8.558983915652266,1.0869797146751656,12.699868645474943,True
BPA2014,-0.45833332240581515,0.7598290661970775,8.957471012189183,1.1891870287843316,13.275923831247734,True
BPA2014,-0.4305555452903112,0.7598290661970775,8.966299824509695,1.1861398788829465,13.228867003092976,True
BPA2014,-0.4027777681748072,0.7598290661970775,8.925978401720661,1.197750290754384,13.418700302069897,True
BPA2014,-0.37499999105930326,0.7598290661970775,8.945781887751439,1.1885019185230634,13.285612520358448,True
BPA2014,-0.3472222139437993,0.7598290661970775,8.963806743983305,1.1669830382224708,13.018833086799583,True
BPA2014,-0.3194444368282954,0.7598290661970775,8.96220343735748,1.165327374800344,13.002688266848164,True
BPA2014,-0.29166665971279143,0.7598290661970775,8.976800717141627,1.1398846243444334,12.698116625979782,True
BPA2014,-0.2638888825972875,0.7598290661970775,8.968931875311123,1.1368701741562766,12.67564733416865,True
BPA2014,-0.23611110548178355,0.7598290661970775,8.966246641566286,1.1284619885492624,12.585667488978808,True
BPA2014,-0.2083333283662796,0.7598290661970775,8.947515826129631,1.1465726018611841,12.814423848380601,True
BPA2014,-0.18055555125077566,0.7598290661970775,8.93240149675047,1.1446424899834304,12.814498882521585,True
BPA2014,-0.15277777413527172,0.7598290661970775,8.935340848880937,1.1229735985968137,12.56777572998186,True
BPA2014,-0.12499999701976776,0.7598290661970775,8.921565013013103,1.1158580982452713,12.507425509063344,True
BPA2014,-0.09722221990426382,0.7598290661970775,8.895974898369781,1.1361610288695505,12.771630336746522,True
BPA2014,-0.06944444278875987,0.7598290661970775,8.899203467180547,1.1177050277315297,12.559607518285477,True
BPA2014,-0.04166666567325592,0.7598290661970775,8.891198332582404,1.118934225374943,12.584740363675525,True
BPA2014,-0.013888888557751973,0.7598290661970775,8.873409892588297,1.1200856713702867,12.622945236710656,True
BPA2014,0.013888888557751973,0.7598290661970775,8.854248120889043,1.1363134321040562,12.833539523511348,True
BPA2014,0.04166666567325592,0.7598290661970775,8.8438548334474,1.125034433834815,12.721086619150986,True
BPA2014,0.06944444278875987,0.7598290661970775,8.822794632625957,1.1359995308253876,12.875733575669509,True
BPA2014,0.09722221990426382,0.7598290661970775,8.802367425112473,1.1398829454631587,12.94973148031927,True
BPA2014,0.12499999701976776,0.7598290661970775,8.772649604132356,1.1506704911404582,13.116567320760595,True
BPA2014,0.15277777413527172,0.7598290661970775,8.745897359553537,1.15126002713922,13.163429432219974,True
BPA2014,0.18055555125077566,0.7598290661970775,8.745351071579607,1.136550664133001,12.996055330774894,True
BPA2014,0.2083333283662796,0.7598290661970775,8.723556744177476,1.144872642786004,13.12392039577375,True
BPA2014,0.23611110548178355,0.7598290661970775,8.71293020760662,1.1449746243207022,13.141097162939614,True
BPA2014,0.2638888825972875,0.7598290661970775,8.689697446823569,1.147535583487589,13.205702390789902,True
BPA2014,0.29166665971279143,0.7598290661970775,8.686753994281935,1.1337482790092472,13.051460646353497,True
BPA2014,0.3194444368282954,0.7598290661970775,8.657311375144399,1.1417952371207456,13.188797163965942,True
BPA2014,0.3472222139437993,0.7598290661970775,8.642090725778427,1.1414774586054648,13.208348475219777,True
BPA2014,0.37499999105930326,0.7598290661970775,8.619608814521094,1.1445752233408075,13.278737445864012,True
BPA2014,0.4027777681748072,0.7598290661970775,8.604101090480551,1.1342724368977533,13.182927826739451,True
BPA2014,0.4305555452903112,0.7598290661970775,8.604917837284168,1.1240761697599568,13.06318306596093,True
BPA2014,0.45833332240581515,0.7598290661970775,8.570281420233476,1.1309350935297706,13.196008836533176,True
BPA2014,-0.45833332240581515,0.7888888955116272,9.015478946097309,1.1853377279421071,13.147806511768579,True
BPA2014,-0.4305555452903112,0.7888888955116272,8.99615658516461,1.1966479917218051,13.301769265501386,True
BPA2014,-0.4027777681748072,0.7888888955116272,8.990461068297881,1.1900016054879705,13.236268934906445,True
BPA2014,-0.37499999105930326,0.7888888955116272,9.007801262982527,1.1699165144140278,12.987814453919944,True
BPA2014,-0.3472222139437993,0.7888888955116272,8.994008612369312,1.1781593169463627,13.099379461634712,True
BPA2014,-0.3194444368282954,0.7888888955116272,8.997720096383071,1.1722311624094406,13.028091003638325,True
BPA2014,-0.29166665971279143,0.7888888955116272,8.997653128102398,1.1695478218930389,12.99836529861533,True
BPA2014,-0.2638888825972875,0.7888888955116272,8.991681827991568,1.1613327457368006,12.915634337966807,True
BPA2014,-0.23611110548178355,0.7888888955116272,8.986506497228257,1.156929930700365,12.874078832048932,True
BPA2014,-0.2083333283662796,0.7888888955116272,8.963985295464981,1.1708147354158636,13.061319232732307,True
BPA2014,-0.18055555125077566,0.7888888955116272,8.959521493121427,1.1602833044220713,12.950282058175382,True
BPA2014,-0.15277777413527172,0.7888888955116272,8.955982899574211,1.160899895211583,12.962283517387856,True
BPA2014,-0.12499999701976776,0.7888888955116272,8.945193922465052,1.151204596000982,12.869532018862499,True
BPA2014,-0.09722221990426382,0.7888888955116272,8.915878308970129,1.1652256793815543,13.069107035806429,True
BPA2014,-0.06944444278875987,0.7888888955116272,8.894875590403768,1.1684429564075844,13.136136020476313,True
BPA2014,-0.04166666567325592,0.7888888955116272,8.917201043438904,1.1402438121744278,12.787014743975028,True
BPA2014,-0.013888888557751973,0.7888888955116272,8.892761201199054,1.1594438126443327,13.038063053891511,True
BPA2014,0.013888888557751973,0.7888888955116272,8.866593815998232,1.1672558825133412,13.16464819226556,True
BPA2014,0.04166666567325592,0.7888888955116272,8.858122841043205,1.157042559384132,13.061938518430722,True
BPA2014,0.06944444278875987,0.7888888955116272,8.849757512873099,1.1515972101903782,13.012754400504573,True
BPA2014,0.09722221990426382,0.7888888955116272,8.810798772960625,1.1658174024687173,13.231687983233517,True
BPA2014,0.12499999701976776,0.7888888955116272,8.791657426816334,1.1618035729256087,13.214841258280522,True
BPA2014,0.15277777413527172,0.7888888955116272,8.767385854430483,1.1674091147651668,13.315361433251304,True
BPA2014,0.18055555125077566,0.7888888955116272,8.762053025042277,1.15800982485049,13.216192843627564,True
BPA2014,0.2083333283662796,0.7888888955116272,8.730181876252432,1.1518721480047118,13.194136895795932,True
BPA2014,0.23611110548178355,0.7888888955116272,8.731311616000529,1.1565999463641847,13.246577344057474,True
BPA2014,0.2638888825972875,0.7888888955116272,8.72763406747827,1.15605536221521,13.245919263767167,True
BPA2014,0.29166665971279143,0.7888888955116272,8.706429510767412,1.1556841618925924,13.27391625307866,True
BPA2014,0.3194444368282954,0.7888888955116272,8.683729023120453,1.1570153482973062,13.323945798132918,True
BPA2014,0.3472222139437993,0.7888888955116272,8.661342140419618,1.1523070526848485,13.304024180125765,True
BPA2014,0.37499999105930326,0.7888888955116272,8.657575484456977,1.1440754553777541,13.214732663107853,True
BPA2014,0.4027777681748072,0.7888888955116272,8.659191230016328,1.1268157712735625,13.01294475825357,True
BPA2014,0.4305555452903112,0.7888888955116272,8.633125452389637,1.118145430877101,12.951803342178932,True
BPA2014,0.45833332240581515,0.7888888955116272,8.629366828948656,1.1193426757338563,12.971318729652722,True
BPA2014,-0.45833332240581515,0.817948724826177,9.040410485763745,1.2026743198989223,13.303315394724788,True
BPA2014,-0.4305555452903112,0.817948724826177,9.03124836204391,1.2037656618578128,13.328895559078417,True
BPA2014,-0.4027777681748072,0.817948724826177,9.021466479551972,1.2034780890882304,13.340160292298709,True
BPA2014,-0.37499999105930326,0.817948724826177,9.0180167486444,1.1987534765255394,13.29287258981569,True
BPA2014,-0.3472222139437993,0.817948724826177,9.041215726936308,1.1764177822746995,13.011721186674292,True
BPA2014,-0.3194444368282954,0.817948724826177,9.031598549388757,1.1749848402557967,13.009710671155968,True
BPA2014,-0.29166665971279143,0.817948724826177,9.027261002985808,1.1800231610813525,13.07177404852983,True
BPA2014,-0.2638888825972875,0.817948724826177,9.015171966069051,1.1803257544432404,13.092659340118015,True
BPA2014,-0.23611110548178355,0.817948724826177,9.020145473987819,1.169592420145578,12.966447420592425,True
BPA2014,-0.2083333283662796,0.817948724826177,9.010365672301472,1.1718038008647211,13.005063761917372,True
BPA2014,-0.18055555125077566,0.817948724826177,8.99743491891362,1.1677934094551707,12.979181510947502,True
BPA2014,-0.15277777413527172,0.817948724826177,8.974801368947297,1.1762675582125792,13.106335280939483,True
BPA2014,-0.12499999701976776,0.817948724826177,8.961712673233375,1.1820889808642612,13.190436069155572,True
BPA2014,-0.09722221990426382,0.817948724826177,8.951696715409854,1.1802477202921324,13.18462586271942,True
BPA2014,-0.06944444278875987,0.817948724826177,8.922005914302662,1.1794108412654,13.219121939548522,True
BPA2014,-0.04166666567325592,0.817948724826177,8.923914364951765,1.1720717360818078,13.134054050149361,True
BPA2014,-0.013888888557751973,0.817948724826177,8.894914865609787,1.1810173551836882,13.277444169250337,True
BPA2014,0.013888888557751973,0.817948724826177,8.878135142037298,1.1728799491566344,13.210881906979955,True
BPA2014,0.04166666567325592,0.817948724826177,8.874419802413133,1.1683125304608157,13.164945500359677,True
BPA2014,0.06944444278875987,0.817948724826177,8.868259057191167,1.1583969006185093,13.062280805601622,True
BPA2014,0.09722221990426382,0.817948724826177,8.827254242758261,1.177677784857015,13.341382863455678,True
BPA2014,0.12499999701976776,0.817948724826177,8.825127353419699,1.1761249133232798,13.327002163515935,True
BPA2014,0.15277777413527172,0.817948724826177,8.825608570318112,1.1720693787624967,13.280323610819853,True
BPA2014,0.18055555125077566,0.817948724826177,8.807113742718183,1.1641899359516514,13.218745322940972,True
BPA2014,0.2083333283662796,0.817948724826177,8.785976552089073,1.165326693321623,13.263485127837487,True
BPA2014,0.23611110548178355,0.817948724826177,8.770122909415253,1.1638703736652913,13.270855901184767,True
BPA2014,0.2638888825972875,0.817948724826177,8.757989624779023,1.1624630333121473,13.273172076194118,True
BPA2014,0.29166665971279143,0.817948724826177,8.743705353239399,1.1564225017343788,13.225771626738808,True
BPA2014,0.3194444368282954,0.817948724826177,8.73623186447557,1.1608384741218087,13.287633525870174,True
BPA2014,0.3472222139437993,0.817948724826177,8.717110377784943,1.1418808603653436,13.099304825545879,True
BPA2014,0.37499999105930326,0.817948724826177,8.69982644135201,1.1408087576997472,13.113005936270817,True
BPA2014,0.4027777681748072,0.817948724826177,8.702689415676463,1.1304647866092492,12.989832597873743,True
BPA2014,0.4305555452903112,0.817948724826177,8.67789755008684,1.136088016961739,13.091742676201221,True
BPA2014,0.45833332240581515,0.817948724826177,8.663315065442687,1.1375640201211334,13.130816685390917,True
BPA2014,-0.4305555452903112,0.8470085541407267,9.084042026583685,1.1995321188795272,13.204827931984434,True
BPA2014,-0.4027777681748072,0.8470085541407267,9.068934153821957,1.204125189029171,13.277471956522167,True
BPA2014,-0.37499999105930326,0.8470085541407267,9.068509516476249,1.1873449073832762,13.093054654968736,True
BPA2014,-0.3472222139437993,0.8470085541407267,9.067979385345932,1.1794729141599354,13.007009213827628,True
BPA2014,-0.3194444368282954,0.8470085541407267,9.091597753069433,1.1549164675532155,12.703118845785955,True
BPA2014,-0.29166665971279143,0.8470085541407267,9.070019752950994,1.1753116102950318,12.958203425220061,True
BPA2014,-0.2638888825972875,0.8470085541407267,9.064771287990325,1.1755966601030101,12.968850760311259,True
BPA2014,-0.23611110548178355,0.8470085541407267,9.050629704635679,1.1853717678195996,13.097119277926698,True
BPA2014,-0.2083333283662796,0.8470085541407267,9.033089370111052,1.1928680497221604,13.205538004186662,True
BPA2014,-0.18055555125077566,0.8470085541407267,9.014034040798864,1.1964750113267812,13.273468969734935,True
BPA2014,-0.15277777413527172,0.8470085541407267,9.012995198595993,1.182482299239124,13.119748465230805,True
BPA2014,-0.12499999701976776,0.8470085541407267,8.991493744584053,1.1953390197900213,13.294109452169984,True
BPA2014,-0.09722221990426382,0.8470085541407267,8.977086353612272,1.1927837363665508,13.286980757254149,True
BPA2014,-0.06944444278875987,0.8470085541407267,8.961747297226777,1.183894974382023,13.210537355236301,True
BPA2014,-0.04166666567325592,0.8470085541407267,8.948639139860342,1.1773908623178038,13.157205737275701,True
BPA2014,-0.013888888557751973,0.8470085541407267,8.93885061715044,1.1708696098733467,13.098659548318986,True
BPA2014,0.013888888557751973,0.8470085541407267,8.904514631710388,1.1791403985549445,13.242051333778921,True
BPA2014,0.04166666567325592,0.8470085541407267,8.883691229627878,1.1707772049507628,13.178949770857857,True
BPA2014,0.06944444278875987,0.8470085541407267,8.88475713760375,1.17319719614453,13.204606248370066,True
BPA2014,0.09722221990426382,0.8470085541407267,8.876354844533939,1.179690308146514,13.290256291105438,True
BPA2014,0.12499999701976776,0.8470085541407267,8.85427950127363,1.1878564816762163,13.415619887596172,True
BPA2014,0.15277777413527172,0.8470085541407267,8.855733249995938,1.17811533364171,13.303419382491569,True
BPA2014,0.18055555125077566,0.8470085541407267,8.852975494055375,1.1736323155324793,13.256924932420223,True
BPA2014,0.2083333283662796,0.8470085541407267,8.811689587264018,1.1692567587585323,13.269382076832557,True
BPA2014,0.23611110548178355,0.8470085541407267,8.79917422999706,1.1724074164378793,13.324061847088473,True
BPA2014,0.2638888825972875,0.8470085541407267,8.773283148241664,1.17627095762033,13.407420434801281,True
BPA2014,0.29166665971279143,0.8470085541407267,8.763735356381309,1.1709015855756923,13.360759287683202,True
BPA2014,0.3194444368282954,0.8470085541407267,8.761570951341614,1.1604585055933643,13.244867981302704,True
BPA2014,0.3472222139437993,0.8470085541407267,8.755508003983529,1.1618751352102579,13.270219554155338,True
BPA2014,0.37499999105930326,0.8470085541407267,8.732377462776181,1.1607065142024084,13.291987424389221,True
BPA2014,0.4027777681748072,0.8470085541407267,8.727906377613026,1.1491702752261566,13.166620097733453,True
BPA2014,0.4305555452903112,0.8470085541407267,8.71477608108681,1.1428024834037387,13.11338894735229,True
BPA2014,-0.4305555452903112,0.8760683834552765,9.087613423419512,1.2178716699246024,13.401446707515626,True
BPA2014,-0.4027777681748072,0.8760683834552765,9.076664331378344,1.2127990603498116,13.361726467697203,True
BPA2014,-0.37499999105930326,0.8760683834552765,9.079116484294325,1.2151494848033926,13.384005887637207,True
BPA2014,-0.3472222139437993,0.8760683834552765,9.08222141347154,1.208431035552542,13.305456677813337,True
BPA2014,-0.3194444368282954,0.8760683834552765,9.110494451553587,1.1823655644031146,12.978061406990804,True
BPA2014,-0.29166665971279143,0.8760683834552765,9.103794364576403,1.1801464468938423,12.96323708151721,True
BPA2014,-0.2638888825972875,0.8760683834552765,9.097651719303268,1.1875825377049314,13.053726108080568,True
BPA2014,-0.23611110548178355,0.8760683834552765,9.079844597958854,1.1946411899019103,13.157066478543754,True
BPA2014,-0.2083333283662796,0.8760683834552765,9.045714092073139,1.2057134274703163,13.329112717888094,True
BPA2014,-0.18055555125077566,0.8760683834552765,9.045892612954804,1.2025278649935314,13.293634099429472,True
BPA2014,-0.15277777413527172,0.8760683834552765,9.045494306980169,1.1953795641395892,13.215193372209038,True
BPA2014,-0.12499999701976776,0.8760683834552765,9.034040543077328,1.1965514514278899,13.244920096631537,True
BPA2014,-0.09722221990426382,0.8760683834552765,9.019918421375245,1.196687132053831,13.267161366093323,True
BPA2014,-0.06944444278875987,0.8760683834552765,8.986021730720376,1.201300923549763,13.368551284968449,True
BPA2014,-0.04166666567325592,0.8760683834552765,8.982303606488683,1.184180193829056,13.18347993685742,True
BPA2014,-0.013888888557751973,0.8760683834552765,8.95514555891499,1.1644252377163116,13.00286220983988,True
BPA2014,0.013888888557751973,0.8760683834552765,8.944172170408224,1.1764659129225423,13.153435449452521,True
BPA2014,0.04166666567325592,0.8760683834552765,8.945796483990748,1.1788967978838665,13.17822063126074,True
BPA2014,0.06944444278875987,0.8760683834552765,8.952381147456473,1.177066775971034,13.148086040834613,True
BPA2014,0.09722221990426382,0.8760683834552765,8.919134708556014,1.1857083360397687,13.293983943334029,True
BPA2014,0.12499999701976776,0.8760683834552765,8.902711430045231,1.1927889123464288,13.398040829684273,True
BPA2014,0.15277777413527172,0.8760683834552765,8.882197777298458,1.189522223674949,13.392206000131928,True
BPA2014,0.18055555125077566,0.8760683834552765,8.890422574589333,1.1799008475810138,13.271594659104444,True
BPA2014,0.2083333283662796,0.8760683834552765,8.865068187682056,1.1801597094711394,13.312471878230584,True
BPA2014,0.23611110548178355,0.8760683834552765,8.8166550779612,1.1794421519992893,13.377433296075234,True
BPA2014,0.2638888825972875,0.8760683834552765,8.811276639149872,1.17644653595358,13.351601409566976,True
BPA2014,0.29166665971279143,0.8760683834552765,8.81573216417112,1.1784209667179717,13.367250102122064,True
BPA2014,0.3194444368282954,0.8760683834552765,8.784549547838967,1.1761091209511783,13.38838280262766,True
BPA2014,0.3472222139437993,0.8760683834552765,8.784732811733447,1.1741669078469779,13.365994538600948,True
BPA2014,0.37499999105930326,0.8760683834552765,8.772819205089945,1.1692761831617284,13.328397130118905,True
BPA2014,0.4027777681748072,0.8760683834552765,8.772900249408618,1.1584651688600376,13.205042071897829,True
BPA2014,0.4305555452903112,0.8760683834552765,8.778205737623017,1.138035158292402,12.964325424896703,True
BPA2014,-0.4027777681748072,0.9051282127698262,9.086900058994816,1.2102185694345395,13.318277537746054,True
BPA2014,-0.37499999105930326,0.9051282127698262,9.110305817344658,1.219206322184532,13.382715647847359,True
BPA2014,-0.3472222139437993,0.9051282127698262,9.104582423802649,1.2190717817505432,13.389650672648662,True
BPA2014,-0.3194444368282954,0.9051282127698262,9.119279077354909,1.208497817238088,13.252120118124719,True
BPA2014,-0.29166665971279143,0.9051282127698262,9.126185286488136,1.2054684550376638,13.20889744395648,True
BPA2014,-0.2638888825972875,0.9051282127698262,9.134425735721294,1.1961694223140853,13.095179236460567,True
BPA2014,-0.23611110548178355,0.9051282127698262,9.09050043410875,1.2106628784473341,13.317890332030219,True
BPA2014,-0.2083333283662796,0.9051282127698262,9.050056626289528,1.2123694362532549,13.396263540842831,True
BPA2014,-0.18055555125077566,0.9051282127698262,9.068701118893214,1.2111864759043003,13.35567751131398,True
BPA2014,-0.15277777413527172,0.9051282127698262,9.06867876553293,1.210060288010726,13.343291997614557,True
BPA2014,-0.12499999701976776,0.9051282127698262,9.06047454679757,1.2070870577468986,13.322558895919467,True
BPA2014,-0.09722221990426382,0.9051282127698262,9.042770287630615,1.2059336310859656,13.335887042663606,True
BPA2014,-0.06944444278875987,0.9051282127698262,9.039059048417503,1.1979316290411681,13.252835528836309,True
BPA2014,-0.04166666567325592,0.9051282127698262,9.024084836816415,1.1964970776940018,13.258929845301754,True
BPA2014,-0.013888888557751973,0.9051282127698262,9.027552315771777,1.1838710185417138,13.113975717132172,True
BPA2014,0.013888888557751973,0.9051282127698262,8.991514399639842,1.1894109797035533,13.228149640189594,True
BPA2014,0.04166666567325592,0.9051282127698262,8.994552605337066,1.1914264634524994,13.246089224555169,True
BPA2014,0.06944444278875987,0.9051282127698262,8.973231263411092,1.195516547969956,13.323144281868105,True
BPA2014,0.09722221990426382,0.9051282127698262,8.953189525137553,1.1988785971849651,13.390519588789182,True
BPA2014,0.12499999701976776,0.9051282127698262,8.953912849889084,1.190257711712203,13.293157211452503,True
BPA2014,0.15277777413527172,0.9051282127698262,8.916493722530497,1.187676247754859,13.319991968970927,True
BPA2014,0.18055555125077566,0.9051282127698262,8.89927008356033,1.1902617054584947,13.374823938170746,True
BPA2014,0.2083333283662796,0.9051282127698262,8.889096428211342,1.1883797396856064,13.368959930663408,True
BPA2014,0.23611110548178355,0.9051282127698262,8.860541777569596,1.1881775077704086,13.409761362203296,True
BPA2014,0.2638888825972875,0.9051282127698262,8.848698291015214,1.1839863657294991,13.380345072129925,True
BPA2014,0.29166665971279143,0.9051282127698262,8.841601397467512,1.1843887476422912,13.395636088972909,True
BPA2014,0.3194444368282954,0.9051282127698262,8.82739570693985,1.18328114184692,13.404645958225908,True
BPA2014,0.3472222139437993,0.9051282127698262,8.80935446436379,1.1809172791959894,13.405264641956657,True
BPA2014,0.37499999105930326,0.9051282127698262,8.808749057030408,1.181372918367036,13.41135853364063,True
BPA2014,0.4027777681748072,0.9051282127698262,8.811778557004084,1.1703941439382881,13.282155655262068,True
BPA2014,-0.37499999105930326,0.934188042084376,9.144364535436639,1.2268601795007994,13.416571208927833,True
BPA2014,-0.3472222139437993,0.934188042084376,9.151154540756432,1.220391786080748,13.335932429569382,True
BPA2014,-0.3194444368282954,0.934188042084376,9.138201510508503,1.2223195188133693,13.375930891956795,True
BPA2014,-0.29166665971279143,0.934188042084376,9.13387314413042,1.2192487292657388,13.34864969138802,True
BPA2014,-0.2638888825972875,0.934188042084376,9.136814439366137,1.2127663977148415,13.273405143149395,True
BPA2014,-0.23611110548178355,0.934188042084376,9.122429371154556,1.2160143839127995,13.329940243307117,True
BPA2014,-0.2083333283662796,0.934188042084376,9.109114188929578,1.2199127328305317,13.392221323925297,True
BPA2014,-0.18055555125077566,0.934188042084376,9.097779535848113,1.2216308236023607,13.427791020751284,True
BPA2014,-0.15277777413527172,0.934188042084376,9.109087429157393,1.2058313867786643,13.237674971906662,True
BPA2014,-0.12499999701976776,0.934188042084376,9.100871704791002,1.2052464764249193,13.243198184965484,True
BPA2014,-0.09722221990426382,0.934188042084376,9.100253062921823,1.205609040007191,13.248082571674171,True
BPA2014,-0.06944444278875987,0.934188042084376,9.093036752551923,1.1944900163793701,13.136315720313585,True
BPA2014,-0.04166666567325592,0.934188042084376,9.08420370211992,1.1957595327055612,13.163063840438923,True
BPA2014,-0.013888888557751973,0.934188042084376,9.090858806975735,1.1771304854939462,12.948506961638131,True
BPA2014,0.013888888557751973,0.934188042084376,9.071390774350059,1.182269612058403,13.032947664445748,True
BPA2014,0.04166666567325592,0.934188042084376,9.049020675794457,1.182151247973443,13.063858403325575,True
BPA2014,0.06944444278875987,0.934188042084376,9.000269175060561,1.1991966433666688,13.324008649536859,True
BPA2014,0.09722221990426382,0.934188042084376,8.966193030221579,1.1938088196280348,13.314556307277412,True
BPA2014,0.12499999701976776,0.934188042084376,8.985295590761172,1.1915530249762172,13.261144421352054,True
BPA2014,0.15277777413527172,0.934188042084376,8.948466295294033,1.1894383682854173,13.292091952236987,True
BPA2014,0.18055555125077566,0.934188042084376,8.919328422378664,1.1840855061276434,13.27550068855816,True
BPA2014,0.2083333283662796,0.934188042084376,8.91501021522796,1.1818794297961128,13.257185367856493,True
BPA2014,0.23611110548178355,0.934188042084376,8.895806230714658,1.1865578903961425,13.3383963142014,True
BPA2014,0.2638888825972875,0.934188042084376,8.87492568297803,1.187720784910316,13.382881472329913,True
BPA2014,0.29166665971279143,0.934188042084376,8.884871918513362,1.1881753802906065,13.373016416981901,True
BPA2014,0.3194444368282954,0.934188042084376,8.881280402123306,1.185358353524782,13.346705653403204,True
BPA2014,0.3472222139437993,0.934188042084376,8.846091500582004,1.181152621405075,13.35225417154417,True
BPA2014,0.37499999105930326,0.934188042084376,8.831586633047205,1.1778612514367186,13.33691555523263,True
BPA2014,-0.3472222139437993,0.9632478713989258,9.18357242122141,1.2244841598535858,13.333418670756561,True
BPA2014,-0.3194444368282954,0.9632478713989258,9.151718347277592,1.2184877923586135,13.314306080246485,True
BPA2014,-0.29166665971279143,0.9632478713989258,9.169324900380905,1.2243780967846072,13.352979745910682,True
BPA2014,-0.2638888825972875,0.9632478713989258,9.174176803571587,1.22546433410298,13.357757980268007,True
BPA2014,-0.23611110548178355,0.9632478713989258,9.171674680720702,1.2213195536889168,13.316211010582274,True
BPA2014,-0.2083333283662796,0.9632478713989258,9.141980345304063,1.2264335655414238,13.415403656729612,True
BPA2014,-0.18055555125077566,0.9632478713989258,9.137305861392054,1.2206130703111737,13.358566396126037,True
BPA2014,-0.15277777413527172,0.9632478713989258,9.132542009938911,1.2195240307865949,13.353609865242246,True
BPA2014,-0.12499999701976776,0.9632478713989258,9.144194597878176,1.212314149807357,13.257746615417206,True
BPA2014,-0.09722221990426382,0.9632478713989258,9.132550424961643,1.2100082876896094,13.249401660924216,True
BPA2014,-0.06944444278875987,0.9632478713989258,9.13838215809597,1.1989648740131427,13.12009996157737,True
BPA2014,-0.04166666567325592,0.9632478713989258,9.151902314973933,1.1735067377086432,12.822544399196701,True
BPA2014,-0.013888888557751973,0.9632478713989258,9.140988168227063,1.1679101100799907,12.776628615924709,True
BPA2014,0.013888888557751973,0.9632478713989258,9.104251193208974,1.1904146439256782,13.075371259677349,True
BPA2014,0.04166666567325592,0.9632478713989258,9.083504612633721,1.1837031858399552,13.031348981687211,True
BPA2014,0.06944444278875987,0.9632478713989258,9.02772961265019,1.200937806519724,13.302766676096489,True
BPA2014,0.09722221990426382,0.9632478713989258,9.01548650431768,1.20144342379199,13.326440267162475,True
BPA2014,0.12499999701976776,0.9632478713989258,8.975645732325416,1.193879312052089,13.301319455517078,True
BPA2014,0.15277777413527172,0.9632478713989258,8.97567376200106,1.1972794823873285,13.339159979901098,True
BPA2014,0.18055555125077566,0.9632478713989258,8.95585335412472,1.200113175694219,13.400321870405495,True
BPA2014,0.2083333283662796,0.9632478713989258,8.941244293308678,1.1866355834155724,13.271481512965819,True
BPA2014,0.23611110548178355,0.9632478713989258,8.918126160434973,1.1846722952715285,13.283870108580603,True
BPA2014,0.2638888825972875,0.9632478713989258,8.890585106927857,1.1787094606319652,13.257951489755982,True
BPA2014,0.29166665971279143,0.9632478713989258,8.89675243116755,1.1858196075480048,13.328679388602316,True
BPA2014,0.3194444368282954,0.9632478713989258,8.889270435580809,1.1934378216654395,13.425599213277422,True
BPA2014,0.3472222139437993,0.9632478713989258,8.871271512918899,1.1872249677474824,13.382805001724629,True
BPA2014,-0.3194444368282954,0.9923077007134755,9.203355787697802,1.2281543297691893,13.344636001260243,True
BPA2014,-0.29166665971279143,0.9923077007134755,9.19970744695447,1.2316070514657256,13.387458879178213,True
BPA2014,-0.2638888825972875,0.9923077007134755,9.179458316621314,1.228272276665716,13.380661846262477,True
BPA2014,-0.23611110548178355,0.9923077007134755,9.173865570131843,1.2320815238198648,13.43034203412856,True
BPA2014,-0.2083333283662796,0.9923077007134755,9.181374111290241,1.23287620599039,13.428014053738806,True
BPA2014,-0.18055555125077566,0.9923077007134755,9.189707768374822,1.2247378069292587,13.327276968959053,True
BPA2014,-0.15277777413527172,0.9923077007134755,9.192510139235763,1.196738169655602,13.018622242771825,True
BPA2014,-0.12499999701976776,0.9923077007134755,9.192442773154001,1.201806913716611,13.073857987198123,True
BPA2014,-0.09722221990426382,0.9923077007134755,9.150447388148473,1.2220919881871977,13.355543574514547,True
BPA2014,-0.06944444278875987,0.9923077007134755,9.166821675927109,1.210579068309643,13.206093792450785,True
BPA2014,-0.04166666567325592,0.9923077007134755,9.158868316668562,1.206151904408978,13.169224217514488,True
BPA2014,-0.013888888557751973,0.9923077007134755,9.156679982364262,1.1953992210718067,13.054941565874772,True
BPA2014,0.013888888557751973,0.9923077007134755,9.138870321212991,1.1923079534579681,13.046557304685713,True
BPA2014,0.04166666567325592,0.9923077007134755,9.104307512660933,1.1983591578735433,13.162551420929505,True
BPA2014,0.06944444278875987,0.9923077007134755,9.053108204222807,1.2060850527043399,13.322331131994684,True
BPA2014,0.09722221990426382,0.9923077007134755,9.04086203588201,1.211046197030783,13.395251384484109,True
BPA2014,0.12499999701976776,0.9923077007134755,9.026630778985488,1.2051866760182568,13.351456435151865,True
BPA2014,0.15277777413527172,0.9923077007134755,9.017266036818935,1.2051435352384565,13.364843959551193,True
BPA2014,0.18055555125077566,0.9923077007134755,8.991829978291294,1.195956488278698,13.300479336976565,True
BPA2014,0.2083333283662796,0.9923077007134755,8.986581696931205,1.1950844386642396,13.298543083098489,True
BPA2014,0.23611110548178355,0.9923077007134755,8.979719873217674,1.1912504573480587,13.2660091201843,True
BPA2014,0.2638888825972875,0.9923077007134755,8.964828909141143,1.2016083643097544,13.40358389979438,True
BPA2014,0.29166665971279143,0.9923077007134755,8.965460372444843,1.2027477538997644,13.415348503423033,True
BPA2014,0.3194444368282954,0.9923077007134755,8.937513684243429,1.1994690912789174,13.420612640778899,True
BPA2014,-0.29166665971279143,1.0213675300280254,9.240299542773784,1.232440631480213,13.33766969106561,True
BPA2014,-0.2638888825972875,1.0213675300280254,9.230842954459492,1.2247027676125908,13.267507351762792,True
BPA2014,-0.23611110548178355,1.0213675300280254,9.216278202563148,1.2272064541097985,13.315640295759506,True
BPA2014,-0.2083333283662796,1.0213675300280254,9.215270954945513,1.2336578922110235,13.387103843636442,True
BPA2014,-0.18055555125077566,1.0213675300280254,9.207434289101837,1.2308522581116612,13.368026525788304,True
BPA2014,-0.15277777413527172,1.0213675300280254,9.231614703841737,1.212037320484118,13.129201763367881,True
BPA2014,-0.12499999701976776,1.0213675300280254,9.235624951761524,1.1962254521240148,12.952295685154008,True
BPA2014,-0.09722221990426382,1.0213675300280254,9.219091451753366,1.2093383539973044,13.117760685271238,True
BPA2014,-0.06944444278875987,1.0213675300280254,9.210988687591767,1.2091360434660516,13.127103772203014,True
BPA2014,-0.04166666567325592,1.0213675300280254,9.188568144800094,1.2169931657459694,13.244644285896475,True
BPA2014,-0.013888888557751973,1.0213675300280254,9.192117953277615,1.2034482303143479,13.092175670844572,True
BPA2014,0.013888888557751973,1.0213675300280254,9.150656585612875,1.209137087424951,13.213664791289592,True
BPA2014,0.04166666567325592,1.0213675300280254,9.132365355662305,1.2112331056582468,13.263081999968943,True
BPA2014,0.06944444278875987,1.0213675300280254,9.101117392853828,1.2144518261705428,13.343985949726644,True
BPA2014,0.09722221990426382,1.0213675300280254,9.065081435127128,1.2005785505936295,13.243990792420195,True
BPA2014,0.12499999701976776,1.0213675300280254,9.062777203010164,1.2052581842359578,13.2989938650995,True
BPA2014,0.15277777413527172,1.0213675300280254,9.065447152013855,1.2058348936473156,13.301438676187571,True
BPA2014,0.18055555125077566,1.0213675300280254,9.035944005912967,1.2041096038066914,13.325775403419307,True
BPA2014,0.2083333283662796,1.0213675300280254,9.034993154247564,1.2003382303743309,13.285435969699916,True
BPA2014,0.23611110548178355,1.0213675300280254,9.02350667885651,1.198855451211578,13.28591526419196,True
BPA2014,0.2638888825972875,1.0213675300280254,9.017206565558503,1.2027042624821387,13.33788079199499,True
BPA2014,0.29166665971279143,1.0213675300280254,8.977154117495125,1.2029216117912316,13.39981018535616,True
BPA2014,-0.23611110548178355,1.050427359342575,9.25439475170331,1.2358758858725685,13.354475565731624,True
BPA2014,-0.2083333283662796,1.050427359342575,9.26136369100581,1.236983469291175,13.356385847285898,True
BPA2014,-0.18055555125077566,1.050427359342575,9.249772410332062,1.236640535116925,13.369415811091617,True
BPA2014,-0.15277777413527172,1.050427359342575,9.277670796303159,1.2116641132630166,13.060003311885392,True
BPA2014,-0.12499999701976776,1.050427359342575,9.275742073099433,1.2031461448036727,12.97088831623418,True
BPA2014,-0.09722221990426382,1.050427359342575,9.268187677717314,1.1931921187140744,12.874060821866617,True
BPA2014,-0.06944444278875987,1.050427359342575,9.241080732281466,1.215339342897246,13.151484962703053,True
BPA2014,-0.04166666567325592,1.050427359342575,9.22047483558582,1.2194959550877351,13.225956112164312,True
BPA2014,-0.013888888557751973,1.050427359342575,9.231991222557571,1.1993911221974867,12.991683952936159,True
BPA2014,0.013888888557751973,1.050427359342575,9.195813800649178,1.217378312459531,13.238396718880827,True
BPA2014,0.04166666567325592,1.050427359342575,9.170416359425671,1.2174916213700004,13.276296011561357,True
BPA2014,0.06944444278875987,1.050427359342575,9.155300744843066,1.2221132748393577,13.348696114955494,True
BPA2014,0.09722221990426382,1.050427359342575,9.121294261091972,1.2166807436875549,13.338904642923971,True
BPA2014,0.12499999701976776,1.050427359342575,9.114221694609832,1.2196169187603612,13.381470844423776,True
BPA2014,0.15277777413527172,1.050427359342575,9.095455964479063,1.2142299576468154,13.349852524038466,True
BPA2014,0.18055555125077566,1.050427359342575,9.097890292847001,1.2126206903807935,13.328592138929038,True
BPA2014,0.2083333283662796,1.050427359342575,9.085594582972554,1.2177660433810729,13.403261968823768,True
BPA2014,0.23611110548178355,1.050427359342575,9.064381213437898,1.2158983852291683,13.414025255542047,True
BPA2014,-0.2083333283662796,1.079487188657125,9.284913759344994,1.2337825313886945,13.288034368083695,True
BPA2014,-0.18055555125077566,1.079487188657125,9.266072538810562,1.2216674995086299,13.184307530420531,True
BPA2014,-0.15277777413527172,1.079487188657125,9.297090465498366,1.228231629920498,13.210924799306653,True
BPA2014,-0.12499999701976776,1.079487188657125,9.295720178501266,1.223683569666031,13.163945839248829,True
BPA2014,-0.09722221990426382,1.079487188657125,9.312323538497884,1.1915093666402519,12.794973904358645,True
BPA2014,-0.06944444278875987,1.079487188657125,9.27439195155673,1.2220831363147084,13.17696235718805,True
BPA2014,-0.04166666567325592,1.079487188657125,9.226434767766014,1.229154091110462,13.322091599289285,True
BPA2014,-0.013888888557751973,1.079487188657125,9.223225706507815,1.2230480540108286,13.260523952567466,True
BPA2014,0.013888888557751973,1.079487188657125,9.22138856935112,1.2248206959752344,13.282388945696722,True
BPA2014,0.04166666567325592,1.079487188657125,9.21865436017409,1.223327707648948,13.270133143660306,True
BPA2014,0.06944444278875987,1.079487188657125,9.196077680461112,1.2300216146708312,13.375502658967916,True
BPA2014,0.09722221990426382,1.079487188657125,9.166660780692984,1.2285399338027236,13.402262428978506,True
BPA2014,0.12499999701976776,1.079487188657125,9.138399187041868,1.2258665436398257,13.414456061167568,True
BPA2014,0.15277777413527172,1.079487188657125,9.124075594396139,1.224046770332894,13.415570242367172,True
BPA2014,0.18055555125077566,1.079487188657125,9.130934388701444,1.2218079566240925,13.380974001258286,True
BPA2014,0.2083333283662796,1.079487188657125,9.120539892556637,1.2230757094531433,13.410124004296142,True
BPA2014,-0.12499999701976776,1.1085470179716745,9.33734860731668,1.218771922901069,13.052655246758679,True
BPA2014,-0.09722221990426382,1.1085470179716745,9.304596742250684,1.2314540430107508,13.234899664366056,True
BPA2014,-0.06944444278875987,1.1085470179716745,9.29378585548236,1.233347831175528,13.270671934494615,True
BPA2014,-0.04166666567325592,1.1085470179716745,9.259104073809338,1.2413322193035854,13.406612663690282,True
BPA2014,-0.013888888557751973,1.1085470179716745,9.24850106870192,1.2371880656983096,13.377173841554804,True
BPA2014,0.013888888557751973,1.1085470179716745,9.221293097093541,1.2353200025770235,13.396385838406804,True
BPA2014,0.04166666567325592,1.1085470179716745,9.223969196713798,1.2393268695114803,13.435938944299734,True
BPA2014,0.06944444278875987,1.1085470179716745,9.204664002427455,1.231796755827719,13.382310918713266,True
BPA2014,0.09722221990426382,1.1085470179716745,9.191209115525515,1.228294435844323,13.36379599686754,True
BPA2014,0.12499999701976776,1.1085470179716745,9.18955319205779,1.2250686674325817,13.331101543558892,True
