case,y_over_D,z_over_D,U_mean_mps,U_std_mps,TI_percent,inside_rotor_mask
BPA2014,-0.5416666537523269,0.03333333333333333,6.461484457100459,0.7306622069228984,11.307961998113006,False
BPA2014,-0.513888876636823,0.03333333333333333,6.451351178560377,0.7450613011268258,11.548918676181671,False
BPA2014,-0.4861110995213191,0.03333333333333333,6.432336577958131,0.757242164577615,11.772427568116973,False
BPA2014,-0.45833332240581515,0.03333333333333333,6.423092446016986,0.7634085098198172,11.885373225372357,False
BPA2014,-0.4305555452903112,0.03333333333333333,6.4205862686552075,0.7597862854919114,11.83359671064818,False
BPA2014,-0.4027777681748072,0.03333333333333333,6.420761484727968,0.8524959561549437,13.277178387371011,False
BPA2014,-0.37499999105930326,0.03333333333333333,6.43306403372082,0.8366801215904772,13.005934920043844,False
BPA2014,-0.3472222139437993,0.03333333333333333,6.433507077016152,0.8304215911758862,12.907759037719657,False
BPA2014,-0.3194444368282954,0.03333333333333333,6.4377506964656375,0.8206699263246648,12.747774261827463,False
BPA2014,-0.29166665971279143,0.03333333333333333,6.432750489974886,0.8082039951415148,12.563894657519509,False
BPA2014,-0.2638888825972875,0.03333333333333333,6.4349978059382185,0.804308683775818,12.498973706465007,False
BPA2014,-0.23611110548178355,0.03333333333333333,6.41248191328929,0.8227887028603467,12.83104910058602,False
BPA2014,-0.2083333283662796,0.03333333333333333,6.410140670372501,0.8310339347216721,12.964363458709865,False
BPA2014,-0.18055555125077566,0.03333333333333333,6.390092857982553,0.8450392891467569,13.224209849957461,False
BPA2014,-0.15277777413527172,0.03333333333333333,6.374365547749513,0.844781959023345,13.252800654358415,False
BPA2014,-0.12499999701976776,0.03333333333333333,6.3709378948015765,0.8376571840513314,13.148098410044543,False
BPA2014,-0.09722221990426382,0.03333333333333333,6.347415427736869,0.8482287192110489,13.363371735596004,False
BPA2014,-0.06944444278875987,0.03333333333333333,6.337777090232163,0.8471851592534415,13.36722871744938,False
BPA2014,-0.04166666567325592,0.03333333333333333,6.341094414582475,0.8449075817877981,13.324317957556078,False
BPA2014,-0.013888888557751973,0.03333333333333333,6.324880119335539,0.8427398693239472,13.324203042957933,False
BPA2014,0.013888888557751973,0.03333333333333333,6.3116470065319845,0.84144779618843,13.331667555514551,False
BPA2014,0.04166666567325592,0.03333333333333333,6.310529766917645,0.833253019864155,13.204169073607815,False
BPA2014,0.06944444278875987,0.03333333333333333,6.293267556543353,0.8334449189160603,13.243436917750232,False
BPA2014,0.09722221990426382,0.03333333333333333,6.279948289207362,0.8272159872192145,13.172337559544195,False
BPA2014,0.12499999701976776,0.03333333333333333,6.2704453723680365,0.8243327466254365,13.146318924298782,False
BPA2014,0.15277777413527172,0.03333333333333333,6.249165478253889,0.819201217870773,13.108969841196624,False
BPA2014,0.18055555125077566,0.03333333333333333,6.236869202277936,0.827110831173228,13.26163503430754,False
BPA2014,0.2083333283662796,0.03333333333333333,6.228973784275765,0.8260203658027948,13.260938228508456,False
BPA2014,0.23611110548178355,0.03333333333333333,6.21376910815282,0.8213824448000154,13.218747438206464,False
BPA2014,0.2638888825972875,0.03333333333333333,6.205008273915708,0.8242029903106614,13.282866902456893,False
BPA2014,0.29166665971279143,0.03333333333333333,6.199943470650601,0.8258953046601963,13.32101346681359,False
BPA2014,0.3194444368282954,0.03333333333333333,6.189678336354827,0.8246023588360804,13.322216665005215,False
BPA2014,0.3472222139437993,0.03333333333333333,6.169928232168078,0.8197494939766392,13.286207928687427,False
BPA2014,0.37499999105930326,0.03333333333333333,6.153128251340937,0.8200778992616112,13.327820675327114,False
BPA2014,0.4027777681748072,0.03333333333333333,6.15243477696992,0.821507595296904,13.352560816605639,False
BPA2014,0.4305555452903112,0.03333333333333333,6.150815053399839,0.8171097398668699,13.284576641842216,False
BPA2014,0.45833332240581515,0.03333333333333333,6.1475419920689625,0.8156854403491822,13.268480986409045,False
BPA2014,0.4861110995213191,0.03333333333333333,6.145161504546301,0.8067794449297742,13.128693921761117,False
BPA2014,0.513888876636823,0.03333333333333333,6.140194239044333,0.7972683017385108,12.984414998939817,False
BPA2014,0.5416666537523269,0.03333333333333333,6.138662291811132,0.7864018869708365,12.810639347596672,False
BPA2014,-0.5416666537523269,0.062393162647883096,6.910432130182309,0.7900498978329223,11.432713366538476,False
BPA2014,-0.513888876636823,0.062393162647883096,6.895070674536373,0.8072024657359776,11.706949846315451,False
BPA2014,-0.4861110995213191,0.062393162647883096,6.880393635637026,0.8126813399693158,11.811552986736537,False
BPA2014,-0.45833332240581515,0.062393162647883096,6.873523320400593,0.8151384274752816,11.85910615965983,False
BPA2014,-0.4305555452903112,0.062393162647883096,6.881775963766634,0.8127672869004772,11.810429330739524,False
BPA2014,-0.4027777681748072,0.062393162647883096,6.887815180760695,0.9015211788687603,13.088637764075367,False
BPA2014,-0.37499999105930326,0.062393162647883096,6.874280886644555,0.9129836766917263,13.28115175604016,False
BPA2014,-0.3472222139437993,0.062393162647883096,6.8835681035018945,0.8960658323818556,13.017461568020192,False
BPA2014,-0.3194444368282954,0.062393162647883096,6.890515500346336,0.8740964382893578,12.685501371347666,False
BPA2014,-0.29166665971279143,0.062393162647883096,6.890377555174157,0.8672693557397325,12.586673934703017,False
BPA2014,-0.2638888825972875,0.062393162647883096,6.8800880326125275,0.870807184781765,12.656919223330046,False
BPA2014,-0.23611110548178355,0.062393162647883096,6.866673400119194,0.8890131805829298,12.946781196372292,False
BPA2014,-0.2083333283662796,0.062393162647883096,6.855350543369624,0.8955607011682856,13.063674796826493,False
BPA2014,-0.18055555125077566,0.062393162647883096,6.83985547246317,0.9020490553424736,13.188130348280994,False
BPA2014,-0.15277777413527172,0.062393162647883096,6.836322203330267,0.8973087296527236,13.125606180697655,False
BPA2014,-0.12499999701976776,0.062393162647883096,6.822872717342912,0.8961665036392816,13.134738705609085,False
BPA2014,-0.09722221990426382,0.062393162647883096,6.816851768598105,0.8919031582644872,13.083798629347463,False
BPA2014,-0.06944444278875987,0.062393162647883096,6.797902560372236,0.9007899820675885,13.250998731853898,False
BPA2014,-0.04166666567325592,0.062393162647883096,6.780573213416862,0.9076026424661219,13.385337992814966,False
BPA2014,-0.013888888557751973,0.062393162647883096,6.76400622161836,0.9038072895728805,13.362011505610871,False
BPA2014,0.013888888557751973,0.062393162647883096,6.760519862411998,0.904563972246993,13.380094884068065,False
BPA2014,0.04166666567325592,0.062393162647883096,6.744533522480081,0.9005239355240626,13.351908364344883,False
BPA2014,0.06944444278875987,0.062393162647883096,6.754751869249701,0.8906865862521136,13.186074092623162,False
BPA2014,0.09722221990426382,0.062393162647883096,6.738306283278686,0.8863172965733681,13.15341362224498,False
BPA2014,0.12499999701976776,0.062393162647883096,6.720968092899442,0.8915141614672357,13.264668856397357,False
BPA2014,0.15277777413527172,0.062393162647883096,6.703270779951312,0.8869206754950911,13.23116288465872,False
BPA2014,0.18055555125077566,0.062393162647883096,6.6942023536842,0.8811864772231489,13.163427555161697,False
BPA2014,0.2083333283662796,0.062393162647883096,6.685717578091884,0.8901214670541938,13.313776070514724,False
BPA2014,0.23611110548178355,0.062393162647883096,6.674884047262547,0.8855405826047504,13.266756041521374,False
BPA2014,0.2638888825972875,0.062393162647883096,6.65952502432317,0.8878539128443411,13.332090646127975,False
BPA2014,0.29166665971279143,0.062393162647883096,6.6364764760370925,0.891433296718236,13.432328132812831,False
BPA2014,0.3194444368282954,0.062393162647883096,6.63729157043629,0.8827134978863828,13.299302712843748,False
BPA2014,0.3472222139437993,0.062393162647883096,6.631088627700439,0.8757009705963009,13.205991048561518,False
BPA2014,0.37499999105930326,0.062393162647883096,6.625402137858002,0.8747445661120248,13.202890147809661,False
BPA2014,0.4027777681748072,0.062393162647883096,6.613614022153135,0.8774214045635501,13.26689766933051,False
BPA2014,0.4305555452903112,0.062393162647883096,6.60258436009462,0.8757086007552369,13.263118697095866,False
BPA2014,0.45833332240581515,0.062393162647883096,6.5934216549732225,0.8696405650526282,13.18951844065189,False
BPA2014,0.4861110995213191,0.062393162647883096,6.591551515627498,0.8629665819914388,13.092009975883299,False
BPA2014,0.513888876636823,0.062393162647883096,6.58068172370025,0.8607709555901196,13.08027027792672,False
BPA2014,0.5416666537523269,0.062393162647883096,6.574063644944364,0.8554199354587081,13.012042195796955,False
BPA2014,-0.5416666537523269,0.09145299196243287,7.201141727330429,0.8228442187385021,11.426579977110697,False
BPA2014,-0.513888876636823,0.09145299196243287,7.1886102897200335,0.8350914769883537,11.616869510683644,False
BPA2014,-0.4861110995213191,0.09145299196243287,7.184832694227897,0.8331978964470997,11.596622105292289,False
BPA2014,-0.45833332240581515,0.09145299196243287,7.172946520558396,0.8441917438869498,11.769106900036272,False
BPA2014,-0.4305555452903112,0.09145299196243287,7.171252255187239,0.9526720677344683,13.284598475048265,False
BPA2014,-0.4027777681748072,0.09145299196243287,7.169900603640428,0.949633862435093,13.244728413012144,False
BPA2014,-0.37499999105930326,0.09145299196243287,7.1682533246959235,0.9400693170914031,13.114342846292764,False
BPA2014,-0.3472222139437993,0.09145299196243287,7.16327025425143,0.9268069538233645,12.938321757067603,False
BPA2014,-0.3194444368282954,0.09145299196243287,7.170192956829196,0.9270984581431458,12.929895523385293,False
BPA2014,-0.29166665971279143,0.09145299196243287,7.175689986260471,0.9061997113989319,12.628746686856068,False
BPA2014,-0.2638888825972875,0.09145299196243287,7.161977584363736,0.9251314091845271,12.917262003225257,False
BPA2014,-0.23611110548178355,0.09145299196243287,7.1458397740231545,0.9403772242293164,13.159786028897733,False
BPA2014,-0.2083333283662796,0.09145299196243287,7.133682789623012,0.9396670732909251,13.17225759824657,False
BPA2014,-0.18055555125077566,0.09145299196243287,7.1276693531985345,0.9393978150189635,13.179593054459094,False
BPA2014,-0.15277777413527172,0.09145299196243287,7.117240630861345,0.9417959591123519,13.232599654261987,False
BPA2014,-0.12499999701976776,0.09145299196243287,7.113162909759471,0.9300494932819914,13.075048400844802,False
BPA2014,-0.09722221990426382,0.09145299196243287,7.090670257873243,0.9381684916214598,13.23102693401585,False
BPA2014,-0.06944444278875987,0.09145299196243287,7.07879156592395,0.9432546737718461,13.325080488490537,False
BPA2014,-0.04166666567325592,0.09145299196243287,7.064295924314048,0.9479421285994858,13.418777168391799,False
BPA2014,-0.013888888557751973,0.09145299196243287,7.058029976008225,0.9425334407763811,13.354058341778893,False
BPA2014,0.013888888557751973,0.09145299196243287,7.037708935481135,0.9428045488643979,13.396469753262718,False
BPA2014,0.04166666567325592,0.09145299196243287,7.027722644437602,0.9418956960273225,13.402573545966941,False
BPA2014,0.06944444278875987,0.09145299196243287,7.0400760660677175,0.9221230201757823,13.098196830859536,False
BPA2014,0.09722221990426382,0.09145299196243287,7.01941776673065,0.9280058045749001,13.220552407826357,False
BPA2014,0.12499999701976776,0.09145299196243287,7.0038293043722675,0.932598015140209,13.315544605834665,False
BPA2014,0.15277777413527172,0.09145299196243287,6.985086080602176,0.9294110839504802,13.305649683136858,False
BPA2014,0.18055555125077566,0.09145299196243287,6.9794657481382405,0.9325613525306171,13.361500524296952,False
BPA2014,0.2083333283662796,0.09145299196243287,6.968631697107486,0.9206378914213851,13.211171596333898,False
BPA2014,0.23611110548178355,0.09145299196243287,6.969911989261751,0.9064784718980372,13.00559423554573,False
BPA2014,0.2638888825972875,0.09145299196243287,6.944600702570721,0.9187235815086051,13.22932189850046,False
BPA2014,0.29166665971279143,0.09145299196243287,6.916981251652151,0.9236164600475816,13.35288367056036,False
BPA2014,0.3194444368282954,0.09145299196243287,6.907154846040007,0.9205739752128925,13.327831730030978,False
BPA2014,0.3472222139437993,0.09145299196243287,6.91916739805043,0.9056154169628682,13.08850277589812,False
BPA2014,0.37499999105930326,0.09145299196243287,6.907187190327313,0.9115285882494459,13.19681316188929,False
BPA2014,0.4027777681748072,0.09145299196243287,6.887309636796741,0.9125679161912578,13.24999113319507,False
BPA2014,0.4305555452903112,0.09145299196243287,6.895050952783155,0.8991465016068556,13.040462032320724,False
BPA2014,0.45833332240581515,0.09145299196243287,6.874440098874135,0.9005135153725102,13.09944522638276,False
BPA2014,0.4861110995213191,0.09145299196243287,6.857120635745392,0.9090212188041208,13.256602400510445,False
BPA2014,0.513888876636823,0.09145299196243287,6.841061666517585,0.9061333890638968,13.245508273939599,False
BPA2014,0.5416666537523269,0.09145299196243287,6.8301477033711455,0.9057692812291707,13.26134251506906,False
BPA2014,-0.5416666537523269,0.12051282127698262,7.411111843839681,0.8526059504930648,11.504426980167276,False
BPA2014,-0.513888876636823,0.12051282127698262,7.415017424177074,0.8470300728070319,11.423170362961569,False
BPA2014,-0.4861110995213191,0.12051282127698262,7.395653477732262,0.8663442560639038,11.714235377203638,False
BPA2014,-0.45833332240581515,0.12051282127698262,7.381912128157384,0.8747607091978138,11.85005583934206,False
BPA2014,-0.4305555452903112,0.12051282127698262,7.3788811746798055,0.982186581197835,13.310779208210455,False
BPA2014,-0.4027777681748072,0.12051282127698262,7.389658737958157,0.9694570373515836,13.119104301418055,False
BPA2014,-0.37499999105930326,0.12051282127698262,7.377423034845656,0.9736169033275821,13.197249211939102,False
BPA2014,-0.3472222139437993,0.12051282127698262,7.377465982061503,0.9512556756867823,12.894070647018701,False
BPA2014,-0.3194444368282954,0.12051282127698262,7.376901257537847,0.9574920419171837,12.979596831919116,False
BPA2014,-0.29166665971279143,0.12051282127698262,7.3730719326062015,0.9486654033218329,12.86662346431907,False
BPA2014,-0.2638888825972875,0.12051282127698262,7.379003697410407,0.9450568965386077,12.807378005112897,False
BPA2014,-0.23611110548178355,0.12051282127698262,7.366582022296102,0.9577794625911499,13.001680558124267,False
BPA2014,-0.2083333283662796,0.12051282127698262,7.356811874935763,0.9537193157731555,12.963758377761739,False
BPA2014,-0.18055555125077566,0.12051282127698262,7.348919654642238,0.9545532990566676,12.989028917382244,False
BPA2014,-0.15277777413527172,0.12051282127698262,7.324771675989872,0.971380871815024,13.261585681901153,False
BPA2014,-0.12499999701976776,0.12051282127698262,7.302723536202912,0.9739992367726881,13.337479256117696,False
BPA2014,-0.09722221990426382,0.12051282127698262,7.300709867170005,0.9666493911107348,13.240484948697734,False
BPA2014,-0.06944444278875987,0.12051282127698262,7.296101051035111,0.9683404334434016,13.272026068032888,False
BPA2014,-0.04166666567325592,0.12051282127698262,7.2787735247846665,0.972193105830631,13.356551107411907,False
BPA2014,-0.013888888557751973,0.12051282127698262,7.285955180561114,0.961815907382661,13.200958330745435,False
BPA2014,0.013888888557751973,0.12051282127698262,7.260932988150087,0.9645745379406008,13.284443466353371,False
BPA2014,0.04166666567325592,0.12051282127698262,7.236933863599275,0.9659936463878648,13.348106595897915,False
BPA2014,0.06944444278875987,0.12051282127698262,7.232046265412341,0.9610268031973416,13.288449325794623,False
BPA2014,0.09722221990426382,0.12051282127698262,7.22148743152413,0.9530200661253303,13.197005120649926,False
BPA2014,0.12499999701976776,0.12051282127698262,7.215551581608877,0.9577213138593423,13.273015971507974,False
BPA2014,0.15277777413527172,0.12051282127698262,7.220866020347477,0.9505379193292816,13.163766183319112,False
BPA2014,0.18055555125077566,0.12051282127698262,7.199302907169262,0.9553266550534318,13.269710517418174,False
BPA2014,0.2083333283662796,0.12051282127698262,7.194822443080696,0.9456415088713909,13.143361303944618,False
BPA2014,0.23611110548178355,0.12051282127698262,7.18174436559545,0.9450967299956381,13.15970997969765,False
BPA2014,0.2638888825972875,0.12051282127698262,7.151227438759335,0.9493556039125409,13.275421765598946,False
BPA2014,0.29166665971279143,0.12051282127698262,7.147903122290166,0.9502035556283558,13.293458786049042,False
BPA2014,0.3194444368282954,0.12051282127698262,7.1399951276540365,0.9454687571496234,13.241868380101721,False
BPA2014,0.3472222139437993,0.12051282127698262,7.134737972269992,0.9294265836412933,13.026779501274191,False
BPA2014,0.37499999105930326,0.12051282127698262,7.126654103659314,0.9275959231095109,13.015868451272517,False
BPA2014,0.4027777681748072,0.12051282127698262,7.105121881264351,0.9313351988442367,13.107941206470992,False
BPA2014,0.4305555452903112,0.12051282127698262,7.08071360300973,0.9434223455895281,13.323831445301174,False
BPA2014,0.45833332240581515,0.12051282127698262,7.085613594230114,0.9317982649539592,13.150565615273347,False
BPA2014,0.4861110995213191,0.12051282127698262,7.075423843237707,0.9273871452378493,13.107160302830392,False
BPA2014,0.513888876636823,0.12051282127698262,7.037195772096556,0.9332062157175235,13.2610523557951,False
BPA2014,0.5416666537523269,0.12051282127698262,7.038110959365785,0.9269845939598157,13.17092895113077,False
BPA2014,-0.5416666537523269,0.14957265059153238,7.586815161695436,0.869806553357417,11.464712594408851,False
BPA2014,-0.513888876636823,0.14957265059153238,7.578512364794077,0.8765479714607473,11.566227371122919,False
BPA2014,-0.4861110995213191,0.14957265059153238,7.583484419208942,0.8663209834010736,11.423785367141855,False
BPA2014,-0.45833332240581515,0.14957265059153238,7.570378985249866,0.8797764308701184,11.621299707508378,False
BPA2014,-0.4305555452903112,0.14957265059153238,7.5726843189697695,0.9871633618614577,13.035844626304943,False
BPA2014,-0.4027777681748072,0.14957265059153238,7.577700865904637,0.9742385968902507,12.856651563982588,False
BPA2014,-0.37499999105930326,0.14957265059153238,7.567072646329209,0.9820320880479727,12.977701337707614,False
BPA2014,-0.3472222139437993,0.14957265059153238,7.552475993846782,0.982119670419768,13.003942961486125,False
BPA2014,-0.3194444368282954,0.14957265059153238,7.534645555239431,0.9841995883066441,13.062320995607458,False
BPA2014,-0.29166665971279143,0.14957265059153238,7.540887099979406,0.980861698261399,13.007245503835719,False
BPA2014,-0.2638888825972875,0.14957265059153238,7.542293051372665,0.9737408699402919,12.910408854546896,False
BPA2014,-0.23611110548178355,0.14957265059153238,7.529436916286248,0.9771956819291331,12.978336797210547,False
BPA2014,-0.2083333283662796,0.14957265059153238,7.524794975562073,0.9826302816580429,13.058565513735399,False
BPA2014,-0.18055555125077566,0.14957265059153238,7.495024445939803,0.9904257375457471,13.214443057384283,False
BPA2014,-0.15277777413527172,0.14957265059153238,7.483837438256715,0.9954950879292526,13.30193361550546,True
BPA2014,-0.12499999701976776,0.14957265059153238,7.482874208857883,0.9909696789035994,13.243169018270212,True
BPA2014,-0.09722221990426382,0.14957265059153238,7.479699893993449,0.9890418807097411,13.223015558471648,True
BPA2014,-0.06944444278875987,0.14957265059153238,7.4741403944936184,0.9837580842858691,13.16215688175496,True
BPA2014,-0.04166666567325592,0.14957265059153238,7.451866395497321,0.9951711497070798,13.354656362443604,True
BPA2014,-0.013888888557751973,0.14957265059153238,7.44270251227275,0.9881649015682178,13.276963575243927,True
BPA2014,0.013888888557751973,0.14957265059153238,7.42272804828069,0.9873219732075974,13.301335665076516,True
BPA2014,0.04166666567325592,0.14957265059153238,7.3946578122459155,0.9942037921743118,13.444892480729283,True
BPA2014,0.06944444278875987,0.14957265059153238,7.400546277933272,0.9650780589424977,13.040632714102992,True
BPA2014,0.09722221990426382,0.14957265059153238,7.393334083274424,0.9825474139716,13.28963905735531,True
BPA2014,0.12499999701976776,0.14957265059153238,7.3820283013709185,0.9786712992536318,13.257485061007996,True
BPA2014,0.15277777413527172,0.14957265059153238,7.386516797981065,0.9648951853440332,13.062925486174557,True
BPA2014,0.18055555125077566,0.14957265059153238,7.369227246433055,0.9713043802377208,13.180545907413341,False
BPA2014,0.2083333283662796,0.14957265059153238,7.360352166787645,0.9681786770993654,13.153972189919246,False
BPA2014,0.23611110548178355,0.14957265059153238,7.336074719185972,0.975124342305924,13.292181168161903,False
BPA2014,0.2638888825972875,0.14957265059153238,7.316450044737677,0.9762035960501845,13.342585407964542,False
BPA2014,0.29166665971279143,0.14957265059153238,7.306721222788852,0.9710117121586926,13.289294644637803,False
BPA2014,0.3194444368282954,0.14957265059153238,7.299426300806799,0.966885897359867,13.24605328576299,False
BPA2014,0.3472222139437993,0.14957265059153238,7.300955249231981,0.9530106916455213,13.053232886830427,False
BPA2014,0.37499999105930326,0.14957265059153238,7.294085576597308,0.9427035441707693,12.92421831730881,False
BPA2014,0.4027777681748072,0.14957265059153238,7.26497446345415,0.9560466740560255,13.159670124999595,False
BPA2014,0.4305555452903112,0.14957265059153238,7.244086892998516,0.9563384444833933,13.201642368587601,False
BPA2014,0.45833332240581515,0.14957265059153238,7.231474701770211,0.9572417385190598,13.237158090102067,False
BPA2014,0.4861110995213191,0.14957265059153238,7.216897159039328,0.9595169382984348,13.295422078955607,False
BPA2014,0.513888876636823,0.14957265059153238,7.212395274893039,0.9506177567801384,13.180333586115554,False
BPA2014,0.5416666537523269,0.14957265059153238,7.198385639094419,0.9530118074633216,13.239243564383607,False
BPA2014,-0.5416666537523269,0.17863247990608216,7.7191499158407595,0.8948272412296827,11.592302921768288,False
BPA2014,-0.513888876636823,0.17863247990608216,7.711922069239705,0.9023298838505823,11.700453865446546,False
BPA2014,-0.4861110995213191,0.17863247990608216,7.718057278692814,0.8939776237442821,11.582935853719043,False
BPA2014,-0.45833332240581515,0.17863247990608216,7.724608526868389,0.9966098762899339,12.901752533134086,False
BPA2014,-0.4305555452903112,0.17863247990608216,7.720566699663363,0.9992358087539854,12.942518957805971,False
BPA2014,-0.4027777681748072,0.17863247990608216,7.7227107862481885,0.9952230200242533,12.886964792161379,False
BPA2014,-0.37499999105930326,0.17863247990608216,7.6922438293469435,1.0140710951109424,13.183033684425407,False
BPA2014,-0.3472222139437993,0.17863247990608216,7.67654307998558,1.0182931080558228,13.264995681594428,False
BPA2014,-0.3194444368282954,0.17863247990608216,7.6793179719724005,1.0062773625320311,13.103733511292189,False
BPA2014,-0.29166665971279143,0.17863247990608216,7.6825553230068655,0.9910720928138997,12.900292300479071,False
BPA2014,-0.2638888825972875,0.17863247990608216,7.6742251237316115,0.9948647972853941,12.96371661301537,False
BPA2014,-0.23611110548178355,0.17863247990608216,7.664714312070978,1.0019383494720904,13.072089952448213,False
BPA2014,-0.2083333283662796,0.17863247990608216,7.678341523337844,0.9871420194803631,12.856187973405534,True
BPA2014,-0.18055555125077566,0.17863247990608216,7.643169482442019,1.0139758453140937,13.26643151958636,True
BPA2014,-0.15277777413527172,0.17863247990608216,7.641919591469764,1.0074289963557053,13.182931124795402,True
BPA2014,-0.12499999701976776,0.17863247990608216,7.616336576045567,1.0115692307494968,13.281572060917346,True
BPA2014,-0.09722221990426382,0.17863247990608216,7.603562250279875,1.0147145816146916,13.345252504210661,True
BPA2014,-0.06944444278875987,0.17863247990608216,7.591180186972505,1.0146808672202154,13.366575976704459,True
BPA2014,-0.04166666567325592,0.17863247990608216,7.595990917752078,1.0072737680147006,13.260597319313124,True
BPA2014,-0.013888888557751973,0.17863247990608216,7.580671583119769,1.0051391651262807,13.2592363896158,True
BPA2014,0.013888888557751973,0.17863247990608216,7.555948154614776,1.009287835997137,13.357527279759285,True
BPA2014,0.04166666567325592,0.17863247990608216,7.541416894508796,1.0123691853353942,13.424124398593323,True
BPA2014,0.06944444278875987,0.17863247990608216,7.531432668970864,1.0080243636328632,13.38423123379798,True
BPA2014,0.09722221990426382,0.17863247990608216,7.543895853097098,0.9941129697097282,13.17771333364314,True
BPA2014,0.12499999701976776,0.17863247990608216,7.528598366923777,0.9937077386372296,13.199106795270094,True
BPA2014,0.15277777413527172,0.17863247990608216,7.508159684379303,0.9949531899351165,13.251625321783084,True
BPA2014,0.18055555125077566,0.17863247990608216,7.484051914235414,1.0008601552514598,13.373239078522744,True
BPA2014,0.2083333283662796,0.17863247990608216,7.483052484938867,0.9895607753759543,13.22402558805571,True
BPA2014,0.23611110548178355,0.17863247990608216,7.460146930838604,0.9903630472008251,13.275382594770116,False
BPA2014,0.2638888825972875,0.17863247990608216,7.454059962415669,0.9896780472836908,13.27703362025225,False
BPA2014,0.29166665971279143,0.17863247990608216,7.447319513929631,0.988740970518251,13.276467709877199,False
BPA2014,0.3194444368282954,0.17863247990608216,7.4445438416407415,0.9796955247031014,13.159913428452336,False
BPA2014,0.3472222139437993,0.17863247990608216,7.445234715004774,0.9681261546466273,13.003299314332049,False
BPA2014,0.37499999105930326,0.17863247990608216,7.4269040109476485,0.9699111136688264,13.059427080774523,False
BPA2014,0.4027777681748072,0.17863247990608216,7.396480858064564,0.9794199380504314,13.241701788257126,False
BPA2014,0.4305555452903112,0.17863247990608216,7.361950653900496,0.9849413251414306,13.378809115211752,False
BPA2014,0.45833332240581515,0.17863247990608216,7.354976711484421,0.9806207101553177,13.332750715908162,False
BPA2014,0.4861110995213191,0.17863247990608216,7.353313076795859,0.9728912929961113,13.230652398932538,False
BPA2014,0.513888876636823,0.17863247990608216,7.333910895547868,0.9762304736315954,13.311185362563199,False
BPA2014,0.5416666537523269,0.17863247990608216,7.331353111146844,0.964390858146259,13.154336498673972,False
BPA2014,-0.5416666537523269,0.20769230922063192,7.829760416773149,0.9128128963745752,11.658248117261927,False
BPA2014,-0.513888876636823,0.20769230922063192,7.824076252537001,0.9192992066329425,11.74961972456307,False
BPA2014,-0.4861110995213191,0.20769230922063192,7.816380806074322,0.9268444316273793,11.85771848407262,False
BPA2014,-0.45833332240581515,0.20769230922063192,7.839359938073078,1.0244687163366717,13.068269915266667,False
BPA2014,-0.4305555452903112,0.20769230922063192,7.834591817908489,1.020602980782901,13.026881355196876,False
BPA2014,-0.4027777681748072,0.20769230922063192,7.83047209819325,1.0193897548856652,13.01824132827026,False
BPA2014,-0.37499999105930326,0.20769230922063192,7.816796401095599,1.018779417887747,13.033209074563528,False
BPA2014,-0.3472222139437993,0.20769230922063192,7.81141361707259,1.0178368325723108,13.030123386985053,False
BPA2014,-0.3194444368282954,0.20769230922063192,7.816197710480357,1.0125613430665625,12.954653663748406,False
BPA2014,-0.29166665971279143,0.20769230922063192,7.798077091290021,1.017514893302129,13.048279484677463,False
BPA2014,-0.2638888825972875,0.20769230922063192,7.7902257833068225,1.022133306473976,13.12071478934847,True
BPA2014,-0.23611110548178355,0.20769230922063192,7.80270478767577,1.0115934023955098,12.96465046317404,True
BPA2014,-0.2083333283662796,0.20769230922063192,7.7899170437738245,1.0177802208955713,13.065353779460889,True
BPA2014,-0.18055555125077566,0.20769230922063192,7.750303798695448,1.028671886987247,13.27266535229749,True
BPA2014,-0.15277777413527172,0.20769230922063192,7.742338612505023,1.0293658395460517,13.2952831316816,True
BPA2014,-0.12499999701976776,0.20769230922063192,7.735587392789896,1.0302129267819944,13.317837088134047,True
BPA2014,-0.09722221990426382,0.20769230922063192,7.715819571155403,1.0268150044778086,13.307918815473915,True
BPA2014,-0.06944444278875987,0.20769230922063192,7.69404467480567,1.021021529346265,13.270283349011788,True
BPA2014,-0.04166666567325592,0.20769230922063192,7.690932554609002,1.0176689967392905,13.232062425634252,True
BPA2014,-0.013888888557751973,0.20769230922063192,7.69099757978448,1.0155233008052178,13.204051753630575,True
BPA2014,0.013888888557751973,0.20769230922063192,7.670626339821898,1.0174962191241166,13.264838802560439,True
BPA2014,0.04166666567325592,0.20769230922063192,7.671165758077282,1.012712713484339,13.201549092040054,True
BPA2014,0.06944444278875987,0.20769230922063192,7.65186396040018,1.0196998436157143,13.32616273489506,True
BPA2014,0.09722221990426382,0.20769230922063192,7.656804634430297,1.0150155002520076,13.25638498973573,True
BPA2014,0.12499999701976776,0.20769230922063192,7.64228870496565,1.011909387605191,13.240920706747092,True
BPA2014,0.15277777413527172,0.20769230922063192,7.598972084895371,1.0172722755303072,13.386972134722797,True
BPA2014,0.18055555125077566,0.20769230922063192,7.60142947042549,1.0167196019968578,13.375373749800074,True
BPA2014,0.2083333283662796,0.20769230922063192,7.593471184553708,1.008592214307715,13.282360461962996,True
BPA2014,0.23611110548178355,0.20769230922063192,7.596185335376621,1.000376127850021,13.169453925658095,True
BPA2014,0.2638888825972875,0.20769230922063192,7.597253477158485,0.989142583415233,13.019739125318624,True
BPA2014,0.29166665971279143,0.20769230922063192,7.587310010930567,0.9817082336466794,12.938818003118275,False
BPA2014,0.3194444368282954,0.20769230922063192,7.56453502738258,0.9831096369108036,12.99629961857644,False
BPA2014,0.3472222139437993,0.20769230922063192,7.542862641309466,0.9965653491973757,13.212030983297456,False
BPA2014,0.37499999105930326,0.20769230922063192,7.550064125939436,0.9766429767426852,12.935558697935749,False
BPA2014,0.4027777681748072,0.20769230922063192,7.516871359583803,0.9874062849711777,13.135867806388118,False
BPA2014,0.4305555452903112,0.20769230922063192,7.507750331774798,0.9818726548063613,13.078120760766577,False
BPA2014,0.45833332240581515,0.20769230922063192,7.491692096948949,0.9854054198539757,13.153309120315953,False
BPA2014,0.4861110995213191,0.20769230922063192,7.479183961301389,0.9770246921270469,13.063252584537889,False
BPA2014,0.513888876636823,0.20769230922063192,7.466975400462139,0.9764988476481089,13.077568831787934,False
BPA2014,0.5416666537523269,0.20769230922063192,7.449561092377513,0.9774043829951672,13.120294885496811,False
BPA2014,-0.5416666537523269,0.23675213853518168,7.931411091131384,0.931603642533507,11.74574904552851,False
BPA2014,-0.513888876636823,0.23675213853518168,7.928245757391213,0.9379709970627822,11.830750783530469,False
BPA2014,-0.4861110995213191,0.23675213853518168,7.927863286959305,0.9356299081291383,11.801791658897221,False
BPA2014,-0.45833332240581515,0.23675213853518168,7.92593185564814,1.0518943106299548,13.271553803233354,False
BPA2014,-0.4305555452903112,0.23675213853518168,7.934735591201074,1.0418953405015898,13.130813604639332,False
BPA2014,-0.4027777681748072,0.23675213853518168,7.925926837234657,1.046441492813969,13.202764980089956,False
BPA2014,-0.37499999105930326,0.23675213853518168,7.910903696101462,1.0434324962634842,13.18980152391052,False
BPA2014,-0.3472222139437993,0.23675213853518168,7.931990916795849,1.0260861826201364,12.936048381591275,False
BPA2014,-0.3194444368282954,0.23675213853518168,7.933719408359354,1.0146018888125896,12.788477088609355,False
BPA2014,-0.29166665971279143,0.23675213853518168,7.917585407729069,1.0292306344284008,12.999299425601093,True
BPA2014,-0.2638888825972875,0.23675213853518168,7.907313709715547,1.0271887171390213,12.990362528262114,True
BPA2014,-0.23611110548178355,0.23675213853518168,7.8988019448503985,1.0360164976860056,13.116121975452662,True
BPA2014,-0.2083333283662796,0.23675213853518168,7.872916080409141,1.0452609548500105,13.276668316724777,True
BPA2014,-0.18055555125077566,0.23675213853518168,7.856291070854079,1.042288963234058,13.266934152946904,True
BPA2014,-0.15277777413527172,0.23675213853518168,7.818720274186306,1.0389554782209998,13.288050240793705,True
BPA2014,-0.12499999701976776,0.23675213853518168,7.8329641077167995,1.0409118798421335,13.28886313696572,True
BPA2014,-0.09722221990426382,0.23675213853518168,7.830104116900451,1.0343244272272165,13.209587149610652,True
BPA2014,-0.06944444278875987,0.23675213853518168,7.816639070771076,1.029626721251206,13.172243363536012,True
BPA2014,-0.04166666567325592,0.23675213853518168,7.802216165557459,1.0249195487309322,13.13626188999216,True
BPA2014,-0.013888888557751973,0.23675213853518168,7.780923618309116,1.0180427707777864,13.083829384756493,True
BPA2014,0.013888888557751973,0.23675213853518168,7.778351268268819,1.028932958192266,13.22816266205048,True
BPA2014,0.04166666567325592,0.23675213853518168,7.77146878949959,1.031961456637807,13.278847082705145,True
BPA2014,0.06944444278875987,0.23675213853518168,7.75946024609999,1.02556758736203,13.216996477010037,True
BPA2014,0.09722221990426382,0.23675213853518168,7.737667739402785,1.0362544252108434,13.392335521644206,True
BPA2014,0.12499999701976776,0.23675213853518168,7.726488320540153,1.034441609422649,13.388250476904002,True
BPA2014,0.15277777413527172,0.23675213853518168,7.736397422875439,1.0223157231271018,13.214364092830314,True
BPA2014,0.18055555125077566,0.23675213853518168,7.7145598728566425,1.0234375866160392,13.266312057761867,True
BPA2014,0.2083333283662796,0.23675213853518168,7.720060115296568,1.0117556203039737,13.105540697789072,True
BPA2014,0.23611110548178355,0.23675213853518168,7.71401278928062,1.005429113035183,13.03380147920322,True
BPA2014,0.2638888825972875,0.23675213853518168,7.701168221025378,0.9914303492019215,12.873765651491206,True
BPA2014,0.29166665971279143,0.23675213853518168,7.697318394038314,0.972441666430548,12.633512304541258,True
BPA2014,0.3194444368282954,0.23675213853518168,7.674621272400431,0.988033003344972,12.874029457299066,False
BPA2014,0.3472222139437993,0.23675213853518168,7.65444890237445,1.0015377350934294,13.08438723502024,False
BPA2014,0.37499999105930326,0.23675213853518168,7.637327666580491,0.99857287950028,13.074899010420188,False
BPA2014,0.4027777681748072,0.23675213853518168,7.615232785167559,1.000966665939634,13.144268785706062,False
BPA2014,0.4305555452903112,0.23675213853518168,7.61023484308285,0.9931382668581883,13.05003442516467,False
BPA2014,0.45833332240581515,0.23675213853518168,7.594199237017984,0.9975043004018008,13.135082044456489,False
BPA2014,0.4861110995213191,0.23675213853518168,7.5883482870318755,0.9807221877344051,12.924053438749148,False
BPA2014,0.513888876636823,0.23675213853518168,7.551532057799923,0.9931771524888386,13.151995447903756,False
BPA2014,0.5416666537523269,0.23675213853518168,7.545405554070379,0.9895652212153696,13.114804951491937,False
BPA2014,-0.5416666537523269,0.26581196784973143,8.044885790391486,0.9318655124671783,11.583328051470462,False
BPA2014,-0.513888876636823,0.26581196784973143,8.04375507144075,0.9336923998487052,11.607668204167085,False
BPA2014,-0.4861110995213191,0.26581196784973143,8.019526339170463,0.947140124849486,11.810424765653401,False
BPA2014,-0.45833332240581515,0.26581196784973143,8.02076111370194,1.065888691767982,13.289121526722875,False
BPA2014,-0.4305555452903112,0.26581196784973143,8.013237410202661,1.0592686077061424,13.218984456362845,False
BPA2014,-0.4027777681748072,0.26581196784973143,8.015889657058532,1.0578364805649472,13.19674453893525,False
BPA2014,-0.37499999105930326,0.26581196784973143,8.00928663354327,1.0578779295983392,13.208141723482544,False
BPA2014,-0.3472222139437993,0.26581196784973143,8.014735529044653,1.0491442291285134,13.090191501971745,True
BPA2014,-0.3194444368282954,0.26581196784973143,8.016373995165276,1.0446524328436997,13.03148323012045,True
BPA2014,-0.29166665971279143,0.26581196784973143,8.00682355639776,1.0388024929975956,12.973965089658462,True
BPA2014,-0.2638888825972875,0.26581196784973143,7.981368189218013,1.0552155230660212,13.22098540061723,True
BPA2014,-0.23611110548178355,0.26581196784973143,7.978544382999233,1.0510289766405225,13.173192078495749,True
BPA2014,-0.2083333283662796,0.26581196784973143,7.954382955610574,1.0560608875596775,13.27646523247654,True
BPA2014,-0.18055555125077566,0.26581196784973143,7.930771151604773,1.0592603031005228,13.356334243564497,True
BPA2014,-0.15277777413527172,0.26581196784973143,7.923381415266974,1.0578189158146802,13.350599452103213,True
BPA2014,-0.12499999701976776,0.26581196784973143,7.949390904041764,1.0416261436578969,13.103219557718512,True
BPA2014,-0.09722221990426382,0.26581196784973143,7.94094101254359,1.035209870146596,13.03636267428971,True
BPA2014,-0.06944444278875987,0.26581196784973143,7.9139557942362035,1.0511246763007178,13.281912404239865,True
BPA2014,-0.04166666567325592,0.26581196784973143,7.889484724612129,1.0435041077478981,13.226517880091338,True
BPA2014,-0.013888888557751973,0.26581196784973143,7.868413079359813,1.0369137717897878,13.178181690915402,True
BPA2014,0.013888888557751973,0.26581196784973143,7.846062365956562,1.041355995400558,13.27233900050194,True
BPA2014,0.04166666567325592,0.26581196784973143,7.847046724712412,1.017661239668568,12.968716453078907,True
BPA2014,0.06944444278875987,0.26581196784973143,7.836649688760712,1.0326948755703729,13.17775984106396,True
BPA2014,0.09722221990426382,0.26581196784973143,7.832673804733554,1.0423166647614477,13.307290597644188,True
BPA2014,0.12499999701976776,0.26581196784973143,7.844358859360377,1.0334588602866,13.17454847254231,True
BPA2014,0.15277777413527172,0.26581196784973143,7.841335831304181,1.02744151394889,13.102888794115128,True
BPA2014,0.18055555125077566,0.26581196784973143,7.829240873271357,1.0254634098244175,13.097865124130989,True
BPA2014,0.2083333283662796,0.26581196784973143,7.817322630715413,1.0137203550739735,12.96761567817243,True
BPA2014,0.23611110548178355,0.26581196784973143,7.798632268587948,1.0184181984935528,13.058933456775899,True
BPA2014,0.2638888825972875,0.26581196784973143,7.794568072722544,1.0061238468330334,12.90801282952433,True
BPA2014,0.29166665971279143,0.26581196784973143,7.797070807575033,0.9707239949739287,12.449854809973612,True
BPA2014,0.3194444368282954,0.26581196784973143,7.774351194876464,0.9889419909053929,12.720572638359021,True
BPA2014,0.3472222139437993,0.26581196784973143,7.7508756989384775,0.9991282522677802,12.890520904684562,True
BPA2014,0.37499999105930326,0.26581196784973143,7.726656008992593,1.004520053409178,13.000708873800997,False
BPA2014,0.4027777681748072,0.26581196784973143,7.706856822273411,1.0073648896877543,13.071021207717159,False
BPA2014,0.4305555452903112,0.26581196784973143,7.694257069978747,1.000508839019157,13.00331961773043,False
BPA2014,0.45833332240581515,0.26581196784973143,7.686993283580699,1.003827880603068,13.058784411158902,False
BPA2014,0.4861110995213191,0.26581196784973143,7.681289474091583,0.9881744228692695,12.864694478737043,False
BPA2014,0.513888876636823,0.26581196784973143,7.639909288445888,1.0026616917879472,13.123999957752233,False
BPA2014,0.5416666537523269,0.26581196784973143,7.637452606717637,0.989606910477267,12.95729036153813,False
BPA2014,-0.5416666537523269,0.2948717971642812,8.122570082287352,0.9550110730105641,11.7574987145156,False
BPA2014,-0.513888876636823,0.2948717971642812,8.120268680678043,0.9528241219215967,11.733898955693617,False
BPA2014,-0.4861110995213191,0.2948717971642812,8.110679073804802,1.0816054274310025,13.33557175162166,False
BPA2014,-0.45833332240581515,0.2948717971642812,8.109285209444128,1.073114490764581,13.233157584774855,False
BPA2014,-0.4305555452903112,0.2948717971642812,8.096936423726499,1.0826182389404742,13.370714332992312,False
BPA2014,-0.4027777681748072,0.2948717971642812,8.109550588660149,1.0704450169131456,13.199806884613114,False
BPA2014,-0.37499999105930326,0.2948717971642812,8.104851043280538,1.0671262626363667,13.166512955485906,True
BPA2014,-0.3472222139437993,0.2948717971642812,8.106452269100695,1.0641597530594527,13.127317817138117,True
BPA2014,-0.3194444368282954,0.2948717971642812,8.089276672260153,1.0667145225037673,13.186772633970573,True
BPA2014,-0.29166665971279143,0.2948717971642812,8.086661681004799,1.0581371871190313,13.084969161063675,True
BPA2014,-0.2638888825972875,0.2948717971642812,8.071698164132478,1.0592749528922072,13.123322147986377,True
BPA2014,-0.23611110548178355,0.2948717971642812,8.050599667307784,1.0662899798796297,13.244851612851466,True
BPA2014,-0.2083333283662796,0.2948717971642812,8.035665603014955,1.0712329906294307,13.3309802019077,True
BPA2014,-0.18055555125077566,0.2948717971642812,8.030676657354576,1.0737193653941,13.370222849288508,True
BPA2014,-0.15277777413527172,0.2948717971642812,8.03795321928705,1.0624151489780025,13.217483605512156,True
BPA2014,-0.12499999701976776,0.2948717971642812,8.043851507600918,1.050789661139827,13.063265279659861,True
BPA2014,-0.09722221990426382,0.2948717971642812,8.027021232692046,1.0526060773661015,13.113283830359146,True
BPA2014,-0.06944444278875987,0.2948717971642812,8.00083449293899,1.0596708863431192,13.24450452360082,True
BPA2014,-0.04166666567325592,0.2948717971642812,7.966463210303699,1.0543418835045129,13.234754942956913,True
BPA2014,-0.013888888557751973,0.2948717971642812,7.947478964983283,1.0550602514968996,13.27540791420162,True
BPA2014,0.013888888557751973,0.2948717971642812,7.9326102624668495,1.038397747557018,13.090240326947583,True
BPA2014,0.04166666567325592,0.2948717971642812,7.937893657421658,1.0329816533657763,13.013296699937191,True
BPA2014,0.06944444278875987,0.2948717971642812,7.954601868601182,1.0321276824134216,12.97522741505756,True
BPA2014,0.09722221990426382,0.2948717971642812,7.937372339115145,1.0417427445067018,13.124529126257858,True
BPA2014,0.12499999701976776,0.2948717971642812,7.934872541870607,1.0325659862644225,13.013012884779119,True
BPA2014,0.15277777413527172,0.2948717971642812,7.949586974070785,1.0037516680306227,12.62646312700981,True
BPA2014,0.18055555125077566,0.2948717971642812,7.916210301218994,1.0249872243117895,12.947953443757736,True
BPA2014,0.2083333283662796,0.2948717971642812,7.919117385562419,0.9951278334454411,12.566145758360502,True
BPA2014,0.23611110548178355,0.2948717971642812,7.907570842209334,1.0008297138932367,12.656601298479295,True
BPA2014,0.2638888825972875,0.2948717971642812,7.8918645848330655,0.9912926256718855,12.560943171490745,True
BPA2014,0.29166665971279143,0.2948717971642812,7.847394647651092,1.0230877896152044,13.037292446116986,True
BPA2014,0.3194444368282954,0.2948717971642812,7.836535611652925,1.0199915126766592,13.015847349177259,True
BPA2014,0.3472222139437993,0.2948717971642812,7.82646823039065,1.0134658745038096,12.949210865872557,True
BPA2014,0.37499999105930326,0.2948717971642812,7.808828430297657,1.0191232019022887,13.050910402233562,True
BPA2014,0.4027777681748072,0.2948717971642812,7.77332532710862,1.0260548559750617,13.199690129998906,False
BPA2014,0.4305555452903112,0.2948717971642812,7.780756603058517,0.9941431216459234,12.776946669365527,False
BPA2014,0.45833332240581515,0.2948717971642812,7.794400246569756,0.9714200310451514,12.463050399197352,False
BPA2014,0.4861110995213191,0.2948717971642812,7.753746047882783,1.007949258732872,12.999513428842565,False
BPA2014,0.513888876636823,0.2948717971642812,7.7246501582807054,1.018765590154072,13.188501346717574,False
BPA2014,0.5416666537523269,0.2948717971642812,7.722447763238549,1.0017773880526775,12.972277945620753,False
BPA2014,-0.5416666537523269,0.32393162647883095,8.196438237887067,0.9646344322184421,11.768946513371302,False
BPA2014,-0.513888876636823,0.32393162647883095,8.191513690100416,0.9705339328687078,11.848041394859836,False
BPA2014,-0.4861110995213191,0.32393162647883095,8.194267819931161,1.0886218721618783,13.285163434785364,False
BPA2014,-0.45833332240581515,0.32393162647883095,8.202694195265924,1.0783190310591109,13.145912859721728,False
BPA2014,-0.4305555452903112,0.32393162647883095,8.176699333330575,1.0917445657636045,13.351898134658565,False
BPA2014,-0.4027777681748072,0.32393162647883095,8.18812286435183,1.0828137966333824,13.22420064490688,False
BPA2014,-0.37499999105930326,0.32393162647883095,8.176577193101048,1.0838415609537817,13.255443388564453,True
BPA2014,-0.3472222139437993,0.32393162647883095,8.167514183048617,1.0871616970225195,13.310802683133193,True
BPA2014,-0.3194444368282954,0.32393162647883095,8.166230050583971,1.0783767497515384,13.205319260806558,True
BPA2014,-0.29166665971279143,0.32393162647883095,8.156475983567029,1.0800289522214879,13.241367404225034,True
BPA2014,-0.2638888825972875,0.32393162647883095,8.161215462054347,1.0643617698932364,13.041706530626437,True
BPA2014,-0.23611110548178355,0.32393162647883095,8.133174051297331,1.0711241624892294,13.169817290684605,True
BPA2014,-0.2083333283662796,0.32393162647883095,8.12395141591422,1.0816392516706688,13.314201381753927,True
BPA2014,-0.18055555125077566,0.32393162647883095,8.128560997051098,1.0738839492152923,13.211243042955315,True
BPA2014,-0.15277777413527172,0.32393162647883095,8.125542406006781,1.0683223905143522,13.147705557780343,True
BPA2014,-0.12499999701976776,0.32393162647883095,8.136423305764003,1.0412853652967693,12.79782683576827,True
BPA2014,-0.09722221990426382,0.32393162647883095,8.118466825416537,1.0513001796095254,12.94949160004218,True
BPA2014,-0.06944444278875987,0.32393162647883095,8.063862982392822,1.0738924093621702,13.317344450258876,True
BPA2014,-0.04166666567325592,0.32393162647883095,8.04485673561309,1.062629165900665,13.208801608568152,True
BPA2014,-0.013888888557751973,0.32393162647883095,8.022828424679675,1.0480569858142113,13.063435117099075,True
BPA2014,0.013888888557751973,0.32393162647883095,8.002649246135224,1.0487261694767673,13.10473740909282,True
BPA2014,0.04166666567325592,0.32393162647883095,8.005470451347003,1.0517912068908868,13.138405959813543,True
BPA2014,0.06944444278875987,0.32393162647883095,8.03624180256957,1.0527711949918093,13.100292659874768,True
BPA2014,0.09722221990426382,0.32393162647883095,8.047712243517392,1.011086356335408,12.563649466341943,True
BPA2014,0.12499999701976776,0.32393162647883095,8.04000187951443,1.010305520855135,12.565986127806125,True
BPA2014,0.15277777413527172,0.32393162647883095,8.03177019720495,0.9874137868220866,12.293850080094497,True
BPA2014,0.18055555125077566,0.32393162647883095,8.021103023724402,0.9917151334031136,12.363824906248805,True
BPA2014,0.2083333283662796,0.32393162647883095,7.998469856259133,1.0063105795165646,12.581288641465404,True
BPA2014,0.23611110548178355,0.32393162647883095,7.972534052483073,1.020575785415432,12.801146770863529,True
BPA2014,0.2638888825972875,0.32393162647883095,7.952950963547006,1.0266922645517043,12.90957619703216,True
BPA2014,0.29166665971279143,0.32393162647883095,7.921406179937659,1.0389153581353552,13.115289565211153,True
BPA2014,0.3194444368282954,0.32393162647883095,7.904969054889587,1.0382107701636711,13.133647493806317,True
BPA2014,0.3472222139437993,0.32393162647883095,7.8808315873655435,1.043847536850491,13.245398347605535,True
BPA2014,0.37499999105930326,0.32393162647883095,7.856524824884765,1.0489164872942385,13.350896365424816,True
BPA2014,0.4027777681748072,0.32393162647883095,7.837841118275273,1.045737265066883,13.34215952181739,False
BPA2014,0.4305555452903112,0.32393162647883095,7.848069670172308,1.027926899785967,13.09783096973193,False
BPA2014,0.45833332240581515,0.32393162647883095,7.837739174100226,1.0193629954789383,13.005829523485787,False
BPA2014,0.4861110995213191,0.32393162647883095,7.828298742629442,1.005621456306315,12.84597700430295,False
BPA2014,0.513888876636823,0.32393162647883095,7.796762542343336,0.9998249351631828,12.823590942179482,False
BPA2014,0.5416666537523269,0.32393162647883095,7.820477682827853,0.9661696686923711,12.354356189953451,False
BPA2014,-0.5416666537523269,0.35299145579338076,8.26433819928437,0.9763593518392726,11.814126289311561,False
BPA2014,-0.513888876636823,0.35299145579338076,8.252807078372824,0.9829606425991688,11.910621843749384,False
BPA2014,-0.4861110995213191,0.35299145579338076,8.246761190560735,1.1026585270882416,13.37080705514242,False
BPA2014,-0.45833332240581515,0.35299145579338076,8.246386201849043,1.0924568235580954,13.247703864671529,False
BPA2014,-0.4305555452903112,0.35299145579338076,8.265687555824965,1.0909620198954149,13.198684471524649,False
BPA2014,-0.4027777681748072,0.35299145579338076,8.26018976139166,1.0900936471493217,13.196956469988711,True
BPA2014,-0.37499999105930326,0.35299145579338076,8.252159733626238,1.0925583833835455,13.239665962009243,True
BPA2014,-0.3472222139437993,0.35299145579338076,8.259156243603176,1.0810944463570271,13.089647591960121,True
BPA2014,-0.3194444368282954,0.35299145579338076,8.241176155292033,1.0927468070922397,13.25959773824926,True
BPA2014,-0.29166665971279143,0.35299145579338076,8.214639717795508,1.0995438457687938,13.385174317345093,True
BPA2014,-0.2638888825972875,0.35299145579338076,8.205956791368562,1.0928274546616583,13.317489750995875,True
BPA2014,-0.23611110548178355,0.35299145579338076,8.226111352146548,1.072601375481158,13.038984394507011,True
BPA2014,-0.2083333283662796,0.35299145579338076,8.22276153050851,1.0785721647987976,13.116909213492619,True
BPA2014,-0.18055555125077566,0.35299145579338076,8.205104181268174,1.0803092752056545,13.1663078413062,True
BPA2014,-0.15277777413527172,0.35299145579338076,8.204402154174105,1.0699808803417612,13.041545992444965,True
BPA2014,-0.12499999701976776,0.35299145579338076,8.206544848455184,1.0432239955731406,12.71209765909607,True
BPA2014,-0.09722221990426382,0.35299145579338076,8.180588313123232,1.0628179084207572,12.991949573061797,True
BPA2014,-0.06944444278875987,0.35299145579338076,8.140370945914887,1.072561294883345,13.175828251679272,True
BPA2014,-0.04166666567325592,0.35299145579338076,8.126408617843834,1.0787735291614464,13.274911217148166,True
BPA2014,-0.013888888557751973,0.35299145579338076,8.09876035694754,1.0553908352838728,13.031510858059942,True
BPA2014,0.013888888557751973,0.35299145579338076,8.10236524557372,1.0693356011496844,13.197820250498543,True
BPA2014,0.04166666567325592,0.35299145579338076,8.09282530263454,1.0604546656325726,13.103639655823931,True
BPA2014,0.06944444278875987,0.35299145579338076,8.118010409885139,1.0388190321126538,12.796473269456573,True
BPA2014,0.09722221990426382,0.35299145579338076,8.104406469981036,1.0495416839622704,12.950259687119644,True
BPA2014,0.12499999701976776,0.35299145579338076,8.124193661467796,0.9880770328575124,12.162155089234993,True
BPA2014,0.15277777413527172,0.35299145579338076,8.111048829902478,0.9892910083500555,12.196832112548755,True
BPA2014,0.18055555125077566,0.35299145579338076,8.088430610577454,0.9992319078760034,12.35384162867493,True
BPA2014,0.2083333283662796,0.35299145579338076,8.035527764943032,1.0452846099578665,13.008288198793588,True
BPA2014,0.23611110548178355,0.35299145579338076,8.008076935779481,1.0576334246781527,13.207083712604293,True
BPA2014,0.2638888825972875,0.35299145579338076,8.012545297535308,1.0433839152741162,13.021878523358431,True
BPA2014,0.29166665971279143,0.35299145579338076,7.991678734036327,1.0404402625622469,13.019045149188019,True
BPA2014,0.3194444368282954,0.35299145579338076,7.9586093166134795,1.0479448321227425,13.167436551197117,True
BPA2014,0.3472222139437993,0.35299145579338076,7.953896276597536,1.0513927388117232,13.218587497868162,True
BPA2014,0.37499999105930326,0.35299145579338076,7.900256443274747,1.055288322182188,13.357646422737627,True
BPA2014,0.4027777681748072,0.35299145579338076,7.899059169144391,1.0585044523710743,13.400386422041818,True
BPA2014,0.4305555452903112,0.35299145579338076,7.891915564570569,1.0510718143376612,13.318335779671436,False
BPA2014,0.45833332240581515,0.35299145579338076,7.885477047099178,1.0501117665826638,13.317035358931992,False
BPA2014,0.4861110995213191,0.35299145579338076,7.870515274431595,1.0406112525565654,13.22164072201382,False
BPA2014,0.513888876636823,0.35299145579338076,7.8834582831525015,1.0037352173054022,12.732168817972362,False
BPA2014,0.5416666537523269,0.35299145579338076,7.894367839887021,0.9625906056578899,12.193384260539675,False
BPA2014,-0.5416666537523269,0.3820512851079305,8.332226440850016,0.9853647534126797,11.825947847285788,False
BPA2014,-0.513888876636823,0.3820512851079305,8.304272362728602,0.9917358355598496,11.942477224265643,False
BPA2014,-0.4861110995213191,0.3820512851079305,8.2932437563729,1.1092224384562133,13.375013095495197,False
BPA2014,-0.45833332240581515,0.3820512851079305,8.302005799313312,1.1055873285994438,13.317111012990267,False
BPA2014,-0.4305555452903112,0.3820512851079305,8.308027482460096,1.109644289453248,13.356290549061475,True
BPA2014,-0.4027777681748072,0.3820512851079305,8.318305943091817,1.106674937392166,13.304090339586958,True
BPA2014,-0.37499999105930326,0.3820512851079305,8.317791800504668,1.1006694216514845,13.23271185490244,True
BPA2014,-0.3472222139437993,0.3820512851079305,8.315532290408408,1.0984820663743589,13.210003016179837,True
BPA2014,-0.3194444368282954,0.3820512851079305,8.311633059588116,1.097872904824677,13.20887119238493,True
BPA2014,-0.29166665971279143,0.3820512851079305,8.30209545755518,1.0916144618941317,13.148661894759673,True
BPA2014,-0.2638888825972875,0.3820512851079305,8.298941093944604,1.087131498569903,13.099641101961046,True
BPA2014,-0.23611110548178355,0.3820512851079305,8.29391795269191,1.0829659816007633,13.057351034552628,True
BPA2014,-0.2083333283662796,0.3820512851079305,8.294974129841512,1.0845387269333717,13.074648696391938,True
BPA2014,-0.18055555125077566,0.3820512851079305,8.278254275330562,1.0876414132607404,13.138535941109508,True
BPA2014,-0.15277777413527172,0.3820512851079305,8.273231164677972,1.0706091091855596,12.940640577728038,True
BPA2014,-0.12499999701976776,0.3820512851079305,8.268637051882903,1.0729910870997037,12.976637871115242,True
BPA2014,-0.09722221990426382,0.3820512851079305,8.256792264825055,1.0722839081356519,12.986688701176515,True
BPA2014,-0.06944444278875987,0.3820512851079305,8.226946994501153,1.058098293030661,12.861372435459813,True
BPA2014,-0.04166666567325592,0.3820512851079305,8.211933186393178,1.0588397737793342,12.893916082193488,True
BPA2014,-0.013888888557751973,0.3820512851079305,8.192651202269484,1.0530180002835765,12.853201903577624,True
BPA2014,0.013888888557751973,0.3820512851079305,8.172771476133075,1.0627643355156025,13.003720202127155,True
BPA2014,0.04166666567325592,0.3820512851079305,8.177238154884328,1.0579483386492956,12.937721986455472,True
BPA2014,0.06944444278875987,0.3820512851079305,8.17494007338398,1.06531913887351,13.031522302432316,True
BPA2014,0.09722221990426382,0.3820512851079305,8.17038309378902,1.0521370545050714,12.877450695119636,True
BPA2014,0.12499999701976776,0.3820512851079305,8.166971475284363,1.036643911496717,12.693125164375848,True
BPA2014,0.15277777413527172,0.3820512851079305,8.164251173844848,1.0138605515373784,12.418292014158034,True
BPA2014,0.18055555125077566,0.3820512851079305,8.141133943673452,1.0193373127705372,12.520827194627762,True
BPA2014,0.2083333283662796,0.3820512851079305,8.121708139161782,1.029154535302319,12.671651303743293,True
BPA2014,0.23611110548178355,0.3820512851079305,8.093582792378298,1.0460550871543703,12.924499742430969,True
BPA2014,0.2638888825972875,0.3820512851079305,8.07640849604118,1.0460329201609155,12.951708926977263,True
BPA2014,0.29166665971279143,0.3820512851079305,8.02293095025631,1.0607467778440942,13.221437208183954,True
BPA2014,0.3194444368282954,0.3820512851079305,8.013484153968378,1.0510675061376056,13.116236158239655,True
BPA2014,0.3472222139437993,0.3820512851079305,7.996735535379811,1.0594399633959461,13.24840566139377,True
BPA2014,0.37499999105930326,0.3820512851079305,7.973376319755532,1.0669190098061754,13.38101911937461,True
BPA2014,0.4027777681748072,0.3820512851079305,7.951048219813307,1.0581025651010723,13.307711585302357,True
BPA2014,0.4305555452903112,0.3820512851079305,7.9445268373183255,1.0598936236445642,13.34117997645699,True
BPA2014,0.45833332240581515,0.3820512851079305,7.933762493275606,1.0535906456468755,13.279835973661475,False
BPA2014,0.4861110995213191,0.3820512851079305,7.945777814593491,1.0403970598163583,13.093709440320984,False
BPA2014,0.513888876636823,0.3820512851079305,7.9491965476174276,1.0170091538865953,12.793860961853035,False
BPA2014,0.5416666537523269,0.3820512851079305,7.931168983278194,1.015342708887294,12.801930094138806,False
BPA2014,-0.5416666537523269,0.4111111144224803,8.373830634400026,0.9980597062390161,11.91879499137405,False
BPA2014,-0.513888876636823,0.4111111144224803,8.360924988380056,0.9929057785192227,11.875549414677861,False
BPA2014,-0.4861110995213191,0.4111111144224803,8.355618475062823,1.117961539179505,13.37975809350366,False
BPA2014,-0.45833332240581515,0.4111111144224803,8.361778960184077,1.1182420457172306,13.373255273093388,False
BPA2014,-0.4305555452903112,0.4111111144224803,8.374091882604917,1.1185003298842469,13.356676109652579,True
BPA2014,-0.4027777681748072,0.4111111144224803,8.371687833018683,1.1163952259749619,13.33536615605517,True
BPA2014,-0.37499999105930326,0.4111111144224803,8.373978861199989,1.1153187270727776,13.318862461433929,True
BPA2014,-0.3472222139437993,0.4111111144224803,8.385389999187778,1.0999052101796063,13.116923724312702,True
BPA2014,-0.3194444368282954,0.4111111144224803,8.372733682640405,1.0969172015564574,13.101064038746976,True
BPA2014,-0.29166665971279143,0.4111111144224803,8.387713708257237,1.0844034605763073,12.928474889513367,True
BPA2014,-0.2638888825972875,0.4111111144224803,8.379536937795951,1.0810680687641028,12.901286512479453,True
BPA2014,-0.23611110548178355,0.4111111144224803,8.370209497130123,1.0838021747307875,12.948327937340023,True
BPA2014,-0.2083333283662796,0.4111111144224803,8.344768175388156,1.0987307196869485,13.16670153794705,True
BPA2014,-0.18055555125077566,0.4111111144224803,8.34665610868191,1.088331591757189,13.039133008309076,True
BPA2014,-0.15277777413527172,0.4111111144224803,8.34699564719801,1.078574275873108,12.921706461356225,True
BPA2014,-0.12499999701976776,0.4111111144224803,8.341771647003391,1.06581515670959,12.776844078349495,True
BPA2014,-0.09722221990426382,0.4111111144224803,8.3435248940338,1.0489106161335346,12.571552544699404,True
BPA2014,-0.06944444278875987,0.4111111144224803,8.327941756089734,1.039790463077901,12.48556358259306,True
BPA2014,-0.04166666567325592,0.4111111144224803,8.29617313287651,1.0102894279148542,12.177776569189792,True
BPA2014,-0.013888888557751973,0.4111111144224803,8.258856454594351,1.0390384021391912,12.580899157790551,True
BPA2014,0.013888888557751973,0.4111111144224803,8.25565485975629,1.0467442609976414,12.679118480354465,True
BPA2014,0.04166666567325592,0.4111111144224803,8.239177541499688,1.074548244733363,13.041935791782619,True
BPA2014,0.06944444278875987,0.4111111144224803,8.242990265886618,1.0576712910115393,12.831160257324118,True
BPA2014,0.09722221990426382,0.4111111144224803,8.240293113409606,1.0509193605225835,12.753422069566916,True
BPA2014,0.12499999701976776,0.4111111144224803,8.218109782457887,1.0532302685474795,12.815967374829562,True
BPA2014,0.15277777413527172,0.4111111144224803,8.231204108587008,1.0189484036786445,12.379092903499389,True
BPA2014,0.18055555125077566,0.4111111144224803,8.222164109796681,0.9944708794359259,12.095001585422228,True
BPA2014,0.2083333283662796,0.4111111144224803,8.200230322518296,1.0017745579718182,12.216419765928874,True
BPA2014,0.23611110548178355,0.4111111144224803,8.160401163257358,1.0431284571897244,12.78280854483559,True
BPA2014,0.2638888825972875,0.4111111144224803,8.147142973686144,1.0347237434910812,12.700449063347227,True
BPA2014,0.29166665971279143,0.4111111144224803,8.118467345617947,1.0595903580933295,13.051605838696362,True
BPA2014,0.3194444368282954,0.4111111144224803,8.09627093313105,1.0621267215749128,13.11871515105238,True
BPA2014,0.3472222139437993,0.4111111144224803,8.064929441170207,1.058504830844843,13.124787247875238,True
BPA2014,0.37499999105930326,0.4111111144224803,8.04840528948728,1.068686908511604,13.278244199599499,True
BPA2014,0.4027777681748072,0.4111111144224803,8.020873951506406,1.074255078315063,13.393242242802064,True
BPA2014,0.4305555452903112,0.4111111144224803,7.994198023533514,1.070621573281833,13.39248252457734,True
BPA2014,0.45833332240581515,0.4111111144224803,7.987505448876596,1.0696791312075127,13.391904870098811,False
BPA2014,0.4861110995213191,0.4111111144224803,7.987163018652706,1.059847223776224,13.269382649397855,False
BPA2014,0.513888876636823,0.4111111144224803,7.9938194393120465,1.044938682184964,13.071832434019704,False
BPA2014,0.5416666537523269,0.4111111144224803,7.986010879644242,1.0305990239284488,12.905054093469499,False
BPA2014,-0.5416666537523269,0.44017094373703003,8.434459098178499,1.005050807876099,11.916007845638248,False
BPA2014,-0.513888876636823,0.44017094373703003,8.426953142727145,1.1311973586680324,13.423562935606311,False
BPA2014,-0.4861110995213191,0.44017094373703003,8.423444950361855,1.127217147507676,13.381901990814967,False
BPA2014,-0.45833332240581515,0.44017094373703003,8.433991391216589,1.1235036922907682,13.32113871328845,True
BPA2014,-0.4305555452903112,0.44017094373703003,8.431147633744047,1.120239599605293,13.286917134765252,True
BPA2014,-0.4027777681748072,0.44017094373703003,8.438315427683047,1.1176807769064085,13.245306915639867,True
BPA2014,-0.37499999105930326,0.44017094373703003,8.435584370314594,1.1108618473366572,13.168759846038135,True
BPA2014,-0.3472222139437993,0.44017094373703003,8.434885632729314,1.1060834212891848,13.113199982194477,True
BPA2014,-0.3194444368282954,0.44017094373703003,8.434879696313331,1.1071417525823881,13.12575629343346,True
BPA2014,-0.29166665971279143,0.44017094373703003,8.431360426718138,1.0923048774754835,12.955262522215023,True
BPA2014,-0.2638888825972875,0.44017094373703003,8.427037415354462,1.0920631971097172,12.95904056531096,True
BPA2014,-0.23611110548178355,0.44017094373703003,8.424931777773402,1.0927460703771188,12.970384795993176,True
BPA2014,-0.2083333283662796,0.44017094373703003,8.414908781930858,1.0949820021022987,13.012404893247668,True
BPA2014,-0.18055555125077566,0.44017094373703003,8.41950619953488,1.0837017218107752,12.871321620627137,True
BPA2014,-0.15277777413527172,0.44017094373703003,8.408620556764891,1.0724866539323277,12.754608757669441,True
BPA2014,-0.12499999701976776,0.44017094373703003,8.388249699303364,1.08980361470204,12.992026391304817,True
BPA2014,-0.09722221990426382,0.44017094373703003,8.415565429102525,1.0289651734607033,12.226928566229885,True
BPA2014,-0.06944444278875987,0.44017094373703003,8.389110877426866,1.0418087374495582,12.418583478885964,True
BPA2014,-0.04166666567325592,0.44017094373703003,8.368952155037704,1.0373888970662233,12.395684404071607,True
BPA2014,-0.013888888557751973,0.44017094373703003,8.35702034134513,1.0485805241378845,12.547301326409205,True
BPA2014,0.013888888557751973,0.44017094373703003,8.312200400418812,1.0730845295403082,12.909752867438574,True
BPA2014,0.04166666567325592,0.44017094373703003,8.318140549645587,1.0683892929205208,12.844088009140957,True
BPA2014,0.06944444278875987,0.44017094373703003,8.308886396177446,1.0629840461883102,12.793339510302399,True
BPA2014,0.09722221990426382,0.44017094373703003,8.306510498667219,1.0462812133915746,12.595917546356567,True
BPA2014,0.12499999701976776,0.44017094373703003,8.295838949374831,1.0328231347370818,12.449893748418472,True
BPA2014,0.15277777413527172,0.44017094373703003,8.287029262105868,1.0355592298025844,12.496145446690894,True
BPA2014,0.18055555125077566,0.44017094373703003,8.274887516546908,1.006631425664663,12.164895578964051,True
BPA2014,0.2083333283662796,0.44017094373703003,8.237269121450721,1.0412169753699887,12.640317561782089,True
BPA2014,0.23611110548178355,0.44017094373703003,8.214384712007481,1.0500382077527683,12.78291977508506,True
BPA2014,0.2638888825972875,0.44017094373703003,8.206236782123952,1.0374510838875688,12.642227021129823,True
BPA2014,0.29166665971279143,0.44017094373703003,8.186444097922413,1.0512919200214832,12.841862809376345,True
BPA2014,0.3194444368282954,0.44017094373703003,8.16329374316162,1.0653572446993547,13.050580785382163,True
BPA2014,0.3472222139437993,0.44017094373703003,8.157375228193242,1.0493132938606342,12.863369215063608,True
BPA2014,0.37499999105930326,0.44017094373703003,8.131121061158257,1.0646978893342265,13.094109426315232,True
BPA2014,0.4027777681748072,0.44017094373703003,8.1048451680647,1.0687765323176255,13.186884020053787,True
BPA2014,0.4305555452903112,0.44017094373703003,8.09523273352982,1.0641550895945249,13.145453931013964,True
BPA2014,0.45833332240581515,0.44017094373703003,8.074824880568533,1.0632515087871812,13.167486905453728,True
BPA2014,0.4861110995213191,0.44017094373703003,8.065218810850904,1.0517744791370593,13.040867257339716,False
BPA2014,0.513888876636823,0.44017094373703003,8.034417287946948,1.0637691065074677,13.240152563438674,False
BPA2014,0.5416666537523269,0.44017094373703003,8.032261496830525,1.045855353239508,13.020683572767089,False
BPA2014,-0.5416666537523269,0.4692307730515798,8.510519413092775,0.9976348710840002,11.722373484622057,False
BPA2014,-0.513888876636823,0.4692307730515798,8.496489397639133,1.1261307196830912,13.254070793003075,False
BPA2014,-0.4861110995213191,0.4692307730515798,8.474398050535681,1.1170035738614321,13.180919366784103,False
BPA2014,-0.45833332240581515,0.4692307730515798,8.475249773233639,1.131804096699296,13.354227037340383,True
BPA2014,-0.4305555452903112,0.4692307730515798,8.48253415348728,1.1151947647214044,13.14695283912218,True
BPA2014,-0.4027777681748072,0.4692307730515798,8.48737445924666,1.1085758614697852,13.061469913844034,True
BPA2014,-0.37499999105930326,0.4692307730515798,8.500522289620116,1.1074584727589523,13.02812268501732,True
BPA2014,-0.3472222139437993,0.4692307730515798,8.497681316755004,1.1045875337475648,12.998693320843099,True
BPA2014,-0.3194444368282954,0.4692307730515798,8.493750078248343,1.098854741128966,12.937215376080168,True
BPA2014,-0.29166665971279143,0.4692307730515798,8.492183568221813,1.1009920280574297,12.964769534391582,True
BPA2014,-0.2638888825972875,0.4692307730515798,8.484950075905523,1.0925602231387093,12.876448457147935,True
BPA2014,-0.23611110548178355,0.4692307730515798,8.48106831773236,1.0991096314980822,12.959565827338581,True
BPA2014,-0.2083333283662796,0.4692307730515798,8.472105844251177,1.103191229176066,13.021452392791414,True
BPA2014,-0.18055555125077566,0.4692307730515798,8.456759688646528,1.1046425334271315,13.062243389866564,True
BPA2014,-0.15277777413527172,0.4692307730515798,8.448190227325718,1.1063735116977864,13.095982475858737,True
BPA2014,-0.12499999701976776,0.4692307730515798,8.445051041356056,1.09771266067666,12.998295158917072,True
BPA2014,-0.09722221990426382,0.4692307730515798,8.44496237761683,1.0760992718686768,12.742499300184592,True
BPA2014,-0.06944444278875987,0.4692307730515798,8.426919008334972,1.0760380974961754,12.769057070939901,True
BPA2014,-0.04166666567325592,0.4692307730515798,8.408843432466206,1.0805724560682088,12.850429012581706,True
BPA2014,-0.013888888557751973,0.4692307730515798,8.39314214760345,1.0840415728279158,12.915801421729158,True
BPA2014,0.013888888557751973,0.4692307730515798,8.390820121538532,1.0668589037453733,12.714596288470489,True
BPA2014,0.04166666567325592,0.4692307730515798,8.381492971573374,1.0661147396395523,12.719866773800101,True
BPA2014,0.06944444278875987,0.4692307730515798,8.386932273948858,1.039881470364109,12.398829946369613,True
BPA2014,0.09722221990426382,0.4692307730515798,8.359862905414472,1.0642768646002787,12.730793275461174,True
BPA2014,0.12499999701976776,0.4692307730515798,8.361943619228322,1.0346974139869038,12.373886516139777,True
BPA2014,0.15277777413527172,0.4692307730515798,8.333710743754704,1.049932258500103,12.598616520100892,True
BPA2014,0.18055555125077566,0.4692307730515798,8.317649081719592,1.049543711546322,12.618273519773679,True
BPA2014,0.2083333283662796,0.4692307730515798,8.297567578638763,1.0564640801160743,12.732214231503614,True
BPA2014,0.23611110548178355,0.4692307730515798,8.27958891323147,1.055464085740005,12.74778369797184,True
BPA2014,0.2638888825972875,0.4692307730515798,8.251805874271547,1.0487014887988393,12.708751330040426,True
BPA2014,0.29166665971279143,0.4692307730515798,8.231015795678964,1.0571701834928702,12.843738971414108,True
BPA2014,0.3194444368282954,0.4692307730515798,8.225828301382837,1.0601753089408497,12.888371481843652,True
BPA2014,0.3472222139437993,0.4692307730515798,8.221819292766305,1.0444090386153158,12.70289459577644,True
BPA2014,0.37499999105930326,0.4692307730515798,8.191859914734534,1.0620698766490801,12.964941877713954,True
BPA2014,0.4027777681748072,0.4692307730515798,8.152175906965214,1.075061869629679,13.187422375308987,True
BPA2014,0.4305555452903112,0.4692307730515798,8.12843019699818,1.0813598532862245,13.303427932315511,True
BPA2014,0.45833332240581515,0.4692307730515798,8.112067996252199,1.0752018022528456,13.25434898659124,True
BPA2014,0.4861110995213191,0.4692307730515798,8.109157454099442,1.0663718530021244,13.150217627887331,False
BPA2014,0.513888876636823,0.4692307730515798,8.104770106062148,1.055097028585598,13.018222784584774,False
BPA2014,0.5416666537523269,0.4692307730515798,8.087879962091803,1.0570805061889066,13.06993317338391,False
BPA2014,-0.5416666537523269,0.49829060236612954,8.56846501463276,1.0020455988440335,11.694575365982056,False
BPA2014,-0.513888876636823,0.49829060236612954,8.554640754134219,1.1146779079204217,13.030096060804528,False
BPA2014,-0.4861110995213191,0.49829060236612954,8.533239010491318,1.1097138514430993,13.004602942431884,False
BPA2014,-0.45833332240581515,0.49829060236612954,8.515948954042027,1.110056548979961,13.035030564069801,True
BPA2014,-0.4305555452903112,0.49829060236612954,8.537342252062107,1.119597983260628,13.114127912468318,True
BPA2014,-0.4027777681748072,0.49829060236612954,8.533264745160754,1.12225280126317,13.15150572235092,True
BPA2014,-0.37499999105930326,0.49829060236612954,8.53042121718882,1.1156287789200268,13.07823787964927,True
BPA2014,-0.3472222139437993,0.49829060236612954,8.539890871738363,1.1169385540859427,13.079072916286352,True
BPA2014,-0.3194444368282954,0.49829060236612954,8.55105346055559,1.1043806933202278,12.915141957824606,True
BPA2014,-0.29166665971279143,0.49829060236612954,8.544926574324966,1.1053495581184627,12.935740857501553,True
BPA2014,-0.2638888825972875,0.49829060236612954,8.542447768737008,1.1022734083006045,12.903484319033472,True
BPA2014,-0.23611110548178355,0.49829060236612954,8.526023296822984,1.1108564502620368,13.029010261747356,True
BPA2014,-0.2083333283662796,0.49829060236612954,8.524284110530637,1.1075336640851592,12.99268829762427,True
BPA2014,-0.18055555125077566,0.49829060236612954,8.517100175047945,1.1063694110992013,12.98997767268803,True
BPA2014,-0.15277777413527172,0.49829060236612954,8.508779721899028,1.1000580106426945,12.928504986578481,True
BPA2014,-0.12499999701976776,0.49829060236612954,8.505943507346757,1.0993186698607667,12.92412380720919,True
BPA2014,-0.09722221990426382,0.49829060236612954,8.498396318284142,1.0895309371094009,12.820429835277219,True
BPA2014,-0.06944444278875987,0.49829060236612954,8.480747781867532,1.0953513454687342,12.915740140399844,True
BPA2014,-0.04166666567325592,0.49829060236612954,8.46962087274663,1.090224091205684,12.87217111115073,True
BPA2014,-0.013888888557751973,0.49829060236612954,8.453536842051124,1.0791234782518881,12.765348970668885,True
BPA2014,0.013888888557751973,0.49829060236612954,8.450673332225257,1.0645029691574883,12.596664517822276,True
BPA2014,0.04166666567325592,0.49829060236612954,8.443053207865821,1.047978158824459,12.412312619895948,True
BPA2014,0.06944444278875987,0.49829060236612954,8.432431414307702,1.0525757702476741,12.48247057736775,True
BPA2014,0.09722221990426382,0.49829060236612954,8.427728885420054,1.0453309335814829,12.40347130043424,True
BPA2014,0.12499999701976776,0.49829060236612954,8.431524886861855,1.004925814347057,11.918672219220387,True
BPA2014,0.15277777413527172,0.49829060236612954,8.399204528860022,1.0380392918187833,12.35878098041352,True
BPA2014,0.18055555125077566,0.49829060236612954,8.370286685838304,1.0603107960197273,12.667556510503616,True
BPA2014,0.2083333283662796,0.49829060236612954,8.340377308341466,1.0748915166504671,12.88780443512352,True
BPA2014,0.23611110548178355,0.49829060236612954,8.321637955481851,1.0685742518058363,12.840912540564405,True
BPA2014,0.2638888825972875,0.49829060236612954,8.28875674386678,1.0799888314003454,13.02956359769488,True
BPA2014,0.29166665971279143,0.49829060236612954,8.262553204668363,1.0845918440983067,13.126594373825146,True
BPA2014,0.3194444368282954,0.49829060236612954,8.261419058508345,1.0842961564079063,13.124817282948523,True
BPA2014,0.3472222139437993,0.49829060236612954,8.2584895749045,1.0683398486093632,12.936261999479695,True
BPA2014,0.37499999105930326,0.49829060236612954,8.233826046061134,1.0686628880071714,12.978934483542973,True
BPA2014,0.4027777681748072,0.49829060236612954,8.190630020916245,1.0800498085726182,13.186406977418304,True
BPA2014,0.4305555452903112,0.49829060236612954,8.172475405034225,1.083563035420944,13.25868823971586,True
BPA2014,0.45833332240581515,0.49829060236612954,8.17945768597272,1.0721203158403025,13.107474321664684,True
BPA2014,0.4861110995213191,0.49829060236612954,8.168669366765341,1.0684521914589824,13.079880498114369,False
BPA2014,0.513888876636823,0.49829060236612954,8.139320842881654,1.0654103094130685,13.089670870326195,False
BPA2014,0.5416666537523269,0.49829060236612954,8.12692935474881,1.066159831678446,13.118851969046052,False
BPA2014,-0.5416666537523269,0.5273504316806793,8.62238011099821,0.9941814907493182,11.530244293929906,False
BPA2014,-0.513888876636823,0.5273504316806793,8.597416854346122,1.1359877416851534,13.213128558619264,False
BPA2014,-0.4861110995213191,0.5273504316806793,8.590789427265044,1.128842700163047,13.140150968901404,True
BPA2014,-0.45833332240581515,0.5273504316806793,8.576501437815386,1.1284409905455812,13.157357912517517,True
BPA2014,-0.4305555452903112,0.5273504316806793,8.575635195378258,1.13800454543957,13.270207040207177,True
BPA2014,-0.4027777681748072,0.5273504316806793,8.589610635584616,1.1235780198330627,13.080662995111314,True
BPA2014,-0.37499999105930326,0.5273504316806793,8.576807056139941,1.1333027111580585,13.21357357977119,True
BPA2014,-0.3472222139437993,0.5273504316806793,8.589150731643821,1.1213718109299522,13.055677400079112,True
BPA2014,-0.3194444368282954,0.5273504316806793,8.601987634578428,1.1111315609044174,12.917149013768286,True
BPA2014,-0.29166665971279143,0.5273504316806793,8.609122120327545,1.0968727027063374,12.740819416609758,True
BPA2014,-0.2638888825972875,0.5273504316806793,8.591546259107075,1.1163689331191524,12.993806928942467,True
BPA2014,-0.23611110548178355,0.5273504316806793,8.578367629750446,1.1206379878195303,13.063534184907985,True
BPA2014,-0.2083333283662796,0.5273504316806793,8.574182242258042,1.1198843418732471,13.061121285174849,True
BPA2014,-0.18055555125077566,0.5273504316806793,8.582932335866252,1.1001988480945164,12.818449511678182,True
BPA2014,-0.15277777413527172,0.5273504316806793,8.558613073251719,1.1096452007732263,12.965245551772947,True
BPA2014,-0.12499999701976776,0.5273504316806793,8.551043178927834,1.1105455436593494,12.987252203287253,True
BPA2014,-0.09722221990426382,0.5273504316806793,8.525794056304507,1.1203674440693858,13.140916103185907,True
BPA2014,-0.06944444278875987,0.5273504316806793,8.523922631755307,1.1131982750936706,13.059694734282601,True
BPA2014,-0.04166666567325592,0.5273504316806793,8.51304832631592,1.1059365730580013,12.991075942083874,True
BPA2014,-0.013888888557751973,0.5273504316806793,8.506979916843092,1.091414440446147,12.82963461904077,True
BPA2014,0.013888888557751973,0.5273504316806793,8.500856090620694,1.079666952997482,12.700684983818492,True
BPA2014,0.04166666567325592,0.5273504316806793,8.502249419479943,1.0613141484288187,12.48274540143679,True
BPA2014,0.06944444278875987,0.5273504316806793,8.491668828933024,1.0544107526162674,12.417002757145369,True
BPA2014,0.09722221990426382,0.5273504316806793,8.4791818073425,1.0522520773873079,12.40983035033069,True
BPA2014,0.12499999701976776,0.5273504316806793,8.465803252346511,1.0455681899491696,12.350490069083095,True
BPA2014,0.15277777413527172,0.5273504316806793,8.452375630118162,1.0437835170693313,12.34899586513927,True
BPA2014,0.18055555125077566,0.5273504316806793,8.444389666471661,1.02850965480637,12.179798605102913,True
BPA2014,0.2083333283662796,0.5273504316806793,8.407169103048822,1.0664673636980582,12.685213662602655,True
BPA2014,0.23611110548178355,0.5273504316806793,8.374905309299596,1.0823421116485668,12.923634019440447,True
BPA2014,0.2638888825972875,0.5273504316806793,8.345462475961472,1.0861568822105299,13.014939379802254,True
BPA2014,0.29166665971279143,0.5273504316806793,8.300918134678733,1.1026872321145436,13.283918889741228,True
BPA2014,0.3194444368282954,0.5273504316806793,8.298282427167514,1.090665260615794,13.143265129722453,True
BPA2014,0.3472222139437993,0.5273504316806793,8.280512377823097,1.0925188595231226,13.193855762465995,True
BPA2014,0.37499999105930326,0.5273504316806793,8.269120273086646,1.0600895585737182,12.819858988192156,True
BPA2014,0.4027777681748072,0.5273504316806793,8.263884537760328,1.075899741519856,13.019297844781427,True
BPA2014,0.4305555452903112,0.5273504316806793,8.240306302045141,1.0844932104395602,13.160836147200044,True
BPA2014,0.45833332240581515,0.5273504316806793,8.221314070103217,1.0805782086966174,13.143619128067819,True
BPA2014,0.4861110995213191,0.5273504316806793,8.186870448872709,1.0792963055864382,13.183258637432719,True
BPA2014,0.513888876636823,0.5273504316806793,8.161826928204128,1.076742368020582,13.192418529481131,False
BPA2014,0.5416666537523269,0.5273504316806793,8.15042322603639,1.0763644290521608,13.206239715426468,False
BPA2014,-0.5416666537523269,0.5564102609952291,8.658013815339594,1.0126217911826692,11.695774721317548,False
BPA2014,-0.513888876636823,0.5564102609952291,8.63172485601074,1.127966479744744,13.067683441731573,False
BPA2014,-0.4861110995213191,0.5564102609952291,8.628177235439113,1.1370638270613749,13.178494090165808,True
BPA2014,-0.45833332240581515,0.5564102609952291,8.628678143490605,1.150433849501582,13.332677733141068,True
BPA2014,-0.4305555452903112,0.5564102609952291,8.63117639543096,1.1460570560116576,13.278109535779384,True
BPA2014,-0.4027777681748072,0.5564102609952291,8.629928692364622,1.1490905810322558,13.315180484039457,True
BPA2014,-0.37499999105930326,0.5564102609952291,8.631890861458677,1.138622665776284,13.190883481396003,True
BPA2014,-0.3472222139437993,0.5564102609952291,8.638567156871574,1.141266589191509,13.211294980599709,True
BPA2014,-0.3194444368282954,0.5564102609952291,8.640773086223343,1.1325962640967084,13.107580222219873,True
BPA2014,-0.29166665971279143,0.5564102609952291,8.644717069664374,1.1275690460062189,13.043446499400543,True
BPA2014,-0.2638888825972875,0.5564102609952291,8.641149421338724,1.1197349606120988,12.958171488702536,True
BPA2014,-0.23611110548178355,0.5564102609952291,8.633824450075565,1.11961644234127,12.967792532907835,True
BPA2014,-0.2083333283662796,0.5564102609952291,8.626408627167375,1.123879562675148,13.028359903282169,True
BPA2014,-0.18055555125077566,0.5564102609952291,8.623253651555087,1.1164127367395387,12.946537140748593,True
BPA2014,-0.15277777413527172,0.5564102609952291,8.60719000051461,1.1223066239165462,13.039175664176641,True
BPA2014,-0.12499999701976776,0.5564102609952291,8.582404438542001,1.1322384657211635,13.192555464252983,True
BPA2014,-0.09722221990426382,0.5564102609952291,8.581439113037495,1.12192538408623,13.073860564735885,True
BPA2014,-0.06944444278875987,0.5564102609952291,8.567910449336521,1.115767027842966,13.022627097244795,True
BPA2014,-0.04166666567325592,0.5564102609952291,8.56842733063109,1.1056539822731384,12.90381466293773,True
BPA2014,-0.013888888557751973,0.5564102609952291,8.568006028694418,1.0811400162379838,12.618338649823832,True
BPA2014,0.013888888557751973,0.5564102609952291,8.560526175113425,1.0752796281791297,12.560905792276051,True
BPA2014,0.04166666567325592,0.5564102609952291,8.539660238916147,1.0860594430917443,12.717829664258245,True
BPA2014,0.06944444278875987,0.5564102609952291,8.53053794120373,1.077290980872489,12.628640635533875,True
BPA2014,0.09722221990426382,0.5564102609952291,8.510694460865052,1.0842955001803962,12.740388051366908,True
BPA2014,0.12499999701976776,0.5564102609952291,8.51076721256137,1.0608288371988488,12.46455003061452,True
BPA2014,0.15277777413527172,0.5564102609952291,8.494809407206485,1.0601227872255827,12.479653590888553,True
BPA2014,0.18055555125077566,0.5564102609952291,8.474904374801785,1.0705050560142484,12.631470618089255,True
BPA2014,0.2083333283662796,0.5564102609952291,8.454103295479447,1.073734052954851,12.7007444246511,True
BPA2014,0.23611110548178355,0.5564102609952291,8.405113037601442,1.1013730724992812,13.10360809631156,True
BPA2014,0.2638888825972875,0.5564102609952291,8.376817018857519,1.1034056865893398,13.172135479447643,True
BPA2014,0.29166665971279143,0.5564102609952291,8.379795707394127,1.0898934686772654,13.006205720690422,True
BPA2014,0.3194444368282954,0.5564102609952291,8.368017597916205,1.0787731289538405,12.891621179459223,True
BPA2014,0.3472222139437993,0.5564102609952291,8.365994412257567,1.059319284989265,12.662204070291832,True
BPA2014,0.37499999105930326,0.5564102609952291,8.349126942948372,1.056441713108152,12.653319566549614,True
BPA2014,0.4027777681748072,0.5564102609952291,8.31102038473508,1.0842940831673564,13.046461601260036,True
BPA2014,0.4305555452903112,0.5564102609952291,8.285734848013544,1.0777445087293178,13.007229032771919,True
BPA2014,0.45833332240581515,0.5564102609952291,8.277733767926222,1.0674385531922674,12.895299403422191,True
BPA2014,0.4861110995213191,0.5564102609952291,8.260368481173902,1.0747204043851637,13.010562504984433,True
BPA2014,0.513888876636823,0.5564102609952291,8.209753466012208,1.0850293243955629,13.216344789006232,False
BPA2014,0.5416666537523269,0.5564102609952291,8.186558297430496,1.0833760735140745,13.233596270292391,False
BPA2014,-0.5416666537523269,0.5854700903097788,8.702980147060986,1.026969758258173,11.80020798513464,False
BPA2014,-0.513888876636823,0.5854700903097788,8.680288625238106,1.1386986045756595,13.118211314596975,False
BPA2014,-0.4861110995213191,0.5854700903097788,8.675374251978853,1.1500007850819371,13.255921320277588,True
BPA2014,-0.45833332240581515,0.5854700903097788,8.678029864843872,1.1578894685025705,13.342768883446363,True
BPA2014,-0.4305555452903112,0.5854700903097788,8.687643691682418,1.161181445483625,13.365896285495046,True
BPA2014,-0.4027777681748072,0.5854700903097788,8.686020984604244,1.1579338609733942,13.331004645577108,True
BPA2014,-0.37499999105930326,0.5854700903097788,8.679301864375743,1.1567905034219699,13.328151520688833,True
BPA2014,-0.3472222139437993,0.5854700903097788,8.680563337479336,1.1524616660337859,13.276346490761714,True
BPA2014,-0.3194444368282954,0.5854700903097788,8.68361867922274,1.144630821623999,13.181495686386516,True
BPA2014,-0.29166665971279143,0.5854700903097788,8.665426042738108,1.145613496326437,13.220509766931727,True
BPA2014,-0.2638888825972875,0.5854700903097788,8.683617807120351,1.1387915474975197,13.114252294288434,True
BPA2014,-0.23611110548178355,0.5854700903097788,8.687063789517845,1.126275040871922,12.964968004850268,True
BPA2014,-0.2083333283662796,0.5854700903097788,8.685345273581206,1.118039436471023,12.87271146113026,True
BPA2014,-0.18055555125077566,0.5854700903097788,8.68270335425315,1.11120795145197,12.79794905013833,True
BPA2014,-0.15277777413527172,0.5854700903097788,8.65463625472682,1.1222860307736084,12.96745464213658,True
BPA2014,-0.12499999701976776,0.5854700903097788,8.642390530087301,1.1224715380234247,12.98797519176776,True
BPA2014,-0.09722221990426382,0.5854700903097788,8.624903791607192,1.13102814909138,13.113516120515712,True
BPA2014,-0.06944444278875987,0.5854700903097788,8.624403174256516,1.1064091232930153,12.828819582502826,True
BPA2014,-0.04166666567325592,0.5854700903097788,8.601571029754332,1.1233673644317461,13.060025436583883,True
BPA2014,-0.013888888557751973,0.5854700903097788,8.613394167253732,1.0918569488874998,12.676268236260505,True
BPA2014,0.013888888557751973,0.5854700903097788,8.603983111862291,1.0819450403686497,12.574932171554062,True
BPA2014,0.04166666567325592,0.5854700903097788,8.57975705709927,1.0835881555330564,12.629590189112031,True
BPA2014,0.06944444278875987,0.5854700903097788,8.569471313647794,1.0848367455511192,12.659319412428646,True
BPA2014,0.09722221990426382,0.5854700903097788,8.559783143908652,1.0806892134501356,12.62519383121499,True
BPA2014,0.12499999701976776,0.5854700903097788,8.544706253730501,1.0806278788828863,12.646752817407842,True
BPA2014,0.15277777413527172,0.5854700903097788,8.52712809750381,1.0819035616983055,12.687783616327009,True
BPA2014,0.18055555125077566,0.5854700903097788,8.515906756528084,1.0822887363400473,12.709025207566905,True
BPA2014,0.2083333283662796,0.5854700903097788,8.497242205570277,1.0851474525220843,12.77058398795232,True
BPA2014,0.23611110548178355,0.5854700903097788,8.4691415530534,1.094375368161773,12.92191612699182,True
BPA2014,0.2638888825972875,0.5854700903097788,8.473617870830706,1.060927301579371,12.520358101484266,True
BPA2014,0.29166665971279143,0.5854700903097788,8.458802137057152,1.0534562467512267,12.45396487211992,True
BPA2014,0.3194444368282954,0.5854700903097788,8.439791315565131,1.0573142613977964,12.52772991493094,True
BPA2014,0.3472222139437993,0.5854700903097788,8.448180435299344,1.0134290018514867,11.995825723809578,True
BPA2014,0.37499999105930326,0.5854700903097788,8.412018726533304,1.033794410324441,12.289492497961668,True
BPA2014,0.4027777681748072,0.5854700903097788,8.370729407832792,1.0773156841155156,12.87003356132182,True
BPA2014,0.4305555452903112,0.5854700903097788,8.354731516369796,1.0631821107632156,12.72550899666944,True
BPA2014,0.45833332240581515,0.5854700903097788,8.330076861550339,1.0543697448320992,12.657383147313084,True
BPA2014,0.4861110995213191,0.5854700903097788,8.31323780441776,1.0597184662549433,12.747361391391877,True
BPA2014,0.513888876636823,0.5854700903097788,8.270174996732285,1.0774966841096065,13.028704767859779,False
BPA2014,0.5416666537523269,0.5854700903097788,8.255274745530732,1.097024452407126,13.28876974083796,False
BPA2014,-0.5416666537523269,0.6145299196243286,8.758460820150395,1.007362251137768,11.501589969097678,False
BPA2014,-0.513888876636823,0.6145299196243286,8.736557495254168,1.1670556811803585,13.358301388325106,False
BPA2014,-0.4861110995213191,0.6145299196243286,8.739504436205166,1.1635275049222094,13.313426561145288,True
BPA2014,-0.45833332240581515,0.6145299196243286,8.74740340381694,1.16136114091892,13.2766386469859,True
BPA2014,-0.4305555452903112,0.6145299196243286,8.731091081205523,1.171356818116603,13.415927141546563,True
BPA2014,-0.4027777681748072,0.6145299196243286,8.732440345945866,1.1640290185108857,13.32993954034051,True
BPA2014,-0.37499999105930326,0.6145299196243286,8.718962814982902,1.1692887337960478,13.410869602364977,True
BPA2014,-0.3472222139437993,0.6145299196243286,8.72015557560097,1.166838731163532,13.380939377140832,True
BPA2014,-0.3194444368282954,0.6145299196243286,8.724526124192934,1.1618876087246965,13.31748672862364,True
BPA2014,-0.29166665971279143,0.6145299196243286,8.71949037570623,1.1507967456340469,13.197981717375756,True
BPA2014,-0.2638888825972875,0.6145299196243286,8.730135807828125,1.1410694944724988,13.070466709685391,True
BPA2014,-0.23611110548178355,0.6145299196243286,8.74414981943857,1.120918703560801,12.819070197870547,True
BPA2014,-0.2083333283662796,0.6145299196243286,8.7371312621022,1.1180593592393184,12.796641434116529,True
BPA2014,-0.18055555125077566,0.6145299196243286,8.720542069943754,1.1210830562109289,12.855657907721781,True
BPA2014,-0.15277777413527172,0.6145299196243286,8.708934326425556,1.1201442753984288,12.862013116800872,True
BPA2014,-0.12499999701976776,0.6145299196243286,8.700176980597837,1.118113669369589,12.851619821793065,True
BPA2014,-0.09722221990426382,0.6145299196243286,8.704121912641428,1.0987728634881058,12.62359229932549,True
BPA2014,-0.06944444278875987,0.6145299196243286,8.673958233158425,1.1164540469361586,12.871332982308207,True
BPA2014,-0.04166666567325592,0.6145299196243286,8.641097875499653,1.1221119298436446,12.98575650931116,True
BPA2014,-0.013888888557751973,0.6145299196243286,8.643563094650832,1.1174946112176267,12.92863370094679,True
BPA2014,0.013888888557751973,0.6145299196243286,8.655225352216256,1.0802016868513828,12.480341561237186,True
BPA2014,0.04166666567325592,0.6145299196243286,8.622987828637864,1.1048336292069554,12.812654397327163,True
BPA2014,0.06944444278875987,0.6145299196243286,8.607571996645184,1.087516173596359,12.634412747522997,True
BPA2014,0.09722221990426382,0.6145299196243286,8.620787621501561,1.0541963972170898,12.228539241446605,True
BPA2014,0.12499999701976776,0.6145299196243286,8.60687330496011,1.0612749678098818,12.33055176028062,True
BPA2014,0.15277777413527172,0.6145299196243286,8.573240142216221,1.0853734099145909,12.66001408930576,True
BPA2014,0.18055555125077566,0.6145299196243286,8.567767195050003,1.06528263472345,12.433608552516615,True
BPA2014,0.2083333283662796,0.6145299196243286,8.549353977870275,1.070219043427492,12.518127640962337,True
BPA2014,0.23611110548178355,0.6145299196243286,8.540312433775775,1.0480206509907108,12.271455630193712,True
BPA2014,0.2638888825972875,0.6145299196243286,8.529126497095582,1.046128771106868,12.265368223382612,True
BPA2014,0.29166665971279143,0.6145299196243286,8.514148950085504,1.032637332610678,12.128485638019141,True
BPA2014,0.3194444368282954,0.6145299196243286,8.495058966179775,1.0431985476284655,12.280062466683402,True
BPA2014,0.3472222139437993,0.6145299196243286,8.46070472779042,1.05968273629784,12.524757338678388,True
BPA2014,0.37499999105930326,0.6145299196243286,8.443745580633836,1.063103719122347,12.590428133702062,True
BPA2014,0.4027777681748072,0.6145299196243286,8.421839012128908,1.0598553754974764,12.584607399537095,True
BPA2014,0.4305555452903112,0.6145299196243286,8.414368093772058,1.049286169829747,12.470171950361692,True
BPA2014,0.45833332240581515,0.6145299196243286,8.38757437078131,1.0615133081645054,12.655784154503113,True
BPA2014,0.4861110995213191,0.6145299196243286,8.369071571859932,1.0690134473331436,12.7733815890353,True
BPA2014,0.513888876636823,0.6145299196243286,8.351765205566513,1.0598945624450802,12.69066522294775,False
BPA2014,0.5416666537523269,0.6145299196243286,8.324817028659083,1.0808610159453744,12.983600867435205,False
BPA2014,-0.5416666537523269,0.6435897489388783,8.796363949014813,1.0235932604764002,11.636549674494107,False
BPA2014,-0.513888876636823,0.6435897489388783,8.800007133644243,1.1557506603464776,13.133519584635383,False
BPA2014,-0.4861110995213191,0.6435897489388783,8.80495772210115,1.1505803014476432,13.067414265483574,True
BPA2014,-0.45833332240581515,0.6435897489388783,8.785234331786539,1.1701358481407174,13.319347031040001,True
BPA2014,-0.4305555452903112,0.6435897489388783,8.777179609754487,1.1783896764335966,13.4256074140718,True
BPA2014,-0.4027777681748072,0.6435897489388783,8.770374732794648,1.1730317966220123,13.374933595890148,True
BPA2014,-0.37499999105930326,0.6435897489388783,8.76400807961707,1.175111079540194,13.408375127736516,True
BPA2014,-0.3472222139437993,0.6435897489388783,8.770059873245179,1.172805455882897,13.372832943373336,True
BPA2014,-0.3194444368282954,0.6435897489388783,8.784364432639464,1.158036870315135,13.182932916720716,True
BPA2014,-0.29166665971279143,0.6435897489388783,8.770388319231275,1.1615500985077847,13.243998512138793,True
BPA2014,-0.2638888825972875,0.6435897489388783,8.76811480959728,1.1510139513762945,13.127268248317572,True
BPA2014,-0.23611110548178355,0.6435897489388783,8.791289047722435,1.1233379880102776,12.7778529623173,True
BPA2014,-0.2083333283662796,0.6435897489388783,8.766451373809248,1.1370734742319395,12.970738395117017,True
BPA2014,-0.18055555125077566,0.6435897489388783,8.759771482886562,1.1297186537909663,12.89666809229019,True
BPA2014,-0.15277777413527172,0.6435897489388783,8.76429264508488,1.1085270073877718,12.648219910929685,True
BPA2014,-0.12499999701976776,0.6435897489388783,8.754911715474702,1.10654583597023,12.639143282442934,True
BPA2014,-0.09722221990426382,0.6435897489388783,8.757257686104222,1.07893798758687,12.32050062086102,True
BPA2014,-0.06944444278875987,0.6435897489388783,8.750493277753591,1.0598644495837357,12.112053754480707,True
BPA2014,-0.04166666567325592,0.6435897489388783,8.72351281775898,1.089529146335857,12.489568928217047,True
BPA2014,-0.013888888557751973,0.6435897489388783,8.707249485879794,1.0917458497858734,12.538354982894598,True
BPA2014,0.013888888557751973,0.6435897489388783,8.69024301569551,1.0975175755383568,12.62930822022034,True
BPA2014,0.04166666567325592,0.6435897489388783,8.690192693859686,1.0808623437766993,12.437725857798467,True
BPA2014,0.06944444278875987,0.6435897489388783,8.680805307632149,1.0564691080321746,12.170173971109904,True
BPA2014,0.09722221990426382,0.6435897489388783,8.66255875380211,1.053787783038246,12.164855823641311,True
BPA2014,0.12499999701976776,0.6435897489388783,8.646292897415998,1.0550479811414597,12.202315994369885,True
BPA2014,0.15277777413527172,0.6435897489388783,8.6152783367373,1.0708872379035905,12.430094490819982,True
BPA2014,0.18055555125077566,0.6435897489388783,8.603306987738033,1.0833775017585539,12.592570546449764,True
BPA2014,0.2083333283662796,0.6435897489388783,8.591195735161332,1.0713254665983365,12.470039091458535,True
BPA2014,0.23611110548178355,0.6435897489388783,8.58525290842729,1.0505656654275364,12.236863335689279,True
BPA2014,0.2638888825972875,0.6435897489388783,8.566751670110074,1.0565515313915181,12.333163981837966,True
BPA2014,0.29166665971279143,0.6435897489388783,8.559659290074467,1.0470201147772613,12.232030263066141,True
BPA2014,0.3194444368282954,0.6435897489388783,8.536525474658395,1.0571026899333344,12.3832898182224,True
BPA2014,0.3472222139437993,0.6435897489388783,8.513557695290206,1.0572940980314298,12.41894559094063,True
BPA2014,0.37499999105930326,0.6435897489388783,8.48544735784722,1.074414312737281,12.661846422789697,True
BPA2014,0.4027777681748072,0.6435897489388783,8.461897503708622,1.0745685358263521,12.69890748919374,True
BPA2014,0.4305555452903112,0.6435897489388783,8.467507447444556,1.0433032148663002,12.321255355744187,True
BPA2014,0.45833332240581515,0.6435897489388783,8.426762749013413,1.068077076868999,12.674820790392458,True
BPA2014,0.4861110995213191,0.6435897489388783,8.407967887603997,1.0792749806566662,12.836335664981055,True
BPA2014,0.513888876636823,0.6435897489388783,8.405660335378116,1.0697155114094332,12.726132971459329,False
BPA2014,0.5416666537523269,0.6435897489388783,8.394098568483884,1.070175374517225,12.749139955721498,False
BPA2014,-0.5416666537523269,0.6726495782534282,8.84661214568675,1.0345994954557853,11.694866672325114,False
BPA2014,-0.513888876636823,0.6726495782534282,8.852171002584818,1.1626567872136635,13.134142877201196,False
BPA2014,-0.4861110995213191,0.6726495782534282,8.86229294379431,1.16175914542954,13.109013127838937,True
BPA2014,-0.45833332240581515,0.6726495782534282,8.843301430954291,1.1682987204739306,13.211114984552303,True
BPA2014,-0.4305555452903112,0.6726495782534282,8.817210255259033,1.1778323675674045,13.358333684567466,True
BPA2014,-0.4027777681748072,0.6726495782534282,8.805526761236464,1.1751808925655367,13.345946522346594,True
BPA2014,-0.37499999105930326,0.6726495782534282,8.80808023102584,1.174763373610937,13.33733734024034,True
BPA2014,-0.3472222139437993,0.6726495782534282,8.82769546534867,1.1696435436557684,13.249704277259758,True
BPA2014,-0.3194444368282954,0.6726495782534282,8.82524602053997,1.1640170391055924,13.189627081176514,True
BPA2014,-0.29166665971279143,0.6726495782534282,8.82429766278128,1.160440031784457,13.150508699167162,True
BPA2014,-0.2638888825972875,0.6726495782534282,8.844291817926354,1.1270380190435239,12.743112080032779,True
BPA2014,-0.23611110548178355,0.6726495782534282,8.831759860114532,1.1332324948336372,12.831332744354546,True
BPA2014,-0.2083333283662796,0.6726495782534282,8.810738857998915,1.1395228630189211,12.933340567509774,True
BPA2014,-0.18055555125077566,0.6726495782534282,8.807646612555908,1.1275267663864224,12.801680357827424,True
BPA2014,-0.15277777413527172,0.6726495782534282,8.814938902930923,1.1017717813137053,12.49891568672554,True
BPA2014,-0.12499999701976776,0.6726495782534282,8.800427180977541,1.1083531072306538,12.594310303781631,True
BPA2014,-0.09722221990426382,0.6726495782534282,8.798062222996794,1.0956815688282893,12.453669240532813,True
BPA2014,-0.06944444278875987,0.6726495782534282,8.786528057377062,1.0856896297391194,12.356298445181514,True
BPA2014,-0.04166666567325592,0.6726495782534282,8.75810025937756,1.1107883773112766,12.682983117507957,True
BPA2014,-0.013888888557751973,0.6726495782534282,8.752864172150323,1.1025416354304955,12.596352619506412,True
BPA2014,0.013888888557751973,0.6726495782534282,8.744176977011861,1.093302273798543,12.503203865530132,True
BPA2014,0.04166666567325592,0.6726495782534282,8.717458331323716,1.102424122082201,12.646164514729625,True
BPA2014,0.06944444278875987,0.6726495782534282,8.713954254669545,1.0808349254610559,12.403495518488281,True
BPA2014,0.09722221990426382,0.6726495782534282,8.700464039972323,1.0729643928718642,12.332266278469412,True
BPA2014,0.12499999701976776,0.6726495782534282,8.682931141267701,1.0716984896607278,12.342588835781791,True
BPA2014,0.15277777413527172,0.6726495782534282,8.672700783965745,1.072699615664482,12.368691626577382,True
BPA2014,0.18055555125077566,0.6726495782534282,8.640937010865594,1.0831413690783207,12.534999013606033,True
BPA2014,0.2083333283662796,0.6726495782534282,8.615520352790277,1.0983318107737368,12.748293379842393,True
BPA2014,0.23611110548178355,0.6726495782534282,8.623988267737111,1.0620082071764165,12.31458316275147,True
BPA2014,0.2638888825972875,0.6726495782534282,8.621692680143541,1.037094424539107,12.028895751847195,True
BPA2014,0.29166665971279143,0.6726495782534282,8.602636371628682,1.06046148449911,12.327168540989252,True
BPA2014,0.3194444368282954,0.6726495782534282,8.571574793923062,1.0810317694556226,12.611822161571002,True
BPA2014,0.3472222139437993,0.6726495782534282,8.540909670887135,1.093019854456869,12.797464164532467,True
BPA2014,0.37499999105930326,0.6726495782534282,8.510481270089917,1.1092799121032015,13.034279459632506,True
BPA2014,0.4027777681748072,0.6726495782534282,8.512450890303983,1.0838177365986585,12.732146717382767,True
BPA2014,0.4305555452903112,0.6726495782534282,8.503926426404634,1.0563642030228244,12.42207599236537,True
BPA2014,0.45833332240581515,0.6726495782534282,8.483867200183887,1.0708708357839412,12.622437510110132,True
BPA2014,0.4861110995213191,0.6726495782534282,8.463692703452127,1.0748300783440021,12.699304145406959,True
BPA2014,0.513888876636823,0.6726495782534282,8.45687760606473,1.0661791515827683,12.60724349159521,False
BPA2014,0.5416666537523269,0.6726495782534282,8.454382154031848,1.0575587765641843,12.509001335595416,False
BPA2014,-0.5416666537523269,0.701709407567978,8.90752780654005,1.0146288302487798,11.390689451497675,False
BPA2014,-0.513888876636823,0.701709407567978,8.906338626131589,1.1536312961036737,12.952924254629941,False
BPA2014,-0.4861110995213191,0.701709407567978,8.898876336997969,1.1633570441819665,13.073077994636167,True
BPA2014,-0.45833332240581515,0.701709407567978,8.876626986368196,1.1764100514208935,13.252894970437556,True
BPA2014,-0.4305555452903112,0.701709407567978,8.841635164658612,1.1811534905515804,13.358993767044744,True
BPA2014,-0.4027777681748072,0.701709407567978,8.826765834840488,1.1830162562625812,13.402601568890038,True
BPA2014,-0.37499999105930326,0.701709407567978,8.838861802675959,1.1812385962537473,13.364148265064266,True
BPA2014,-0.3472222139437993,0.701709407567978,8.860938094538858,1.1776637948025213,13.290509224168204,True
BPA2014,-0.3194444368282954,0.701709407567978,8.896121794066145,1.1384683495421724,12.797355700565486,True
BPA2014,-0.29166665971279143,0.701709407567978,8.887731190227868,1.1393027832393459,12.818825849413837,True
BPA2014,-0.2638888825972875,0.701709407567978,8.884347050597299,1.1330636629474093,12.753482686960465,True
BPA2014,-0.23611110548178355,0.701709407567978,8.873370081880942,1.1376035690609985,12.82042288965202,True
BPA2014,-0.2083333283662796,0.701709407567978,8.86175617244606,1.1372694943243238,12.833455042020296,True
BPA2014,-0.18055555125077566,0.701709407567978,8.861362196383137,1.1193028951037545,12.631273502855016,True
BPA2014,-0.15277777413527172,0.701709407567978,8.859483672614726,1.1050592947775935,12.473179426848631,True
BPA2014,-0.12499999701976776,0.701709407567978,8.82704957410601,1.128692096578444,12.786742468167866,True
BPA2014,-0.09722221990426382,0.701709407567978,8.833475208942671,1.1065651231044225,12.526951136786781,True
BPA2014,-0.06944444278875987,0.701709407567978,8.821039075289407,1.1109697256075428,12.59454488439723,True
BPA2014,-0.04166666567325592,0.701709407567978,8.825187941583275,1.0820636415414973,12.26108326195454,True
BPA2014,-0.013888888557751973,0.701709407567978,8.79886698986807,1.0985534677533657,12.485169613523585,True
BPA2014,0.013888888557751973,0.701709407567978,8.788099738817582,1.1017027702562847,12.536302534096139,True
BPA2014,0.04166666567325592,0.701709407567978,8.772734549961537,1.1001762874910739,12.540859195333768,True
BPA2014,0.06944444278875987,0.701709407567978,8.755364887397384,1.1003455228400445,12.567671787430584,True
BPA2014,0.09722221990426382,0.701709407567978,8.741940891278807,1.0947251867139214,12.522678891664075,True
BPA2014,0.12499999701976776,0.701709407567978,8.721410255486195,1.082082141853534,12.407192302103336,True
BPA2014,0.15277777413527172,0.701709407567978,8.719221859981776,1.0654602967510387,12.219671822334679,True
BPA2014,0.18055555125077566,0.701709407567978,8.699159665553019,1.0691278736149206,12.290013227926591,True
BPA2014,0.2083333283662796,0.701709407567978,8.661081856117326,1.106276137055714,12.772955566449825,True
BPA2014,0.23611110548178355,0.701709407567978,8.650024439783895,1.101210414846484,12.730720271514006,True
BPA2014,0.2638888825972875,0.701709407567978,8.655215973290877,1.0626822587045828,12.277940400146143,True
BPA2014,0.29166665971279143,0.701709407567978,8.642892937542769,1.0588657327694262,12.251288317710769,True
BPA2014,0.3194444368282954,0.701709407567978,8.605605191638682,1.0949332334128816,12.723489040337721,True
BPA2014,0.3472222139437993,0.701709407567978,8.58313810612143,1.1021379183184503,12.840733828253489,True
BPA2014,0.37499999105930326,0.701709407567978,8.58025013152956,1.08055950027632,12.593566431188572,True
BPA2014,0.4027777681748072,0.701709407567978,8.551565002135735,1.0943077514643496,12.79657876881072,True
BPA2014,0.4305555452903112,0.701709407567978,8.541567190161212,1.0904914250817965,12.766877562444309,True
BPA2014,0.45833332240581515,0.701709407567978,8.529625722142535,1.0849809496089082,12.720147225127887,True
BPA2014,0.4861110995213191,0.701709407567978,8.518879233248008,1.0770371882591028,12.642944673468026,True
BPA2014,0.513888876636823,0.701709407567978,8.514350466929132,1.0602262144447265,12.452226609214478,False
BPA2014,0.5416666537523269,0.701709407567978,8.476544829927779,1.0876712039110024,12.831539568702658,False
BPA2014,-0.5416666537523269,0.7307692368825277,8.960196500342706,1.0064374691742857,11.232314705774499,False
BPA2014,-0.513888876636823,0.7307692368825277,8.95126248493833,1.1574498512947422,12.930576588970585,False
BPA2014,-0.4861110995213191,0.7307692368825277,8.925209804146926,1.1798308034868898,13.219082009015679,True
BPA2014,-0.45833332240581515,0.7307692368825277,8.924741041482186,1.1829955363427838,13.25523654797626,True
BPA2014,-0.4305555452903112,0.7307692368825277,8.893222206742907,1.1899225283007693,13.380105665172307,True
BPA2014,-0.4027777681748072,0.7307692368825277,8.886243062312806,1.1903340197693753,13.395244890584495,True
BPA2014,-0.37499999105930326,0.7307692368825277,8.897273596473733,1.1869388230035658,13.340477958034096,True
BPA2014,-0.3472222139437993,0.7307692368825277,8.916555305196697,1.1667128991046167,13.084794061947214,True
BPA2014,-0.3194444368282954,0.7307692368825277,8.925550061764914,1.1599315660525407,12.99563117147739,True
BPA2014,-0.29166665971279143,0.7307692368825277,8.927052097417523,1.1485275387300908,12.865697726378727,True
BPA2014,-0.2638888825972875,0.7307692368825277,8.920859344509148,1.1442688786402697,12.82689071142653,True
BPA2014,-0.23611110548178355,0.7307692368825277,8.914656493573613,1.1433405192770012,12.82540185481304,True
BPA2014,-0.2083333283662796,0.7307692368825277,8.899843483207391,1.1490117269575637,12.910471168684804,True
BPA2014,-0.18055555125077566,0.7307692368825277,8.906670147426059,1.1163021729495057,12.533327882049234,True
BPA2014,-0.15277777413527172,0.7307692368825277,8.891401149929612,1.1218886608129226,12.617681306863588,True
BPA2014,-0.12499999701976776,0.7307692368825277,8.875280659235768,1.1260754500587113,12.68777285242127,True
BPA2014,-0.09722221990426382,0.7307692368825277,8.877952444244352,1.1063185656422843,12.461415766644702,True
BPA2014,-0.06944444278875987,0.7307692368825277,8.875544477847566,1.098266053539048,12.374069627843179,True
BPA2014,-0.04166666567325592,0.7307692368825277,8.861991854281923,1.0890470480661192,12.288964670396476,True
BPA2014,-0.013888888557751973,0.7307692368825277,8.845298774843204,1.103185582382415,12.47199908633918,True
BPA2014,0.013888888557751973,0.7307692368825277,8.818784598906712,1.1242188411535228,12.748002046596026,True
BPA2014,0.04166666567325592,0.7307692368825277,8.805315819567305,1.1234473521257013,12.7587400059991,True
BPA2014,0.06944444278875987,0.7307692368825277,8.79262059501498,1.1078831597498204,12.600147450669489,True
BPA2014,0.09722221990426382,0.7307692368825277,8.77624104402222,1.1095039317210038,12.642131479247857,True
BPA2014,0.12499999701976776,0.7307692368825277,8.744332287730925,1.1225496527171468,12.837454202102814,True
BPA2014,0.15277777413527172,0.7307692368825277,8.734557550358181,1.118739451481095,12.808198297751424,True
BPA2014,0.18055555125077566,0.7307692368825277,8.74056407116411,1.0895102441680287,12.464987789088108,True
BPA2014,0.2083333283662796,0.7307692368825277,8.70299573780298,1.1156533993796653,12.819188162228212,True
BPA2014,0.23611110548178355,0.7307692368825277,8.677989365634543,1.1312918098031943,13.036335516648483,True
BPA2014,0.2638888825972875,0.7307692368825277,8.669165495227357,1.1240484557487047,12.966051419453557,True
BPA2014,0.29166665971279143,0.7307692368825277,8.65994461934901,1.110142532197783,12.819279810605014,True
BPA2014,0.3194444368282954,0.7307692368825277,8.642230568155634,1.1117589562654429,12.864259377225885,True
BPA2014,0.3472222139437993,0.7307692368825277,8.615398181960652,1.1220636193866733,13.023932216343823,True
BPA2014,0.37499999105930326,0.7307692368825277,8.584042552761662,1.1283784511690147,13.145070568248665,True
BPA2014,0.4027777681748072,0.7307692368825277,8.58602742711699,1.1121997248943187,12.953600886268918,True
BPA2014,0.4305555452903112,0.7307692368825277,8.567432062945757,1.1123022534524263,12.98291302785051,True
BPA2014,0.45833332240581515,0.7307692368825277,8.5499771791517,1.1089860974718537,12.97063225122998,True
BPA2014,0.4861110995213191,0.7307692368825277,8.558983915652266,1.0869797146751656,12.699868645474943,True
BPA2014,0.513888876636823,0.7307692368825277,8.520901179603284,1.1143393427380421,13.077717007274616,False
BPA2014,0.5416666537523269,0.7307692368825277,8.508892559703463,1.1045490301765961,12.98111384562,False
BPA2014,-0.5416666537523269,0.7598290661970775,8.978062205545188,1.0299212382224536,11.471531547045148,False
BPA2014,-0.513888876636823,0.7598290661970775,8.986836916919811,1.1655157052911873,12.969142714683437,False
BPA2014,-0.4861110995213191,0.7598290661970775,8.9598530756161,1.1914989043596607,13.298196904615317,False
BPA2014,-0.45833332240581515,0.7598290661970775,8.957471012189183,1.1891870287843316,13.275923831247734,True
BPA2014,-0.4305555452903112,0.7598290661970775,8.966299824509695,1.1861398788829465,13.228867003092976,True
BPA2014,-0.4027777681748072,0.7598290661970775,8.925978401720661,1.197750290754384,13.418700302069897,True
BPA2014,-0.37499999105930326,0.7598290661970775,8.945781887751439,1.1885019185230634,13.285612520358448,True
BPA2014,-0.3472222139437993,0.7598290661970775,8.963806743983305,1.1669830382224708,13.018833086799583,True
BPA2014,-0.3194444368282954,0.7598290661970775,8.96220343735748,1.165327374800344,13.002688266848164,True
BPA2014,-0.29166665971279143,0.7598290661970775,8.976800717141627,1.1398846243444334,12.698116625979782,True
BPA2014,-0.2638888825972875,0.7598290661970775,8.968931875311123,1.1368701741562766,12.67564733416865,True
BPA2014,-0.23611110548178355,0.7598290661970775,8.966246641566286,1.1284619885492624,12.585667488978808,True
BPA2014,-0.2083333283662796,0.7598290661970775,8.947515826129631,1.1465726018611841,12.814423848380601,True
BPA2014,-0.18055555125077566,0.7598290661970775,8.93240149675047,1.1446424899834304,12.814498882521585,True
BPA2014,-0.15277777413527172,0.7598290661970775,8.935340848880937,1.1229735985968137,12.56777572998186,True
BPA2014,-0.12499999701976776,0.7598290661970775,8.921565013013103,1.1158580982452713,12.507425509063344,True
BPA2014,-0.09722221990426382,0.7598290661970775,8.895974898369781,1.1361610288695505,12.771630336746522,True
BPA2014,-0.06944444278875987,0.7598290661970775,8.899203467180547,1.1177050277315297,12.559607518285477,True
BPA2014,-0.04166666567325592,0.7598290661970775,8.891198332582404,1.118934225374943,12.584740363675525,True
BPA2014,-0.013888888557751973,0.7598290661970775,8.873409892588297,1.1200856713702867,12.622945236710656,True
BPA2014,0.013888888557751973,0.7598290661970775,8.854248120889043,1.1363134321040562,12.833539523511348,True
BPA2014,0.04166666567325592,0.7598290661970775,8.8438548334474,1.125034433834815,12.721086619150986,True
BPA2014,0.06944444278875987,0.7598290661970775,8.822794632625957,1.1359995308253876,12.875733575669509,True
BPA2014,0.09722221990426382,0.7598290661970775,8.802367425112473,1.1398829454631587,12.94973148031927,True
BPA2014,0.12499999701976776,0.7598290661970775,8.772649604132356,1.1506704911404582,13.116567320760595,True
BPA2014,0.15277777413527172,0.7598290661970775,8.745897359553537,1.15126002713922,13.163429432219974,True
BPA2014,0.18055555125077566,0.7598290661970775,8.745351071579607,1.136550664133001,12.996055330774894,True
BPA2014,0.2083333283662796,0.7598290661970775,8.723556744177476,1.144872642786004,13.12392039577375,True
BPA2014,0.23611110548178355,0.7598290661970775,8.71293020760662,1.1449746243207022,13.141097162939614,True
BPA2014,0.2638888825972875,0.7598290661970775,8.689697446823569,1.147535583487589,13.205702390789902,True
BPA2014,0.29166665971279143,0.7598290661970775,8.686753994281935,1.1337482790092472,13.051460646353497,True
BPA2014,0.3194444368282954,0.7598290661970775,8.657311375144399,1.1417952371207456,13.188797163965942,True
BPA2014,0.3472222139437993,0.7598290661970775,8.642090725778427,1.1414774586054648,13.208348475219777,True
BPA2014,0.37499999105930326,0.7598290661970775,8.619608814521094,1.1445752233408075,13.278737445864012,True
BPA2014,0.4027777681748072,0.7598290661970775,8.604101090480551,1.1342724368977533,13.182927826739451,True
BPA2014,0.4305555452903112,0.7598290661970775,8.604917837284168,1.1240761697599568,13.06318306596093,True
BPA2014,0.45833332240581515,0.7598290661970775,8.570281420233476,1.1309350935297706,13.196008836533176,True
BPA2014,0.4861110995213191,0.7598290661970775,8.589050990674671,1.0991220437272389,12.79678098221306,False
BPA2014,0.513888876636823,0.7598290661970775,8.561064614166174,1.1166028229277383,13.042803357424404,False
BPA2014,0.5416666537523269,0.7598290661970775,8.557095094956155,1.0945417305390084,12.791043203249766,False
BPA2014,-0.5416666537523269,0.7888888955116272,9.039780766664709,1.0253432442741532,11.34256759915275,False
BPA2014,-0.513888876636823,0.7888888955116272,9.037167443113873,1.1608099200824176,12.844842450793914,False
BPA2014,-0.4861110995213191,0.7888888955116272,9.020737340784684,1.179031508503841,13.070234327444465,False
BPA2014,-0.45833332240581515,0.7888888955116272,9.015478946097309,1.1853377279421071,13.147806511768579,True
BPA2014,-0.4305555452903112,0.7888888955116272,8.99615658516461,1.1966479917218051,13.301769265501386,True
BPA2014,-0.4027777681748072,0.7888888955116272,8.990461068297881,1.1900016054879705,13.236268934906445,True
BPA2014,-0.37499999105930326,0.7888888955116272,9.007801262982527,1.1699165144140278,12.987814453919944,True
BPA2014,-0.3472222139437993,0.7888888955116272,8.994008612369312,1.1781593169463627,13.099379461634712,True
BPA2014,-0.3194444368282954,0.7888888955116272,8.997720096383071,1.1722311624094406,13.028091003638325,True
BPA2014,-0.29166665971279143,0.7888888955116272,8.997653128102398,1.1695478218930389,12.99836529861533,True
BPA2014,-0.2638888825972875,0.7888888955116272,8.991681827991568,1.1613327457368006,12.915634337966807,True
BPA2014,-0.23611110548178355,0.7888888955116272,8.986506497228257,1.156929930700365,12.874078832048932,True
BPA2014,-0.2083333283662796,0.7888888955116272,8.963985295464981,1.1708147354158636,13.061319232732307,True
BPA2014,-0.18055555125077566,0.7888888955116272,8.959521493121427,1.1602833044220713,12.950282058175382,True
BPA2014,-0.15277777413527172,0.7888888955116272,8.955982899574211,1.160899895211583,12.962283517387856,True
BPA2014,-0.12499999701976776,0.7888888955116272,8.945193922465052,1.151204596000982,12.869532018862499,True
BPA2014,-0.09722221990426382,0.7888888955116272,8.915878308970129,1.1652256793815543,13.069107035806429,True
BPA2014,-0.06944444278875987,0.7888888955116272,8.894875590403768,1.1684429564075844,13.136136020476313,True
BPA2014,-0.04166666567325592,0.7888888955116272,8.917201043438904,1.1402438121744278,12.787014743975028,True
BPA2014,-0.013888888557751973,0.7888888955116272,8.892761201199054,1.1594438126443327,13.038063053891511,True
BPA2014,0.013888888557751973,0.7888888955116272,8.866593815998232,1.1672558825133412,13.16464819226556,True
BPA2014,0.04166666567325592,0.7888888955116272,8.858122841043205,1.157042559384132,13.061938518430722,True
BPA2014,0.06944444278875987,0.7888888955116272,8.849757512873099,1.1515972101903782,13.012754400504573,True
BPA2014,0.09722221990426382,0.7888888955116272,8.810798772960625,1.1658174024687173,13.231687983233517,True
BPA2014,0.12499999701976776,0.7888888955116272,8.791657426816334,1.1618035729256087,13.214841258280522,True
BPA2014,0.15277777413527172,0.7888888955116272,8.767385854430483,1.1674091147651668,13.315361433251304,True
BPA2014,0.18055555125077566,0.7888888955116272,8.762053025042277,1.15800982485049,13.216192843627564,True
BPA2014,0.2083333283662796,0.7888888955116272,8.730181876252432,1.1518721480047118,13.194136895795932,True
BPA2014,0.23611110548178355,0.7888888955116272,8.731311616000529,1.1565999463641847,13.246577344057474,True
BPA2014,0.2638888825972875,0.7888888955116272,8.72763406747827,1.15605536221521,13.245919263767167,True
BPA2014,0.29166665971279143,0.7888888955116272,8.706429510767412,1.1556841618925924,13.27391625307866,True
BPA2014,0.3194444368282954,0.7888888955116272,8.683729023120453,1.1570153482973062,13.323945798132918,True
BPA2014,0.3472222139437993,0.7888888955116272,8.661342140419618,1.1523070526848485,13.304024180125765,True
BPA2014,0.37499999105930326,0.7888888955116272,8.657575484456977,1.1440754553777541,13.214732663107853,True
BPA2014,0.4027777681748072,0.7888888955116272,8.659191230016328,1.1268157712735625,13.01294475825357,True
BPA2014,0.4305555452903112,0.7888888955116272,8.633125452389637,1.118145430877101,12.951803342178932,True
BPA2014,0.45833332240581515,0.7888888955116272,8.629366828948656,1.1193426757338563,12.971318729652722,True
BPA2014,0.4861110995213191,0.7888888955116272,8.616424983030962,1.126400333839664,13.072710968388598,False
BPA2014,0.513888876636823,0.7888888955116272,8.587556497942485,1.1108257739241403,12.935295088775089,False
BPA2014,0.5416666537523269,0.7888888955116272,8.573616217230931,1.121779149751338,13.084084023924799,False
BPA2014,-0.5416666537523269,0.817948724826177,9.062380809540722,1.0485732680344033,11.570615824601886,False
BPA2014,-0.513888876636823,0.817948724826177,9.07284328376897,1.1721404020692618,12.91921799383644,False
BPA2014,-0.4861110995213191,0.817948724826177,9.066387400750708,1.1779813543501096,12.992841605826058,False
BPA2014,-0.45833332240581515,0.817948724826177,9.040410485763745,1.2026743198989223,13.303315394724788,True
BPA2014,-0.4305555452903112,0.817948724826177,9.03124836204391,1.2037656618578128,13.328895559078417,True
BPA2014,-0.4027777681748072,0.817948724826177,9.021466479551972,1.2034780890882304,13.340160292298709,True
BPA2014,-0.37499999105930326,0.817948724826177,9.0180167486444,1.1987534765255394,13.29287258981569,True
BPA2014,-0.3472222139437993,0.817948724826177,9.041215726936308,1.1764177822746995,13.011721186674292,True
BPA2014,-0.3194444368282954,0.817948724826177,9.031598549388757,1.1749848402557967,13.009710671155968,True
BPA2014,-0.29166665971279143,0.817948724826177,9.027261002985808,1.1800231610813525,13.07177404852983,True
BPA2014,-0.2638888825972875,0.817948724826177,9.015171966069051,1.1803257544432404,13.092659340118015,True
BPA2014,-0.23611110548178355,0.817948724826177,9.020145473987819,1.169592420145578,12.966447420592425,True
BPA2014,-0.2083333283662796,0.817948724826177,9.010365672301472,1.1718038008647211,13.005063761917372,True
BPA2014,-0.18055555125077566,0.817948724826177,8.99743491891362,1.1677934094551707,12.979181510947502,True
BPA2014,-0.15277777413527172,0.817948724826177,8.974801368947297,1.1762675582125792,13.106335280939483,True
BPA2014,-0.12499999701976776,0.817948724826177,8.961712673233375,1.1820889808642612,13.190436069155572,True
BPA2014,-0.09722221990426382,0.817948724826177,8.951696715409854,1.1802477202921324,13.18462586271942,True
BPA2014,-0.06944444278875987,0.817948724826177,8.922005914302662,1.1794108412654,13.219121939548522,True
BPA2014,-0.04166666567325592,0.817948724826177,8.923914364951765,1.1720717360818078,13.134054050149361,True
BPA2014,-0.013888888557751973,0.817948724826177,8.894914865609787,1.1810173551836882,13.277444169250337,True
BPA2014,0.013888888557751973,0.817948724826177,8.878135142037298,1.1728799491566344,13.210881906979955,True
BPA2014,0.04166666567325592,0.817948724826177,8.874419802413133,1.1683125304608157,13.164945500359677,True
BPA2014,0.06944444278875987,0.817948724826177,8.868259057191167,1.1583969006185093,13.062280805601622,True
BPA2014,0.09722221990426382,0.817948724826177,8.827254242758261,1.177677784857015,13.341382863455678,True
BPA2014,0.12499999701976776,0.817948724826177,8.825127353419699,1.1761249133232798,13.327002163515935,True
BPA2014,0.15277777413527172,0.817948724826177,8.825608570318112,1.1720693787624967,13.280323610819853,True
BPA2014,0.18055555125077566,0.817948724826177,8.807113742718183,1.1641899359516514,13.218745322940972,True
BPA2014,0.2083333283662796,0.817948724826177,8.785976552089073,1.165326693321623,13.263485127837487,True
BPA2014,0.23611110548178355,0.817948724826177,8.770122909415253,1.1638703736652913,13.270855901184767,True
BPA2014,0.2638888825972875,0.817948724826177,8.757989624779023,1.1624630333121473,13.273172076194118,True
BPA2014,0.29166665971279143,0.817948724826177,8.743705353239399,1.1564225017343788,13.225771626738808,True
BPA2014,0.3194444368282954,0.817948724826177,8.73623186447557,1.1608384741218087,13.287633525870174,True
BPA2014,0.3472222139437993,0.817948724826177,8.717110377784943,1.1418808603653436,13.099304825545879,True
BPA2014,0.37499999105930326,0.817948724826177,8.69982644135201,1.1408087576997472,13.113005936270817,True
BPA2014,0.4027777681748072,0.817948724826177,8.702689415676463,1.1304647866092492,12.989832597873743,True
BPA2014,0.4305555452903112,0.817948724826177,8.67789755008684,1.136088016961739,13.091742676201221,True
BPA2014,0.45833332240581515,0.817948724826177,8.663315065442687,1.1375640201211334,13.130816685390917,True
BPA2014,0.4861110995213191,0.817948724826177,8.643844187009302,1.1425749256195077,13.21836558942913,False
BPA2014,0.513888876636823,0.817948724826177,8.645528752154348,1.122514628493937,12.983759127678818,False
BPA2014,0.5416666537523269,0.817948724826177,8.634499044195655,1.1179260141785092,12.947201782713838,False
BPA2014,-0.5416666537523269,0.8470085541407267,9.079645070120518,1.0664063510689905,11.745022441222314,False
BPA2014,-0.513888876636823,0.8470085541407267,9.083946263625338,1.0629419915869267,11.70132408029805,False
BPA2014,-0.4861110995213191,0.8470085541407267,9.083531556006395,1.1977935649374745,13.186430382855283,False
BPA2014,-0.45833332240581515,0.8470085541407267,9.082758567320862,1.1946058733923302,13.152456542117497,False
BPA2014,-0.4305555452903112,0.8470085541407267,9.084042026583685,1.1995321188795272,13.204827931984434,True
BPA2014,-0.4027777681748072,0.8470085541407267,9.068934153821957,1.204125189029171,13.277471956522167,True
BPA2014,-0.37499999105930326,0.8470085541407267,9.068509516476249,1.1873449073832762,13.093054654968736,True
BPA2014,-0.3472222139437993,0.8470085541407267,9.067979385345932,1.1794729141599354,13.007009213827628,True
BPA2014,-0.3194444368282954,0.8470085541407267,9.091597753069433,1.1549164675532155,12.703118845785955,True
BPA2014,-0.29166665971279143,0.8470085541407267,9.070019752950994,1.1753116102950318,12.958203425220061,True
BPA2014,-0.2638888825972875,0.8470085541407267,9.064771287990325,1.1755966601030101,12.968850760311259,True
BPA2014,-0.23611110548178355,0.8470085541407267,9.050629704635679,1.1853717678195996,13.097119277926698,True
BPA2014,-0.2083333283662796,0.8470085541407267,9.033089370111052,1.1928680497221604,13.205538004186662,True
BPA2014,-0.18055555125077566,0.8470085541407267,9.014034040798864,1.1964750113267812,13.273468969734935,True
BPA2014,-0.15277777413527172,0.8470085541407267,9.012995198595993,1.182482299239124,13.119748465230805,True
BPA2014,-0.12499999701976776,0.8470085541407267,8.991493744584053,1.1953390197900213,13.294109452169984,True
BPA2014,-0.09722221990426382,0.8470085541407267,8.977086353612272,1.1927837363665508,13.286980757254149,True
BPA2014,-0.06944444278875987,0.8470085541407267,8.961747297226777,1.183894974382023,13.210537355236301,True
BPA2014,-0.04166666567325592,0.8470085541407267,8.948639139860342,1.1773908623178038,13.157205737275701,True
BPA2014,-0.013888888557751973,0.8470085541407267,8.93885061715044,1.1708696098733467,13.098659548318986,True
BPA2014,0.013888888557751973,0.8470085541407267,8.904514631710388,1.1791403985549445,13.242051333778921,True
BPA2014,0.04166666567325592,0.8470085541407267,8.883691229627878,1.1707772049507628,13.178949770857857,True
BPA2014,0.06944444278875987,0.8470085541407267,8.88475713760375,1.17319719614453,13.204606248370066,True
BPA2014,0.09722221990426382,0.8470085541407267,8.876354844533939,1.179690308146514,13.290256291105438,True
BPA2014,0.12499999701976776,0.8470085541407267,8.85427950127363,1.1878564816762163,13.415619887596172,True
BPA2014,0.15277777413527172,0.8470085541407267,8.855733249995938,1.17811533364171,13.303419382491569,True
BPA2014,0.18055555125077566,0.8470085541407267,8.852975494055375,1.1736323155324793,13.256924932420223,True
BPA2014,0.2083333283662796,0.8470085541407267,8.811689587264018,1.1692567587585323,13.269382076832557,True
BPA2014,0.23611110548178355,0.8470085541407267,8.79917422999706,1.1724074164378793,13.324061847088473,True
BPA2014,0.2638888825972875,0.8470085541407267,8.773283148241664,1.17627095762033,13.407420434801281,True
BPA2014,0.29166665971279143,0.8470085541407267,8.763735356381309,1.1709015855756923,13.360759287683202,True
BPA2014,0.3194444368282954,0.8470085541407267,8.761570951341614,1.1604585055933643,13.244867981302704,True
BPA2014,0.3472222139437993,0.8470085541407267,8.755508003983529,1.1618751352102579,13.270219554155338,True
BPA2014,0.37499999105930326,0.8470085541407267,8.732377462776181,1.1607065142024084,13.291987424389221,True
BPA2014,0.4027777681748072,0.8470085541407267,8.727906377613026,1.1491702752261566,13.166620097733453,True
BPA2014,0.4305555452903112,0.8470085541407267,8.71477608108681,1.1428024834037387,13.11338894735229,True
BPA2014,0.45833332240581515,0.8470085541407267,8.705423992054476,1.146984562412916,13.175516361521044,False
BPA2014,0.4861110995213191,0.8470085541407267,8.710839717066385,1.1301385956451904,12.973933998934786,False
BPA2014,0.513888876636823,0.8470085541407267,8.69527200156393,1.1166584302092082,12.8421334031686,False
BPA2014,0.5416666537523269,0.8470085541407267,8.695338204842516,1.092344683533998,12.562417444851784,False
BPA2014,-0.5416666537523269,0.8760683834552765,9.087815399264425,1.0656817693311913,11.726490058517786,False
BPA2014,-0.513888876636823,0.8760683834552765,9.10006992142768,1.0718904158253362,11.778925053107404,False
BPA2014,-0.4861110995213191,0.8760683834552765,9.1049254660282,1.2035475419944104,13.218642442324443,False
BPA2014,-0.45833332240581515,0.8760683834552765,9.108817123328038,1.2099420114079522,13.28319577642242,False
BPA2014,-0.4305555452903112,0.8760683834552765,9.087613423419512,1.2178716699246024,13.401446707515626,True
BPA2014,-0.4027777681748072,0.8760683834552765,9.076664331378344,1.2127990603498116,13.361726467697203,True
BPA2014,-0.37499999105930326,0.8760683834552765,9.079116484294325,1.2151494848033926,13.384005887637207,True
BPA2014,-0.3472222139437993,0.8760683834552765,9.08222141347154,1.208431035552542,13.305456677813337,True
BPA2014,-0.3194444368282954,0.8760683834552765,9.110494451553587,1.1823655644031146,12.978061406990804,True
BPA2014,-0.29166665971279143,0.8760683834552765,9.103794364576403,1.1801464468938423,12.96323708151721,True
BPA2014,-0.2638888825972875,0.8760683834552765,9.097651719303268,1.1875825377049314,13.053726108080568,True
BPA2014,-0.23611110548178355,0.8760683834552765,9.079844597958854,1.1946411899019103,13.157066478543754,True
BPA2014,-0.2083333283662796,0.8760683834552765,9.045714092073139,1.2057134274703163,13.329112717888094,True
BPA2014,-0.18055555125077566,0.8760683834552765,9.045892612954804,1.2025278649935314,13.293634099429472,True
BPA2014,-0.15277777413527172,0.8760683834552765,9.045494306980169,1.1953795641395892,13.215193372209038,True
BPA2014,-0.12499999701976776,0.8760683834552765,9.034040543077328,1.1965514514278899,13.244920096631537,True
BPA2014,-0.09722221990426382,0.8760683834552765,9.019918421375245,1.196687132053831,13.267161366093323,True
BPA2014,-0.06944444278875987,0.8760683834552765,8.986021730720376,1.201300923549763,13.368551284968449,True
BPA2014,-0.04166666567325592,0.8760683834552765,8.982303606488683,1.184180193829056,13.18347993685742,True
BPA2014,-0.013888888557751973,0.8760683834552765,8.95514555891499,1.1644252377163116,13.00286220983988,True
BPA2014,0.013888888557751973,0.8760683834552765,8.944172170408224,1.1764659129225423,13.153435449452521,True
BPA2014,0.04166666567325592,0.8760683834552765,8.945796483990748,1.1788967978838665,13.17822063126074,True
BPA2014,0.06944444278875987,0.8760683834552765,8.952381147456473,1.177066775971034,13.148086040834613,True
BPA2014,0.09722221990426382,0.8760683834552765,8.919134708556014,1.1857083360397687,13.293983943334029,True
BPA2014,0.12499999701976776,0.8760683834552765,8.902711430045231,1.1927889123464288,13.398040829684273,True
BPA2014,0.15277777413527172,0.8760683834552765,8.882197777298458,1.189522223674949,13.392206000131928,True
BPA2014,0.18055555125077566,0.8760683834552765,8.890422574589333,1.1799008475810138,13.271594659104444,True
BPA2014,0.2083333283662796,0.8760683834552765,8.865068187682056,1.1801597094711394,13.312471878230584,True
BPA2014,0.23611110548178355,0.8760683834552765,8.8166550779612,1.1794421519992893,13.377433296075234,True
BPA2014,0.2638888825972875,0.8760683834552765,8.811276639149872,1.17644653595358,13.351601409566976,True
BPA2014,0.29166665971279143,0.8760683834552765,8.81573216417112,1.1784209667179717,13.367250102122064,True
BPA2014,0.3194444368282954,0.8760683834552765,8.784549547838967,1.1761091209511783,13.38838280262766,True
BPA2014,0.3472222139437993,0.8760683834552765,8.784732811733447,1.1741669078469779,13.365994538600948,True
BPA2014,0.37499999105930326,0.8760683834552765,8.772819205089945,1.1692761831617284,13.328397130118905,True
BPA2014,0.4027777681748072,0.8760683834552765,8.772900249408618,1.1584651688600376,13.205042071897829,True
BPA2014,0.4305555452903112,0.8760683834552765,8.778205737623017,1.138035158292402,12.964325424896703,True
BPA2014,0.45833332240581515,0.8760683834552765,8.757756421549809,1.1348685722082297,12.958439554401293,False
BPA2014,0.4861110995213191,0.8760683834552765,8.74862096580199,1.1407861490064866,13.03961108231542,False
BPA2014,0.513888876636823,0.8760683834552765,8.737043837666292,1.13720976491646,13.015955808918253,False
BPA2014,0.5416666537523269,0.8760683834552765,8.73865692101852,1.1070979871013595,12.66897186956189,False
BPA2014,-0.5416666537523269,0.9051282127698262,9.11554465857932,1.0671627969422788,11.707065643498241,False
BPA2014,-0.513888876636823,0.9051282127698262,9.120827640433058,1.0697974248977022,11.72917049934416,False
BPA2014,-0.4861110995213191,0.9051282127698262,9.157165070173068,1.2137024667711775,13.254128952250491,False
BPA2014,-0.45833332240581515,0.9051282127698262,9.133442080767406,1.2211082262172301,13.369638909612824,False
BPA2014,-0.4305555452903112,0.9051282127698262,9.120586343481998,1.2178832658399597,13.353124678330758,False
BPA2014,-0.4027777681748072,0.9051282127698262,9.086900058994816,1.2102185694345395,13.318277537746054,True
BPA2014,-0.37499999105930326,0.9051282127698262,9.110305817344658,1.219206322184532,13.382715647847359,True
BPA2014,-0.3472222139437993,0.9051282127698262,9.104582423802649,1.2190717817505432,13.389650672648662,True
BPA2014,-0.3194444368282954,0.9051282127698262,9.119279077354909,1.208497817238088,13.252120118124719,True
BPA2014,-0.29166665971279143,0.9051282127698262,9.126185286488136,1.2054684550376638,13.20889744395648,True
BPA2014,-0.2638888825972875,0.9051282127698262,9.134425735721294,1.1961694223140853,13.095179236460567,True
BPA2014,-0.23611110548178355,0.9051282127698262,9.09050043410875,1.2106628784473341,13.317890332030219,True
BPA2014,-0.2083333283662796,0.9051282127698262,9.050056626289528,1.2123694362532549,13.396263540842831,True
BPA2014,-0.18055555125077566,0.9051282127698262,9.068701118893214,1.2111864759043003,13.35567751131398,True
BPA2014,-0.15277777413527172,0.9051282127698262,9.06867876553293,1.210060288010726,13.343291997614557,True
BPA2014,-0.12499999701976776,0.9051282127698262,9.06047454679757,1.2070870577468986,13.322558895919467,True
BPA2014,-0.09722221990426382,0.9051282127698262,9.042770287630615,1.2059336310859656,13.335887042663606,True
BPA2014,-0.06944444278875987,0.9051282127698262,9.039059048417503,1.1979316290411681,13.252835528836309,True
BPA2014,-0.04166666567325592,0.9051282127698262,9.024084836816415,1.1964970776940018,13.258929845301754,True
BPA2014,-0.013888888557751973,0.9051282127698262,9.027552315771777,1.1838710185417138,13.113975717132172,True
BPA2014,0.013888888557751973,0.9051282127698262,8.991514399639842,1.1894109797035533,13.228149640189594,True
BPA2014,0.04166666567325592,0.9051282127698262,8.994552605337066,1.1914264634524994,13.246089224555169,True
BPA2014,0.06944444278875987,0.9051282127698262,8.973231263411092,1.195516547969956,13.323144281868105,True
BPA2014,0.09722221990426382,0.9051282127698262,8.953189525137553,1.1988785971849651,13.390519588789182,True
BPA2014,0.12499999701976776,0.9051282127698262,8.953912849889084,1.190257711712203,13.293157211452503,True
BPA2014,0.15277777413527172,0.9051282127698262,8.916493722530497,1.187676247754859,13.319991968970927,True
BPA2014,0.18055555125077566,0.9051282127698262,8.89927008356033,1.1902617054584947,13.374823938170746,True
BPA2014,0.2083333283662796,0.9051282127698262,8.889096428211342,1.1883797396856064,13.368959930663408,True
BPA2014,0.23611110548178355,0.9051282127698262,8.860541777569596,1.1881775077704086,13.409761362203296,True
BPA2014,0.2638888825972875,0.9051282127698262,8.848698291015214,1.1839863657294991,13.380345072129925,True
BPA2014,0.29166665971279143,0.9051282127698262,8.841601397467512,1.1843887476422912,13.395636088972909,True
BPA2014,0.3194444368282954,0.9051282127698262,8.82739570693985,1.18328114184692,13.404645958225908,True
BPA2014,0.3472222139437993,0.9051282127698262,8.80935446436379,1.1809172791959894,13.405264641956657,True
BPA2014,0.37499999105930326,0.9051282127698262,8.808749057030408,1.181372918367036,13.41135853364063,True
BPA2014,0.4027777681748072,0.9051282127698262,8.811778557004084,1.1703941439382881,13.282155655262068,True
BPA2014,0.4305555452903112,0.9051282127698262,8.801215408504197,1.1656515972353783,13.244211658642788,False
BPA2014,0.45833332240581515,0.9051282127698262,8.810514100392524,1.139824546395116,12.937094628159493,False
BPA2014,0.4861110995213191,0.9051282127698262,8.794961057629683,1.142339131970049,12.98856384337328,False
BPA2014,0.513888876636823,0.9051282127698262,8.787427959905026,1.1329704930389375,12.89308428141222,False
BPA2014,0.5416666537523269,0.9051282127698262,8.760631039205705,1.1432900758266489,13.050316475036789,False
BPA2014,-0.5416666537523269,0.934188042084376,9.174244735754849,1.059286857764996,11.546311312544672,False
BPA2014,-0.513888876636823,0.934188042084376,9.168704621407294,1.0862150239132102,11.84698459340801,False
BPA2014,-0.4861110995213191,0.934188042084376,9.161289410500759,1.2222328984956516,13.341275924486313,False
BPA2014,-0.45833332240581515,0.934188042084376,9.166963339009305,1.2224086553884346,13.334935574429199,False
BPA2014,-0.4305555452903112,0.934188042084376,9.160804552192566,1.2218472928767867,13.337772746001303,False
BPA2014,-0.4027777681748072,0.934188042084376,9.137835411120797,1.2208195341732904,13.360051688910332,False
BPA2014,-0.37499999105930326,0.934188042084376,9.144364535436639,1.2268601795007994,13.416571208927833,True
BPA2014,-0.3472222139437993,0.934188042084376,9.151154540756432,1.220391786080748,13.335932429569382,True
BPA2014,-0.3194444368282954,0.934188042084376,9.138201510508503,1.2223195188133693,13.375930891956795,True
BPA2014,-0.29166665971279143,0.934188042084376,9.13387314413042,1.2192487292657388,13.34864969138802,True
BPA2014,-0.2638888825972875,0.934188042084376,9.136814439366137,1.2127663977148415,13.273405143149395,True
BPA2014,-0.23611110548178355,0.934188042084376,9.122429371154556,1.2160143839127995,13.329940243307117,True
BPA2014,-0.2083333283662796,0.934188042084376,9.109114188929578,1.2199127328305317,13.392221323925297,True
BPA2014,-0.18055555125077566,0.934188042084376,9.097779535848113,1.2216308236023607,13.427791020751284,True
BPA2014,-0.15277777413527172,0.934188042084376,9.109087429157393,1.2058313867786643,13.237674971906662,True
BPA2014,-0.12499999701976776,0.934188042084376,9.100871704791002,1.2052464764249193,13.243198184965484,True
BPA2014,-0.09722221990426382,0.934188042084376,9.100253062921823,1.205609040007191,13.248082571674171,True
BPA2014,-0.06944444278875987,0.934188042084376,9.093036752551923,1.1944900163793701,13.136315720313585,True
BPA2014,-0.04166666567325592,0.934188042084376,9.08420370211992,1.1957595327055612,13.163063840438923,True
BPA2014,-0.013888888557751973,0.934188042084376,9.090858806975735,1.1771304854939462,12.948506961638131,True
BPA2014,0.013888888557751973,0.934188042084376,9.071390774350059,1.182269612058403,13.032947664445748,True
BPA2014,0.04166666567325592,0.934188042084376,9.049020675794457,1.182151247973443,13.063858403325575,True
BPA2014,0.06944444278875987,0.934188042084376,9.000269175060561,1.1991966433666688,13.324008649536859,True
BPA2014,0.09722221990426382,0.934188042084376,8.966193030221579,1.1938088196280348,13.314556307277412,True
BPA2014,0.12499999701976776,0.934188042084376,8.985295590761172,1.1915530249762172,13.261144421352054,True
BPA2014,0.15277777413527172,0.934188042084376,8.948466295294033,1.1894383682854173,13.292091952236987,True
BPA2014,0.18055555125077566,0.934188042084376,8.919328422378664,1.1840855061276434,13.27550068855816,True
BPA2014,0.2083333283662796,0.934188042084376,8.91501021522796,1.1818794297961128,13.257185367856493,True
BPA2014,0.23611110548178355,0.934188042084376,8.895806230714658,1.1865578903961425,13.3383963142014,True
BPA2014,0.2638888825972875,0.934188042084376,8.87492568297803,1.187720784910316,13.382881472329913,True
BPA2014,0.29166665971279143,0.934188042084376,8.884871918513362,1.1881753802906065,13.373016416981901,True
BPA2014,0.3194444368282954,0.934188042084376,8.881280402123306,1.185358353524782,13.346705653403204,True
BPA2014,0.3472222139437993,0.934188042084376,8.846091500582004,1.181152621405075,13.35225417154417,True
BPA2014,0.37499999105930326,0.934188042084376,8.831586633047205,1.1778612514367186,13.33691555523263,True
BPA2014,0.4027777681748072,0.934188042084376,8.824512460060774,1.178669257811159,13.356763482920412,False
BPA2014,0.4305555452903112,0.934188042084376,8.820827674619053,1.1783586045281484,13.358821280668975,False
BPA2014,0.45833332240581515,0.934188042084376,8.833449214172562,1.163814402528219,13.17508454863783,False
BPA2014,0.4861110995213191,0.934188042084376,8.837492739682226,1.1480801827100522,12.991016983300337,False
BPA2014,0.513888876636823,0.934188042084376,8.809289500388513,1.1531079285047432,13.089681392056512,False
BPA2014,0.5416666537523269,0.934188042084376,8.7917068459497,1.1605493545167027,13.200501050047666,False
BPA2014,-0.5416666537523269,0.9632478713989258,9.207176039704976,1.0926209689542843,11.867058523074519,False
BPA2014,-0.513888876636823,0.9632478713989258,9.211251067999605,1.0916503514582632,11.851271270313289,False
BPA2014,-0.4861110995213191,0.9632478713989258,9.210368469818293,1.2191222093524554,13.236410827074183,False
BPA2014,-0.45833332240581515,0.9632478713989258,9.213597987231777,1.224813935321635,13.293546527849214,False
BPA2014,-0.4305555452903112,0.9632478713989258,9.219710598523909,1.2217284199479026,13.251266478402298,False
BPA2014,-0.4027777681748072,0.9632478713989258,9.191260676664665,1.2310034146193685,13.393194447685671,False
BPA2014,-0.37499999105930326,0.9632478713989258,9.177262209896172,1.2311248027795472,13.414946360059114,False
BPA2014,-0.3472222139437993,0.9632478713989258,9.18357242122141,1.2244841598535858,13.333418670756561,True
BPA2014,-0.3194444368282954,0.9632478713989258,9.151718347277592,1.2184877923586135,13.314306080246485,True
BPA2014,-0.29166665971279143,0.9632478713989258,9.169324900380905,1.2243780967846072,13.352979745910682,True
BPA2014,-0.2638888825972875,0.9632478713989258,9.174176803571587,1.22546433410298,13.357757980268007,True
BPA2014,-0.23611110548178355,0.9632478713989258,9.171674680720702,1.2213195536889168,13.316211010582274,True
BPA2014,-0.2083333283662796,0.9632478713989258,9.141980345304063,1.2264335655414238,13.415403656729612,True
BPA2014,-0.18055555125077566,0.9632478713989258,9.137305861392054,1.2206130703111737,13.358566396126037,True
BPA2014,-0.15277777413527172,0.9632478713989258,9.132542009938911,1.2195240307865949,13.353609865242246,True
BPA2014,-0.12499999701976776,0.9632478713989258,9.144194597878176,1.212314149807357,13.257746615417206,True
BPA2014,-0.09722221990426382,0.9632478713989258,9.132550424961643,1.2100082876896094,13.249401660924216,True
BPA2014,-0.06944444278875987,0.9632478713989258,9.13838215809597,1.1989648740131427,13.12009996157737,True
BPA2014,-0.04166666567325592,0.9632478713989258,9.151902314973933,1.1735067377086432,12.822544399196701,True
BPA2014,-0.013888888557751973,0.9632478713989258,9.140988168227063,1.1679101100799907,12.776628615924709,True
BPA2014,0.013888888557751973,0.9632478713989258,9.104251193208974,1.1904146439256782,13.075371259677349,True
BPA2014,0.04166666567325592,0.9632478713989258,9.083504612633721,1.1837031858399552,13.031348981687211,True
BPA2014,0.06944444278875987,0.9632478713989258,9.02772961265019,1.200937806519724,13.302766676096489,True
BPA2014,0.09722221990426382,0.9632478713989258,9.01548650431768,1.20144342379199,13.326440267162475,True
BPA2014,0.12499999701976776,0.9632478713989258,8.975645732325416,1.193879312052089,13.301319455517078,True
BPA2014,0.15277777413527172,0.9632478713989258,8.97567376200106,1.1972794823873285,13.339159979901098,True
BPA2014,0.18055555125077566,0.9632478713989258,8.95585335412472,1.200113175694219,13.400321870405495,True
BPA2014,0.2083333283662796,0.9632478713989258,8.941244293308678,1.1866355834155724,13.271481512965819,True
BPA2014,0.23611110548178355,0.9632478713989258,8.918126160434973,1.1846722952715285,13.283870108580603,True
BPA2014,0.2638888825972875,0.9632478713989258,8.890585106927857,1.1787094606319652,13.257951489755982,True
BPA2014,0.29166665971279143,0.9632478713989258,8.89675243116755,1.1858196075480048,13.328679388602316,True
BPA2014,0.3194444368282954,0.9632478713989258,8.889270435580809,1.1934378216654395,13.425599213277422,True
BPA2014,0.3472222139437993,0.9632478713989258,8.871271512918899,1.1872249677474824,13.382805001724629,True
BPA2014,0.37499999105930326,0.9632478713989258,8.857784205229486,1.1871542427152846,13.40238388303035,False
BPA2014,0.4027777681748072,0.9632478713989258,8.856294991011495,1.1758724517340553,13.277250282736535,False
BPA2014,0.4305555452903112,0.9632478713989258,8.852025208491504,1.1860935383887607,13.399120658298328,False
BPA2014,0.45833332240581515,0.9632478713989258,8.860858258923427,1.179440115637419,13.310675796553348,False
BPA2014,0.4861110995213191,0.9632478713989258,8.865884567284661,1.167475521013082,13.168178675832259,False
BPA2014,0.513888876636823,0.9632478713989258,8.84479967219662,1.1692055689773804,13.219130023405112,False
BPA2014,0.5416666537523269,0.9632478713989258,8.823588184566999,1.1679847531137917,13.237072364241445,False
BPA2014,-0.5416666537523269,0.9923077007134755,9.255224381141746,1.097391121260778,11.856990993074135,False
BPA2014,-0.513888876636823,0.9923077007134755,9.25331033067752,1.0929647593647727,11.811608173793374,False
BPA2014,-0.4861110995213191,0.9923077007134755,9.247147504649922,1.0898420078348987,11.78571021265609,False
BPA2014,-0.45833332240581515,0.9923077007134755,9.241662807051936,1.225950182922945,13.265471901739073,False
BPA2014,-0.4305555452903112,0.9923077007134755,9.245326432536578,1.2314660201821601,13.31987603864725,False
BPA2014,-0.4027777681748072,0.9923077007134755,9.221815256902365,1.2349428898595018,13.391537950569646,False
BPA2014,-0.37499999105930326,0.9923077007134755,9.218532403545042,1.2334535845941683,13.380151314756308,False
BPA2014,-0.3472222139437993,0.9923077007134755,9.232445220682528,1.2288778910411573,13.310427104275954,False
BPA2014,-0.3194444368282954,0.9923077007134755,9.203355787697802,1.2281543297691893,13.344636001260243,True
BPA2014,-0.29166665971279143,0.9923077007134755,9.19970744695447,1.2316070514657256,13.387458879178213,True
BPA2014,-0.2638888825972875,0.9923077007134755,9.179458316621314,1.228272276665716,13.380661846262477,True
BPA2014,-0.23611110548178355,0.9923077007134755,9.173865570131843,1.2320815238198648,13.43034203412856,True
BPA2014,-0.2083333283662796,0.9923077007134755,9.181374111290241,1.23287620599039,13.428014053738806,True
BPA2014,-0.18055555125077566,0.9923077007134755,9.189707768374822,1.2247378069292587,13.327276968959053,True
BPA2014,-0.15277777413527172,0.9923077007134755,9.192510139235763,1.196738169655602,13.018622242771825,True
BPA2014,-0.12499999701976776,0.9923077007134755,9.192442773154001,1.201806913716611,13.073857987198123,True
BPA2014,-0.09722221990426382,0.9923077007134755,9.150447388148473,1.2220919881871977,13.355543574514547,True
BPA2014,-0.06944444278875987,0.9923077007134755,9.166821675927109,1.210579068309643,13.206093792450785,True
BPA2014,-0.04166666567325592,0.9923077007134755,9.158868316668562,1.206151904408978,13.169224217514488,True
BPA2014,-0.013888888557751973,0.9923077007134755,9.156679982364262,1.1953992210718067,13.054941565874772,True
BPA2014,0.013888888557751973,0.9923077007134755,9.138870321212991,1.1923079534579681,13.046557304685713,True
BPA2014,0.04166666567325592,0.9923077007134755,9.104307512660933,1.1983591578735433,13.162551420929505,True
BPA2014,0.06944444278875987,0.9923077007134755,9.053108204222807,1.2060850527043399,13.322331131994684,True
BPA2014,0.09722221990426382,0.9923077007134755,9.04086203588201,1.211046197030783,13.395251384484109,True
BPA2014,0.12499999701976776,0.9923077007134755,9.026630778985488,1.2051866760182568,13.351456435151865,True
BPA2014,0.15277777413527172,0.9923077007134755,9.017266036818935,1.2051435352384565,13.364843959551193,True
BPA2014,0.18055555125077566,0.9923077007134755,8.991829978291294,1.195956488278698,13.300479336976565,True
BPA2014,0.2083333283662796,0.9923077007134755,8.986581696931205,1.1950844386642396,13.298543083098489,True
BPA2014,0.23611110548178355,0.9923077007134755,8.979719873217674,1.1912504573480587,13.2660091201843,True
BPA2014,0.2638888825972875,0.9923077007134755,8.964828909141143,1.2016083643097544,13.40358389979438,True
BPA2014,0.29166665971279143,0.9923077007134755,8.965460372444843,1.2027477538997644,13.415348503423033,True
BPA2014,0.3194444368282954,0.9923077007134755,8.937513684243429,1.1994690912789174,13.420612640778899,True
BPA2014,0.3472222139437993,0.9923077007134755,8.932057704822881,1.196146278520423,13.39160939225193,False
BPA2014,0.37499999105930326,0.9923077007134755,8.93229366205948,1.1902122911514932,13.324822673564798,False
BPA2014,0.4027777681748072,0.9923077007134755,8.885804226528869,1.1831040390683851,13.314540911628326,False
BPA2014,0.4305555452903112,0.9923077007134755,8.869414822309507,1.1860644195296592,13.372521674669175,False
BPA2014,0.45833332240581515,0.9923077007134755,8.896190475951395,1.186077797818906,13.332423592156307,False
BPA2014,0.4861110995213191,0.9923077007134755,8.900033463820003,1.1736670123938695,13.18722021849699,False
BPA2014,0.513888876636823,0.9923077007134755,8.886731133629683,1.1737604663757124,13.20801145804783,False
BPA2014,0.5416666537523269,0.9923077007134755,8.876248891748094,1.1605001936071284,13.074218712884456,False
BPA2014,-0.5416666537523269,1.0213675300280254,9.283064749356376,1.1028595558107692,11.880338935341737,False
BPA2014,-0.513888876636823,1.0213675300280254,9.278482677693686,1.0979894951694658,11.833718219996596,False
BPA2014,-0.4861110995213191,1.0213675300280254,9.284295821277793,1.0972942488306061,11.81882040332905,False
BPA2014,-0.45833332240581515,1.0213675300280254,9.293299161169257,1.2294319729676777,13.22923056329324,False
BPA2014,-0.4305555452903112,1.0213675300280254,9.284844021756925,1.2338581912295192,13.288949047913487,False
BPA2014,-0.4027777681748072,1.0213675300280254,9.259412905142502,1.2439159202371761,13.434069016906339,False
BPA2014,-0.37499999105930326,1.0213675300280254,9.248216304333601,1.2374499580584413,13.380417556611294,False
BPA2014,-0.3472222139437993,1.0213675300280254,9.244796316706312,1.2387744746101146,13.399694619247802,False
BPA2014,-0.3194444368282954,1.0213675300280254,9.240785166084082,1.2335121580380355,13.348564390018758,False
BPA2014,-0.29166665971279143,1.0213675300280254,9.240299542773784,1.232440631480213,13.33766969106561,True
BPA2014,-0.2638888825972875,1.0213675300280254,9.230842954459492,1.2247027676125908,13.267507351762792,True
BPA2014,-0.23611110548178355,1.0213675300280254,9.216278202563148,1.2272064541097985,13.315640295759506,True
BPA2014,-0.2083333283662796,1.0213675300280254,9.215270954945513,1.2336578922110235,13.387103843636442,True
BPA2014,-0.18055555125077566,1.0213675300280254,9.207434289101837,1.2308522581116612,13.368026525788304,True
BPA2014,-0.15277777413527172,1.0213675300280254,9.231614703841737,1.212037320484118,13.129201763367881,True
BPA2014,-0.12499999701976776,1.0213675300280254,9.235624951761524,1.1962254521240148,12.952295685154008,True
BPA2014,-0.09722221990426382,1.0213675300280254,9.219091451753366,1.2093383539973044,13.117760685271238,True
BPA2014,-0.06944444278875987,1.0213675300280254,9.210988687591767,1.2091360434660516,13.127103772203014,True
BPA2014,-0.04166666567325592,1.0213675300280254,9.188568144800094,1.2169931657459694,13.244644285896475,True
BPA2014,-0.013888888557751973,1.0213675300280254,9.192117953277615,1.2034482303143479,13.092175670844572,True
BPA2014,0.013888888557751973,1.0213675300280254,9.150656585612875,1.209137087424951,13.213664791289592,True
BPA2014,0.04166666567325592,1.0213675300280254,9.132365355662305,1.2112331056582468,13.263081999968943,True
BPA2014,0.06944444278875987,1.0213675300280254,9.101117392853828,1.2144518261705428,13.343985949726644,True
BPA2014,0.09722221990426382,1.0213675300280254,9.065081435127128,1.2005785505936295,13.243990792420195,True
BPA2014,0.12499999701976776,1.0213675300280254,9.062777203010164,1.2052581842359578,13.2989938650995,True
BPA2014,0.15277777413527172,1.0213675300280254,9.065447152013855,1.2058348936473156,13.301438676187571,True
BPA2014,0.18055555125077566,1.0213675300280254,9.035944005912967,1.2041096038066914,13.325775403419307,True
BPA2014,0.2083333283662796,1.0213675300280254,9.034993154247564,1.2003382303743309,13.285435969699916,True
BPA2014,0.23611110548178355,1.0213675300280254,9.02350667885651,1.198855451211578,13.28591526419196,True
BPA2014,0.2638888825972875,1.0213675300280254,9.017206565558503,1.2027042624821387,13.33788079199499,True
BPA2014,0.29166665971279143,1.0213675300280254,8.977154117495125,1.2029216117912316,13.39981018535616,True
BPA2014,0.3194444368282954,1.0213675300280254,8.962221705606789,1.201121857936649,13.402054729188679,False
BPA2014,0.3472222139437993,1.0213675300280254,8.963899783534327,1.2008248344343113,13.396232258643623,False
BPA2014,0.37499999105930326,1.0213675300280254,8.968763681957308,1.1980802122851058,13.35836526382465,False
BPA2014,0.4027777681748072,1.0213675300280254,8.919081724513035,1.192607949279187,13.371420804469658,False
BPA2014,0.4305555452903112,1.0213675300280254,8.91163608182438,1.1880718203108283,13.331691390921424,False
BPA2014,0.45833332240581515,1.0213675300280254,8.944241938596534,1.1845434302382858,13.243642539751734,False
BPA2014,0.4861110995213191,1.0213675300280254,8.928204588327029,1.1862543691177845,13.286594828580931,False
BPA2014,0.513888876636823,1.0213675300280254,8.931909325022517,1.1669606086133664,13.06507451149505,False
BPA2014,0.5416666537523269,1.0213675300280254,8.91348558141441,1.1606272981611931,13.021026259146339,False
BPA2014,-0.5416666537523269,1.050427359342575,9.311392944087155,1.106299266040065,11.881136073658864,False
BPA2014,-0.513888876636823,1.050427359342575,9.314200960663264,1.1060121640900011,11.874471774455273,False
BPA2014,-0.4861110995213191,1.050427359342575,9.335401294562823,1.086923577195217,11.643030041228856,False
BPA2014,-0.45833332240581515,1.050427359342575,9.346405145451659,1.2230335718963414,13.085604067693549,False
BPA2014,-0.4305555452903112,1.050427359342575,9.31453922927598,1.2372859955815751,13.283383805961485,False
BPA2014,-0.4027777681748072,1.050427359342575,9.281197624118752,1.2376838186237884,13.335389124863143,False
BPA2014,-0.37499999105930326,1.050427359342575,9.258863526560274,1.2306925196358993,13.292047302625157,False
BPA2014,-0.3472222139437993,1.050427359342575,9.261455124052587,1.2338924470246402,13.322878861877149,False
BPA2014,-0.3194444368282954,1.050427359342575,9.273991916677392,1.231880311023735,13.283172145195085,False
BPA2014,-0.29166665971279143,1.050427359342575,9.26258910191208,1.2391030416666902,13.377501992514182,False
BPA2014,-0.2638888825972875,1.050427359342575,9.250890369048355,1.2311661918793684,13.30862374067913,False
BPA2014,-0.23611110548178355,1.050427359342575,9.25439475170331,1.2358758858725685,13.354475565731624,True
BPA2014,-0.2083333283662796,1.050427359342575,9.26136369100581,1.236983469291175,13.356385847285898,True
BPA2014,-0.18055555125077566,1.050427359342575,9.249772410332062,1.236640535116925,13.369415811091617,True
BPA2014,-0.15277777413527172,1.050427359342575,9.277670796303159,1.2116641132630166,13.060003311885392,True
BPA2014,-0.12499999701976776,1.050427359342575,9.275742073099433,1.2031461448036727,12.97088831623418,True
BPA2014,-0.09722221990426382,1.050427359342575,9.268187677717314,1.1931921187140744,12.874060821866617,True
BPA2014,-0.06944444278875987,1.050427359342575,9.241080732281466,1.215339342897246,13.151484962703053,True
BPA2014,-0.04166666567325592,1.050427359342575,9.22047483558582,1.2194959550877351,13.225956112164312,True
BPA2014,-0.013888888557751973,1.050427359342575,9.231991222557571,1.1993911221974867,12.991683952936159,True
BPA2014,0.013888888557751973,1.050427359342575,9.195813800649178,1.217378312459531,13.238396718880827,True
BPA2014,0.04166666567325592,1.050427359342575,9.170416359425671,1.2174916213700004,13.276296011561357,True
BPA2014,0.06944444278875987,1.050427359342575,9.155300744843066,1.2221132748393577,13.348696114955494,True
BPA2014,0.09722221990426382,1.050427359342575,9.121294261091972,1.2166807436875549,13.338904642923971,True
BPA2014,0.12499999701976776,1.050427359342575,9.114221694609832,1.2196169187603612,13.381470844423776,True
BPA2014,0.15277777413527172,1.050427359342575,9.095455964479063,1.2142299576468154,13.349852524038466,True
BPA2014,0.18055555125077566,1.050427359342575,9.097890292847001,1.2126206903807935,13.328592138929038,True
BPA2014,0.2083333283662796,1.050427359342575,9.085594582972554,1.2177660433810729,13.403261968823768,True
BPA2014,0.23611110548178355,1.050427359342575,9.064381213437898,1.2158983852291683,13.414025255542047,True
BPA2014,0.2638888825972875,1.050427359342575,9.04201273668676,1.2149815427306219,13.437069578557399,False
BPA2014,0.29166665971279143,1.050427359342575,9.009625900005451,1.2028313478400912,13.350513785920496,False
BPA2014,0.3194444368282954,1.050427359342575,9.003015058169172,1.206369835478764,13.399620323683964,False
BPA2014,0.3472222139437993,1.050427359342575,9.0051797539096,1.2083574450868315,13.418471125601053,False
BPA2014,0.37499999105930326,1.050427359342575,8.995714291571296,1.2041095138055036,13.385368574163328,False
BPA2014,0.4027777681748072,1.050427359342575,8.978768776751524,1.20156212786318,13.382259391447427,False
BPA2014,0.4305555452903112,1.050427359342575,8.983058785926193,1.2010233548814853,13.369870814639832,False
BPA2014,0.45833332240581515,1.050427359342575,8.97180002104952,1.1958334119939622,13.328801457771167,False
BPA2014,0.4861110995213191,1.050427359342575,8.966847948488569,1.1944338975058761,13.320554830052709,False
BPA2014,0.513888876636823,1.050427359342575,8.980531555707584,1.1715446199578767,13.045381698072212,False
BPA2014,0.5416666537523269,1.050427359342575,8.955933740541528,1.1712983137247233,13.078461137139897,False
BPA2014,-0.5416666537523269,1.079487188657125,9.356805440312195,1.1050317114441504,11.809925069974312,False
BPA2014,-0.513888876636823,1.079487188657125,9.364273849462254,1.0985790434318972,11.731598852109428,False
BPA2014,-0.4861110995213191,1.079487188657125,9.357039286143102,1.0991490435667006,11.746761020811757,False
BPA2014,-0.45833332240581515,1.079487188657125,9.350367764343083,1.2440176778287835,13.304478595727007,False
BPA2014,-0.4305555452903112,1.079487188657125,9.344260202064545,1.2454080381075765,13.328053919478963,False
BPA2014,-0.4027777681748072,1.079487188657125,9.313164168665981,1.246061577297257,13.37957277172902,False
BPA2014,-0.37499999105930326,1.079487188657125,9.31091472599688,1.2437504290470671,13.357983244915864,False
BPA2014,-0.3472222139437993,1.079487188657125,9.302484801052557,1.2450905786431572,13.384494629889401,False
BPA2014,-0.3194444368282954,1.079487188657125,9.295687191612275,1.238077301284208,13.31883566823715,False
BPA2014,-0.29166665971279143,1.079487188657125,9.29645656948809,1.243007947897716,13.37077131062381,False
BPA2014,-0.2638888825972875,1.079487188657125,9.303015788985208,1.2434717649589202,13.366329727519044,False
BPA2014,-0.23611110548178355,1.079487188657125,9.295774386547537,1.2376888532006873,13.314531976935884,False
BPA2014,-0.2083333283662796,1.079487188657125,9.284913759344994,1.2337825313886945,13.288034368083695,True
BPA2014,-0.18055555125077566,1.079487188657125,9.266072538810562,1.2216674995086299,13.184307530420531,True
BPA2014,-0.15277777413527172,1.079487188657125,9.297090465498366,1.228231629920498,13.210924799306653,True
BPA2014,-0.12499999701976776,1.079487188657125,9.295720178501266,1.223683569666031,13.163945839248829,True
BPA2014,-0.09722221990426382,1.079487188657125,9.312323538497884,1.1915093666402519,12.794973904358645,True
BPA2014,-0.06944444278875987,1.079487188657125,9.27439195155673,1.2220831363147084,13.17696235718805,True
BPA2014,-0.04166666567325592,1.079487188657125,9.226434767766014,1.229154091110462,13.322091599289285,True
BPA2014,-0.013888888557751973,1.079487188657125,9.223225706507815,1.2230480540108286,13.260523952567466,True
BPA2014,0.013888888557751973,1.079487188657125,9.22138856935112,1.2248206959752344,13.282388945696722,True
BPA2014,0.04166666567325592,1.079487188657125,9.21865436017409,1.223327707648948,13.270133143660306,True
BPA2014,0.06944444278875987,1.079487188657125,9.196077680461112,1.2300216146708312,13.375502658967916,True
BPA2014,0.09722221990426382,1.079487188657125,9.166660780692984,1.2285399338027236,13.402262428978506,True
BPA2014,0.12499999701976776,1.079487188657125,9.138399187041868,1.2258665436398257,13.414456061167568,True
BPA2014,0.15277777413527172,1.079487188657125,9.124075594396139,1.224046770332894,13.415570242367172,True
BPA2014,0.18055555125077566,1.079487188657125,9.130934388701444,1.2218079566240925,13.380974001258286,True
BPA2014,0.2083333283662796,1.079487188657125,9.120539892556637,1.2230757094531433,13.410124004296142,True
BPA2014,0.23611110548178355,1.079487188657125,9.089010332488431,1.2178911431210662,13.399601260961777,False
BPA2014,0.2638888825972875,1.079487188657125,9.09239877143057,1.2176026199338734,13.391434433779233,False
BPA2014,0.29166665971279143,1.079487188657125,9.073340978811778,1.2160346087989347,13.402280501070548,False
BPA2014,0.3194444368282954,1.079487188657125,9.059376233334223,1.2141003688490397,13.401589001036562,False
BPA2014,0.3472222139437993,1.079487188657125,9.031362638052254,1.2117581646538156,13.41722410246555,False
BPA2014,0.37499999105930326,1.079487188657125,9.03288688936473,1.2133607362070218,13.432701539035385,False
BPA2014,0.4027777681748072,1.079487188657125,9.03922393696241,1.2064936497250833,13.347314527650923,False
BPA2014,0.4305555452903112,1.079487188657125,9.04302611962084,1.1920277993102641,13.181735666160431,False
BPA2014,0.45833332240581515,1.079487188657125,9.034246542833147,1.1814837575113466,13.07783390579058,False
BPA2014,0.4861110995213191,1.079487188657125,9.014997010097009,1.189781616861537,13.19780378772121,False
BPA2014,0.513888876636823,1.079487188657125,9.001035554128338,1.1785680614748466,13.093694102055785,False
BPA2014,0.5416666537523269,1.079487188657125,9.000517204029842,1.1719876188089213,13.021336354806165,False
BPA2014,-0.5416666537523269,1.1085470179716745,9.396200858702885,1.102211547674641,11.730395765792492,False
BPA2014,-0.513888876636823,1.1085470179716745,9.387617963945852,1.1030320832025275,11.749861226126159,False
BPA2014,-0.4861110995213191,1.1085470179716745,9.382361359363223,1.1095118469898162,11.82550750811327,False
BPA2014,-0.45833332240581515,1.1085470179716745,9.372152881120291,1.1109692017049633,11.853938105757454,False
BPA2014,-0.4305555452903112,1.1085470179716745,9.36512454705755,1.2553207472223413,13.404207716775678,False
BPA2014,-0.4027777681748072,1.1085470179716745,9.339264509085922,1.2437242552083223,13.317154193441421,False
BPA2014,-0.37499999105930326,1.1085470179716745,9.337203777125971,1.2378212191111724,13.256872706832782,False
BPA2014,-0.3472222139437993,1.1085470179716745,9.357240206285182,1.2531860180096994,13.392688339537811,False
BPA2014,-0.3194444368282954,1.1085470179716745,9.316651323474424,1.2494808319959472,13.411265363636932,False
BPA2014,-0.29166665971279143,1.1085470179716745,9.317262208222697,1.2422911897720932,13.333221304813584,False
BPA2014,-0.2638888825972875,1.1085470179716745,9.31747443509528,1.2414059660401242,13.323416926846976,False
BPA2014,-0.23611110548178355,1.1085470179716745,9.310553109521265,1.2387292878719032,13.304572492101888,False
BPA2014,-0.2083333283662796,1.1085470179716745,9.303723752495353,1.2486857934616946,13.421355004514021,False
BPA2014,-0.18055555125077566,1.1085470179716745,9.332035820982579,1.2245524522490518,13.122029059251055,False
BPA2014,-0.15277777413527172,1.1085470179716745,9.33783629613258,1.2296928673140093,13.168927236637327,False
BPA2014,-0.12499999701976776,1.1085470179716745,9.33734860731668,1.218771922901069,13.052655246758679,True
BPA2014,-0.09722221990426382,1.1085470179716745,9.304596742250684,1.2314540430107508,13.234899664366056,True
BPA2014,-0.06944444278875987,1.1085470179716745,9.29378585548236,1.233347831175528,13.270671934494615,True
BPA2014,-0.04166666567325592,1.1085470179716745,9.259104073809338,1.2413322193035854,13.406612663690282,True
BPA2014,-0.013888888557751973,1.1085470179716745,9.24850106870192,1.2371880656983096,13.377173841554804,True
BPA2014,0.013888888557751973,1.1085470179716745,9.221293097093541,1.2353200025770235,13.396385838406804,True
BPA2014,0.04166666567325592,1.1085470179716745,9.223969196713798,1.2393268695114803,13.435938944299734,True
BPA2014,0.06944444278875987,1.1085470179716745,9.204664002427455,1.231796755827719,13.382310918713266,True
BPA2014,0.09722221990426382,1.1085470179716745,9.191209115525515,1.228294435844323,13.36379599686754,True
BPA2014,0.12499999701976776,1.1085470179716745,9.18955319205779,1.2250686674325817,13.331101543558892,True
BPA2014,0.15277777413527172,1.1085470179716745,9.148728918111981,1.2119794523550476,13.247517367747772,False
BPA2014,0.18055555125077566,1.1085470179716745,9.147757166590205,1.219312493578141,13.329086806450894,False
BPA2014,0.2083333283662796,1.1085470179716745,9.152778502437894,1.2260589193496807,13.395483339000425,False
BPA2014,0.23611110548178355,1.1085470179716745,9.131363998560595,1.2192319103000024,13.352133487310262,False
BPA2014,0.2638888825972875,1.1085470179716745,9.119984822359028,1.2131299207162969,13.30188530294617,False
BPA2014,0.29166665971279143,1.1085470179716745,9.129444179980851,1.2146092427065072,13.304306579473,False
BPA2014,0.3194444368282954,1.1085470179716745,9.096911166705182,1.2165828125964875,13.37358132119831,False
BPA2014,0.3472222139437993,1.1085470179716745,9.057819790734861,1.2118386091240516,13.378921607202068,False
BPA2014,0.37499999105930326,1.1085470179716745,9.071197825529454,1.2167209304677036,13.413012855297177,False
BPA2014,0.4027777681748072,1.1085470179716745,9.084404285661101,1.2103737795572085,13.323645023897413,False
BPA2014,0.4305555452903112,1.1085470179716745,9.066811869795924,1.2062328935022923,13.303826205113953,False
BPA2014,0.45833332240581515,1.1085470179716745,9.056755397463093,1.2048844957358067,13.303710245650551,False
BPA2014,0.4861110995213191,1.1085470179716745,9.046061341810063,1.187238141653266,13.12436536513367,False
BPA2014,0.513888876636823,1.1085470179716745,9.027328950469174,1.1840495961404123,13.116278387959643,False
BPA2014,0.5416666537523269,1.1085470179716745,9.021679532626782,1.1830450985332321,13.113357598823649,False
BPA2014,-0.5416666537523269,1.1376068472862244,9.441968361785733,1.0911633913435792,11.556524545875629,False
BPA2014,-0.513888876636823,1.1376068472862244,9.402828438784384,1.1046034215305154,11.74756541312925,False
BPA2014,-0.4861110995213191,1.1376068472862244,9.412550819415776,1.1134236332347882,11.829138079531738,False
BPA2014,-0.45833332240581515,1.1376068472862244,9.389008768298217,1.1165708047834626,11.892318266370562,False
BPA2014,-0.4305555452903112,1.1376068472862244,9.37832208726515,1.2532967238307615,13.363762858311473,False
BPA2014,-0.4027777681748072,1.1376068472862244,9.377443543594769,1.2553344222587874,13.386744654050617,False
BPA2014,-0.37499999105930326,1.1376068472862244,9.35874594454772,1.2495182507668923,13.351342777873404,False
BPA2014,-0.3472222139437993,1.1376068472862244,9.366403752908907,1.2590689804389266,13.442394900475009,False
BPA2014,-0.3194444368282954,1.1376068472862244,9.36561483688034,1.2540598522869126,13.39004298306844,False
BPA2014,-0.29166665971279143,1.1376068472862244,9.354938559875196,1.2514114454380376,13.377014049087807,False
BPA2014,-0.2638888825972875,1.1376068472862244,9.345816828264393,1.2534998920349911,13.412416646601214,False
BPA2014,-0.23611110548178355,1.1376068472862244,9.3430826955876,1.2503493709076898,13.382621257309266,False
BPA2014,-0.2083333283662796,1.1376068472862244,9.344446678967662,1.2514636810457644,13.39259267070933,False
BPA2014,-0.18055555125077566,1.1376068472862244,9.36863980804187,1.2413068001730836,13.249594664826034,False
BPA2014,-0.15277777413527172,1.1376068472862244,9.383810548673235,1.229804221958564,13.105595169250774,False
BPA2014,-0.12499999701976776,1.1376068472862244,9.35487919571508,1.2348625657457368,13.200197885092463,False
BPA2014,-0.09722221990426382,1.1376068472862244,9.331927787391136,1.2311872246817726,13.19327852435051,False
BPA2014,-0.06944444278875987,1.1376068472862244,9.29124326402231,1.2412459128061577,13.359309163850316,False
BPA2014,-0.04166666567325592,1.1376068472862244,9.299955428828165,1.246353567983942,13.401715497694466,False
BPA2014,-0.013888888557751973,1.1376068472862244,9.278467423552549,1.245084685198682,13.419076969954622,False
BPA2014,0.013888888557751973,1.1376068472862244,9.257372200936656,1.2411141784204902,13.406765456561365,False
BPA2014,0.04166666567325592,1.1376068472862244,9.246607979294236,1.2369107676707256,13.37691367948677,False
BPA2014,0.06944444278875987,1.1376068472862244,9.240846687550038,1.2361548539493277,13.377073505772671,False
BPA2014,0.09722221990426382,1.1376068472862244,9.234301712391416,1.2387747697172853,13.41492630736752,False
BPA2014,0.12499999701976776,1.1376068472862244,9.190392552322365,1.2128467107311116,13.196897780221928,False
BPA2014,0.15277777413527172,1.1376068472862244,9.19777621454386,1.226815763885976,13.338178003788462,False
BPA2014,0.18055555125077566,1.1376068472862244,9.182747565395868,1.2297593873394714,13.392063525449386,False
BPA2014,0.2083333283662796,1.1376068472862244,9.171013933137951,1.226330255330967,13.371806697401517,False
BPA2014,0.23611110548178355,1.1376068472862244,9.173054132442497,1.2250442152049883,13.354812884755074,False
BPA2014,0.2638888825972875,1.1376068472862244,9.161677511347884,1.2260982671336236,13.382901391311226,False
BPA2014,0.29166665971279143,1.1376068472862244,9.136126044608861,1.2221478963108352,13.377091015858003,False
BPA2014,0.3194444368282954,1.1376068472862244,9.107865873861561,1.2073584625157079,13.256216980321108,False
BPA2014,0.3472222139437993,1.1376068472862244,9.101359577207266,1.216056974733762,13.361267230658155,False
BPA2014,0.37499999105930326,1.1376068472862244,9.101105856622713,1.2132337412828416,13.3306189423123,False
BPA2014,0.4027777681748072,1.1376068472862244,9.099566412369224,1.2165775430606316,13.36962101190792,False
BPA2014,0.4305555452903112,1.1376068472862244,9.104360772104656,1.1937434412076424,13.111776555090145,False
BPA2014,0.45833332240581515,1.1376068472862244,9.085476696154473,1.2048859230307258,13.26166984216367,False
BPA2014,0.4861110995213191,1.1376068472862244,9.079396444449687,1.1901946383324475,13.108741815762695,False
BPA2014,0.513888876636823,1.1376068472862244,9.0656001983268,1.1907701512804683,13.135039327018234,False
BPA2014,0.5416666537523269,1.1376068472862244,9.054775694521783,1.1961887283920085,13.210583770901282,False
BPA2014,-0.5416666537523269,1.166666676600774,9.446710823781112,1.1163010794265198,11.81682281007637,False
BPA2014,-0.513888876636823,1.166666676600774,9.444243386123818,1.1180190207953304,11.838100471214103,False
BPA2014,-0.4861110995213191,1.166666676600774,9.432615752551913,1.1202112304955403,11.875934098052037,False
BPA2014,-0.45833332240581515,1.166666676600774,9.41256361025029,1.1189834515596122,11.888190060580714,False
BPA2014,-0.4305555452903112,1.166666676600774,9.404693758617094,1.1100592529083417,11.803247201869224,False
BPA2014,-0.4027777681748072,1.166666676600774,9.384847325370483,1.2461428277535327,13.278242943652138,False
BPA2014,-0.37499999105930326,1.166666676600774,9.3905144453607,1.2601093094581388,13.41895927843106,False
BPA2014,-0.3472222139437993,1.166666676600774,9.394102794642185,1.262671202829953,13.44110481258628,False
BPA2014,-0.3194444368282954,1.166666676600774,9.415775655016562,1.2522439785945698,13.299424545309721,False
BPA2014,-0.29166665971279143,1.166666676600774,9.393974916897145,1.2482727938820821,13.288014976884673,False
BPA2014,-0.2638888825972875,1.166666676600774,9.405953961817202,1.2511745819242446,13.301942439898157,False
BPA2014,-0.23611110548178355,1.166666676600774,9.372560749620705,1.2490439987868165,13.326603392113128,False
BPA2014,-0.2083333283662796,1.166666676600774,9.388333057275172,1.2549514180776187,13.36713781266139,False
BPA2014,-0.18055555125077566,1.166666676600774,9.393561678082259,1.2480150875717018,13.285856103799917,False
BPA2014,-0.15277777413527172,1.166666676600774,9.379267323815423,1.2520844669718687,13.349491210178336,False
BPA2014,-0.12499999701976776,1.166666676600774,9.368718526754275,1.2414126548571773,13.250613211530176,False
BPA2014,-0.09722221990426382,1.166666676600774,9.340291952758053,1.244276624359886,13.32160312175755,False
BPA2014,-0.06944444278875987,1.166666676600774,9.316513271201988,1.237216404371701,13.279822272094282,False
BPA2014,-0.04166666567325592,1.166666676600774,9.31438160825069,1.245493643535463,13.37172660428904,False
BPA2014,-0.013888888557751973,1.166666676600774,9.313338451436172,1.2486737467091173,13.407370012592686,False
BPA2014,0.013888888557751973,1.166666676600774,9.290271818501338,1.2460051184726602,13.411933932775497,False
BPA2014,0.04166666567325592,1.166666676600774,9.274544906069455,1.2424728041289548,13.396590525060208,False
BPA2014,0.06944444278875987,1.166666676600774,9.271921775192128,1.2432298917810352,13.408545951146936,False
BPA2014,0.09722221990426382,1.166666676600774,9.261839690590097,1.2434135396249821,13.425124825775955,False
BPA2014,0.12499999701976776,1.166666676600774,9.261019746077867,1.2331331727524149,13.315306592178025,False
BPA2014,0.15277777413527172,1.166666676600774,9.23609544333096,1.2279019795085437,13.294600375694102,False
BPA2014,0.18055555125077566,1.166666676600774,9.217347017546826,1.228602512546659,13.329242245168812,False
BPA2014,0.2083333283662796,1.166666676600774,9.201640224669125,1.2307332115068403,13.375150315128684,False
BPA2014,0.23611110548178355,1.166666676600774,9.196748587271308,1.227234986450727,13.344226764546685,False
BPA2014,0.2638888825972875,1.166666676600774,9.173597620508874,1.220689103948908,13.30654727235785,False
BPA2014,0.29166665971279143,1.166666676600774,9.173970727315515,1.2251284825641071,13.354397119627654,False
BPA2014,0.3194444368282954,1.166666676600774,9.153820725949918,1.21183521861148,13.238572776240648,False
BPA2014,0.3472222139437993,1.166666676600774,9.133920880259222,1.1956780376485496,13.090523262936522,False
BPA2014,0.37499999105930326,1.166666676600774,9.117651214162885,1.1934781357692994,13.089754233145182,False
BPA2014,0.4027777681748072,1.166666676600774,9.12370074338481,1.2112217966648042,13.275553755344369,False
BPA2014,0.4305555452903112,1.166666676600774,9.113967805724853,1.2078723543670482,13.252980261882586,False
BPA2014,0.45833332240581515,1.166666676600774,9.115610249856237,1.2151598405196393,13.330537475961126,False
BPA2014,0.4861110995213191,1.166666676600774,9.118868439547013,1.1975340767093052,13.13248551230106,False
BPA2014,0.513888876636823,1.166666676600774,9.107200444466226,1.1983732890254,13.158525458320872,False
BPA2014,0.5416666537523269,1.166666676600774,9.080280603235149,1.198764040269619,13.201839157289037,False
NPA2016,-0.5416666537523269,0.03333333333333333,6.477023720180075,0.7190592863076857,11.101692959180554,False
NPA2016,-0.513888876636823,0.03333333333333333,6.465429652317739,0.7330490316150355,11.337978619135557,False
NPA2016,-0.4861110995213191,0.03333333333333333,6.4453119760584245,0.7448748101780782,11.556846479192464,False
NPA2016,-0.45833332240581515,0.03333333333333333,6.435032797005655,0.7508075575726368,11.667501646953566,False
NPA2016,-0.4305555452903112,0.03333333333333333,6.4316218498983675,0.7471408773007997,11.616679194418216,False
NPA2016,-0.4027777681748072,0.03333333333333333,6.4291736220608735,0.7453376054873353,11.593054555717803,False
NPA2016,-0.37499999105930326,0.03333333333333333,6.439119860061308,0.7314701811918458,11.359785142823561,False
NPA2016,-0.3472222139437993,0.03333333333333333,6.4389423481227395,0.7259923007054145,11.27502408710145,False
NPA2016,-0.3194444368282954,0.03333333333333333,6.4423398032644705,0.7174946094589387,11.13717424677551,False
NPA2016,-0.29166665971279143,0.03333333333333333,6.437923057278169,0.7066597505931532,10.976517493390414,False
NPA2016,-0.2638888825972875,0.03333333333333333,6.440122108423125,0.7033525194648825,10.921415892797405,False
NPA2016,-0.23611110548178355,0.03333333333333333,6.4209473242313955,0.7196531880006308,11.207897396771981,False
NPA2016,-0.2083333283662796,0.03333333333333333,6.419707984859273,0.7270467412795435,11.325230726915708,False
NPA2016,-0.18055555125077566,0.03333333333333333,6.403274603764234,0.7395245223772898,11.549161454711818,False
NPA2016,-0.15277777413527172,0.03333333333333333,6.3909167569864875,0.7395676783556747,11.572168852726591,False
NPA2016,-0.12499999701976776,0.03333333333333333,6.389634853178253,0.7336363871835376,11.481663726349264,False
NPA2016,-0.09722221990426382,0.03333333333333333,6.371051515541416,0.7432479504532084,11.666016961880532,False
NPA2016,-0.06944444278875987,0.03333333333333333,6.3649374273821016,0.7427305574150157,11.669094408057688,False
NPA2016,-0.04166666567325592,0.03333333333333333,6.370491104684317,0.7411718364697969,11.634453675397213,False
NPA2016,-0.013888888557751973,0.03333333333333333,6.35921906177418,0.739748486119668,11.632693872213974,False
NPA2016,0.013888888557751973,0.03333333333333333,6.350853388738364,0.7391330658004523,11.638326702850964,False
NPA2016,0.04166666567325592,0.03333333333333333,6.353425174575918,0.7324882317691459,11.529029014149653,False
NPA2016,0.06944444278875987,0.03333333333333333,6.342089347667793,0.7332519255068602,11.56167763193848,False
NPA2016,0.09722221990426382,0.03333333333333333,6.334491477466878,0.7283999616203138,11.498949271798471,False
NPA2016,0.12499999701976776,0.03333333333333333,6.330516067735825,0.7265220089361796,11.47650525111182,False
NPA2016,0.15277777413527172,0.03333333333333333,6.316401132630223,0.722693085839927,11.44153245914876,False
NPA2016,0.18055555125077566,0.03333333333333333,6.310437502860556,0.7304022556220099,11.574510567467224,False
NPA2016,0.2083333283662796,0.03333333333333333,6.308583589838883,0.7301998622376465,11.574703764150255,False
NPA2016,0.23611110548178355,0.03333333333333333,6.3004681238418065,0.726887045286309,11.537032344242359,False
NPA2016,0.2638888825972875,0.03333333333333333,6.298239123039622,0.7301988634949351,11.593698639097248,False
NPA2016,0.29166665971279143,0.03333333333333333,6.299456866912707,0.732535951808345,11.628557307153253,False
NPA2016,0.3194444368282954,0.03333333333333333,6.296210622034795,0.7322492081109999,11.629998614537348,False
NPA2016,0.3472222139437993,0.03333333333333333,6.284656041493607,0.7288111546889543,11.596675297376267,False
NPA2016,0.37499999105930326,0.03333333333333333,6.275804838705619,0.7299883874800085,11.631789168742989,False
NPA2016,0.4027777681748072,0.03333333333333333,6.281369919433775,0.7321606268774966,11.656066053557568,False
NPA2016,0.4305555452903112,0.03333333333333333,6.286177152698928,0.7291398358175198,11.59909779991594,False
NPA2016,0.45833332240581515,0.03333333333333333,6.289547916305184,0.7287718616811405,11.587030918261291,False
NPA2016,0.4861110995213191,0.03333333333333333,6.293729785133044,0.7217063893319059,11.467069829351589,False
NPA2016,0.513888876636823,0.03333333333333333,6.29557913121486,0.7140746265667243,11.342477184127285,False
NPA2016,0.5416666537523269,0.03333333333333333,6.300466118843825,0.7052003332030157,11.192827957503951,False
NPA2016,-0.5416666537523269,0.062393162647883096,6.928215236619458,0.7776216708580372,11.22398257415381,False
NPA2016,-0.513888876636823,0.062393162647883096,6.911522946237464,0.7943266146535966,11.492787057677596,False
NPA2016,-0.4861110995213191,0.062393162647883096,6.895721891378161,0.7995658120236002,11.595099463383391,False
NPA2016,-0.45833332240581515,0.062393162647883096,6.887837417855878,0.8018572084126622,11.641639599882907,False
NPA2016,-0.4305555452903112,0.062393162647883096,6.895077493383793,0.7994292561999959,11.594202631762911,False
NPA2016,-0.4027777681748072,0.062393162647883096,6.896738898752783,0.7884028465308608,11.431531019297203,False
NPA2016,-0.37499999105930326,0.062393162647883096,6.884162548966842,0.798395502350384,11.597569009613308,False
NPA2016,-0.3472222139437993,0.062393162647883096,6.891787403098773,0.7836045015442457,11.370120053208714,False
NPA2016,-0.3194444368282954,0.062393162647883096,6.897633462015132,0.764432246327251,11.08252925495295,False
NPA2016,-0.29166665971279143,0.062393162647883096,6.897552148208463,0.7585371249629147,10.997193042751165,False
NPA2016,-0.2638888825972875,0.062393162647883096,6.888882857215657,0.7617461085454961,11.05761448313229,False
NPA2016,-0.23611110548178355,0.062393162647883096,6.877763277693049,0.7778277220177428,11.309312208236442,False
NPA2016,-0.2083333283662796,0.062393162647883096,6.868778700769057,0.783754126581489,11.410385466250887,False
NPA2016,-0.18055555125077566,0.062393162647883096,6.856440082478816,0.7896752374698452,11.517277595523787,False
NPA2016,-0.15277777413527172,0.062393162647883096,6.854886362209284,0.7858086216477269,11.46348137847855,False
NPA2016,-0.12499999701976776,0.062393162647883096,6.844960564049289,0.7851349342733774,11.470262347412463,False
NPA2016,-0.09722221990426382,0.062393162647883096,6.8418569524993185,0.7817670973199514,11.426241483087034,False
NPA2016,-0.06944444278875987,0.062393162647883096,6.827733496152398,0.7899710478726208,11.570033427897995,False
NPA2016,-0.04166666567325592,0.062393162647883096,6.815336927851334,0.796407790957298,11.685523392141096,False
NPA2016,-0.013888888557751973,0.062393162647883096,6.803908369786887,0.7935799438460339,11.663589524073654,False
NPA2016,0.013888888557751973,0.062393162647883096,6.804272569314577,0.7947908491247921,11.680761477855594,False
NPA2016,0.04166666567325592,0.062393162647883096,6.7939522599561775,0.7918265973991034,11.654874322066709,False
NPA2016,0.06944444278875987,0.062393162647883096,6.806974568631588,0.7837949379684049,11.514585959823439,False
NPA2016,0.09722221990426382,0.062393162647883096,6.796822094311855,0.7806057312102289,11.484863372597388,False
NPA2016,0.12499999701976776,0.062393162647883096,6.786145271251402,0.785879725179865,11.580649894265298,False
NPA2016,0.15277777413527172,0.062393162647883096,6.775398161873103,0.7825564138941147,11.549969392171807,False
NPA2016,0.18055555125077566,0.062393162647883096,6.77249944997714,0.7782545338292391,11.491393090210824,False
NPA2016,0.2083333283662796,0.062393162647883096,6.770345775834891,0.786941402422184,11.623356154584906,False
NPA2016,0.23611110548178355,0.062393162647883096,6.766326075141683,0.7837143701012731,11.582568758849868,False
NPA2016,0.2638888825972875,0.062393162647883096,6.7584821192867865,0.786610003006212,11.638856020073659,False
NPA2016,0.29166665971279143,0.062393162647883096,6.743981082835424,0.7906592114312537,11.723923921489277,False
NPA2016,0.3194444368282954,0.062393162647883096,6.750791726783562,0.7838138492727031,11.61069517465552,False
NPA2016,0.3472222139437993,0.062393162647883096,6.751509390745565,0.778487555076129,11.530570573496027,False
NPA2016,0.37499999105930326,0.062393162647883096,6.752792853996609,0.7785472939252229,11.529263680351802,False
NPA2016,0.4027777681748072,0.062393162647883096,6.748721134744879,0.7818566195446166,11.58525599049179,False
NPA2016,0.4305555452903112,0.062393162647883096,6.745373860246838,0.781260654262056,11.582169801830181,False
NPA2016,0.45833332240581515,0.062393162647883096,6.743712802967725,0.7767733911492354,11.518482679265322,False
NPA2016,0.4861110995213191,0.062393162647883096,6.7485687131281145,0.7717326017260305,11.43550039321323,False
NPA2016,0.513888876636823,0.062393162647883096,6.745347502877663,0.770680308181413,11.425361078174692,False
NPA2016,0.5416666537523269,0.062393162647883096,6.745871197209334,0.7667878708604323,11.366773074138163,False
NPA2016,-0.5416666537523269,0.09145299196243287,7.2210181927296135,0.8100516774068491,11.217970316463665,False
NPA2016,-0.513888876636823,0.09145299196243287,7.2071560126810486,0.8219377761892113,11.404467653301873,False
NPA2016,-0.4861110995213191,0.09145299196243287,7.20213126498298,0.8199316476159897,11.384569614865626,False
NPA2016,-0.45833332240581515,0.09145299196243287,7.189370037675596,0.830631579477635,11.55360727191318,False
NPA2016,-0.4305555452903112,0.09145299196243287,7.1839898344688375,0.8334096988553673,11.60093093195457,False
NPA2016,-0.4027777681748072,0.09145299196243287,7.18188959909201,0.8306975094914468,11.56655916287644,False
NPA2016,-0.37499999105930326,0.09145299196243287,7.179772070607736,0.822309737891042,11.45314544534611,False
NPA2016,-0.3472222139437993,0.09145299196243287,7.174990484608388,0.8107252908381313,11.29932217439562,False
NPA2016,-0.3194444368282954,0.09145299196243287,7.18089587197167,0.8110304379782864,11.294279327233868,False
NPA2016,-0.29166665971279143,0.09145299196243287,7.185833040244392,0.7928367182834827,11.03333063603323,False
NPA2016,-0.2638888825972875,0.09145299196243287,7.1742566692737855,0.8095309134736198,11.283829820874873,False
NPA2016,-0.23611110548178355,0.09145299196243287,7.160854608412818,0.8230459493755656,11.49368328758725,False
NPA2016,-0.2083333283662796,0.09145299196243287,7.151239960875832,0.8226376343625255,11.503426522716975,False
NPA2016,-0.18055555125077566,0.09145299196243287,7.147318351923637,0.8226613978626017,11.510070733608636,False
NPA2016,-0.15277777413527172,0.09145299196243287,7.139848161107564,0.8250661917621858,11.555794649198784,False
NPA2016,-0.12499999701976776,0.09145299196243287,7.138263725382957,0.815118886402739,11.419007727386944,False
NPA2016,-0.09722221990426382,0.09145299196243287,7.1208594100958145,0.8226252119050936,11.552330477677902,False
NPA2016,-0.06944444278875987,0.09145299196243287,7.113077316782543,0.8275226602961331,11.633820686071864,False
NPA2016,-0.04166666567325592,0.09145299196243287,7.103316123386683,0.8321204060495536,11.714534332914068,False
NPA2016,-0.013888888557751973,0.09145299196243287,7.101096284311425,0.8279010656760267,11.658778201685886,False
NPA2016,0.013888888557751973,0.09145299196243287,7.08683970445317,0.8287099271114559,11.69364571052338,False
NPA2016,0.04166666567325592,0.09145299196243287,7.081965331603123,0.8285238736821705,11.699067065252352,False
NPA2016,0.06944444278875987,0.09145299196243287,7.097056018465294,0.8117726483135572,11.43816036116197,False
NPA2016,0.09722221990426382,0.09145299196243287,7.083381431039534,0.8176353169465899,11.543008447401885,False
NPA2016,0.12499999701976776,0.09145299196243287,7.074438416052708,0.8224078285624953,11.62506166844789,False
NPA2016,0.15277777413527172,0.09145299196243287,7.062964856922686,0.8203586862527776,11.614933712273993,False
NPA2016,0.18055555125077566,0.09145299196243287,7.0633177504895555,0.8239374382013606,11.665020140772427,False
NPA2016,0.2083333283662796,0.09145299196243287,7.059299664933559,0.8142221466941113,11.534035744915139,False
NPA2016,0.23611110548178355,0.09145299196243287,7.066219093945347,0.8025356133750251,11.357355365087301,False
NPA2016,0.2638888825972875,0.09145299196243287,7.049786088787373,0.8142518840118768,11.550022564612814,False
NPA2016,0.29166665971279143,0.09145299196243287,7.031445885001907,0.8194909998431267,11.654658419417025,False
NPA2016,0.3194444368282954,0.09145299196243287,7.029024362623545,0.8177111886201172,11.633352602506998,False
NPA2016,0.3472222139437993,0.09145299196243287,7.046151124927329,0.8053461696747874,11.42958979159127,False
NPA2016,0.37499999105930326,0.09145299196243287,7.042060441736403,0.8115490056856165,11.524311845944736,False
NPA2016,0.4027777681748072,0.09145299196243287,7.031005746176029,0.813428383510968,11.56916112539617,False
NPA2016,0.4305555452903112,0.09145299196243287,7.044619571024366,0.8024111873317468,11.390411919930933,False
NPA2016,0.45833332240581515,0.09145299196243287,7.032960312880679,0.8045822710767685,11.44016509809102,False
NPA2016,0.4861110995213191,0.09145299196243287,7.024213745924287,0.8131427303050139,11.57628112864347,False
NPA2016,0.513888876636823,0.09145299196243287,7.016542540137858,0.8115094671861665,11.565660188674952,False
NPA2016,0.5416666537523269,0.09145299196243287,7.013404579073987,0.8121242096506759,11.579600185533636,False
NPA2016,-0.5416666537523269,0.12051282127698262,7.433119576639983,0.8395153290520241,11.294252976776582,False
NPA2016,-0.513888876636823,0.12051282127698262,7.435484123659259,0.8338635721235125,11.214650697325938,False
NPA2016,-0.4861110995213191,0.12051282127698262,7.4151670614903376,0.8527370139161643,11.499902926594036,False
NPA2016,-0.45833332240581515,0.12051282127698262,7.400638122150551,0.8609126808697932,11.632952005760561,False
NPA2016,-0.4305555452903112,0.12051282127698262,7.394547453481545,0.8594424638103371,11.622651274023392,False
NPA2016,-0.4027777681748072,0.12051282127698262,7.403119850162481,0.84825842449268,11.45812092281692,False
NPA2016,-0.37499999105930326,0.12051282127698262,7.391803126429467,0.8518866039676355,11.524746931120315,False
NPA2016,-0.3472222139437993,0.12051282127698262,7.391490959383991,0.8323455952461437,11.260861980618747,False
NPA2016,-0.3194444368282954,0.12051282127698262,7.390923628499207,0.8378662450461399,11.336421361673251,False
NPA2016,-0.29166665971279143,0.12051282127698262,7.387785026949942,0.830244628421633,11.238072377484984,False
NPA2016,-0.2638888825972875,0.12051282127698262,7.393491487882379,0.8272294600748354,11.188617197039175,False
NPA2016,-0.23611110548178355,0.12051282127698262,7.383440488737848,0.8385522813426448,11.357202412909134,False
NPA2016,-0.2083333283662796,0.12051282127698262,7.376023360750057,0.8352239354502049,11.323499053631958,False
NPA2016,-0.18055555125077566,0.12051282127698262,7.370574611675096,0.8362268844034533,11.345477502918943,False
NPA2016,-0.15277777413527172,0.12051282127698262,7.351205426221598,0.8512917650917542,11.580301674813958,False
NPA2016,-0.12499999701976776,0.12051282127698262,7.333993061643149,0.8539547533260211,11.643790035638462,False
NPA2016,-0.09722221990426382,0.12051282127698262,7.334675401439429,0.8479219513477739,11.56045639294916,False
NPA2016,-0.06944444278875987,0.12051282127698262,7.333416485489934,0.849862902587494,11.588908174914819,False
NPA2016,-0.04166666567325592,0.12051282127698262,7.321322128862491,0.8537500937138122,11.661146425289974,False
NPA2016,-0.013888888557751973,0.12051282127698262,7.331082528613336,0.845180776143987,11.528730891314245,False
NPA2016,0.013888888557751973,0.12051282127698262,7.312863891753606,0.8481967858521081,11.598695099584475,False
NPA2016,0.04166666567325592,0.12051282127698262,7.2958419184410985,0.850080509831004,11.65157523057518,False
NPA2016,0.06944444278875987,0.12051282127698262,7.295933201543217,0.8463846154694619,11.600772541207434,False
NPA2016,0.09722221990426382,0.12051282127698262,7.291329614808303,0.8400416948338948,11.521104369329494,False
NPA2016,0.12499999701976776,0.12051282127698262,7.291085436687122,0.8449373903685536,11.588636530262235,False
NPA2016,0.15277777413527172,0.12051282127698262,7.301051529736874,0.8393832515547504,11.49674465569758,False
NPA2016,0.18055555125077566,0.12051282127698262,7.287541421762937,0.84443457851723,11.587372608208819,False
NPA2016,0.2083333283662796,0.12051282127698262,7.289359244821086,0.8367199186253824,11.478648404108382,False
NPA2016,0.23611110548178355,0.12051282127698262,7.283790864200379,0.83711337038233,11.492825452975564,False
NPA2016,0.2638888825972875,0.12051282127698262,7.262949119124405,0.8417924557874236,11.590229285385757,False
NPA2016,0.29166665971279143,0.12051282127698262,7.2663824971465365,0.8434778875286743,11.607947804287798,False
NPA2016,0.3194444368282954,0.12051282127698262,7.265908899916985,0.8402247564139073,11.5639318905238,False
NPA2016,0.3472222139437993,0.12051282127698262,7.267923087464105,0.8269172957616822,11.377628599124415,False
NPA2016,0.37499999105930326,0.12051282127698262,7.267531931852603,0.8262507653889175,11.369069625515822,False
NPA2016,0.4027777681748072,0.12051282127698262,7.255225811237881,0.8305571897600856,11.447709711165787,False
NPA2016,0.4305555452903112,0.12051282127698262,7.240372006532006,0.8423304903148874,11.633801268152615,False
NPA2016,0.45833332240581515,0.12051282127698262,7.251703837367871,0.8329380831011038,11.486101773889223,False
NPA2016,0.4861110995213191,0.12051282127698262,7.2495511100302545,0.8299743942235059,11.448631530787873,False
NPA2016,0.513888876636823,0.12051282127698262,7.222232956952959,0.8361612342530541,11.57759988132297,False
NPA2016,0.5416666537523269,0.12051282127698262,7.229897256635341,0.8315504852068341,11.501553282014717,False
NPA2016,-0.5416666537523269,0.14957265059153238,7.610750060745744,0.8566204465948688,11.255401107087891,False
NPA2016,-0.513888876636823,0.14957265059153238,7.601138796642838,0.8631028996866057,11.354915661687544,False
NPA2016,-0.4861110995213191,0.14957265059153238,7.604832838325032,0.8529009235836543,11.21524879922944,False
NPA2016,-0.45833332240581515,0.14957265059153238,7.590982006007987,0.8660463184496073,11.408883827733526,False
NPA2016,-0.4305555452903112,0.14957265059153238,7.587558680822926,0.8640032639919903,11.387104869128773,False
NPA2016,-0.4027777681748072,0.14957265059153238,7.591147404417164,0.8526552146207862,11.232231034331386,False
NPA2016,-0.37499999105930326,0.14957265059153238,7.58129858982515,0.8594749572281684,11.336777559212196,False
NPA2016,-0.3472222139437993,0.14957265059153238,7.568245412535118,0.8595877140944046,11.357820303642486,False
NPA2016,-0.3194444368282954,0.14957265059153238,7.552642392996421,0.8614833451089493,11.406383359389615,False
NPA2016,-0.29166665971279143,0.14957265059153238,7.5584020559931195,0.8586754402146852,11.360542001517826,False
NPA2016,-0.2638888825972875,0.14957265059153238,7.560238634136495,0.852599189562842,11.277411082146655,False
NPA2016,-0.23611110548178355,0.14957265059153238,7.549903691077586,0.8558227652068864,11.335545461570467,False
NPA2016,-0.2083333283662796,0.14957265059153238,7.547081419729378,0.860828758356091,11.40611463533089,False
NPA2016,-0.18055555125077566,0.14957265059153238,7.522570653675119,0.8679485592272562,11.537924988490786,False
NPA2016,-0.15277777413527172,0.14957265059153238,7.514669513607165,0.8727325416370743,11.613718208855046,True
NPA2016,-0.12499999701976776,0.14957265059153238,7.516069308511454,0.8691487409847056,11.563873419853273,True
NPA2016,-0.09722221990426382,0.14957265059153238,7.515873278188781,0.8678894674261662,11.547420177303938,True
NPA2016,-0.06944444278875987,0.14957265059153238,7.51392900102243,0.8637278261386796,11.495022457906522,True
NPA2016,-0.04166666567325592,0.14957265059153238,7.497639965857832,0.8742770282216529,11.660696328482928,True
NPA2016,-0.013888888557751973,0.14957265059153238,7.4931952752122974,0.8686915214468801,11.593071974522488,True
NPA2016,0.013888888557751973,0.14957265059153238,7.4795679305512675,0.8685653963991197,11.612507626962667,True
NPA2016,0.04166666567325592,0.14957265059153238,7.459118900529698,0.875282614650793,11.73439686808902,True
NPA2016,0.06944444278875987,0.14957265059153238,7.468879871147985,0.8503284180906983,11.384952399294658,True
NPA2016,0.09722221990426382,0.14957265059153238,7.4674076735390775,0.866461318380395,11.603241128118928,True
NPA2016,0.12499999701976776,0.14957265059153238,7.462618025777002,0.8638213402210155,11.575312272948276,True
NPA2016,0.15277777413527172,0.14957265059153238,7.472050817213161,0.8524633979438001,11.408693795015463,True
NPA2016,0.18055555125077566,0.14957265059153238,7.462509616650487,0.8589734748763665,11.510517493469079,False
NPA2016,0.2083333283662796,0.14957265059153238,7.460645428014231,0.8570852467004627,11.488084442160517,False
NPA2016,0.23611110548178355,0.14957265059153238,7.445357012150563,0.864145198764054,11.606497812714679,False
NPA2016,0.2638888825972875,0.14957265059153238,7.434367938502964,0.8660448862841328,11.649206676990561,False
NPA2016,0.29166665971279143,0.14957265059153238,7.432326613865192,0.862399590983282,11.603359698623226,False
NPA2016,0.3194444368282954,0.14957265059153238,7.432604292160887,0.8597135967226093,11.5667882067843,False
NPA2016,0.3472222139437993,0.14957265059153238,7.440868016619195,0.8483556752827326,11.4012998670038,False
NPA2016,0.37499999105930326,0.14957265059153238,7.441771477060023,0.8401660971999355,11.289866932756917,False
NPA2016,0.4027777681748072,0.14957265059153238,7.422914025568272,0.8530668471258958,11.49234443760903,False
NPA2016,0.4305555452903112,0.14957265059153238,7.411404794182708,0.8543438423432843,11.527421130928756,False
NPA2016,0.45833332240581515,0.14957265059153238,7.407290190252082,0.8561678292713605,11.558448599706118,False
NPA2016,0.4861110995213191,0.14957265059153238,7.401394953191014,0.8592235751729681,11.608941025401235,False
NPA2016,0.513888876636823,0.14957265059153238,7.404478821080372,0.852256322571556,11.51001094290665,False
NPA2016,0.5416666537523269,0.14957265059153238,7.3989618742271475,0.855397392789399,11.561046094439414,False
NPA2016,-0.5416666537523269,0.17863247990608216,7.745162493299627,0.8814295919002881,11.380388631779084,False
NPA2016,-0.513888876636823,0.17863247990608216,7.736655314747147,0.888664776094704,11.486420681050436,False
NPA2016,-0.4861110995213191,0.17863247990608216,7.741551436255763,0.8803127028489514,11.371269830052547,False
NPA2016,-0.45833332240581515,0.17863247990608216,7.741311268130493,0.8725316595436479,11.271109367939962,False
NPA2016,-0.4305555452903112,0.17863247990608216,7.7367851105187135,0.874769827520853,11.306632083286646,False
NPA2016,-0.4027777681748072,0.17863247990608216,7.737920078607346,0.8712284101771779,11.2592066256386,False
NPA2016,-0.37499999105930326,0.17863247990608216,7.710764455678372,0.8877381970251778,11.512972573963513,False
NPA2016,-0.3472222139437993,0.17863247990608216,7.696808012877819,0.8914789220765567,11.58244977119073,False
NPA2016,-0.3194444368282954,0.17863247990608216,7.6993178804793425,0.8810469522282022,11.443181927349519,False
NPA2016,-0.29166665971279143,0.17863247990608216,7.702530346710864,0.8678587724122416,11.267190563979211,False
NPA2016,-0.2638888825972875,0.17863247990608216,7.695930881958985,0.8713504750634514,11.32222324275411,False
NPA2016,-0.23611110548178355,0.17863247990608216,7.688616189874561,0.8777610448383942,11.416372246469424,False
NPA2016,-0.2083333283662796,0.17863247990608216,7.701905093662425,0.8650549816090946,11.231701391918111,True
NPA2016,-0.18055555125077566,0.17863247990608216,7.672765901176152,0.8888788270771472,11.584855298933226,True
NPA2016,-0.15277777413527172,0.17863247990608216,7.673696846797482,0.8834941487267167,11.513279275495899,True
NPA2016,-0.12499999701976776,0.17863247990608216,7.6536286828491935,0.8875295884655399,11.596193455979654,True
NPA2016,-0.09722221990426382,0.17863247990608216,7.645135873448871,0.890742614342541,11.651102466812135,True
NPA2016,-0.06944444278875987,0.17863247990608216,7.637325807629137,0.8912133966671614,11.669181322301368,True
NPA2016,-0.04166666567325592,0.17863247990608216,7.644970294032868,0.8852511733155382,11.57952404349437,True
NPA2016,-0.013888888557751973,0.17863247990608216,7.635264795025234,0.8839668038507154,11.577421708107163,True
NPA2016,0.013888888557751973,0.17863247990608216,7.617612765023249,0.8882569216138221,11.660568067890113,True
NPA2016,0.04166666567325592,0.17863247990608216,7.6092410630698915,0.8916553717242698,11.718059190577648,True
NPA2016,0.06944444278875987,0.17863247990608216,7.605189198867492,0.8885579983937949,11.683575190030938,True
NPA2016,0.09722221990426382,0.17863247990608216,7.621249399714842,0.8770560989127224,11.50803566335906,True
NPA2016,0.12499999701976776,0.17863247990608216,7.6131232960896345,0.8774981260134748,11.526125243028552,True
NPA2016,0.15277777413527172,0.17863247990608216,7.60072445824226,0.8794390090417871,11.570462971962094,True
NPA2016,0.18055555125077566,0.17863247990608216,7.585325753566435,0.8855426054394343,11.674417608539406,True
NPA2016,0.2083333283662796,0.17863247990608216,7.590612125652739,0.8764509281024407,11.54651184376085,True
NPA2016,0.23611110548178355,0.17863247990608216,7.576715275847558,0.8781000252072203,11.589455235388833,False
NPA2016,0.2638888825972875,0.17863247990608216,7.57792616931088,0.8784586959892551,11.592336430339492,False
NPA2016,0.29166665971279143,0.17863247990608216,7.578742468034281,0.8786139846934632,11.593136835026296,False
NPA2016,0.3194444368282954,0.17863247990608216,7.583250580664282,0.8715783357746608,11.493466113291904,False
NPA2016,0.3472222139437993,0.17863247990608216,7.590992448705776,0.8622949781136706,11.359449820829257,False
NPA2016,0.37499999105930326,0.17863247990608216,7.581893698286023,0.8649086432291401,11.407554334673183,False
NPA2016,0.4027777681748072,0.17863247990608216,7.56205141685241,0.8744299764051934,11.563396335238906,False
NPA2016,0.4305555452903112,0.17863247990608216,7.538542787771143,0.880416736273752,11.67887164747469,False
NPA2016,0.45833332240581515,0.17863247990608216,7.539655742653016,0.8776058749814594,11.639866658854265,False
NPA2016,0.4861110995213191,0.17863247990608216,7.545516212492282,0.8717296484936295,11.552949115004253,False
NPA2016,0.513888876636823,0.17863247990608216,7.535433690324039,0.8757627304493775,11.621928696339147,False
NPA2016,0.5416666537523269,0.17863247990608216,7.540376219181564,0.8661575913968149,11.486928055306345,False
NPA2016,-0.5416666537523269,0.20769230922063192,7.857786069859953,0.8993073485491501,11.444792980539594,False
NPA2016,-0.513888876636823,0.20769230922063192,7.850851826140921,0.9055498733714032,11.534415544007604,False
NPA2016,-0.4861110995213191,0.20769230922063192,7.842179193484849,0.9128602974132725,11.640390698693311,False
NPA2016,-0.45833332240581515,0.20769230922063192,7.8589144242400435,0.8971108579346067,11.415200745379757,False
NPA2016,-0.4305555452903112,0.20769230922063192,7.853800802222199,0.8936684883555852,11.378802580563613,False
NPA2016,-0.4027777681748072,0.20769230922063192,7.8495093129147895,0.8925868925414444,11.371244455661351,False
NPA2016,-0.37499999105930326,0.20769230922063192,7.837112828155336,0.8920691269145224,11.382624526084482,False
NPA2016,-0.3472222139437993,0.20769230922063192,7.832256500287026,0.8912999278822961,11.37986131901621,False
NPA2016,-0.3194444368282954,0.20769230922063192,7.836599813222579,0.8867767717627595,11.315835858640048,False
NPA2016,-0.29166665971279143,0.20769230922063192,7.821189287412888,0.8912535841047393,11.39537161616952,False
NPA2016,-0.2638888825972875,0.20769230922063192,7.815091545556495,0.8954834291090638,11.458386941330428,True
NPA2016,-0.23611110548178355,0.20769230922063192,7.827136027859364,0.8864760562009887,11.325675867210272,True
NPA2016,-0.2083333283662796,0.20769230922063192,7.81737970772248,0.8921715089339299,11.412666933046491,True
NPA2016,-0.18055555125077566,0.20769230922063192,7.784439484634373,0.9020442292118226,11.58778651940655,True
NPA2016,-0.15277777413527172,0.20769230922063192,7.779591302070359,0.9030254340650891,11.6076204906133,True
NPA2016,-0.12499999701976776,0.20769230922063192,7.7761554734951845,0.9041908715484205,11.627736541923971,True
NPA2016,-0.09722221990426382,0.20769230922063192,7.761646027191176,0.9016786546771575,11.617106107626265,True
NPA2016,-0.06944444278875987,0.20769230922063192,7.745711918438639,0.897106238709051,11.581972685731998,True
NPA2016,-0.04166666567325592,0.20769230922063192,7.746524931193071,0.8947230699687284,11.549992776321302,True
NPA2016,-0.013888888557751973,0.20769230922063192,7.750482003546877,0.8934458929035195,11.527617153289938,True
NPA2016,0.013888888557751973,0.20769230922063192,7.736803141576812,0.8958366467265438,11.578899324869813,True
NPA2016,0.04166666567325592,0.20769230922063192,7.741864355175514,0.892325964944136,11.52598294166194,True
NPA2016,0.06944444278875987,0.20769230922063192,7.729768077091709,0.8992314189445901,11.633355748532653,True
NPA2016,0.09722221990426382,0.20769230922063192,7.739369636447554,0.8958895033599782,11.575742540334334,True
NPA2016,0.12499999701976776,0.20769230922063192,7.7321006973030295,0.8939763680528126,11.561882120400128,True
NPA2016,0.15277777413527172,0.20769230922063192,7.699642439526231,0.8995859470992744,11.683476916814167,True
NPA2016,0.18055555125077566,0.20769230922063192,7.707909853737772,0.9000067149319608,11.676404265360258,True
NPA2016,0.2083333283662796,0.20769230922063192,7.707219020547275,0.8937495478597026,11.596265079232678,True
NPA2016,0.23611110548178355,0.20769230922063192,7.7162309712631,0.8874259970272322,11.500770263775115,True
NPA2016,0.2638888825972875,0.20769230922063192,7.7240117418346514,0.8784411617323248,11.372861552948292,True
NPA2016,0.29166665971279143,0.20769230922063192,7.722206672791377,0.8728311250552756,11.302871860845572,False
NPA2016,0.3194444368282954,0.20769230922063192,7.709134044236259,0.8750945718622181,11.351399091529396,False
NPA2016,0.3472222139437993,0.20769230922063192,7.697150268816545,0.8881219025703911,11.538320957152653,False
NPA2016,0.37499999105930326,0.20769230922063192,7.7110073667522,0.8714073126316835,11.300823241188416,False
NPA2016,0.4027777681748072,0.20769230922063192,7.6888899417158765,0.8820749187807781,11.472071072250666,False
NPA2016,0.4305555452903112,0.20769230922063192,7.688293649749265,0.8781975778578308,11.422529079472286,False
NPA2016,0.45833332240581515,0.20769230922063192,7.681502638072897,0.8824261010464487,11.487675558070602,False
NPA2016,0.4861110995213191,0.20769230922063192,7.677856075856637,0.8759827466839574,11.409210305967111,False
NPA2016,0.513888876636823,0.20769230922063192,7.6744219041895105,0.8765551909747278,11.421774850509735,False
NPA2016,0.5416666537523269,0.20769230922063192,7.6662247484485855,0.878409947873565,11.458181526067689,False
NPA2016,-0.5416666537523269,0.23675213853518168,7.961275557911333,0.9179801613585905,11.530566360642663,False
NPA2016,-0.513888876636823,0.23675213853518168,7.956866107889819,0.9241088886902409,11.613980632072202,False
NPA2016,-0.4861110995213191,0.23675213853518168,7.955442364398616,0.9216863923030485,11.585608317994803,False
NPA2016,-0.45833332240581515,0.23675213853518168,7.949900160140387,0.9213061835436248,11.588902564624856,False
NPA2016,-0.4305555452903112,0.23675213853518168,7.956724825150716,0.9125001128141548,11.468287930855649,False
NPA2016,-0.4027777681748072,0.23675213853518168,7.948374816161633,0.9164682981923191,11.530260202737807,False
NPA2016,-0.37499999105930326,0.23675213853518168,7.93485530975965,0.9138591920920797,11.517024021446975,False
NPA2016,-0.3472222139437993,0.23675213853518168,7.953250497829795,0.8987333564293929,11.300201806476867,False
NPA2016,-0.3194444368282954,0.23675213853518168,7.95498916523873,0.8887791552124981,11.172600449240534,False
NPA2016,-0.29166665971279143,0.23675213853518168,7.941393580302608,0.9017436673301618,11.354980183412602,True
NPA2016,-0.2638888825972875,0.23675213853518168,7.9332601389417,0.9001489378258615,11.346519867756937,True
NPA2016,-0.23611110548178355,0.23675213853518168,7.926999922631541,0.9081264328771593,11.456117594809902,True
NPA2016,-0.2083333283662796,0.23675213853518168,7.905850688838702,0.9165209838362349,11.592945780397272,True
NPA2016,-0.18055555125077566,0.23675213853518168,7.8931615857639,0.914255546386764,11.58288141516974,True
NPA2016,-0.15277777413527172,0.23675213853518168,7.86243712213714,0.9117186972612252,11.59587902705421,True
NPA2016,-0.12499999701976776,0.23675213853518168,7.877539490897274,0.9138733455628429,11.600999863204116,True
NPA2016,-0.09722221990426382,0.23675213853518168,7.877996226650784,0.9085729229236451,11.533045926704027,True
NPA2016,-0.06944444278875987,0.23675213853518168,7.869494715002321,0.9049777200947289,11.499819910539987,True
NPA2016,-0.04166666567325592,0.23675213853518168,7.860503023120188,0.9014196098405995,11.467708964543919,True
NPA2016,-0.013888888557751973,0.23675213853518168,7.845810578980448,0.8959931217237063,11.420019801703386,True
NPA2016,0.013888888557751973,0.23675213853518168,7.847937255268009,0.9062527887618598,11.547655890769619,True
NPA2016,0.04166666567325592,0.23675213853518168,7.846616936255496,0.9096453692200678,11.592835187570172,True
NPA2016,0.06944444278875987,0.23675213853518168,7.841105489223116,0.9047765643855058,11.538890346890991,True
NPA2016,0.09722221990426382,0.23675213853518168,7.8272667843591615,0.9150226725565839,11.690194007249481,True
NPA2016,0.12499999701976776,0.23675213853518168,7.823096402498781,0.9142813957703483,11.686950393175739,True
NPA2016,0.15277777413527172,0.23675213853518168,7.8378697845081176,0.9044525587821255,11.539520094730515,True
NPA2016,0.18055555125077566,0.23675213853518168,7.824836114177544,0.9063730644195492,11.583284955672411,True
NPA2016,0.2083333283662796,0.23675213853518168,7.836268654390708,0.8969805191127019,11.446525874404758,True
NPA2016,0.23611110548178355,0.23675213853518168,7.837712921263956,0.8923475405574267,11.385305248122325,True
NPA2016,0.2638888825972875,0.23675213853518168,7.833334632252703,0.8809149883038854,11.245721390183386,True
NPA2016,0.29166665971279143,0.23675213853518168,7.8371388374345985,0.8650392915242573,11.03769257464652,True
NPA2016,0.3194444368282954,0.23675213853518168,7.824327652260992,0.8799434408027372,11.246249900443015,False
NPA2016,0.3472222139437993,0.23675213853518168,7.813876642097196,0.8930379039354245,11.428871286810315,False
NPA2016,0.37499999105930326,0.23675213853518168,7.806227310281717,0.8914725136387662,11.420017355433558,False
NPA2016,0.4027777681748072,0.23675213853518168,7.794191836546122,0.8947003326139358,11.47906481360624,False
NPA2016,0.4305555452903112,0.23675213853518168,7.79747573083039,0.8887916063799941,11.398453000190901,False
NPA2016,0.45833332240581515,0.23675213853518168,7.790883896209699,0.893793116356289,11.472294135856952,False
NPA2016,0.4861110995213191,0.23675213853518168,7.793392566381941,0.8798278623247221,11.289407723665837,False
NPA2016,0.513888876636823,0.23675213853518168,7.768047080685345,0.8920806930059852,11.48397639381043,False
NPA2016,0.5416666537523269,0.23675213853518168,7.770150574183795,0.8898975871500628,11.452771457309126,False
NPA2016,-0.5416666537523269,0.26581196784973143,8.076152780040585,0.9183881332777835,11.371604256267776,False
NPA2016,-0.513888876636823,0.26581196784973143,8.073788233021238,0.9200500124729809,11.395518261304398,False
NPA2016,-0.4861110995213191,0.26581196784973143,8.048914367403512,0.933188764582216,11.593970590138754,False
NPA2016,-0.45833332240581515,0.26581196784973143,8.046590881071923,0.9337342400872554,11.604097361078564,False
NPA2016,-0.4305555452903112,0.26581196784973143,8.039161834485038,0.927893622526487,11.542168718959802,False
NPA2016,-0.4027777681748072,0.26581196784973143,8.0409029524471,0.9266349079261047,11.524015566486852,False
NPA2016,-0.37499999105930326,0.26581196784973143,8.03481204707686,0.9267052918335009,11.533627499981721,False
NPA2016,-0.3472222139437993,0.26581196784973143,8.039571926188525,0.9191303175455472,11.432577828572235,True
NPA2016,-0.3194444368282954,0.26581196784973143,8.041300568607587,0.9153110887844874,11.382624999216768,True
NPA2016,-0.29166665971279143,0.26581196784973143,8.033545473148958,0.9103463686676436,11.331813228796097,True
NPA2016,-0.2638888825972875,0.26581196784973143,8.012177694577044,0.924937831220983,11.544150248277909,True
NPA2016,-0.23611110548178355,0.26581196784973143,8.010984303075166,0.921521778057598,11.503227858077999,True
NPA2016,-0.2083333283662796,0.26581196784973143,7.991428792046114,0.9262386309887584,11.59040085435843,True
NPA2016,-0.18055555125077566,0.26581196784973143,7.972699159175188,0.9293989747235841,11.657268839173591,True
NPA2016,-0.15277777413527172,0.26581196784973143,7.968556777668427,0.9285410472160396,11.65256235380339,True
NPA2016,-0.12499999701976776,0.26581196784973143,7.994110281904684,0.9147749096317213,11.443110957605732,True
NPA2016,-0.09722221990426382,0.26581196784973143,7.98978153305163,0.9096355637293062,11.384986685385359,True
NPA2016,-0.06944444278875987,0.26581196784973143,7.969520736138437,0.9241726939080145,11.59633966089427,True
NPA2016,-0.04166666567325592,0.26581196784973143,7.951816604036324,0.9180716971988505,11.54543348915818,True
NPA2016,-0.013888888557751973,0.26581196784973143,7.937445864606015,0.9129190377342515,11.501420649746573,True
NPA2016,0.013888888557751973,0.26581196784973143,7.922282552261712,0.9175256857775016,11.581582450824852,True
NPA2016,0.04166666567325592,0.26581196784973143,7.92802451836664,0.8973754311620175,11.319029464188613,True
NPA2016,0.06944444278875987,0.26581196784973143,7.924071664862673,0.9114152098635763,11.501854708167526,True
NPA2016,0.09722221990426382,0.26581196784973143,7.926113769221873,0.9207444988004223,11.616594533071082,True
NPA2016,0.12499999701976776,0.26581196784973143,7.942317800826609,0.9137900296897021,11.50533197745623,True
NPA2016,0.15277777413527172,0.26581196784973143,7.945838521572897,0.9093753465378985,11.44467439237471,True
NPA2016,0.18055555125077566,0.26581196784973143,7.941609507445429,0.9085661013100134,11.440578895980885,True
NPA2016,0.2083333283662796,0.26581196784973143,7.93779285456774,0.899129395023328,11.327196507854588,True
NPA2016,0.23611110548178355,0.26581196784973143,7.928190028164537,0.9042979565968167,11.406108498715835,True
NPA2016,0.2638888825972875,0.26581196784973143,7.931788818519442,0.8944000928843416,11.276146066774526,True
NPA2016,0.29166665971279143,0.26581196784973143,7.941429294329021,0.8639391677547311,10.878887612481428,True
NPA2016,0.3194444368282954,0.26581196784973143,7.928784301209621,0.881200701798692,11.113944689657599,True
NPA2016,0.3472222139437993,0.26581196784973143,7.915568008980318,0.8913540801027539,11.260772178212616,True
NPA2016,0.37499999105930326,0.26581196784973143,7.901763389081875,0.8972608455865068,11.355197585722212,False
NPA2016,0.4027777681748072,0.26581196784973143,7.8919523909793945,0.9009118328521817,11.41557612387444,False
NPA2016,0.4305555452903112,0.26581196784973143,7.888609906198748,0.8958892303283629,11.356743976202791,False
NPA2016,0.45833332240581515,0.26581196784973143,7.890050622554771,0.8999741296960027,11.406443035020656,False
NPA2016,0.4861110995213191,0.26581196784973143,7.892875149525707,0.8870321708930724,11.238391005670161,False
NPA2016,0.513888876636823,0.26581196784973143,7.863582282298928,0.9011346479198663,11.459594566058492,False
NPA2016,0.5416666537523269,0.26581196784973143,7.869157262704597,0.8904730931890291,11.315990562412233,False
NPA2016,-0.5416666537523269,0.2948717971642812,8.155518035014998,0.941336875425726,11.542330865852776,False
NPA2016,-0.513888876636823,0.2948717971642812,8.152046255712236,0.9390483592472241,11.519173588952857,False
NPA2016,-0.4861110995213191,0.2948717971642812,8.13878603453425,0.9477337037573919,11.644656828868543,False
NPA2016,-0.45833332240581515,0.2948717971642812,8.136522670294601,0.940223797395566,11.555597341702278,False
NPA2016,-0.4305555452903112,0.2948717971642812,8.124906422142223,0.9485152478212602,11.6741682739427,False
NPA2016,-0.4027777681748072,0.2948717971642812,8.135428289491276,0.937852712180997,11.528006624954747,False
NPA2016,-0.37499999105930326,0.2948717971642812,8.131059663456368,0.9349876555895199,11.498964394415394,True
NPA2016,-0.3472222139437993,0.2948717971642812,8.132505977098317,0.9324720285193325,11.465986390237356,True
NPA2016,-0.3194444368282954,0.2948717971642812,8.117812906396711,0.9348376666454188,11.515880908129592,True
NPA2016,-0.29166665971279143,0.2948717971642812,8.116205287883012,0.9274920149253222,11.427655930660228,True
NPA2016,-0.2638888825972875,0.2948717971642812,8.104102396090555,0.9287076894429778,11.45972303966679,True
NPA2016,-0.23611110548178355,0.2948717971642812,8.086966708761057,0.9351264044766391,11.563376456880489,True
NPA2016,-0.2083333283662796,0.2948717971642812,8.075582678359961,0.939779419476186,11.637295498125495,True
NPA2016,-0.18055555125077566,0.2948717971642812,8.073282026727496,0.9423296363527306,11.672200144043572,True
NPA2016,-0.15277777413527172,0.2948717971642812,8.082120169181518,0.9328244496811571,11.541828507303979,True
NPA2016,-0.12499999701976776,0.2948717971642812,8.090131166430039,0.9230803467461548,11.40995526223941,True
NPA2016,-0.09722221990426382,0.2948717971642812,8.078549713346536,0.925187618357122,11.45239741272649,True
NPA2016,-0.06944444278875987,0.2948717971642812,8.059103321547504,0.9319672219562551,11.564155275990425,True
NPA2016,-0.04166666567325592,0.2948717971642812,8.032804988411458,0.9278968652046814,11.551343105469554,True
NPA2016,-0.013888888557751973,0.2948717971642812,8.020386949923736,0.9291971643756063,11.585440580076273,True
NPA2016,0.013888888557751973,0.2948717971642812,8.011945156582938,0.9152262657149389,11.423271725255784,True
NPA2016,0.04166666567325592,0.2948717971642812,8.021621304648106,0.9112025844359786,11.359331858610489,True
NPA2016,0.06944444278875987,0.2948717971642812,8.041740387190742,0.9112422828059412,11.33140637389153,True
NPA2016,0.09722221990426382,0.2948717971642812,8.032244480089222,0.9205785668738103,11.46103768574017,True
NPA2016,0.12499999701976776,0.2948717971642812,8.036079915899263,0.9133526963405396,11.365649743396467,True
NPA2016,0.15277777413527172,0.2948717971642812,8.055468176680774,0.8887615711835136,11.03302193851785,True
NPA2016,0.18055555125077566,0.2948717971642812,8.032557635710138,0.9085193859747777,11.310462086643438,True
NPA2016,0.2083333283662796,0.2948717971642812,8.04205859707743,0.8830118123937108,10.979922637154207,True
NPA2016,0.23611110548178355,0.2948717971642812,8.038983403589043,0.8890683021531427,11.059461843847245,True
NPA2016,0.2638888825972875,0.2948717971642812,8.032422423659321,0.8816133594354448,10.975684705508918,True
NPA2016,0.29166665971279143,0.2948717971642812,8.000428768468453,0.9109659354520777,11.386463923563772,True
NPA2016,0.3194444368282954,0.2948717971642812,7.998486941855129,0.9093016594914789,11.368420878869124,True
NPA2016,0.3472222139437993,0.2948717971642812,7.997382730992249,0.9045900568006828,11.311076226164916,True
NPA2016,0.37499999105930326,0.2948717971642812,7.989613224610718,0.9107623144021998,11.399329214044343,True
NPA2016,0.4027777681748072,0.2948717971642812,7.9659191332169454,0.9181009161441461,11.525360737291109,False
NPA2016,0.4305555452903112,0.2948717971642812,7.980670432401399,0.8906580509152704,11.160190844358294,False
NPA2016,0.45833332240581515,0.2948717971642812,8.00103919288605,0.8713864527440587,10.890915939004934,False
NPA2016,0.4861110995213191,0.2948717971642812,7.972670225940533,0.905281424469629,11.3548083492044,False
NPA2016,0.513888876636823,0.2948717971642812,7.954560889317533,0.9161224091867196,11.516945082625659,False
NPA2016,0.5416666537523269,0.2948717971642812,7.960522082457812,0.9019401795229011,11.33016365233707,False
NPA2016,-0.5416666537523269,0.32393162647883095,8.230914814209614,0.9509546420548897,11.553450175589097,False
NPA2016,-0.513888876636823,0.32393162647883095,8.224890992729902,0.9566390430244306,11.631023971868046,False
NPA2016,-0.4861110995213191,0.32393162647883095,8.223320967928213,0.9540244543777682,11.601449804751152,False
NPA2016,-0.45833332240581515,0.32393162647883095,8.229702639775295,0.9449303914578219,11.481950597957722,False
NPA2016,-0.4305555452903112,0.32393162647883095,8.206173278458047,0.9566669696975483,11.657893846927243,False
NPA2016,-0.4027777681748072,0.32393162647883095,8.21569565431753,0.9488515626538924,11.549254044668144,False
NPA2016,-0.37499999105930326,0.32393162647883095,8.20537665377729,0.9497998010151484,11.575334577455559,True
NPA2016,-0.3472222139437993,0.32393162647883095,8.197535997814859,0.9528021346014319,11.623030808957857,True
NPA2016,-0.3194444368282954,0.32393162647883095,8.19682769051008,0.9452405221187227,11.53178470755314,True
NPA2016,-0.29166665971279143,0.32393162647883095,8.18902422447535,0.946873248663494,11.562711535685533,True
NPA2016,-0.2638888825972875,0.32393162647883095,8.194267795424427,0.9333635383952464,11.390444658355253,True
NPA2016,-0.23611110548178355,0.32393162647883095,8.171116988863336,0.9395715072293718,11.498691164377433,True
NPA2016,-0.2083333283662796,0.32393162647883095,8.164825778626172,0.9491241633376781,11.62454887674749,True
NPA2016,-0.18055555125077566,0.32393162647883095,8.171040144531297,0.9426982493258639,11.537065448843641,True
NPA2016,-0.15277777413527172,0.32393162647883095,8.170942345185695,0.9382432301168504,11.482680827746405,True
NPA2016,-0.12499999701976776,0.32393162647883095,8.183432869919605,0.9149653968477324,11.180703885418701,True
NPA2016,-0.09722221990426382,0.32393162647883095,8.170966683633317,0.924287427688326,11.311849178625346,True
NPA2016,-0.06944444278875987,0.32393162647883095,8.126633491194786,0.94473683405231,11.625193077501688,True
NPA2016,-0.04166666567325592,0.32393162647883095,8.113957740849616,0.9354594521405472,11.52901558053462,True
NPA2016,-0.013888888557751973,0.32393162647883095,8.098976618772507,0.9233055570871068,11.400274387099593,True
NPA2016,0.013888888557751973,0.32393162647883095,8.085968902026726,0.9246169289354749,11.434831621770423,True
NPA2016,0.04166666567325592,0.32393162647883095,8.093599423062727,0.9280934808834241,11.46700537512173,True
NPA2016,0.06944444278875987,0.32393162647883095,8.126275348431907,0.9297807908328661,11.44165993602816,True
NPA2016,0.09722221990426382,0.32393162647883095,8.14228557748947,0.8937968423492119,10.977222965751077,True
NPA2016,0.12499999701976776,0.32393162647883095,8.141682532578294,0.8939790708060159,10.98027425202137,True
NPA2016,0.15277777413527172,0.32393162647883095,8.140925785079409,0.8746170340160357,10.743459123764811,True
NPA2016,0.18055555125077566,0.32393162647883095,8.13829519989162,0.8793596077293078,10.805206571285574,True
NPA2016,0.2083333283662796,0.32393162647883095,8.125308326770647,0.893284514884194,10.993853758645297,True
NPA2016,0.23611110548178355,0.32393162647883095,8.109606018061449,0.906977305762507,11.18398728301371,True
NPA2016,0.2638888825972875,0.32393162647883095,8.099737780051598,0.9134774171498256,11.277864073570125,True
NPA2016,0.29166665971279143,0.32393162647883095,8.079385630418205,0.9254542705064603,11.454512915217254,True
NPA2016,0.3194444368282954,0.32393162647883095,8.072622911491084,0.9259526464707314,11.470282417783588,True
NPA2016,0.3472222139437993,0.32393162647883095,8.05910735939064,0.9321284903591243,11.566150552306373,True
NPA2016,0.37499999105930326,0.32393162647883095,8.04551389084124,0.9378251504309199,11.656497809276178,True
NPA2016,0.4027777681748072,0.32393162647883095,8.03699285830969,0.9361581205836342,11.648114376706358,False
NPA2016,0.4305555452903112,0.32393162647883095,8.054403369597512,0.9213743873100212,11.439387190215472,False
NPA2016,0.45833332240581515,0.32393162647883095,8.053417634621775,0.9148509655503726,11.359785460739218,False
NPA2016,0.4861110995213191,0.32393162647883095,8.053197794948211,0.9036503698133838,11.221012979219829,False
NPA2016,0.513888876636823,0.32393162647883095,8.033039002306854,0.8995593387901452,11.198244382130076,False
NPA2016,0.5416666537523269,0.32393162647883095,8.062498228670968,0.8703447307093303,10.79497577579994,False
NPA2016,-0.5416666537523269,0.35299145579338076,8.30021740206508,0.9626324598984746,11.597677666358152,False
NPA2016,-0.513888876636823,0.35299145579338076,8.287719609213605,0.9690142432069394,11.692169726997871,False
NPA2016,-0.4861110995213191,0.35299145579338076,8.279734259230773,0.9664557583471669,11.672545616662765,False
NPA2016,-0.45833332240581515,0.35299145579338076,8.278438250818748,0.9574547570815846,11.565644727577585,False
NPA2016,-0.4305555452903112,0.35299145579338076,8.294640221731099,0.9561215471690603,11.526980334410657,False
NPA2016,-0.4027777681748072,0.35299145579338076,8.289380290555522,0.9553770505902991,11.52531331779777,True
NPA2016,-0.37499999105930326,0.35299145579338076,8.282190131123015,0.9575943430507101,11.562090798329285,True
NPA2016,-0.3472222139437993,0.35299145579338076,8.288477526294573,0.9476453569597935,11.433286197054402,True
NPA2016,-0.3194444368282954,0.35299145579338076,8.273188818035411,0.9580035953905552,11.579617200348718,True
NPA2016,-0.29166665971279143,0.35299145579338076,8.250729986399769,0.9641577792509347,11.685726970101078,True
NPA2016,-0.2638888825972875,0.35299145579338076,8.244266290642546,0.9585078729704721,11.626357509320183,True
NPA2016,-0.23611110548178355,0.35299145579338076,8.263457922386621,0.9410532516032241,11.38812904285271,True
NPA2016,-0.2083333283662796,0.35299145579338076,8.262400842899755,0.9466286857243819,11.457065612325763,True
NPA2016,-0.18055555125077566,0.35299145579338076,8.249155464276212,0.9485419849840074,11.498655699868463,True
NPA2016,-0.15277777413527172,0.35299145579338076,8.251178354071499,0.9399103177059259,11.391225318043602,True
NPA2016,-0.12499999701976776,0.35299145579338076,8.256086101783639,0.9168826768715769,11.105536758797783,True
NPA2016,-0.09722221990426382,0.35299145579338076,8.236679141611296,0.934640768265016,11.34730092305353,True
NPA2016,-0.06944444278875987,0.35299145579338076,8.205088672019809,0.9438034478823405,11.502659942004122,True
NPA2016,-0.04166666567325592,0.35299145579338076,8.196959992529097,0.9499205357533091,11.588693084010282,True
NPA2016,-0.013888888557751973,0.35299145579338076,8.177138164859596,0.9300185430299005,11.373398911449959,True
NPA2016,0.013888888557751973,0.35299145579338076,8.185221495194668,0.9430544170360944,11.521428193357226,True
NPA2016,0.04166666567325592,0.35299145579338076,8.18208118104297,0.9360100223815142,11.439754772296222,True
NPA2016,0.06944444278875987,0.35299145579338076,8.20996769535125,0.9177344220907566,11.178295166866585,True
NPA2016,0.09722221990426382,0.35299145579338076,8.20394884459572,0.9280816151750887,11.312620699560485,True
NPA2016,0.12499999701976776,0.35299145579338076,8.22780112197535,0.8745925728405626,10.629724271101345,True
NPA2016,0.15277777413527172,0.35299145579338076,8.222838306436977,0.8765727549661047,10.660221231395353,True
NPA2016,0.18055555125077566,0.35299145579338076,8.209755360496477,0.8863321223012636,10.796084455404083,True
NPA2016,0.2083333283662796,0.35299145579338076,8.17002191188011,0.9282137927544198,11.361215462650046,True
NPA2016,0.23611110548178355,0.35299145579338076,8.153073051375603,0.9402554452756517,11.532528156570484,True
NPA2016,0.2638888825972875,0.35299145579338076,8.164717773283991,0.9286798071538863,11.37430383929064,True
NPA2016,0.29166665971279143,0.35299145579338076,8.154010039838074,0.9271744096316049,11.370778366738646,True
NPA2016,0.3194444368282954,0.35299145579338076,8.132557452636577,0.935009916252718,11.497120330205446,True
NPA2016,0.3472222139437993,0.35299145579338076,8.136517114779416,0.9392530833396426,11.543674892953337,True
NPA2016,0.37499999105930326,0.35299145579338076,8.096829627956842,0.9439189553201073,11.657883377722698,True
NPA2016,0.4027777681748072,0.35299145579338076,8.104084685275202,0.9479975971460989,11.697775059885203,True
NPA2016,0.4305555452903112,0.35299145579338076,8.106060777860781,0.9425369444221061,11.627558320267678,False
NPA2016,0.45833332240581515,0.35299145579338076,8.108683774688226,0.9428730344670193,11.627941854265641,False
NPA2016,0.4861110995213191,0.35299145579338076,8.103620194078097,0.9355233582066159,11.544511413433106,False
NPA2016,0.513888876636823,0.35299145579338076,8.123596517980337,0.9035013902601218,11.121938272787919,False
NPA2016,0.5416666537523269,0.35299145579338076,8.141688213405828,0.8675363295179531,10.65548454790368,False
NPA2016,-0.5416666537523269,0.3820512851079305,8.36931951797052,0.9716179247769899,11.609282244401609,False
NPA2016,-0.513888876636823,0.3820512851079305,8.340658768125515,0.977777277025908,11.723022176168637,False
NPA2016,-0.4861110995213191,0.3820512851079305,8.330112659794018,0.9723257408097611,11.672420056246924,False
NPA2016,-0.45833332240581515,0.3820512851079305,8.336861580436517,0.9690843383171687,11.62409054015297,False
NPA2016,-0.4305555452903112,0.3820512851079305,8.341463315333014,0.9726219140308321,11.660087412276804,True
NPA2016,-0.4027777681748072,0.3820512851079305,8.350069950139117,0.9700426234190953,11.617179607015553,True
NPA2016,-0.37499999105930326,0.3820512851079305,8.349508286158265,0.964842049830767,11.555675098020718,True
NPA2016,-0.3472222139437993,0.3820512851079305,8.347729449171887,0.9630297890648974,11.536427898491992,True
NPA2016,-0.3194444368282954,0.3820512851079305,8.344836056090017,0.9626479765299631,11.535852472828724,True
NPA2016,-0.29166665971279143,0.3820512851079305,8.337338115544991,0.9573595422024813,11.482796174686518,True
NPA2016,-0.2638888825972875,0.3820512851079305,8.335787416696038,0.9536744840640424,11.440724629731976,True
NPA2016,-0.23611110548178355,0.3820512851079305,8.332960132852879,0.9503157611890947,11.404299865091803,True
NPA2016,-0.2083333283662796,0.3820512851079305,8.335840632683956,0.9520411984326407,11.421058059816872,True
NPA2016,-0.18055555125077566,0.3820512851079305,8.323493158986004,0.9551624858380559,11.475500340946,True
NPA2016,-0.15277777413527172,0.3820512851079305,8.321798545838043,0.9406496435751516,11.303441658601505,True
NPA2016,-0.12499999701976776,0.3820512851079305,8.320870510248458,0.9432403859460498,11.335837816299403,True
NPA2016,-0.09722221990426382,0.3820512851079305,8.313958599979049,0.9431684482754432,11.344396738730692,True
NPA2016,-0.06944444278875987,0.3820512851079305,8.291586192110184,0.9312860975656525,11.23170013539524,True
NPA2016,-0.04166666567325592,0.3820512851079305,8.282636716574348,0.9325851696429607,11.259520386506491,True
NPA2016,-0.013888888557751973,0.3820512851079305,8.270297388180657,0.9281505522472858,11.222698636855974,True
NPA2016,0.013888888557751973,0.3820512851079305,8.257789333638113,0.9374920447089872,11.35282103758826,True
NPA2016,0.04166666567325592,0.3820512851079305,8.267126650969434,0.9340416174411054,11.298261861411984,True
NPA2016,0.06944444278875987,0.3820512851079305,8.270864802607027,0.9413996510357214,11.382118720390478,True
NPA2016,0.09722221990426382,0.3820512851079305,8.27295458136242,0.9306366275937894,11.249144648882247,True
NPA2016,0.12499999701976776,0.3820512851079305,8.276395269272948,0.9178483892300869,11.089953528895638,True
NPA2016,0.15277777413527172,0.3820512851079305,8.28076899134445,0.8986094776727104,10.851763629827014,True
NPA2016,0.18055555125077566,0.3820512851079305,8.267352672720119,0.9044445053304948,10.939953103910772,True
NPA2016,0.2083333283662796,0.3820512851079305,8.25746009626265,0.9141793790822194,11.070951217747691,True
NPA2016,0.23611110548178355,0.3820512851079305,8.240061044095212,0.9302656133657919,11.289547594218563,True
NPA2016,0.2638888825972875,0.3820512851079305,8.232594932893031,0.9313506453213384,11.312965752756291,True
NPA2016,0.29166665971279143,0.3820512851079305,8.19294438537341,0.9455978719171807,11.541612239005612,True
NPA2016,0.3194444368282954,0.3820512851079305,8.192660274375909,0.9381265442167128,11.450817107001015,True
NPA2016,0.3472222139437993,0.3820512851079305,8.185991066326443,0.9467872702931538,11.565945560187808,True
NPA2016,0.37499999105930326,0.3820512851079305,8.1734989543025,0.9546832248528255,11.680226916164022,True
NPA2016,0.4027777681748072,0.3820512851079305,8.161962251659935,0.9479990656929747,11.614842564362213,True
NPA2016,0.4305555452903112,0.3820512851079305,8.164621032131777,0.950821993525557,11.645635355071686,True
NPA2016,0.45833332240581515,0.3820512851079305,8.163475342873308,0.9463768572399835,11.592818223750353,False
NPA2016,0.4861110995213191,0.3820512851079305,8.182787190954258,0.9357165538970751,11.435181339329857,False
NPA2016,0.513888876636823,0.3820512851079305,8.194331774352772,0.9158343536549016,11.17643730903535,False
NPA2016,0.5416666537523269,0.3820512851079305,8.186471875979223,0.9154721290640059,11.182743224833981,False
NPA2016,-0.5416666537523269,0.4111111144224803,8.412314471727175,0.9842311663045629,11.69988556196337,False
NPA2016,-0.513888876636823,0.4111111144224803,8.398520698310811,0.9790279245036438,11.657147248569084,False
NPA2016,-0.4861110995213191,0.4111111144224803,8.39375863319444,0.9800889962448328,11.676401944284134,False
NPA2016,-0.45833332240581515,0.4111111144224803,8.39825452090629,0.9802835410251404,11.67246763699362,False
NPA2016,-0.4305555452903112,0.4111111144224803,8.40840329154926,0.9804977893295894,11.660927233533435,True
NPA2016,-0.4027777681748072,0.4111111144224803,8.405929332904442,0.9786789272226601,11.64272132757157,True
NPA2016,-0.37499999105930326,0.4111111144224803,8.407866898897016,0.9778046167584731,11.62963958060214,True
NPA2016,-0.3472222139437993,0.4111111144224803,8.418117172562356,0.9644052415246225,11.456305748130506,True
NPA2016,-0.3194444368282954,0.4111111144224803,8.407589902857566,0.9619429007067789,11.441363242275106,True
NPA2016,-0.29166665971279143,0.4111111144224803,8.421643908302558,0.9511707134001492,11.294359198237158,True
NPA2016,-0.2638888825972875,0.4111111144224803,8.415750843322677,0.9484974877366619,11.270503433323835,True
NPA2016,-0.23611110548178355,0.4111111144224803,8.409208312158999,0.951196661083169,11.311369938449731,True
NPA2016,-0.2083333283662796,0.4111111144224803,8.38888853488868,0.9646557924254319,11.499208606879323,True
NPA2016,-0.18055555125077566,0.4111111144224803,8.392948098840277,0.9559304574495774,11.389686272236881,True
NPA2016,-0.15277777413527172,0.4111111144224803,8.396038622208936,0.9478142367807645,11.28882654581455,True
NPA2016,-0.12499999701976776,0.4111111144224803,8.394635555259345,0.9371025537476729,11.1631118180058,True
NPA2016,-0.09722221990426382,0.4111111144224803,8.399767431112949,0.9227854707156219,10.985845480645112,True
NPA2016,-0.06944444278875987,0.4111111144224803,8.390044332678572,0.9153522132911902,10.909980650828796,True
NPA2016,-0.04166666567325592,0.4111111144224803,8.366445367299729,0.8900059128899581,10.637802242378207,True
NPA2016,-0.013888888557751973,0.4111111144224803,8.338308729494333,0.916023293453216,10.985720524032061,True
NPA2016,0.013888888557751973,0.4111111144224803,8.34061199876311,0.9235636974179045,11.073092688580482,True
NPA2016,0.04166666567325592,0.4111111144224803,8.331569151585445,0.9489130937741227,11.389368275165197,True
NPA2016,0.06944444278875987,0.4111111144224803,8.34081041002084,0.9348608425008765,11.208273495555222,True
NPA2016,0.09722221990426382,0.4111111144224803,8.34465591259157,0.929785486401562,11.142286705897282,True
NPA2016,0.12499999701976776,0.4111111144224803,8.331588756010074,0.93276679731235,11.195545347092287,True
NPA2016,0.15277777413527172,0.4111111144224803,8.350087410329767,0.9033546289505018,10.81850505939585,True
NPA2016,0.18055555125077566,0.4111111144224803,8.349278978438706,0.8826144060766506,10.571145225305399,True
NPA2016,0.2083333283662796,0.4111111144224803,8.337292195522009,0.8901009308802771,10.676139326847075,True
NPA2016,0.23611110548178355,0.4111111144224803,8.309607935384289,0.9279266406185539,11.16691242034683,True
NPA2016,0.2638888825972875,0.4111111144224803,8.305752421747288,0.9215499801192663,11.095322053018757,True
NPA2016,0.29166665971279143,0.4111111144224803,8.288338151088288,0.9448512296650352,11.399766906722705,True
NPA2016,0.3194444368282954,0.4111111144224803,8.276830841159029,0.9482913466871672,11.45717926203715,True
NPA2016,0.3472222139437993,0.4111111144224803,8.25725959646529,0.9462502930741712,11.459616620013199,True
NPA2016,0.37499999105930326,0.4111111144224803,8.251009112749502,0.9565728504790935,11.593404363121987,True
NPA2016,0.4027777681748072,0.4111111144224803,8.23494337031052,0.9627909864870949,11.691531358409213,True
NPA2016,0.4305555452903112,0.4111111144224803,8.2196472407741,0.960771284419608,11.688716757254971,True
NPA2016,0.45833332240581515,0.4111111144224803,8.222269360414941,0.9611617042376676,11.689737493459615,False
NPA2016,0.4861110995213191,0.4111111144224803,8.230576067017351,0.9535469133221944,11.585421306576258,False
NPA2016,0.513888876636823,0.4111111144224803,8.245142238055555,0.9413268916397741,11.41674533272535,False
NPA2016,0.5416666537523269,0.4111111144224803,8.246581241809166,0.9295701590203027,11.272188216706033,False
NPA2016,-0.5416666537523269,0.44017094373703003,8.473889310068582,0.9912054376828432,11.697172353963884,False
NPA2016,-0.513888876636823,0.44017094373703003,8.465779385663142,0.9918637260504908,11.716153715630945,False
NPA2016,-0.4861110995213191,0.44017094373703003,8.461584108411298,0.9882906650453785,11.679735760860206,False
NPA2016,-0.45833332240581515,0.44017094373703003,8.469954250921795,0.9849881843069483,11.629203123496811,True
NPA2016,-0.4305555452903112,0.44017094373703003,8.466846128126395,0.9821192533364027,11.599587833229387,True
NPA2016,-0.4027777681748072,0.44017094373703003,8.472796084923788,0.979907967675833,11.565343457509247,True
NPA2016,-0.37499999105930326,0.44017094373703003,8.470365372971408,0.9740026551979873,11.498944995997343,True
NPA2016,-0.3472222139437993,0.44017094373703003,8.470035578651993,0.9699310890697141,11.451322489297958,True
NPA2016,-0.3194444368282954,0.44017094373703003,8.470645348660574,0.9710241270987827,11.463401985686092,True
NPA2016,-0.29166665971279143,0.44017094373703003,8.468518547060688,0.9582189574600354,11.315071840902098,True
NPA2016,-0.2638888825972875,0.44017094373703003,8.466046718726234,0.9582651825543214,11.318921503642468,True
NPA2016,-0.23611110548178355,0.44017094373703003,8.46589071874505,0.9591743332914873,11.329869061121919,True
NPA2016,-0.2083333283662796,0.44017094373703003,8.45916382523309,0.96149811934543,11.366349431339168,True
NPA2016,-0.18055555125077566,0.44017094373703003,8.465665295709078,0.9520019312665626,11.245447321772762,True
NPA2016,-0.15277777413527172,0.44017094373703003,8.458958076239666,0.9426058335067736,11.143285319671408,True
NPA2016,-0.12499999701976776,0.44017094373703003,8.444305578899789,0.9583433353392443,11.348989284967436,True
NPA2016,-0.09722221990426382,0.44017094373703003,8.471994238894148,0.9053846122759073,10.686794475371213,True
NPA2016,-0.06944444278875987,0.44017094373703003,8.452776639641543,0.9172821133389427,10.851843748444793,True
NPA2016,-0.04166666567325592,0.44017094373703003,8.439480787978725,0.9140377693768249,10.830497661405767,True
NPA2016,-0.013888888557751973,0.44017094373703003,8.433812589090879,0.9246026688082047,10.963044993484639,True
NPA2016,0.013888888557751973,0.44017094373703003,8.399502270130991,0.9469814408809939,11.274256621710819,True
NPA2016,0.04166666567325592,0.44017094373703003,8.410343753650043,0.9436560630360796,11.220184224057881,True
NPA2016,0.06944444278875987,0.44017094373703003,8.408138645740404,0.9397350333813393,11.176493073855445,True
NPA2016,0.09722221990426382,0.44017094373703003,8.412369706636612,0.9258720669511752,11.006079133929935,True
NPA2016,0.12499999701976776,0.44017094373703003,8.409598256417556,0.9148883082211491,10.879096483865647,True
NPA2016,0.15277777413527172,0.44017094373703003,8.408796995178983,0.9182826808923424,10.920500059863754,True
NPA2016,0.18055555125077566,0.44017094373703003,8.405334892776255,0.8936120668162398,10.631486766627601,True
NPA2016,0.2083333283662796,0.44017094373703003,8.379498391430191,0.9253646687882229,11.043198835560418,True
NPA2016,0.23611110548178355,0.44017094373703003,8.366971150170981,0.9342974101637636,11.166494940581586,True
NPA2016,0.2638888825972875,0.44017094373703003,8.367767552074193,0.9242082276828324,11.044860196358353,True
NPA2016,0.29166665971279143,0.44017094373703003,8.358379079447383,0.9376877949707584,11.218536346077688,True
NPA2016,0.3194444368282954,0.44017094373703003,8.346133067001015,0.9514216027035676,11.39954988814285,True
NPA2016,0.3472222139437993,0.44017094373703003,8.34940928938336,0.9382825424738298,11.237711674607894,True
NPA2016,0.37499999105930326,0.44017094373703003,8.334588232977792,0.9532599239205664,11.437396752832557,True
NPA2016,0.4027777681748072,0.44017094373703003,8.31978240898737,0.9581463608352575,11.516483409472686,True
NPA2016,0.4305555452903112,0.44017094373703003,8.319937935566216,0.9552390687539588,11.481324454002069,True
NPA2016,0.45833332240581515,0.44017094373703003,8.310388158067733,0.9556639007372492,11.499630132312047,True
NPA2016,0.4861110995213191,0.44017094373703003,8.310498279796727,0.946562576875722,11.38996176892145,False
NPA2016,0.513888876636823,0.44017094373703003,8.291440342431269,0.9585784927533004,11.561061204864437,False
NPA2016,0.5416666537523269,0.44017094373703003,8.298062474799213,0.9436205292575753,11.371576583368734,False
NPA2016,-0.5416666537523269,0.4692307730515798,8.550508762089667,0.9839572042796002,11.507586643758144,False
NPA2016,-0.513888876636823,0.4692307730515798,8.534553447698805,0.9874895998563827,11.57048937484412,False
NPA2016,-0.4861110995213191,0.4692307730515798,8.514084298079544,0.9794084041286197,11.503390967711434,False
NPA2016,-0.45833332240581515,0.4692307730515798,8.513979105303934,0.9923425604192608,11.655449797863183,True
NPA2016,-0.4305555452903112,0.4692307730515798,8.519773117814545,0.9777742023641569,11.476528645107527,True
NPA2016,-0.4027777681748072,0.4692307730515798,8.523714289420498,0.9720063221446322,11.403553534766779,True
NPA2016,-0.37499999105930326,0.4692307730515798,8.535236288744642,0.971105270177556,11.377602650065423,True
NPA2016,-0.3472222139437993,0.4692307730515798,8.533060322923529,0.9687088701643185,11.352420274844926,True
NPA2016,-0.3194444368282954,0.4692307730515798,8.53026335075121,0.9638484176896919,11.299163672418292,True
NPA2016,-0.29166665971279143,0.4692307730515798,8.529889335087535,0.9659380375746616,11.32415673438217,True
NPA2016,-0.2638888825972875,0.4692307730515798,8.524907499915662,0.9588022129549606,11.247068815285635,True
NPA2016,-0.23611110548178355,0.4692307730515798,8.523239842851522,0.9648650601000835,11.32040254515799,True
NPA2016,-0.2083333283662796,0.4692307730515798,8.517489244116486,0.96881682330465,11.37444140565093,True
NPA2016,-0.18055555125077566,0.4692307730515798,8.506521083711604,0.9705125120500927,11.409041398938545,True
NPA2016,-0.15277777413527172,0.4692307730515798,8.501894272416857,0.9725094432355835,11.438738380818815,True
NPA2016,-0.12499999701976776,0.4692307730515798,8.502442555820933,0.9654223112563303,11.354646678505153,True
NPA2016,-0.09722221990426382,0.4692307730515798,8.506082323321804,0.9469834301923533,11.133015108446969,True
NPA2016,-0.06944444278875987,0.4692307730515798,8.494317357229512,0.9475522439052741,11.155131178361408,True
NPA2016,-0.04166666567325592,0.4692307730515798,8.482907971958191,0.9522206273944074,11.22516748433612,True
NPA2016,-0.013888888557751973,0.4692307730515798,8.473976360397339,0.9560138914648502,11.281762549311896,True
NPA2016,0.013888888557751973,0.4692307730515798,8.477227060826282,0.9416300751019248,11.10776045451522,True
NPA2016,0.04166666567325592,0.4692307730515798,8.474674378163892,0.9417963944244051,11.113068802396313,True
NPA2016,0.06944444278875987,0.4692307730515798,8.485547426477329,0.919469218833665,10.835708913306627,True
NPA2016,0.09722221990426382,0.4692307730515798,8.468022978395,0.9419551742897188,11.123672865472711,True
NPA2016,0.12499999701976776,0.4692307730515798,8.476632008059827,0.9167082461322424,10.8145339476883,True
NPA2016,0.15277777413527172,0.4692307730515798,8.458694405082644,0.9311930271827471,11.008708703593944,True
NPA2016,0.18055555125077566,0.4692307730515798,8.451832313443433,0.9318772420978255,11.02574220048814,True
NPA2016,0.2083333283662796,0.4692307730515798,8.441657909458364,0.939092812804579,11.124506854896152,True
NPA2016,0.23611110548178355,0.4692307730515798,8.433585342063724,0.9393062977017295,11.137686518885435,True
NPA2016,0.2638888825972875,0.4692307730515798,8.41698437655479,0.9344124981073774,11.10151161394751,True
NPA2016,0.29166665971279143,0.4692307730515798,8.406787430266117,0.9431205044260828,11.218560148561153,True
NPA2016,0.3194444368282954,0.4692307730515798,8.41066918988352,0.9469890284693917,11.259377905487526,True
NPA2016,0.3472222139437993,0.4692307730515798,8.415754449534282,0.9340939337980121,11.099348720300457,True
NPA2016,0.37499999105930326,0.4692307730515798,8.397715649853827,0.9511114366469517,11.325835218813427,True
NPA2016,0.4027777681748072,0.4692307730515798,8.37098769020769,0.9639949131299648,11.51590408211492,True
NPA2016,0.4305555452903112,0.4692307730515798,8.358536527482677,0.9709024946994044,11.615699608503224,True
NPA2016,0.45833332240581515,0.4692307730515798,8.35268609655682,0.9666262581830491,11.572639591729851,True
NPA2016,0.4861110995213191,0.4692307730515798,8.358892553858837,0.9599240034801063,11.483865802736783,False
NPA2016,0.513888876636823,0.4692307730515798,8.363710675376808,0.9509904188128293,11.370436588781027,False
NPA2016,0.5416666537523269,0.4692307730515798,8.357146367707466,0.9539792478441964,11.415131503863945,False
NPA2016,-0.5416666537523269,0.49829060236612954,8.609086030996256,0.9883587991060582,11.480414942394109,False
NPA2016,-0.513888876636823,0.49829060236612954,8.592861476009482,0.9774991233247882,11.375711409451675,False
NPA2016,-0.4861110995213191,0.49829060236612954,8.573016103537386,0.973071546516061,11.350399144993482,False
NPA2016,-0.45833332240581515,0.49829060236612954,8.557020717034243,0.9733343413320257,11.374687213207674,True
NPA2016,-0.4305555452903112,0.49829060236612954,8.57520947385472,0.9816974494490185,11.44808709853856,True
NPA2016,-0.4027777681748072,0.49829060236612954,8.571352108379344,0.9840647344499447,11.480857652410805,True
NPA2016,-0.37499999105930326,0.49829060236612954,8.568876381437724,0.9783379243721315,11.417342027380045,True
NPA2016,-0.3472222139437993,0.49829060236612954,8.577524285785412,0.9796127583139747,11.420693497042954,True
NPA2016,-0.3194444368282954,0.49829060236612954,8.587994343429962,0.9687707982642879,11.280524410282393,True
NPA2016,-0.29166665971279143,0.49829060236612954,8.583652826638396,0.9698391013968798,11.298675761758371,True
NPA2016,-0.2638888825972875,0.49829060236612954,8.582877059506007,0.967408806260728,11.271381374259226,True
NPA2016,-0.23611110548178355,0.49829060236612954,8.570236229542173,0.9752626206591913,11.379646891148653,True
NPA2016,-0.2083333283662796,0.49829060236612954,8.570868931715042,0.9727188508930574,11.34912759304575,True
NPA2016,-0.18055555125077566,0.49829060236612954,8.567112860408042,0.9721215626459128,11.34713150726033,True
NPA2016,-0.15277777413527172,0.49829060236612954,8.562753827731482,0.9670508582550524,11.293689830520934,True
NPA2016,-0.12499999701976776,0.49829060236612954,8.563620167862572,0.9669329487405114,11.291170437114937,True
NPA2016,-0.09722221990426382,0.49829060236612954,8.56074632351097,0.9589031079825046,11.20116251253705,True
NPA2016,-0.06944444278875987,0.49829060236612954,8.549384334163927,0.96466266449024,11.283416755933896,True
NPA2016,-0.04166666567325592,0.49829060236612954,8.54415410202085,0.9608345867608412,11.245520332241973,True
NPA2016,-0.013888888557751973,0.49829060236612954,8.534946886780245,0.9517838263526329,11.151608076517126,True
NPA2016,0.013888888557751973,0.49829060236612954,8.537787592970993,0.9396632834707715,11.00593418656116,True
NPA2016,0.04166666567325592,0.49829060236612954,8.536808833717362,0.9258853212194512,10.845801273685936,True
NPA2016,0.06944444278875987,0.49829060236612954,8.533551060101033,0.9308101441017904,10.907653068999977,True
NPA2016,0.09722221990426382,0.49829060236612954,8.535883555000014,0.9253044513292136,10.840171909177505,True
NPA2016,0.12499999701976776,0.49829060236612954,8.546095329919508,0.8904475215269675,10.419349271819488,True
NPA2016,0.15277777413527172,0.49829060236612954,8.5246224281899,0.920770313702593,10.801303183325944,True
NPA2016,0.18055555125077566,0.49829060236612954,8.506421961624321,0.9415659851906579,11.068884067101507,True
NPA2016,0.2083333283662796,0.49829060236612954,8.487583070287561,0.9556076684581042,11.258890317119782,True
NPA2016,0.23611110548178355,0.49829060236612954,8.478897112749072,0.9511096314049989,11.217374367886688,True
NPA2016,0.2638888825972875,0.49829060236612954,8.45782072721585,0.9624329298923092,11.3792070195501,True
NPA2016,0.29166665971279143,0.49829060236612954,8.442849922524152,0.967729973019579,11.462124542067633,True
NPA2016,0.3194444368282954,0.49829060236612954,8.450404365025888,0.968683379195952,11.463160073204195,True
NPA2016,0.3472222139437993,0.49829060236612954,8.456515710236538,0.9556466020561778,11.300713376543202,True
NPA2016,0.37499999105930326,0.49829060236612954,8.44328255653125,0.9571704626263348,11.336473181107998,True
NPA2016,0.4027777681748072,0.49829060236612954,8.413463168482572,0.9686250635169701,11.512798524459084,True
NPA2016,0.4305555452903112,0.49829060236612954,8.406086822710483,0.9730401906788216,11.575423989792574,True
NPA2016,0.45833332240581515,0.49829060236612954,8.42129165522117,0.9640154871421064,11.447358987316635,True
NPA2016,0.4861110995213191,0.49829060236612954,8.420502758136793,0.9619607927396386,11.424030374078185,False
NPA2016,0.513888876636823,0.49829060236612954,8.402899948050267,0.9604488923052954,11.429969394413048,False
NPA2016,0.5416666537523269,0.49829060236612954,8.400447529210162,0.9623390007477339,11.45580634128687,False
NPA2016,-0.5416666537523269,0.5273504316806793,8.66351878808572,0.9806374659657846,11.31915899246829,False
NPA2016,-0.513888876636823,0.5273504316806793,8.637245225028833,0.9962253565558912,11.53406358857393,False
NPA2016,-0.4861110995213191,0.5273504316806793,8.630366355455255,0.9898847571203766,11.469788376882406,True
NPA2016,-0.45833332240581515,0.5273504316806793,8.617019125719416,0.9894959525348919,11.483042315428087,True
NPA2016,-0.4305555452903112,0.5273504316806793,8.61570902662717,0.9978827721626128,11.582131767433404,True
NPA2016,-0.4027777681748072,0.5273504316806793,8.627699220825171,0.9852745276178886,11.419898890768874,True
NPA2016,-0.37499999105930326,0.5273504316806793,8.616510622032022,0.9938864855058974,11.534674871340322,True
NPA2016,-0.3472222139437993,0.5273504316806793,8.627698830964473,0.9835528254299973,11.399943886544403,True
NPA2016,-0.3194444368282954,0.5273504316806793,8.639664004458615,0.974746354491621,11.282225257702036,True
NPA2016,-0.29166665971279143,0.5273504316806793,8.64698503177969,0.9624585338855928,11.130567826223045,True
NPA2016,-0.2638888825972875,0.5273504316806793,8.632987068812772,0.9798385573058622,11.34993658041714,True
NPA2016,-0.23611110548178355,0.5273504316806793,8.623226195659626,0.9839120573955352,11.41002259561245,True
NPA2016,-0.2083333283662796,0.5273504316806793,8.621742288305645,0.9836294525380936,11.408708584020987,True
NPA2016,-0.18055555125077566,0.5273504316806793,8.632022163538243,0.9667649490763984,11.199750542347124,True
NPA2016,-0.15277777413527172,0.5273504316806793,8.61364056489884,0.9755494605793187,11.325634651563563,True
NPA2016,-0.12499999701976776,0.5273504316806793,8.61037790409998,0.9768776965572256,11.345352171965278,True
NPA2016,-0.09722221990426382,0.5273504316806793,8.591967692468597,0.9861168091510726,11.477194100898055,True
NPA2016,-0.06944444278875987,0.5273504316806793,8.59452324339209,0.98045545167665,11.407909710762311,True
NPA2016,-0.04166666567325592,0.5273504316806793,8.589555679907054,0.9747583708713574,11.348181526450098,True
NPA2016,-0.013888888557751973,0.5273504316806793,8.589222711007583,0.9627021064865118,11.208256426425569,True
NPA2016,0.013888888557751973,0.5273504316806793,8.58923479668978,0.9531266042466019,11.09675805595545,True
NPA2016,0.04166666567325592,0.5273504316806793,8.596272993984286,0.9377476094983093,10.908769534826892,True
NPA2016,0.06944444278875987,0.5273504316806793,8.593108341384955,0.9325112360303935,10.851850098751347,True
NPA2016,0.09722221990426382,0.5273504316806793,8.588612425825884,0.9315117864736826,10.84589384511792,True
NPA2016,0.12499999701976776,0.5273504316806793,8.583664731313878,0.9265435984783689,10.79426593979452,True
NPA2016,0.15277777413527172,0.5273504316806793,8.578987836840602,0.9259488606917273,10.793218014780729,True
NPA2016,0.18055555125077566,0.5273504316806793,8.579431024934173,0.9134093117824486,10.646502187940333,True
NPA2016,0.2083333283662796,0.5273504316806793,8.554177184353334,0.9482070811982711,11.084725751679088,True
NPA2016,0.23611110548178355,0.5273504316806793,8.533529144359335,0.963456791697108,11.290250204793091,True
NPA2016,0.2638888825972875,0.5273504316806793,8.51557303692174,0.96802165081071,11.367663064054186,True
NPA2016,0.29166665971279143,0.5273504316806793,8.48430623526685,0.9839710072071922,11.597542331948183,True
NPA2016,0.3194444368282954,0.5273504316806793,8.490572271640584,0.9744692070068064,11.477073344768966,True
NPA2016,0.3472222139437993,0.5273504316806793,8.483454319982227,0.9773733391857278,11.520935957462376,True
NPA2016,0.37499999105930326,0.5273504316806793,8.482135351558771,0.949585310789853,11.195120938683756,True
NPA2016,0.4027777681748072,0.5273504316806793,8.486402739119647,0.9650010984197374,11.371144265536513,True
NPA2016,0.4305555452903112,0.5273504316806793,8.474246742728084,0.9739733321230809,11.493332229898384,True
NPA2016,0.45833332240581515,0.5273504316806793,8.466178575190133,0.9717214677230752,11.47768688190294,True
NPA2016,0.4861110995213191,0.5273504316806793,8.444138300805003,0.9718234978059723,11.508853398496868,True
NPA2016,0.513888876636823,0.5273504316806793,8.430439068612518,0.970765698710754,11.51500759106397,False
NPA2016,0.5416666537523269,0.5273504316806793,8.428901485791942,0.9716505808261877,11.527606325261207,False
NPA2016,-0.5416666537523269,0.5564102609952291,8.699745759795606,0.9988457271098063,11.481320887856308,False
NPA2016,-0.513888876636823,0.5564102609952291,8.673789139577954,0.989212833442079,11.404621642557151,False
NPA2016,-0.4861110995213191,0.5564102609952291,8.669623087956344,0.9971192306354703,11.50129850536002,True
NPA2016,-0.45833332240581515,0.5564102609952291,8.669258623880292,1.0088076032449074,11.636607546417538,True
NPA2016,-0.4305555452903112,0.5564102609952291,8.670911159918074,1.0049727503212853,11.590163153404752,True
NPA2016,-0.4027777681748072,0.5564102609952291,8.669563272183437,1.0076767700961478,11.623154920955592,True
NPA2016,-0.37499999105930326,0.5564102609952291,8.671340145942684,0.9985847632373825,11.515921950133853,True
NPA2016,-0.3472222139437993,0.5564102609952291,8.677574297279158,1.0010365839358968,11.535903348586373,True
NPA2016,-0.3194444368282954,0.5564102609952291,8.680232130946408,0.9936115383899479,11.446831414191848,True
NPA2016,-0.29166665971279143,0.5564102609952291,8.68476967806058,0.989428837073981,11.392689429329037,True
NPA2016,-0.2638888825972875,0.5564102609952291,8.683087888545533,0.982830029521847,11.318899936719133,True
NPA2016,-0.23611110548178355,0.5564102609952291,8.678486863752456,0.9830527850755452,11.327467570199062,True
NPA2016,-0.2083333283662796,0.5564102609952291,8.674190710040074,0.9871778918322078,11.380633938444353,True
NPA2016,-0.18055555125077566,0.5564102609952291,8.67403678467488,0.981052932864712,11.310223339126452,True
NPA2016,-0.15277777413527172,0.5564102609952291,8.662935821001462,0.9867224615004263,11.39016243325185,True
NPA2016,-0.12499999701976776,0.5564102609952291,8.644560543675086,0.9960026382818592,11.521726677136856,True
NPA2016,-0.09722221990426382,0.5564102609952291,8.6475408896205,0.9875304430477991,11.419783446564741,True
NPA2016,-0.06944444278875987,0.5564102609952291,8.63986515866494,0.9827607644391921,11.374723405880696,True
NPA2016,-0.04166666567325592,0.5564102609952291,8.644968727845825,0.9745545312867405,11.273083361743778,True
NPA2016,-0.013888888557751973,0.5564102609952291,8.649656594113582,0.9536826449686732,11.025670610064338,True
NPA2016,0.013888888557751973,0.5564102609952291,8.648515917350087,0.9492971314329139,10.976416537876702,True
NPA2016,0.04166666567325592,0.5564102609952291,8.635930837468734,0.9596557896974814,11.112360760623748,True
NPA2016,0.06944444278875987,0.5564102609952291,8.634084679890636,0.9527920039924082,11.035240437374037,True
NPA2016,0.09722221990426382,0.5564102609952291,8.623111033588588,0.9599241124460197,11.131992951348307,True
NPA2016,0.12499999701976776,0.5564102609952291,8.630104967768107,0.9401108231184206,10.893388048344322,True
NPA2016,0.15277777413527172,0.5564102609952291,8.62321835667452,0.9404875905692766,10.906456866435752,True
NPA2016,0.18055555125077566,0.5564102609952291,8.613121493201309,0.9507502801053948,11.038393930189667,True
NPA2016,0.2083333283662796,0.5564102609952291,8.602488891485063,0.9547104685592426,11.098072669460073,True
NPA2016,0.23611110548178355,0.5564102609952291,8.566991474489054,0.9804408336624999,11.444400716191614,True
NPA2016,0.2638888825972875,0.5564102609952291,8.55009023268647,0.9834394351085955,11.502094227602031,True
NPA2016,0.29166665971279143,0.5564102609952291,8.561251109597825,0.9725970777828498,11.360454977106011,True
NPA2016,0.3194444368282954,0.5564102609952291,8.559425809568095,0.9638843711734153,11.26108681374332,True
NPA2016,0.3472222139437993,0.5564102609952291,8.566464508112086,0.947710712136891,11.063032027266889,True
NPA2016,0.37499999105930326,0.5564102609952291,8.560329256085335,0.9463569616931449,11.055146751749088,True
NPA2016,0.4027777681748072,0.5564102609952291,8.535200170933912,0.9725681896799868,11.394790634108462,True
NPA2016,0.4305555452903112,0.5564102609952291,8.521549309317473,0.9679507045963281,11.358858224735842,True
NPA2016,0.45833332240581515,0.5564102609952291,8.523407817126158,0.9599384096160988,11.262378032496418,True
NPA2016,0.4861110995213191,0.5564102609952291,8.516803005712982,0.9677367797248391,11.36267657095851,True
NPA2016,0.513888876636823,0.5564102609952291,8.48011998050588,0.9782702236403621,11.536042248095688,False
NPA2016,0.5416666537523269,0.5564102609952291,8.467979174758705,0.9780116778401661,11.54952861428163,False
NPA2016,-0.5416666537523269,0.5854700903097788,8.745008282718212,1.0130032731109964,11.583788606728735,False
NPA2016,-0.513888876636823,0.5854700903097788,8.722457443953385,0.9986315849771271,11.44897056126542,False
NPA2016,-0.4861110995213191,0.5854700903097788,8.71710194120779,1.0084720745073608,11.56889160306909,True
NPA2016,-0.45833332240581515,0.5854700903097788,8.718631183793711,1.015355031174306,11.645807808244708,True
NPA2016,-0.4305555452903112,0.5854700903097788,8.726531390980648,1.0182460667528035,11.668394017412428,True
NPA2016,-0.4027777681748072,0.5854700903097788,8.72486640724712,1.0154429832519754,11.638493196967689,True
NPA2016,-0.37499999105930326,0.5854700903097788,8.719038128764275,1.0145294444616353,11.635795479717919,True
NPA2016,-0.3472222139437993,0.5854700903097788,8.7205338154814,1.0108698892560755,11.591834979889617,True
NPA2016,-0.3194444368282954,0.5854700903097788,8.723947881474427,1.0041812502760512,11.510628719005316,True
NPA2016,-0.29166665971279143,0.5854700903097788,8.709073428074179,1.0052755600290608,11.542853190197015,True
NPA2016,-0.2638888825972875,0.5854700903097788,8.726496846536469,0.999571087699523,11.45443704705229,True
NPA2016,-0.23611110548178355,0.5854700903097788,8.731364410747542,0.9889148571377017,11.326006001083112,True
NPA2016,-0.2083333283662796,0.5854700903097788,8.732093255357892,0.9820642569397345,11.24660752262527,True
NPA2016,-0.18055555125077566,0.5854700903097788,8.732409696947727,0.9764939182556704,11.182410722174295,True
NPA2016,-0.15277777413527172,0.5854700903097788,8.710778581385066,0.9867187377602279,11.327560774749182,True
NPA2016,-0.12499999701976776,0.5854700903097788,8.703453571915265,0.9874259490023929,11.345219927278844,True
NPA2016,-0.09722221990426382,0.5854700903097788,8.691916033856918,0.9955565072661898,11.453821037712272,True
NPA2016,-0.06944444278875987,0.5854700903097788,8.695738618186894,0.9745313835081975,11.206999500536876,True
NPA2016,-0.04166666567325592,0.5854700903097788,8.680287157001912,0.9901778752268994,11.40720182774342,True
NPA2016,-0.013888888557751973,0.5854700903097788,8.695789578552027,0.9631468103768994,11.076013301339303,True
NPA2016,0.013888888557751973,0.5854700903097788,8.692964731338323,0.9551912321576236,10.988095105391821,True
NPA2016,0.04166666567325592,0.5854700903097788,8.677433167699588,0.9574801382645517,11.034140162883933,True
NPA2016,0.06944444278875987,0.5854700903097788,8.674577563260138,0.9594724413775038,11.060739665770058,True
NPA2016,0.09722221990426382,0.5854700903097788,8.672609156500082,0.9567377155859308,11.03171719515182,True
NPA2016,0.12499999701976776,0.5854700903097788,8.666207225819319,0.9576597574502009,11.050506092181081,True
NPA2016,0.15277777413527172,0.5854700903097788,8.657899962273047,0.9598108901908219,11.085954958745365,True
NPA2016,0.18055555125077566,0.5854700903097788,8.65552672692919,0.9612145997530607,11.105212080999264,True
NPA2016,0.2083333283662796,0.5854700903097788,8.646816639797153,0.9648561191021381,11.15851254045758,True
NPA2016,0.23611110548178355,0.5854700903097788,8.62994041869833,0.9742046623311166,11.288660350659265,True
NPA2016,0.2638888825972875,0.5854700903097788,8.642295355444242,0.9455724715801851,10.941219117031434,True
NPA2016,0.29166665971279143,0.5854700903097788,8.637664255681596,0.9400710453868909,10.883394139434632,True
NPA2016,0.3194444368282954,0.5854700903097788,8.629441438751373,0.9446985551936412,10.947389375068676,True
NPA2016,0.3472222139437993,0.5854700903097788,8.64585045355164,0.9066406893384887,10.486425762384643,True
NPA2016,0.37499999105930326,0.5854700903097788,8.622504619166932,0.9260515150604438,10.739936433341276,True
NPA2016,0.4027777681748072,0.5854700903097788,8.594569511505007,0.9662845810873557,11.242966617395457,True
NPA2016,0.4305555452903112,0.5854700903097788,8.589308508212497,0.9548479600696911,11.116703505954318,True
NPA2016,0.45833332240581515,0.5854700903097788,8.57624260475475,0.9481602702449342,11.05566054905286,True
NPA2016,0.4861110995213191,0.5854700903097788,8.570147118521144,0.954198953174501,11.133985682840374,True
NPA2016,0.513888876636823,0.5854700903097788,8.540310479135757,0.971444397503325,11.374813595788979,False
NPA2016,0.5416666537523269,0.5854700903097788,8.535702687474489,0.9902954755337063,11.601803762294715,False
NPA2016,-0.5416666537523269,0.6145299196243286,8.80047971229934,0.9936526530636258,11.290891923481405,False
NPA2016,-0.513888876636823,0.6145299196243286,8.777530825742419,1.0234896983391275,11.66033727090396,False
NPA2016,-0.4861110995213191,0.6145299196243286,8.779067280751722,1.020325137935261,11.62224989632263,True
NPA2016,-0.45833332240581515,0.6145299196243286,8.785202128994094,1.0183895755843526,11.592101816568656,True
NPA2016,-0.4305555452903112,0.6145299196243286,8.770370100794015,1.0271607218505887,11.711714671625955,True
NPA2016,-0.4027777681748072,0.6145299196243286,8.771316264907002,1.0207807538103204,11.637714602702715,True
NPA2016,-0.37499999105930326,0.6145299196243286,8.759561950366356,1.0254845744074605,11.707030331175078,True
NPA2016,-0.3472222139437993,0.6145299196243286,8.761003669221312,1.0234718354846557,11.682129971937599,True
NPA2016,-0.3194444368282954,0.6145299196243286,8.765575649390957,1.0193137407885873,11.628600123477463,True
NPA2016,-0.29166665971279143,0.6145299196243286,8.762251655147212,1.009816972625202,11.524628741198102,True
NPA2016,-0.2638888825972875,0.6145299196243286,8.77305962456814,1.00156301975556,11.41634803154393,True
NPA2016,-0.23611110548178355,0.6145299196243286,8.787211721754186,0.984203151703185,11.200403300476172,True
NPA2016,-0.2083333283662796,0.6145299196243286,8.783296016407228,0.9820715070084142,11.181127280395664,True
NPA2016,-0.18055555125077566,0.6145299196243286,8.771366306314711,0.9851602991013582,11.231548936590624,True
NPA2016,-0.15277777413527172,0.6145299196243286,8.764209800216184,0.984822579926143,11.236866784063643,True
NPA2016,-0.12499999701976776,0.6145299196243286,8.759967864990722,0.9835771749513007,11.228091131272002,True
NPA2016,-0.09722221990426382,0.6145299196243286,8.76730944354103,0.967148851911508,11.031307359910933,True
NPA2016,-0.06944444278875987,0.6145299196243286,8.74503271863099,0.9833614352456097,11.2447999554146,True
NPA2016,-0.04166666567325592,0.6145299196243286,8.720756495568779,0.9890523035878754,11.341359021897196,True
NPA2016,-0.013888888557751973,0.6145299196243286,8.72800814160585,0.985739248517017,11.29397718842701,True
NPA2016,0.013888888557751973,0.6145299196243286,8.743787545271774,0.9536274188272915,10.906342519071934,True
NPA2016,0.04166666567325592,0.6145299196243286,8.721194448389912,0.9762242587345815,11.19369903413643,True
NPA2016,0.06944444278875987,0.6145299196243286,8.713810792729372,0.9618111863090206,11.037779097883746,True
NPA2016,0.09722221990426382,0.6145299196243286,8.732125683415415,0.9332492096989004,10.687537531341128,True
NPA2016,0.12499999701976776,0.6145299196243286,8.726778715834804,0.9404725818509271,10.776858362919556,True
NPA2016,0.15277777413527172,0.6145299196243286,8.70425616981919,0.9628477308431721,11.061803697617654,True
NPA2016,0.18055555125077566,0.6145299196243286,8.70700296134788,0.9460662097677629,10.86557813253928,True
NPA2016,0.2083333283662796,0.6145299196243286,8.698533905604037,0.9515317946640848,10.938990466555056,True
NPA2016,0.23611110548178355,0.6145299196243286,8.698644695665623,0.9328881619411653,10.724523124918605,True
NPA2016,0.2638888825972875,0.6145299196243286,8.697080240302792,0.9323251287078698,10.71997846343212,True
NPA2016,0.29166665971279143,0.6145299196243286,8.692329745695556,0.9214323564523573,10.60052233877403,True
NPA2016,0.3194444368282954,0.6145299196243286,8.684062721344793,0.932020882864077,10.732544349008876,True
NPA2016,0.3472222139437993,0.6145299196243286,8.662259189879974,0.9479496404069647,10.94344581046991,True
NPA2016,0.37499999105930326,0.6145299196243286,8.656088265597633,0.9522279190287359,11.000672472498087,True
NPA2016,0.4027777681748072,0.6145299196243286,8.645536128348567,0.9505428310783663,10.994608280700517,True
NPA2016,0.4305555452903112,0.6145299196243286,8.647953668578218,0.9422807471121234,10.895996708861192,True
NPA2016,0.45833332240581515,0.6145299196243286,8.632999335501788,0.9544922552566167,11.056322584567155,True
NPA2016,0.4861110995213191,0.6145299196243286,8.625424258229167,0.9624688836835239,11.158510640972489,True
NPA2016,0.513888876636823,0.6145299196243286,8.618837993047338,0.9554735303829774,11.085874118457046,False
NPA2016,0.5416666537523269,0.6145299196243286,8.603411817114521,0.975595924387575,11.339639960589238,False
NPA2016,-0.5416666537523269,0.6435897489388783,8.83844521218218,1.0096366737610565,11.423238471506924,False
NPA2016,-0.513888876636823,0.6435897489388783,8.83856541459534,1.0135502810247563,11.467361879237279,False
NPA2016,-0.4861110995213191,0.6435897489388783,8.841857857968266,1.0089455272534942,11.411012747103081,True
NPA2016,-0.45833332240581515,0.6435897489388783,8.82376876625535,1.0260591835900288,11.628355306793358,True
NPA2016,-0.4305555452903112,0.6435897489388783,8.81617732875628,1.0333012552254233,11.72051351389042,True
NPA2016,-0.4027777681748072,0.6435897489388783,8.809973391625338,1.0286490347397539,11.675960743735914,True
NPA2016,-0.37499999105930326,0.6435897489388783,8.80445608275858,1.0305628270199096,11.705014112547172,True
NPA2016,-0.3472222139437993,0.6435897489388783,8.810159132409831,1.0286777408515773,11.676040414155429,True
NPA2016,-0.3194444368282954,0.6435897489388783,8.823443427487053,1.0159062657240367,11.513716544713771,True
NPA2016,-0.29166665971279143,0.6435897489388783,8.812276312804208,1.0192224914828476,11.565938871003405,True
NPA2016,-0.2638888825972875,0.6435897489388783,8.811744612404183,1.0102591138180232,11.464915953146146,True
NPA2016,-0.23611110548178355,0.6435897489388783,8.833933716118086,0.986294833326605,11.164843036200804,True
NPA2016,-0.2083333283662796,0.6435897489388783,8.814368263640725,0.9987372542987273,11.330786556973335,True
NPA2016,-0.18055555125077566,0.6435897489388783,8.811142611762726,0.9927118371559641,11.26655055872902,True
NPA2016,-0.15277777413527172,0.6435897489388783,8.818162750151926,0.9745695586581501,11.051843635357711,True
NPA2016,-0.12499999701976776,0.6435897489388783,8.813372963153864,0.9733609265348794,11.044136343760973,True
NPA2016,-0.09722221990426382,0.6435897489388783,8.81930899635421,0.9496461712244642,10.767806997317317,True
NPA2016,-0.06944444278875987,0.6435897489388783,8.817647660603214,0.9334720773991131,10.586407093241174,True
NPA2016,-0.04166666567325592,0.6435897489388783,8.798571942804305,0.9602810675362218,10.914055982932139,True
NPA2016,-0.013888888557751973,0.6435897489388783,8.789331491937658,0.9629712749957655,10.95613785734543,True
NPA2016,0.013888888557751973,0.6435897489388783,8.77980997934108,0.9688539372835285,11.035021709618373,True
NPA2016,0.04166666567325592,0.6435897489388783,8.785645706948491,0.95497943425018,10.869769463784488,True
NPA2016,0.06944444278875987,0.6435897489388783,8.783612555462256,0.9342851660195636,10.636684622872632,True
NPA2016,0.09722221990426382,0.6435897489388783,8.774095052861744,0.93281532074356,10.631470426563414,True
NPA2016,0.12499999701976776,0.6435897489388783,8.766661105168685,0.9348755815527672,10.663986782853728,True
NPA2016,0.15277777413527172,0.6435897489388783,8.746459288612433,0.9499121987868266,10.860534159503574,True
NPA2016,0.18055555125077566,0.6435897489388783,8.74342919365484,0.9620439864181448,11.003051149728597,True
NPA2016,0.2083333283662796,0.6435897489388783,8.740551074758947,0.9524189719875885,10.89655519247515,True
NPA2016,0.23611110548178355,0.6435897489388783,8.74341414224648,0.935051691757577,10.694354362554881,True
NPA2016,0.2638888825972875,0.6435897489388783,8.73532786010874,0.9415059097386204,10.778140498173588,True
NPA2016,0.29166665971279143,0.6435897489388783,8.737605022633055,0.9341529577858515,10.691178593746354,True
NPA2016,0.3194444368282954,0.6435897489388783,8.72572298693679,0.9443223751334843,10.822282308838153,True
NPA2016,0.3472222139437993,0.6435897489388783,8.714101795907437,0.9456844911812268,10.852346154888458,True
NPA2016,0.37499999105930326,0.6435897489388783,8.69795220556713,0.9622233385338548,11.062642283984763,True
NPA2016,0.4027777681748072,0.6435897489388783,8.685921034223039,0.9635949761805488,11.093757039511734,True
NPA2016,0.4305555452903112,0.6435897489388783,8.700076027517264,0.9367620422004163,10.76728570230368,True
NPA2016,0.45833332240581515,0.6435897489388783,8.672587978708908,0.9602381306383552,11.07210596186199,True
NPA2016,0.4861110995213191,0.6435897489388783,8.664748186009533,0.9715446346097679,11.21261245858783,True
NPA2016,0.513888876636823,0.6435897489388783,8.671668909915908,0.9641564878807355,11.118465175466266,False
NPA2016,0.5416666537523269,0.6435897489388783,8.670135392785628,0.9657722277957763,11.139067431396633,False
NPA2016,-0.5416666537523269,0.6726495782534282,8.888422432144022,1.0204512678181556,11.48067922748365,False
NPA2016,-0.513888876636823,0.6726495782534282,8.889389551270446,1.0195641178303372,11.469450314331473,False
NPA2016,-0.4861110995213191,0.6726495782534282,8.897209948399237,1.0187053256794254,11.449716614394474,True
NPA2016,-0.45833332240581515,0.6726495782534282,8.879759225763143,1.0244051050099818,11.536406325498568,True
NPA2016,-0.4305555452903112,0.6726495782534282,8.856347546688076,1.0327686878288718,11.6613387447186,True
NPA2016,-0.4027777681748072,0.6726495782534282,8.845858246632428,1.0304881159117758,11.649385364094854,True
NPA2016,-0.37499999105930326,0.6726495782534282,8.848161418435959,1.0302110893563097,11.64322214115319,True
NPA2016,-0.3472222139437993,0.6726495782534282,8.865751655514336,1.0258557278059837,11.570995530513423,True
NPA2016,-0.3194444368282954,0.6726495782534282,8.864334999133968,1.0211031747587533,11.519230431369229,True
NPA2016,-0.29166665971279143,0.6726495782534282,8.864588979467511,1.0181966853101336,11.486112753434124,True
NPA2016,-0.2638888825972875,0.6726495782534282,8.883593297060703,0.9891637003562981,11.134725186975643,True
NPA2016,-0.23611110548178355,0.6726495782534282,8.874438086455026,0.9949254656219755,11.2111376058899,True
NPA2016,-0.2083333283662796,0.6726495782534282,8.858213447926698,1.0008297186650057,11.298324707893036,True
NPA2016,-0.18055555125077566,0.6726495782534282,8.858127135548699,0.990721979818192,11.18432784558159,True
NPA2016,-0.15277777413527172,0.6726495782534282,8.867571497494055,0.9685665768612458,10.92256856496685,True
NPA2016,-0.12499999701976776,0.6726495782534282,8.858266677838156,0.974879706788132,11.005309980417632,True
NPA2016,-0.09722221990426382,0.6726495782534282,8.860044275624428,0.9643107174681258,10.883813753855808,True
NPA2016,-0.06944444278875987,0.6726495782534282,8.854167306322664,0.9561394671162134,10.79875084846708,True
NPA2016,-0.04166666567325592,0.6726495782534282,8.833800745766364,0.9789331348270175,11.081675521107664,True
NPA2016,-0.013888888557751973,0.6726495782534282,8.834263134500276,0.9724033448347547,11.007181131352617,True
NPA2016,0.013888888557751973,0.6726495782534282,8.832075180462205,0.9650374353105006,10.926508386673376,True
NPA2016,0.04166666567325592,0.6726495782534282,8.814343591026795,0.973927780829506,11.049351216816497,True
NPA2016,0.06944444278875987,0.6726495782534282,8.817482039416426,0.9557258982594232,10.838988885796208,True
NPA2016,0.09722221990426382,0.6726495782534282,8.81215236494335,0.9496781774544296,10.776915084133758,True
NPA2016,0.12499999701976776,0.6726495782534282,8.803574677295511,0.9495106125827917,10.78551210602651,True
NPA2016,0.15277777413527172,0.6726495782534282,8.801785982402354,0.951393652764513,10.8090977747773,True
NPA2016,0.18055555125077566,0.6726495782534282,8.781176552542917,0.9616983855102986,10.951816988941,True
NPA2016,0.2083333283662796,0.6726495782534282,8.766448839931892,0.9762818775110408,11.136571892874079,True
NPA2016,0.23611110548178355,0.6726495782534282,8.782098211125094,0.9450877339985397,10.761525449593696,True
NPA2016,0.2638888825972875,0.6726495782534282,8.78843116430612,0.9240150299712927,10.513992915187693,True
NPA2016,0.29166665971279143,0.6726495782534282,8.780023706555598,0.9459794040636343,10.774223802577202,True
NPA2016,0.3194444368282954,0.6726495782534282,8.761042279355918,0.9655197834830977,11.020604086778581,True
NPA2016,0.3472222139437993,0.6726495782534282,8.742513758920618,0.9774490489914012,11.18041190377355,True
NPA2016,0.37499999105930326,0.6726495782534282,8.724252167763968,0.9932472299343666,11.384898222043674,True
NPA2016,0.4027777681748072,0.6726495782534282,8.735064356034837,0.9716828196896854,11.123934296126555,True
NPA2016,0.4305555452903112,0.6726495782534282,8.73651449866602,0.9482806695197545,10.854221894378446,True
NPA2016,0.45833332240581515,0.6726495782534282,8.727593775358008,0.9625274804928516,11.02855500917684,True
NPA2016,0.4861110995213191,0.6726495782534282,8.718516829291342,0.9673106116106724,11.094898714433029,True
NPA2016,0.513888876636823,0.6726495782534282,8.721368256651637,0.9607304207720999,11.01582220243214,False
NPA2016,0.5416666537523269,0.6726495782534282,8.72800591383031,0.9541416073727219,10.931954180516751,False
NPA2016,-0.5416666537523269,0.701709407567978,8.948760131041722,1.0006972924263986,11.182524481298259,False
NPA2016,-0.513888876636823,0.701709407567978,8.941675721328677,1.0115929532080485,11.313236855537994,False
NPA2016,-0.4861110995213191,0.701709407567978,8.934070638704515,1.020047883732162,11.417504125309604,True
NPA2016,-0.45833332240581515,0.701709407567978,8.913753144904105,1.0314562873282935,11.571515057245733,True
NPA2016,-0.4305555452903112,0.701709407567978,8.88253277844539,1.0356171662235725,11.65903005431774,True
NPA2016,-0.4027777681748072,0.701709407567978,8.869235910360015,1.037293595055803,11.69541103133988,True
NPA2016,-0.37499999105930326,0.701709407567978,8.879893017607046,1.0358230337559375,11.66481433618748,True
NPA2016,-0.3472222139437993,0.701709407567978,8.899624355819514,1.0328228747481993,11.605241226533689,True
NPA2016,-0.3194444368282954,0.701709407567978,8.931204243477247,0.9986239148447817,11.181290760135845,True
NPA2016,-0.29166665971279143,0.701709407567978,8.92492085830164,0.9995776187841842,11.19984854380432,True
NPA2016,-0.2638888825972875,0.701709407567978,8.923397825639988,0.9943768557993974,11.14347780104806,True
NPA2016,-0.23611110548178355,0.701709407567978,8.915591992593729,0.9986839100284841,11.201543440504015,True
NPA2016,-0.2083333283662796,0.701709407567978,8.907606628687281,0.9987651959244789,11.21249778484737,True
NPA2016,-0.18055555125077566,0.701709407567978,8.90987837493239,0.9834092549380772,11.037291571845271,True
NPA2016,-0.15277777413527172,0.701709407567978,8.911248025249131,0.9713651785192929,10.900439262458264,True
NPA2016,-0.12499999701976776,0.701709407567978,8.886154487040935,0.9926708757040374,11.17098377202076,True
NPA2016,-0.09722221990426382,0.701709407567978,8.89564107925609,0.9737852708110109,10.94676889653067,True
NPA2016,-0.06944444278875987,0.701709407567978,8.888937173602754,0.9782938660453406,11.00574620946309,True
NPA2016,-0.04166666567325592,0.701709407567978,8.897251343253188,0.9535049722620867,10.716848782575221,True
NPA2016,-0.013888888557751973,0.701709407567978,8.879112669611285,0.9687644756885158,10.910600098634934,True
NPA2016,0.013888888557751973,0.701709407567978,8.8750646204744,0.9723225744073175,10.955667547075773,True
NPA2016,0.04166666567325592,0.701709407567978,8.867337831688594,0.9718045367265878,10.959371969044835,True
NPA2016,0.06944444278875987,0.701709407567978,8.858193746036909,0.9728320605249047,10.98228474580546,True
NPA2016,0.09722221990426382,0.701709407567978,8.852895497122326,0.9687849497133765,10.943142275070167,True
NPA2016,0.12499999701976776,0.701709407567978,8.841629343893711,0.9585493095669918,10.841319764540843,True
NPA2016,0.15277777413527172,0.701709407567978,8.84693412297533,0.9448042379255907,10.679453749654932,True
NPA2016,0.18055555125077566,0.701709407567978,8.836686536564223,0.9490777077886641,10.740198872751613,True
NPA2016,0.2083333283662796,0.701709407567978,8.81069186315596,0.9831506882243464,11.158609374771451,True
NPA2016,0.23611110548178355,0.701709407567978,8.80893680767325,0.9797708166209467,11.122463902425684,True
NPA2016,0.2638888825972875,0.701709407567978,8.821881756843602,0.9466057533246122,10.730202233670608,True
NPA2016,0.29166665971279143,0.701709407567978,8.819434977060169,0.9443404635412527,10.70749391539859,True
NPA2016,0.3194444368282954,0.701709407567978,8.79486798752108,0.9777019257420569,11.11673224804858,True
NPA2016,0.3472222139437993,0.701709407567978,8.783625156317536,0.9853571024029576,11.218114216705267,True
NPA2016,0.37499999105930326,0.701709407567978,8.78998740474677,0.9672783079852809,11.004319613278755,True
NPA2016,0.4027777681748072,0.701709407567978,8.773312323930726,0.9808214664129549,11.17960275661901,True
NPA2016,0.4305555452903112,0.701709407567978,8.773397508497439,0.9786374098226256,11.154600129251756,True
NPA2016,0.45833332240581515,0.701709407567978,8.771738748611801,0.9749215276212165,11.11434751491551,True
NPA2016,0.4861110995213191,0.701709407567978,8.771110251365275,0.9690017351472462,11.047651977654885,True
NPA2016,0.513888876636823,0.701709407567978,8.775998241493216,0.9550634689705642,10.882676166170953,False
NPA2016,0.5416666537523269,0.701709407567978,8.750770382344475,0.980987597029352,11.210299826956827,False
NPA2016,-0.5416666537523269,0.7307692368825277,9.000812064426958,0.992548068378942,11.027316882903202,False
NPA2016,-0.513888876636823,0.7307692368825277,8.98557463677566,1.0148671119992276,11.294404120195452,False
NPA2016,-0.4861110995213191,0.7307692368825277,8.961660817097018,1.0344154568054449,11.542675826694886,True
NPA2016,-0.45833332240581515,0.7307692368825277,8.960427367406444,1.037152733481493,11.574813242213605,True
NPA2016,-0.4305555452903112,0.7307692368825277,8.932236594655851,1.0432248921126996,11.679324445311492,True
NPA2016,-0.4027777681748072,0.7307692368825277,8.925847028129262,1.0436283762542282,11.692205490025733,True
NPA2016,-0.37499999105930326,0.7307692368825277,8.935552262588603,1.0407371023935994,11.647149183503304,True
NPA2016,-0.3472222139437993,0.7307692368825277,8.952817035586213,1.0231308739115825,11.42803287328199,True
NPA2016,-0.3194444368282954,0.7307692368825277,8.961406669680395,1.0173599979938792,11.352681956014422,True
NPA2016,-0.29166665971279143,0.7307692368825277,8.963778777212825,1.0075772486362284,11.240541223503085,True
NPA2016,-0.2638888825972875,0.7307692368825277,8.959766859810363,1.0041116899151987,11.206895286742439,True
NPA2016,-0.23611110548178355,0.7307692368825277,8.95612525439462,1.0036170675657434,11.20592933951304,True
NPA2016,-0.2083333283662796,0.7307692368825277,8.94531010039752,1.0089699413187387,11.279317653547876,True
NPA2016,-0.18055555125077566,0.7307692368825277,8.953889222175908,0.9806616333121596,10.952353876384528,True
NPA2016,-0.15277777413527172,0.7307692368825277,8.943462592230569,0.9860392382473503,11.025251440129571,True
NPA2016,-0.12499999701976776,0.7307692368825277,8.932683013024015,0.9902438029634882,11.0856256907325,True
NPA2016,-0.09722221990426382,0.7307692368825277,8.938834179722205,0.9734392269254778,10.890002066866058,True
NPA2016,-0.06944444278875987,0.7307692368825277,8.940928246945445,0.9669685289636036,10.815079846927036,True
NPA2016,-0.04166666567325592,0.7307692368825277,8.93361340170145,0.9595143859000319,10.740495953376355,True
NPA2016,-0.013888888557751973,0.7307692368825277,8.923924833787733,0.9726942271254992,10.899847827524138,True
NPA2016,0.013888888557751973,0.7307692368825277,8.90594615619935,0.9920274904388731,11.138934292212529,True
NPA2016,0.04166666567325592,0.7307692368825277,8.899842566432245,0.9921839141835961,11.148331071898289,True
NPA2016,0.06944444278875987,0.7307692368825277,8.894787771611808,0.9793137767076258,11.009973501932874,True
NPA2016,0.09722221990426382,0.7307692368825277,8.886824894314616,0.98166892582799,11.04634036905596,True
NPA2016,0.12499999701976776,0.7307692368825277,8.865431524171326,0.9941877665934791,11.214206143072188,True
NPA2016,0.15277777413527172,0.7307692368825277,8.863947463657707,0.9918296451928532,11.18948018655759,True
NPA2016,0.18055555125077566,0.7307692368825277,8.876770010486492,0.9669487426161341,10.893024619020633,True
NPA2016,0.2083333283662796,0.7307692368825277,8.851180569446308,0.9912408255244347,11.198967389120188,True
NPA2016,0.23611110548178355,0.7307692368825277,8.8369661084691,1.0062766390587796,11.387127965721088,True
NPA2016,0.2638888825972875,0.7307692368825277,8.837361789249615,1.0009994847193415,11.32690398549743,True
NPA2016,0.29166665971279143,0.7307692368825277,8.837604129456015,0.9897921972819008,11.199779745540898,True
NPA2016,0.3194444368282954,0.7307692368825277,8.830431207436613,0.9924345073608498,11.238800054577897,True
NPA2016,0.3472222139437993,0.7307692368825277,8.815237597345185,1.0028639247106796,11.376482070236023,True
NPA2016,0.37499999105930326,0.7307692368825277,8.796061379023024,1.009760208112273,11.479685788918708,True
NPA2016,0.4027777681748072,0.7307692368825277,8.806774709754913,0.9965265215735499,11.315453777530351,True
NPA2016,0.4305555452903112,0.7307692368825277,8.79909127905015,0.9978663582133389,11.340561503085771,True
NPA2016,0.45833332240581515,0.7307692368825277,8.79240724236985,0.9961349762088358,11.329490874905652,True
NPA2016,0.4861110995213191,0.7307692368825277,8.80947001182176,0.9775829882037254,11.096955740718451,True
NPA2016,0.513888876636823,0.7307692368825277,8.784092501851998,1.0034225069427842,11.423177826636358,False
NPA2016,0.5416666537523269,0.7307692368825277,8.782047501384676,0.9958163071509296,11.339227065145321,False
NPA2016,-0.5416666537523269,0.7598290661970775,9.018382084442422,1.0156193396566429,11.261657913215766,False
NPA2016,-0.513888876636823,0.7598290661970775,9.021015106259746,1.0218497552661416,11.327436471723376,False
NPA2016,-0.4861110995213191,0.7598290661970775,8.996271064260753,1.0445532503656565,11.610957950292597,False
NPA2016,-0.45833332240581515,0.7598290661970775,8.993342500172744,1.042485687943251,11.59174898457639,True
NPA2016,-0.4305555452903112,0.7598290661970775,9.000504533939269,1.0398132602424233,11.552833025320705,True
NPA2016,-0.4027777681748072,0.7598290661970775,8.964866391148053,1.050029268965863,11.71271520569081,True
NPA2016,-0.37499999105930326,0.7598290661970775,8.982242023825274,1.0420027606561928,11.600697886922829,True
NPA2016,-0.3472222139437993,0.7598290661970775,8.998381380321721,1.0232624516455329,11.371627945035465,True
NPA2016,-0.3194444368282954,0.7598290661970775,8.997649319360452,1.021981126319442,11.358312488578783,True
NPA2016,-0.29166665971279143,0.7598290661970775,9.01148070041242,0.9998824758923459,11.095651304525184,True
NPA2016,-0.2638888825972875,0.7598290661970775,9.005970896364449,0.9975006153358398,11.075991992584754,True
NPA2016,-0.23611110548178355,0.7598290661970775,9.005383431958322,0.9904335317287412,10.998238322800214,True
NPA2016,-0.2083333283662796,0.7598290661970775,8.991099715009558,1.0066953982801243,11.196576950420955,True
NPA2016,-0.18055555125077566,0.7598290661970775,8.980373282172808,1.005419692555328,11.195744998164107,True
NPA2016,-0.15277777413527172,0.7598290661970775,8.985900184397938,0.9868492755981837,10.982197168310783,True
NPA2016,-0.12499999701976776,0.7598290661970775,8.977145806303733,0.981108978928009,10.928963393232136,True
NPA2016,-0.09722221990426382,0.7598290661970775,8.95839175144354,0.999534386589822,11.157520393420603,True
NPA2016,-0.06944444278875987,0.7598290661970775,8.965388400724535,0.983916481074725,10.974610770853051,True
NPA2016,-0.04166666567325592,0.7598290661970775,8.962906811948551,0.985668485488229,10.99719662569986,True
NPA2016,-0.013888888557751973,0.7598290661970775,8.952193258439083,0.9874061834170296,11.029768403248202,True
NPA2016,0.013888888557751973,0.7598290661970775,8.940640112028388,1.0024985658621988,11.212827642099992,True
NPA2016,0.04166666567325592,0.7598290661970775,8.937200524082021,0.9933744972579184,11.115052130487497,True
NPA2016,0.06944444278875987,0.7598290661970775,8.924693987211647,1.0039403693017508,11.249017285526145,True
NPA2016,0.09722221990426382,0.7598290661970775,8.91308411606656,1.0083066372164489,11.312657034156045,True
NPA2016,0.12499999701976776,0.7598290661970775,8.893565850659565,1.0188387641296954,11.45590847628498,True
NPA2016,0.15277777413527172,0.7598290661970775,8.876961696646864,1.0203936440723131,11.494852393671486,True
NPA2016,0.18055555125077566,0.7598290661970775,8.883872186709354,1.0084182429647506,11.351111562291347,True
NPA2016,0.2083333283662796,0.7598290661970775,8.872204435171497,1.0169069361136904,11.461716685454554,True
NPA2016,0.23611110548178355,0.7598290661970775,8.870698625999307,1.0181384401943512,11.477545153098417,True
NPA2016,0.2638888825972875,0.7598290661970775,8.858194539681966,1.0215884832072462,11.532694146994023,True
NPA2016,0.29166665971279143,0.7598290661970775,8.863936784258758,1.010502172366215,11.400150937005106,True
NPA2016,0.3194444368282954,0.7598290661970775,8.846222863867972,1.0188924648909892,11.517824958408102,True
NPA2016,0.3472222139437993,0.7598290661970775,8.841310535292424,1.0198456770615636,11.53500573235812,True
NPA2016,0.37499999105930326,0.7598290661970775,8.829992377428905,1.0238674153026224,11.595337476392585,True
NPA2016,0.4027777681748072,0.7598290661970775,8.824967741119675,1.0159037575489898,11.511699389170754,True
NPA2016,0.4305555452903112,0.7598290661970775,8.834598985584407,1.0080177528002225,11.409886905393504,True
NPA2016,0.45833332240581515,0.7598290661970775,8.812422106788675,1.0154216008549681,11.522616467415185,True
NPA2016,0.4861110995213191,0.7598290661970775,8.838166211144774,0.9880707849549488,11.179590441612298,False
NPA2016,0.513888876636823,0.7598290661970775,8.821809075667021,1.0050074066273886,11.392305115732734,False
NPA2016,0.5416666537523269,0.7598290661970775,8.826950879045397,0.9863338001959927,11.174116789722763,False
NPA2016,-0.5416666537523269,0.7888888955116272,9.079041836139572,1.0110056428187906,11.135598459238649,False
NPA2016,-0.513888876636823,0.7888888955116272,9.069140111878815,1.0176207937549924,11.220697675870134,False
NPA2016,-0.4861110995213191,0.7888888955116272,9.05362944755932,1.0335161693298076,11.4154900564041,False
NPA2016,-0.45833332240581515,0.7888888955116272,9.04815775239645,1.0390002645006675,11.483003423823849,True
NPA2016,-0.4305555452903112,0.7888888955116272,9.030623933733272,1.0489078864161552,11.615010148944773,True
NPA2016,-0.4027777681748072,0.7888888955116272,9.025316383855802,1.043117422518614,11.557682613592462,True
NPA2016,-0.37499999105930326,0.7888888955116272,9.040503032148782,1.0255869355608318,11.344356966794427,True
NPA2016,-0.3472222139437993,0.7888888955116272,9.028715885766362,1.0329333457996281,11.440534389037897,True
NPA2016,-0.3194444368282954,0.7888888955116272,9.032613003111265,1.0279037651400291,11.379915920077277,True
NPA2016,-0.29166665971279143,0.7888888955116272,9.033545020849646,1.025765867214607,11.35507560815952,True
NPA2016,-0.2638888825972875,0.7888888955116272,9.029661172692684,1.0188224327023094,11.283063818423345,True
NPA2016,-0.23611110548178355,0.7888888955116272,9.026845821372163,1.015269801775875,11.247226571346765,True
NPA2016,-0.2083333283662796,0.7888888955116272,9.009182903117317,1.0278221361808177,11.408605499896948,True
NPA2016,-0.18055555125077566,0.7888888955116272,9.007759479868747,1.0189934057061556,11.312395807009308,True
NPA2016,-0.15277777413527172,0.7888888955116272,9.007542773004547,1.0200037791805434,11.323884936050234,True
NPA2016,-0.12499999701976776,0.7888888955116272,9.001352829088662,1.012005830153022,11.242819266928814,True
NPA2016,-0.09722221990426382,0.7888888955116272,8.979267400478353,1.02490897319582,11.41417141827428,True
NPA2016,-0.06944444278875987,0.7888888955116272,8.964869941665278,1.0283743152770972,11.471157105108773,True
NPA2016,-0.04166666567325592,0.7888888955116272,8.989011662780184,1.0042278615832674,11.171727207134058,True
NPA2016,-0.013888888557751973,0.7888888955116272,8.972367506273125,1.0218740242280702,11.389123589884345,True
NPA2016,0.013888888557751973,0.7888888955116272,8.954563848299442,1.0295529100033993,11.4975215705109,True
NPA2016,0.04166666567325592,0.7888888955116272,8.95273263074099,1.021382037137785,11.408606503344762,True
NPA2016,0.06944444278875987,0.7888888955116272,8.951357522374227,1.017459235080659,11.366535551032172,True
NPA2016,0.09722221990426382,0.7888888955116272,8.923279321905577,1.0309644448658724,11.55364981498426,True
NPA2016,0.12499999701976776,0.7888888955116272,8.91302825459532,1.028398662353541,11.538151041127085,True
NPA2016,0.15277777413527172,0.7888888955116272,8.898533567304142,1.0343925545302368,11.624303563127555,True
NPA2016,0.18055555125077566,0.7888888955116272,8.90110231779759,1.0271291782070675,11.539348066512408,True
NPA2016,0.2083333283662796,0.7888888955116272,8.880389533077327,1.0227815925670567,11.517305505095694,True
NPA2016,0.23611110548178355,0.7888888955116272,8.889220880815978,1.0281158607664391,11.565871458827607,True
NPA2016,0.2638888825972875,0.7888888955116272,8.89401488666391,1.0287985020678379,11.567312571181604,True
NPA2016,0.29166665971279143,0.7888888955116272,8.88341046630803,1.0296594250979225,11.590812211178303,True
NPA2016,0.3194444368282954,0.7888888955116272,8.871611164625433,1.032061353822544,11.633302391991371,True
NPA2016,0.3472222139437993,0.7888888955116272,8.860200860396702,1.029092619448544,11.614777539055337,True
NPA2016,0.37499999105930326,0.7888888955116272,8.865515413843413,1.0229778294913374,11.538842151173387,True
NPA2016,0.4027777681748072,0.7888888955116272,8.875732939208524,1.0087715720101478,11.365501631464173,True
NPA2016,0.4305555452903112,0.7888888955116272,8.861205294763261,1.002230530719998,11.310318375224753,True
NPA2016,0.45833332240581515,0.7888888955116272,8.866654656476456,1.0045278247170855,11.32927652689563,True
NPA2016,0.4861110995213191,0.7888888955116272,8.86382948902004,1.0120873159571262,11.418172215641524,False
NPA2016,0.513888876636823,0.7888888955116272,8.846593927729023,0.9992918147739451,11.295780307511748,False
NPA2016,0.5416666537523269,0.7888888955116272,8.842659286290006,1.0103413419460574,11.42576355409881,False
NPA2016,-0.5416666537523269,0.817948724826177,9.100987652842392,1.033792174511022,11.359120723432156,False
NPA2016,-0.513888876636823,0.817948724826177,9.104180779197694,1.027435154372418,11.285311433182688,False
NPA2016,-0.4861110995213191,0.817948724826177,9.09739320664985,1.032472680620753,11.349104706896197,False
NPA2016,-0.45833332240581515,0.817948724826177,9.073739994936943,1.0540666737555835,11.616672665777752,True
NPA2016,-0.4305555452903112,0.817948724826177,9.0650859224357,1.0550129005783984,11.638200780505418,True
NPA2016,-0.4027777681748072,0.817948724826177,9.056165937078354,1.0547916241899618,11.647220595543242,True
NPA2016,-0.37499999105930326,0.817948724826177,9.053095686466959,1.050726039630577,11.606262388248666,True
NPA2016,-0.3472222139437993,0.817948724826177,9.073702178447354,1.0312641013591843,11.365417126084791,True
NPA2016,-0.3194444368282954,0.817948724826177,9.065875014450492,1.030167439833879,11.363133047740568,True
NPA2016,-0.29166665971279143,0.817948724826177,9.063021220078555,1.03479525143733,11.417773679540835,True
NPA2016,-0.2638888825972875,0.817948724826177,9.053723181214528,1.0353182092655404,11.43527572627481,True
NPA2016,-0.23611110548178355,0.817948724826177,9.059760369347323,1.026210913003259,11.327130864027351,True
NPA2016,-0.2083333283662796,0.817948724826177,9.053236147713834,1.0285095903695023,11.360684440217836,True
NPA2016,-0.18055555125077566,0.817948724826177,9.04432572786758,1.0253995380383203,11.337490144553685,True
NPA2016,-0.15277777413527172,0.817948724826177,9.027276074444138,1.0333067047551263,11.446495002854478,True
NPA2016,-0.12499999701976776,0.817948724826177,9.01900263131508,1.0389412375296911,11.519469280587192,True
NPA2016,-0.09722221990426382,0.817948724826177,9.013814907913758,1.0379001300916906,11.51454895285743,True
NPA2016,-0.06944444278875987,0.817948724826177,8.991708928074209,1.0377908264818023,11.541641692176864,True
NPA2016,-0.04166666567325592,0.817948724826177,8.997792593173985,1.0320122280726336,11.469615657239657,True
NPA2016,-0.013888888557751973,0.817948724826177,8.977039318633565,1.0406261890384758,11.592086790557515,True
NPA2016,0.013888888557751973,0.817948724826177,8.967421134502846,1.034238227552445,11.533284899190622,True
NPA2016,0.04166666567325592,0.817948724826177,8.969687826482131,1.0310414919760507,11.494731053314931,True
NPA2016,0.06944444278875987,0.817948724826177,8.97015870861032,1.023165481706305,11.406325294157659,True
NPA2016,0.09722221990426382,0.817948724826177,8.940181009263346,1.0411290138920073,11.645502622522342,True
NPA2016,0.12499999701976776,0.817948724826177,8.944884929438496,1.0407350723257243,11.634974407558477,True
NPA2016,0.15277777413527172,0.817948724826177,8.952219504419489,1.03816527064124,11.596736095766236,True
NPA2016,0.18055555125077566,0.817948724826177,8.943045204562196,1.0322399503060948,11.542376524939279,True
NPA2016,0.2083333283662796,0.817948724826177,8.931779608277546,1.0343385689353857,11.580430936482246,True
NPA2016,0.23611110548178355,0.817948724826177,8.925439317360825,1.034170013721121,11.586768751086149,True
NPA2016,0.2638888825972875,0.817948724826177,8.922617728268836,1.0340740190928588,11.58935696434335,True
NPA2016,0.29166665971279143,0.817948724826177,8.918067663840981,1.0298736838864613,11.548170777646895,True
NPA2016,0.3194444368282954,0.817948724826177,8.919753811441865,1.0350083983296916,11.60355341872809,True
NPA2016,0.3472222139437993,0.817948724826177,8.911178226257203,1.019305548839922,11.438504796554183,True
NPA2016,0.37499999105930326,0.817948724826177,8.904329083563294,1.01956001425111,11.45016097993435,True
NPA2016,0.4027777681748072,0.817948724826177,8.915564020087308,1.011528071044768,11.345643066055427,True
NPA2016,0.4305555452903112,0.817948724826177,8.902086145240446,1.0177809825412376,11.433061486215793,True
NPA2016,0.45833332240581515,0.817948724826177,8.897734951548985,1.0203281384002247,11.467279526264134,True
NPA2016,0.4861110995213191,0.817948724826177,8.888949732687337,1.0260461053737024,11.542939674870958,False
NPA2016,0.513888876636823,0.817948724826177,8.89908927198541,1.0092251552820333,11.340768975754667,False
NPA2016,0.5416666537523269,0.817948724826177,8.897702467797124,1.0062719344216606,11.309345733503623,False
NPA2016,-0.5416666537523269,0.8470085541407267,9.117532408790128,1.0512411480685466,11.52988660676495,False
NPA2016,-0.513888876636823,0.8470085541407267,9.120693538719438,1.0477054923981557,11.48712527123519,False
NPA2016,-0.4861110995213191,0.8470085541407267,9.11594681740701,1.0496988189310548,11.514973046207796,False
NPA2016,-0.45833332240581515,0.8470085541407267,9.114353595892682,1.0468529639565969,11.48576202297389,False
NPA2016,-0.4305555452903112,0.8470085541407267,9.114826371630022,1.0511559190801911,11.532374575471051,True
NPA2016,-0.4027777681748072,0.8470085541407267,9.10120738112721,1.0552061877297372,11.59413409167968,True
NPA2016,-0.37499999105930326,0.8470085541407267,9.100753193391972,1.040570223891767,11.433891259102836,True
NPA2016,-0.3472222139437993,0.8470085541407267,9.100516687172759,1.0337809049210112,11.35958474070085,True
NPA2016,-0.3194444368282954,0.8470085541407267,9.121779509670187,1.0124079885811283,11.098799170796156,True
NPA2016,-0.29166665971279143,0.8470085541407267,9.103766593956621,1.0304877524652405,11.319356025112858,True
NPA2016,-0.2638888825972875,0.8470085541407267,9.100424053481563,1.0309872350721896,11.329002132354077,True
NPA2016,-0.23611110548178355,0.8470085541407267,9.089640826292591,1.0398623325194627,11.440081653298872,True
NPA2016,-0.2083333283662796,0.8470085541407267,9.076247091742633,1.0467920925846448,11.533314177144788,True
NPA2016,-0.18055555125077566,0.8470085541407267,9.06189733517313,1.050366520245751,11.591022071821822,True
NPA2016,-0.15277777413527172,0.8470085541407267,9.06374473195127,1.0385395056756455,11.45817249259695,True
NPA2016,-0.12499999701976776,0.8470085541407267,9.048006486438235,1.0503480204001014,11.608612592999732,True
NPA2016,-0.09722221990426382,0.8470085541407267,9.03888356465407,1.048669813286293,11.601762604698704,True
NPA2016,-0.06944444278875987,0.8470085541407267,9.029324110255622,1.0414724500243937,11.534334544946459,True
NPA2016,-0.04166666567325592,0.8470085541407267,9.02210706435721,1.036418175795535,11.48754019878588,True
NPA2016,-0.013888888557751973,0.8470085541407267,9.018193419702605,1.031394800435621,11.43682279182734,True
NPA2016,0.013888888557751973,0.8470085541407267,8.993017036092036,1.0394503069198706,11.558415854748223,True
NPA2016,0.04166666567325592,0.8470085541407267,8.980088349683037,1.0328950313644514,11.502058678530803,True
NPA2016,0.06944444278875987,0.8470085541407267,8.98682898578535,1.03589589285962,11.526823248757905,True
NPA2016,0.09722221990426382,0.8470085541407267,8.98555947397838,1.0425502010505063,11.602507379419908,True
NPA2016,0.12499999701976776,0.8470085541407267,8.972522058200337,1.050736257571298,11.710600996639393,True
NPA2016,0.15277777413527172,0.8470085541407267,8.980605374611748,1.0431247501590553,11.615305501653355,True
NPA2016,0.18055555125077566,0.8470085541407267,8.985272842809911,1.0401974317849727,11.576692772522176,True
NPA2016,0.2083333283662796,0.8470085541407267,8.956034082681223,1.0373945788472232,11.583191502735461,True
NPA2016,0.23611110548178355,0.8470085541407267,8.952544244473108,1.041299927124383,11.631329582841593,True
NPA2016,0.2638888825972875,0.8470085541407267,8.937368874293785,1.0458777356290887,11.70230019975238,True
NPA2016,0.29166665971279143,0.8470085541407267,8.936903993235974,1.0422709243302852,11.662550309583084,True
NPA2016,0.3194444368282954,0.8470085541407267,8.943186125287824,1.0341559206158175,11.56361844792238,True
NPA2016,0.3472222139437993,0.8470085541407267,8.946139041747008,1.0366177612149559,11.587320031329677,True
NPA2016,0.37499999105930326,0.8470085541407267,8.933958929685515,1.0367868808747627,11.605010600952681,True
NPA2016,0.4027777681748072,0.8470085541407267,8.938511569978862,1.0276933728090332,11.49736580596565,True
NPA2016,0.4305555452903112,0.8470085541407267,8.935355480391703,1.0232054039417233,11.451199744510541,True
NPA2016,0.45833332240581515,0.8470085541407267,8.935578968047672,1.0281636957427498,11.506402656384251,False
NPA2016,0.4861110995213191,0.8470085541407267,8.949029413408397,1.0142523926829166,11.33365805193639,False
NPA2016,0.513888876636823,0.8470085541407267,8.943574468332777,1.0033202556114613,11.21833623864817,False
NPA2016,0.5416666537523269,0.8470085541407267,8.952078346992748,0.9826019858801144,10.976244261872415,False
NPA2016,-0.5416666537523269,0.8760683834552765,9.124981742057894,1.0503783991603044,11.511019187238611,False
NPA2016,-0.513888876636823,0.8760683834552765,9.135953856764283,1.056375960769783,11.562842559538975,False
NPA2016,-0.4861110995213191,0.8760683834552765,9.138009731560912,1.0545862068471181,11.540655326780644,False
NPA2016,-0.45833332240581515,0.8760683834552765,9.140476046150953,1.0601332904077672,11.598228418903723,False
NPA2016,-0.4305555452903112,0.8760683834552765,9.121213473679907,1.0670613316781739,11.69867731697407,True
NPA2016,-0.4027777681748072,0.8760683834552765,9.111201196058781,1.06263805365396,11.662985272607346,True
NPA2016,-0.37499999105930326,0.8760683834552765,9.113223988388778,1.0647591787885389,11.683671773514575,True
NPA2016,-0.3472222139437993,0.8760683834552765,9.116129007674191,1.058978181446919,11.616533514997911,True
NPA2016,-0.3194444368282954,0.8760683834552765,9.141418993912957,1.0362846376752999,11.336146372519803,True
NPA2016,-0.29166665971279143,0.8760683834552765,9.136394343680129,1.0345327842769538,11.323206347726945,True
NPA2016,-0.2638888825972875,0.8760683834552765,9.132209021800106,1.041294611584749,11.402439531322653,True
NPA2016,-0.23611110548178355,0.8760683834552765,9.11815051903335,1.0477767790300183,11.491110799749082,True
NPA2016,-0.2083333283662796,0.8760683834552765,9.09013704936734,1.057835648234706,11.637180413119621,True
NPA2016,-0.18055555125077566,0.8760683834552765,9.092592573169664,1.0554406383036916,11.607697472534685,True
NPA2016,-0.15277777413527172,0.8760683834552765,9.094928827439771,1.0496172165849285,11.540686425364765,True
NPA2016,-0.12499999701976776,0.8760683834552765,9.087946338457035,1.0511467234487584,11.566383474346347,True
NPA2016,-0.09722221990426382,0.8760683834552765,9.078995651568173,1.0518222967082476,11.585227453287427,True
NPA2016,-0.06944444278875987,0.8760683834552765,9.053034798577134,1.0564920942910334,11.670032401257115,True
NPA2016,-0.04166666567325592,0.8760683834552765,9.053987938412082,1.042090049323724,11.509735338862061,True
NPA2016,-0.013888888557751973,0.8760683834552765,9.034681158520462,1.0254003445489344,11.349601901356484,True
NPA2016,0.013888888557751973,0.8760683834552765,9.029988377222953,1.0367561388809488,11.48125662593365,True
NPA2016,0.04166666567325592,0.8760683834552765,9.036761650236622,1.039703689168774,11.505268473486296,True
NPA2016,0.06944444278875987,0.8760683834552765,9.048282730603386,1.0389401531024929,11.482180475954369,True
NPA2016,0.09722221990426382,0.8760683834552765,9.024980964403264,1.04747075670097,11.606348654168372,True
NPA2016,0.12499999701976776,0.8760683834552765,9.016836871490714,1.054680402228142,11.696789209559874,True
NPA2016,0.15277777413527172,0.8760683834552765,9.005369188118566,1.0527876305425872,11.690665963274508,True
NPA2016,0.18055555125077566,0.8760683834552765,9.019635653730719,1.0452988127521043,11.58914675583094,True
NPA2016,0.2083333283662796,0.8760683834552765,9.004421798729135,1.0465895932755611,11.623062720398933,True
NPA2016,0.23611110548178355,0.8760683834552765,8.96894770375821,1.0470491186376074,11.674157919316086,True
NPA2016,0.2638888825972875,0.8760683834552765,8.971871074344431,1.0455130536400123,11.653233143638406,True
NPA2016,0.29166665971279143,0.8760683834552765,8.983743767307095,1.0484193076111323,11.670182662894439,True
NPA2016,0.3194444368282954,0.8760683834552765,8.964061370538303,1.0475354227251437,11.685946575154224,True
NPA2016,0.3472222139437993,0.8760683834552765,8.972442874703898,1.04699503516965,11.669007535522507,True
NPA2016,0.37499999105930326,0.8760683834552765,8.970144506541356,1.0438320680771163,11.636736368248203,True
NPA2016,0.4027777681748072,0.8760683834552765,8.978639265245262,1.0353765724893,11.531553300031344,True
NPA2016,0.4305555452903112,0.8760683834552765,8.99186349392486,1.01829768559785,11.324656855454252,True
NPA2016,0.45833332240581515,0.8760683834552765,8.982049544019883,1.01664062314138,11.318581779792613,False
NPA2016,0.4861110995213191,0.8760683834552765,8.982326762836843,1.0231206927632848,11.390374897028993,False
NPA2016,0.513888876636823,0.8760683834552765,8.980345267895572,1.0210783845826183,11.370146181716851,False
NPA2016,0.5416666537523269,0.8760683834552765,8.990110095350317,0.9951614254839993,11.069513219851407,False
NPA2016,-0.5416666537523269,0.9051282127698262,9.151584974121825,1.0516792438873492,11.491771609630574,False
NPA2016,-0.513888876636823,0.9051282127698262,9.155651430253917,1.0541507083688644,11.513661440687125,False
NPA2016,-0.4861110995213191,0.9051282127698262,9.18690262355645,1.063316081236158,11.574260932184835,False
NPA2016,-0.45833332240581515,0.9051282127698262,9.16513920597477,1.069741995156661,11.671857580289608,False
NPA2016,-0.4305555452903112,0.9051282127698262,9.153152812918778,1.0668935260128172,11.65602222336987,False
NPA2016,-0.4027777681748072,0.9051282127698262,9.123185876512363,1.0601928594380772,11.620862205247215,True
NPA2016,-0.37499999105930326,0.9051282127698262,9.14352145706528,1.068120660539754,11.681720938210384,True
NPA2016,-0.3472222139437993,0.9051282127698262,9.138641974255094,1.0681007756409666,11.687740680179445,True
NPA2016,-0.3194444368282954,0.9051282127698262,9.151972133660987,1.0589795364401668,11.571052894110508,True
NPA2016,-0.29166665971279143,0.9051282127698262,9.158811432371857,1.0565131865690016,11.535483554500875,True
NPA2016,-0.2638888825972875,0.9051282127698262,9.167173346036398,1.0485990044869065,11.43862960702372,True
NPA2016,-0.23611110548178355,0.9051282127698262,9.130147382634355,1.0615926050425533,11.627332621833844,True
NPA2016,-0.2083333283662796,0.9051282127698262,9.096528815822259,1.0634267729323807,11.690467808805098,True
NPA2016,-0.18055555125077566,0.9051282127698262,9.115100638644357,1.0627787148233931,11.659539010657099,True
NPA2016,-0.15277777413527172,0.9051282127698262,9.117676740797055,1.062231008776531,11.650237653453726,True
NPA2016,-0.12499999701976776,0.9051282127698262,9.11345439607256,1.0601143875399845,11.632410077092615,True
NPA2016,-0.09722221990426382,0.9051282127698262,9.10126606908871,1.0596478218966714,11.642861705753555,True
NPA2016,-0.06944444278875987,0.9051282127698262,9.101753617762537,1.0532102715988638,11.57150935775135,True
NPA2016,-0.04166666567325592,0.9051282127698262,9.092712733812055,1.0525922856458485,11.576218412044307,True
NPA2016,-0.013888888557751973,0.9051282127698262,9.100275279847303,1.0421755025386021,11.452131616793126,True
NPA2016,0.013888888557751973,0.9051282127698262,9.073413430892108,1.0477959672216302,11.547979987930624,True
NPA2016,0.04166666567325592,0.9051282127698262,9.081327895842294,1.0503650556991728,11.56620560061554,True
NPA2016,0.06944444278875987,0.9051282127698262,9.068113914930102,1.0548134750042153,11.632115397971884,True
NPA2016,0.09722221990426382,0.9051282127698262,9.056344395821556,1.0586738411250598,11.689858455620504,True
NPA2016,0.12499999701976776,0.9051282127698262,9.063234640973919,1.0519925934037269,11.60725320569083,True
NPA2016,0.15277777413527172,0.9051282127698262,9.0367061786261,1.050681232038492,11.626816356202841,True
NPA2016,0.18055555125077566,0.9051282127698262,9.02829640955848,1.0539808920598068,11.674194601585425,True
NPA2016,0.2083333283662796,0.9051282127698262,9.026387762876864,1.0533609606623955,11.669795142134149,True
NPA2016,0.23611110548178355,0.9051282127698262,9.008404880362136,1.0542615767222139,11.703088290585722,True
NPA2016,0.2638888825972875,0.9051282127698262,9.005453286644682,1.0516484493862188,11.677906884996455,True
NPA2016,0.29166665971279143,0.9051282127698262,9.006905810210938,1.0531394808904524,11.6925779294431,True
NPA2016,0.3194444368282954,0.9051282127698262,9.002199564795141,1.0533076997953579,11.700559315686837,True
NPA2016,0.3472222139437993,0.9051282127698262,8.994197896356548,1.0523747976775113,11.700596426767715,True
NPA2016,0.37499999105930326,0.9051282127698262,9.00183574120459,1.0539660661798098,11.708345902774406,True
NPA2016,0.4027777681748072,0.9051282127698262,9.012813926599279,1.045354437707932,11.598535665124574,True
NPA2016,0.4305555452903112,0.9051282127698262,9.011698924948718,1.0423013634094895,11.566091722437575,False
NPA2016,0.45833332240581515,0.9051282127698262,9.028371986843156,1.0203659997954273,11.301771806504913,False
NPA2016,0.4861110995213191,0.9051282127698262,9.02277245913594,1.0237727049639775,11.346542424744008,False
NPA2016,0.513888876636823,0.9051282127698262,9.024298930926081,1.0165137899901577,11.264185703186167,False
NPA2016,0.5416666537523269,0.9051282127698262,9.008421658296617,1.0269063839429293,11.399404056504887,False
NPA2016,-0.5416666537523269,0.934188042084376,9.208578433865636,1.0437482830106655,11.334521289107533,False
NPA2016,-0.513888876636823,0.934188042084376,9.201943589253633,1.0701482512738656,11.629589345924964,False
NPA2016,-0.4861110995213191,0.934188042084376,9.193447090100136,1.0706065642772686,11.645322519233723,False
NPA2016,-0.45833332240581515,0.934188042084376,9.197405262418057,1.0706927413466718,11.641247838906033,False
NPA2016,-0.4305555452903112,0.934188042084376,9.191246382047167,1.070171538090369,11.643377770621894,False
NPA2016,-0.4027777681748072,0.934188042084376,9.170628208168813,1.0692771010462567,11.659802107055102,False
NPA2016,-0.37499999105930326,0.934188042084376,9.176127555595334,1.0746164529069906,11.711001687762295,True
NPA2016,-0.3472222139437993,0.934188042084376,9.182158408491512,1.069041178043301,11.64259132204329,True
NPA2016,-0.3194444368282954,0.934188042084376,9.17120450585005,1.0708658120688752,11.676392249085717,True
NPA2016,-0.29166665971279143,0.934188042084376,9.168133224892447,1.0683564729450217,11.65293355515735,True
NPA2016,-0.2638888825972875,0.934188042084376,9.17177593027241,1.0629035064055676,11.588851651917736,True
NPA2016,-0.23611110548178355,0.934188042084376,9.160577264718588,1.0660294227790448,11.637142419886494,True
NPA2016,-0.2083333283662796,0.934188042084376,9.150671321607971,1.0697734474432925,11.69065536117748,True
NPA2016,-0.18055555125077566,0.934188042084376,9.142866839150622,1.0716586272222746,11.721253804477724,True
NPA2016,-0.15277777413527172,0.934188042084376,9.15530020751872,1.0582256979521931,11.558612759449803,True
NPA2016,-0.12499999701976776,0.934188042084376,9.150979548275545,1.0581883649712147,11.56366222204731,True
NPA2016,-0.09722221990426382,0.934188042084376,9.153707793573002,1.0590353259521945,11.5694683491619,True
NPA2016,-0.06944444278875987,0.934188042084376,9.151019884936186,1.049843846486187,11.472424491333165,True
NPA2016,-0.04166666567325592,0.934188042084376,9.147282554790758,1.0515867849002414,11.49616597717852,True
NPA2016,-0.013888888557751973,0.934188042084376,9.157543410389836,1.0358711988894003,11.311671181532551,True
NPA2016,0.013888888557751973,0.934188042084376,9.145185925625686,1.0411119125265487,11.384261850918236,True
NPA2016,0.04166666567325592,0.934188042084376,9.130612723170813,1.0417734978679818,11.40967785463364,True
NPA2016,0.06944444278875987,0.934188042084376,9.093093961898957,1.0576219673249359,11.631046283657529,True
NPA2016,0.09722221990426382,0.934188042084376,9.068807783464804,1.0537366366810974,11.619351317627219,True
NPA2016,0.12499999701976776,0.934188042084376,9.091782331210949,1.0526547258263348,11.578089834076902,True
NPA2016,0.15277777413527172,0.934188042084376,9.065636865246836,1.0517343883137011,11.601329326851047,True
NPA2016,0.18055555125077566,0.934188042084376,9.046544202430361,1.047983327365373,11.584349823702086,True
NPA2016,0.2083333283662796,0.934188042084376,9.049662308444814,1.0470470150167854,11.570011999671186,True
NPA2016,0.23611110548178355,0.934188042084376,9.039825412451858,1.0522451391956267,11.640104661161015,True
NPA2016,0.2638888825972875,0.934188042084376,9.028699539463437,1.0543600463659752,11.67787278508367,True
NPA2016,0.29166665971279143,0.934188042084376,9.045140216523297,1.055871646881312,11.673358528511127,True
NPA2016,0.3194444368282954,0.934188042084376,9.049729921432009,1.0545008641868874,11.652290989254467,True
NPA2016,0.3472222139437993,0.934188042084376,9.026330481198691,1.0519012047425138,11.65369700271402,True
NPA2016,0.37499999105930326,0.934188042084376,9.021418361477085,1.0501266887780452,11.640372352780533,True
NPA2016,0.4027777681748072,0.934188042084376,9.02320211349325,1.052011502053852,11.658959744242894,False
NPA2016,0.4305555452903112,0.934188042084376,9.028059471707714,1.0529026873152,11.662558167841102,False
NPA2016,0.45833332240581515,0.934188042084376,9.04751904915324,1.0410636192909237,11.50661981074643,False
NPA2016,0.4861110995213191,0.934188042084376,9.059318754620161,1.0281263607238906,11.34882642471937,False
NPA2016,0.513888876636823,0.934188042084376,9.04216592734272,1.0337590117051334,11.432648106789728,False
NPA2016,0.5416666537523269,0.934188042084376,9.034412892576366,1.0415545282171794,11.528746146559577,False
NPA2016,-0.5416666537523269,0.9632478713989258,9.24005681850107,1.076405915339619,11.649343034172322,False
NPA2016,-0.513888876636823,0.9632478713989258,9.242853915985833,1.0753109558520344,11.633971126518047,False
NPA2016,-0.4861110995213191,0.9632478713989258,9.239197927494326,1.0676864796895238,11.55605159742563,False
NPA2016,-0.45833332240581515,0.9632478713989258,9.240971835527457,1.072597780227924,11.606980297291452,False
NPA2016,-0.4305555452903112,0.9632478713989258,9.245513142012818,1.069860158315703,11.571668785522773,False
NPA2016,-0.4027777681748072,0.9632478713989258,9.2200551118814,1.0779818982389484,11.69170775183122,False
NPA2016,-0.37499999105930326,0.9632478713989258,9.207525949165689,1.0781284890624343,11.709209346948683,False
NPA2016,-0.3472222139437993,0.9632478713989258,9.21307639619341,1.0723961320431017,11.639935304196396,True
NPA2016,-0.3194444368282954,0.9632478713989258,9.185507200661688,1.0672703620477533,11.619068372956818,True
NPA2016,-0.29166665971279143,0.9632478713989258,9.201585711039089,1.072600124455288,11.656687859446833,True
NPA2016,-0.2638888825972875,0.9632478713989258,9.206824715048267,1.0737702457599185,11.662764079833893,True
NPA2016,-0.23611110548178355,0.9632478713989258,9.205971045390458,1.0704048502855426,11.627288908555794,True
NPA2016,-0.2083333283662796,0.9632478713989258,9.181630035831276,1.0752027379647526,11.71036878820839,True
NPA2016,-0.18055555125077566,0.9632478713989258,9.179577001448425,1.0704649309838559,11.661375364191068,True
NPA2016,-0.15277777413527172,0.9632478713989258,9.177813313335584,1.069924874452279,11.65773194468504,True
NPA2016,-0.12499999701976776,0.9632478713989258,9.19082842351133,1.0640625712061027,11.577439183655008,True
NPA2016,-0.09722221990426382,0.9632478713989258,9.183772417936181,1.0625514787333694,11.569880332162573,True
NPA2016,-0.06944444278875987,0.9632478713989258,9.192433535777552,1.0534148382316524,11.459586127348032,True
NPA2016,-0.04166666567325592,0.9632478713989258,9.208237820911405,1.0316444619848988,11.203494979702745,True
NPA2016,-0.013888888557751973,0.9632478713989258,9.202938318873016,1.0273671652799354,11.16346898873648,True
NPA2016,0.013888888557751973,0.9632478713989258,9.175264403967988,1.0478650060779024,11.420542885115514,True
NPA2016,0.04166666567325592,0.9632478713989258,9.161988045341026,1.0427035920432455,11.380756958894658,True
NPA2016,0.06944444278875987,0.9632478713989258,9.118160669335566,1.0586866093716698,11.610747471604002,True
NPA2016,0.09722221990426382,0.9632478713989258,9.113000264031626,1.0599842825707944,11.631562074616394,True
NPA2016,0.12499999701976776,0.9632478713989258,9.08377679201249,1.0541974418094537,11.605276813235067,True
NPA2016,0.15277777413527172,0.9632478713989258,9.090041115783777,1.0581280533009063,11.64051999130777,True
NPA2016,0.18055555125077566,0.9632478713989258,9.079038327393118,1.061601887881193,11.692889154109483,True
NPA2016,0.2083333283662796,0.9632478713989258,9.072888358124281,1.0506732617975345,11.580361405601485,True
NPA2016,0.23611110548178355,0.9632478713989258,9.059422234793354,1.0499611379692484,11.589714120364079,True
NPA2016,0.2638888825972875,0.9632478713989258,9.042220354683495,1.0457242769043225,11.564905917855459,True
NPA2016,0.29166665971279143,0.9632478713989258,9.055111614463646,1.053112656248032,11.63003506843477,True
NPA2016,0.3194444368282954,0.9632478713989258,9.056057291250704,1.0609866064565752,11.71576738457278,True
NPA2016,0.3472222139437993,0.9632478713989258,9.047774477540846,1.0565838377756902,11.677831276613187,True
NPA2016,0.37499999105930326,0.9632478713989258,9.043597551589826,1.0576570763673703,11.695092249891623,False
NPA2016,0.4027777681748072,0.9632478713989258,9.05018713058786,1.0487396859654055,11.588044212045856,False
NPA2016,0.4305555452903112,0.9632478713989258,9.054349701310294,1.0590044688248519,11.696085348587749,False
NPA2016,0.45833332240581515,0.9632478713989258,9.07024334808991,1.0542072391141084,11.622700722093773,False
NPA2016,0.4861110995213191,0.9632478713989258,9.082735237336228,1.0446416285216304,11.50139909646867,False
NPA2016,0.513888876636823,0.9632478713989258,9.071811896990297,1.047308864862783,11.544649258107333,False
NPA2016,0.5416666537523269,0.9632478713989258,9.06065873375165,1.047319656070409,11.558979174097605,False
NPA2016,-0.5416666537523269,0.9923077007134755,9.286311425559605,1.0809055848493623,11.639773159817603,False
NPA2016,-0.513888876636823,0.9923077007134755,9.283166822939984,1.0764044192855111,11.595228652204844,False
NPA2016,-0.4861110995213191,0.9923077007134755,9.276088330755684,1.0732191382285046,11.569738234058773,False
NPA2016,-0.45833332240581515,0.9923077007134755,9.268102688377336,1.073380390421176,11.581446888447283,False
NPA2016,-0.4305555452903112,0.9923077007134755,9.270455483880781,1.07816643492198,11.630134428633705,False
NPA2016,-0.4027777681748072,0.9923077007134755,9.249274323279883,1.0812038636659989,11.689607485688601,False
NPA2016,-0.37499999105930326,0.9923077007134755,9.246077451477063,1.0799312699044914,11.679885611730107,False
NPA2016,-0.3472222139437993,0.9923077007134755,9.258221543193136,1.0759987231929524,11.62208873672992,False
NPA2016,-0.3194444368282954,0.9923077007134755,9.233020278114607,1.0754811271502074,11.648204972531717,True
NPA2016,-0.29166665971279143,0.9923077007134755,9.230409130268244,1.0786661908122999,11.686006281944222,True
NPA2016,-0.2638888825972875,0.9923077007134755,9.213580179781376,1.0759517428799732,11.677889830937618,True
NPA2016,-0.23611110548178355,0.9923077007134755,9.209927672188936,1.0795453426920727,11.721539854780376,True
NPA2016,-0.2083333283662796,0.9923077007134755,9.218105738678512,1.0805455376809152,11.721991136932001,True
NPA2016,-0.18055555125077566,0.9923077007134755,9.22736511171357,1.0737623956319817,11.636717336229674,True
NPA2016,-0.15277777413527172,0.9923077007134755,9.232144818027404,1.0496061418192302,11.369038966651472,True
NPA2016,-0.12499999701976776,0.9923077007134755,9.234772896967817,1.0544938414932776,11.418730631042529,True
NPA2016,-0.09722221990426382,0.9923077007134755,9.20096800458027,1.0727926314905227,11.659562678149552,True
NPA2016,-0.06944444278875987,0.9923077007134755,9.218760509752672,1.0632329379291876,11.533361093439588,True
NPA2016,-0.04166666567325592,0.9923077007134755,9.215558026740208,1.0599383886136275,11.501619169865467,True
NPA2016,-0.013888888557751973,0.9923077007134755,9.217788726221194,1.051125281116422,11.40322600502179,True
NPA2016,0.013888888557751973,0.9923077007134755,9.206629046739117,1.0490897983748966,11.394939375193706,True
NPA2016,0.04166666567325592,0.9923077007134755,9.181057567139128,1.0551467555071334,11.492649379345124,True
NPA2016,0.06944444278875987,0.9923077007134755,9.141126974312368,1.0627315133751827,11.625825966115361,True
NPA2016,0.09722221990426382,0.9923077007134755,9.135806976739154,1.0679355311015468,11.68955882956631,True
NPA2016,0.12499999701976776,0.9923077007134755,9.12904033135764,1.0636359131993105,11.651125141224238,True
NPA2016,0.15277777413527172,0.9923077007134755,9.126854312699564,1.0645077323605996,11.663468002106598,True
NPA2016,0.18055555125077566,0.9923077007134755,9.11073613399421,1.057330607920554,11.605325764791004,True
NPA2016,0.2083333283662796,0.9923077007134755,9.112703955963186,1.057534810669045,11.60506053724058,True
NPA2016,0.23611110548178355,0.9923077007134755,9.113487743087441,1.0551436576873952,11.57782494948456,True
NPA2016,0.2638888825972875,0.9923077007134755,9.10736382486866,1.065357295979945,11.697757072917959,True
NPA2016,0.29166665971279143,0.9923077007134755,9.115193425495017,1.067433518478539,11.710486751635447,True
NPA2016,0.3194444368282954,0.9923077007134755,9.097807698209941,1.0656103992574124,11.712826151151546,True
NPA2016,0.3472222139437993,0.9923077007134755,9.10052743618956,1.0637569662419302,11.68895949933349,False
NPA2016,0.37499999105930326,0.9923077007134755,9.108420611960067,1.059588536687022,11.633065509685615,False
NPA2016,0.4027777681748072,0.9923077007134755,9.074759160469087,1.0543714020824229,11.618726000745136,False
NPA2016,0.4305555452903112,0.9923077007134755,9.067929162721075,1.0581295030855047,11.668921140623297,False
NPA2016,0.45833332240581515,0.9923077007134755,9.099637286707562,1.0592612915753856,11.640697955320903,False
NPA2016,0.4861110995213191,0.9923077007134755,9.110893665571039,1.0492814459332755,11.516778534013438,False
NPA2016,0.513888876636823,0.9923077007134755,9.106771737828335,1.050461741394138,11.534951919686948,False
NPA2016,0.5416666537523269,0.9923077007134755,9.105079770163831,1.039665603918887,11.418522738545759,False
NPA2016,-0.5416666537523269,1.0213675300280254,9.31255481618173,1.0860806539846581,11.662542400260097,False
NPA2016,-0.513888876636823,1.0213675300280254,9.306739528414836,1.0811394570348196,11.61673702948216,False
NPA2016,-0.4861110995213191,1.0213675300280254,9.311402944846245,1.080337605027903,11.60230753010058,False
NPA2016,-0.45833332240581515,1.0213675300280254,9.315710362748591,1.076206111233044,11.552593085510127,False
NPA2016,-0.4305555452903112,1.0213675300280254,9.307406649719589,1.0800294056134956,11.60397784538655,False
NPA2016,-0.4027777681748072,1.0213675300280254,9.28449331010597,1.0888189555536478,11.727284615181874,False
NPA2016,-0.37499999105930326,1.0213675300280254,9.274312194947113,1.0831810333380074,11.679367812614208,False
NPA2016,-0.3472222139437993,1.0213675300280254,9.27122083616259,1.0844046251175876,11.696459876005163,False
NPA2016,-0.3194444368282954,1.0213675300280254,9.267908203573981,1.079905500870891,11.652095350431367,False
NPA2016,-0.29166665971279143,1.0213675300280254,9.267994585569927,1.079116234749383,11.643470707563257,True
NPA2016,-0.2638888825972875,1.0213675300280254,9.260544583969532,1.0725356212644834,11.581776984488542,True
NPA2016,-0.23611110548178355,1.0213675300280254,9.24894794024176,1.0749679861917536,11.622597436348581,True
NPA2016,-0.2083333283662796,1.0213675300280254,9.249569503537044,1.080908384528771,11.686039919105754,True
NPA2016,-0.18055555125077566,1.0213675300280254,9.244556020029009,1.0787871232259971,11.669431402532753,True
NPA2016,-0.15277777413527172,1.0213675300280254,9.267962965081121,1.0626765287325186,11.466128347041977,True
NPA2016,-0.12499999701976776,1.0213675300280254,9.274058771557502,1.0492369538848327,11.313675918279973,True
NPA2016,-0.09722221990426382,1.0213675300280254,9.262495196372644,1.0612128799167009,11.457095063674533,True
NPA2016,-0.06944444278875987,1.0213675300280254,9.258678863737652,1.0615622891150551,11.465591416856975,True
NPA2016,-0.04166666567325592,1.0213675300280254,9.24264541012022,1.0690386656080932,11.566371078539387,True
NPA2016,-0.013888888557751973,1.0213675300280254,9.249774444961766,1.0577584919758312,11.435505787408456,True
NPA2016,0.013888888557751973,1.0213675300280254,9.217679620914861,1.0634284583892106,11.53683467123654,True
NPA2016,0.04166666567325592,1.0213675300280254,9.206276153172325,1.065987678221268,11.578923556990487,True
NPA2016,0.06944444278875987,1.0213675300280254,9.183774910260071,1.0695830284493737,11.64644211014406,True
NPA2016,0.09722221990426382,1.0213675300280254,9.15734286882172,1.0581621301057589,11.555340290997677,True
NPA2016,0.12499999701976776,1.0213675300280254,9.16092801405151,1.0631300531933274,11.605047562459207,True
NPA2016,0.15277777413527172,1.0213675300280254,9.169200830618728,1.0645217742294515,11.609755243605225,True
NPA2016,0.18055555125077566,1.0213675300280254,9.14933085515061,1.0639162534693647,11.628350425981521,True
NPA2016,0.2083333283662796,1.0213675300280254,9.154933766291931,1.0615319041237357,11.595189339678786,True
NPA2016,0.23611110548178355,1.0213675300280254,9.151455637828938,1.061200994694877,11.595980319330193,True
NPA2016,0.2638888825972875,1.0213675300280254,9.152773130351218,1.065618848994612,11.642579072138775,True
NPA2016,0.29166665971279143,1.0213675300280254,9.124344570410406,1.0668457869738572,11.692300512560228,True
NPA2016,0.3194444368282954,1.0213675300280254,9.11832390958722,1.0663055665282961,11.69409616395791,False
NPA2016,0.3472222139437993,1.0213675300280254,9.127181085598327,1.067115304824681,11.69161973249846,False
NPA2016,0.37499999105930326,1.0213675300280254,9.1389963715704,1.0657610433575866,11.661685813476819,False
NPA2016,0.4027777681748072,1.0213675300280254,9.102338005053662,1.0619811431900963,11.667124892532877,False
NPA2016,0.4305555452903112,1.0213675300280254,9.103294319468828,1.0590306528303393,11.633488006264232,False
NPA2016,0.45833332240581515,1.0213675300280254,9.140003423573212,1.056974143287115,11.564264194486475,False
NPA2016,0.4861110995213191,1.0213675300280254,9.133322923486508,1.059585883666832,11.601318518390357,False
NPA2016,0.513888876636823,1.0213675300280254,9.144224668333562,1.043414305132377,11.410637238012308,False
NPA2016,0.5416666537523269,1.0213675300280254,9.135257092121476,1.0387943841892044,11.371266005037695,False
NPA2016,-0.5416666537523269,1.050427359342575,9.339176413470122,1.0892487728623677,11.66322087343074,False
NPA2016,-0.513888876636823,1.050427359342575,9.340592178740255,1.0888158218392614,11.65681790837064,False
NPA2016,-0.4861110995213191,1.050427359342575,9.360351475535445,1.0698999437785188,11.430125744474962,False
NPA2016,-0.45833332240581515,1.050427359342575,9.364448034484433,1.0703704583843314,11.430150014637372,False
NPA2016,-0.4305555452903112,1.050427359342575,9.335606806974651,1.0827869740257892,11.59846377866768,False
NPA2016,-0.4027777681748072,1.050427359342575,9.305723648851544,1.0831104142768049,11.639185249289838,False
NPA2016,-0.37499999105930326,1.050427359342575,9.285737801208981,1.077007094059383,11.598508563521568,False
NPA2016,-0.3472222139437993,1.050427359342575,9.287842004810868,1.0798628109104234,11.626627696197692,False
NPA2016,-0.3194444368282954,1.050427359342575,9.29894015591764,1.0781955814965498,11.594822242300484,False
NPA2016,-0.29166665971279143,1.050427359342575,9.289388498733526,1.0846562651745064,11.676293496847329,False
NPA2016,-0.2638888825972875,1.050427359342575,9.279892939721941,1.0778921474072205,11.615351108129465,False
NPA2016,-0.23611110548178355,1.050427359342575,9.28402973786622,1.082241821463976,11.657026657830496,True
NPA2016,-0.2083333283662796,1.050427359342575,9.291545389226647,1.0834853322171893,11.660980889933208,True
NPA2016,-0.18055555125077566,1.050427359342575,9.283139769391008,1.0835082195608752,11.671786124921777,True
NPA2016,-0.15277777413527172,1.050427359342575,9.309691553763784,1.0619885303100811,11.407343886497864,True
NPA2016,-0.12499999701976776,1.050427359342575,9.310462907115982,1.0549286498674075,11.330571426917196,True
NPA2016,-0.09722221990426382,1.050427359342575,9.306656056450572,1.0466524284920171,11.24627817062787,True
NPA2016,-0.06944444278875987,1.050427359342575,9.28604125208275,1.0665868191264232,11.485915151272888,True
NPA2016,-0.04166666567325592,1.050427359342575,9.27146910782133,1.0707909957078436,11.549313094345898,True
NPA2016,-0.013888888557751973,1.050427359342575,9.28544935997275,1.0537325666037836,11.34821294859634,True
NPA2016,0.013888888557751973,1.050427359342575,9.257866964870937,1.0701860002062105,11.559747015884343,True
NPA2016,0.04166666567325592,1.050427359342575,9.24006340436239,1.0709791686718917,11.590604109559079,True
NPA2016,0.06944444278875987,1.050427359342575,9.231615234014173,1.0757891015837227,11.653313903507852,True
NPA2016,0.09722221990426382,1.050427359342575,9.206831927471566,1.071787616637857,11.641220618352243,True
NPA2016,0.12499999701976776,1.050427359342575,9.206050925066638,1.0751992833278718,11.679267169816237,True
NPA2016,0.15277777413527172,1.050427359342575,9.195242830333346,1.0713098595682253,11.65069677153255,True
NPA2016,0.18055555125077566,1.050427359342575,9.203408699751755,1.0707841187405798,11.634647049516145,True
NPA2016,0.2083333283662796,1.050427359342575,9.19881334186263,1.0762601322338397,11.69998881633913,True
NPA2016,0.23611110548178355,1.050427359342575,9.186553545055304,1.07557319112617,11.708125205508665,True
NPA2016,0.2638888825972875,1.050427359342575,9.173462662664388,1.075750471879454,11.726765687483677,False
NPA2016,0.29166665971279143,1.050427359342575,9.1516477556209,1.0659957353739955,11.648128990970678,False
NPA2016,0.3194444368282954,1.050427359342575,9.152815722634546,1.0701603068755803,11.692143044343357,False
NPA2016,0.3472222139437993,1.050427359342575,9.161907636568063,1.072971357533456,11.7112221613203,False
NPA2016,0.37499999105930326,1.050427359342575,9.160784559231276,1.07025599328667,11.683016736903593,False
NPA2016,0.4027777681748072,1.050427359342575,9.153077987508286,1.0690572791795256,11.679757133485888,False
NPA2016,0.4305555452903112,1.050427359342575,9.164317699826123,1.0696479733838253,11.671877911916127,False
NPA2016,0.45833332240581515,1.050427359342575,9.161729762616016,1.0660923857817397,11.636365767214361,False
NPA2016,0.4861110995213191,1.050427359342575,9.164750403451183,1.0659063256784218,11.630500327396062,False
NPA2016,0.513888876636823,1.050427359342575,9.18436975417264,1.046514345631253,11.394514524590008,False
NPA2016,0.5416666537523269,1.050427359342575,9.169717590999069,1.0473162144974197,11.421466409450364,False
NPA2016,-0.5416666537523269,1.079487188657125,9.382523272218222,1.0877710455945524,11.593587503432655,False
NPA2016,-0.513888876636823,1.079487188657125,9.388479425016373,1.0812639791875938,11.516923350830139,False
NPA2016,-0.4861110995213191,1.079487188657125,9.38019807328415,1.0816965997586216,11.53170318268027,False
NPA2016,-0.45833332240581515,1.079487188657125,9.370034098073269,1.0884909356230255,11.616723314239042,False
NPA2016,-0.4305555452903112,1.079487188657125,9.36368976931345,1.0896399029865345,11.636864631691312,False
NPA2016,-0.4027777681748072,1.079487188657125,9.33572599296526,1.0901786133789475,11.677491543779547,False
NPA2016,-0.37499999105930326,1.079487188657125,9.333251686230545,1.0881632789861633,11.658994266612817,False
NPA2016,-0.3472222139437993,1.079487188657125,9.32564618589847,1.0893813959019711,11.681564732203228,False
NPA2016,-0.3194444368282954,1.079487188657125,9.31974962609566,1.0833286329770748,11.624010047906358,False
NPA2016,-0.29166665971279143,1.079487188657125,9.320769237183006,1.0877710247836347,11.670399696671272,False
NPA2016,-0.2638888825972875,1.079487188657125,9.32717269945943,1.088345341589932,11.668544977761682,False
NPA2016,-0.23611110548178355,1.079487188657125,9.321812156371672,1.0834970190338502,11.623244502875496,False
NPA2016,-0.2083333283662796,1.079487188657125,9.313608762859333,1.0803372960810775,11.599556343715339,True
NPA2016,-0.18055555125077566,1.079487188657125,9.298749082395528,1.0700299044882557,11.507245705920226,True
NPA2016,-0.15277777413527172,1.079487188657125,9.327906027468048,1.0761283107262685,11.536654717118447,True
NPA2016,-0.12499999701976776,1.079487188657125,9.329039812050985,1.0725377224742885,11.496764341050568,True
NPA2016,-0.09722221990426382,1.079487188657125,9.346280901010156,1.0447692375011859,11.178448931363343,True
NPA2016,-0.06944444278875987,1.079487188657125,9.31604475185502,1.072067071235838,11.507749262608113,True
NPA2016,-0.04166666567325592,1.079487188657125,9.2773275726626,1.078808743052715,11.6284429390165,True
NPA2016,-0.013888888557751973,1.079487188657125,9.278209507222419,1.0740326413240264,11.575861059054219,True
NPA2016,0.013888888557751973,1.079487188657125,9.280633870014547,1.0762174379194793,11.596378577078728,True
NPA2016,0.04166666567325592,1.079487188657125,9.28260034139463,1.0755789999630163,11.587044151482019,True
NPA2016,0.06944444278875987,1.079487188657125,9.267433715234219,1.0821832910353117,11.677270367268672,True
NPA2016,0.09722221990426382,1.079487188657125,9.246529077270463,1.081642113895228,11.69781768765631,True
NPA2016,0.12499999701976776,1.079487188657125,9.226913290989835,1.0800873456349616,11.705836085938694,True
NPA2016,0.15277777413527172,1.079487188657125,9.219835648144914,1.0793219482232312,11.706520478381817,True
NPA2016,0.18055555125077566,1.079487188657125,9.231704567812757,1.0782194174820743,11.679526890856017,True
NPA2016,0.2083333283662796,1.079487188657125,9.22860234862257,1.0802447556915515,11.705399310576919,True
NPA2016,0.23611110548178355,1.079487188657125,9.207039862469678,1.0765959312863367,11.693182036441762,False
NPA2016,0.2638888825972875,1.079487188657125,9.216534920231794,1.0773010383415522,11.68878594466887,False
NPA2016,0.29166665971279143,1.079487188657125,9.206350073548984,1.0768966585071096,11.697324671599993,False
NPA2016,0.3194444368282954,1.079487188657125,9.200819286640249,1.076184202934386,11.696612762485449,False
NPA2016,0.3472222139437993,1.079487188657125,9.182947403041126,1.0751244092399612,11.707835861979468,False
NPA2016,0.37499999105930326,1.079487188657125,9.191370524838339,1.0775808309049448,11.723831913781952,False
NPA2016,0.4027777681748072,1.079487188657125,9.204172422972688,1.072516580916466,11.652504229924817,False
NPA2016,0.4305555452903112,1.079487188657125,9.214783540578733,1.0606862019729768,11.510701225938517,False
NPA2016,0.45833332240581515,1.079487188657125,9.214225232184807,1.0523261867253306,11.42066923922817,False
NPA2016,0.4861110995213191,1.079487188657125,9.204315961334498,1.060742071142408,11.524398723363852,False
NPA2016,0.513888876636823,1.079487188657125,9.199070984102171,1.0517519030070281,11.43324043074203,False
NPA2016,0.5416666537523269,1.079487188657125,9.20574268447552,1.046871193063719,11.37193628960706,False
NPA2016,-0.5416666537523269,1.1085470179716745,9.419856320552972,1.0847586609514894,11.515660367182873,False
NPA2016,-0.513888876636823,1.1085470179716745,9.409968854055585,1.0854049702710176,11.534628723061298,False
NPA2016,-0.4861110995213191,1.1085470179716745,9.403585580994777,1.0916467979078959,11.608835677682148,False
NPA2016,-0.45833332240581515,1.1085470179716745,9.392574549834693,1.0929718669257709,11.636552482247872,False
NPA2016,-0.4305555452903112,1.1085470179716745,9.383897336315234,1.098048819424416,11.701415521406224,False
NPA2016,-0.4027777681748072,1.1085470179716745,9.36046035806433,1.0878654275374287,11.621922276506396,False
NPA2016,-0.37499999105930326,1.1085470179716745,9.358092218756997,1.0826977819528012,11.56964215187668,False
NPA2016,-0.3472222139437993,1.1085470179716745,9.375318005682908,1.0961720126509755,11.692104864992569,False
NPA2016,-0.3194444368282954,1.1085470179716745,9.339790513717352,1.0930030741379928,11.702650852101009,False
NPA2016,-0.29166665971279143,1.1085470179716745,9.340588113049938,1.086828865180829,11.63555069581108,False
NPA2016,-0.2638888825972875,1.1085470179716745,9.34134412259812,1.0862094205613428,11.627977797473903,False
NPA2016,-0.23611110548178355,1.1085470179716745,9.336163026829055,1.084068203448424,11.611496075348827,False
NPA2016,-0.2083333283662796,1.1085470179716745,9.331388959571983,1.0930247226397554,11.713419378136079,False
NPA2016,-0.18055555125077566,1.1085470179716745,9.357703861788483,1.072185197335615,11.4577808100319,False
NPA2016,-0.15277777413527172,1.1085470179716745,9.364653950560964,1.077018409784545,11.500888505549414,False
NPA2016,-0.12499999701976776,1.1085470179716745,9.366437159556806,1.0678267546272198,11.400564979370943,True
NPA2016,-0.09722221990426382,1.1085470179716745,9.34027685103816,1.0793648515061978,11.556026322562673,True
NPA2016,-0.06944444278875987,1.1085470179716745,9.333684236696023,1.0814958933350998,11.587020365260742,True
NPA2016,-0.04166666567325592,1.1085470179716745,9.306475731945415,1.0890157285256923,11.70169847203852,True
NPA2016,-0.013888888557751973,1.1085470179716745,9.30071146023808,1.0859452342968483,11.67593725425657,True
NPA2016,0.013888888557751973,1.1085470179716745,9.280683312707652,1.0849154304957918,11.690038264857744,True
NPA2016,0.04166666567325592,1.1085470179716745,9.28721981495376,1.0890884349494236,11.726743381219798,True
NPA2016,0.06944444278875987,1.1085470179716745,9.2747410417358,1.0831668553975191,11.678674914192545,True
NPA2016,0.09722221990426382,1.1085470179716745,9.26770640888214,1.0808172549369066,11.662187031529776,True
NPA2016,0.12499999701976776,1.1085470179716745,9.271335608372972,1.0787479463143643,11.635302526856472,True
NPA2016,0.15277777413527172,1.1085470179716745,9.240731166152674,1.0680221157902108,11.557766334575401,False
NPA2016,0.18055555125077566,1.1085470179716745,9.245486575789615,1.075321582094638,11.630773278179788,False
NPA2016,0.2083333283662796,1.1085470179716745,9.25577859239886,1.0821485085535485,11.691598904950506,False
NPA2016,0.23611110548178355,1.1085470179716745,9.242957716401756,1.0770230680909625,11.652363898406353,False
NPA2016,0.2638888825972875,1.1085470179716745,9.239194711143444,1.0725553472219267,11.608753584642088,False
NPA2016,0.29166665971279143,1.1085470179716745,9.254040871794436,1.0748128936971402,11.614525033848537,False
NPA2016,0.3194444368282954,1.1085470179716745,9.231875535660777,1.0775285960139647,11.671827591822488,False
NPA2016,0.3472222139437993,1.1085470179716745,9.203984844273432,1.0743080936430252,11.672206243488569,False
NPA2016,0.37499999105930326,1.1085470179716745,9.222703950904965,1.0796377559180568,11.706303939335697,False
NPA2016,0.4027777681748072,1.1085470179716745,9.241386006844795,1.0750109263079266,11.632572489794288,False
NPA2016,0.4305555452903112,1.1085470179716745,9.232765559830423,1.0723403352468317,11.614508440594772,False
NPA2016,0.45833332240581515,1.1085470179716745,9.230855841031927,1.0721493598795666,11.614842419202052,False
NPA2016,0.4861110995213191,1.1085470179716745,9.22836385132894,1.0574375648547862,11.458559522471678,False
NPA2016,0.513888876636823,1.1085470179716745,9.21866013454164,1.055578211584525,11.450451542620073,False
NPA2016,0.5416666537523269,1.1085470179716745,9.220545125031876,1.055652805136743,11.448919676894848,False
NPA2016,-0.5416666537523269,1.1376068472862244,9.46337740527081,1.073646328146329,11.34527645012172,False
NPA2016,-0.513888876636823,1.1376068472862244,9.4233793247692,1.0867032211625984,11.531990634253855,False
NPA2016,-0.4861110995213191,1.1376068472862244,9.431677913914516,1.0952393103232543,11.6123485165609,False
NPA2016,-0.45833332240581515,1.1376068472862244,9.407495939680533,1.0982211327522127,11.673894305071652,False
NPA2016,-0.4305555452903112,1.1376068472862244,9.39728885701329,1.096008108182532,11.663024568671956,False
NPA2016,-0.4027777681748072,1.1376068472862244,9.395644814369772,1.0977398624246506,11.683496812754763,False
NPA2016,-0.37499999105930326,1.1376068472862244,9.378661743587358,1.092640401087675,11.650280508674554,False
NPA2016,-0.3472222139437993,1.1376068472862244,9.384988834934003,1.1010152840980159,11.731663227980372,False
NPA2016,-0.3194444368282954,1.1376068472862244,9.38419804424046,1.096697140316711,11.686636781816508,False
NPA2016,-0.29166665971279143,1.1376068472862244,9.375043877904538,1.0944780132628582,11.674377501766854,False
NPA2016,-0.2638888825972875,1.1376068472862244,9.367540618545435,1.0964520463629535,11.70480162308821,False
NPA2016,-0.23611110548178355,1.1376068472862244,9.36592855840432,1.0938830662638988,11.679387253945318,False
NPA2016,-0.2083333283662796,1.1376068472862244,9.368219115428971,1.0950862252398201,11.689374594540277,False
NPA2016,-0.18055555125077566,1.1376068472862244,9.39080807700247,1.086468683040174,11.569490869490465,False
NPA2016,-0.15277777413527172,1.1376068472862244,9.405838043058003,1.076715712373095,11.447312907623019,False
NPA2016,-0.12499999701976776,1.1376068472862244,9.38258020580655,1.081503547418537,11.526717850482456,False
NPA2016,-0.09722221990426382,1.1376068472862244,9.364879109048598,1.0786881376281063,11.518441669854006,False
NPA2016,-0.06944444278875987,1.1376068472862244,9.331952489314833,1.087953156965585,11.658365794417628,False
NPA2016,-0.04166666567325592,1.1376068472862244,9.342640882884444,1.0929294589298668,11.69829251311687,False
NPA2016,-0.013888888557751973,1.1376068472862244,9.327175400637282,1.0923589039218442,11.711572442898506,False
NPA2016,0.013888888557751973,1.1376068472862244,9.31235835422756,1.089461015070855,11.699088175405846,False
NPA2016,0.04166666567325592,1.1376068472862244,9.306911679768598,1.086399409075676,11.67303877436911,False
NPA2016,0.06944444278875987,1.1376068472862244,9.306168034374526,1.0864003864614071,11.673982056293537,False
NPA2016,0.09722221990426382,1.1376068472862244,9.305022832442017,1.0894137138133047,11.707802693563064,False
NPA2016,0.12499999701976776,1.1376068472862244,9.271284856861794,1.0673444411913815,11.512368109382667,False
NPA2016,0.15277777413527172,1.1376068472862244,9.282934076091946,1.0804161993286416,11.638736098656963,False
NPA2016,0.18055555125077566,1.1376068472862244,9.275108694315524,1.0838209018729523,11.685263618928783,False
NPA2016,0.2083333283662796,1.1376068472862244,9.270414854824596,1.0816421875835176,11.667678356601261,False
NPA2016,0.23611110548178355,1.1376068472862244,9.27808562897958,1.0813801915373138,11.655208140779424,False
NPA2016,0.2638888825972875,1.1376068472862244,9.27411637347843,1.0832094552381297,11.679920885356024,False
NPA2016,0.29166665971279143,1.1376068472862244,9.257785651064271,1.0806366557899518,11.672733594406804,False
NPA2016,0.3194444368282954,1.1376068472862244,9.239184881083927,1.0684914425149712,11.564780402896508,False
NPA2016,0.3472222139437993,1.1376068472862244,9.239945596807894,1.0771406603795557,11.657435090869726,False
NPA2016,0.37499999105930326,1.1376068472862244,9.246350827381193,1.075603170327329,11.63273155440034,False
NPA2016,0.4027777681748072,1.1376068472862244,9.251708780679873,1.0795422339923162,11.668571283249845,False
NPA2016,0.4305555452903112,1.1376068472862244,9.262747352714948,1.0602445812837846,11.446329484232589,False
NPA2016,0.45833332240581515,1.1376068472862244,9.252779839458212,1.0711129324468125,11.576120377133394,False
NPA2016,0.4861110995213191,1.1376068472862244,9.25418287856061,1.059010399322631,11.4435862487229,False
NPA2016,0.513888876636823,1.1376068472862244,9.248680955268652,1.060475673850995,11.466236958329489,False
NPA2016,0.5416666537523269,1.1376068472862244,9.245744412959535,1.0662494502602295,11.532326686055626,False
NPA2016,-0.5416666537523269,1.166666676600774,9.4664586416003,1.0981295254375922,11.600214684421355,False
NPA2016,-0.513888876636823,1.166666676600774,9.462495874495316,1.0996441854042498,11.621079681188231,False
NPA2016,-0.4861110995213191,1.166666676600774,9.449744087386705,1.1016514398995085,11.658002901580868,False
NPA2016,-0.45833332240581515,1.166666676600774,9.428941175222853,1.1003227481628801,11.669632122154734,False
NPA2016,-0.4305555452903112,1.166666676600774,9.420375294785266,1.0914581846704612,11.58614333841506,False
NPA2016,-0.4027777681748072,1.166666676600774,9.403811324273594,1.0894192767076796,11.584869571932131,False
NPA2016,-0.37499999105930326,1.166666676600774,9.408068505837855,1.1016064406694597,11.709166870818336,False
NPA2016,-0.3472222139437993,1.166666676600774,9.410762652246163,1.1038593819625744,11.729754779216591,False
NPA2016,-0.3194444368282954,1.166666676600774,9.42952992059987,1.0947935718918222,11.610266695268894,False
NPA2016,-0.29166665971279143,1.166666676600774,9.410569852198025,1.0914086267246084,11.597689022728929,False
NPA2016,-0.2638888825972875,1.166666676600774,9.421425496015228,1.094075344328916,11.612630644817527,False
NPA2016,-0.23611110548178355,1.166666676600774,9.392906599776877,1.0923804259104166,11.62984443959408,False
NPA2016,-0.2083333283662796,1.166666676600774,9.407690480178402,1.0977613002226934,11.668765065513465,False
NPA2016,-0.18055555125077566,1.166666676600774,9.413563634414555,1.091949098578297,11.599742042283513,False
NPA2016,-0.15277777413527172,1.166666676600774,9.402674685353215,1.095809133131451,11.654227863890906,False
NPA2016,-0.12499999701976776,1.166666676600774,9.395378442034856,1.0868083430424296,11.567478093059636,False
NPA2016,-0.09722221990426382,1.166666676600774,9.372744646478951,1.0897016302384148,11.626281002414611,False
NPA2016,-0.06944444278875987,1.166666676600774,9.35448245660778,1.0839473390762966,11.587464556209866,False
NPA2016,-0.04166666567325592,1.166666676600774,9.355510380082366,1.0916723493262848,11.668763167110864,False
NPA2016,-0.013888888557751973,1.166666676600774,9.35780686855931,1.0949811973488592,11.701258774935992,False
NPA2016,0.013888888557751973,1.166666676600774,9.341099958400521,1.0932013530183002,11.703133013100626,False
NPA2016,0.04166666567325592,1.166666676600774,9.331124425151948,1.0907051982132425,11.688893519341121,False
NPA2016,0.06944444278875987,1.166666676600774,9.332949377091708,1.0920104306287677,11.700593097710072,False
NPA2016,0.09722221990426382,1.166666676600774,9.328507457241976,1.0928567631314376,11.715237063813708,False
NPA2016,0.12499999701976776,1.166666676600774,9.33248554030369,1.0845342322760518,11.62106523061122,False
NPA2016,0.15277777413527172,1.166666676600774,9.315521711932357,1.0806787645085245,11.60083995214429,False
NPA2016,0.18055555125077566,1.166666676600774,9.30422051301002,1.08207696844519,11.629958328396564,False
NPA2016,0.2083333283662796,1.166666676600774,9.295815686819378,1.0847674961374505,11.66941700097983,False
NPA2016,0.23611110548178355,1.166666676600774,9.29715388373042,1.0825232207561635,11.643597968734582,False
NPA2016,0.2638888825972875,1.166666676600774,9.282571115764457,1.0776088438128248,11.608947891417037,False
NPA2016,0.29166665971279143,1.166666676600774,9.288920624102353,1.082416846980147,11.652773134604622,False
NPA2016,0.3194444368282954,1.166666676600774,9.27728691575925,1.0715679463739711,11.55044525521473,False
NPA2016,0.3472222139437993,1.166666676600774,9.265980662571241,1.058181361210182,11.420068741181082,False
NPA2016,0.37499999105930326,1.166666676600774,9.257971336154304,1.0571474251468629,11.418780494798924,False
NPA2016,0.4027777681748072,1.166666676600774,9.269814831333989,1.073801394647085,11.583849453145525,False
NPA2016,0.4305555452903112,1.166666676600774,9.267725985459563,1.0717681135223436,11.5645209537256,False
NPA2016,0.45833332240581515,1.166666676600774,9.27576059712866,1.0791833272936548,11.634445671524979,False
NPA2016,0.4861110995213191,1.166666676600774,9.285239837684548,1.0644602397273895,11.464003712722977,False
NPA2016,0.513888876636823,1.166666676600774,9.281423059494555,1.0661299232272634,11.486707548974955,False
NPA2016,0.5416666537523269,1.166666676600774,9.263957563922007,1.0673950691761058,11.522020279248897,False
TurbOPark 0.04,-0.5416666537523269,0.03333333333333333,6.145303236003882,0.5289000145860113,8.606573089629018,False
TurbOPark 0.04,-0.513888876636823,0.03333333333333333,6.147243791425691,0.5401698547026352,8.78718777114511,False
TurbOPark 0.04,-0.4861110995213191,0.03333333333333333,6.143691559116061,0.5499585061845289,8.951596949369893,False
TurbOPark 0.04,-0.45833332240581515,0.03333333333333333,6.147981422959476,0.5554795248999764,9.035152949967491,False
TurbOPark 0.04,-0.4305555452903112,0.03333333333333333,6.157724054041128,0.553943174839987,8.995907740887656,False
TurbOPark 0.04,-0.4027777681748072,0.03333333333333333,6.168330361783089,0.5537938039571249,8.978017899110041,False
TurbOPark 0.04,-0.37499999105930326,0.03333333333333333,6.18808748576634,0.5446544122556368,8.801659858695196,False
TurbOPark 0.04,-0.3472222139437993,0.03333333333333333,6.200030744418764,0.5417082199769351,8.737186028707649,False
TurbOPark 0.04,-0.3194444368282954,0.03333333333333333,6.214156479877404,0.5364471459061112,8.632662335479111,False
TurbOPark 0.04,-0.29166665971279143,0.03333333333333333,6.221757853595747,0.5293534715031378,8.508101471631655,False
TurbOPark 0.04,-0.2638888825972875,0.03333333333333333,6.2334670617458885,0.5278115963167436,8.46738405911962,False
TurbOPark 0.04,-0.23611110548178355,0.03333333333333333,6.2281520293928505,0.5409174631035477,8.685039487648455,False
TurbOPark 0.04,-0.2083333283662796,0.03333333333333333,6.23524136282425,0.5472681195619151,8.777015799658319,False
TurbOPark 0.04,-0.18055555125077566,0.03333333333333333,6.229767336433628,0.5573701804690867,8.946885980948462,False
TurbOPark 0.04,-0.15277777413527172,0.03333333333333333,6.226215503773818,0.5580127066680064,8.962309549513426,False
TurbOPark 0.04,-0.12499999701976776,0.03333333333333333,6.229913086518805,0.5540478304562654,8.893347672139999,False
TurbOPark 0.04,-0.09722221990426382,0.03333333333333333,6.219486299275437,0.5617314006876005,9.031797380967646,False
TurbOPark 0.04,-0.06944444278875987,0.03333333333333333,6.2175056345492274,0.5616771716167446,9.033802373987982,False
TurbOPark 0.04,-0.04166666567325592,0.03333333333333333,6.223485828594032,0.5607582732483241,9.010356714751397,False
TurbOPark 0.04,-0.013888888557751973,0.03333333333333333,6.215988241725115,0.5598749296853011,9.007013976106231,False
TurbOPark 0.04,0.013888888557751973,0.03333333333333333,6.210066785108902,0.5595469165180259,9.01032043423046,False
TurbOPark 0.04,0.04166666567325592,0.03333333333333333,6.2119242244603905,0.5546098928355424,8.928149681087257,False
TurbOPark 0.04,0.06944444278875987,0.03333333333333333,6.202861653129386,0.5552448518189209,8.951430531080701,False
TurbOPark 0.04,0.09722221990426382,0.03333333333333333,6.196336747421238,0.5516021069779637,8.902067938891909,False
TurbOPark 0.04,0.12499999701976776,0.03333333333333333,6.192340581822318,0.5501912297821103,8.88502856895828,False
TurbOPark 0.04,0.15277777413527172,0.03333333333333333,6.1805040629876995,0.5472883048841215,8.855075561904226,False
TurbOPark 0.04,0.18055555125077566,0.03333333333333333,6.174695896006556,0.5531099356128861,8.957687065538018,False
TurbOPark 0.04,0.2083333283662796,0.03333333333333333,6.171847047457643,0.5529253277378334,8.958830695028304,False
TurbOPark 0.04,0.23611110548178355,0.03333333333333333,6.164062734013979,0.5503662427200056,8.92862818678051,False
TurbOPark 0.04,0.2638888825972875,0.03333333333333333,6.160461677812611,0.5527969594579385,8.973304086102514,False
TurbOPark 0.04,0.29166665971279143,0.03333333333333333,6.159098905080372,0.5544553263032754,9.002215013074874,False
TurbOPark 0.04,0.3194444368282954,0.03333333333333333,6.1538608497316805,0.5540790606925585,9.003763234534583,False
TurbOPark 0.04,0.3472222139437993,0.03333333333333333,6.141686371430114,0.5512600716166907,8.975711853035044,False
TurbOPark 0.04,0.37499999105930326,0.03333333333333333,6.130768936268963,0.5518566752712598,9.001426754261374,False
TurbOPark 0.04,0.4027777681748072,0.03333333333333333,6.129803326690488,0.5531174797147077,9.023413154322826,False
TurbOPark 0.04,0.4305555452903112,0.03333333333333333,6.127157966530654,0.5503551649487659,8.982225820764834,False
TurbOPark 0.04,0.45833332240581515,0.03333333333333333,6.122214863883049,0.5494837106116981,8.975243810100206,False
TurbOPark 0.04,0.4861110995213191,0.03333333333333333,6.1165796231777785,0.5434500975059539,8.884869175031067,False
TurbOPark 0.04,0.513888876636823,0.03333333333333333,6.107837981789033,0.5368835521860239,8.790075208065138,False
TurbOPark 0.04,0.5416666537523269,0.03333333333333333,6.100033386114767,0.5292815115365853,8.676698602033312,False
TurbOPark 0.04,-0.5416666537523269,0.062393162647883096,6.531213248739919,0.5681943063304087,8.699674695815999,False
TurbOPark 0.04,-0.513888876636823,0.062393162647883096,6.530153010954767,0.5814550619756489,8.90415677856582,False
TurbOPark 0.04,-0.4861110995213191,0.062393162647883096,6.53058936199794,0.5864344087112879,8.979808348137766,False
TurbOPark 0.04,-0.45833332240581515,0.062393162647883096,6.537457533635189,0.5893249117775369,9.01458875633934,False
TurbOPark 0.04,-0.4305555452903112,0.062393162647883096,6.555867648853036,0.5887871462154668,8.98107127465388,False
TurbOPark 0.04,-0.4027777681748072,0.062393162647883096,6.57035036045135,0.5819138925373428,8.856664570584153,False
TurbOPark 0.04,-0.37499999105930326,0.062393162647883096,6.5742324038113065,0.5905513197671485,8.982817818013032,False
TurbOPark 0.04,-0.3472222139437993,0.062393162647883096,6.592738668125685,0.5808228547381691,8.81003910478522,False
TurbOPark 0.04,-0.3194444368282954,0.062393162647883096,6.6094125378133235,0.5677502325788591,8.590025654030294,False
TurbOPark 0.04,-0.29166665971279143,0.062393162647883096,6.620962740824444,0.5644435241122734,8.525097424758938,False
TurbOPark 0.04,-0.2638888825972875,0.062393162647883096,6.625206389601732,0.5678313434648596,8.57077214011131,False
TurbOPark 0.04,-0.23611110548178355,0.062393162647883096,6.626562190664076,0.5807525746875731,8.764010024772338,False
TurbOPark 0.04,-0.2083333283662796,0.062393162647883096,6.62835423175587,0.5860199344448136,8.841107670999882,False
TurbOPark 0.04,-0.18055555125077566,0.062393162647883096,6.626425743539665,0.5911916235293101,8.921727133299328,False
TurbOPark 0.04,-0.15277777413527172,0.062393162647883096,6.631348852592694,0.5889313035627224,8.881018276281223,False
TurbOPark 0.04,-0.12499999701976776,0.062393162647883096,6.628802461281152,0.5889565640166752,8.884810905993527,False
TurbOPark 0.04,-0.09722221990426382,0.062393162647883096,6.630227035424323,0.5868599664183923,8.851280103726257,False
TurbOPark 0.04,-0.06944444278875987,0.062393162647883096,6.622333950609379,0.5933624760243816,8.960020446715484,False
TurbOPark 0.04,-0.04166666567325592,0.062393162647883096,6.614781300870292,0.5984572669048321,9.04727215737419,False
TurbOPark 0.04,-0.013888888557751973,0.062393162647883096,6.607140339612598,0.5965197728123061,9.02841081240424,False
TurbOPark 0.04,0.013888888557751973,0.062393162647883096,6.6076754485778215,0.5975563116555241,9.04336655614853,False
TurbOPark 0.04,0.04166666567325592,0.062393162647883096,6.599621782227202,0.5954037760959717,9.021786334777481,False
TurbOPark 0.04,0.06944444278875987,0.062393162647883096,6.608680345958179,0.5894003033131334,8.918577877255123,False
TurbOPark 0.04,0.09722221990426382,0.062393162647883096,6.599979701984605,0.587007505902148,8.894080473090481,False
TurbOPark 0.04,0.12499999701976776,0.062393162647883096,6.590630159848447,0.590958187295795,8.966641625501016,False
TurbOPark 0.04,0.15277777413527172,0.062393162647883096,6.5810191689915145,0.5884229041333919,8.94121243265673,False
TurbOPark 0.04,0.18055555125077566,0.062393162647883096,6.57712586882703,0.585133495564694,8.896492286060614,False
TurbOPark 0.04,0.2083333283662796,0.062393162647883096,6.573590011060388,0.5915930300533834,8.999542549170226,False
TurbOPark 0.04,0.23611110548178355,0.062393162647883096,6.568401989654423,0.5890691944344493,8.968226904538792,False
TurbOPark 0.04,0.2638888825972875,0.062393162647883096,6.560003436572522,0.5911173662497521,9.010930740588144,False
TurbOPark 0.04,0.29166665971279143,0.062393162647883096,6.54615923224033,0.5939889157703802,9.073853762141008,False
TurbOPark 0.04,0.3194444368282954,0.062393162647883096,6.547731854455379,0.5886195288710282,8.989670651685351,False
TurbOPark 0.04,0.3472222139437993,0.062393162647883096,6.5439843043760435,0.5843284239403437,8.929245498794916,False
TurbOPark 0.04,0.37499999105930326,0.062393162647883096,6.539747238720168,0.5839973941522804,8.929968893821789,False
TurbOPark 0.04,0.4027777681748072,0.062393162647883096,6.530411906356964,0.5860012257902321,8.973419046045091,False
TurbOPark 0.04,0.4305555452903112,0.062393162647883096,6.520398412580024,0.5849641021238522,8.971293855223038,False
TurbOPark 0.04,0.45833332240581515,0.062393162647883096,6.510288347853976,0.5808921677311025,8.922679560308344,False
TurbOPark 0.04,0.4861110995213191,0.062393162647883096,6.503613651156484,0.5762846553506488,8.860991538883507,False
TurbOPark 0.04,0.513888876636823,0.062393162647883096,6.489424471281914,0.5745289362718832,8.853311088130923,False
TurbOPark 0.04,0.5416666537523269,0.062393162647883096,6.476559042770928,0.57052629050206,8.809095798159609,False
TurbOPark 0.04,-0.5416666537523269,0.09145299196243287,6.774899897661288,0.5891067722354747,8.69543138842296,False
TurbOPark 0.04,-0.513888876636823,0.09145299196243287,6.776536508260077,0.5988494335743791,8.83710185644876,False
TurbOPark 0.04,-0.4861110995213191,0.09145299196243287,6.78553111691143,0.5985667438083478,8.821221706824883,False
TurbOPark 0.04,-0.45833332240581515,0.09145299196243287,6.78954938536808,0.6076425258700985,8.949673849926,False
TurbOPark 0.04,-0.4305555452903112,0.09145299196243287,6.799387932417133,0.6109843541436307,8.985872849387935,False
TurbOPark 0.04,-0.4027777681748072,0.09145299196243287,6.811809949403961,0.6103249017293418,8.95980519513387,False
TurbOPark 0.04,-0.37499999105930326,0.09145299196243287,6.824129833647682,0.6054662953135482,8.872432237853689,False
TurbOPark 0.04,-0.3472222139437993,0.09145299196243287,6.834168583075772,0.5982043637614957,8.753140290435578,False
TurbOPark 0.04,-0.3194444368282954,0.09145299196243287,6.851527485934592,0.5996488980887935,8.752046887643736,False
TurbOPark 0.04,-0.29166665971279143,0.09145299196243287,6.867435304542522,0.5873280023515435,8.55236309198356,False
TurbOPark 0.04,-0.2638888825972875,0.09145299196243287,6.870150003953764,0.6007686791216784,8.744622443118951,False
TurbOPark 0.04,-0.23611110548178355,0.09145299196243287,6.870386174820668,0.6117951649480905,8.904814800516794,False
TurbOPark 0.04,-0.2083333283662796,0.09145299196243287,6.872223931416344,0.6123854690970364,8.911023203093233,False
TurbOPark 0.04,-0.18055555125077566,0.09145299196243287,6.877026079777188,0.6131863627498343,8.916446668029812,False
TurbOPark 0.04,-0.15277777413527172,0.09145299196243287,6.8778961397339735,0.6156525929840009,8.951176064252307,False
TurbOPark 0.04,-0.12499999701976776,0.09145299196243287,6.881894969665373,0.6087854874786571,8.846189750964172,False
TurbOPark 0.04,-0.09722221990426382,0.09145299196243287,6.872863027055885,0.6148448881433811,8.945979073392955,False
TurbOPark 0.04,-0.06944444278875987,0.09145299196243287,6.869898590885109,0.6188640836795762,9.008343798563155,False
TurbOPark 0.04,-0.04166666567325592,0.09145299196243287,6.86444213798717,0.6225727164636636,9.06953112793253,False
TurbOPark 0.04,-0.013888888557751973,0.09145299196243287,6.863747923970547,0.6196093271165201,9.027273932258396,False
TurbOPark 0.04,0.013888888557751973,0.09145299196243287,6.853295747859436,0.6203368797281599,9.051657808900432,False
TurbOPark 0.04,0.04166666567325592,0.09145299196243287,6.84924973704135,0.6202642599189271,9.055944573965276,False
TurbOPark 0.04,0.06944444278875987,0.09145299196243287,6.859659394847452,0.6077477646681145,8.859736754927173,False
TurbOPark 0.04,0.09722221990426382,0.09145299196243287,6.848142495991659,0.612125174674997,8.938557791887144,False
TurbOPark 0.04,0.12499999701976776,0.09145299196243287,6.839855833770297,0.6156584904517187,9.001044837992625,False
TurbOPark 0.04,0.15277777413527172,0.09145299196243287,6.829407276710794,0.6140607521622272,8.991420884448607,False
TurbOPark 0.04,0.18055555125077566,0.09145299196243287,6.8275646244042845,0.6166505173093819,9.031778551099187,False
TurbOPark 0.04,0.2083333283662796,0.09145299196243287,6.822177888204746,0.609267471564456,8.930688726511418,False
TurbOPark 0.04,0.23611110548178355,0.09145299196243287,6.824635890288007,0.6003807359165071,8.797256667874342,False
TurbOPark 0.04,0.2638888825972875,0.09145299196243287,6.8091998583446,0.6089611969552343,8.943212266107286,False
TurbOPark 0.04,0.29166665971279143,0.09145299196243287,6.791791532119327,0.6126426870334708,9.020339981523259,False
TurbOPark 0.04,0.3194444368282954,0.09145299196243287,6.7855841704308855,0.6110103958677917,9.00453638951755,False
TurbOPark 0.04,0.3472222139437993,0.09145299196243287,6.793101273534848,0.6013960959024728,8.8530418094228,False
TurbOPark 0.04,0.37499999105930326,0.09145299196243287,6.783710800591763,0.6055518138843923,8.926557037655087,False
TurbOPark 0.04,0.4027777681748072,0.09145299196243287,6.767900651970051,0.606362933477369,8.959394717191428,False
TurbOPark 0.04,0.4305555452903112,0.09145299196243287,6.769086146683391,0.5974420281380194,8.826036708525928,False
TurbOPark 0.04,0.45833332240581515,0.09145299196243287,6.749942940398354,0.5982096327883432,8.862439846832828,False
TurbOPark 0.04,0.4861110995213191,0.09145299196243287,6.731383034191137,0.603570215595175,8.966511228516085,False
TurbOPark 0.04,0.513888876636823,0.09145299196243287,6.712017267337275,0.6012098578887931,8.957215602147864,False
TurbOPark 0.04,0.5416666537523269,0.09145299196243287,6.6944316963972375,0.6003656205428437,8.96813423110948,False
TurbOPark 0.04,-0.5416666537523269,0.12051282127698262,6.94510118316265,0.6079348348649467,8.753433806533922,False
TurbOPark 0.04,-0.513888876636823,0.12051282127698262,6.959117958526373,0.6049722644674879,8.693231930725796,False
TurbOPark 0.04,-0.4861110995213191,0.12051282127698262,6.957649334087109,0.6199163826253925,8.909853786224623,False
TurbOPark 0.04,-0.45833332240581515,0.12051282127698262,6.961074544348294,0.6271884874724681,9.00993781170873,False
TurbOPark 0.04,-0.4305555452903112,0.12051282127698262,6.971095686979628,0.6274919474034956,9.001338893905924,False
TurbOPark 0.04,-0.4027777681748072,0.12051282127698262,6.9920286696739575,0.6207060263236358,8.877338118131311,False
TurbOPark 0.04,-0.37499999105930326,0.12051282127698262,6.998335832814531,0.6247409801917274,8.926993432672612,False
TurbOPark 0.04,-0.3472222139437993,0.12051282127698262,7.012373267855922,0.6117357973548478,8.723662788445516,False
TurbOPark 0.04,-0.3194444368282954,0.12051282127698262,7.025649791759017,0.6170774688916514,8.783208488636511,False
TurbOPark 0.04,-0.29166665971279143,0.12051282127698262,7.036238459400073,0.6126723295324674,8.707384393915287,False
TurbOPark 0.04,-0.2638888825972875,0.12051282127698262,7.052378052726444,0.611568565668659,8.671806319745254,False
TurbOPark 0.04,-0.23611110548178355,0.12051282127698262,7.05573283580053,0.620979800747149,8.801067375968662,False
TurbOPark 0.04,-0.2083333283662796,0.12051282127698262,7.059766168836701,0.6194429935864766,8.774270687899392,False
TurbOPark 0.04,-0.18055555125077566,0.12051282127698262,7.0639358934905125,0.6210035503563315,8.791183268361657,False
TurbOPark 0.04,-0.15277777413527172,0.12051282127698262,7.056400717331589,0.6329023632877729,8.96919532550453,False
TurbOPark 0.04,-0.12499999701976776,0.12051282127698262,7.049116465780342,0.6354787441421166,9.015012693108748,False
TurbOPark 0.04,-0.09722221990426382,0.12051282127698262,7.053870056682793,0.6314708524019623,8.952119153424306,False
TurbOPark 0.04,-0.06944444278875987,0.12051282127698262,7.0559990026099255,0.6332938409001818,8.9752541159081,False
TurbOPark 0.04,-0.04166666567325592,0.12051282127698262,7.048976555023811,0.6364740885935881,9.02931203736197,False
TurbOPark 0.04,-0.013888888557751973,0.12051282127698262,7.057298675069208,0.6302828879075075,8.930936848883283,False
TurbOPark 0.04,0.013888888557751973,0.12051282127698262,7.043942865073641,0.6326569801906347,8.981574557164166,False
TurbOPark 0.04,0.04166666567325592,0.12051282127698262,7.030793618550908,0.634126242391092,9.019269755236957,False
TurbOPark 0.04,0.06944444278875987,0.12051282127698262,7.029850700203601,0.6313848172243054,8.981482596863957,False
TurbOPark 0.04,0.09722221990426382,0.12051282127698262,7.024946996371746,0.6266247996704942,8.919993275310608,False
TurbOPark 0.04,0.12499999701976776,0.12051282127698262,7.0229053961426535,0.6302151511978683,8.973709820212235,False
TurbOPark 0.04,0.15277777413527172,0.12051282127698262,7.028135747130051,0.6259794668613725,8.906764032225645,False
TurbOPark 0.04,0.18055555125077566,0.12051282127698262,7.015516591746404,0.6296199162588971,8.974676462167173,False
TurbOPark 0.04,0.2083333283662796,0.12051282127698262,7.013961975978033,0.6237114578244644,8.892427132633458,False
TurbOPark 0.04,0.23611110548178355,0.12051282127698262,7.0064572509184835,0.6238058894378019,8.903299729061025,False
TurbOPark 0.04,0.2638888825972875,0.12051282127698262,6.9870281062570045,0.6270427310652197,8.974383980274704,False
TurbOPark 0.04,0.29166665971279143,0.12051282127698262,6.98499234535642,0.6279813924841203,8.99043780486887,False
TurbOPark 0.04,0.3194444368282954,0.12051282127698262,6.979190583874497,0.6251648610646763,8.957555371952832,False
TurbOPark 0.04,0.3472222139437993,0.12051282127698262,6.974197802528522,0.6147839616984709,8.81512080823946,False
TurbOPark 0.04,0.37499999105930326,0.12051282127698262,6.966180504315534,0.6136970508089068,8.809663350364275,False
TurbOPark 0.04,0.4027777681748072,0.12051282127698262,6.947907024945658,0.6161734104891782,8.868475186511256,False
TurbOPark 0.04,0.4305555452903112,0.12051282127698262,6.926198732616451,0.6240306665198079,9.009713561656252,False
TurbOPark 0.04,0.45833332240581515,0.12051282127698262,6.922178776749195,0.6160475365489848,8.89961898438997,False
TurbOPark 0.04,0.4861110995213191,0.12051282127698262,6.906394960612959,0.612675597515441,8.871134665907734,False
TurbOPark 0.04,0.513888876636823,0.12051282127698262,6.870286717511461,0.6158876360511852,8.96451140068679,False
TurbOPark 0.04,0.5416666537523269,0.12051282127698262,6.858228803753551,0.6109859590985843,8.908801041519466,False
TurbOPark 0.04,-0.5416666537523269,0.14957265059153238,7.08002083469797,0.6176991850447342,8.724539086346981,False
TurbOPark 0.04,-0.513888876636823,0.14957265059153238,7.085978837073953,0.6235688502981159,8.800038281734542,False
TurbOPark 0.04,-0.4861110995213191,0.14957265059153238,7.102587186386667,0.6174765596317886,8.693685039379579,False
TurbOPark 0.04,-0.45833332240581515,0.14957265059153238,7.107259914799929,0.6283625945231635,8.841137119731354,False
TurbOPark 0.04,-0.4305555452903112,0.14957265059153238,7.119982268659591,0.6282935170216261,8.824369125007788,False
TurbOPark 0.04,-0.4027777681748072,0.14957265059153238,7.138030578635177,0.6214624723793489,8.7063576645279,False
TurbOPark 0.04,-0.37499999105930326,0.14957265059153238,7.146217561519597,0.6278603898028046,8.785912049244889,False
TurbOPark 0.04,-0.3472222139437993,0.14957265059153238,7.151702911323079,0.6293465763443646,8.799954138865848,False
TurbOPark 0.04,-0.3194444368282954,0.14957265059153238,7.1546921479880945,0.6320914098302503,8.834641613587733,False
TurbOPark 0.04,-0.29166665971279143,0.14957265059153238,7.172535370975222,0.6313176199206143,8.80187531002411,False
TurbOPark 0.04,-0.2638888825972875,0.14957265059153238,7.186484627714738,0.6280389951338252,8.739168420562503,False
TurbOPark 0.04,-0.23611110548178355,0.14957265059153238,7.190293246513509,0.6315095770248281,8.78280697843638,False
TurbOPark 0.04,-0.2083333283662796,0.14957265059153238,7.1983244658634264,0.6361890996895155,8.838016439888358,False
TurbOPark 0.04,-0.18055555125077566,0.14957265059153238,7.188931539514298,0.642328909191927,8.934970456476545,False
TurbOPark 0.04,-0.15277777413527172,0.14957265059153238,7.190401718147523,0.6466268200016612,8.992916464871072,True
TurbOPark 0.04,-0.12499999701976776,0.14957265059153238,7.197364451383097,0.6446031581144759,8.956100006726828,True
TurbOPark 0.04,-0.09722221990426382,0.14957265059153238,7.201808746594857,0.6441798832999193,8.944695783604347,True
TurbOPark 0.04,-0.06944444278875987,0.14957265059153238,7.203699057147618,0.6414921745866372,8.905038501714465,True
TurbOPark 0.04,-0.04166666567325592,0.14957265059153238,7.193784032656646,0.6496292968984063,9.030425349848874,True
TurbOPark 0.04,-0.013888888557751973,0.14957265059153238,7.191641953790888,0.6456872721172209,8.9783011482776,True
TurbOPark 0.04,0.013888888557751973,0.14957265059153238,7.1817891303606105,0.6457255893651682,8.991152171753408,True
TurbOPark 0.04,0.04166666567325592,0.14957265059153238,7.166098032992838,0.6507825324242684,9.08140705622578,True
TurbOPark 0.04,0.06944444278875987,0.14957265059153238,7.172231625977169,0.6322341768795681,8.81502731436717,True
TurbOPark 0.04,0.09722221990426382,0.14957265059153238,7.169469257218242,0.644185903779165,8.985126801828416,True
TurbOPark 0.04,0.12499999701976776,0.14957265059153238,7.163764854883747,0.6421360444522081,8.963667254020004,True
TurbOPark 0.04,0.15277777413527172,0.14957265059153238,7.168195917244486,0.6335693362224092,8.838616348337178,True
TurbOPark 0.04,0.18055555125077566,0.14957265059153238,7.158076815990921,0.6382396018214243,8.916355862452004,False
TurbOPark 0.04,0.2083333283662796,0.14957265059153238,7.153172279555165,0.6366257980395709,8.899908644156977,False
TurbOPark 0.04,0.23611110548178355,0.14957265059153238,7.137724646664263,0.6416050292980087,8.988929400601853,False
TurbOPark 0.04,0.2638888825972875,0.14957265059153238,7.124779721134529,0.6426840468762829,9.02040585156426,False
TurbOPark 0.04,0.29166665971279143,0.14957265059153238,7.117629152462811,0.6395721311044418,8.985746762082144,False
TurbOPark 0.04,0.3194444368282954,0.14957265059153238,7.111156345554951,0.6370769624422089,8.95883779633721,False
TurbOPark 0.04,0.3472222139437993,0.14957265059153238,7.109360296863187,0.6280560087982596,8.834212679801476,False
TurbOPark 0.04,0.37499999105930326,0.14957265059153238,7.100665614333426,0.6212628633430279,8.749360934402329,False
TurbOPark 0.04,0.4027777681748072,0.14957265059153238,7.075748932895612,0.6299134988037058,8.902428630207574,False
TurbOPark 0.04,0.4305555452903112,0.14957265059153238,7.05449893904801,0.6298039783360763,8.927692579978856,False
TurbOPark 0.04,0.45833332240581515,0.14957265059153238,7.036804208188151,0.6299204892406137,8.951797870226757,False
TurbOPark 0.04,0.4861110995213191,0.14957265059153238,7.015828207626504,0.6307498633813184,8.990383525863226,False
TurbOPark 0.04,0.513888876636823,0.14957265059153238,6.999460225504274,0.6240523357730812,8.915720865148877,False
TurbOPark 0.04,0.5416666537523269,0.14957265059153238,6.974898788390057,0.6245880511444997,8.954797339628017,False
TurbOPark 0.04,-0.5416666537523269,0.17863247990608216,7.175973936202736,0.6328362115710122,8.8188198173123,False
TurbOPark 0.04,-0.513888876636823,0.17863247990608216,7.183358477667071,0.6392960603890071,8.899681985474714,False
TurbOPark 0.04,-0.4861110995213191,0.17863247990608216,7.20148086718555,0.6346422395092117,8.812662995482478,False
TurbOPark 0.04,-0.45833332240581515,0.17863247990608216,7.2167313949837855,0.630446738952267,8.73590417111102,False
TurbOPark 0.04,-0.4305555452903112,0.17863247990608216,7.2294263395235685,0.6335348046269551,8.763279060793447,False
TurbOPark 0.04,-0.4027777681748072,0.17863247990608216,7.246465577998094,0.6324626279934544,8.727877351874184,False
TurbOPark 0.04,-0.37499999105930326,0.17863247990608216,7.2428839381192605,0.645965062470691,8.918616782894729,False
TurbOPark 0.04,-0.3472222139437993,0.17863247990608216,7.248513184076512,0.6501891702790967,8.96996602982565,False
TurbOPark 0.04,-0.3194444368282954,0.17863247990608216,7.265539489437393,0.6440123259098027,8.86392988223469,False
TurbOPark 0.04,-0.29166665971279143,0.17863247990608216,7.282267556087099,0.6357141822004007,8.729618587949576,False
TurbOPark 0.04,-0.2638888825972875,0.17863247990608216,7.290755397609419,0.6395308337707579,8.771804825333394,False
TurbOPark 0.04,-0.23611110548178355,0.17863247990608216,7.29748945341313,0.6453991506800174,8.844125843555085,False
TurbOPark 0.04,-0.2083333283662796,0.17863247990608216,7.318032799692821,0.6370878119711392,8.705725013939283,True
TurbOPark 0.04,-0.18055555125077566,0.17863247990608216,7.305885963840109,0.6555688800815189,8.973160590326813,True
TurbOPark 0.04,-0.15277777413527172,0.17863247990608216,7.314425260282502,0.6523974363401125,8.919326032116913,True
TurbOPark 0.04,-0.12499999701976776,0.17863247990608216,7.305982423775383,0.6560521168472514,8.97965638012355,True
TurbOPark 0.04,-0.09722221990426382,0.17863247990608216,7.304665055708247,0.6589779024124753,9.021329484471236,True
TurbOPark 0.04,-0.06944444278875987,0.17863247990608216,7.302517082006993,0.6597603285998683,9.03469750485736,True
TurbOPark 0.04,-0.04166666567325592,0.17863247990608216,7.310589320974884,0.6556697940787994,8.968767978767604,True
TurbOPark 0.04,-0.013888888557751973,0.17863247990608216,7.304711515004926,0.654941798405337,8.966018672469028,True
TurbOPark 0.04,0.013888888557751973,0.17863247990608216,7.291966891766729,0.6582575139771029,9.027159938429415,True
TurbOPark 0.04,0.04166666567325592,0.17863247990608216,7.285259024130619,0.6608393941037815,9.070911437944956,True
TurbOPark 0.04,0.06944444278875987,0.17863247990608216,7.281024134346191,0.6585396456890169,9.044601879322729,True
TurbOPark 0.04,0.09722221990426382,0.17863247990608216,7.291052337458406,0.6499555505654645,8.914427170221535,True
TurbOPark 0.04,0.12499999701976776,0.17863247990608216,7.282577984118978,0.6501717615589019,8.9277693006065,True
TurbOPark 0.04,0.15277777413527172,0.17863247990608216,7.27038707576747,0.6514471339860611,8.960281305480475,True
TurbOPark 0.04,0.18055555125077566,0.17863247990608216,7.255413516426396,0.655751616351127,9.038101203556389,True
TurbOPark 0.04,0.2083333283662796,0.17863247990608216,7.255123725869407,0.6487478063138354,8.941926159034507,True
TurbOPark 0.04,0.23611110548178355,0.17863247990608216,7.2399201125246675,0.6496288083035708,8.972872603659651,False
TurbOPark 0.04,0.2638888825972875,0.17863247990608216,7.2350217373577035,0.6494760833254671,8.976836655126094,False
TurbOPark 0.04,0.29166665971279143,0.17863247990608216,7.228785456561053,0.6490784553796335,8.979080362531873,False
TurbOPark 0.04,0.3194444368282954,0.17863247990608216,7.224029811902445,0.6432577612199745,8.904417312344574,False
TurbOPark 0.04,0.3472222139437993,0.17863247990608216,7.2201904866723625,0.6356580408190312,8.803895714280427,False
TurbOPark 0.04,0.37499999105930326,0.17863247990608216,7.202263270605492,0.6366848832812781,8.840066786780376,False
TurbOPark 0.04,0.4027777681748072,0.17863247990608216,7.174593034908589,0.6426142262389092,8.95680386486335,False
TurbOPark 0.04,0.4305555452903112,0.17863247990608216,7.142247206641082,0.6457384853062532,9.041110824417077,False
TurbOPark 0.04,0.45833332240581515,0.17863247990608216,7.125855867204543,0.6422125143409567,9.01242638511148,False
TurbOPark 0.04,0.4861110995213191,0.17863247990608216,7.110718395912303,0.6362550733321383,8.94783111785018,False
TurbOPark 0.04,0.513888876636823,0.17863247990608216,7.081768614567296,0.6373298115607376,8.999585361342383,False
TurbOPark 0.04,0.5416666537523269,0.17863247990608216,7.061673864158626,0.6283061537522252,8.8974110931571,False
TurbOPark 0.04,-0.5416666537523269,0.20769230922063192,7.250250761772953,0.6427900526536372,8.865763044262644,False
TurbOPark 0.04,-0.513888876636823,0.20769230922063192,7.259414722054134,0.6485794477863588,8.934321465557982,False
TurbOPark 0.04,-0.4861110995213191,0.20769230922063192,7.268458443233233,0.6552571526952853,9.015077375936771,False
TurbOPark 0.04,-0.45833332240581515,0.20769230922063192,7.2966338363583345,0.6454553021950229,8.845932476134259,False
TurbOPark 0.04,-0.4305555452903112,0.20769230922063192,7.309686301005678,0.6445250465624243,8.817410488241464,False
TurbOPark 0.04,-0.4027777681748072,0.20769230922063192,7.323591907098941,0.645320277450349,8.811526988892211,False
TurbOPark 0.04,-0.37499999105930326,0.20769230922063192,7.331585936808718,0.6465211375997101,8.818298566941804,False
TurbOPark 0.04,-0.3472222139437993,0.20769230922063192,7.34469828232736,0.6475138947720847,8.816072081954916,False
TurbOPark 0.04,-0.3194444368282954,0.20769230922063192,7.363895341431688,0.645719317556528,8.768719374968565,False
TurbOPark 0.04,-0.29166665971279143,0.20769230922063192,7.36784334922196,0.6504079189362107,8.827656725422825,False
TurbOPark 0.04,-0.2638888825972875,0.20769230922063192,7.377482903942802,0.6548353338110394,8.876134886887655,True
TurbOPark 0.04,-0.23611110548178355,0.20769230922063192,7.399147001657892,0.6494725970616227,8.777668519304974,True
TurbOPark 0.04,-0.2083333283662796,0.20769230922063192,7.403449310154023,0.6547536653081898,8.843900158945887,True
TurbOPark 0.04,-0.18055555125077566,0.20769230922063192,7.38920234757001,0.6629890113203416,8.972402975787638,True
TurbOPark 0.04,-0.15277777413527172,0.20769230922063192,7.3940348471177835,0.6645658623512468,8.987864895041664,True
TurbOPark 0.04,-0.12499999701976776,0.20769230922063192,7.398372624539436,0.6661454880201936,9.003946162574671,True
TurbOPark 0.04,-0.09722221990426382,0.20769230922063192,7.39305496115809,0.6648838481349677,8.993357301253129,True
TurbOPark 0.04,-0.06944444278875987,0.20769230922063192,7.385267150778112,0.6619729711613701,8.963426205802516,True
TurbOPark 0.04,-0.04166666567325592,0.20769230922063192,7.388526273216684,0.6605583960804876,8.940326820992755,True
TurbOPark 0.04,-0.013888888557751973,0.20769230922063192,7.392918214296267,0.6598540651102567,8.925488501066399,True
TurbOPark 0.04,0.013888888557751973,0.20769230922063192,7.383233055085362,0.6617664880937943,8.963098999536365,True
TurbOPark 0.04,0.04166666567325592,0.20769230922063192,7.3864519572056375,0.6592338562040114,8.924905489447003,True
TurbOPark 0.04,0.06944444278875987,0.20769230922063192,7.376166956852963,0.6643234086892391,9.006349945374234,True
TurbOPark 0.04,0.09722221990426382,0.20769230922063192,7.381170040284374,0.6617751000044295,8.965720832776443,True
TurbOPark 0.04,0.12499999701976776,0.20769230922063192,7.373019181307131,0.6602212197197389,8.954557196780426,True
TurbOPark 0.04,0.15277777413527172,0.20769230922063192,7.345588269270443,0.664160042506185,9.041618154459245,True
TurbOPark 0.04,0.18055555125077566,0.20769230922063192,7.347528325129927,0.6642010712808363,9.039789190184457,True
TurbOPark 0.04,0.2083333283662796,0.20769230922063192,7.342068042254019,0.6592431252545007,8.978984142621929,True
TurbOPark 0.04,0.23611110548178355,0.20769230922063192,7.34286015938596,0.6541627305047415,8.908827300334224,True
TurbOPark 0.04,0.2638888825972875,0.20769230922063192,7.341670257422622,0.6470291830057834,8.813106014283601,True
TurbOPark 0.04,0.29166665971279143,0.20769230922063192,7.332165018360331,0.6422802681576125,8.759762860618808,False
TurbOPark 0.04,0.3194444368282954,0.20769230922063192,7.312894989851661,0.643193368629378,8.795331664436015,False
TurbOPark 0.04,0.3472222139437993,0.20769230922063192,7.292757876557444,0.6518518738993915,8.93834520401079,False
TurbOPark 0.04,0.37499999105930326,0.20769230922063192,7.289659590986391,0.6385159101310663,8.75920064800538,False
TurbOPark 0.04,0.4027777681748072,0.20769230922063192,7.258069378496577,0.645054413983515,8.887410416530496,False
TurbOPark 0.04,0.4305555452903112,0.20769230922063192,7.239971189997615,0.6407414828008663,8.850055697543146,False
TurbOPark 0.04,0.45833332240581515,0.20769230922063192,7.214956705356973,0.6421253561075245,8.899919740762384,False
TurbOPark 0.04,0.4861110995213191,0.20769230922063192,7.189817208018567,0.6355304383966971,8.839312878328963,False
TurbOPark 0.04,0.513888876636823,0.20769230922063192,7.162450317669853,0.6338225850992077,8.849242326129085,False
TurbOPark 0.04,0.5416666537523269,0.20769230922063192,7.129401583001135,0.6328269927610181,8.876298878574719,False
TurbOPark 0.04,-0.5416666537523269,0.23675213853518168,7.3133196955419155,0.6531346997014675,8.930755483034718,False
TurbOPark 0.04,-0.513888876636823,0.23675213853518168,7.3249523263375345,0.6588908604441039,8.995155614528736,False
TurbOPark 0.04,-0.4861110995213191,0.23675213853518168,7.339920590317893,0.6586673738399824,8.973767028335867,False
TurbOPark 0.04,-0.45833332240581515,0.23675213853518168,7.352846554681865,0.6599830476359824,8.97588495459277,False
TurbOPark 0.04,-0.4305555452903112,0.23675213853518168,7.375259085578472,0.6553058196553326,8.88519050044917,False
TurbOPark 0.04,-0.4027777681748072,0.23675213853518168,7.387077409242906,0.6598267651292714,8.932176131032264,False
TurbOPark 0.04,-0.37499999105930326,0.23675213853518168,7.395125547103717,0.6596152058110792,8.91959442215847,False
TurbOPark 0.04,-0.3472222139437993,0.23675213853518168,7.425907589858732,0.6503120292981946,8.757340721372564,False
TurbOPark 0.04,-0.3194444368282954,0.23675213853518168,7.444075728185255,0.6446600528366413,8.660041573674304,False
TurbOPark 0.04,-0.29166665971279143,0.23675213853518168,7.450235120788569,0.6555630049577679,8.799225720119018,True
TurbOPark 0.04,-0.2638888825972875,0.23675213853518168,7.459223812401698,0.6558056236859946,8.791874867672597,True
TurbOPark 0.04,-0.23611110548178355,0.23675213853518168,7.468273095374737,0.6629221197567455,8.876511494569039,True
TurbOPark 0.04,-0.2083333283662796,0.23675213853518168,7.464971465732558,0.6702380758991643,8.97844123016205,True
TurbOPark 0.04,-0.18055555125077566,0.23675213853518168,7.466274812750325,0.6696316321002006,8.968751471036878,True
TurbOPark 0.04,-0.15277777413527172,0.23675213853518168,7.452736573693235,0.6686795190980016,8.972268273352304,True
TurbOPark 0.04,-0.12499999701976776,0.23675213853518168,7.471189651271454,0.6710269739722672,8.981527779288419,True
TurbOPark 0.04,-0.09722221990426382,0.23675213853518168,7.477346002095258,0.6677605740483362,8.930449037147943,True
TurbOPark 0.04,-0.06944444278875987,0.23675213853518168,7.475424152507425,0.6656091892500734,8.903965523171193,True
TurbOPark 0.04,-0.04166666567325592,0.23675213853518168,7.471737848769673,0.6633578612067981,8.878227189355007,True
TurbOPark 0.04,-0.013888888557751973,0.23675213853518168,7.462580182973839,0.6596185178218883,8.83901414321595,True
TurbOPark 0.04,0.013888888557751973,0.23675213853518168,7.464653444353223,0.6673267235981792,8.939821902957746,True
TurbOPark 0.04,0.04166666567325592,0.23675213853518168,7.463145776342492,0.669886687752423,8.975929290781162,True
TurbOPark 0.04,0.06944444278875987,0.23675213853518168,7.457622659626916,0.6662795942726412,8.93420899235968,True
TurbOPark 0.04,0.09722221990426382,0.23675213853518168,7.445114562499899,0.6737255280183451,9.049229832027237,True
TurbOPark 0.04,0.12499999701976776,0.23675213853518168,7.438900717602662,0.6730052524479486,9.047106259335026,True
TurbOPark 0.04,0.15277777413527172,0.23675213853518168,7.445827704378166,0.6655258842544445,8.938239114277565,True
TurbOPark 0.04,0.18055555125077566,0.23675213853518168,7.431421980885623,0.6666133782710344,8.970199512093812,True
TurbOPark 0.04,0.2083333283662796,0.23675213853518168,7.434058759674739,0.659298984091028,8.86862756139789,True
TurbOPark 0.04,0.23611110548178355,0.23675213853518168,7.428254289454822,0.6553926585927624,8.822970149570141,True
TurbOPark 0.04,0.2638888825972875,0.23675213853518168,7.416911871068852,0.646388843595448,8.715067063380069,True
TurbOPark 0.04,0.29166665971279143,0.23675213853518168,7.410086140026944,0.6340144270464161,8.556100631835713,True
TurbOPark 0.04,0.3194444368282954,0.23675213853518168,7.38937898170852,0.6440488790454658,8.715872885119683,False
TurbOPark 0.04,0.3472222139437993,0.23675213853518168,7.368455479597082,0.6525540044992586,8.856048683555882,False
TurbOPark 0.04,0.37499999105930326,0.23675213853518168,7.347412126931925,0.6501367643025644,8.848513640870769,False
TurbOPark 0.04,0.4027777681748072,0.23675213853518168,7.320806913717175,0.6509966861670387,8.892417104284641,False
TurbOPark 0.04,0.4305555452903112,0.23675213853518168,7.302788677393763,0.6449811863115651,8.831984804765671,False
TurbOPark 0.04,0.45833332240581515,0.23675213853518168,7.27495490719274,0.6466452069301162,8.888649004418966,False
TurbOPark 0.04,0.4861110995213191,0.23675213853518168,7.2510357740183595,0.6343739796383451,8.748736034531925,False
TurbOPark 0.04,0.513888876636823,0.23675213853518168,7.204479329101666,0.6407708315505848,8.894061628607423,False
TurbOPark 0.04,0.5416666537523269,0.23675213853518168,7.175257919065743,0.6365490331788124,8.871444627619665,False
TurbOPark 0.04,-0.5416666537523269,0.26581196784973143,7.380889874628272,0.6503979384175897,8.811917661220303,False
TurbOPark 0.04,-0.513888876636823,0.26581196784973143,7.394677106652099,0.6530044715396608,8.830736787036061,False
TurbOPark 0.04,-0.4861110995213191,0.26581196784973143,7.3937200562415395,0.663900724620079,8.979251575255889,False
TurbOPark 0.04,-0.45833332240581515,0.26581196784973143,7.409728320182014,0.6659485511455014,8.987489451288587,False
TurbOPark 0.04,-0.4305555452903112,0.26581196784973143,7.422735369062841,0.6634915446755338,8.938639351752926,False
TurbOPark 0.04,-0.4027777681748072,0.26581196784973143,7.442628118668017,0.6643357731188798,8.926091194218822,False
TurbOPark 0.04,-0.37499999105930326,0.26581196784973143,7.456905476844471,0.6661339297027608,8.933114839275765,False
TurbOPark 0.04,-0.3472222139437993,0.26581196784973143,7.478683330452836,0.6624003167234792,8.85717829535872,True
TurbOPark 0.04,-0.3194444368282954,0.26581196784973143,7.497679743122638,0.6613030004157965,8.820101992518243,True
TurbOPark 0.04,-0.29166665971279143,0.26581196784973143,7.5089355374006175,0.6592853745872128,8.780011112140123,True
TurbOPark 0.04,-0.2638888825972875,0.26581196784973143,7.509154556627492,0.6713488671346016,8.940405502002578,True
TurbOPark 0.04,-0.23611110548178355,0.26581196784973143,7.52265661627048,0.6702476228094368,8.909719757243506,True
TurbOPark 0.04,-0.2083333283662796,0.26581196784973143,7.521288892320469,0.6749315560791772,8.973615636122005,True
TurbOPark 0.04,-0.18055555125077566,0.26581196784973143,7.518877060897872,0.6783515822376419,9.021979967799023,True
TurbOPark 0.04,-0.15277777413527172,0.26581196784973143,7.525430241833924,0.6786911611599702,9.01863600285763,True
TurbOPark 0.04,-0.12499999701976776,0.26581196784973143,7.552037464399439,0.6694358783818255,8.86430822857499,True
TurbOPark 0.04,-0.09722221990426382,0.26581196784973143,7.555156642777215,0.6663334680236934,8.819585079823767,True
TurbOPark 0.04,-0.06944444278875987,0.26581196784973143,7.5450118862227304,0.6775139365957605,8.97962716046754,True
TurbOPark 0.04,-0.04166666567325592,0.26581196784973143,7.535246674923732,0.6734367202761695,8.937155601252904,True
TurbOPark 0.04,-0.013888888557751973,0.26581196784973143,7.526544820899229,0.6699284510318391,8.900876391137997,True
TurbOPark 0.04,0.013888888557751973,0.26581196784973143,7.516013813852457,0.6734737738477874,8.960518042243823,True
TurbOPark 0.04,0.04166666567325592,0.26581196784973143,7.519678736322437,0.6587435932197201,8.760262456928903,True
TurbOPark 0.04,0.06944444278875987,0.26581196784973143,7.515195042294865,0.6690183034775974,8.902208122509403,True
TurbOPark 0.04,0.09722221990426382,0.26581196784973143,7.514128410111879,0.6757471243419974,8.993020713255765,True
TurbOPark 0.04,0.12499999701976776,0.26581196784973143,7.522504704916608,0.6704382812210229,8.912434189410789,True
TurbOPark 0.04,0.15277777413527172,0.26581196784973143,7.5206035594119545,0.6669102368217609,8.867775459153538,True
TurbOPark 0.04,0.18055555125077566,0.26581196784973143,7.512005814177019,0.6659373915714829,8.864974389592374,True
TurbOPark 0.04,0.2083333283662796,0.26581196784973143,7.502576086736169,0.6585432333261385,8.777561543032924,True
TurbOPark 0.04,0.23611110548178355,0.26581196784973143,7.487640494132163,0.6617359817511606,8.837710387801645,True
TurbOPark 0.04,0.2638888825972875,0.26581196784973143,7.480863753502781,0.6537723178986937,8.73926246274137,True
TurbOPark 0.04,0.29166665971279143,0.26581196784973143,7.4767867143133016,0.6306653448694031,8.434978406727573,True
TurbOPark 0.04,0.3194444368282954,0.26581196784973143,7.454472908034497,0.642236173805373,8.615447151376259,True
TurbOPark 0.04,0.3472222139437993,0.26581196784973143,7.42954137294343,0.6483959960504591,8.727268124675346,True
TurbOPark 0.04,0.37499999105930326,0.26581196784973143,7.401756659763222,0.6512263328481198,8.798267259828457,False
TurbOPark 0.04,0.4027777681748072,0.26581196784973143,7.3742188413878385,0.6521627891104553,8.843822012037242,False
TurbOPark 0.04,0.4305555452903112,0.26581196784973143,7.348565904988042,0.6465689154266536,8.798572725431736,False
TurbOPark 0.04,0.45833332240581515,0.26581196784973143,7.3234497094570195,0.6472911279041075,8.838609584063075,False
TurbOPark 0.04,0.4861110995213191,0.26581196784973143,7.296378016039793,0.6355277673393317,8.710181489257225,False
TurbOPark 0.04,0.513888876636823,0.26581196784973143,7.243563309583938,0.6428883807079511,8.875305609013553,False
TurbOPark 0.04,0.5416666537523269,0.26581196784973143,7.213066294891713,0.6323346068237332,8.766515944426462,False
TurbOPark 0.04,-0.5416666537523269,0.2948717971642812,7.420756191922221,0.6635642590048484,8.942003238526603,False
TurbOPark 0.04,-0.513888876636823,0.2948717971642812,7.434424039650486,0.6634537482951925,8.924077302515332,False
TurbOPark 0.04,-0.4861110995213191,0.2948717971642812,7.442472288525176,0.6712312692088278,9.018928699858701,False
TurbOPark 0.04,-0.45833332240581515,0.2948717971642812,7.4593013000697805,0.6676337733563464,8.950352673783279,False
TurbOPark 0.04,-0.4305555452903112,0.2948717971642812,7.4701679796981955,0.6753249098857868,9.04029081703556,False
TurbOPark 0.04,-0.4027777681748072,0.2948717971642812,7.497157112114255,0.6695540967673761,8.93077318181687,False
TurbOPark 0.04,-0.37499999105930326,0.2948717971642812,7.513559885977478,0.6693319212408987,8.908319510303894,True
TurbOPark 0.04,-0.3472222139437993,0.2948717971642812,7.533827873500903,0.6693265465119932,8.884282435841783,True
TurbOPark 0.04,-0.3194444368282954,0.2948717971642812,7.54187394650404,0.672771510498244,8.920482034973555,True
TurbOPark 0.04,-0.29166665971279143,0.2948717971642812,7.558411713210192,0.6691441830002971,8.85297346042691,True
TurbOPark 0.04,-0.2638888825972875,0.2948717971642812,7.566206672882164,0.6715808732737588,8.876057743449614,True
TurbOPark 0.04,-0.23611110548178355,0.2948717971642812,7.568943674976052,0.6776748092479316,8.953360446959275,True
TurbOPark 0.04,-0.2083333283662796,0.2948717971642812,7.57427973335258,0.6823716596267059,9.00906335188481,True
TurbOPark 0.04,-0.18055555125077566,0.2948717971642812,7.584540044224747,0.6854052226798579,9.036872620927886,True
TurbOPark 0.04,-0.15277777413527172,0.2948717971642812,7.6011836182324135,0.6795089385154788,8.939514852470994,True
TurbOPark 0.04,-0.12499999701976776,0.2948717971642812,7.615500286413508,0.6732643814665915,8.840711130531162,True
TurbOPark 0.04,-0.09722221990426382,0.2948717971642812,7.613799387693592,0.6755077896406263,8.872151146147472,True
TurbOPark 0.04,-0.06944444278875987,0.2948717971642812,7.60468036581924,0.6810193310715078,8.955265682598386,True
TurbOPark 0.04,-0.04166666567325592,0.2948717971642812,7.588955531342109,0.6784671960693718,8.940192010182784,True
TurbOPark 0.04,-0.013888888557751973,0.2948717971642812,7.581911291737021,0.6797116388708525,8.964911520550514,True
TurbOPark 0.04,0.013888888557751973,0.2948717971642812,7.5764171496365575,0.6696616619554832,8.838764401820285,True
TurbOPark 0.04,0.04166666567325592,0.2948717971642812,7.582931209291489,0.6667776595477976,8.793138710407712,True
TurbOPark 0.04,0.06944444278875987,0.2948717971642812,7.595944197413381,0.6667660674868452,8.777922140527265,True
TurbOPark 0.04,0.09722221990426382,0.2948717971642812,7.586171936734847,0.6734570244390371,8.87742895963018,True
TurbOPark 0.04,0.12499999701976776,0.2948717971642812,7.585073721111247,0.6679351502545925,8.80591507496564,True
TurbOPark 0.04,0.15277777413527172,0.2948717971642812,7.594232696870531,0.649628389612857,8.554233397148327,True
TurbOPark 0.04,0.18055555125077566,0.2948717971642812,7.571283924667522,0.6636326589620771,8.76512709819186,True
TurbOPark 0.04,0.2083333283662796,0.2948717971642812,7.570698493123625,0.6444625823615406,8.512590786000768,True
TurbOPark 0.04,0.23611110548178355,0.2948717971642812,7.55944254342621,0.6482137428635546,8.57488815001643,True
TurbOPark 0.04,0.2638888825972875,0.2948717971642812,7.543937216636857,0.6419659032962299,8.50969308016621,True
TurbOPark 0.04,0.29166665971279143,0.2948717971642812,7.507997714589085,0.6623266288291313,8.821614683527919,True
TurbOPark 0.04,0.3194444368282954,0.2948717971642812,7.491711471965393,0.6599053656112678,8.808472777958528,True
TurbOPark 0.04,0.3472222139437993,0.2948717971642812,7.473546475330812,0.6550616640178265,8.765071123597055,True
TurbOPark 0.04,0.37499999105930326,0.2948717971642812,7.447823100642455,0.6578509284274391,8.832794758117878,True
TurbOPark 0.04,0.4027777681748072,0.2948717971642812,7.407701684620004,0.6611902405582984,8.92571365192895,False
TurbOPark 0.04,0.4305555452903112,0.2948717971642812,7.392181859421751,0.6392547182457852,8.64771363046242,False
TurbOPark 0.04,0.45833332240581515,0.2948717971642812,7.377410878156258,0.6230238266477748,8.44502003395911,False
TurbOPark 0.04,0.4861110995213191,0.2948717971642812,7.324655286576041,0.6444816526937197,8.79879840727613,False
TurbOPark 0.04,0.513888876636823,0.2948717971642812,7.276323452645271,0.6491195627480589,8.920982787152965,False
TurbOPark 0.04,0.5416666537523269,0.2948717971642812,7.242287327480492,0.6357869025637989,8.778813568350676,False
TurbOPark 0.04,-0.5416666537523269,0.32393162647883095,7.45629030468986,0.6672841858381373,8.949278509427518,False
TurbOPark 0.04,-0.513888876636823,0.32393162647883095,7.468817951356029,0.6728494645851325,9.008781161455017,False
TurbOPark 0.04,-0.4861110995213191,0.32393162647883095,7.4858450338138125,0.6727081089863611,8.986401748202322,False
TurbOPark 0.04,-0.45833332240581515,0.32393162647883095,7.509562110677727,0.6680796845418476,8.896386695995439,False
TurbOPark 0.04,-0.4305555452903112,0.32393162647883095,7.512835087644894,0.6782486043999123,9.027864933642887,False
TurbOPark 0.04,-0.4027777681748072,0.32393162647883095,7.539912398362947,0.6746086688968541,8.947168524707582,False
TurbOPark 0.04,-0.37499999105930326,0.32393162647883095,7.552935011385769,0.6771920315949261,8.965945431465839,True
TurbOPark 0.04,-0.3472222139437993,0.32393162647883095,7.567401059805026,0.6812275174257346,9.00213312393524,True
TurbOPark 0.04,-0.3194444368282954,0.32393162647883095,7.586333706118731,0.6776455063641843,8.9324505435034,True
TurbOPark 0.04,-0.29166665971279143,0.32393162647883095,7.599257450205628,0.6805671587577697,8.955706043876093,True
TurbOPark 0.04,-0.2638888825972875,0.32393162647883095,7.620381121392045,0.6724836761227384,8.824803712703194,True
TurbOPark 0.04,-0.23611110548178355,0.32393162647883095,7.619613072063112,0.6784712964904074,8.904274929365963,True
TurbOPark 0.04,-0.2083333283662796,0.32393162647883095,7.629390972245267,0.6867590202647151,9.001492029482499,True
TurbOPark 0.04,-0.18055555125077566,0.32393162647883095,7.646510507038216,0.6833396851654838,8.93662128021017,True
TurbOPark 0.04,-0.15277777413527172,0.32393162647883095,7.65727303347148,0.6811795408096144,8.895850230650543,True
TurbOPark 0.04,-0.12499999701976776,0.32393162647883095,7.675371366288456,0.6651641280953042,8.666214263153687,True
TurbOPark 0.04,-0.09722221990426382,0.32393162647883095,7.67352731520745,0.672680400178425,8.766247548833277,True
TurbOPark 0.04,-0.06944444278875987,0.32393162647883095,7.6467011622261065,0.6881620348457069,8.99946290885741,True
TurbOPark 0.04,-0.04166666567325592,0.32393162647883095,7.641243921129764,0.6818514604827929,8.92330447137435,True
TurbOPark 0.04,-0.013888888557751973,0.32393162647883095,7.632544664829354,0.6732964715799789,8.821389210894742,True
TurbOPark 0.04,0.013888888557751973,0.32393162647883095,7.623828434511108,0.6744331016979115,8.846383513103817,True
TurbOPark 0.04,0.04166666567325592,0.32393162647883095,7.628811990606057,0.6770285791453649,8.874626612623855,True
TurbOPark 0.04,0.06944444278875987,0.32393162647883095,7.650805299896611,0.6782058337165884,8.864502586750616,True
TurbOPark 0.04,0.09722221990426382,0.32393162647883095,7.6593938087791935,0.6518025814709553,8.509845527512367,True
TurbOPark 0.04,0.12499999701976776,0.32393162647883095,7.654652162967207,0.6516762714330985,8.51346681154074,True
TurbOPark 0.04,0.15277777413527172,0.32393162647883095,7.6485269404272245,0.6372004027310402,8.331021224009024,True
TurbOPark 0.04,0.18055555125077566,0.32393162647883095,7.6396909372650015,0.6401796325100738,8.379653545765782,True
TurbOPark 0.04,0.2083333283662796,0.32393162647883095,7.621816397270538,0.6497035610288127,8.524261503615845,True
TurbOPark 0.04,0.23611110548178355,0.32393162647883095,7.600288335928642,0.6588886705900979,8.669258868447805,True
TurbOPark 0.04,0.2638888825972875,0.32393162647883095,7.58109530662708,0.6626639927995964,8.74100596282338,True
TurbOPark 0.04,0.29166665971279143,0.32393162647883095,7.552123933088074,0.6701950049460021,8.874258564662597,True
TurbOPark 0.04,0.3194444368282954,0.32393162647883095,7.530544483434481,0.6691742815797269,8.88613410427043,True
TurbOPark 0.04,0.3472222139437993,0.32393162647883095,7.5013587865544205,0.671997171716005,8.958339293415824,True
TurbOPark 0.04,0.37499999105930326,0.32393162647883095,7.469162238612517,0.6741798086688563,9.0261770615133,True
TurbOPark 0.04,0.4027777681748072,0.32393162647883095,7.4374103122457065,0.6707654982475367,9.018804531237445,False
TurbOPark 0.04,0.4305555452903112,0.32393162647883095,7.4208563486187025,0.6576909017878155,8.862735928182147,False
TurbOPark 0.04,0.45833332240581515,0.32393162647883095,7.387690461032887,0.6502631674050311,8.801981767304806,False
TurbOPark 0.04,0.4861110995213191,0.32393162647883095,7.351672039238363,0.6392654262629749,8.695510665478531,False
TurbOPark 0.04,0.513888876636823,0.32393162647883095,7.298394282908062,0.6330658162646855,8.674042422553786,False
TurbOPark 0.04,0.5416666537523269,0.32393162647883095,7.277036217076386,0.6090556886080495,8.369556924546172,False
TurbOPark 0.04,-0.5416666537523269,0.35299145579338076,7.4868445914279524,0.6724863477319107,8.982239974659988,False
TurbOPark 0.04,-0.513888876636823,0.35299145579338076,7.495488707148521,0.6785882284066101,9.053288650270847,False
TurbOPark 0.04,-0.4861110995213191,0.35299145579338076,7.50869095168378,0.6785659759960462,9.037074243199232,False
TurbOPark 0.04,-0.45833332240581515,0.35299145579338076,7.527673887272094,0.6740997659996069,8.954954426750406,False
TurbOPark 0.04,-0.4305555452903112,0.35299145579338076,7.55979856484678,0.6750866291917456,8.929955254772427,False
TurbOPark 0.04,-0.4027777681748072,0.35299145579338076,7.577215727774589,0.6765277245992847,8.928447452267264,True
TurbOPark 0.04,-0.37499999105930326,0.35299145579338076,7.593305353766548,0.6800784799720127,8.956290420148449,True
TurbOPark 0.04,-0.3472222139437993,0.35299145579338076,7.618688870651075,0.6749533632615989,8.85918003374141,True
TurbOPark 0.04,-0.3194444368282954,0.35299145579338076,7.628071117467789,0.6842405670197333,8.970033924472293,True
TurbOPark 0.04,-0.29166665971279143,0.35299145579338076,7.631337244880364,0.690476432897684,9.047908783757446,True
TurbOPark 0.04,-0.2638888825972875,0.35299145579338076,7.6448049790406065,0.6881561400346737,9.001617986611278,True
TurbOPark 0.04,-0.23611110548178355,0.35299145579338076,7.675279824266787,0.67719565611445,8.82307448874207,True
TurbOPark 0.04,-0.2083333283662796,0.35299145579338076,7.689583814666186,0.6826451473505443,8.877530485441216,True
TurbOPark 0.04,-0.18055555125077566,0.35299145579338076,7.693317365898926,0.6853125948771017,8.907894504843767,True
TurbOPark 0.04,-0.15277777413527172,0.35299145579338076,7.7062104257573845,0.6801893273370053,8.82650861782242,True
TurbOPark 0.04,-0.12499999701976776,0.35299145579338076,7.719311747600651,0.6644494114200761,8.607625046709677,True
TurbOPark 0.04,-0.09722221990426382,0.35299145579338076,7.712898577333673,0.6780971164734786,8.791728682472767,True
TurbOPark 0.04,-0.06944444278875987,0.35299145579338076,7.69578850092078,0.685371981980838,8.905805843011866,True
TurbOPark 0.04,-0.04166666567325592,0.35299145579338076,7.693941918723927,0.6902901244781583,8.971865550456947,True
TurbOPark 0.04,-0.013888888557751973,0.35299145579338076,7.681944995975852,0.676148286095972,8.80178504858039,True
TurbOPark 0.04,0.013888888557751973,0.35299145579338076,7.68867985107931,0.6858134127591868,8.919781107323837,True
TurbOPark 0.04,0.04166666567325592,0.35299145579338076,7.685797265420973,0.6807509083826202,8.8572581981231,True
TurbOPark 0.04,0.06944444278875987,0.35299145579338076,7.70409326950123,0.6673958856605886,8.662873907597389,True
TurbOPark 0.04,0.09722221990426382,0.35299145579338076,7.696373244178842,0.6747377205654845,8.766956840039208,True
TurbOPark 0.04,0.12499999701976776,0.35299145579338076,7.709017921646829,0.6355669955412935,8.244461253055709,True
TurbOPark 0.04,0.15277777413527172,0.35299145579338076,7.699292075859551,0.6366039276332586,8.268343652389468,True
TurbOPark 0.04,0.18055555125077566,0.35299145579338076,7.682145986553289,0.6431541644287989,8.372063815951508,True
TurbOPark 0.04,0.2083333283662796,0.35299145579338076,7.64402958059466,0.6728362685100887,8.80211492402082,True
TurbOPark 0.04,0.23611110548178355,0.35299145579338076,7.620571809884157,0.6806753736455075,8.93207741658765,True
TurbOPark 0.04,0.2638888825972875,0.35299145579338076,7.6156806173134015,0.6712260710107328,8.813737139721631,True
TurbOPark 0.04,0.29166665971279143,0.35299145579338076,7.592190319544493,0.6688526733801672,8.809745873445072,True
TurbOPark 0.04,0.3194444368282954,0.35299145579338076,7.558273423255848,0.6729648739733604,8.90368522396574,True
TurbOPark 0.04,0.3472222139437993,0.35299145579338076,7.539648807074875,0.6741991541693727,8.942049841058033,True
TurbOPark 0.04,0.37499999105930326,0.35299145579338076,7.486472961459966,0.6754203238505286,9.02187622031847,True
TurbOPark 0.04,0.4027777681748072,0.35299145579338076,7.463484635021681,0.6758805993974447,9.05583159139821,True
TurbOPark 0.04,0.4305555452903112,0.35299145579338076,7.4330809829782,0.6692182088846185,9.003241191870938,False
TurbOPark 0.04,0.45833332240581515,0.35299145579338076,7.399454976283689,0.6663485696579899,9.005373663245907,False
TurbOPark 0.04,0.4861110995213191,0.35299145579338076,7.356787402078786,0.6577454562554983,8.940661464128228,False
TurbOPark 0.04,0.513888876636823,0.35299145579338076,7.328256809035611,0.6316411676341753,8.61925535763666,False
TurbOPark 0.04,0.5416666537523269,0.35299145579338076,7.295121106116004,0.6027885565938087,8.26289992757556,False
TurbOPark 0.04,-0.5416666537523269,0.3820512851079305,7.5173481892416225,0.6759007522361001,8.991212528952811,False
TurbOPark 0.04,-0.513888876636823,0.3820512851079305,7.515353336945241,0.6818821841816216,9.07318862613565,False
TurbOPark 0.04,-0.4861110995213191,0.3820512851079305,7.527414991869866,0.6799050034890531,9.03238368315548,False
TurbOPark 0.04,-0.45833332240581515,0.3820512851079305,7.552715525900669,0.6795615758864396,8.997579394537055,False
TurbOPark 0.04,-0.4305555452903112,0.3820512851079305,7.577346235658031,0.6840533927466671,9.027611666042109,True
TurbOPark 0.04,-0.4027777681748072,0.3820512851079305,7.6052773317022915,0.6842887395614428,8.997551433252971,True
TurbOPark 0.04,-0.37499999105930326,0.3820512851079305,7.626848766155872,0.6826720908210029,8.950906354015554,True
TurbOPark 0.04,-0.3472222139437993,0.3820512851079305,7.647281620349507,0.6834170876746151,8.93673231355877,True
TurbOPark 0.04,-0.3194444368282954,0.3820512851079305,7.666297327226633,0.6851212330706059,8.93679443709309,True
TurbOPark 0.04,-0.29166665971279143,0.3820512851079305,7.681077267309968,0.6832375318323377,8.895074324276626,True
TurbOPark 0.04,-0.2638888825972875,0.3820512851079305,7.698860243080005,0.6823777430242799,8.863360568697477,True
TurbOPark 0.04,-0.23611110548178355,0.3820512851079305,7.714252968520134,0.6816109991823522,8.835735643669322,True
TurbOPark 0.04,-0.2083333283662796,0.3820512851079305,7.732071168985187,0.6843440108344255,8.850720536296405,True
TurbOPark 0.04,-0.18055555125077566,0.3820512851079305,7.737109110765863,0.6879289883574057,8.891292322608987,True
TurbOPark 0.04,-0.15277777413527172,0.3820512851079305,7.747888322580929,0.6786297332663149,8.758899264054621,True
TurbOPark 0.04,-0.12499999701976776,0.3820512851079305,7.757267838456915,0.6814889209888279,8.78516682910346,True
TurbOPark 0.04,-0.09722221990426382,0.3820512851079305,7.760361561358625,0.6822537015331092,8.791519520562975,True
TurbOPark 0.04,-0.06944444278875987,0.3820512851079305,7.750343671433164,0.6743030675648938,8.70029893061767,True
TurbOPark 0.04,-0.04166666567325592,0.3820512851079305,7.748191634625009,0.6757302259262461,8.721134656847573,True
TurbOPark 0.04,-0.013888888557751973,0.3820512851079305,7.741842108598861,0.6728508346016367,8.691094769994102,True
TurbOPark 0.04,0.013888888557751973,0.3820512851079305,7.733706414113633,0.6798164377898979,8.790305726491846,True
TurbOPark 0.04,0.04166666567325592,0.3820512851079305,7.739858446498591,0.6773703547008185,8.751715026613335,True
TurbOPark 0.04,0.06944444278875987,0.3820512851079305,7.740446420259709,0.6826309998360103,8.81901330715634,True
TurbOPark 0.04,0.09722221990426382,0.3820512851079305,7.738363389661405,0.6746236165222148,8.717910784902196,True
TurbOPark 0.04,0.12499999701976776,0.3820512851079305,7.7357814406133,0.6650258374547513,8.59675060057058,True
TurbOPark 0.04,0.15277777413527172,0.3820512851079305,7.732306562755095,0.650634002494803,8.414487930791195,True
TurbOPark 0.04,0.18055555125077566,0.3820512851079305,7.714276192617786,0.6542592732881765,8.48114919600977,True
TurbOPark 0.04,0.2083333283662796,0.3820512851079305,7.696943799866666,0.6605322063856933,8.581746516028034,True
TurbOPark 0.04,0.23611110548178355,0.3820512851079305,7.672128873724807,0.6711914008894507,8.74843751892802,True
TurbOPark 0.04,0.2638888825972875,0.3820512851079305,7.652135967423162,0.6707977370934938,8.766150261171891,True
TurbOPark 0.04,0.29166665971279143,0.3820512851079305,7.606374648113742,0.6796278458694277,8.934977269860937,True
TurbOPark 0.04,0.3194444368282954,0.3820512851079305,7.586007081165908,0.672573541451345,8.865975660913513,True
TurbOPark 0.04,0.3472222139437993,0.3820512851079305,7.557796163608507,0.67678471759473,8.954789239401713,True
TurbOPark 0.04,0.37499999105930326,0.3820512851079305,7.5219367136487385,0.6800908801662908,9.041433158195138,True
TurbOPark 0.04,0.4027777681748072,0.3820512851079305,7.483082887082603,0.6726740586543869,8.989263767418182,True
TurbOPark 0.04,0.4305555452903112,0.3820512851079305,7.45043862027909,0.6716562609904645,9.01498952239277,True
TurbOPark 0.04,0.45833332240581515,0.3820512851079305,7.411215783671829,0.6651570577462285,8.975005952622277,False
TurbOPark 0.04,0.4861110995213191,0.3820512851079305,7.382486586849006,0.6540008376301663,8.858815115156302,False
TurbOPark 0.04,0.513888876636823,0.3820512851079305,7.344612535228755,0.6362087245985528,8.662250344003171,False
TurbOPark 0.04,0.5416666537523269,0.3820512851079305,7.2899536999821555,0.6317665780039274,8.666263243969215,False
TurbOPark 0.04,-0.5416666537523269,0.4111111144224803,7.5305194831152,0.6819717250462518,9.0561046495578,False
TurbOPark 0.04,-0.513888876636823,0.4111111144224803,7.539461415694136,0.6801033100545556,9.020582141833808,False
TurbOPark 0.04,-0.4861110995213191,0.4111111144224803,7.55616777913604,0.6827190901745396,9.035255835102705,False
TurbOPark 0.04,-0.45833332240581515,0.4111111144224803,7.580533942886083,0.6848466818417783,9.034280263126709,False
TurbOPark 0.04,-0.4305555452903112,0.4111111144224803,7.609731362828776,0.6870713884278737,9.028852079904011,True
TurbOPark 0.04,-0.4027777681748072,0.4111111144224803,7.630584593172529,0.6879155608171001,9.015240607287325,True
TurbOPark 0.04,-0.37499999105930326,0.4111111144224803,7.654633712465107,0.689429324255184,9.00669254927888,True
TurbOPark 0.04,-0.3472222139437993,0.4111111144224803,7.684307637161009,0.6820614515875656,8.876030005476919,True
TurbOPark 0.04,-0.3194444368282954,0.4111111144224803,7.698678968562507,0.6823454211341968,8.863149430188592,True
TurbOPark 0.04,-0.29166665971279143,0.4111111144224803,7.729532837279224,0.676625018343101,8.753763423835473,True
TurbOPark 0.04,-0.2638888825972875,0.4111111144224803,7.744966970885815,0.6765300529871957,8.735092809696242,True
TurbOPark 0.04,-0.23611110548178355,0.4111111144224803,7.758415943705214,0.6801420858903964,8.766507117245101,True
TurbOPark 0.04,-0.2083333283662796,0.4111111144224803,7.760256409038879,0.6913266123207905,8.908553736904326,True
TurbOPark 0.04,-0.18055555125077566,0.4111111144224803,7.777675803345106,0.6864575641955897,8.825998685884421,True
TurbOPark 0.04,-0.15277777413527172,0.4111111144224803,7.792441844494237,0.6818308636548894,8.74989993203014,True
TurbOPark 0.04,-0.12499999701976776,0.4111111144224803,7.801960605043721,0.6751407898532502,8.65347601751274,True
TurbOPark 0.04,-0.09722221990426382,0.4111111144224803,7.814167266260722,0.6656538130968241,8.5185508630065,True
TurbOPark 0.04,-0.06944444278875987,0.4111111144224803,7.813667903755563,0.6609488221505161,8.45888039127997,True
TurbOPark 0.04,-0.04166666567325592,0.4111111144224803,7.801208419594006,0.643128241438222,8.243956664750819,True
TurbOPark 0.04,-0.013888888557751973,0.4111111144224803,7.783627977493961,0.6622711263332224,8.508514644432545,True
TurbOPark 0.04,0.013888888557751973,0.4111111144224803,7.786303522319877,0.6679166903608148,8.578097276148997,True
TurbOPark 0.04,0.04166666567325592,0.4111111144224803,7.779116785335487,0.6863051551242976,8.822404574489232,True
TurbOPark 0.04,0.06944444278875987,0.4111111144224803,7.783543973312778,0.6760565507033489,8.685716339771773,True
TurbOPark 0.04,0.09722221990426382,0.4111111144224803,7.782487454491631,0.6721652560924375,8.636894823447482,True
TurbOPark 0.04,0.12499999701976776,0.4111111144224803,7.767598765239743,0.6739586962360304,8.676538485123839,True
TurbOPark 0.04,0.15277777413527172,0.4111111144224803,7.773796757359111,0.6522116205160065,8.389872296295712,True
TurbOPark 0.04,0.18055555125077566,0.4111111144224803,7.764223777644831,0.6366032158557157,8.199186861263039,True
TurbOPark 0.04,0.2083333283662796,0.4111111144224803,7.744568919621223,0.6411949137112459,8.279284752528305,True
TurbOPark 0.04,0.23611110548178355,0.4111111144224803,7.711362267749294,0.6673995865209363,8.654755973690358,True
TurbOPark 0.04,0.2638888825972875,0.4111111144224803,7.692761186504782,0.661556168162614,8.599723195920411,True
TurbOPark 0.04,0.29166665971279143,0.4111111144224803,7.66158474484093,0.6767368571424982,8.832857426763981,True
TurbOPark 0.04,0.3194444368282954,0.4111111144224803,7.631478221369923,0.6773631687327618,8.875910394869328,True
TurbOPark 0.04,0.3472222139437993,0.4111111144224803,7.592177486343262,0.6737592890280617,8.874388016349902,True
TurbOPark 0.04,0.37499999105930326,0.4111111144224803,7.558631087681423,0.6785959174908107,8.977762105584745,True
TurbOPark 0.04,0.4027777681748072,0.4111111144224803,7.5142085621124135,0.6801146477335216,9.051048318817571,True
TurbOPark 0.04,0.4305555452903112,0.4111111144224803,7.466317586387111,0.6754275919474284,9.046328181631264,True
TurbOPark 0.04,0.45833332240581515,0.4111111144224803,7.4269686491463816,0.6720655971191546,9.048989283082518,False
TurbOPark 0.04,0.4861110995213191,0.4111111144224803,7.387548540925673,0.6627676890124459,8.971415691427726,False
TurbOPark 0.04,0.513888876636823,0.4111111144224803,7.348613541031565,0.6500176291398027,8.845445817913513,False
TurbOPark 0.04,0.5416666537523269,0.4111111144224803,7.297140048418093,0.6373944939246212,8.734853513778983,False
TurbOPark 0.04,-0.5416666537523269,0.44017094373703003,7.558016803637587,0.6843172911704815,9.054191184665365,False
TurbOPark 0.04,-0.513888876636823,0.44017094373703003,7.571456695523954,0.686565607938467,9.06781396959381,False
TurbOPark 0.04,-0.4861110995213191,0.44017094373703003,7.589162472262024,0.6860279651217749,9.039574098316775,False
TurbOPark 0.04,-0.45833332240581515,0.44017094373703003,7.6168331964198615,0.6857769886974744,9.00343976312636,True
TurbOPark 0.04,-0.4305555452903112,0.44017094373703003,7.637413876657678,0.6859014062337931,8.980807080916776,True
TurbOPark 0.04,-0.4027777681748072,0.44017094373703003,7.664829768520287,0.6865213538447308,8.956772356044972,True
TurbOPark 0.04,-0.37499999105930326,0.44017094373703003,7.6864967747983055,0.684551663452302,8.905899312892963,True
TurbOPark 0.04,-0.3472222139437993,0.44017094373703003,7.709385965867495,0.6838276817653449,8.87006675749432,True
TurbOPark 0.04,-0.3194444368282954,0.44017094373703003,7.732315543775685,0.6866881797703575,8.880757334368278,True
TurbOPark 0.04,-0.29166665971279143,0.44017094373703003,7.752347360432108,0.6796137540376694,8.766554469764994,True
TurbOPark 0.04,-0.2638888825972875,0.44017094373703003,7.770858542660097,0.6815192964444926,8.770193057859949,True
TurbOPark 0.04,-0.23611110548178355,0.44017094373703003,7.789481171693073,0.6839088459567271,8.77990242074206,True
TurbOPark 0.04,-0.2083333283662796,0.44017094373703003,7.801657281898265,0.6871615512138226,8.807892046324618,True
TurbOPark 0.04,-0.18055555125077566,0.44017094373703003,7.821375961784871,0.6817902658395096,8.717011804198224,True
TurbOPark 0.04,-0.15277777413527172,0.44017094373703003,7.8296150212668145,0.6762909422636394,8.637601471166803,True
TurbOPark 0.04,-0.12499999701976776,0.44017094373703003,7.830048374936135,0.6886523557314068,8.794994906235477,True
TurbOPark 0.04,-0.09722221990426382,0.44017094373703003,7.858835776320999,0.6514352255911383,8.289207767312558,True
TurbOPark 0.04,-0.06944444278875987,0.44017094373703003,7.85182626184865,0.6606748495843205,8.414282582823859,True
TurbOPark 0.04,-0.04166666567325592,0.44017094373703003,7.847068818765576,0.6588475036954199,8.396096923730857,True
TurbOPark 0.04,-0.013888888557751973,0.44017094373703003,7.845892771330905,0.6668183823024487,8.498948452864667,True
TurbOPark 0.04,0.013888888557751973,0.44017094373703003,7.822220555164183,0.6831632816268344,8.733623359364548,True
TurbOPark 0.04,0.04166666567325592,0.44017094373703003,7.829368093157755,0.6808154590492776,8.695662931523888,True
TurbOPark 0.04,0.06944444278875987,0.44017094373703003,7.825398126827715,0.6778990546962899,8.662805951971402,True
TurbOPark 0.04,0.09722221990426382,0.44017094373703003,7.824377931738669,0.6676539689871651,8.532997444805233,True
TurbOPark 0.04,0.12499999701976776,0.44017094373703003,7.81657375791708,0.6593511054472226,8.435295640617394,True
TurbOPark 0.04,0.15277777413527172,0.44017094373703003,7.80835564674881,0.6612573169105085,8.468586048406214,True
TurbOPark 0.04,0.18055555125077566,0.44017094373703003,7.7962604101341855,0.6428040772107202,8.245030866018194,True
TurbOPark 0.04,0.2083333283662796,0.44017094373703003,7.765896978408972,0.6647434379024356,8.559776671652731,True
TurbOPark 0.04,0.23611110548178355,0.44017094373703003,7.742696049344467,0.6700360773891986,8.653782521217877,True
TurbOPark 0.04,0.2638888825972875,0.44017094373703003,7.726314590140659,0.6614530209748266,8.561041791113306,True
TurbOPark 0.04,0.29166665971279143,0.44017094373703003,7.699569754805304,0.6694636187067723,8.694818542152435,True
TurbOPark 0.04,0.3194444368282954,0.44017094373703003,7.667411806379413,0.6773028231040517,8.833526099909287,True
TurbOPark 0.04,0.3472222139437993,0.44017094373703003,7.642573156577558,0.6656820462831936,8.710182194465176,True
TurbOPark 0.04,0.37499999105930326,0.44017094373703003,7.6009291189786925,0.673647970856608,8.862705602326725,True
TurbOPark 0.04,0.4027777681748072,0.44017094373703003,7.555180100004017,0.6740491183211497,8.921681672694888,True
TurbOPark 0.04,0.4305555452903112,0.44017094373703003,7.515665752125032,0.6685710503006492,8.895699627296661,True
TurbOPark 0.04,0.45833332240581515,0.44017094373703003,7.465084488934469,0.6650457202732973,8.908750078570414,True
TurbOPark 0.04,0.4861110995213191,0.44017094373703003,7.417072730139131,0.6545554887493445,8.824984094999785,False
TurbOPark 0.04,0.513888876636823,0.44017094373703003,7.351979769633662,0.6582971363022848,8.954011802661514,False
TurbOPark 0.04,0.5416666537523269,0.44017094373703003,7.301063266815405,0.6432152858097665,8.8098851126697,False
TurbOPark 0.04,-0.5416666537523269,0.4692307730515798,7.5978611734931585,0.6771194194576652,8.911974093708741,False
TurbOPark 0.04,-0.513888876636823,0.4692307730515798,7.606410971845839,0.6813682446217147,8.957815284287326,False
TurbOPark 0.04,-0.4861110995213191,0.4692307730515798,7.613396762658329,0.677741893942681,8.901964721802276,False
TurbOPark 0.04,-0.45833332240581515,0.4692307730515798,7.635701920958128,0.6887831884989715,9.02056150998287,True
TurbOPark 0.04,-0.4305555452903112,0.4692307730515798,7.6630431782086355,0.6808226704890741,8.884494771282599,True
TurbOPark 0.04,-0.4027777681748072,0.4692307730515798,7.689626166450394,0.6789921829511499,8.829976493702285,True
TurbOPark 0.04,-0.37499999105930326,0.4692307730515798,7.72168499060863,0.6805630855314942,8.81366031325051,True
TurbOPark 0.04,-0.3472222139437993,0.4692307730515798,7.743916102669729,0.6810601561961453,8.794777050352453,True
TurbOPark 0.04,-0.3194444368282954,0.4692307730515798,7.765069159222481,0.6797563669167317,8.754028495797659,True
TurbOPark 0.04,-0.29166665971279143,0.4692307730515798,7.786959658585579,0.6832669715053042,8.77450252040233,True
TurbOPark 0.04,-0.2638888825972875,0.4692307730515798,7.804297335596081,0.6801325312185742,8.714846474600991,True
TurbOPark 0.04,-0.23611110548178355,0.4692307730515798,7.822410366646901,0.686225177503598,8.772554050980458,True
TurbOPark 0.04,-0.2083333283662796,0.4692307730515798,7.835830620183007,0.6906798204985641,8.814379151069925,True
TurbOPark 0.04,-0.18055555125077566,0.4692307730515798,7.843548036679959,0.6933668660676635,8.839964552077301,True
TurbOPark 0.04,-0.15277777413527172,0.4692307730515798,7.8537089790540024,0.6960935872497677,8.86324651328771,True
TurbOPark 0.04,-0.12499999701976776,0.4692307730515798,7.865444863832506,0.692125329722096,8.799570039638569,True
TurbOPark 0.04,-0.09722221990426382,0.4692307730515798,7.877253595900156,0.679807098129275,8.63000143201041,True
TurbOPark 0.04,-0.06944444278875987,0.4692307730515798,7.875885883051567,0.6809353538157115,8.6458255480954,True
TurbOPark 0.04,-0.04166666567325592,0.4692307730515798,7.87270190588883,0.6848372524763632,8.698884584517302,True
TurbOPark 0.04,-0.013888888557751973,0.4692307730515798,7.869306103196742,0.687940811041151,8.74207715419393,True
TurbOPark 0.04,0.013888888557751973,0.4692307730515798,7.872780603607936,0.6777986446478881,8.609393285229702,True
TurbOPark 0.04,0.04166666567325592,0.4692307730515798,7.87024381499451,0.6779678703113446,8.614318517295102,True
TurbOPark 0.04,0.06944444278875987,0.4692307730515798,7.87557206909719,0.6617935271160114,8.403116894997515,True
TurbOPark 0.04,0.09722221990426382,0.4692307730515798,7.858668933604184,0.6777180380402846,8.623827314347317,True
TurbOPark 0.04,0.12499999701976776,0.4692307730515798,7.85873173413982,0.6591461835617185,8.387437131849946,True
TurbOPark 0.04,0.15277777413527172,0.4692307730515798,7.837770565028608,0.6689817314610481,8.535357419697656,True
TurbOPark 0.04,0.18055555125077566,0.4692307730515798,7.822683172084655,0.6687124607740917,8.548377149676735,True
TurbOPark 0.04,0.2083333283662796,0.4692307730515798,7.802898194726149,0.6729214807196098,8.623994109963224,True
TurbOPark 0.04,0.23611110548178355,0.4692307730515798,7.782029666673779,0.6718782566589807,8.633714923193773,True
TurbOPark 0.04,0.2638888825972875,0.4692307730515798,7.752189676357935,0.6669372700372942,8.603211452259366,True
TurbOPark 0.04,0.29166665971279143,0.4692307730515798,7.723688402072906,0.6714118626120413,8.69289162975355,True
TurbOPark 0.04,0.3194444368282954,0.4692307730515798,7.701622500825078,0.6721006860633424,8.726741488450518,True
TurbOPark 0.04,0.3472222139437993,0.4692307730515798,7.676457947660464,0.6605701785930369,8.605142933067944,True
TurbOPark 0.04,0.37499999105930326,0.4692307730515798,7.630752090871078,0.6698115519517264,8.777792070496487,True
TurbOPark 0.04,0.4027777681748072,0.4692307730515798,7.574666760941702,0.6756562881893825,8.919947365517942,True
TurbOPark 0.04,0.4305555452903112,0.4692307730515798,7.524210166305905,0.6768377381952332,8.995465613469623,True
TurbOPark 0.04,0.45833332240581515,0.4692307730515798,7.4739491003661085,0.669806466395728,8.96188156222415,True
TurbOPark 0.04,0.4861110995213191,0.4692307730515798,7.427696522562646,0.6607525704024788,8.895793849349557,False
TurbOPark 0.04,0.513888876636823,0.4692307730515798,7.376391437961367,0.6498717831692202,8.810158580044487,False
TurbOPark 0.04,0.5416666537523269,0.4692307730515798,7.313687262402971,0.6468425275550826,8.844273816304216,False
TurbOPark 0.04,-0.5416666537523269,0.49829060236612954,7.627725597957592,0.6782469129143079,8.891863035764109,False
TurbOPark 0.04,-0.513888876636823,0.49829060236612954,7.636541574221103,0.6726173354195099,8.807878918515732,False
TurbOPark 0.04,-0.4861110995213191,0.49829060236612954,7.644451399924748,0.6715338828954018,8.784592219423521,False
TurbOPark 0.04,-0.45833332240581515,0.49829060236612954,7.656269634778073,0.6738016146711555,8.80065158116243,True
TurbOPark 0.04,-0.4305555452903112,0.49829060236612954,7.692687528814548,0.6817819616692784,8.862727871313158,True
TurbOPark 0.04,-0.4027777681748072,0.49829060236612954,7.714360740766821,0.6856722117749589,8.888257041850519,True
TurbOPark 0.04,-0.37499999105930326,0.49829060236612954,7.737142126285169,0.6839313777908766,8.839586589308942,True
TurbOPark 0.04,-0.3472222139437993,0.49829060236612954,7.767465704037795,0.6870575770760535,8.84532488787041,True
TurbOPark 0.04,-0.3194444368282954,0.49829060236612954,7.7984909115323315,0.6816131632296488,8.740321312956665,True
TurbOPark 0.04,-0.29166665971279143,0.49829060236612954,7.818126874998457,0.6844443229244482,8.754581933342994,True
TurbOPark 0.04,-0.2638888825972875,0.49829060236612954,7.838964863140396,0.6846925971158802,8.734477179957443,True
TurbOPark 0.04,-0.23611110548178355,0.49829060236612954,7.849800514397479,0.6920943729264557,8.816712878971526,True
TurbOPark 0.04,-0.2083333283662796,0.49829060236612954,7.8682243620286485,0.6919711637118741,8.794502188464088,True
TurbOPark 0.04,-0.18055555125077566,0.49829060236612954,7.881533834842691,0.6930552358537982,8.793405577857689,True
TurbOPark 0.04,-0.15277777413527172,0.49829060236612954,7.892295384354121,0.6907610315701508,8.752346407859141,True
TurbOPark 0.04,-0.12499999701976776,0.49829060236612954,7.904602224470361,0.691806427264136,8.751944849577674,True
TurbOPark 0.04,-0.09722221990426382,0.49829060236612954,7.91204603622984,0.6869935674910455,8.682881322293266,True
TurbOPark 0.04,-0.06944444278875987,0.49829060236612954,7.911220537232862,0.691868829536268,8.745411991488556,True
TurbOPark 0.04,-0.04166666567325592,0.49829060236612954,7.912662329624354,0.6896863836775389,8.716236772740952,True
TurbOPark 0.04,-0.013888888557751973,0.49829060236612954,7.909197698344636,0.6835722332583772,8.642750621867073,True
TurbOPark 0.04,0.013888888557751973,0.49829060236612954,7.912422284374061,0.6750772458779425,8.531865737387736,True
TurbOPark 0.04,0.04166666567325592,0.49829060236612954,7.910995156912337,0.6652266609127754,8.408887222380926,True
TurbOPark 0.04,0.06944444278875987,0.49829060236612954,7.906049423236407,0.668653501159614,8.457492046462505,True
TurbOPark 0.04,0.09722221990426382,0.49829060236612954,7.90324559080409,0.6644300370613407,8.40705289273113,True
TurbOPark 0.04,0.12499999701976776,0.49829060236612954,7.90416777176401,0.6389864369498464,8.08417097663959,True
TurbOPark 0.04,0.15277777413527172,0.49829060236612954,7.880298661430939,0.6601440001662802,8.37714442724444,True
TurbOPark 0.04,0.18055555125077566,0.49829060236612954,7.856585425646324,0.674246029973187,8.58192196029893,True
TurbOPark 0.04,0.2083333283662796,0.49829060236612954,7.829986995377801,0.6832664637725907,8.726278398366901,True
TurbOPark 0.04,0.23611110548178355,0.49829060236612954,7.807958194959043,0.6787830348054303,8.693476807338246,True
TurbOPark 0.04,0.2638888825972875,0.49829060236612954,7.774050579428324,0.6853088241281119,8.815337861855113,True
TurbOPark 0.04,0.29166665971279143,0.49829060236612954,7.741141688907912,0.6872111312554556,8.877387326990064,True
TurbOPark 0.04,0.3194444368282954,0.49829060236612954,7.720478691899528,0.6856803216664765,8.881318750169017,True
TurbOPark 0.04,0.3472222139437993,0.49829060236612954,7.694652873629309,0.6739129289600998,8.758197933394724,True
TurbOPark 0.04,0.37499999105930326,0.49829060236612954,7.6508161348485375,0.6720520448101774,8.784056928894971,True
TurbOPark 0.04,0.4027777681748072,0.49829060236612954,7.590915547492015,0.6767177791574712,8.914837412215105,True
TurbOPark 0.04,0.4305555452903112,0.49829060236612954,7.542160428848234,0.6759889038542519,8.962801974731827,True
TurbOPark 0.04,0.45833332240581515,0.49829060236612954,7.5044184060011165,0.6655250112747372,8.868442233211992,True
TurbOPark 0.04,0.4861110995213191,0.49829060236612954,7.451084121417829,0.6595187405460559,8.851312504314599,False
TurbOPark 0.04,0.513888876636823,0.49829060236612954,7.382152224230813,0.6535312026838387,8.852854598943653,False
TurbOPark 0.04,0.5416666537523269,0.49829060236612954,7.319916071967429,0.6495192285746612,8.873315242808308,False
TurbOPark 0.04,-0.5416666537523269,0.5273504316806793,7.657674048805861,0.6713873119715341,8.76750966014583,False
TurbOPark 0.04,-0.513888876636823,0.5273504316806793,7.659977230972451,0.6839376371010418,8.92871631962037,False
TurbOPark 0.04,-0.4861110995213191,0.5273504316806793,7.677221556435488,0.6816057407347133,8.878286704691389,True
TurbOPark 0.04,-0.45833332240581515,0.5273504316806793,7.691323013164791,0.6834837985672396,8.886426917675413,True
TurbOPark 0.04,-0.4305555452903112,0.5273504316806793,7.714655304919366,0.6915274916035736,8.963815806036218,True
TurbOPark 0.04,-0.4027777681748072,0.5273504316806793,7.747785568160323,0.6850663207567177,8.842091907809262,True
TurbOPark 0.04,-0.37499999105930326,0.5273504316806793,7.764963041082211,0.6933683382667987,8.929448016666454,True
TurbOPark 0.04,-0.3472222139437993,0.5273504316806793,7.797512468752666,0.6884318613466378,8.828865155463653,True
TurbOPark 0.04,-0.3194444368282954,0.5273504316806793,7.830030568314386,0.6844681499697877,8.741576983614982,True
TurbOPark 0.04,-0.29166665971279143,0.5273504316806793,7.858348181284181,0.6779302245627471,8.626879452571702,True
TurbOPark 0.04,-0.2638888825972875,0.5273504316806793,7.870319426528451,0.6921881929452222,8.794918673974864,True
TurbOPark 0.04,-0.23611110548178355,0.5273504316806793,7.883634250210156,0.6969529684204308,8.840503583760901,True
TurbOPark 0.04,-0.2083333283662796,0.5273504316806793,7.90095540835954,0.6984783416089146,8.84042885332444,True
TurbOPark 0.04,-0.18055555125077566,0.5273504316806793,7.924628590346708,0.6880280655889829,8.682149046418354,True
TurbOPark 0.04,-0.15277777413527172,0.5273504316806793,7.9257450011405925,0.695631841093029,8.776863764768116,True
TurbOPark 0.04,-0.12499999701976776,0.5273504316806793,7.935400441943529,0.6977408169107865,8.792761272925713,True
TurbOPark 0.04,-0.09722221990426382,0.5273504316806793,7.931972844884519,0.7053144580470668,8.89204327649631,True
TurbOPark 0.04,-0.06944444278875987,0.5273504316806793,7.941309054257184,0.7020401562893137,8.840358075636956,True
TurbOPark 0.04,-0.04166666567325592,0.5273504316806793,7.943102682847054,0.6985433530488411,8.794338697865877,True
TurbOPark 0.04,-0.013888888557751973,0.5273504316806793,7.94610707290286,0.6902960709501833,8.687223373872879,True
TurbOPark 0.04,0.013888888557751973,0.5273504316806793,7.947331788809742,0.683644405336928,8.602187797161495,True
TurbOPark 0.04,0.04166666567325592,0.5273504316806793,7.951637816269978,0.672660392243681,8.459394250418944,True
TurbOPark 0.04,0.06944444278875987,0.5273504316806793,7.946676951406152,0.6687872755554536,8.41593636742856,True
TurbOPark 0.04,0.09722221990426382,0.5273504316806793,7.938807645758085,0.6677884864268911,8.411697527193624,True
TurbOPark 0.04,0.12499999701976776,0.5273504316806793,7.928604440410971,0.6637764746849487,8.371920678773861,True
TurbOPark 0.04,0.15277777413527172,0.5273504316806793,7.916452775455784,0.6627199922997432,8.371426080560274,True
TurbOPark 0.04,0.18055555125077566,0.5273504316806793,7.905675661802411,0.6529348005534263,8.259063848371488,True
TurbOPark 0.04,0.2083333283662796,0.5273504316806793,7.873962856716818,0.676740529098062,8.594662451585915,True
TurbOPark 0.04,0.23611110548178355,0.5273504316806793,7.8427457950847845,0.6862928466460476,8.750670550563578,True
TurbOPark 0.04,0.2638888825972875,0.5273504316806793,7.810320780637237,0.687922334616675,8.807862749019485,True
TurbOPark 0.04,0.29166665971279143,0.5273504316806793,7.764975963094471,0.6972876094982418,8.979906864004782,True
TurbOPark 0.04,0.3194444368282954,0.5273504316806793,7.742348864626461,0.6882514714945404,8.889440188352271,True
TurbOPark 0.04,0.3472222139437993,0.5273504316806793,7.706057315453951,0.6876155248188852,8.923052303801596,True
TurbOPark 0.04,0.37499999105930326,0.5273504316806793,7.6693378411895345,0.6650582051533451,8.671650915956947,True
TurbOPark 0.04,0.4027777681748072,0.5273504316806793,7.63180242622074,0.6723790649739346,8.810226305961853,True
TurbOPark 0.04,0.4305555452903112,0.5273504316806793,7.578033444700622,0.6746922868343659,8.903263514971467,True
TurbOPark 0.04,0.45833332240581515,0.5273504316806793,7.52241814741691,0.6687728106137654,8.890396645172036,True
TurbOPark 0.04,0.4861110995213191,0.5273504316806793,7.452743234524257,0.664072751406964,8.910447207287357,True
TurbOPark 0.04,0.513888876636823,0.5273504316806793,7.384693575513533,0.6582003012338274,8.913034704870013,False
TurbOPark 0.04,0.5416666537523269,0.5273504316806793,7.321187446996052,0.653307061605943,8.923512289990617,False
TurbOPark 0.04,-0.5416666537523269,0.5564102609952291,7.678498471055263,0.6826190853009946,8.89000743926933,False
TurbOPark 0.04,-0.513888876636823,0.5564102609952291,7.681324994718726,0.6779180742483,8.825535629782632,False
TurbOPark 0.04,-0.4861110995213191,0.5564102609952291,7.70073710985545,0.6853882312026692,8.90029384752669,True
TurbOPark 0.04,-0.45833332240581515,0.5564102609952291,7.724110987398572,0.695625841642106,9.005901685993095,True
TurbOPark 0.04,-0.4305555452903112,0.5564102609952291,7.749853212238929,0.6952659659687802,8.971343674881272,True
TurbOPark 0.04,-0.4027777681748072,0.5564102609952291,7.774100513458597,0.6994861617564123,8.997647516204031,True
TurbOPark 0.04,-0.37499999105930326,0.5564102609952291,7.80068098168593,0.6955198028068048,8.91614212194696,True
TurbOPark 0.04,-0.3472222139437993,0.5564102609952291,7.830157068597731,0.6995624442224297,8.934207042001411,True
TurbOPark 0.04,-0.3194444368282954,0.5564102609952291,7.85652164818879,0.6966380440002203,8.867003429702512,True
TurbOPark 0.04,-0.29166665971279143,0.5564102609952291,7.883230481732257,0.695876070805563,8.827295769394421,True
TurbOPark 0.04,-0.2638888825972875,0.5564102609952291,7.904245703487508,0.6932791477022147,8.77097162346973,True
TurbOPark 0.04,-0.23611110548178355,0.5564102609952291,7.921568482439131,0.6953409293998037,8.777818823901667,True
TurbOPark 0.04,-0.2083333283662796,0.5564102609952291,7.93723699958958,0.7000109633104408,8.819327977060997,True
TurbOPark 0.04,-0.18055555125077566,0.5564102609952291,7.953786500459834,0.6972313376957034,8.76603033857389,True
TurbOPark 0.04,-0.15277777413527172,0.5564102609952291,7.9603694109052165,0.7026450658201076,8.826789682116097,True
TurbOPark 0.04,-0.12499999701976776,0.5564102609952291,7.959482965304034,0.710452321195389,8.92586018831,True
TurbOPark 0.04,-0.09722221990426382,0.5564102609952291,7.97154070143974,0.7053985753947477,8.848961597440576,True
TurbOPark 0.04,-0.06944444278875987,0.5564102609952291,7.973733102884163,0.7027789180944948,8.813674962863931,True
TurbOPark 0.04,-0.04166666567325592,0.5564102609952291,7.982852924058198,0.697499296663262,8.737468963773395,True
TurbOPark 0.04,-0.013888888557751973,0.5564102609952291,7.989534659033902,0.6829545962443827,8.548114820080972,True
TurbOPark 0.04,0.013888888557751973,0.5564102609952291,7.989977682009541,0.680030974876494,8.511049741824323,True
TurbOPark 0.04,0.04166666567325592,0.5564102609952291,7.980185294519921,0.687495719966592,8.615034546111387,True
TurbOPark 0.04,0.06944444278875987,0.5564102609952291,7.976109420975817,0.6824532297850651,8.556216994595493,True
TurbOPark 0.04,0.09722221990426382,0.5564102609952291,7.963480973732846,0.6872616347662598,8.630166092355324,True
TurbOPark 0.04,0.12499999701976776,0.5564102609952291,7.961632393286679,0.6726056907470667,8.448087747862033,True
TurbOPark 0.04,0.15277777413527172,0.5564102609952291,7.947653662369726,0.6722179269659577,8.45806769548542,True
TurbOPark 0.04,0.18055555125077566,0.5564102609952291,7.929003191062795,0.6786833766424645,8.559504395299587,True
TurbOPark 0.04,0.2083333283662796,0.5564102609952291,7.907327159358682,0.6804054565622466,8.604746494609822,True
TurbOPark 0.04,0.23611110548178355,0.5564102609952291,7.86506053387995,0.6973486529438538,8.866411770639502,True
TurbOPark 0.04,0.2638888825972875,0.5564102609952291,7.832792270990202,0.697786273106566,8.908525197213656,True
TurbOPark 0.04,0.29166665971279143,0.5564102609952291,7.816792988070306,0.6880934289811569,8.80275875325468,True
TurbOPark 0.04,0.3194444368282954,0.5564102609952291,7.787558578312432,0.6795944379623273,8.726668713028104,True
TurbOPark 0.04,0.3472222139437993,0.5564102609952291,7.76018983403233,0.6655164164163087,8.576032682830578,True
TurbOPark 0.04,0.37499999105930326,0.5564102609952291,7.7189290051461095,0.6614936128036808,8.569758995874578,True
TurbOPark 0.04,0.4027777681748072,0.5564102609952291,7.659649629097727,0.6762272564610963,8.828435884224026,True
TurbOPark 0.04,0.4305555452903112,0.5564102609952291,7.603575089714677,0.6690114340500065,8.798643087709825,True
TurbOPark 0.04,0.45833332240581515,0.5564102609952291,7.553386071764236,0.6590691986522889,8.725480101116435,True
TurbOPark 0.04,0.4861110995213191,0.5564102609952291,7.492738638724311,0.6595694600032949,8.802782157574244,True
TurbOPark 0.04,0.513888876636823,0.5564102609952291,7.407475260769291,0.6614526459197588,8.92952892361148,False
TurbOPark 0.04,0.5416666537523269,0.5564102609952291,7.335221251884573,0.6556284139747214,8.938086411589515,False
TurbOPark 0.04,-0.5416666537523269,0.5854700903097788,7.709145787400569,0.6914150908569283,8.968763984032337,False
TurbOPark 0.04,-0.513888876636823,0.5854700903097788,7.714544413183516,0.683516439006427,8.86010115954941,False
TurbOPark 0.04,-0.4861110995213191,0.5854700903097788,7.733390390983655,0.6923390898825084,8.952594591496442,True
TurbOPark 0.04,-0.45833332240581515,0.5854700903097788,7.758341409005575,0.6992940121470362,9.013447272832355,True
TurbOPark 0.04,-0.4305555452903112,0.5854700903097788,7.788678308420392,0.7036129012469975,9.033790758649216,True
TurbOPark 0.04,-0.4027777681748072,0.5854700903097788,7.813010701756976,0.7040559921983673,9.011327631229795,True
TurbOPark 0.04,-0.37499999105930326,0.5854700903097788,7.834614929702095,0.705819845861983,9.008992173771343,True
TurbOPark 0.04,-0.3472222139437993,0.5854700903097788,7.861072150351998,0.7056454952381139,8.976453615255485,True
TurbOPark 0.04,-0.3194444368282954,0.5854700903097788,7.888249273623567,0.703279763584195,8.915536758400822,True
TurbOPark 0.04,-0.29166665971279143,0.5854700903097788,7.901596047091651,0.7062658285373998,8.93826796925864,True
TurbOPark 0.04,-0.2638888825972875,0.5854700903097788,7.936302929046302,0.70434953230808,8.875033357537438,True
TurbOPark 0.04,-0.23611110548178355,0.5854700903097788,7.960581569476124,0.6987700178391764,8.777876487297416,True
TurbOPark 0.04,-0.2083333283662796,0.5854700903097788,7.980068530151252,0.6956831652423056,8.7177592850712,True
TurbOPark 0.04,-0.18055555125077566,0.5854700903097788,7.9971991774307485,0.6933058089204173,8.66935777812095,True
TurbOPark 0.04,-0.15277777413527172,0.5854700903097788,7.996522425892889,0.7019608102701768,8.77832603829403,True
TurbOPark 0.04,-0.12499999701976776,0.5854700903097788,8.003705177480038,0.7036611506695627,8.791692535720188,True
TurbOPark 0.04,-0.09722221990426382,0.5854700903097788,8.005572119617186,0.7104628546640894,8.874604388650022,True
TurbOPark 0.04,-0.06944444278875987,0.5854700903097788,8.01609848628492,0.696244920669921,8.685583415188272,True
TurbOPark 0.04,-0.04166666567325592,0.5854700903097788,8.010627779208482,0.7080282697456539,8.838611520352192,True
TurbOPark 0.04,-0.013888888557751973,0.5854700903097788,8.025091096686948,0.6890989985944748,8.586805935186955,True
TurbOPark 0.04,0.013888888557751973,0.5854700903097788,8.024357272928263,0.6836262499535262,8.519389487552765,True
TurbOPark 0.04,0.04166666567325592,0.5854700903097788,8.012450204791278,0.6853075338561895,8.55303329618685,True
TurbOPark 0.04,0.06944444278875987,0.5854700903097788,8.007601275193572,0.6866040765834999,8.574403906829167,True
TurbOPark 0.04,0.09722221990426382,0.5854700903097788,8.001310697522323,0.6843392812944407,8.55283974294802,True
TurbOPark 0.04,0.12499999701976776,0.5854700903097788,7.989754222228588,0.6845119673909952,8.567372016107697,True
TurbOPark 0.04,0.15277777413527172,0.5854700903097788,7.974574610078517,0.6853648593378545,8.594375159167349,True
TurbOPark 0.04,0.18055555125077566,0.5854700903097788,7.961178779589583,0.6854693045793055,8.610148365675101,True
TurbOPark 0.04,0.2083333283662796,0.5854700903097788,7.940573953839226,0.6869292994335054,8.65087717118205,True
TurbOPark 0.04,0.23611110548178355,0.5854700903097788,7.911186389372287,0.6921729235759281,8.749293588958768,True
TurbOPark 0.04,0.2638888825972875,0.5854700903097788,7.899183038922224,0.6701697047695628,8.484038177965829,True
TurbOPark 0.04,0.29166665971279143,0.5854700903097788,7.871375956451022,0.6643024347859717,8.439470283991959,True
TurbOPark 0.04,0.3194444368282954,0.5854700903097788,7.8369455322898345,0.6652423772034597,8.48854154290755,True
TurbOPark 0.04,0.3472222139437993,0.5854700903097788,7.815372488135453,0.6358415712481643,8.135780760461998,True
TurbOPark 0.04,0.37499999105930326,0.5854700903097788,7.761185550567263,0.6463973444879642,8.328590268541113,True
TurbOPark 0.04,0.4027777681748072,0.5854700903097788,7.699029683520941,0.6708579690315206,8.713539194002978,True
TurbOPark 0.04,0.4305555452903112,0.5854700903097788,7.647747867422868,0.6589035514012422,8.615654736840574,True
TurbOPark 0.04,0.45833332240581515,0.5854700903097788,7.586203742203196,0.6498761278925154,8.566552520559874,True
TurbOPark 0.04,0.4861110995213191,0.5854700903097788,7.5247607061963855,0.6491595839287219,8.626979770853856,True
TurbOPark 0.04,0.513888876636823,0.5854700903097788,7.442957818704466,0.6555532825334999,8.807698478232227,False
TurbOPark 0.04,0.5416666537523269,0.5854700903097788,7.374474972545244,0.6624803722930325,8.983424240497252,False
TurbOPark 0.04,-0.5416666537523269,0.6145299196243286,7.75065698582519,0.6777312079843595,8.744177548094697,False
TurbOPark 0.04,-0.513888876636823,0.6145299196243286,7.755970608302375,0.7000444450938148,9.025878003514512,False
TurbOPark 0.04,-0.4861110995213191,0.6145299196243286,7.779739173390408,0.699994613005265,8.997661713383735,True
TurbOPark 0.04,-0.45833332240581515,0.6145299196243286,7.8080624702694,0.7009067880659559,8.976705690237294,True
TurbOPark 0.04,-0.4305555452903112,0.6145299196243286,7.822939325444685,0.7092983300598736,9.066903123648533,True
TurbOPark 0.04,-0.4027777681748072,0.6145299196243286,7.8492722216827016,0.7072904063918014,9.010904277698433,True
TurbOPark 0.04,-0.37499999105930326,0.6145299196243286,7.866963244679928,0.7129780667648103,9.062938831536618,True
TurbOPark 0.04,-0.3472222139437993,0.6145299196243286,7.8935686466182355,0.7139855290092362,9.045155125307259,True
TurbOPark 0.04,-0.3194444368282954,0.6145299196243286,7.921748236066872,0.7134277386519906,9.005938050439806,True
TurbOPark 0.04,-0.29166665971279143,0.6145299196243286,7.943401254599609,0.7090166395884977,8.925857033571647,True
TurbOPark 0.04,-0.2638888825972875,0.6145299196243286,7.973651496602255,0.7053234842696878,8.845677348329575,True
TurbOPark 0.04,-0.23611110548178355,0.6145299196243286,8.004671108998636,0.6950246650487927,8.68273856083187,True
TurbOPark 0.04,-0.2083333283662796,0.6145299196243286,8.021059784102786,0.6952799974569176,8.668181215092261,True
TurbOPark 0.04,-0.18055555125077566,0.6145299196243286,8.029665711058534,0.6990548476967938,8.705902248633448,True
TurbOPark 0.04,-0.15277777413527172,0.6145299196243286,8.039424638973507,0.7002132495654808,8.709743308880444,True
TurbOPark 0.04,-0.12499999701976776,0.6145299196243286,8.048939247604938,0.7005249625845642,8.703320288981113,True
TurbOPark 0.04,-0.09722221990426382,0.6145299196243286,8.064391087920773,0.6898056849532419,8.553723119733931,True
TurbOPark 0.04,-0.06944444278875987,0.6145299196243286,8.056397635483028,0.7021672134366751,8.715647429616673,True
TurbOPark 0.04,-0.04166666567325592,0.6145299196243286,8.044679979178829,0.7068350315643863,8.786366062960996,True
TurbOPark 0.04,-0.013888888557751973,0.6145299196243286,8.053294265477595,0.7048805372696659,8.752698138590413,True
TurbOPark 0.04,0.013888888557751973,0.6145299196243286,8.065867527735225,0.6821363670009474,8.457073769874834,True
TurbOPark 0.04,0.04166666567325592,0.6145299196243286,8.048928823404331,0.6983448522499559,8.676245840556305,True
TurbOPark 0.04,0.06944444278875987,0.6145299196243286,8.040789953922914,0.6879008345325983,8.555139961055538,True
TurbOPark 0.04,0.09722221990426382,0.6145299196243286,8.04895979626876,0.6671706086836259,8.288904722730816,True
TurbOPark 0.04,0.12499999701976776,0.6145299196243286,8.038046635140889,0.6718487171408665,8.358358039422976,True
TurbOPark 0.04,0.15277777413527172,0.6145299196243286,8.012588039588843,0.6871407481575741,8.575765342764758,True
TurbOPark 0.04,0.18055555125077566,0.6145299196243286,8.002689678276885,0.6742718264829101,8.42556507361775,True
TurbOPark 0.04,0.2083333283662796,0.6145299196243286,7.9820465749505685,0.6770351611917002,8.481974576750611,True
TurbOPark 0.04,0.23611110548178355,0.6145299196243286,7.964465677693695,0.6624029174398669,8.316978743408708,True
TurbOPark 0.04,0.2638888825972875,0.6145299196243286,7.9422460666676,0.6603492692084967,8.314389451869065,True
TurbOPark 0.04,0.29166665971279143,0.6145299196243286,7.913994407026747,0.6506862975066358,8.221970651494253,True
TurbOPark 0.04,0.3194444368282954,0.6145299196243286,7.879128642048431,0.6558447436536136,8.323823273471847,True
TurbOPark 0.04,0.3472222139437993,0.6145299196243286,7.830272212164137,0.6643071799243883,8.48383251469091,True
TurbOPark 0.04,0.37499999105930326,0.6145299196243286,7.787673100201288,0.664137016645899,8.528054633273358,True
TurbOPark 0.04,0.4027777681748072,0.6145299196243286,7.73707087759556,0.6593685092981643,8.522198125488485,True
TurbOPark 0.04,0.4305555452903112,0.6145299196243286,7.690454296475629,0.6496449471847237,8.447419647008916,True
TurbOPark 0.04,0.45833332240581515,0.6145299196243286,7.626880327393712,0.6535870976620435,8.569520821174205,True
TurbOPark 0.04,0.4861110995213191,0.6145299196243286,7.5636803195707385,0.6541161276243114,8.648119698181988,True
TurbOPark 0.04,0.513888876636823,0.6145299196243286,7.496771105852548,0.6440778305938489,8.591403172107428,False
TurbOPark 0.04,0.5416666537523269,0.6145299196243286,7.420084169574438,0.6518931049021912,8.785521700349918,False
TurbOPark 0.04,-0.5416666537523269,0.6435897489388783,7.784312633217958,0.6885447262105944,8.84528613704916,False
TurbOPark 0.04,-0.513888876636823,0.6435897489388783,7.80547389369441,0.693152030840065,8.880332447207625,False
TurbOPark 0.04,-0.4861110995213191,0.6435897489388783,7.830574658300115,0.6920941961689323,8.838357673217999,True
TurbOPark 0.04,-0.45833332240581515,0.6435897489388783,7.842365339515613,0.7060861706895315,9.00348479216786,True
TurbOPark 0.04,-0.4305555452903112,0.6435897489388783,7.862335210443088,0.7134357371276226,9.074094630053512,True
TurbOPark 0.04,-0.4027777681748072,0.6435897489388783,7.883824083895589,0.7126389131171773,9.039254371148337,True
TurbOPark 0.04,-0.37499999105930326,0.6435897489388783,7.90594515902742,0.7164022313953994,9.061563380279384,True
TurbOPark 0.04,-0.3472222139437993,0.6435897489388783,7.935636990257539,0.7175085259764293,9.04159964546392,True
TurbOPark 0.04,-0.3194444368282954,0.6435897489388783,7.970034221277161,0.7109353991771566,8.920104725262178,True
TurbOPark 0.04,-0.29166665971279143,0.6435897489388783,7.98631879869312,0.7155108890802088,8.959207704021217,True
TurbOPark 0.04,-0.2638888825972875,0.6435897489388783,8.008700456637703,0.7113372405486573,8.882055764229424,True
TurbOPark 0.04,-0.23611110548178355,0.6435897489388783,8.045478412998852,0.6963923915893868,8.655698963336292,True
TurbOPark 0.04,-0.2083333283662796,0.6435897489388783,8.050884831954185,0.7069682031099058,8.781248494624212,True
TurbOPark 0.04,-0.18055555125077566,0.6435897489388783,8.065727583674455,0.704301771054752,8.732030232217406,True
TurbOPark 0.04,-0.15277777413527172,0.6435897489388783,8.08563419890967,0.6928120819724964,8.568432171540987,True
TurbOPark 0.04,-0.12499999701976776,0.6435897489388783,8.094838013163363,0.6931371813540309,8.562706013719987,True
TurbOPark 0.04,-0.09722221990426382,0.6435897489388783,8.109355927253901,0.6772144452640635,8.351026287896465,True
TurbOPark 0.04,-0.06944444278875987,0.6435897489388783,8.116132012901643,0.6664358298820253,8.211249260394474,True
TurbOPark 0.04,-0.04166666567325592,0.6435897489388783,8.108188394581624,0.6861648862564019,8.462616467014238,True
TurbOPark 0.04,-0.013888888557751973,0.6435897489388783,8.105045115096708,0.6884897753090065,8.494582886733154,True
TurbOPark 0.04,0.013888888557751973,0.6435897489388783,8.099541903164667,0.6929177022772361,8.555023365043622,True
TurbOPark 0.04,0.04166666567325592,0.6435897489388783,8.10293816101353,0.683038665852847,8.429518432452301,True
TurbOPark 0.04,0.06944444278875987,0.6435897489388783,8.098606267325994,0.6681060611969231,8.249642458757524,True
TurbOPark 0.04,0.09722221990426382,0.6435897489388783,8.086853275312986,0.6667540907237038,8.244913911807043,True
TurbOPark 0.04,0.12499999701976776,0.6435897489388783,8.07440570293762,0.6677429216525298,8.269870826649104,True
TurbOPark 0.04,0.15277777413527172,0.6435897489388783,8.050566000173738,0.6777973246931764,8.41925058037595,True
TurbOPark 0.04,0.18055555125077566,0.6435897489388783,8.036472702962403,0.6855453370677379,8.530425752768778,True
TurbOPark 0.04,0.2083333283662796,0.6435897489388783,8.019749032461165,0.6775522087060769,8.448546281979402,True
TurbOPark 0.04,0.23611110548178355,0.6435897489388783,8.004014184534656,0.6638262858975295,8.293667034975694,True
TurbOPark 0.04,0.2638888825972875,0.6435897489388783,7.977060809679967,0.666736724094028,8.35817527283933,True
TurbOPark 0.04,0.29166665971279143,0.6435897489388783,7.953637819609056,0.6595520858056148,8.292458127519234,True
TurbOPark 0.04,0.3194444368282954,0.6435897489388783,7.916046875511912,0.6643798266252589,8.392823300232099,True
TurbOPark 0.04,0.3472222139437993,0.6435897489388783,7.874155132706991,0.6625967865895734,8.414830231593173,True
TurbOPark 0.04,0.37499999105930326,0.6435897489388783,7.824351399428232,0.6709803505708507,8.575539572773828,True
TurbOPark 0.04,0.4027777681748072,0.6435897489388783,7.77250084826941,0.668292490716653,8.598165555240202,True
TurbOPark 0.04,0.4305555452903112,0.6435897489388783,7.733723010684352,0.6457119551567088,8.349302842429704,True
TurbOPark 0.04,0.45833332240581515,0.6435897489388783,7.661253956868646,0.657388694151673,8.580693158752368,True
TurbOPark 0.04,0.4861110995213191,0.6435897489388783,7.597585492796643,0.6601454080518896,8.688884234047526,True
TurbOPark 0.04,0.513888876636823,0.6435897489388783,7.539489835239999,0.6497931070214342,8.618528855682845,False
TurbOPark 0.04,0.5416666537523269,0.6435897489388783,7.4717032790564435,0.6451930881602927,8.63515404805757,False
TurbOPark 0.04,-0.5416666537523269,0.6726495782534282,7.830388032914976,0.6962327076479934,8.891420255565682,False
TurbOPark 0.04,-0.513888876636823,0.6726495782534282,7.852154185663381,0.6975689545746105,8.883790843641936,False
TurbOPark 0.04,-0.4861110995213191,0.6726495782534282,7.880392301614403,0.6990822170449678,8.871160093156167,True
TurbOPark 0.04,-0.45833332240581515,0.6726495782534282,7.892662595970917,0.7052353461537727,8.93532870027644,True
TurbOPark 0.04,-0.4305555452903112,0.6726495782534282,7.901746848307024,0.7133479146423389,9.027724227778522,True
TurbOPark 0.04,-0.4027777681748072,0.6726495782534282,7.920276747470163,0.7141813367117851,9.017126035904031,True
TurbOPark 0.04,-0.37499999105930326,0.6726495782534282,7.947831617573036,0.716415778530026,9.01397781183482,True
TurbOPark 0.04,-0.3472222139437993,0.6726495782534282,7.985833290716564,0.7157863076966114,8.96320122946599,True
TurbOPark 0.04,-0.3194444368282954,0.6726495782534282,8.009985342051982,0.7148058787167217,8.923934916135618,True
TurbOPark 0.04,-0.29166665971279143,0.6726495782534282,8.034297264434397,0.7150153608824859,8.89953828379814,True
TurbOPark 0.04,-0.2638888825972875,0.6726495782534282,8.070469107371236,0.69669136945669,8.632600660355177,True
TurbOPark 0.04,-0.23611110548178355,0.6726495782534282,8.085180829443054,0.7026891238056563,8.691074926200022,True
TurbOPark 0.04,-0.2083333283662796,0.6726495782534282,8.092953120086543,0.7086442251279507,8.756311999004545,True
TurbOPark 0.04,-0.18055555125077566,0.6726495782534282,8.11004102703338,0.7030760925612407,8.669205127540804,True
TurbOPark 0.04,-0.15277777413527172,0.6726495782534282,8.131684309651439,0.6887206567533796,8.46959412745453,True
TurbOPark 0.04,-0.12499999701976776,0.6726495782534282,8.137686062586129,0.6943924168274256,8.533045038686957,True
TurbOPark 0.04,-0.09722221990426382,0.6726495782534282,8.149244003262718,0.6878371914085301,8.440503083882875,True
TurbOPark 0.04,-0.06944444278875987,0.6726495782534282,8.15301229072938,0.6827814773640289,8.374591537662779,True
TurbOPark 0.04,-0.04166666567325592,0.6726495782534282,8.144146580260596,0.6996552403262987,8.59089695195431,True
TurbOPark 0.04,-0.013888888557751973,0.6726495782534282,8.147939357382874,0.6953937498393266,8.53459653217998,True
TurbOPark 0.04,0.013888888557751973,0.6726495782534282,8.147693872453864,0.6903470373376757,8.472913294786833,True
TurbOPark 0.04,0.04166666567325592,0.6726495782534282,8.134227936718018,0.6967512663676116,8.56567177350006,True
TurbOPark 0.04,0.06944444278875987,0.6726495782534282,8.133624809566268,0.6835981356492222,8.40459391297735,True
TurbOPark 0.04,0.09722221990426382,0.6726495782534282,8.124870634713648,0.6789671278277776,8.356651549956734,True
TurbOPark 0.04,0.12499999701976776,0.6726495782534282,8.111622330531503,0.6783593946701825,8.362807919654882,True
TurbOPark 0.04,0.15277777413527172,0.6726495782534282,8.100949791925943,0.6790240973136018,8.382030684727509,True
TurbOPark 0.04,0.18055555125077566,0.6726495782534282,8.074357911474687,0.6854778596521497,8.489564955722345,True
TurbOPark 0.04,0.2083333283662796,0.6726495782534282,8.049225785456075,0.6947169583374686,8.630854405807991,True
TurbOPark 0.04,0.23611110548178355,0.6726495782534282,8.042640155171306,0.6711442605013667,8.344825176218164,True
TurbOPark 0.04,0.2638888825972875,0.6726495782534282,8.02595772631577,0.6545496429308068,8.155408553731204,True
TurbOPark 0.04,0.29166665971279143,0.6726495782534282,7.995030643964285,0.6681226730537978,8.356724355499324,True
TurbOPark 0.04,0.3194444368282954,0.6726495782534282,7.952506100005131,0.6795353182311901,8.54492042742038,True
TurbOPark 0.04,0.3472222139437993,0.6726495782534282,7.9058530730379415,0.6851177848487827,8.665956456809234,True
TurbOPark 0.04,0.37499999105930326,0.6726495782534282,7.854712211226588,0.692905889321149,8.8215312119366,True
TurbOPark 0.04,0.4027777681748072,0.6726495782534282,7.818863451900677,0.6742135481199819,8.622909867496,True
TurbOPark 0.04,0.4305555452903112,0.6726495782534282,7.77139300774492,0.6539841327767971,8.415275512704618,True
TurbOPark 0.04,0.45833332240581515,0.6726495782534282,7.7117703324633,0.6593234524813352,8.54957323749466,True
TurbOPark 0.04,0.4861110995213191,0.6726495782534282,7.647307386664336,0.6576725473569281,8.60005377191719,True
TurbOPark 0.04,0.513888876636823,0.6726495782534282,7.58650819768993,0.6479197918125974,8.540421692418223,False
TurbOPark 0.04,0.5416666537523269,0.6726495782534282,7.524267549365567,0.6378952356599386,8.477838294223398,False
TurbOPark 0.04,-0.5416666537523269,0.701709407567978,7.887840109872486,0.6834517695155736,8.664625043047712,False
TurbOPark 0.04,-0.513888876636823,0.701709407567978,7.904066782463628,0.6928071012289025,8.76519797082181,False
TurbOPark 0.04,-0.4861110995213191,0.701709407567978,7.921677475838165,0.7006873959319836,8.845189646626535,True
TurbOPark 0.04,-0.45833332240581515,0.701709407567978,7.931883822877302,0.7107645241502554,8.960853941156497,True
TurbOPark 0.04,-0.4305555452903112,0.701709407567978,7.935462376571075,0.7159761605564433,9.022488250594135,True
TurbOPark 0.04,-0.4027777681748072,0.701709407567978,7.951929549569322,0.7195409365865495,9.048633191494005,True
TurbOPark 0.04,-0.37499999105930326,0.701709407567978,7.985180040811038,0.720942289096966,9.028503871075417,True
TurbOPark 0.04,-0.3472222139437993,0.701709407567978,8.024589291877142,0.7212513160212121,8.988015333710546,True
TurbOPark 0.04,-0.3194444368282954,0.701709407567978,8.071756168656979,0.6996345980798857,8.667687470498686,True
TurbOPark 0.04,-0.29166665971279143,0.701709407567978,8.091448682578854,0.7024884437461091,8.681862436557115,True
TurbOPark 0.04,-0.2638888825972875,0.701709407567978,8.11312460326915,0.7008938423781805,8.639012423102171,True
TurbOPark 0.04,-0.23611110548178355,0.701709407567978,8.128703088186327,0.7058586686117131,8.683533657879044,True
TurbOPark 0.04,-0.2083333283662796,0.701709407567978,8.142242315266657,0.7076844613488589,8.691518060349969,True
TurbOPark 0.04,-0.18055555125077566,0.701709407567978,8.160944585636576,0.6983685224360955,8.557447181607358,True
TurbOPark 0.04,-0.15277777413527172,0.701709407567978,8.176802015057493,0.6911754021851002,8.452881712340695,True
TurbOPark 0.04,-0.12499999701976776,0.701709407567978,8.171494431733882,0.7075280979564597,8.658490853383984,True
TurbOPark 0.04,-0.09722221990426382,0.701709407567978,8.188502264389841,0.6950436619783692,8.48804383923755,True
TurbOPark 0.04,-0.06944444278875987,0.701709407567978,8.191635030863024,0.699043316099656,8.533623793857045,True
TurbOPark 0.04,-0.04166666567325592,0.701709407567978,8.203245581003664,0.6819086686072616,8.31266919749866,True
TurbOPark 0.04,-0.013888888557751973,0.701709407567978,8.193724378149476,0.6932210116559503,8.460389679503862,True
TurbOPark 0.04,0.013888888557751973,0.701709407567978,8.192146127532192,0.6959886587313083,8.495803760045579,True
TurbOPark 0.04,0.04166666567325592,0.701709407567978,8.18585763692142,0.6956621713680943,8.4983419236414,True
TurbOPark 0.04,0.06944444278875987,0.701709407567978,8.176490554596798,0.6962688345950633,8.515497326706054,True
TurbOPark 0.04,0.09722221990426382,0.701709407567978,8.167803265589516,0.6930648822138352,8.485327813093608,True
TurbOPark 0.04,0.12499999701976776,0.701709407567978,8.15271798190864,0.6852604878470274,8.4053010219127,True
TurbOPark 0.04,0.15277777413527172,0.701709407567978,8.147194254616927,0.6747679475918972,8.28221258146034,True
TurbOPark 0.04,0.18055555125077566,0.701709407567978,8.128106710676715,0.676944757564515,8.328443285264832,True
TurbOPark 0.04,0.2083333283662796,0.701709407567978,8.095082931921803,0.7001035421662322,8.648503641704199,True
TurbOPark 0.04,0.23611110548178355,0.701709407567978,8.076317150527705,0.6962928662217778,8.62141559381781,True
TurbOPark 0.04,0.2638888825972875,0.701709407567978,8.064578257273757,0.6710812371301655,8.321343233601723,True
TurbOPark 0.04,0.29166665971279143,0.701709407567978,8.03812795278685,0.6675214745679021,8.304439522345124,True
TurbOPark 0.04,0.3194444368282954,0.701709407567978,7.991958491053779,0.6887221509325784,8.617689289847236,True
TurbOPark 0.04,0.3472222139437993,0.701709407567978,7.950771997042249,0.6913208764352239,8.695015737998785,True
TurbOPark 0.04,0.37499999105930326,0.701709407567978,7.917192149907018,0.6754841110074425,8.531864557757078,True
TurbOPark 0.04,0.4027777681748072,0.701709407567978,7.862585557778794,0.6813124274844408,8.665246597035615,True
TurbOPark 0.04,0.4305555452903112,0.701709407567978,7.8146445259080926,0.6757340349196573,8.647022045332694,True
TurbOPark 0.04,0.45833332240581515,0.701709407567978,7.760506190203867,0.6686889068662321,8.616563024075957,True
TurbOPark 0.04,0.4861110995213191,0.701709407567978,7.702277138403806,0.6597589546290902,8.565764939040047,True
TurbOPark 0.04,0.513888876636823,0.701709407567978,7.643346823207495,0.6450926830697209,8.439924263426407,False
TurbOPark 0.04,0.5416666537523269,0.701709407567978,7.560250269105566,0.656939309358742,8.689385747496727,False
TurbOPark 0.04,-0.5416666537523269,0.7307692368825277,7.944012174923732,0.6789677760474627,8.546912581412066,False
TurbOPark 0.04,-0.513888876636823,0.7307692368825277,7.9545254974640205,0.6961342201046029,8.751423580533334,False
TurbOPark 0.04,-0.4861110995213191,0.7307692368825277,7.960771491972561,0.7116406569799226,8.939342847581079,True
TurbOPark 0.04,-0.45833332240581515,0.7307692368825277,7.9839444011410885,0.7157515026038206,8.964885858943648,True
TurbOPark 0.04,-0.4305555452903112,0.7307692368825277,7.98943717777115,0.7222788994689064,9.040422790712825,True
TurbOPark 0.04,-0.4027777681748072,0.7307692368825277,8.01054596200017,0.7249518188326908,9.049967658529932,True
TurbOPark 0.04,-0.37499999105930326,0.7307692368825277,8.043016081375422,0.725350276106436,9.018386495410253,True
TurbOPark 0.04,-0.3472222139437993,0.7307692368825277,8.08057883905571,0.7154287700562065,8.85368219660624,True
TurbOPark 0.04,-0.3194444368282954,0.7307692368825277,8.111502635397283,0.7136764854703117,8.798326494476413,True
TurbOPark 0.04,-0.29166665971279143,0.7307692368825277,8.137087853347957,0.7089922971905678,8.713096257143851,True
TurbOPark 0.04,-0.2638888825972875,0.7307692368825277,8.156835707674551,0.7086107178514567,8.687323654008914,True
TurbOPark 0.04,-0.23611110548178355,0.7307692368825277,8.175189450058848,0.7101767008987554,8.686975454662317,True
TurbOPark 0.04,-0.2083333283662796,0.7307692368825277,8.186561387027847,0.7157295319586707,8.742737006685028,True
TurbOPark 0.04,-0.18055555125077566,0.7307692368825277,8.209611537079802,0.6971896772024672,8.492358914347133,True
TurbOPark 0.04,-0.15277777413527172,0.7307692368825277,8.216946943813614,0.7023763678441903,8.547899513614317,True
TurbOPark 0.04,-0.12499999701976776,0.7307692368825277,8.221715288456846,0.7065465916748388,8.593664057752264,True
TurbOPark 0.04,-0.09722221990426382,0.7307692368825277,8.236256926207275,0.6955188634315912,8.44459891991096,True
TurbOPark 0.04,-0.06944444278875987,0.7307692368825277,8.245613428911891,0.6916588013040117,8.388203100557972,True
TurbOPark 0.04,-0.04166666567325592,0.7307692368825277,8.24598451491207,0.6869009514742299,8.330126623837767,True
TurbOPark 0.04,-0.013888888557751973,0.7307692368825277,8.242479407982215,0.6967343134493987,8.45297002228073,True
TurbOPark 0.04,0.013888888557751973,0.7307692368825277,8.230915694585388,0.7108061483417689,8.635808878584001,True
TurbOPark 0.04,0.04166666567325592,0.7307692368825277,8.225801652809816,0.7109660920713001,8.643122239987932,True
TurbOPark 0.04,0.06944444278875987,0.7307692368825277,8.21941369378837,0.7016172848477387,8.536098935839785,True
TurbOPark 0.04,0.09722221990426382,0.7307692368825277,8.208905966346174,0.7030032594266071,8.563909274983661,True
TurbOPark 0.04,0.12499999701976776,0.7307692368825277,8.186693504612053,0.7114807312785555,8.690697054650158,True
TurbOPark 0.04,0.15277777413527172,0.7307692368825277,8.176499357995166,0.7091119128170077,8.67256122418235,True
TurbOPark 0.04,0.18055555125077566,0.7307692368825277,8.174112293762798,0.6904515364450747,8.446807575324348,True
TurbOPark 0.04,0.2083333283662796,0.7307692368825277,8.141616685607366,0.7066730062003918,8.679762674772423,True
TurbOPark 0.04,0.23611110548178355,0.7307692368825277,8.114312407070605,0.7159852103047772,8.823732368017849,True
TurbOPark 0.04,0.2638888825972875,0.7307692368825277,8.094090090645611,0.7105351649559946,8.778443988128625,True
TurbOPark 0.04,0.29166665971279143,0.7307692368825277,8.070048553599015,0.7005818743048571,8.681259717977994,True
TurbOPark 0.04,0.3194444368282954,0.7307692368825277,8.0367064870315,0.7000900263240211,8.711155837950873,True
TurbOPark 0.04,0.3472222139437993,0.7307692368825277,7.993339281334059,0.7046696076647953,8.815709966300698,True
TurbOPark 0.04,0.37499999105930326,0.7307692368825277,7.94258425926366,0.7062978847970098,8.892545067724459,True
TurbOPark 0.04,0.4027777681748072,0.7307692368825277,7.907864499702315,0.693432305392989,8.768894629126391,True
TurbOPark 0.04,0.4305555452903112,0.7307692368825277,7.855382479555482,0.6903136122765178,8.78777849548557,True
TurbOPark 0.04,0.45833332240581515,0.7307692368825277,7.798716436170926,0.6846345095948603,8.77881014392937,True
TurbOPark 0.04,0.4861110995213191,0.7307692368825277,7.753570910693659,0.6670717098708626,8.60341277011916,True
TurbOPark 0.04,0.513888876636823,0.7307692368825277,7.6751177995511215,0.6793752486166758,8.851658910778006,False
TurbOPark 0.04,0.5416666537523269,0.7307692368825277,7.608707026923079,0.668585923662801,8.78711614597643,False
TurbOPark 0.04,-0.5416666537523269,0.7598290661970775,7.980877943241181,0.696241195083673,8.723867224072803,False
TurbOPark 0.04,-0.513888876636823,0.7598290661970775,8.003419749767392,0.7023984328947285,8.776228847863973,False
TurbOPark 0.04,-0.4861110995213191,0.7598290661970775,8.008826024404735,0.7200918590741828,8.991228638003838,False
TurbOPark 0.04,-0.45833332240581515,0.7598290661970775,8.030586060289957,0.7208766477486825,8.976638097601734,True
TurbOPark 0.04,-0.4305555452903112,0.7598290661970775,8.060307831955654,0.7213238765720676,8.949085960617145,True
TurbOPark 0.04,-0.4027777681748072,0.7598290661970775,8.060863955842827,0.7307860563763623,9.065852747045312,True
TurbOPark 0.04,-0.37499999105930326,0.7598290661970775,8.098435305995233,0.7275759396813481,8.984154496396695,True
TurbOPark 0.04,-0.3472222139437993,0.7598290661970775,8.134980066660736,0.7168056905125164,8.811400699679309,True
TurbOPark 0.04,-0.3194444368282954,0.7598290661970775,8.159112923701327,0.7181690449413582,8.802048110587561,True
TurbOPark 0.04,-0.29166665971279143,0.7598290661970775,8.192512084692469,0.7047687781647822,8.602596747847677,True
TurbOPark 0.04,-0.2638888825972875,0.7598290661970775,8.210962941993696,0.7051028518279068,8.587334479635363,True
TurbOPark 0.04,-0.23611110548178355,0.7598290661970775,8.231249812973084,0.7019692473799212,8.528100389731382,True
TurbOPark 0.04,-0.2083333283662796,0.7598290661970775,8.239935736509999,0.715229003477691,8.680031329717922,True
TurbOPark 0.04,-0.18055555125077566,0.7598290661970775,8.249050373337214,0.7158773324905442,8.678299926551796,True
TurbOPark 0.04,-0.15277777413527172,0.7598290661970775,8.267546879533969,0.7039967200689511,8.515182681475578,True
TurbOPark 0.04,-0.12499999701976776,0.7598290661970775,8.27359310461746,0.7010465918079694,8.473302746985684,True
TurbOPark 0.04,-0.09722221990426382,0.7598290661970775,8.270180794165773,0.7151837236647853,8.647739891845099,True
TurbOPark 0.04,-0.06944444278875987,0.7598290661970775,8.282923430256039,0.7047731091914863,8.508748331743307,True
TurbOPark 0.04,-0.04166666567325592,0.7598290661970775,8.286671757432272,0.7066073614323946,8.52703452141256,True
TurbOPark 0.04,-0.013888888557751973,0.7598290661970775,8.282367739322817,0.7082507208767228,8.55130734553246,True
TurbOPark 0.04,0.013888888557751973,0.7598290661970775,8.275383325082156,0.7193010302227941,8.692056935207324,True
TurbOPark 0.04,0.04166666567325592,0.7598290661970775,8.27220608646015,0.7128033338087937,8.61684690104012,True
TurbOPark 0.04,0.06944444278875987,0.7598290661970775,8.260541428168493,0.7202639497858626,8.719331003289426,True
TurbOPark 0.04,0.09722221990426382,0.7598290661970775,8.247529072825536,0.7230975365668972,8.767444530136952,True
TurbOPark 0.04,0.12499999701976776,0.7598290661970775,8.226825666775364,0.7301677807966782,8.87544978308601,True
TurbOPark 0.04,0.15277777413527172,0.7598290661970775,8.20604961326093,0.7306051967086332,8.903251029922842,True
TurbOPark 0.04,0.18055555125077566,0.7598290661970775,8.199774089067908,0.7211536474393859,8.794798973801504,True
TurbOPark 0.04,0.2083333283662796,0.7598290661970775,8.177608408570736,0.7261078410975443,8.879219997090223,True
TurbOPark 0.04,0.23611110548178355,0.7598290661970775,8.159813920664238,0.7256097823868941,8.892479527619264,True
TurbOPark 0.04,0.2638888825972875,0.7598290661970775,8.13096593902075,0.726395115288701,8.933687839014414,True
TurbOPark 0.04,0.29166665971279143,0.7598290661970775,8.11151073940838,0.7165370960874523,8.833583768881423,True
TurbOPark 0.04,0.3194444368282954,0.7598290661970775,8.071470285787603,0.7201375363180429,8.922011861780309,True
TurbOPark 0.04,0.3472222139437993,0.7598290661970775,8.03622467581625,0.7180718644301214,8.935437887781378,True
TurbOPark 0.04,0.37499999105930326,0.7598290661970775,7.9919190700352045,0.7177394198304747,8.980814414419653,True
TurbOPark 0.04,0.4027777681748072,0.7598290661970775,7.947298218221227,0.7085867938165631,8.916071529717426,True
TurbOPark 0.04,0.4305555452903112,0.7598290661970775,7.9080142684888175,0.6991102028856798,8.840527838593244,True
TurbOPark 0.04,0.45833332240581515,0.7598290661970775,7.841881496746906,0.6998039760380895,8.923929497383929,True
TurbOPark 0.04,0.4861110995213191,0.7598290661970775,7.804096533742104,0.6762260841654943,8.665014345244657,False
TurbOPark 0.04,0.513888876636823,0.7598290661970775,7.733132017346515,0.682620618656882,8.827220550815204,False
TurbOPark 0.04,0.5416666537523269,0.7598290661970775,7.672968071830986,0.6644975801449513,8.660241694272859,False
TurbOPark 0.04,-0.5416666537523269,0.7888888955116272,8.051539880284105,0.6949322716576873,8.6310479981522,False
TurbOPark 0.04,-0.513888876636823,0.7888888955116272,8.065208716035738,0.7013257341918635,8.695692311067475,False
TurbOPark 0.04,-0.4861110995213191,0.7888888955116272,8.076683440729463,0.7143123142361983,8.844129146303198,False
TurbOPark 0.04,-0.45833332240581515,0.7888888955116272,8.096392473512442,0.7202680286315434,8.896159999504953,True
TurbOPark 0.04,-0.4305555452903112,0.7888888955116272,8.108666287007965,0.7294132311634892,8.995477250459608,True
TurbOPark 0.04,-0.4027777681748072,0.7888888955116272,8.129956967432012,0.7277054815503646,8.950914309454493,True
TurbOPark 0.04,-0.37499999105930326,0.7888888955116272,8.16572950464774,0.7177735763768799,8.790072901243425,True
TurbOPark 0.04,-0.3472222139437993,0.7888888955116272,8.18238326972692,0.725211612686158,8.863085347875195,True
TurbOPark 0.04,-0.3194444368282954,0.7888888955116272,8.209409247640297,0.7239133820708307,8.818093485580727,True
TurbOPark 0.04,-0.29166665971279143,0.7888888955116272,8.2333634611916,0.7245512203561244,8.800185049176262,True
TurbOPark 0.04,-0.2638888825972875,0.7888888955116272,8.252584299462814,0.7216641027695767,8.744704405098316,True
TurbOPark 0.04,-0.23611110548178355,0.7888888955116272,8.270941583188925,0.7210204838201282,8.71751391988593,True
TurbOPark 0.04,-0.2083333283662796,0.7888888955116272,8.27687018909713,0.7316695092302029,8.839929738103287,True
TurbOPark 0.04,-0.18055555125077566,0.7888888955116272,8.29229980443994,0.7269296151854449,8.766320952315612,True
TurbOPark 0.04,-0.15277777413527172,0.7888888955116272,8.30643287791417,0.7290100985625402,8.776452049602332,True
TurbOPark 0.04,-0.12499999701976776,0.7888888955116272,8.314062904307495,0.7244503036546351,8.713553313137663,True
TurbOPark 0.04,-0.09722221990426382,0.7888888955116272,8.308036961454679,0.734661732858946,8.842783635501688,True
TurbOPark 0.04,-0.06944444278875987,0.7888888955116272,8.30527825615274,0.7379279458551238,8.885047834591814,True
TurbOPark 0.04,-0.04166666567325592,0.7888888955116272,8.328012460784386,0.7211795368911859,8.65968369148262,True
TurbOPark 0.04,-0.013888888557751973,0.7888888955116272,8.319364637201229,0.7342564554530551,8.82587177594936,True
TurbOPark 0.04,0.013888888557751973,0.7888888955116272,8.307849314742041,0.7400016969184111,8.907259495009127,True
TurbOPark 0.04,0.04166666567325592,0.7888888955116272,8.305856449593563,0.7341814545737161,8.839322699944354,True
TurbOPark 0.04,0.06944444278875987,0.7888888955116272,8.302280882172413,0.7312456883135355,8.807768596263085,True
TurbOPark 0.04,0.09722221990426382,0.7888888955116272,8.277576470319374,0.7406618733521035,8.947810702901625,True
TurbOPark 0.04,0.12499999701976776,0.7888888955116272,8.263730622982235,0.7383532687176215,8.934866132545386,True
TurbOPark 0.04,0.15277777413527172,0.7888888955116272,8.244754303819505,0.7419984106699526,8.999642479657773,True
TurbOPark 0.04,0.18055555125077566,0.7888888955116272,8.235779011578169,0.73593415367166,8.93581715387283,True
TurbOPark 0.04,0.2083333283662796,0.7888888955116272,8.207631283104835,0.731743426059624,8.915403248753341,True
TurbOPark 0.04,0.23611110548178355,0.7888888955116272,8.197840927168587,0.7342261217236491,8.956335311293238,True
TurbOPark 0.04,0.2638888825972875,0.7888888955116272,8.182012405754463,0.7330948870725602,8.959835926879917,True
TurbOPark 0.04,0.29166665971279143,0.7888888955116272,8.151752205809474,0.73177621735322,8.976919303701456,True
TurbOPark 0.04,0.3194444368282954,0.7888888955116272,8.116846586858534,0.7311985210267732,9.008406321373744,True
TurbOPark 0.04,0.3472222139437993,0.7888888955116272,8.078098789621626,0.7264382273071337,8.992688084483797,True
TurbOPark 0.04,0.37499999105930326,0.7888888955116272,8.046717161056643,0.7190797324923651,8.936311766647707,True
TurbOPark 0.04,0.4027777681748072,0.7888888955116272,8.014083584887047,0.7056806226668714,8.80550614667463,True
TurbOPark 0.04,0.4305555452903112,0.7888888955116272,7.9593913677754555,0.6972929190184884,8.760631143752548,True
TurbOPark 0.04,0.45833332240581515,0.7888888955116272,7.913909892181896,0.6946528761910589,8.777619225577768,True
TurbOPark 0.04,0.4861110995213191,0.7888888955116272,7.858145281268409,0.6952030923239256,8.846910656908987,False
TurbOPark 0.04,0.513888876636823,0.7888888955116272,7.788336008311821,0.6814220505293885,8.749263639911856,False
TurbOPark 0.04,0.5416666537523269,0.7888888955116272,7.723910740613933,0.6835678318921211,8.850022415429775,False
TurbOPark 0.04,-0.5416666537523269,0.817948724826177,8.099687864176081,0.7128541767342873,8.801007997939688,False
TurbOPark 0.04,-0.513888876636823,0.817948724826177,8.122037561233018,0.710297880095539,8.74531636600444,False
TurbOPark 0.04,-0.4861110995213191,0.817948724826177,8.139155008965535,0.7157700667096599,8.794156960043354,False
TurbOPark 0.04,-0.45833332240581515,0.817948724826177,8.145839863430409,0.7328942014274082,8.997159454577947,True
TurbOPark 0.04,-0.4305555452903112,0.817948724826177,8.163828259230614,0.7357952578824213,9.012870365694893,True
TurbOPark 0.04,-0.4027777681748072,0.817948724826177,8.182159454701685,0.7379387625123656,9.018875354333586,True
TurbOPark 0.04,-0.37499999105930326,0.817948724826177,8.204697153715472,0.7373988925877065,8.987521157362616,True
TurbOPark 0.04,-0.3472222139437993,0.817948724826177,8.243644775884425,0.7259839125887881,8.806588982491673,True
TurbOPark 0.04,-0.3194444368282954,0.817948724826177,8.26197649312051,0.7274030667911523,8.804225809609093,True
TurbOPark 0.04,-0.29166665971279143,0.817948724826177,8.282813981700242,0.732785666852957,8.847061740997056,True
TurbOPark 0.04,-0.2638888825972875,0.817948724826177,8.297754103669261,0.735160991891438,8.859758709484417,True
TurbOPark 0.04,-0.23611110548178355,0.817948724826177,8.32198739494098,0.7305441812098109,8.77848218868868,True
TurbOPark 0.04,-0.2083333283662796,0.817948724826177,8.335455095797034,0.7338761736442456,8.804272414763368,True
TurbOPark 0.04,-0.18055555125077566,0.817948724826177,8.345194862721321,0.7331750785723659,8.785595670719685,True
TurbOPark 0.04,-0.15277777413527172,0.817948724826177,8.346960937673279,0.7401712042173658,8.867553229782924,True
TurbOPark 0.04,-0.12499999701976776,0.817948724826177,8.35279558145793,0.7453666372939495,8.923558945325588,True
TurbOPark 0.04,-0.09722221990426382,0.817948724826177,8.35863052497994,0.7455814851890911,8.91990001186086,True
TurbOPark 0.04,-0.06944444278875987,0.817948724826177,8.350120047733368,0.7462739026883196,8.93728351715009,True
TurbOPark 0.04,-0.04166666567325592,0.817948724826177,8.359754351499008,0.7426970171925794,8.884196663738146,True
TurbOPark 0.04,-0.013888888557751973,0.817948724826177,8.34803209922141,0.7492980826084892,8.97574510618345,True
TurbOPark 0.04,0.013888888557751973,0.817948724826177,8.342361400692154,0.7449239245999167,8.929413253879309,True
TurbOPark 0.04,0.04166666567325592,0.817948724826177,8.343349823617006,0.7426775942013134,8.901431797802147,True
TurbOPark 0.04,0.06944444278875987,0.817948724826177,8.341212773678643,0.7368978073229967,8.834420453202393,True
TurbOPark 0.04,0.09722221990426382,0.817948724826177,8.315301108397442,0.749560910375907,9.01423653340637,True
TurbOPark 0.04,0.12499999701976776,0.817948724826177,8.312467080197663,0.7488313058662577,9.008532588960955,True
TurbOPark 0.04,0.15277777413527172,0.817948724826177,8.309512502056853,0.7463560623178992,8.981947642935175,True
TurbOPark 0.04,0.18055555125077566,0.817948724826177,8.292541303971749,0.7412805491805091,8.939123991163838,True
TurbOPark 0.04,0.2083333283662796,0.817948724826177,8.271700007617044,0.7417542621486483,8.96737383446691,True
TurbOPark 0.04,0.23611110548178355,0.817948724826177,8.251730247703346,0.7403578400045291,8.9721527216742,True
TurbOPark 0.04,0.2638888825972875,0.817948724826177,8.231308361678217,0.7387442423851108,8.97480947044115,True
TurbOPark 0.04,0.29166665971279143,0.817948724826177,8.206316046503652,0.733904696166839,8.94316879837358,True
TurbOPark 0.04,0.3194444368282954,0.817948724826177,8.182091947178824,0.7353817161158842,8.987698022257536,True
TurbOPark 0.04,0.3472222139437993,0.817948724826177,8.146566382477756,0.7217156459773362,8.85913907888428,True
TurbOPark 0.04,0.37499999105930326,0.817948724826177,8.108001869108971,0.7190014450413141,8.867800681949383,True
TurbOPark 0.04,0.4027777681748072,0.817948724826177,8.077675005346347,0.7100680343876841,8.790500161466182,True
TurbOPark 0.04,0.4305555452903112,0.817948724826177,8.025393409606316,0.7107549347967699,8.85632514844697,True
TurbOPark 0.04,0.45833332240581515,0.817948724826177,7.9749614600454635,0.708410623327144,8.882934756190101,True
TurbOPark 0.04,0.4861110995213191,0.817948724826177,7.917072632394911,0.7078341357987763,8.940604294856099,False
TurbOPark 0.04,0.513888876636823,0.817948724826177,7.868092377661044,0.6913891181394126,8.787252169310989,False
TurbOPark 0.04,0.5416666537523269,0.817948724826177,7.807472231825737,0.684210222234016,8.763530652660636,False
TurbOPark 0.04,-0.5416666537523269,0.8470085541407267,8.147987837131643,0.7275329917611233,8.92898966350493,False
TurbOPark 0.04,-0.513888876636823,0.8470085541407267,8.16988943787991,0.7269079970523523,8.89740311150386,False
TurbOPark 0.04,-0.4861110995213191,0.8470085541407267,8.187927923129665,0.7302645053250278,8.918794989171076,False
TurbOPark 0.04,-0.45833332240581515,0.8470085541407267,8.209458748716497,0.730374125780156,8.896739092505289,False
TurbOPark 0.04,-0.4305555452903112,0.8470085541407267,8.233338671798595,0.7355593248342774,8.933913132393867,True
TurbOPark 0.04,-0.4027777681748072,0.8470085541407267,8.247873448893104,0.7406372710963279,8.979736118474566,True
TurbOPark 0.04,-0.37499999105930326,0.8470085541407267,8.271757790326536,0.7325912980123849,8.856537105923469,True
TurbOPark 0.04,-0.3472222139437993,0.8470085541407267,8.295538311606345,0.7300066147739612,8.799990878863206,True
TurbOPark 0.04,-0.3194444368282954,0.8470085541407267,8.333919274673663,0.7170138917873584,8.60356175954722,True
TurbOPark 0.04,-0.29166665971279143,0.8470085541407267,8.34351688836152,0.7318725046456538,8.771750742981682,True
TurbOPark 0.04,-0.2638888825972875,0.8470085541407267,8.362193314706866,0.734171538713515,8.7796527906417,True
TurbOPark 0.04,-0.23611110548178355,0.8470085541407267,8.373981642428667,0.7423166601660347,8.864560395080398,True
TurbOPark 0.04,-0.2083333283662796,0.8470085541407267,8.382073397631583,0.7489437453122667,8.935065463920733,True
TurbOPark 0.04,-0.18055555125077566,0.8470085541407267,8.387473755230682,0.7530125998727146,8.9778236194553,True
TurbOPark 0.04,-0.15277777413527172,0.8470085541407267,8.402392396019529,0.745847330325194,8.876606746889431,True
TurbOPark 0.04,-0.12499999701976776,0.8470085541407267,8.4025256792492,0.75546405863578,8.990916391978034,True
TurbOPark 0.04,-0.09722221990426382,0.8470085541407267,8.405244008813344,0.7552011406672207,8.984880627800361,True
TurbOPark 0.04,-0.06944444278875987,0.8470085541407267,8.405516481209581,0.7507682390298674,8.931851370563603,True
TurbOPark 0.04,-0.04166666567325592,0.8470085541407267,8.405410796023363,0.7476907822330088,8.895350868356662,True
TurbOPark 0.04,-0.013888888557751973,0.8470085541407267,8.405706781153194,0.7444529753488598,8.856518490723833,True
TurbOPark 0.04,0.013888888557751973,0.8470085541407267,8.388759206815616,0.7504899765399954,8.946376431096564,True
TurbOPark 0.04,0.04166666567325592,0.8470085541407267,8.378827663463499,0.7458168445756689,8.901207597667376,True
TurbOPark 0.04,0.06944444278875987,0.8470085541407267,8.381326385427379,0.7478859522487369,8.92324099857377,True
TurbOPark 0.04,0.09722221990426382,0.8470085541407267,8.376289220743708,0.7524325924168258,8.982886963280135,True
TurbOPark 0.04,0.12499999701976776,0.8470085541407267,8.360971407450336,0.7579203390803309,9.064979440127727,True
TurbOPark 0.04,0.15277777413527172,0.8470085541407267,8.358989899018823,0.7518408383489639,8.994398215952083,True
TurbOPark 0.04,0.18055555125077566,0.8470085541407267,8.352493146423338,0.7489568468052421,8.96686574506148,True
TurbOPark 0.04,0.2083333283662796,0.8470085541407267,8.319339992126299,0.7459637323969478,8.966621548139068,True
TurbOPark 0.04,0.23611110548178355,0.8470085541407267,8.302206513993568,0.7475637939321977,9.004398923011141,True
TurbOPark 0.04,0.2638888825972875,0.8470085541407267,8.273884438266933,0.7493797588920609,9.057169754827125,True
TurbOPark 0.04,0.29166665971279143,0.8470085541407267,8.252943995441843,0.7450409887559084,9.027578391025065,True
TurbOPark 0.04,0.3194444368282954,0.8470085541407267,8.233302725513619,0.7371819741492075,8.953660502058362,True
TurbOPark 0.04,0.3472222139437993,0.8470085541407267,8.207426529157802,0.7365248123085815,8.97388249157022,True
TurbOPark 0.04,0.37499999105930326,0.8470085541407267,8.166705294196381,0.7338600132673408,8.985998475895217,True
TurbOPark 0.04,0.4027777681748072,0.8470085541407267,8.133519335306294,0.7242739509978243,8.904803949427746,True
TurbOPark 0.04,0.4305555452903112,0.8470085541407267,8.090455497159818,0.7175797535819728,8.869460487532274,True
TurbOPark 0.04,0.45833332240581515,0.8470085541407267,8.045349870060656,0.7171072074636545,8.913312895592544,False
TurbOPark 0.04,0.4861110995213191,0.8470085541407267,8.005113654614744,0.703128780272795,8.783495283261333,False
TurbOPark 0.04,0.513888876636823,0.8470085541407267,7.947739276251737,0.6909678653619843,8.69389195272966,False
TurbOPark 0.04,0.5416666537523269,0.8470085541407267,7.896327229804792,0.6718967552483586,8.508978107091044,False
TurbOPark 0.04,-0.5416666537523269,0.8760683834552765,8.193584545102611,0.729905900533885,8.908261048824562,False
TurbOPark 0.04,-0.513888876636823,0.8760683834552765,8.220436075850296,0.7358617926555745,8.951615046522447,False
TurbOPark 0.04,-0.4861110995213191,0.8760683834552765,8.242692654488861,0.7365477082997148,8.93576576458423,False
TurbOPark 0.04,-0.45833332240581515,0.8760683834552765,8.266501961660275,0.7424805555362263,8.981798576711446,False
TurbOPark 0.04,-0.4305555452903112,0.8760683834552765,8.275947430865193,0.7494898231210522,9.056241951535672,True
TurbOPark 0.04,-0.4027777681748072,0.8760683834552765,8.292351159447522,0.7485814827017857,9.027373157598646,True
TurbOPark 0.04,-0.37499999105930326,0.8760683834552765,8.317340088699586,0.7522933509679665,9.04487904720976,True
TurbOPark 0.04,-0.3472222139437993,0.8760683834552765,8.34270474433085,0.7503954040245017,8.994629763619773,True
TurbOPark 0.04,-0.3194444368282954,0.8760683834552765,8.383367419485802,0.7364020128846713,8.784083722407562,True
TurbOPark 0.04,-0.29166665971279143,0.8760683834552765,8.401566541778276,0.7371603038600373,8.774081597692254,True
TurbOPark 0.04,-0.2638888825972875,0.8760683834552765,8.419068674707782,0.7438847309785664,8.835712829060466,True
TurbOPark 0.04,-0.23611110548178355,0.8760683834552765,8.42794714066803,0.7503001863817682,8.902526010886877,True
TurbOPark 0.04,-0.2083333283662796,0.8760683834552765,8.425004041359488,0.7591487020072102,9.010662763844934,True
TurbOPark 0.04,-0.18055555125077566,0.8760683834552765,8.441968023544321,0.7589011383912463,8.989623465460902,True
TurbOPark 0.04,-0.15277777413527172,0.8760683834552765,8.45682306449787,0.7559975273968921,8.939497984421648,True
TurbOPark 0.04,-0.12499999701976776,0.8760683834552765,8.462872064927693,0.7581996602117308,8.959129411324842,True
TurbOPark 0.04,-0.09722221990426382,0.8760683834552765,8.465391524278957,0.7596027612660967,8.973037562262027,True
TurbOPark 0.04,-0.06944444278875987,0.8760683834552765,8.453553673278122,0.7637104374243271,9.034193984459261,True
TurbOPark 0.04,-0.04166666567325592,0.8760683834552765,8.459158707114494,0.7538479937621088,8.91161899029146,True
TurbOPark 0.04,-0.013888888557751973,0.8760683834552765,8.448192214932506,0.74214917973186,8.784709921965112,True
TurbOPark 0.04,0.013888888557751973,0.8760683834552765,8.445983017092416,0.7505859736624686,8.886898921575888,True
TurbOPark 0.04,0.04166666567325592,0.8760683834552765,8.450343718874265,0.7527827594954143,8.908309348577577,True
TurbOPark 0.04,0.06944444278875987,0.8760683834552765,8.456453199650095,0.7521445122085456,8.89432595972585,True
TurbOPark 0.04,0.09722221990426382,0.8760683834552765,8.435683052072624,0.7580835061794018,8.986628604937245,True
TurbOPark 0.04,0.12499999701976776,0.8760683834552765,8.424211457969417,0.7629089741922178,9.056147011486704,True
TurbOPark 0.04,0.15277777413527172,0.8760683834552765,8.408558160817973,0.760987118665,9.050149908114237,True
TurbOPark 0.04,0.18055555125077566,0.8760683834552765,8.409579432741335,0.7548502417142406,8.976076006552166,True
TurbOPark 0.04,0.2083333283662796,0.8760683834552765,8.387199140267175,0.7548668432806154,9.000225589690352,True
TurbOPark 0.04,0.23611110548178355,0.8760683834552765,8.347883462776176,0.7540662315063231,9.033022979642201,True
TurbOPark 0.04,0.2638888825972875,0.8760683834552765,8.333585478226107,0.7515879504483396,9.018782520585884,True
TurbOPark 0.04,0.29166665971279143,0.8760683834552765,8.322715523689112,0.7520282963557811,9.035852471651443,True
TurbOPark 0.04,0.3194444368282954,0.8760683834552765,8.285891352261718,0.749443135679391,9.044810073147085,True
TurbOPark 0.04,0.3472222139437993,0.8760683834552765,8.26554025976936,0.7467748663364724,9.034798003116983,True
TurbOPark 0.04,0.37499999105930326,0.8760683834552765,8.233642083755166,0.7418894062218603,9.010464611834358,True
TurbOPark 0.04,0.4027777681748072,0.8760683834552765,8.205268153458645,0.7328994792193728,8.932060055958617,True
TurbOPark 0.04,0.4305555452903112,0.8760683834552765,8.17592730362031,0.7175011029226885,8.775776450519295,True
TurbOPark 0.04,0.45833332240581515,0.8760683834552765,8.126096172123134,0.7126547103613075,8.76995171194374,False
TurbOPark 0.04,0.4861110995213191,0.8760683834552765,8.079223215615512,0.7131236858974739,8.826636755364667,False
TurbOPark 0.04,0.513888876636823,0.8760683834552765,8.026906295268038,0.7072897589558893,8.81148642999415,False
TurbOPark 0.04,0.5416666537523269,0.8760683834552765,7.979190077547297,0.684733230206108,8.581487889765704,False
TurbOPark 0.04,-0.5416666537523269,0.9051282127698262,8.255879556909898,0.7340840322391212,8.891651424647023,False
TurbOPark 0.04,-0.513888876636823,0.9051282127698262,8.277404376647375,0.7375403652090186,8.910285539387251,False
TurbOPark 0.04,-0.4861110995213191,0.9051282127698262,8.319566793424107,0.7458439849352655,8.964937760038062,False
TurbOPark 0.04,-0.45833332240581515,0.9051282127698262,8.325776386490908,0.7523671061324954,9.036599966259699,False
TurbOPark 0.04,-0.4305555452903112,0.9051282127698262,8.339668804138626,0.7524571841891641,9.022626699704805,False
TurbOPark 0.04,-0.4027777681748072,0.9051282127698262,8.341277572463568,0.7498585667354966,8.989732810366464,True
TurbOPark 0.04,-0.37499999105930326,0.9051282127698262,8.37855939849229,0.7576220195481831,9.04239002810574,True
TurbOPark 0.04,-0.3472222139437993,0.9051282127698262,8.397726028700005,0.7597444765748955,9.047026230415216,True
TurbOPark 0.04,-0.3194444368282954,0.9051282127698262,8.429244426329522,0.7553236673093512,8.960751748401412,True
TurbOPark 0.04,-0.29166665971279143,0.9051282127698262,8.455221645289885,0.7555444960038392,8.93583311828055,True
TurbOPark 0.04,-0.2638888825972875,0.9051282127698262,8.481063671582364,0.7517407997568335,8.863756114409368,True
TurbOPark 0.04,-0.23611110548178355,0.9051282127698262,8.47280843738228,0.7628022257011194,9.002944316970671,True
TurbOPark 0.04,-0.2083333283662796,0.9051282127698262,8.465170640019332,0.765716774451305,9.04549721456715,True
TurbOPark 0.04,-0.18055555125077566,0.9051282127698262,8.493215536362468,0.766680131791956,9.026971333878512,True
TurbOPark 0.04,-0.15277777413527172,0.9051282127698262,8.507777089997807,0.7675384421006153,9.021609687011829,True
TurbOPark 0.04,-0.12499999701976776,0.9051282127698262,8.515398934670324,0.767079221162605,9.008141920861194,True
TurbOPark 0.04,-0.09722221990426382,0.9051282127698262,8.515205692859627,0.7676264996458646,9.014773422203447,True
TurbOPark 0.04,-0.06944444278875987,0.9051282127698262,8.522205382606346,0.7636695218911248,8.960937780844374,True
TurbOPark 0.04,-0.04166666567325592,0.9051282127698262,8.520368103370217,0.7637543848800643,8.96386606322751,True
TurbOPark 0.04,-0.013888888557751973,0.9051282127698262,8.528749049655294,0.7565638949433996,8.870748694076976,True
TurbOPark 0.04,0.013888888557751973,0.9051282127698262,8.510399947650061,0.7608591230056678,8.940345079971951,True
TurbOPark 0.04,0.04166666567325592,0.9051282127698262,8.51565027002923,0.7627925783658159,8.957537641610987,True
TurbOPark 0.04,0.06944444278875987,0.9051282127698262,8.503962187815032,0.7659469542169483,9.006942144150655,True
TurbOPark 0.04,0.09722221990426382,0.9051282127698262,8.491752906671126,0.7685332245241934,9.050348414170568,True
TurbOPark 0.04,0.12499999701976776,0.9051282127698262,8.491524362455808,0.7633250765969622,8.989258512545836,True
TurbOPark 0.04,0.15277777413527172,0.9051282127698262,8.465398185110015,0.7618663787065958,8.999770147217177,True
TurbOPark 0.04,0.18055555125077566,0.9051282127698262,8.450652381785924,0.7635882292051004,9.03584947892185,True
TurbOPark 0.04,0.2083333283662796,0.9051282127698262,8.438649097944198,0.762288665065413,9.03330208683662,True
TurbOPark 0.04,0.23611110548178355,0.9051282127698262,8.41283758935935,0.7618897836755809,9.056275906707477,True
TurbOPark 0.04,0.2638888825972875,0.9051282127698262,8.395412999604861,0.7587253599732038,9.037379816918047,True
TurbOPark 0.04,0.29166665971279143,0.9051282127698262,8.37838821513386,0.7582707926731458,9.050318190120187,True
TurbOPark 0.04,0.3194444368282954,0.9051282127698262,8.353822503986404,0.7565754511465568,9.056637853934802,True
TurbOPark 0.04,0.3472222139437993,0.9051282127698262,8.323492609545593,0.7537780861575173,9.056031182067315,True
TurbOPark 0.04,0.37499999105930326,0.9051282127698262,8.300676254664198,0.7524510316724663,9.064936501404446,True
TurbOPark 0.04,0.4027777681748072,0.9051282127698262,8.276270159231856,0.7434998233687702,8.983513213853044,True
TurbOPark 0.04,0.4305555452903112,0.9051282127698262,8.239221107046186,0.7381688991901444,8.959207303696001,False
TurbOPark 0.04,0.45833332240581515,0.9051282127698262,8.21066352653581,0.7191815851201584,8.75911651714695,False
TurbOPark 0.04,0.4861110995213191,0.9051282127698262,8.162390951798724,0.7177657886205956,8.79357277615358,False
TurbOPark 0.04,0.513888876636823,0.9051282127698262,8.115406603992861,0.7085558255773401,8.730995995058628,False
TurbOPark 0.04,0.5416666537523269,0.9051282127698262,8.05297475651265,0.7113364329936361,8.833213247295477,False
TurbOPark 0.04,-0.5416666537523269,0.934188042084376,8.342640689338763,0.7320647848599905,8.77497679835968,False
TurbOPark 0.04,-0.513888876636823,0.934188042084376,8.356139263146867,0.7522850253398955,9.002782285567006,False
TurbOPark 0.04,-0.4861110995213191,0.934188042084376,8.36981276148021,0.7544480609500389,9.013918022421974,False
TurbOPark 0.04,-0.45833332240581515,0.934188042084376,8.393427550181698,0.7564604833809827,9.01253366230113,False
TurbOPark 0.04,-0.4305555452903112,0.934188042084376,8.410725040178027,0.7581229412594872,9.013764421472995,False
TurbOPark 0.04,-0.4027777681748072,0.934188042084376,8.418186813978574,0.7595627335114267,9.022878088784594,False
TurbOPark 0.04,-0.37499999105930326,0.934188042084376,8.44427400325989,0.765452991044333,9.064757855427615,True
TurbOPark 0.04,-0.3472222139437993,0.934188042084376,8.470493421139196,0.7635478647582314,9.014207635799592,True
TurbOPark 0.04,-0.3194444368282954,0.934188042084376,8.483961999004743,0.7668664614238829,9.039013393905398,True
TurbOPark 0.04,-0.29166665971279143,0.934188042084376,8.50211200876936,0.7669996254825571,9.021283472758865,True
TurbOPark 0.04,-0.2638888825972875,0.934188042084376,8.523856291789143,0.7648986248145996,8.973621781392664,True
TurbOPark 0.04,-0.23611110548178355,0.934188042084376,8.533430181817044,0.76883773114877,9.009714906755814,True
TurbOPark 0.04,-0.2083333283662796,0.934188042084376,8.542233202764136,0.7730829318427835,9.05012674662904,True
TurbOPark 0.04,-0.18055555125077566,0.934188042084376,8.550706379356718,0.7758294863520168,9.073279468758738,True
TurbOPark 0.04,-0.15277777413527172,0.934188042084376,8.571907793543145,0.7673025942083208,8.95136313512725,True
TurbOPark 0.04,-0.12499999701976776,0.934188042084376,8.579016632108187,0.768298990261802,8.955560097486396,True
TurbOPark 0.04,-0.09722221990426382,0.934188042084376,8.58927173643072,0.7697641697562252,8.961925916155746,True
TurbOPark 0.04,-0.06944444278875987,0.934188042084376,8.593677532038987,0.7637555622612096,8.887412396075751,True
TurbOPark 0.04,-0.04166666567325592,0.934188042084376,8.595467630388312,0.7655360154194675,8.906275357410466,True
TurbOPark 0.04,-0.013888888557751973,0.934188042084376,8.605700975996086,0.7544473322865921,8.766831829167373,True
TurbOPark 0.04,0.013888888557751973,0.934188042084376,8.597812931209925,0.7584703050395346,8.821665592261253,True
TurbOPark 0.04,0.04166666567325592,0.934188042084376,8.586741952791307,0.7590226660546884,8.839472179642613,True
TurbOPark 0.04,0.06944444278875987,0.934188042084376,8.55746735601933,0.7705074853756959,9.003919656599335,True
TurbOPark 0.04,0.09722221990426382,0.934188042084376,8.536376111978763,0.767482190875466,8.990726050583552,True
TurbOPark 0.04,0.12499999701976776,0.934188042084376,8.548250120190872,0.7663709257606925,8.965237504580417,True
TurbOPark 0.04,0.15277777413527172,0.934188042084376,8.522850839339489,0.765239496039086,8.978679909625066,True
TurbOPark 0.04,0.18055555125077566,0.934188042084376,8.500957509123285,0.7619024542446148,8.962548670863676,True
TurbOPark 0.04,0.2083333283662796,0.934188042084376,8.493427306384804,0.7604518095421784,8.953415177528163,True
TurbOPark 0.04,0.23611110548178355,0.934188042084376,8.474468083355225,0.7632709503167595,9.006712194903495,True
TurbOPark 0.04,0.2638888825972875,0.934188042084376,8.452312360800352,0.7636374745284499,9.034657522478746,True
TurbOPark 0.04,0.29166665971279143,0.934188042084376,8.447531427186489,0.7633287347845334,9.03611595131722,True
TurbOPark 0.04,0.3194444368282954,0.934188042084376,8.431264112424406,0.7606722652055101,9.022042899647454,True
TurbOPark 0.04,0.3472222139437993,0.934188042084376,8.391639561095445,0.7568437010972275,9.019020604817648,True
TurbOPark 0.04,0.37499999105930326,0.934188042084376,8.361919443536184,0.7533019837795865,9.008720890774589,True
TurbOPark 0.04,0.4027777681748072,0.934188042084376,8.333343579044465,0.7520530855716627,9.02462593121471,False
TurbOPark 0.04,0.4305555452903112,0.934188042084376,8.303140262596747,0.7497387208995787,9.029580341752572,False
TurbOPark 0.04,0.45833332240581515,0.934188042084376,8.279434797781658,0.7380451334396424,8.91419706134276,False
TurbOPark 0.04,0.4861110995213191,0.934188042084376,8.24641065268096,0.725310760273026,8.795472246306614,False
TurbOPark 0.04,0.513888876636823,0.934188042084376,8.18943778921465,0.7253881785032287,8.857606555831616,False
TurbOPark 0.04,0.5416666537523269,0.934188042084376,8.13592523858924,0.7266376700498861,8.931223539314187,False
TurbOPark 0.04,-0.5416666537523269,0.9632478713989258,8.41449379390295,0.7588481895937306,9.01834629842598,False
TurbOPark 0.04,-0.513888876636823,0.9632478713989258,8.434027002948442,0.759725474549385,9.007861538548472,False
TurbOPark 0.04,-0.4861110995213191,0.9632478713989258,8.450460105795797,0.7561102159973506,8.947562695181155,False
TurbOPark 0.04,-0.45833332240581515,0.9632478713989258,8.471868061252184,0.7614748115709998,8.98827514859161,False
TurbOPark 0.04,-0.4305555452903112,0.9632478713989258,8.496048176889126,0.7614879996000834,8.962849359440737,False
TurbOPark 0.04,-0.4027777681748072,0.9632478713989258,8.499271386346813,0.7692830667742478,9.051164879968656,False
TurbOPark 0.04,-0.37499999105930326,0.9632478713989258,8.511734445154417,0.7714130630852435,9.062936209486605,False
TurbOPark 0.04,-0.3472222139437993,0.9632478713989258,8.536846943924214,0.7693039438669309,9.011570067031068,True
TurbOPark 0.04,-0.3194444368282954,0.9632478713989258,8.537553325058902,0.7675605619216453,8.990404307856545,True
TurbOPark 0.04,-0.29166665971279143,0.9632478713989258,8.568709762026893,0.7732553225839837,9.024174514706322,True
TurbOPark 0.04,-0.2638888825972875,0.9632478713989258,8.590889319255524,0.7758586465390566,9.031179633522406,True
TurbOPark 0.04,-0.23611110548178355,0.9632478713989258,8.607228659804202,0.7750525995175681,9.004670726793485,True
TurbOPark 0.04,-0.2083333283662796,0.9632478713989258,8.604897546552683,0.7800142762003044,9.06477121872062,True
TurbOPark 0.04,-0.18055555125077566,0.9632478713989258,8.61693032677471,0.7779028603978513,9.02760995967131,True
TurbOPark 0.04,-0.15277777413527172,0.9632478713989258,8.62730534825922,0.7786675756135862,9.025617434193428,True
TurbOPark 0.04,-0.12499999701976776,0.9632478713989258,8.646550831605401,0.7753837915862019,8.967550260064067,True
TurbOPark 0.04,-0.09722221990426382,0.9632478713989258,8.649293661926544,0.7750953398755265,8.96137153126654,True
TurbOPark 0.04,-0.06944444278875987,0.9632478713989258,8.661654787816005,0.7690747256469314,8.879073854672173,True
TurbOPark 0.04,-0.04166666567325592,0.9632478713989258,8.677487527756401,0.7536606642885838,8.685240536248235,True
TurbOPark 0.04,-0.013888888557751973,0.9632478713989258,8.676238677438189,0.7508686535086265,8.654310714863064,True
TurbOPark 0.04,0.013888888557751973,0.9632478713989258,8.657067162620988,0.7660529062148802,8.84887331731122,True
TurbOPark 0.04,0.04166666567325592,0.9632478713989258,8.646945841090458,0.7623525773358042,8.81643751847143,True
TurbOPark 0.04,0.06944444278875987,0.9632478713989258,8.613110251346411,0.7739886056345029,8.986168562204485,True
TurbOPark 0.04,0.09722221990426382,0.9632478713989258,8.606205300820324,0.7747644632968967,9.002393461646191,True
TurbOPark 0.04,0.12499999701976776,0.9632478713989258,8.58038458918732,0.7702455607403936,8.9768186114994,True
TurbOPark 0.04,0.15277777413527172,0.9632478713989258,8.579108873517075,0.7727011866187656,9.00677678778531,True
TurbOPark 0.04,0.18055555125077566,0.9632478713989258,8.563756945667214,0.7746840432141829,9.046076951146192,True
TurbOPark 0.04,0.2083333283662796,0.9632478713989258,8.55032120569887,0.7660144843069714,8.958897167470333,True
TurbOPark 0.04,0.23611110548178355,0.9632478713989258,8.529722663332448,0.7646343185090526,8.964351464744109,True
TurbOPark 0.04,0.2638888825972875,0.9632478713989258,8.50434884905848,0.7605042985486261,8.942534132202512,True
TurbOPark 0.04,0.29166665971279143,0.9632478713989258,8.49850033964387,0.7646109348839997,8.997010111504457,True
TurbOPark 0.04,0.3194444368282954,0.9632478713989258,8.481313197415497,0.7688089406928984,9.064739419447179,True
TurbOPark 0.04,0.3472222139437993,0.9632478713989258,8.454496558321274,0.7638358496940701,9.034669828356256,True
TurbOPark 0.04,0.37499999105930326,0.9632478713989258,8.427479050764736,0.7625358327287738,9.048207988835983,False
TurbOPark 0.04,0.4027777681748072,0.9632478713989258,8.404795879200543,0.7537382162100124,8.967953856860438,False
TurbOPark 0.04,0.4305555452903112,0.9632478713989258,8.376785807902555,0.7583969098936357,9.053554994544251,False
TurbOPark 0.04,0.45833332240581515,0.9632478713989258,8.35350532631227,0.7519268338254022,9.00133302671092,False
TurbOPark 0.04,0.4861110995213191,0.9632478713989258,8.324165075948772,0.7417749451795486,8.911103256743171,False
TurbOPark 0.04,0.513888876636823,0.9632478713989258,8.274814345790945,0.7400262066557797,8.943115527808795,False
TurbOPark 0.04,0.5416666537523269,0.9632478713989258,8.222289740730846,0.7361106073157563,8.95262305911305,False
TurbOPark 0.04,-0.5416666537523269,0.9923077007134755,8.499406345885617,0.7661313598844949,9.013939664802152,False
TurbOPark 0.04,-0.513888876636823,0.9923077007134755,8.51411989968595,0.7645291989907257,8.9795446622607,False
TurbOPark 0.04,-0.4861110995213191,0.9923077007134755,8.527417516220783,0.7639789729287918,8.959089565810016,False
TurbOPark 0.04,-0.45833332240581515,0.9923077007134755,8.541135742034701,0.7659082036131105,8.967287568604466,False
TurbOPark 0.04,-0.4305555452903112,0.9923077007134755,8.56297746191154,0.7712172178023147,9.006414196845888,False
TurbOPark 0.04,-0.4027777681748072,0.9923077007134755,8.568361367257886,0.7753296699925623,9.048750825978402,False
TurbOPark 0.04,-0.37499999105930326,0.9923077007134755,8.586659935758046,0.7763631241077087,9.04150309801654,False
TurbOPark 0.04,-0.3472222139437993,0.9923077007134755,8.615731821237953,0.775453434205186,9.000436066193213,False
TurbOPark 0.04,-0.3194444368282954,0.9923077007134755,8.617259782580684,0.7769472368032657,9.016175169441007,True
TurbOPark 0.04,-0.29166665971279143,0.9923077007134755,8.634154447716789,0.7810412821974725,9.045949860255403,True
TurbOPark 0.04,-0.2638888825972875,0.9923077007134755,8.639555360385119,0.7807631568447215,9.037075685917221,True
TurbOPark 0.04,-0.23611110548178355,0.9923077007134755,8.653085983891996,0.7849370310313913,9.071180299058364,True
TurbOPark 0.04,-0.2083333283662796,0.9923077007134755,8.673642773949089,0.7870905406204868,9.074509535768284,True
TurbOPark 0.04,-0.18055555125077566,0.9923077007134755,8.69329797611564,0.7834165404277554,9.011729985330648,True
TurbOPark 0.04,-0.15277777413527172,0.9923077007134755,8.707901803825497,0.7668736415477484,8.806640897246346,True
TurbOPark 0.04,-0.12499999701976776,0.9923077007134755,8.719112693000694,0.7713713166306784,8.846901557424532,True
TurbOPark 0.04,-0.09722221990426382,0.9923077007134755,8.70183732806487,0.7855348947493705,9.027230286365961,True
TurbOPark 0.04,-0.06944444278875987,0.9923077007134755,8.72057478982551,0.7791536045968366,8.934658819805003,True
TurbOPark 0.04,-0.04166666567325592,0.9923077007134755,8.722255417416312,0.7772069285867441,8.910618772236857,True
TurbOPark 0.04,-0.013888888557751973,0.9923077007134755,8.726357468026444,0.7710706778504702,8.83611152391693,True
TurbOPark 0.04,0.013888888557751973,0.9923077007134755,8.719161916542248,0.7697719459695173,8.828508443100288,True
TurbOPark 0.04,0.04166666567325592,0.9923077007134755,8.700025126857753,0.7742922141938046,8.8998848038208,True
TurbOPark 0.04,0.06944444278875987,0.9923077007134755,8.669076929671734,0.7798202408522418,8.995424163132565,True
TurbOPark 0.04,0.09722221990426382,0.9923077007134755,8.662308015518779,0.7834892786980083,9.04480973540036,True
TurbOPark 0.04,0.12499999701976776,0.9923077007134755,8.653266914266561,0.7800789819480468,9.014849416720727,True
TurbOPark 0.04,0.15277777413527172,0.9923077007134755,8.646350928963644,0.7803472600041045,9.025162943480451,True
TurbOPark 0.04,0.18055555125077566,0.9923077007134755,8.627891390379297,0.7745967625335108,8.977822361060786,True
TurbOPark 0.04,0.2083333283662796,0.9923077007134755,8.621231891478077,0.7741271011431378,8.979309579972528,True
TurbOPark 0.04,0.23611110548178355,0.9923077007134755,8.612053788032206,0.7716090203330144,8.95964005015024,True
TurbOPark 0.04,0.2638888825972875,0.9923077007134755,8.59594739894869,0.778129199697036,9.052279679982727,True
TurbOPark 0.04,0.29166665971279143,0.9923077007134755,8.587883008660148,0.7784981521121924,9.065076356153703,True
TurbOPark 0.04,0.3194444368282954,0.9923077007134755,8.559022615668065,0.7758026944401569,9.064150537702517,True
TurbOPark 0.04,0.3472222139437993,0.9923077007134755,8.542119713304118,0.77284098919138,9.047414636295734,False
TurbOPark 0.04,0.37499999105930326,0.9923077007134755,8.526012458312596,0.7679398088618411,9.007021894662184,False
TurbOPark 0.04,0.4027777681748072,0.9923077007134755,8.476660351583057,0.7620065418639208,8.989466491029246,False
TurbOPark 0.04,0.4305555452903112,0.9923077007134755,8.443485371962849,0.7622607625200855,9.027797514178477,False
TurbOPark 0.04,0.45833332240581515,0.9923077007134755,8.43465447543778,0.7603058062721406,9.014071749900328,False
TurbOPark 0.04,0.4861110995213191,0.9923077007134755,8.407674779198972,0.7500950731835574,8.921551949646433,False
TurbOPark 0.04,0.513888876636823,0.9923077007134755,8.366498698286719,0.7475990874837207,8.935626651526439,False
TurbOPark 0.04,0.5416666537523269,0.9923077007134755,8.324139786993452,0.7363465433431919,8.845917562481837,False
TurbOPark 0.04,-0.5416666537523269,1.0213675300280254,8.572436330488332,0.7741177746649065,9.030312326866925,False
TurbOPark 0.04,-0.513888876636823,1.0213675300280254,8.584542346547915,0.7721234999065846,8.994346684271143,False
TurbOPark 0.04,-0.4861110995213191,1.0213675300280254,8.605483899511551,0.7732033297778631,8.985006988645349,False
TurbOPark 0.04,-0.45833332240581515,1.0213675300280254,8.627214128177739,0.771988913059183,8.948298971017246,False
TurbOPark 0.04,-0.4305555452903112,1.0213675300280254,8.640610558141457,0.7765477208637449,8.987185750803883,False
TurbOPark 0.04,-0.4027777681748072,1.0213675300280254,8.64382954907278,0.7847376607871102,9.078587868166473,False
TurbOPark 0.04,-0.37499999105930326,1.0213675300280254,8.656217584719771,0.7825411032587983,9.0402198835686,False
TurbOPark 0.04,-0.3472222139437993,1.0213675300280254,8.673419991352654,0.7852729531122448,9.053786786471276,False
TurbOPark 0.04,-0.3194444368282954,1.0213675300280254,8.689858622689718,0.7838044008763834,9.019760100927595,False
TurbOPark 0.04,-0.29166665971279143,1.0213675300280254,8.707871885592606,0.7849432378908854,9.014179907602841,True
TurbOPark 0.04,-0.2638888825972875,1.0213675300280254,8.719251327097927,0.7817571661805354,8.965874899728709,True
TurbOPark 0.04,-0.23611110548178355,1.0213675300280254,8.726222663907054,0.7850157970863576,8.996055078141644,True
TurbOPark 0.04,-0.2083333283662796,1.0213675300280254,8.740570349358151,0.7907112807321869,9.046449477867899,True
TurbOPark 0.04,-0.18055555125077566,1.0213675300280254,8.749139464121,0.7903658516796768,9.033641021735415,True
TurbOPark 0.04,-0.15277777413527172,1.0213675300280254,8.77681610531714,0.7796022513657151,8.88251778333853,True
TurbOPark 0.04,-0.12499999701976776,1.0213675300280254,8.790072824349101,0.7706147024563951,8.766875062988555,True
TurbOPark 0.04,-0.09722221990426382,1.0213675300280254,8.788618853738196,0.7801372138536073,8.876675924133174,True
TurbOPark 0.04,-0.06944444278875987,1.0213675300280254,8.791178289177262,0.7809753253342028,8.883625148356442,True
TurbOPark 0.04,-0.04166666567325592,1.0213675300280254,8.783156494903288,0.7869218656853132,8.959442612026214,True
TurbOPark 0.04,-0.013888888557751973,1.0213675300280254,8.79069232604394,0.778929661927204,8.860845460595757,True
TurbOPark 0.04,0.013888888557751973,1.0213675300280254,8.767988639120029,0.7832953883182635,8.93358124146562,True
TurbOPark 0.04,0.04166666567325592,1.0213675300280254,8.75924757500323,0.7852586243122238,8.96490957229205,True
TurbOPark 0.04,0.06944444278875987,1.0213675300280254,8.741174242505608,0.7878819602638769,9.013456755416822,True
TurbOPark 0.04,0.09722221990426382,1.0213675300280254,8.719095508056547,0.7793437142108941,8.93835505633321,True
TurbOPark 0.04,0.12499999701976776,1.0213675300280254,8.718055619110205,0.7827812148319839,8.978850893266925,True
TurbOPark 0.04,0.15277777413527172,1.0213675300280254,8.71935229419557,0.7834829581906533,8.985563740923899,True
TurbOPark 0.04,0.18055555125077566,1.0213675300280254,8.698778052761103,0.7826106629736886,8.996788494049209,True
TurbOPark 0.04,0.2083333283662796,1.0213675300280254,8.695641345296185,0.7803131135319658,8.973611980375292,True
TurbOPark 0.04,0.23611110548178355,1.0213675300280254,8.684375826204842,0.7793924986321229,8.974651883216863,True
TurbOPark 0.04,0.2638888825972875,1.0213675300280254,8.674956711688226,0.7818024496932555,9.012176955763847,True
TurbOPark 0.04,0.29166665971279143,1.0213675300280254,8.641823828520373,0.7816926859243613,9.045459632543798,True
TurbOPark 0.04,0.3194444368282954,1.0213675300280254,8.62297067922544,0.7800900866288228,9.046651271912877,False
TurbOPark 0.04,0.3472222139437993,1.0213675300280254,8.612549853425936,0.7792494253640831,9.04783645524107,False
TurbOPark 0.04,0.37499999105930326,1.0213675300280254,8.601568318867207,0.7765847670673904,9.028408986347081,False
TurbOPark 0.04,0.4027777681748072,1.0213675300280254,8.552422031817589,0.7718941189276521,9.02544467585876,False
TurbOPark 0.04,0.4305555452903112,1.0213675300280254,8.527630163252569,0.767544241664915,9.000674595064307,False
TurbOPark 0.04,0.45833332240581515,1.0213675300280254,8.525535753734545,0.7635676400009831,8.956242306139039,False
TurbOPark 0.04,0.4861110995213191,1.0213675300280254,8.488922442015879,0.7626780523088627,8.984391806125963,False
TurbOPark 0.04,0.513888876636823,1.0213675300280254,8.4619637051922,0.7480364470984101,8.83998647547283,False
TurbOPark 0.04,0.5416666537523269,1.0213675300280254,8.417996003371258,0.7414867518154298,8.808352385989226,False
TurbOPark 0.04,-0.5416666537523269,1.050427359342575,8.64761233494845,0.780859110910255,9.02976545045263,False
TurbOPark 0.04,-0.513888876636823,1.050427359342575,8.664184948902527,0.7820197051953799,9.025888872495,False
TurbOPark 0.04,-0.4861110995213191,1.050427359342575,8.695249932659907,0.769996187334165,8.85536578358732,False
TurbOPark 0.04,-0.45833332240581515,1.050427359342575,8.71606289827981,0.7719899808025339,8.857095110624922,False
TurbOPark 0.04,-0.4305555452903112,1.050427359342575,8.713758328440122,0.7826826448284687,8.982147717752682,False
TurbOPark 0.04,-0.4027777681748072,1.050427359342575,8.710959635949145,0.784690225964651,9.008080151425833,False
TurbOPark 0.04,-0.37499999105930326,1.050427359342575,8.715277441978971,0.7820378706224145,8.973183881164406,False
TurbOPark 0.04,-0.3472222139437993,1.050427359342575,8.73531624140663,0.7858645412917002,8.996406307153386,False
TurbOPark 0.04,-0.3194444368282954,1.050427359342575,8.761337543967278,0.7863512746393417,8.97524231537904,False
TurbOPark 0.04,-0.29166665971279143,1.050427359342575,8.77143828352983,0.7926967836156698,9.037249741631543,False
TurbOPark 0.04,-0.2638888825972875,1.050427359342575,8.780441096104786,0.7892826634537629,8.989100374512022,False
TurbOPark 0.04,-0.23611110548178355,1.050427359342575,8.798107795967196,0.7938850231333128,9.023360949239645,True
TurbOPark 0.04,-0.2083333283662796,1.050427359342575,8.8167847107735,0.7960837412908223,9.029184304773406,True
TurbOPark 0.04,-0.18055555125077566,1.050427359342575,8.822173123282157,0.7972472751525993,9.036858198221296,True
TurbOPark 0.04,-0.15277777413527172,1.050427359342575,8.851641683454782,0.7823924567709633,8.838953097631453,True
TurbOPark 0.04,-0.12499999701976776,1.050427359342575,8.86046700708456,0.7780170205946944,8.78076764997393,True
TurbOPark 0.04,-0.09722221990426382,1.050427359342575,8.864257896971367,0.7725886837179468,8.715773984666168,True
TurbOPark 0.04,-0.06944444278875987,1.050427359342575,8.854041991639663,0.7878520643815476,8.898219198931615,True
TurbOPark 0.04,-0.04166666567325592,1.050427359342575,8.846781763485804,0.7913776422957621,8.945373170185945,True
TurbOPark 0.04,-0.013888888557751973,1.050427359342575,8.859235441622987,0.7790644087292634,8.7938108639603,True
TurbOPark 0.04,0.013888888557751973,1.050427359342575,8.839696804000113,0.7914108523613954,8.952918520952762,True
TurbOPark 0.04,0.04166666567325592,1.050427359342575,8.826230846061513,0.7920793771559703,8.97415205845671,True
TurbOPark 0.04,0.06944444278875987,1.050427359342575,8.818616283897596,0.7956217264983616,9.022069913067106,True
TurbOPark 0.04,0.09722221990426382,1.050427359342575,8.797943639785553,0.7925591954899714,9.008459566686767,True
TurbOPark 0.04,0.12499999701976776,1.050427359342575,8.794060597300957,0.79489243438425,9.038969263279988,True
TurbOPark 0.04,0.15277777413527172,1.050427359342575,8.781810229930688,0.7917415664567528,9.01569887901121,True
TurbOPark 0.04,0.18055555125077566,1.050427359342575,8.782558663112194,0.7909820717934063,9.006282817279962,True
TurbOPark 0.04,0.2083333283662796,1.050427359342575,8.772754397140474,0.7945549212750305,9.057074725972265,True
TurbOPark 0.04,0.23611110548178355,1.050427359342575,8.756025442379885,0.7934558906373542,9.061827148159738,True
TurbOPark 0.04,0.2638888825972875,1.050427359342575,8.737228532701979,0.7928590962810752,9.074491909116682,False
TurbOPark 0.04,0.29166665971279143,1.050427359342575,8.710348193859973,0.7847953513766882,9.009919395988092,False
TurbOPark 0.04,0.3194444368282954,1.050427359342575,8.698467824554134,0.7868073478296322,9.045355615486942,False
TurbOPark 0.04,0.3472222139437993,1.050427359342575,8.690210170252106,0.7876174620523654,9.063272885487835,False
TurbOPark 0.04,0.37499999105930326,1.050427359342575,8.672032251605286,0.7841481545922866,9.042265201990368,False
TurbOPark 0.04,0.4027777681748072,1.050427359342575,8.646406702322475,0.7815528568067421,9.039048054457265,False
TurbOPark 0.04,0.4305555452903112,1.050427359342575,8.631831682707015,0.7800135533981759,9.03647779602622,False
TurbOPark 0.04,0.45833332240581515,1.050427359342575,8.60428915734438,0.7751930187173951,9.009378979967357,False
TurbOPark 0.04,0.4861110995213191,1.050427359342575,8.577950066533528,0.7725662961363422,9.006420999703337,False
TurbOPark 0.04,0.513888876636823,1.050427359342575,8.56080766288717,0.7558165983949408,8.828800133795301,False
TurbOPark 0.04,0.5416666537523269,1.050427359342575,8.516296348439996,0.7534643673984506,8.847324430372474,False
TurbOPark 0.04,-0.5416666537523269,1.079487188657125,8.73637587971701,0.7843980154719027,8.978528697386027,False
TurbOPark 0.04,-0.513888876636823,1.079487188657125,8.755533995162365,0.7810971167039138,8.921181930599413,False
TurbOPark 0.04,-0.4861110995213191,1.079487188657125,8.765625365155888,0.7829129859250253,8.931627274845347,False
TurbOPark 0.04,-0.45833332240581515,1.079487188657125,8.775262144530439,0.7894334777704157,8.996124158666465,False
TurbOPark 0.04,-0.4305555452903112,1.079487188657125,8.7882766979476,0.7919288707579696,9.01119636962404,False
TurbOPark 0.04,-0.4027777681748072,1.079487188657125,8.785847703783661,0.794018339345141,9.03746987331904,False
TurbOPark 0.04,-0.37499999105930326,1.079487188657125,8.801948131423341,0.7942501652256612,9.023572433813296,False
TurbOPark 0.04,-0.3472222139437993,1.079487188657125,8.813997186275852,0.7968150042588545,9.040336494542608,False
TurbOPark 0.04,-0.3194444368282954,1.079487188657125,8.82669832538856,0.7940071107971952,8.995516573998719,False
TurbOPark 0.04,-0.29166665971279143,1.079487188657125,8.843619500632354,0.7988155579226329,9.032676698330524,False
TurbOPark 0.04,-0.2638888825972875,1.079487188657125,8.863424793525638,0.8006981154445818,9.033732830107143,False
TurbOPark 0.04,-0.23611110548178355,1.079487188657125,8.873310721286282,0.7984706820674498,8.998565554026973,False
TurbOPark 0.04,-0.2083333283662796,1.079487188657125,8.879661701593859,0.7973524846741624,8.979536737655684,True
TurbOPark 0.04,-0.18055555125077566,1.079487188657125,8.879554717545536,0.7908075828872295,8.905937381349034,True
TurbOPark 0.04,-0.15277777413527172,1.079487188657125,8.910404190113717,0.7962453055093237,8.936130039900714,True
TurbOPark 0.04,-0.12499999701976776,1.079487188657125,8.918943741887913,0.7943774274796281,8.906631216304529,True
TurbOPark 0.04,-0.09722221990426382,1.079487188657125,8.93786031339598,0.774445284408151,8.664772744852812,True
TurbOPark 0.04,-0.06944444278875987,1.079487188657125,8.920081644963362,0.7951946565077213,8.9146567056,True
TurbOPark 0.04,-0.04166666567325592,1.079487188657125,8.894584694125715,0.8005923754464366,9.000896646418747,True
TurbOPark 0.04,-0.013888888557751973,1.079487188657125,8.897178144208826,0.7973209951450445,8.961504223269046,True
TurbOPark 0.04,0.013888888557751973,1.079487188657125,8.899754564767006,0.7991235197232426,8.979163570272721,True
TurbOPark 0.04,0.04166666567325592,1.079487188657125,8.90093506385717,0.7987332470116552,8.973588070032818,True
TurbOPark 0.04,0.06944444278875987,1.079487188657125,8.888446549573557,0.8036368853078141,9.041364886717695,True
TurbOPark 0.04,0.09722221990426382,1.079487188657125,8.870819370642153,0.8031520454961774,9.053865397757926,True
TurbOPark 0.04,0.12499999701976776,1.079487188657125,8.853333911993046,0.8018406908246463,9.056934921865354,True
TurbOPark 0.04,0.15277777413527172,1.079487188657125,8.844321163678394,0.8010411608247359,9.05712429478962,True
TurbOPark 0.04,0.18055555125077566,1.079487188657125,8.848515144858617,0.7999087943634554,9.040034189558213,True
TurbOPark 0.04,0.2083333283662796,1.079487188657125,8.840631329700225,0.8010104892723146,9.060557548433318,True
TurbOPark 0.04,0.23611110548178355,1.079487188657125,8.8179844596653,0.7978065489163924,9.047493251611767,False
TurbOPark 0.04,0.2638888825972875,1.079487188657125,8.817094550431905,0.7977130971590846,9.047346522103572,False
TurbOPark 0.04,0.29166665971279143,1.079487188657125,8.800163450549855,0.7966621751883259,9.052811117258836,False
TurbOPark 0.04,0.3194444368282954,1.079487188657125,8.784994429121141,0.7952300517454749,9.052140649166358,False
TurbOPark 0.04,0.3472222139437993,1.079487188657125,8.758790664194796,0.7933651712378306,9.057930502678195,False
TurbOPark 0.04,0.37499999105930326,1.079487188657125,8.749834532944266,0.7938955305502301,9.073263357851054,False
TurbOPark 0.04,0.4027777681748072,1.079487188657125,8.74171866553281,0.7886694328994494,9.021903621870674,False
TurbOPark 0.04,0.4305555452903112,1.079487188657125,8.72943406149098,0.7782656023481571,8.915418764446569,False
TurbOPark 0.04,0.45833332240581515,1.079487188657125,8.70631572673173,0.7702024768821939,8.846479969907096,False
TurbOPark 0.04,0.4861110995213191,1.079487188657125,8.673736058888167,0.7741805528591525,8.925571951959881,False
TurbOPark 0.04,0.513888876636823,1.079487188657125,8.642008111513205,0.7652221879228148,8.854680278572724,False
TurbOPark 0.04,0.5416666537523269,1.079487188657125,8.61655000442216,0.7590691991226998,8.80943299502855,False
TurbOPark 0.04,-0.5416666537523269,1.1085470179716745,8.822095546802954,0.7868976321979237,8.919622645473254,False
TurbOPark 0.04,-0.513888876636823,1.1085470179716745,8.829042005408008,0.7886907512826845,8.932914248222987,False
TurbOPark 0.04,-0.4861110995213191,1.1085470179716745,8.839664732098479,0.7946673876372105,8.989791035305043,False
TurbOPark 0.04,-0.45833332240581515,1.1085470179716745,8.84778314172712,0.7971583026059812,9.009695308268743,False
TurbOPark 0.04,-0.4305555452903112,1.1085470179716745,8.85816108287598,0.8024501364874991,9.058879478255857,False
TurbOPark 0.04,-0.4027777681748072,1.1085470179716745,8.857999668736385,0.796613477644045,8.993153165896244,False
TurbOPark 0.04,-0.37499999105930326,1.1085470179716745,8.873221077601478,0.79442773983382,8.953093052523851,False
TurbOPark 0.04,-0.3472222139437993,1.1085470179716745,8.90254624118265,0.8059104177845492,9.05258333909523,False
TurbOPark 0.04,-0.3194444368282954,1.1085470179716745,8.892493326387147,0.8051243335967567,9.053977372214275,False
TurbOPark 0.04,-0.29166665971279143,1.1085470179716745,8.908333681877778,0.8020390228015634,9.003244057114197,False
TurbOPark 0.04,-0.2638888825972875,1.1085470179716745,8.923094716302272,0.8029564628851561,8.998632071204787,False
TurbOPark 0.04,-0.23611110548178355,1.1085470179716745,8.93225642300228,0.8026317146745973,8.98576660436736,False
TurbOPark 0.04,-0.2083333283662796,1.1085470179716745,8.94033167044558,0.8104122467528719,9.064677649844747,False
TurbOPark 0.04,-0.18055555125077566,1.1085470179716745,8.970022302726058,0.79596262249101,8.873585768556126,False
TurbOPark 0.04,-0.15277777413527172,1.1085470179716745,8.983859579793922,0.8004208057146645,8.909542703838934,False
TurbOPark 0.04,-0.12499999701976776,1.1085470179716745,8.992345889325092,0.7943223723158376,8.833316490403089,True
TurbOPark 0.04,-0.09722221990426382,1.1085470179716745,8.97855196316611,0.803515313378827,8.94927507993709,True
TurbOPark 0.04,-0.06944444278875987,1.1085470179716745,8.977903575667268,0.805585445571706,8.97297947992087,True
TurbOPark 0.04,-0.04166666567325592,1.1085470179716745,8.960585104052983,0.8115584258739404,9.056980280304046,True
TurbOPark 0.04,-0.013888888557751973,1.1085470179716745,8.958042154170844,0.8095375084685933,9.036991504797445,True
TurbOPark 0.04,0.013888888557751973,1.1085470179716745,8.943802085546976,0.8089379791780145,9.044676653626356,True
TurbOPark 0.04,0.04166666567325592,1.1085470179716745,8.948413978369766,0.8121337259790753,9.075728145145906,True
TurbOPark 0.04,0.06944444278875987,1.1085470179716745,8.938008794421904,0.8077251450273184,9.03696968312908,True
TurbOPark 0.04,0.09722221990426382,1.1085470179716745,8.930908392909478,0.8059139788650144,9.023874654283254,True
TurbOPark 0.04,0.12499999701976776,1.1085470179716745,8.931043929720344,0.8042446985209574,9.005046944676048,True
TurbOPark 0.04,0.15277777413527172,1.1085470179716745,8.904973348111268,0.7960608387052883,8.939508380158506,False
TurbOPark 0.04,0.18055555125077566,1.1085470179716745,8.904537929584297,0.8012466486075509,8.998183341389357,False
TurbOPark 0.04,0.2083333283662796,1.1085470179716745,8.907427675635994,0.8060066034094159,9.048702192823214,False
TurbOPark 0.04,0.23611110548178355,1.1085470179716745,8.892194910053922,0.8017784892269542,9.016654463122787,False
TurbOPark 0.04,0.2638888825972875,1.1085470179716745,8.88265033878421,0.7979438012348651,8.983172485702974,False
TurbOPark 0.04,0.29166665971279143,1.1085470179716745,8.885686834045684,0.7990024008612555,8.992016214209373,False
TurbOPark 0.04,0.3194444368282954,1.1085470179716745,8.859749857606317,0.8002614813340567,9.032551643058095,False
TurbOPark 0.04,0.3472222139437993,1.1085470179716745,8.827914903980291,0.7969623434887063,9.027752896999216,False
TurbOPark 0.04,0.37499999105930326,1.1085470179716745,8.828764270955203,0.7998279421933147,9.059341915205305,False
TurbOPark 0.04,0.4027777681748072,1.1085470179716745,8.827449467308082,0.7951226014712187,9.007387744511103,False
TurbOPark 0.04,0.4305555452903112,1.1085470179716745,8.80367209882156,0.791667759460564,8.99247212497311,False
TurbOPark 0.04,0.45833332240581515,1.1085470179716745,8.782495862576656,0.7898308828907603,8.993239453221165,False
TurbOPark 0.04,0.4861110995213191,1.1085470179716745,8.758493469013958,0.7771026651296513,8.87256087909304,False
TurbOPark 0.04,0.513888876636823,1.1085470179716745,8.726876102536124,0.7736390712085228,8.86501724235199,False
TurbOPark 0.04,0.5416666537523269,1.1085470179716745,8.701528443125499,0.7713924210661273,8.865022117758556,False
TurbOPark 0.04,-0.5416666537523269,1.1376068472862244,8.913247598983954,0.7835152515509456,8.790457606498677,False
TurbOPark 0.04,-0.513888876636823,1.1376068472862244,8.897417589984258,0.7942972073775029,8.92727804831411,False
TurbOPark 0.04,-0.4861110995213191,1.1376068472862244,8.917936302290355,0.8019058629701492,8.992056410676527,False
TurbOPark 0.04,-0.45833332240581515,1.1376068472862244,8.91547562477332,0.805538764324084,9.035286486407339,False
TurbOPark 0.04,-0.4305555452903112,1.1376068472862244,8.923771001581935,0.8054135665818614,9.02548447779626,False
TurbOPark 0.04,-0.4027777681748072,1.1376068472862244,8.938602674119876,0.8082156401747719,9.041856648520866,False
TurbOPark 0.04,-0.37499999105930326,1.1376068472862244,8.942090729322187,0.8059847556596283,9.013381546406231,False
TurbOPark 0.04,-0.3472222139437993,1.1376068472862244,8.96246218175477,0.8136720381137266,9.078666348742315,False
TurbOPark 0.04,-0.3194444368282954,1.1376068472862244,8.977023835302635,0.8119396565139686,9.044641870293043,False
TurbOPark 0.04,-0.29166665971279143,1.1376068472862244,8.984588851984755,0.8116810188183429,9.034147607533951,False
TurbOPark 0.04,-0.2638888825972875,1.1376068472862244,8.99234550077663,0.8144432912859231,9.057072942933333,False
TurbOPark 0.04,-0.23611110548178355,1.1376068472862244,9.003304455118133,0.8137242131757363,9.038061716475179,False
TurbOPark 0.04,-0.2083333283662796,1.1376068472862244,9.01585346084926,0.8156974168820362,9.04736773311753,False
TurbOPark 0.04,-0.18055555125077566,1.1376068472862244,9.042163044178427,0.8102235988707245,8.960506406621,False
TurbOPark 0.04,-0.15277777413527172,1.1376068472862244,9.061424058362409,0.8037627163140172,8.870158941212537,False
TurbOPark 0.04,-0.12499999701976776,1.1376068472862244,9.050667815313124,0.808023640924222,8.927779224833554,False
TurbOPark 0.04,-0.09722221990426382,1.1376068472862244,9.042645354956033,0.8064867072020575,8.9187032725998,False
TurbOPark 0.04,-0.06944444278875987,1.1376068472862244,9.021902172642964,0.8138676605502856,9.021020678080166,False
TurbOPark 0.04,-0.04166666567325592,1.1376068472862244,9.032571325326105,0.8179362865683728,9.055409108976427,False
TurbOPark 0.04,-0.013888888557751973,1.1376068472862244,9.022572962737016,0.8177553012597346,9.063437942115204,False
TurbOPark 0.04,0.013888888557751973,1.1376068472862244,9.012082053893318,0.8157484937986713,9.051720666993473,False
TurbOPark 0.04,0.04166666567325592,1.1376068472862244,9.007762027586466,0.813537074697666,9.031511625264868,False
TurbOPark 0.04,0.06944444278875987,1.1376068472862244,9.006223042568399,0.8135532856339548,9.033234928656011,False
TurbOPark 0.04,0.09722221990426382,1.1376068472862244,9.003730326453798,0.8157725019699847,9.06038355650401,False
TurbOPark 0.04,0.12499999701976776,1.1376068472862244,8.976245739220118,0.7991541232191424,8.902988470195059,False
TurbOPark 0.04,0.15277777413527172,1.1376068472862244,8.982180917148307,0.8087912458712923,9.004397187404571,False
TurbOPark 0.04,0.18055555125077566,1.1376068472862244,8.972952180284945,0.811135862000865,9.039788084272466,False
TurbOPark 0.04,0.2083333283662796,1.1376068472862244,8.965424197823578,0.8092460000930919,9.026299059999216,False
TurbOPark 0.04,0.23611110548178355,1.1376068472862244,8.966411721536277,0.8087240962788652,9.019484286410853,False
TurbOPark 0.04,0.2638888825972875,1.1376068472862244,8.957815508292363,0.809682124795941,9.038834569057691,False
TurbOPark 0.04,0.29166665971279143,1.1376068472862244,8.938940378254925,0.8072546613570499,9.03076457832515,False
TurbOPark 0.04,0.3194444368282954,1.1376068472862244,8.91715086819226,0.797570531232219,8.944230539792441,False
TurbOPark 0.04,0.3472222139437993,1.1376068472862244,8.908384182078631,0.8032791364713715,9.017113766684668,False
TurbOPark 0.04,0.37499999105930326,1.1376068472862244,8.902176709376432,0.8012337914766181,9.000425599647997,False
TurbOPark 0.04,0.4027777681748072,1.1376068472862244,8.893348066432493,0.8030959391778151,9.030299198668063,False
TurbOPark 0.04,0.4305555452903112,1.1376068472862244,8.886719906741453,0.7875097149919528,8.861646628409533,False
TurbOPark 0.04,0.45833332240581515,1.1376068472862244,8.862384016468537,0.7941428324861398,8.960826240551333,False
TurbOPark 0.04,0.4861110995213191,1.1376068472862244,8.844340502291283,0.7835560932935166,8.859406680357033,False
TurbOPark 0.04,0.513888876636823,1.1376068472862244,8.819036260397855,0.7828286337252034,8.87657801386438,False
TurbOPark 0.04,0.5416666537523269,1.1376068472862244,8.793619839007807,0.7850849497235389,8.927892768811358,False
TurbOPark 0.04,-0.5416666537523269,1.166666676600774,8.975345128251494,0.8061897538354101,8.982270233796187,False
TurbOPark 0.04,-0.513888876636823,1.166666676600774,8.98505850718333,0.8084981213714619,8.998251048950742,False
TurbOPark 0.04,-0.4861110995213191,1.166666676600774,8.989305131131797,0.8112741675481692,9.02488185364363,False
TurbOPark 0.04,-0.45833332240581515,1.166666676600774,8.988358893470307,0.811662569580357,9.030153103588223,False
TurbOPark 0.04,-0.4305555452903112,1.166666676600774,8.996900199263342,0.8065307216270582,8.964540050061867,False
TurbOPark 0.04,-0.4027777681748072,1.166666676600774,8.999736425537455,0.8064505630711176,8.960824239060504,False
TurbOPark 0.04,-0.37499999105930326,1.166666676600774,9.017927943381066,0.8169175375354554,9.058816422846364,False
TurbOPark 0.04,-0.3472222139437993,1.166666676600774,9.03467161857829,0.8200089098422234,9.076244765288562,False
TurbOPark 0.04,-0.3194444368282954,1.166666676600774,9.062832346773632,0.8146406724227861,8.988808810005166,False
TurbOPark 0.04,-0.29166665971279143,1.166666676600774,9.062162167255764,0.8134099436913603,8.975892603538345,False
TurbOPark 0.04,-0.2638888825972875,1.166666676600774,9.082718313432549,0.8166134358262539,8.990848418347994,False
TurbOPark 0.04,-0.23611110548178355,1.166666676600774,9.072745417420839,0.8164584636555725,8.999023185284878,False
TurbOPark 0.04,-0.2083333283662796,1.166666676600774,9.093885241122633,0.8214844661954624,9.033371814290135,False
TurbOPark 0.04,-0.18055555125077566,1.166666676600774,9.107049951874833,0.8180177737732938,8.982247578480578,False
TurbOPark 0.04,-0.15277777413527172,1.166666676600774,9.106295235309375,0.8216754386765072,9.023158347540573,False
TurbOPark 0.04,-0.12499999701976776,1.166666676600774,9.106882876028925,0.8155643392879977,8.955471925906949,False
TurbOPark 0.04,-0.09722221990426382,1.166666676600774,9.094639091780092,0.818261915106156,8.997189518446277,False
TurbOPark 0.04,-0.06944444278875987,1.166666676600774,9.084435098234598,0.8143586495668602,8.96432899526264,False
TurbOPark 0.04,-0.04166666567325592,1.166666676600774,9.087597150161667,0.8204804031790338,9.028573666081112,False
TurbOPark 0.04,-0.013888888557751973,1.166666676600774,9.090716728189369,0.8231980322506696,9.055369965472776,False
TurbOPark 0.04,0.013888888557751973,1.166666676600774,9.078676321315797,0.8220091479324871,9.054284114111374,False
TurbOPark 0.04,0.04166666567325592,1.166666676600774,9.070940376607084,0.8202139908751775,9.042215655946935,False
TurbOPark 0.04,0.06944444278875987,1.166666676600774,9.071436430899482,0.8212212503603679,9.052824837785248,False
TurbOPark 0.04,0.09722221990426382,1.166666676600774,9.066676678728404,0.8218334422944814,9.064329427590694,False
TurbOPark 0.04,0.12499999701976776,1.166666676600774,9.067767289903225,0.8155101486882361,8.993505486144205,False
TurbOPark 0.04,0.15277777413527172,1.166666676600774,9.052659759046582,0.8125010666632311,8.9752745412891,False
TurbOPark 0.04,0.18055555125077566,1.166666676600774,9.041368073990538,0.813401213505481,8.996439552609372,False
TurbOPark 0.04,0.2083333283662796,1.166666676600774,9.031757005423895,0.8152275958928478,9.026234822341591,False
TurbOPark 0.04,0.23611110548178355,1.166666676600774,9.028885565556374,0.8132924578799735,9.0076726742727,False
TurbOPark 0.04,0.2638888825972875,1.166666676600774,9.013363930832254,0.8092874873446897,8.978750814402806,False
TurbOPark 0.04,0.29166665971279143,1.166666676600774,9.01271780801589,0.8125076802104655,9.015123933957225,False
TurbOPark 0.04,0.3194444368282954,1.166666676600774,8.99755880003651,0.803880196900964,8.934425601060836,False
TurbOPark 0.04,0.3472222139437993,1.166666676600774,8.981438845060447,0.7932557599049366,8.832167914177873,False
TurbOPark 0.04,0.37499999105930326,1.166666676600774,8.966408535438688,0.7917708448520093,8.830412329782064,False
TurbOPark 0.04,0.4027777681748072,1.166666676600774,8.964647123068412,0.8033782352660456,8.961626980260501,False
TurbOPark 0.04,0.4305555452903112,1.166666676600774,8.950721456772351,0.8008307141408615,8.947107984629907,False
TurbOPark 0.04,0.45833332240581515,1.166666676600774,8.942497295349101,0.8051711312383137,9.0038733548969,False
TurbOPark 0.04,0.4861110995213191,1.166666676600774,8.933402974056722,0.7928280580028227,8.874871762812617,False
TurbOPark 0.04,0.513888876636823,1.166666676600774,8.912475852893703,0.7925364895498995,8.892439122767202,False
TurbOPark 0.04,0.5416666537523269,1.166666676600774,8.879593849928089,0.7917696993980466,8.916733273836154,False
TurbOPark 0.06,-0.5416666537523269,0.03333333333333333,6.278983343954244,0.5404054476334522,8.60657558765122,False
TurbOPark 0.06,-0.513888876636823,0.03333333333333333,6.276067929012242,0.5514906517891449,8.787200170982553,False
TurbOPark 0.06,-0.4861110995213191,0.03333333333333333,6.267264877293005,0.5610197754578814,8.951588714409027,False
TurbOPark 0.06,-0.45833332240581515,0.03333333333333333,6.266350446298143,0.5661749193247638,9.035162080014732,False
TurbOPark 0.06,-0.4305555452903112,0.03333333333333333,6.27105381370391,0.5641383255475997,8.995909496340285,False
TurbOPark 0.06,-0.4027777681748072,0.03333333333333333,6.276866774541277,0.5635383017650918,8.978019161578842,False
TurbOPark 0.06,-0.37499999105930326,0.03333333333333333,6.292386571025252,0.5538347476849435,8.801664383355016,False
TurbOPark 0.06,-0.3472222139437993,0.03333333333333333,6.300509449767504,0.5504873644149763,8.737188140163648,False
TurbOPark 0.06,-0.3194444368282954,0.03333333333333333,6.3115400595363464,0.5448538563295832,8.632660985908545,False
TurbOPark 0.06,-0.29166665971279143,0.03333333333333333,6.316754948116977,0.537436263830001,8.508106903691278,False
TurbOPark 0.06,-0.2638888825972875,0.03333333333333333,6.327045164193894,0.5357344304805297,8.467371681055253,False
TurbOPark 0.06,-0.23611110548178355,0.03333333333333333,6.321021673089068,0.5489838311772967,8.685049024820216,False
TurbOPark 0.06,-0.2083333283662796,0.03333333333333333,6.328564314820907,0.5554580262535075,8.776998994111139,False
TurbOPark 0.06,-0.18055555125077566,0.03333333333333333,6.324324370885257,0.5658306798848424,8.946895299831677,False
TurbOPark 0.06,-0.15277777413527172,0.03333333333333333,6.322950910448157,0.5666828110789353,8.96231552490054,False
TurbOPark 0.06,-0.12499999701976776,0.03333333333333333,6.329760121332208,0.5629277772646399,8.8933508770339,False
TurbOPark 0.06,-0.09722221990426382,0.03333333333333333,6.322926743295021,0.5710733637663468,9.031788394068084,False
TurbOPark 0.06,-0.06944444278875987,0.03333333333333333,6.325235140190209,0.5714099042622796,9.033812840119907,False
TurbOPark 0.06,-0.04166666567325592,0.03333333333333333,6.336045214828181,0.5709003871501428,9.010358477462733,False
TurbOPark 0.06,-0.013888888557751973,0.03333333333333333,6.333345535386701,0.570445138301936,9.007011146236248,False
TurbOPark 0.06,0.013888888557751973,0.03333333333333333,6.332263297595062,0.5705572704885853,9.010321328635813,False
TurbOPark 0.06,0.04166666567325592,0.03333333333333333,6.338942366387797,0.5659499941488889,8.928145445048298,False
TurbOPark 0.06,0.06944444278875987,0.03333333333333333,6.334116698540291,0.5669948680139805,8.951443350335579,False
TurbOPark 0.06,0.09722221990426382,0.03333333333333333,6.3313395039409475,0.5636197550527241,8.902061794378561,False
TurbOPark 0.06,0.12499999701976776,0.03333333333333333,6.330454952335429,0.5624635867329112,8.885042085725726,False
TurbOPark 0.06,0.15277777413527172,0.03333333333333333,6.320727937960948,0.5597050640962333,8.855072858535229,False
TurbOPark 0.06,0.18055555125077566,0.03333333333333333,6.316239258249037,0.5657888323582042,8.957685249482616,False
TurbOPark 0.06,0.2083333283662796,0.03333333333333333,6.313785621833356,0.5656415536178152,8.958833693399427,False
TurbOPark 0.06,0.23611110548178355,0.03333333333333333,6.3052657257751985,0.5629734772746106,8.928624133527633,False
TurbOPark 0.06,0.2638888825972875,0.03333333333333333,6.300015527237452,0.5653194522581,8.973302523049364,False
TurbOPark 0.06,0.29166665971279143,0.03333333333333333,6.296092449043131,0.5667881300438056,9.002220577779873,False
TurbOPark 0.06,0.3194444368282954,0.03333333333333333,6.2873356810838885,0.5660975791020838,9.003775332137076,False
TurbOPark 0.06,0.3472222139437993,0.03333333333333333,6.270759087102901,0.5628451531479289,8.975710042912272,False
TurbOPark 0.06,0.37499999105930326,0.03333333333333333,6.25489029214058,0.5630304629829349,9.001444256990347,False
TurbOPark 0.06,0.4027777681748072,0.03333333333333333,6.248766808735401,0.5638520907716633,9.023413867571948,False
TurbOPark 0.06,0.4305555452903112,0.03333333333333333,6.240724419569908,0.5605562595943742,8.982230617916086,False
TurbOPark 0.06,0.45833332240581515,0.03333333333333333,6.230331428308365,0.5591872771456546,8.975241262525948,False
TurbOPark 0.06,0.4861110995213191,0.03333333333333333,6.219400878440274,0.5525856450693584,8.884869392884962,False
TurbOPark 0.06,0.513888876636823,0.03333333333333333,6.2056856866589225,0.5454849644621063,8.790083674956309,False
TurbOPark 0.06,0.5416666537523269,0.03333333333333333,6.193437514307595,0.537385765669014,8.676696332651899,False
TurbOPark 0.06,-0.5416666537523269,0.062393162647883096,6.6786832814963795,0.581024024347343,8.699679260986947,False
TurbOPark 0.06,-0.513888876636823,0.062393162647883096,6.672289080909029,0.5941111096960826,8.904157216388791,False
TurbOPark 0.06,-0.4861110995213191,0.062393162647883096,6.6671153835227175,0.598693359845431,8.979795989807787,False
TurbOPark 0.06,-0.45833332240581515,0.062393162647883096,6.668382609886621,0.6011259525043435,9.014569014278024,False
TurbOPark 0.06,-0.4305555452903112,0.062393162647883096,6.681459484622885,0.6000673609001494,8.981082086648595,False
TurbOPark 0.06,-0.4027777681748072,0.062393162647883096,6.690769471954584,0.5925779826791879,8.856649226416662,False
TurbOPark 0.06,-0.37499999105930326,0.062393162647883096,6.689709260635932,0.6009246126981864,8.982821065695488,False
TurbOPark 0.06,-0.3472222139437993,0.062393162647883096,6.7041209058308,0.5906344425981372,8.81002074536637,False
TurbOPark 0.06,-0.3194444368282954,0.062393162647883096,6.7174012015227875,0.577026675432953,8.590028466695502,False
TurbOPark 0.06,-0.29166665971279143,0.062393162647883096,6.726339645633375,0.5734267664381758,8.525093834808576,False
TurbOPark 0.06,-0.2638888825972875,0.062393162647883096,6.728819792683662,0.5767126932333354,8.570785234290314,False
TurbOPark 0.06,-0.23611110548178355,0.062393162647883096,6.729397224276232,0.5897650798901106,8.764010508438098,False
TurbOPark 0.06,-0.2083333283662796,0.062393162647883096,6.731469098539256,0.5951370405505774,8.841116728586387,False
TurbOPark 0.06,-0.18055555125077566,0.062393162647883096,6.730797161547801,0.6005030189222821,8.921722115663808,False
TurbOPark 0.06,-0.15277777413527172,0.062393162647883096,6.738067001750894,0.5984090681403995,8.881019853095886,False
TurbOPark 0.06,-0.12499999701976776,0.062393162647883096,6.738639002775708,0.5987156511404653,8.884815626625032,False
TurbOPark 0.06,-0.09722221990426382,0.062393162647883096,6.74401402550449,0.5969325399168172,8.851294461419263,False
TurbOPark 0.06,-0.06944444278875987,0.062393162647883096,6.740512052912127,0.6039523742002141,8.960037004003079,False
TurbOPark 0.06,-0.04166666567325592,0.062393162647883096,6.737781063205565,0.609585343521601,9.047271465237916,False
TurbOPark 0.06,-0.013888888557751973,0.062393162647883096,6.73518195066798,0.6080799315851904,9.028411348633016,False
TurbOPark 0.06,0.013888888557751973,0.062393162647883096,6.740946689866505,0.6096086028579866,9.043367807290268,False
TurbOPark 0.06,0.04166666567325592,0.062393162647883096,6.7377736834920965,0.6078676136427313,9.021787346939824,False
TurbOPark 0.06,0.06944444278875987,0.062393162647883096,6.751697535262392,0.60215537694172,8.91857749546416,False
TurbOPark 0.06,0.09722221990426382,0.062393162647883096,6.746919108847618,0.6000768018625308,8.894086207075109,False
TurbOPark 0.06,0.12499999701976776,0.062393162647883096,6.74073834534615,0.6044169757836662,8.966628651310277,False
TurbOPark 0.06,0.15277777413527172,0.062393162647883096,6.733424700065444,0.6020491215529047,8.94120226141466,False
TurbOPark 0.06,0.18055555125077566,0.062393162647883096,6.730978995433431,0.5988208492374476,8.896489643537915,False
TurbOPark 0.06,0.2083333283662796,0.062393162647883096,6.727862626951315,0.605476479614967,8.999536898828365,False
TurbOPark 0.06,0.23611110548178355,0.062393162647883096,6.721982088219043,0.6028433441296935,8.968237883082695,False
TurbOPark 0.06,0.2638888825972875,0.062393162647883096,6.711762604723689,0.6047916979859616,9.010922072248407,False
TurbOPark 0.06,0.29166665971279143,0.062393162647883096,6.694976517015084,0.6074916296631523,9.073842576134963,False
TurbOPark 0.06,0.3194444368282954,0.062393162647883096,6.693068900526347,0.6016854195009466,8.989679150824664,False
TurbOPark 0.06,0.3472222139437993,0.062393162647883096,6.68496513017186,0.5969167192525391,8.929242077246158,False
TurbOPark 0.06,0.37499999105930326,0.062393162647883096,6.6757665821463394,0.5961437648328487,8.929967180505901,False
TurbOPark 0.06,0.4027777681748072,0.062393162647883096,6.660990852310879,0.5977184084217287,8.973415842694994,False
TurbOPark 0.06,0.4305555452903112,0.062393162647883096,6.645350681997433,0.5961736918577106,8.97129016039399,False
TurbOPark 0.06,0.45833332240581515,0.062393162647883096,6.629661985843138,0.5915435024730602,8.92267967411056,False
TurbOPark 0.06,0.4861110995213191,0.062393162647883096,6.617720189899965,0.5863960367426225,8.860997744171572,False
TurbOPark 0.06,0.513888876636823,0.062393162647883096,6.5985641551061045,0.5841903371264944,8.853294798603056,False
TurbOPark 0.06,0.5416666537523269,0.062393162647883096,6.58136420630814,0.5797580480477841,8.809086230056902,False
TurbOPark 0.06,-0.5416666537523269,0.09145299196243287,6.936658447713283,0.6031714582730656,8.695418158752002,False
TurbOPark 0.06,-0.513888876636823,0.09145299196243287,6.932656434752049,0.6126451121644653,8.837090340917449,False
TurbOPark 0.06,-0.4861110995213191,0.09145299196243287,6.935828810189096,0.6118251727190109,8.821226553634192,False
TurbOPark 0.06,-0.45833332240581515,0.09145299196243287,6.933763786102794,0.6205486368660127,8.94966508824206,False
TurbOPark 0.06,-0.4305555452903112,0.09145299196243287,6.9376919793962495,0.6234123586030299,8.985875424484933,False
TurbOPark 0.06,-0.4027777681748072,0.09145299196243287,6.944490306611313,0.6222117433539505,8.959789932482023,False
TurbOPark 0.06,-0.37499999105930326,0.09145299196243287,6.951624833290216,0.6167782722181512,8.872433236967838,False
TurbOPark 0.06,-0.3472222139437993,0.09145299196243287,6.957033994235319,0.6089586962113747,8.753136706187796,False
TurbOPark 0.06,-0.3194444368282954,0.09145299196243287,6.970671310323155,0.6100762609010412,8.752044584250502,False
TurbOPark 0.06,-0.29166665971279143,0.09145299196243287,6.9837202322822804,0.5972731661633777,8.55236387337625,False
TurbOPark 0.06,-0.2638888825972875,0.09145299196243287,6.984363101089511,0.6107558693889793,8.744617949397645,False
TurbOPark 0.06,-0.23611110548178355,0.09145299196243287,6.983569348126132,0.6218736686926581,8.904811246121907,False
TurbOPark 0.06,-0.2083333283662796,0.09145299196243287,6.985498934754109,0.6224781094748201,8.911004286005683,False
TurbOPark 0.06,-0.18055555125077566,0.09145299196243287,6.991537602155132,0.6233972227555061,8.916453836468602,False
TurbOPark 0.06,-0.15277777413527172,0.09145299196243287,6.994607799544671,0.6260993849170466,8.951172143744843,False
TurbOPark 0.06,-0.12499999701976776,0.09145299196243287,7.001798716247614,0.6193921073713227,8.846185565632279,False
TurbOPark 0.06,-0.09722221990426382,0.09145299196243287,6.9965431547425405,0.625909604318831,8.945983616131405,False
TurbOPark 0.06,-0.06944444278875987,0.09145299196243287,6.998101322083491,0.6304131944792905,9.00834619941745,False
TurbOPark 0.06,-0.04166666567325592,0.09145299196243287,6.997576348423359,0.6346478771219215,9.069538444763316,False
TurbOPark 0.06,-0.013888888557751973,0.09145299196243287,7.002159387066563,0.6321013940197474,9.027235158161055,False
TurbOPark 0.06,0.013888888557751973,0.09145299196243287,6.996831695904372,0.6333285977324598,9.051648306806946,False
TurbOPark 0.06,0.04166666567325592,0.09145299196243287,6.997862512303429,0.6337238498379105,9.05596314194108,False
TurbOPark 0.06,0.06944444278875987,0.09145299196243287,7.013294721165712,0.6213595636790714,8.85973837380375,False
TurbOPark 0.06,0.09722221990426382,0.09145299196243287,7.005733342848386,0.6262112677203905,8.938554139512622,False
TurbOPark 0.06,0.12499999701976776,0.09145299196243287,7.000725029910216,0.6301376225527452,9.001033748083472,False
TurbOPark 0.06,0.15277777413527172,0.09145299196243287,6.99261833020388,0.6287340527841899,8.991396685679803,False
TurbOPark 0.06,0.18055555125077566,0.09145299196243287,6.992324482408369,0.6315304523994932,9.031766960877292,False
TurbOPark 0.06,0.2083333283662796,0.09145299196243287,6.987336449598644,0.6240162427862364,8.930674045645535,False
TurbOPark 0.06,0.23611110548178355,0.09145299196243287,6.9893012447831,0.614866126769711,8.797247467744427,False
TurbOPark 0.06,0.2638888825972875,0.09145299196243287,6.971877730101721,0.6235091039567178,8.943201933457038,False
TurbOPark 0.06,0.29166665971279143,0.09145299196243287,6.951453432404026,0.6270442632825066,9.020333220669443,False
TurbOPark 0.06,0.3194444368282954,0.09145299196243287,6.941614392853014,0.6250594462713214,9.00452561748278,False
TurbOPark 0.06,0.3472222139437993,0.09145299196243287,6.945082373696601,0.6148505004111161,8.853033950176963,False
TurbOPark 0.06,0.37499999105930326,0.09145299196243287,6.930721856959141,0.618673198784361,8.926533361934744,False
TurbOPark 0.06,0.4027777681748072,0.09145299196243287,6.909482230494599,0.6190471029186231,8.959384831854615,False
TurbOPark 0.06,0.4305555452903112,0.09145299196243287,6.905495540297201,0.6094806103668905,8.826022793154385,False
TurbOPark 0.06,0.45833332240581515,0.09145299196243287,6.880895688071917,0.6098146527190003,8.862431293299771,False
TurbOPark 0.06,0.4861110995213191,0.09145299196243287,6.857246399270416,0.6148566662734076,8.966524322923936,False
TurbOPark 0.06,0.513888876636823,0.09145299196243287,6.833315396950404,0.6120738149331356,8.957201290698423,False
TurbOPark 0.06,0.5416666537523269,0.09145299196243287,6.811891007248373,0.6108996113247422,8.968135436616622,False
TurbOPark 0.06,-0.5416666537523269,0.12051282127698262,7.122935044768477,0.6234993621161725,8.753405137031384,False
TurbOPark 0.06,-0.513888876636823,0.12051282127698262,7.131247553979055,0.6199341631416235,8.693207723460898,False
TurbOPark 0.06,-0.4861110995213191,0.12051282127698262,7.1233088413372725,0.6346740698128571,8.909821038921969,False
TurbOPark 0.06,-0.45833332240581515,0.12051282127698262,7.1202096095637515,0.6415249325841436,9.009916389574508,False
TurbOPark 0.06,-0.4305555452903112,0.12051282127698262,7.1238907120246076,0.6412435015082999,9.001310202947495,False
TurbOPark 0.06,-0.4027777681748072,0.12051282127698262,7.138950149591255,0.6337468202211444,8.877311186399444,False
TurbOPark 0.06,-0.37499999105930326,0.12051282127698262,7.139512134485953,0.6373438138815767,8.926993916055102,False
TurbOPark 0.06,-0.3472222139437993,0.12051282127698262,7.148580371419014,0.6236172436173989,8.723651567389583,False
TurbOPark 0.06,-0.3194444368282954,0.12051282127698262,7.157662725574892,0.6286723637745643,8.783207422281416,False
TurbOPark 0.06,-0.29166665971279143,0.12051282127698262,7.164936813338231,0.6238780328215017,8.707376618591969,False
TurbOPark 0.06,-0.2638888825972875,0.12051282127698262,7.178902791442199,0.6225413619346626,8.671817686078429,False
TurbOPark 0.06,-0.23611110548178355,0.12051282127698262,7.18096444677379,0.6320000513450732,8.801046934983969,False
TurbOPark 0.06,-0.2083333283662796,0.12051282127698262,7.184873711947233,0.6304209259794784,8.774279844768804,False
TurbOPark 0.06,-0.18055555125077566,0.12051282127698262,7.190049268345269,0.6320900382015511,8.791178121468164,False
TurbOPark 0.06,-0.15277777413527172,0.12051282127698262,7.184397354261849,0.6443823701282991,8.969191685173785,False
TurbOPark 0.06,-0.12499999701976776,0.12051282127698262,7.179978314257855,0.6472754195215046,9.015005215770056,False
TurbOPark 0.06,-0.09722221990426382,0.12051282127698262,7.188672822222635,0.6435384400980724,8.952117532859138,False
TurbOPark 0.06,-0.06944444278875987,0.12051282127698262,7.195374830093967,0.64580264684285,8.975246767435134,False
TurbOPark 0.06,-0.04166666567325592,0.12051282127698262,7.193237135547154,0.6494991101264552,9.029302077597238,False
TurbOPark 0.06,-0.013888888557751973,0.12051282127698262,7.207043621707013,0.6436551818921067,8.9309183581666,False
TurbOPark 0.06,0.013888888557751973,0.12051282127698262,7.1987703094781805,0.6465613586680979,8.9815528329444,False
TurbOPark 0.06,0.04166666567325592,0.12051282127698262,7.1905373209047925,0.64853230575686,9.019246779672574,False
TurbOPark 0.06,0.06944444278875987,0.12051282127698262,7.194400854388451,0.6461614676574792,8.98144933449646,False
TurbOPark 0.06,0.09722221990426382,0.12051282127698262,7.193637792019486,0.641670474364964,8.919971965739276,False
TurbOPark 0.06,0.12499999701976776,0.12051282127698262,7.195062009111565,0.6456620595015196,8.973683043785815,False
TurbOPark 0.06,0.15277777413527172,0.12051282127698262,7.203045980240238,0.6415563574849869,8.906736944966573,False
TurbOPark 0.06,0.18055555125077566,0.12051282127698262,7.191741915471771,0.6454338084637864,8.974651983481898,False
TurbOPark 0.06,0.2083333283662796,0.12051282127698262,7.190711797610454,0.6394267764173095,8.892398894776973,False
TurbOPark 0.06,0.23611110548178355,0.12051282127698262,7.182503550793919,0.6394779408365245,8.903273577439998,False
TurbOPark 0.06,0.2638888825972875,0.12051282127698262,7.161029869112851,0.6426558402538021,8.97434938828733,False
TurbOPark 0.06,0.29166665971279143,0.12051282127698262,7.15642302385213,0.6433925897294277,8.990421437986836,False
TurbOPark 0.06,0.3194444368282954,0.12051282127698262,7.147118354420732,0.6402069884265817,8.957554033376155,False
TurbOPark 0.06,0.3472222139437993,0.12051282127698262,7.137968422369934,0.6292199196587467,8.815112121914296,False
TurbOPark 0.06,0.37499999105930326,0.12051282127698262,7.125262628918591,0.6277100898754091,8.809641448552155,False
TurbOPark 0.06,0.4027777681748072,0.12051282127698262,7.101838032674344,0.6298232130366099,8.868453633255234,False
TurbOPark 0.06,0.4305555452903112,0.12051282127698262,7.074915080460652,0.6374293509816915,9.009710275422671,False
TurbOPark 0.06,0.45833332240581515,0.12051282127698262,7.066306244772198,0.6288740234555857,8.899614617196077,False
TurbOPark 0.06,0.4861110995213191,0.12051282127698262,7.046145611278724,0.6250721378222132,8.871121494021693,False
TurbOPark 0.06,0.513888876636823,0.12051282127698262,7.005915435869036,0.6280451531162391,8.96449805689575,False
TurbOPark 0.06,0.5416666537523269,0.12051282127698262,6.991023658631551,0.6228158217175117,8.908792934043996,False
TurbOPark 0.06,-0.5416666537523269,0.14957265059153238,7.276267192717742,0.6348179947694531,8.724500873260864,False
TurbOPark 0.06,-0.513888876636823,0.14957265059153238,7.275930362316473,0.64028076955475,8.79998484964747,False
TurbOPark 0.06,-0.4861110995213191,0.14957265059153238,7.286095168331985,0.6334279383805951,8.69365447124137,False
TurbOPark 0.06,-0.45833332240581515,0.14957265059153238,7.283801711131445,0.6439685757140815,8.841105253180338,False
TurbOPark 0.06,-0.4305555452903112,0.14957265059153238,7.28976824887539,0.6432743469601743,8.824345644450545,False
TurbOPark 0.06,-0.4027777681748072,0.14957265059153238,7.301404637349832,0.6356842379220922,8.706328021738354,False
TurbOPark 0.06,-0.37499999105930326,0.14957265059153238,7.3033890366585155,0.6416670059160475,8.785880126271165,False
TurbOPark 0.06,-0.3472222139437993,0.14957265059153238,7.303251627521029,0.6426807623249218,8.799926321901488,False
TurbOPark 0.06,-0.3194444368282954,0.14957265059153238,7.301385957098079,0.6450501963533356,8.834626742697347,False
TurbOPark 0.06,-0.29166665971279143,0.14957265059153238,7.315632578380484,0.6439118728125319,8.801861847401302,False
TurbOPark 0.06,-0.2638888825972875,0.14957265059153238,7.326978904683348,0.6403173183810369,8.739172402581247,False
TurbOPark 0.06,-0.23611110548178355,0.14957265059153238,7.329130412251042,0.6437023993022738,8.782793634375642,False
TurbOPark 0.06,-0.2083333283662796,0.14957265059153238,7.336787343773826,0.6484259259180084,8.838009002240991,False
TurbOPark 0.06,-0.18055555125077566,0.14957265059153238,7.327860290335507,0.654741529058672,8.934961955022407,False
TurbOPark 0.06,-0.15277777413527172,0.14957265059153238,7.331128872448819,0.6592814701556804,8.992905207727722,True
TurbOPark 0.06,-0.12499999701976776,0.14957265059153238,7.341032650676839,0.6574692636695477,8.956086901601363,True
TurbOPark 0.06,-0.09722221990426382,0.14957265059153238,7.34926480551153,0.6573688829645892,8.944689031637559,True
TurbOPark 0.06,-0.06944444278875987,0.14957265059153238,7.355615877025639,0.6550188814755878,8.90501750535205,True
TurbOPark 0.06,-0.04166666567325592,0.14957265059153238,7.350435904066307,0.6637747106656732,9.030412880662885,True
TurbOPark 0.06,-0.013888888557751973,0.14957265059153238,7.353504298777677,0.6602186540355457,8.97828609613092,True
TurbOPark 0.06,0.013888888557751973,0.14957265059153238,7.348762658262683,0.6607357437276424,8.991115572153294,True
TurbOPark 0.06,0.04166666567325592,0.14957265059153238,7.337889534958529,0.6663822981182287,9.08138906893472,True
TurbOPark 0.06,0.06944444278875987,0.14957265059153238,7.348997840153108,0.6478138755775856,8.814996135093288,True
TurbOPark 0.06,0.09722221990426382,0.14957265059153238,7.350432388843963,0.6604424115121215,8.985082462828997,True
TurbOPark 0.06,0.12499999701976776,0.14957265059153238,7.348102844281424,0.6586561692138602,8.963622082759112,True
TurbOPark 0.06,0.15277777413527172,0.14957265059153238,7.355283395585353,0.6501029673117514,8.838584896700837,True
TurbOPark 0.06,0.18055555125077566,0.14957265059153238,7.346550051174522,0.6550426381456381,8.916329890666352,False
TurbOPark 0.06,0.2083333283662796,0.14957265059153238,7.342114189930676,0.6534387076283167,8.899871218626286,False
TurbOPark 0.06,0.23611110548178355,0.14957265059153238,7.325804775376127,0.6585090373746414,8.988896886633615,False
TurbOPark 0.06,0.2638888825972875,0.14957265059153238,7.311057786989508,0.6594843900551886,9.020368998160333,False
TurbOPark 0.06,0.29166665971279143,0.14957265059153238,7.3013339611019,0.6560766184473994,8.98570893952625,False
TurbOPark 0.06,0.3194444368282954,0.14957265059153238,7.291547176681939,0.6532365362668234,8.958819307318567,False
TurbOPark 0.06,0.3472222139437993,0.14957265059153238,7.285964282635908,0.6436547650655587,8.834174037876261,False
TurbOPark 0.06,0.37499999105930326,0.14957265059153238,7.27295198884229,0.6363345159154291,8.749329252986323,False
TurbOPark 0.06,0.4027777681748072,0.14957265059153238,7.243205513202218,0.644819933290695,8.902411123298645,False
TurbOPark 0.06,0.4305555452903112,0.14957265059153238,7.2173599878829915,0.6443429278041685,8.927681713063176,False
TurbOPark 0.06,0.45833332240581515,0.14957265059153238,7.1955369133877305,0.6441289297775783,8.951784106327597,False
TurbOPark 0.06,0.4861110995213191,0.14957265059153238,7.170968551695415,0.6446979751592767,8.990389101718376,False
TurbOPark 0.06,0.513888876636823,0.14957265059153238,7.151905253422498,0.6376432044962527,8.91571101548238,False
TurbOPark 0.06,0.5416666537523269,0.14957265059153238,7.125405648891623,0.6380642041269107,8.954777251540245,False
TurbOPark 0.06,-0.5416666537523269,0.17863247990608216,7.392367458324451,0.6519148937260322,8.818756608100143,False
TurbOPark 0.06,-0.513888876636823,0.17863247990608216,7.393094196729833,0.657957020897921,8.899616363456499,False
TurbOPark 0.06,-0.4861110995213191,0.17863247990608216,7.40438724262847,0.6525188927219624,8.812598144047445,False
TurbOPark 0.06,-0.45833332240581515,0.17863247990608216,7.412473718540001,0.6475433747920772,8.73586065030421,False
TurbOPark 0.06,-0.4305555452903112,0.17863247990608216,7.417908792982712,0.6500487476583493,8.763234569199485,False
TurbOPark 0.06,-0.4027777681748072,0.17863247990608216,7.428005052163792,0.6483040257060488,8.727835012944649,False
TurbOPark 0.06,-0.37499999105930326,0.17863247990608216,7.417405890862417,0.6615282095310466,8.918592554655671,False
TurbOPark 0.06,-0.3472222139437993,0.17863247990608216,7.416899563653765,0.6652910330230327,8.96993450313479,False
TurbOPark 0.06,-0.3194444368282954,0.17863247990608216,7.428877345558275,0.6584891982162971,8.86391264233226,False
TurbOPark 0.06,-0.29166665971279143,0.17863247990608216,7.441513240166667,0.6496134338490709,8.729587825533743,False
TurbOPark 0.06,-0.2638888825972875,0.17863247990608216,7.446839004716618,0.653220857112705,8.771787018612505,False
TurbOPark 0.06,-0.23611110548178355,0.17863247990608216,7.4515553514046005,0.6590229082910987,8.844098677558296,False
TurbOPark 0.06,-0.2083333283662796,0.17863247990608216,7.471606145468694,0.6504567924542075,8.705715742908774,True
TurbOPark 0.06,-0.18055555125077566,0.17863247990608216,7.459502559166963,0.6693517223250942,8.973141533446217,True
TurbOPark 0.06,-0.15277777413527172,0.17863247990608216,7.469696343232711,0.66624623198656,8.919321500801788,True
TurbOPark 0.06,-0.12499999701976776,0.17863247990608216,7.463619751991315,0.6702056090871235,8.97963228778249,True
TurbOPark 0.06,-0.09722221990426382,0.17863247990608216,7.465760725158963,0.6735095565316346,9.021311843841527,True
TurbOPark 0.06,-0.06944444278875987,0.17863247990608216,7.467812623495393,0.6746934494439887,9.034686372837658,True
TurbOPark 0.06,-0.04166666567325592,0.17863247990608216,7.48087738648827,0.6709396450546518,8.968729340043485,True
TurbOPark 0.06,-0.013888888557751973,0.17863247990608216,7.480015289491714,0.6706572028176382,8.965987058339437,True
TurbOPark 0.06,0.013888888557751973,0.17863247990608216,7.472222627575416,0.6745269673614722,9.027126211044685,True
TurbOPark 0.06,0.04166666567325592,0.17863247990608216,7.470477826718408,0.677637933135238,9.070878046269595,True
TurbOPark 0.06,0.06944444278875987,0.17863247990608216,7.470914863487988,0.6757107908450138,9.044552149126499,True
TurbOPark 0.06,0.09722221990426382,0.17863247990608216,7.485446183974521,0.6672813248295493,8.914382769301337,True
TurbOPark 0.06,0.12499999701976776,0.17863247990608216,7.480250268580811,0.6678156021117707,8.927717364174125,True
TurbOPark 0.06,0.15277777413527172,0.17863247990608216,7.470356314948385,0.6693614365679144,8.960234403123502,True
TurbOPark 0.06,0.18055555125077566,0.17863247990608216,7.456623952658237,0.6739342091912629,9.03806083651315,True
TurbOPark 0.06,0.2083333283662796,0.17863247990608216,7.456963509610005,0.6667919610676979,8.941869706193195,True
TurbOPark 0.06,0.23611110548178355,0.17863247990608216,7.440952618547278,0.6676652440076448,8.972846330769881,False
TurbOPark 0.06,0.2638888825972875,0.17863247990608216,7.434576816543063,0.6673870356381351,8.976799246368635,False
TurbOPark 0.06,0.29166665971279143,0.17863247990608216,7.425978165985852,0.6667809500528735,8.979031922111146,False
TurbOPark 0.06,0.3194444368282954,0.17863247990608216,7.418214155384471,0.6605455237800314,8.904373882231182,False
TurbOPark 0.06,0.3472222139437993,0.17863247990608216,7.410909715028728,0.6524459810063786,8.803858177940972,False
TurbOPark 0.06,0.37499999105930326,0.17863247990608216,7.38890464891359,0.65318175967596,8.840035035125254,False
TurbOPark 0.06,0.4027777681748072,0.17863247990608216,7.356940259551784,0.6589436326727031,8.956762042714326,False
TurbOPark 0.06,0.4305555452903112,0.17863247990608216,7.320474143595359,0.6618500763880957,9.041082085743648,False
TurbOPark 0.06,0.45833332240581515,0.17863247990608216,7.300905036383728,0.6579853611379105,9.012380764560975,False
TurbOPark 0.06,0.4861110995213191,0.17863247990608216,7.283381326600725,0.6517028200182219,8.947805844492045,False
TurbOPark 0.06,0.513888876636823,0.17863247990608216,7.252654870083846,0.6527082579228759,8.999576977186702,False
TurbOPark 0.06,0.5416666537523269,0.17863247990608216,7.232088600219761,0.6434661704017876,8.89737676032114,False
TurbOPark 0.06,-0.5416666537523269,0.20769230922063192,7.488448690801747,0.6639032494518924,8.865698048614282,False
TurbOPark 0.06,-0.513888876636823,0.20769230922063192,7.490580988580959,0.6692259189503769,8.93423247102702,False
TurbOPark 0.06,-0.4861110995213191,0.20769230922063192,7.492077504331246,0.6754123216165924,9.015020482985255,False
TurbOPark 0.06,-0.45833332240581515,0.20769230922063192,7.512992209336706,0.6645890574080152,8.845863790223326,False
TurbOPark 0.06,-0.4305555452903112,0.20769230922063192,7.518272028128816,0.6629134795094113,8.817364908175588,False
TurbOPark 0.06,-0.4027777681748072,0.20769230922063192,7.524620350558866,0.663030183612318,8.81147689481867,False
TurbOPark 0.06,-0.37499999105930326,0.20769230922063192,7.525321705003391,0.6636023016321642,8.818258243909389,False
TurbOPark 0.06,-0.3472222139437993,0.20769230922063192,7.531918380140571,0.664016030188138,8.81602795828153,False
TurbOPark 0.06,-0.3194444368282954,0.20769230922063192,7.54558215052938,0.6616488752421578,8.768692223379187,False
TurbOPark 0.06,-0.29166665971279143,0.20769230922063192,7.544620534435514,0.6660105867976794,8.827622062075124,False
TurbOPark 0.06,-0.2638888825972875,0.20769230922063192,7.550624286215268,0.6702017918980977,8.876110987559608,True
TurbOPark 0.06,-0.23611110548178355,0.20769230922063192,7.570152675435532,0.664480128865232,8.77763180419611,True
TurbOPark 0.06,-0.2083333283662796,0.20769230922063192,7.573188036070909,0.66976318181978,8.843873658355166,True
TurbOPark 0.06,-0.18055555125077566,0.20769230922063192,7.558519644449043,0.6781786658799825,8.972374192055387,True
TurbOPark 0.06,-0.15277777413527172,0.20769230922063192,7.56458929537974,0.6798943194727153,8.98785502985572,True
TurbOPark 0.06,-0.12499999701976776,0.20769230922063192,7.571275755152535,0.6817120146863557,9.003925318958634,True
TurbOPark 0.06,-0.09722221990426382,0.20769230922063192,7.569061908723153,0.6807099748811251,8.993320217088248,True
TurbOPark 0.06,-0.06944444278875987,0.20769230922063192,7.565117795528906,0.6780920367770458,8.963403546443228,True
TurbOPark 0.06,-0.04166666567325592,0.20769230922063192,7.573082613202852,0.6770561520314212,8.940297981842253,True
TurbOPark 0.06,-0.013888888557751973,0.20769230922063192,7.582598533972946,0.6767805164448915,8.925443084091231,True
TurbOPark 0.06,0.013888888557751973,0.20769230922063192,7.577800255565725,0.6792018807743836,8.963048086092334,True
TurbOPark 0.06,0.04166666567325592,0.20769230922063192,7.586151263220326,0.6770527340749362,8.924851490339607,True
TurbOPark 0.06,0.06944444278875987,0.20769230922063192,7.580306180912693,0.6827037943262982,9.006282570028043,True
TurbOPark 0.06,0.09722221990426382,0.20769230922063192,7.589624156361756,0.6804598768347919,8.965659732497011,True
TurbOPark 0.06,0.12499999701976776,0.20769230922063192,7.5847079602739695,0.6791718837197818,8.954489576619759,True
TurbOPark 0.06,0.15277777413527172,0.20769230922063192,7.559095712766308,0.683459211411,9.041547261489601,True
TurbOPark 0.06,0.18055555125077566,0.20769230922063192,7.5627493469198015,0.683651945472707,9.039727671936511,True
TurbOPark 0.06,0.2083333283662796,0.20769230922063192,7.5578034179102325,0.6786104625927583,8.978937729242991,True
TurbOPark 0.06,0.23611110548178355,0.20769230922063192,7.558321789261884,0.6733532601012765,8.908766772247118,True
TurbOPark 0.06,0.2638888825972875,0.20769230922063192,7.55590436414234,0.6659056321980096,8.813050034859666,True
TurbOPark 0.06,0.29166665971279143,0.20769230922063192,7.544150114321085,0.6608454164289188,8.759706612603503,False
TurbOPark 0.06,0.3194444368282954,0.20769230922063192,7.521777989146464,0.6615612795124868,8.795277931189746,False
TurbOPark 0.06,0.3472222139437993,0.20769230922063192,7.4981574755940565,0.6702079675572286,8.938302106066798,False
TurbOPark 0.06,0.37499999105930326,0.20769230922063192,7.491948905782983,0.6562302886789323,8.759139937171659,False
TurbOPark 0.06,0.4027777681748072,0.20769230922063192,7.456648976083448,0.6626992535266221,8.887360202313026,False
TurbOPark 0.06,0.4305555452903112,0.20769230922063192,7.435661859752482,0.6580571066583671,8.850013880005465,False
TurbOPark 0.06,0.45833332240581515,0.20769230922063192,7.4082766558094555,0.6593289108657262,8.89989590694741,False
TurbOPark 0.06,0.4861110995213191,0.20769230922063192,7.381702758407751,0.6524892440809819,8.839278218535654,False
TurbOPark 0.06,0.513888876636823,0.20769230922063192,7.353959125726657,0.6507659847152275,8.849192300221334,False
TurbOPark 0.06,0.5416666537523269,0.20769230922063192,7.321609706858152,0.6498860308174078,8.87627252527077,False
TurbOPark 0.06,-0.5416666537523269,0.23675213853518168,7.574748208891216,0.6764768438173087,8.930684230840336,False
TurbOPark 0.06,-0.513888876636823,0.23675213853518168,7.578998799894379,0.6817367197413822,8.995076232904047,False
TurbOPark 0.06,-0.4861110995213191,0.23675213853518168,7.586124110381551,0.6807551711155785,8.973688819353356,False
TurbOPark 0.06,-0.45833332240581515,0.23675213853518168,7.590819084067459,0.6813377661292389,8.97581352662342,False
TurbOPark 0.06,-0.4305555452903112,0.23675213853518168,7.605213423552643,0.675732744413321,8.885125331534276,False
TurbOPark 0.06,-0.4027777681748072,0.23675213853518168,7.608850371666997,0.6796316245910846,8.932119721026744,False
TurbOPark 0.06,-0.37499999105930326,0.23675213853518168,7.609021761286474,0.6786900207677418,8.91954369510167,False
TurbOPark 0.06,-0.3472222139437993,0.23675213853518168,7.63321144791253,0.6684638711947105,8.757308450789958,False
TurbOPark 0.06,-0.3194444368282954,0.23675213853518168,7.64525435156304,0.6620788571866231,8.65999778086211,False
TurbOPark 0.06,-0.29166665971279143,0.23675213853518168,7.645987050072895,0.6727852340004761,8.799194003265567,True
TurbOPark 0.06,-0.2638888825972875,0.23675213853518168,7.6507944996049035,0.6726457015182419,8.791841181369833,True
TurbOPark 0.06,-0.23611110548178355,0.23675213853518168,7.65691696900363,0.6796638005895758,8.87646820960654,True
TurbOPark 0.06,-0.2083333283662796,0.23675213853518168,7.651695590781852,0.6870002588029512,8.978405513551714,True
TurbOPark 0.06,-0.18055555125077566,0.23675213853518168,7.652511178683683,0.686331778992963,8.968713184042938,True
TurbOPark 0.06,-0.15277777413527172,0.23675213853518168,7.639373733963583,0.6854233624274924,8.972245452270469,True
TurbOPark 0.06,-0.12499999701976776,0.23675213853518168,7.660206056580329,0.6880004024262245,8.981486886181255,True
TurbOPark 0.06,-0.09722221990426382,0.23675213853518168,7.669460949562895,0.6849137694928137,8.930402983952202,True
TurbOPark 0.06,-0.06944444278875987,0.23675213853518168,7.6712829275756595,0.6830455331743304,8.90392832102455,True
TurbOPark 0.06,-0.04166666567325592,0.23675213853518168,7.671932646559603,0.6811282202489518,8.878183003267065,True
TurbOPark 0.06,-0.013888888557751973,0.23675213853518168,7.667366936159575,0.6777160259602968,8.838966904846615,True
TurbOPark 0.06,0.013888888557751973,0.23675213853518168,7.674497068810636,0.6860816379071096,8.939760244294886,True
TurbOPark 0.06,0.04166666567325592,0.23675213853518168,7.677879557645866,0.6891564946212296,8.975870088180097,True
TurbOPark 0.06,0.06944444278875987,0.23675213853518168,7.676817802784106,0.6858582631678525,8.934147986671201,True
TurbOPark 0.06,0.09722221990426382,0.23675213853518168,7.6680446755211005,0.693894095034813,9.049166044245274,True
TurbOPark 0.06,0.12499999701976776,0.23675213853518168,7.665054640972916,0.6934617801944097,9.047055926875812,True
TurbOPark 0.06,0.15277777413527172,0.23675213853518168,7.674767290256359,0.6859835707234615,8.938167696554975,True
TurbOPark 0.06,0.18055555125077566,0.23675213853518168,7.661583291374626,0.6872564724744112,8.970162515209113,True
TurbOPark 0.06,0.2083333283662796,0.23675213853518168,7.6650209421593685,0.6797791031083337,8.868587682120907,True
TurbOPark 0.06,0.23611110548178355,0.23675213853518168,7.658837823909616,0.6757322280987421,8.822908170077955,True
TurbOPark 0.06,0.2638888825972875,0.23675213853518168,7.6461123474668735,0.6663596953925439,8.715013134920863,True
TurbOPark 0.06,0.29166665971279143,0.23675213853518168,7.6373698319313155,0.6534574805005845,8.556053914903059,True
TurbOPark 0.06,0.3194444368282954,0.23675213853518168,7.613839441016654,0.6636072708020471,8.715803320294834,False
TurbOPark 0.06,0.3472222139437993,0.23675213853518168,7.589882142129928,0.6721585546002086,8.855981450215017,False
TurbOPark 0.06,0.37499999105930326,0.23675213853518168,7.565855090867906,0.6694603422684089,8.848442565024236,False
TurbOPark 0.06,0.4027777681748072,0.23675213853518168,7.536429266593209,0.6701656294797601,8.892349490366861,False
TurbOPark 0.06,0.4305555452903112,0.23675213853518168,7.5164868360159005,0.6638522904208334,8.831949086106656,False
TurbOPark 0.06,0.45833332240581515,0.23675213853518168,7.487337351025759,0.6655205001507278,8.888613788178679,False
TurbOPark 0.06,0.4861110995213191,0.23675213853518168,7.4633252845253315,0.6529424375468565,8.748679880008524,False
TurbOPark 0.06,0.513888876636823,0.23675213853518168,7.4172975386424564,0.659694534267718,8.89400122930026,False
TurbOPark 0.06,0.5416666537523269,0.23675213853518168,7.390510035153806,0.6556423239397792,8.87140834422985,False
TurbOPark 0.06,-0.5416666537523269,0.26581196784973143,7.66703538985855,0.6756053653867546,8.811820097770788,False
TurbOPark 0.06,-0.513888876636823,0.26581196784973143,7.673062655320646,0.6775808042996321,8.830643443655251,False
TurbOPark 0.06,-0.4861110995213191,0.26581196784973143,7.663184520188466,0.6880900879180292,8.979166377963017,False
TurbOPark 0.06,-0.45833332240581515,0.26581196784973143,7.670537948321294,0.6893810457290521,8.987388503565438,False
TurbOPark 0.06,-0.4305555452903112,0.26581196784973143,7.674670351242114,0.6860069104049354,8.938584707992154,False
TurbOPark 0.06,-0.4027777681748072,0.26581196784973143,7.6860673891330284,0.6860608849207758,8.926032653457673,False
TurbOPark 0.06,-0.37499999105930326,0.26581196784973143,7.692064020334331,0.6871380821449805,8.933078044182926,False
TurbOPark 0.06,-0.3472222139437993,0.26581196784973143,7.706421021849558,0.6825667987830772,8.857117939025601,True
TurbOPark 0.06,-0.3194444368282954,0.26581196784973143,7.718752894798001,0.6807970337513749,8.82003923470841,True
TurbOPark 0.06,-0.29166665971279143,0.26581196784973143,7.724147735719032,0.6781772280623121,8.779961896976603,True
TurbOPark 0.06,-0.2638888825972875,0.26581196784973143,7.719389330297809,0.690142691086762,8.940379368844928,True
TurbOPark 0.06,-0.23611110548178355,0.26581196784973143,7.729579880809829,0.6886814232577408,8.90968763991333,True
TurbOPark 0.06,-0.2083333283662796,0.26581196784973143,7.7258425009922815,0.6932846047563699,8.973579317301986,True
TurbOPark 0.06,-0.18055555125077566,0.26581196784973143,7.722393324334463,0.6967082117038929,9.02192082742609,True
TurbOPark 0.06,-0.15277777413527172,0.26581196784973143,7.7294673148298205,0.6970896664089344,9.018599057550738,True
TurbOPark 0.06,-0.12499999701976776,0.26581196784973143,7.758357416976176,0.6877220716629001,8.864274158832709,True
TurbOPark 0.06,-0.09722221990426382,0.26581196784973143,7.7642008656067345,0.6847680353891731,8.81955589818015,True
TurbOPark 0.06,-0.06944444278875987,0.26581196784973143,7.757309294867467,0.6965730947847378,8.979570986625701,True
TurbOPark 0.06,-0.04166666567325592,0.26581196784973143,7.751470972602721,0.6927570348345973,8.93710416104402,True
TurbOPark 0.06,-0.013888888557751973,0.26581196784973143,7.747168205335579,0.6895625475107235,8.900833559232812,True
TurbOPark 0.06,0.013888888557751973,0.26581196784973143,7.741162357942573,0.6936430673919172,8.960451096600847,True
TurbOPark 0.06,0.04166666567325592,0.26581196784973143,7.74973328105741,0.6788920088245156,8.760198373328848,True
TurbOPark 0.06,0.06944444278875987,0.26581196784973143,7.749615543644603,0.6898828089237747,8.902155275167708,True
TurbOPark 0.06,0.09722221990426382,0.26581196784973143,7.752530575517506,0.697181023311284,8.992947741644281,True
TurbOPark 0.06,0.12499999701976776,0.26581196784973143,7.7645285586833825,0.6920050160511911,8.912389346257143,True
TurbOPark 0.06,0.15277777413527172,0.26581196784973143,7.765115657137217,0.6885881602755294,8.867712867130594,True
TurbOPark 0.06,0.18055555125077566,0.26581196784973143,7.757899717009025,0.6877321223367484,8.864926686650909,True
TurbOPark 0.06,0.2083333283662796,0.26581196784973143,7.748928193755523,0.6801641147680555,8.777525068772299,True
TurbOPark 0.06,0.23611110548178355,0.26581196784973143,7.733394539183669,0.6834503895230719,8.83765060815346,True
TurbOPark 0.06,0.2638888825972875,0.26581196784973143,7.725562815486543,0.6751528305250539,8.739205759503411,True
TurbOPark 0.06,0.29166665971279143,0.26581196784973143,7.7199253340945315,0.6511694806882382,8.434919413176083,True
TurbOPark 0.06,0.3194444368282954,0.26581196784973143,7.695102941259011,0.662962582534823,8.61538289475247,True
TurbOPark 0.06,0.3472222139437993,0.26581196784973143,7.667511274340918,0.6691601949795181,8.72721501197972,True
TurbOPark 0.06,0.37499999105930326,0.26581196784973143,7.637180336663785,0.6719345374176154,8.798201794343676,False
TurbOPark 0.06,0.4027777681748072,0.26581196784973143,7.607632009146104,0.6728004632207447,8.84375666977432,False
TurbOPark 0.06,0.4305555452903112,0.26581196784973143,7.58083530073243,0.6670020745301868,8.798530083693333,False
TurbOPark 0.06,0.45833332240581515,0.26581196784973143,7.55567135673241,0.6678113021766148,8.838543534342156,False
TurbOPark 0.06,0.4861110995213191,0.26581196784973143,7.529803590872252,0.6558555670545795,8.710128479972813,False
TurbOPark 0.06,0.513888876636823,0.26581196784973143,7.478815336820782,0.6637620821333976,8.875230263614993,False
TurbOPark 0.06,0.5416666537523269,0.26581196784973143,7.452409753219045,0.6533112329599511,8.766442729182401,False
TurbOPark 0.06,-0.5416666537523269,0.2948717971642812,7.731335948404872,0.6913275675268035,8.941890148615753,False
TurbOPark 0.06,-0.513888876636823,0.2948717971642812,7.736800124831959,0.6904298087843083,8.923971120415938,False
TurbOPark 0.06,-0.4861110995213191,0.2948717971642812,7.7357582106958676,0.6976747459809616,9.018828238663401,False
TurbOPark 0.06,-0.45833332240581515,0.2948717971642812,7.743433033798784,0.6930575013889733,8.950261445587424,False
TurbOPark 0.06,-0.4305555452903112,0.2948717971642812,7.744773584093947,0.7001445752276666,9.040220060991954,False
TurbOPark 0.06,-0.4027777681748072,0.2948717971642812,7.762955327713637,0.6932879069358918,8.930721325432135,False
TurbOPark 0.06,-0.37499999105930326,0.2948717971642812,7.770542878663406,0.6922202454873029,8.908261060987417,True
TurbOPark 0.06,-0.3472222139437993,0.2948717971642812,7.782757273334088,0.6914370191351074,8.88421667092413,True
TurbOPark 0.06,-0.3194444368282954,0.2948717971642812,7.783206388046833,0.6942953973113322,8.920428968421113,True
TurbOPark 0.06,-0.29166665971279143,0.2948717971642812,7.793473112974879,0.6899497022938333,8.852916951046872,True
TurbOPark 0.06,-0.2638888825972875,0.2948717971642812,7.795939424470784,0.6919691145896261,8.876019641938141,True
TurbOPark 0.06,-0.23611110548178355,0.2948717971642812,7.794531837084158,0.6978701500868076,8.953329907083587,True
TurbOPark 0.06,-0.2083333283662796,0.2948717971642812,7.797187215711513,0.7024498255520021,9.009015765794997,True
TurbOPark 0.06,-0.18055555125077566,0.2948717971642812,7.8063153916911165,0.7054432436787764,9.036827341483484,True
TurbOPark 0.06,-0.15277777413527172,0.2948717971642812,7.823373954193098,0.6993684473289683,8.939473575261315,True
TurbOPark 0.06,-0.12499999701976776,0.2948717971642812,7.839305414752511,0.6930459878937328,8.840655532944464,True
TurbOPark 0.06,-0.09722221990426382,0.2948717971642812,7.839872773881244,0.6955602688443646,8.872086179276316,True
TurbOPark 0.06,-0.06944444278875987,0.2948717971642812,7.833733528309544,0.7015286541051179,8.955227434912533,True
TurbOPark 0.06,-0.04166666567325592,0.2948717971642812,7.821506627559631,0.6992548639412067,8.940155614997918,True
TurbOPark 0.06,-0.013888888557751973,0.2948717971642812,7.818686946091027,0.7009346358790906,8.964863802732562,True
TurbOPark 0.06,0.013888888557751973,0.2948717971642812,7.817690369308908,0.690982901175531,8.83870898607378,True
TurbOPark 0.06,0.04166666567325592,0.2948717971642812,7.829071622499855,0.6884162488172978,8.793076395403872,True
TurbOPark 0.06,0.06944444278875987,0.2948717971642812,7.846904559175779,0.6887900539381796,8.777856908336458,True
TurbOPark 0.06,0.09722221990426382,0.2948717971642812,7.840741518253252,0.6960497051578896,8.877345382926926,True
TurbOPark 0.06,0.12499999701976776,0.2948717971642812,7.842887020649528,0.6906342703681103,8.805867897239118,True
TurbOPark 0.06,0.15277777413527172,0.2948717971642812,7.854869681051639,0.6719192623851121,8.554174539725185,True
TurbOPark 0.06,0.18055555125077566,0.2948717971642812,7.832795944167921,0.6865502399200618,8.765072457061105,True
TurbOPark 0.06,0.2083333283662796,0.2948717971642812,7.833002407142957,0.6667870949511686,8.512535299914141,True
TurbOPark 0.06,0.23611110548178355,0.2948717971642812,7.821368531151179,0.6706679122334691,8.574815386365097,True
TurbOPark 0.06,0.2638888825972875,0.2948717971642812,7.804682785011766,0.6641494264137905,8.50962742123528,True
TurbOPark 0.06,0.29166665971279143,0.2948717971642812,7.766376506527351,0.6851150485827293,8.82155337185772,True
TurbOPark 0.06,0.3194444368282954,0.2948717971642812,7.7481904928139445,0.6824924763789638,8.808411164025214,True
TurbOPark 0.06,0.3472222139437993,0.2948717971642812,7.728110157362696,0.677368964542062,8.765001413660253,True
TurbOPark 0.06,0.37499999105930326,0.2948717971642812,7.700595295797949,0.6801731121314623,8.832734171897311,True
TurbOPark 0.06,0.4027777681748072,0.2948717971642812,7.658891464849564,0.6836070982112334,8.92566634934891,False
TurbOPark 0.06,0.4305555452903112,0.2948717971642812,7.643619356335246,0.6609929740427336,8.647643782717726,False
TurbOPark 0.06,0.45833332240581515,0.2948717971642812,7.630407359609337,0.6443836200837165,8.44494388982016,False
TurbOPark 0.06,0.4861110995213191,0.2948717971642812,7.579385958814476,0.666889550660281,8.798727948201652,False
TurbOPark 0.06,0.513888876636823,0.2948717971642812,7.534555123583301,0.6721493595210103,8.92088980034362,False
TurbOPark 0.06,0.5416666537523269,0.2948717971642812,7.506239073007994,0.6589521849998008,8.778726318075254,False
TurbOPark 0.06,-0.5416666537523269,0.32393162647883095,7.791345017688928,0.6972589371388456,8.949147233960726,False
TurbOPark 0.06,-0.513888876636823,0.32393162647883095,7.795194400149559,0.7022424695969044,9.008658842214777,False
TurbOPark 0.06,-0.4861110995213191,0.32393162647883095,7.803011826356082,0.7012023352123977,8.986303632707056,False
TurbOPark 0.06,-0.45833332240581515,0.32393162647883095,7.81733121949964,0.6954503613771181,8.896263211188735,False
TurbOPark 0.06,-0.4305555452903112,0.32393162647883095,7.8102029120601415,0.7050897243667896,9.027802892009678,False
TurbOPark 0.06,-0.4027777681748072,0.32393162647883095,7.827927766917781,0.7003715150002309,8.947087094494227,False
TurbOPark 0.06,-0.37499999105930326,0.32393162647883095,7.831420782453382,0.7021556544927239,8.965878274168748,True
TurbOPark 0.06,-0.3472222139437993,0.32393162647883095,7.837050489796128,0.7054966211752327,9.00206808790874,True
TurbOPark 0.06,-0.3194444368282954,0.32393162647883095,7.848170625065662,0.7010300543006047,8.932400782185333,True
TurbOPark 0.06,-0.29166665971279143,0.32393162647883095,7.854140385096723,0.7033895576560325,8.955652982606708,True
TurbOPark 0.06,-0.2638888825972875,0.32393162647883095,7.869815369630785,0.6944915052474173,8.824749662202045,True
TurbOPark 0.06,-0.23611110548178355,0.32393162647883095,7.864241105906029,0.700248907015749,8.90421462904874,True
TurbOPark 0.06,-0.2083333283662796,0.32393162647883095,7.870989600338661,0.708503939298123,9.001459476806303,True
TurbOPark 0.06,-0.18055555125077566,0.32393162647883095,7.886752949899386,0.7048061987261736,8.93658268749454,True
TurbOPark 0.06,-0.15277777413527172,0.32393162647883095,7.897360279585866,0.7025330414451612,8.895795766860996,True
TurbOPark 0.06,-0.12499999701976776,0.32393162647883095,7.916848908487431,0.6860874512297324,8.66616830964397,True
TurbOPark 0.06,-0.09722221990426382,0.32393162647883095,7.916941690075473,0.6940139711999792,8.766187732189335,True
TurbOPark 0.06,-0.06944444278875987,0.32393162647883095,7.892234691171118,0.7102553362015299,8.999419860081938,True
TurbOPark 0.06,-0.04166666567325592,0.32393162647883095,7.890332888319191,0.7040749281825562,8.923260122837975,True
TurbOPark 0.06,-0.013888888557751973,0.32393162647883095,7.8855863467731515,0.6956150361285399,8.821348287095878,True
TurbOPark 0.06,0.013888888557751973,0.32393162647883095,7.881077477066604,0.697186187821186,8.84633084562295,True
TurbOPark 0.06,0.04166666567325592,0.32393162647883095,7.89073129144389,0.7002688584706898,8.874574898146742,True
TurbOPark 0.06,0.06944444278875987,0.32393162647883095,7.9177557006339425,0.7018663443954876,8.864460725143262,True
TurbOPark 0.06,0.09722221990426382,0.32393162647883095,7.930496037904123,0.674868503969668,8.509789308816334,True
TurbOPark 0.06,0.12499999701976776,0.32393162647883095,7.928798343279002,0.6750103196562004,8.513400018911893,True
TurbOPark 0.06,0.15277777413527172,0.32393162647883095,7.924926202007464,0.6602225950969141,8.330962059049495,True
TurbOPark 0.06,0.18055555125077566,0.32393162647883095,7.9174289426965565,0.6634475586508036,8.379583365415636,True
TurbOPark 0.06,0.2083333283662796,0.32393162647883095,7.899762280540957,0.673390473444138,8.524186545497239,True
TurbOPark 0.06,0.23611110548178355,0.32393162647883095,7.877587717618298,0.6829253336488658,8.669219031626865,True
TurbOPark 0.06,0.2638888825972875,0.32393162647883095,7.857243301093517,0.6867980161987858,8.740953918318935,True
TurbOPark 0.06,0.29166665971279143,0.32393162647883095,7.8264078726860555,0.6945312591276435,8.874202193723358,True
TurbOPark 0.06,0.3194444368282954,0.32393162647883095,7.803146531476385,0.693392926215713,8.886068247196178,True
TurbOPark 0.06,0.3472222139437993,0.32393162647883095,7.772205218264543,0.6962559926166368,8.958281119243324,True
TurbOPark 0.06,0.37499999105930326,0.32393162647883095,7.738675507183146,0.6985028426212093,9.026129109210604,True
TurbOPark 0.06,0.4027777681748072,0.32393162647883095,7.70649826660571,0.6950296317031086,9.018747655012852,False
TurbOPark 0.06,0.4305555452903112,0.32393162647883095,7.691243396200687,0.6816500884168081,8.862677376112279,False
TurbOPark 0.06,0.45833332240581515,0.32393162647883095,7.660229457595251,0.6742461986975616,8.80190603205802,False
TurbOPark 0.06,0.4861110995213191,0.32393162647883095,7.627936462550968,0.6632827345340431,8.695441261085508,False
TurbOPark 0.06,0.513888876636823,0.32393162647883095,7.5795185908549785,0.6574428890555833,8.673939923424912,False
TurbOPark 0.06,0.5416666537523269,0.32393162647883095,7.566120253548205,0.6332433047897017,8.369458633607312,False
TurbOPark 0.06,-0.5416666537523269,0.35299145579338076,7.845923992428512,0.7047305317745679,8.982122850726673,False
TurbOPark 0.06,-0.513888876636823,0.35299145579338076,7.845266409261305,0.7102415253733168,9.053121823050898,False
TurbOPark 0.06,-0.4861110995213191,0.35299145579338076,7.848628110964781,0.7092746091276636,9.036924658677414,False
TurbOPark 0.06,-0.45833332240581515,0.35299145579338076,7.85754962116804,0.7036302201310972,8.954830119501061,False
TurbOPark 0.06,-0.4305555452903112,0.35299145579338076,7.879939356254261,0.703667300086144,8.929856795505,False
TurbOPark 0.06,-0.4027777681748072,0.35299145579338076,7.887051676192445,0.7041853832194147,8.92837288419248,True
TurbOPark 0.06,-0.37499999105930326,0.35299145579338076,7.893159127029374,0.7069297060441203,8.956232791802037,True
TurbOPark 0.06,-0.3472222139437993,0.35299145579338076,7.909538665761651,0.700715431698228,8.859118860262281,True
TurbOPark 0.06,-0.3194444368282954,0.35299145579338076,7.910177805278616,0.7095407997484978,8.969972827602021,True
TurbOPark 0.06,-0.29166665971279143,0.35299145579338076,7.905580863480597,0.7152860200562685,9.047861661380173,True
TurbOPark 0.06,-0.2638888825972875,0.35299145579338076,7.91282396771426,0.7122794853149322,9.001583862109914,True
TurbOPark 0.06,-0.23611110548178355,0.35299145579338076,7.939039481444876,0.7004629163829119,8.823018427103605,True
TurbOPark 0.06,-0.2083333283662796,0.35299145579338076,7.949987044087438,0.7057596095020714,8.877493832231572,True
TurbOPark 0.06,-0.18055555125077566,0.35299145579338076,7.951488652403282,0.7083051938701094,8.907831285856506,True
TurbOPark 0.06,-0.15277777413527172,0.35299145579338076,7.963910129719544,0.7029313785301441,8.826460458248523,True
TurbOPark 0.06,-0.12499999701976776,0.35299145579338076,7.977910933310838,0.6867045151416854,8.607573096290542,True
TurbOPark 0.06,-0.09722221990426382,0.35299145579338076,7.972958717461442,0.7009572378492396,8.791682770338257,True
TurbOPark 0.06,-0.06944444278875987,0.35299145579338076,7.957959928745813,0.7087174020798436,8.905767413075408,True
TurbOPark 0.06,-0.04166666567325592,0.35299145579338076,7.959542004104927,0.7141154499662314,8.971815835608945,True
TurbOPark 0.06,-0.013888888557751973,0.35299145579338076,7.951159100314925,0.6998409008410581,8.801746915281058,True
TurbOPark 0.06,0.013888888557751973,0.35299145579338076,7.9624650466285445,0.7102313306527059,8.919741895173921,True
TurbOPark 0.06,0.04166666567325592,0.35299145579338076,7.963835994583133,0.7053734890811932,8.857207626588197,True
TurbOPark 0.06,0.06944444278875987,0.35299145579338076,7.986955341092889,0.691896862006903,8.662836243081182,True
TurbOPark 0.06,0.09722221990426382,0.35299145579338076,7.982693212950019,0.6998360393435196,8.76691638616654,True
TurbOPark 0.06,0.12499999701976776,0.35299145579338076,7.998947499355198,0.6594661495355616,8.244411525250312,True
TurbOPark 0.06,0.15277777413527172,0.35299145579338076,7.991287559613353,0.6607413088643153,8.268270963037203,True
TurbOPark 0.06,0.18055555125077566,0.35299145579338076,7.9751579171313365,0.6676820805931233,8.372023319549369,True
TurbOPark 0.06,0.2083333283662796,0.35299145579338076,7.936490212956544,0.6985735164096897,8.802045963204852,True
TurbOPark 0.06,0.23611110548178355,0.35299145579338076,7.9124032113812115,0.7067359205663264,8.932000830667432,True
TurbOPark 0.06,0.2638888825972875,0.35299145579338076,7.907074607613336,0.6969042143255143,8.813679507393282,True
TurbOPark 0.06,0.29166665971279143,0.35299145579338076,7.882190281518606,0.6943964266944249,8.809688701915483,True
TurbOPark 0.06,0.3194444368282954,0.35299145579338076,7.84650557018068,0.6986239869120738,8.903632077533679,True
TurbOPark 0.06,0.3472222139437993,0.35299145579338076,7.827058019806064,0.6998950769297321,8.941994235364998,True
TurbOPark 0.06,0.37499999105930326,0.35299145579338076,7.772457232661592,0.7012164570972103,9.021811714196932,True
TurbOPark 0.06,0.4027777681748072,0.35299145579338076,7.750228330261315,0.7018436780764149,9.055780657919673,True
TurbOPark 0.06,0.4305555452903112,0.35299145579338076,7.721661166628024,0.6951925927745524,9.003148128010082,False
TurbOPark 0.06,0.45833332240581515,0.35299145579338076,7.6913832164200215,0.6926309661812213,9.005284832285454,False
TurbOPark 0.06,0.4861110995213191,0.35299145579338076,7.653565824233747,0.6842723063403109,8.940568645449892,False
TurbOPark 0.06,0.513888876636823,0.35299145579338076,7.6324184836207225,0.6578492661707462,8.619145655895311,False
TurbOPark 0.06,0.5416666537523269,0.35299145579338076,7.608528300692718,0.6286738785275088,8.26275271224622,False
TurbOPark 0.06,-0.5416666537523269,0.3820512851079305,7.899730609740226,0.710271559079804,8.99108582518057,False
TurbOPark 0.06,-0.513888876636823,0.3820512851079305,7.887506920010679,0.7156372681126819,9.073047737011848,False
TurbOPark 0.06,-0.4861110995213191,0.3820512851079305,7.889229818328906,0.7125759033260493,9.032261953765556,False
TurbOPark 0.06,-0.45833332240581515,0.3820512851079305,7.9042929401189115,0.7111876822249921,8.997486399008551,False
TurbOPark 0.06,-0.4305555452903112,0.3820512851079305,7.918387122435297,0.7148351367906279,9.027534594327596,True
TurbOPark 0.06,-0.4027777681748072,0.3820512851079305,7.935968923519716,0.7140366609531958,8.997472997115901,True
TurbOPark 0.06,-0.37499999105930326,0.3820512851079305,7.9472365065903166,0.7113435808428015,8.950829388969531,True
TurbOPark 0.06,-0.3472222139437993,0.3820512851079305,7.957933868780639,0.7111736747260065,8.936662285118695,True
TurbOPark 0.06,-0.3194444368282954,0.3820512851079305,7.968030082894782,0.7120792480821441,8.936703811030869,True
TurbOPark 0.06,-0.29166665971279143,0.3820512851079305,7.9748265623648775,0.7093628789120867,8.895025783504066,True
TurbOPark 0.06,-0.2638888825972875,0.3820512851079305,7.986019886364829,0.7078258504656316,8.863311894253599,True
TurbOPark 0.06,-0.23611110548178355,0.3820512851079305,7.996148514884409,0.7065157954116301,8.835701264133453,True
TurbOPark 0.06,-0.2083333283662796,0.3820512851079305,8.010284316531127,0.7089646373855121,8.850680067902147,True
TurbOPark 0.06,-0.18055555125077566,0.3820512851079305,8.012708783361953,0.7124297138429103,8.891246806850639,True
TurbOPark 0.06,-0.15277777413527172,0.3820512851079305,8.02257751076779,0.7026867567693913,8.75886528769906,True
TurbOPark 0.06,-0.12499999701976776,0.3820512851079305,8.032388068005037,0.7056550097852144,8.785120985327024,True
TurbOPark 0.06,-0.09722221990426382,0.3820512851079305,8.036954600877019,0.706567463324233,8.791482575341785,True
TurbOPark 0.06,-0.06944444278875987,0.3820512851079305,8.029006525575852,0.6985438388251061,8.70025247332833,True
TurbOPark 0.06,-0.04166666567325592,0.3820512851079305,8.030042490874191,0.7003069643513214,8.721086658597276,True
TurbOPark 0.06,-0.013888888557751973,0.3820512851079305,8.02729861201927,0.697656414908305,8.691048491253389,True
TurbOPark 0.06,0.013888888557751973,0.3820512851079305,8.023027864821758,0.7052456153129786,8.790267554787391,True
TurbOPark 0.06,0.04166666567325592,0.3820512851079305,8.033626474052959,0.7030767671771364,8.751673599064343,True
TurbOPark 0.06,0.06944444278875987,0.3820512851079305,8.03827889326919,0.708894164055915,8.818979454040885,True
TurbOPark 0.06,0.09722221990426382,0.3820512851079305,8.03975666116731,0.7008948383333581,8.71786134670889,True
TurbOPark 0.06,0.12499999701976776,0.3820512851079305,8.040133150486483,0.6911865353452701,8.596705084460556,True
TurbOPark 0.06,0.15277777413527172,0.3820512851079305,8.038910326337374,0.6764281307140579,8.414425628034675,True
TurbOPark 0.06,0.18055555125077566,0.3820512851079305,8.021819676165356,0.6803364382846329,8.481073693367437,True
TurbOPark 0.06,0.2083333283662796,0.3820512851079305,8.004758781448562,0.686943796821097,8.581692660285084,True
TurbOPark 0.06,0.23611110548178355,0.3820512851079305,7.979322092253506,0.6980621947530298,8.74838973389385,True
TurbOPark 0.06,0.2638888825972875,0.3820512851079305,7.958504619197588,0.6976505333303316,8.766100752740053,True
TurbOPark 0.06,0.29166665971279143,0.3820512851079305,7.910722349262775,0.7068168040334302,8.934921146604275,True
TurbOPark 0.06,0.3194444368282954,0.3820512851079305,7.889495826014703,0.6994749594687588,8.865901888968883,True
TurbOPark 0.06,0.3472222139437993,0.3820512851079305,7.8606290910829815,0.7038971589221061,8.954717882829504,True
TurbOPark 0.06,0.37499999105930326,0.3820512851079305,7.824655917450369,0.7074561994510974,9.041371363989882,True
TurbOPark 0.06,0.4027777681748072,0.3820512851079305,7.786776783539455,0.6999665171666849,8.989168902932354,True
TurbOPark 0.06,0.4305555452903112,0.3820512851079305,7.75690531470739,0.6992770998393704,9.01489797114726,True
TurbOPark 0.06,0.45833332240581515,0.3820512851079305,7.721985423349544,0.6930422833345603,8.974923485855808,False
TurbOPark 0.06,0.4861110995213191,0.3820512851079305,7.7000249059167,0.6821242000379963,8.85872719078937,False
TurbOPark 0.06,0.513888876636823,0.3820512851079305,7.670669183286247,0.6644409265898696,8.662098582450033,False
TurbOPark 0.06,0.5416666537523269,0.3820512851079305,7.6259548235931085,0.6608749291760423,8.666126989520494,False
TurbOPark 0.06,-0.5416666537523269,0.4111111144224803,7.934199256971874,0.7185190134447063,9.055973894446062,False
TurbOPark 0.06,-0.513888876636823,0.4111111144224803,7.933072177562722,0.7155990316864714,9.020452804027366,False
TurbOPark 0.06,-0.4861110995213191,0.4111111144224803,7.939259757440745,0.717322895631821,9.035135737428664,False
TurbOPark 0.06,-0.45833332240581515,0.4111111144224803,7.952905072912628,0.7184804612033058,9.034188823030593,False
TurbOPark 0.06,-0.4305555452903112,0.4111111144224803,7.971326122048833,0.7197123850513125,9.028766030040785,True
TurbOPark 0.06,-0.4027777681748072,0.4111111144224803,7.981009489080066,0.7195001835539486,9.015152588634274,True
TurbOPark 0.06,-0.37499999105930326,0.4111111144224803,7.994375930251286,0.7200240083821409,9.006631845489265,True
TurbOPark 0.06,-0.3472222139437993,0.4111111144224803,8.014203823169533,0.7113376689863916,8.875961788367208,True
TurbOPark 0.06,-0.3194444368282954,0.4111111144224803,8.018942556866032,0.7107252170061236,8.86307904023557,True
TurbOPark 0.06,-0.29166665971279143,0.4111111144224803,8.041962012476208,0.703968826688231,8.753695001245987,True
TurbOPark 0.06,-0.2638888825972875,0.4111111144224803,8.05022474523804,0.7031916795874188,8.735056496446,True
TurbOPark 0.06,-0.23611110548178355,0.4111111144224803,8.057870883225801,0.706390609869748,8.766467223249414,True
TurbOPark 0.06,-0.2083333283662796,0.4111111144224803,8.05500462506199,0.7175805784905546,8.908506101385786,True
TurbOPark 0.06,-0.18055555125077566,0.4111111144224803,8.069872663282345,0.7122432026684055,8.825953424384112,True
TurbOPark 0.06,-0.15277777413527172,0.4111111144224803,8.083517246416282,0.7072965165046342,8.74986091998758,True
TurbOPark 0.06,-0.12499999701976776,0.4111111144224803,8.093162441738928,0.7003368532255284,8.653438730127,True
TurbOPark 0.06,-0.09722221990426382,0.4111111144224803,8.106898262917671,0.6905879591294545,8.518522580804069,True
TurbOPark 0.06,-0.06944444278875987,0.4111111144224803,8.108552569334497,0.6858899045380844,8.458845135098855,True
TurbOPark 0.06,-0.04166666567325592,0.4111111144224803,8.098674580669963,0.6676478670002377,8.243915227731085,True
TurbOPark 0.06,-0.013888888557751973,0.4111111144224803,8.084075220352242,0.6878305583990226,8.50846311606997,True
TurbOPark 0.06,0.013888888557751973,0.4111111144224803,8.090859306410335,0.69403891986747,8.578061903975854,True
TurbOPark 0.06,0.04166666567325592,0.4111111144224803,8.087480231396786,0.7135064619632132,8.822358034252453,True
TurbOPark 0.06,0.06944444278875987,0.4111111144224803,8.096002099134147,0.7031923891866719,8.685674491881334,True
TurbOPark 0.06,0.09722221990426382,0.4111111144224803,8.098448524837401,0.6994505230749645,8.63684594561287,True
TurbOPark 0.06,0.12499999701976776,0.4111111144224803,8.085941645646624,0.7015752298796339,8.67648148632576,True
TurbOPark 0.06,0.15277777413527172,0.4111111144224803,8.094750274401198,0.6791350431835801,8.389820811783084,True
TurbOPark 0.06,0.18055555125077566,0.4111111144224803,8.086440886077002,0.6630181069805899,8.199133788539223,True
TurbOPark 0.06,0.2083333283662796,0.4111111144224803,8.066975691990608,0.6678821813719686,8.279214006248752,True
TurbOPark 0.06,0.23611110548178355,0.4111111144224803,8.032870622396363,0.6952205212944034,8.654695861228815,True
TurbOPark 0.06,0.2638888825972875,0.4111111144224803,8.013663740813628,0.6891479685562603,8.599661663446474,True
TurbOPark 0.06,0.29166665971279143,0.4111111144224803,7.981297692239761,0.7049725609488655,8.83280624445712,True
TurbOPark 0.06,0.3194444368282954,0.4111111144224803,7.950319097391689,0.7056578412336122,8.875843001888086,True
TurbOPark 0.06,0.3472222139437993,0.4111111144224803,7.910387017337737,0.7019923186822687,8.874310664492953,True
TurbOPark 0.06,0.37499999105930326,0.4111111144224803,7.877471208279991,0.7072137035482757,8.977674241511984,True
TurbOPark 0.06,0.4027777681748072,0.4111111144224803,7.8345848655712444,0.7091054556020021,9.050963998336867,True
TurbOPark 0.06,0.4305555452903112,0.4111111144224803,7.789775110406922,0.7046809621018937,9.046229860480306,True
TurbOPark 0.06,0.45833332240581515,0.4111111144224803,7.755831245300885,0.7018149368507349,9.048868066539633,False
TurbOPark 0.06,0.4861110995213191,0.4111111144224803,7.723996727628732,0.6929440477530563,8.971314621022506,False
TurbOPark 0.06,0.513888876636823,0.4111111144224803,7.694956845466489,0.6806408582008654,8.845284929724686,False
TurbOPark 0.06,0.5416666537523269,0.4111111144224803,7.655090968765421,0.668647257475781,8.734674221430152,False
TurbOPark 0.06,-0.5416666537523269,0.44017094373703003,7.982256131113497,0.7227202831338185,9.054085352094578,False
TurbOPark 0.06,-0.513888876636823,0.44017094373703003,7.985498484260639,0.7241009788106308,9.067699157890127,False
TurbOPark 0.06,-0.4861110995213191,0.44017094373703003,7.992330532822779,0.7224639574899642,9.039465454074508,False
TurbOPark 0.06,-0.45833332240581515,0.44017094373703003,8.0090506087131,0.7210840700820582,9.003365134159424,True
TurbOPark 0.06,-0.4305555452903112,0.44017094373703003,8.017979802831661,0.7200722515857072,8.980719199759067,True
TurbOPark 0.06,-0.4027777681748072,0.44017094373703003,8.034096432231172,0.7195903444084428,8.95670534301271,True
TurbOPark 0.06,-0.37499999105930326,0.44017094373703003,8.044498650951136,0.716429130474785,8.905826970212475,True
TurbOPark 0.06,-0.3472222139437993,0.44017094373703003,8.056777930766291,0.7146368971178008,8.870008622042667,True
TurbOPark 0.06,-0.3194444368282954,0.44017094373703003,8.069983820920141,0.7166714274795201,8.880704638114194,True
TurbOPark 0.06,-0.29166665971279143,0.44017094373703003,8.081282669188825,0.708445421920736,8.766497237150196,True
TurbOPark 0.06,-0.2638888825972875,0.44017094373703003,8.092315137969454,0.709708174073092,8.770149975290927,True
TurbOPark 0.06,-0.23611110548178355,0.44017094373703003,8.104930008844612,0.7116014782685314,8.779859634715992,True
TurbOPark 0.06,-0.2083333283662796,0.44017094373703003,8.112398222504826,0.714527347283728,8.807843595517022,True
TurbOPark 0.06,-0.18055555125077566,0.44017094373703003,8.129305810716751,0.7086295346132,8.716974746835374,True
TurbOPark 0.06,-0.15277777413527172,0.44017094373703003,8.135845949362317,0.7027393400898477,8.637569399220595,True
TurbOPark 0.06,-0.12499999701976776,0.44017094373703003,8.135758057538665,0.7155363372691086,8.794955948893863,True
TurbOPark 0.06,-0.09722221990426382,0.44017094373703003,8.16647017149797,0.6769328903067398,8.289173609784587,True
TurbOPark 0.06,-0.06944444278875987,0.44017094373703003,8.161126470301065,0.6866981378295764,8.414256785855741,True
TurbOPark 0.06,-0.04166666567325592,0.44017094373703003,8.159023398440338,0.6850379742433693,8.396078069518955,True
TurbOPark 0.06,-0.013888888557751973,0.44017094373703003,8.16128590591144,0.6936213118486173,8.498921859191439,True
TurbOPark 0.06,0.013888888557751973,0.44017094373703003,8.140517781168214,0.7109596284376063,8.733592230242378,True
TurbOPark 0.06,0.04166666567325592,0.44017094373703003,8.151915675331237,0.7088607618948399,8.695634132231584,True
TurbOPark 0.06,0.06944444278875987,0.44017094373703003,8.151598888457006,0.7061538628397296,8.66276509065813,True
TurbOPark 0.06,0.09722221990426382,0.44017094373703003,8.154001396415351,0.6957780634932613,8.532964733108068,True
TurbOPark 0.06,0.12499999701976776,0.44017094373703003,8.148794664953085,0.6873717364452235,8.435256558881289,True
TurbOPark 0.06,0.15277777413527172,0.44017094373703003,8.142541940795526,0.6895550317852526,8.468547497808565,True
TurbOPark 0.06,0.18055555125077566,0.44017094373703003,8.131583731085511,0.6704476857529296,8.244982870802087,True
TurbOPark 0.06,0.2083333283662796,0.44017094373703003,8.100970415152263,0.6934207725674417,8.559724786433605,True
TurbOPark 0.06,0.23611110548178355,0.44017094373703003,8.077360210665104,0.6989942578333982,8.653746268619631,True
TurbOPark 0.06,0.2638888825972875,0.44017094373703003,8.060615505685453,0.6900687656693859,8.560993452456014,True
TurbOPark 0.06,0.29166665971279143,0.44017094373703003,8.033099686447994,0.6984587382647134,8.694759999593032,True
TurbOPark 0.06,0.3194444368282954,0.44017094373703003,8.00032773110188,0.7067058946910415,8.833461808616525,True
TurbOPark 0.06,0.3472222139437993,0.44017094373703003,7.975953923442432,0.6947131912650137,8.71009534324359,True
TurbOPark 0.06,0.37499999105930326,0.44017094373703003,7.935183102339907,0.7032651716206617,8.862620591745195,True
TurbOPark 0.06,0.4027777681748072,0.44017094373703003,7.891637452653075,0.7040588331204252,8.921581070399135,True
TurbOPark 0.06,0.4305555452903112,0.44017094373703003,7.8564729040780925,0.6988802115158845,8.895597554382373,True
TurbOPark 0.06,0.45833332240581515,0.44017094373703003,7.811849489494622,0.6959293228761895,8.908637113555189,True
TurbOPark 0.06,0.4861110995213191,0.44017094373703003,7.772235582123682,0.6858860385789367,8.824823068365172,False
TurbOPark 0.06,0.513888876636823,0.44017094373703003,7.717101112130444,0.6909782257092258,8.953857357435464,False
TurbOPark 0.06,0.5416666537523269,0.44017094373703003,7.679227431320822,0.6765184487826059,8.809720181268874,False
TurbOPark 0.06,-0.5416666537523269,0.4692307730515798,8.041549075259386,0.716651157236155,8.9118545510218,False
TurbOPark 0.06,-0.513888876636823,0.4692307730515798,8.03928117102077,0.7201339311262784,8.957690567188372,False
TurbOPark 0.06,-0.4861110995213191,0.4692307730515798,8.034458195923666,0.7152156120688566,8.901852428975559,False
TurbOPark 0.06,-0.45833332240581515,0.4692307730515798,8.045164132101712,0.7257125510158797,9.020481609817638,True
TurbOPark 0.06,-0.4305555452903112,0.4692307730515798,8.060825607816865,0.7161571020595088,8.884413792118592,True
TurbOPark 0.06,-0.4027777681748072,0.4692307730515798,8.075674853118194,0.7130744839555094,8.829905821185655,True
TurbOPark 0.06,-0.37499999105930326,0.4692307730515798,8.09654967387083,0.7135961267081922,8.813583013158164,True
TurbOPark 0.06,-0.3472222139437993,0.4692307730515798,8.107712724145635,0.7130506975779797,8.794720802754128,True
TurbOPark 0.06,-0.3194444368282954,0.4692307730515798,8.11864227127405,0.7107046637479654,8.753984225449008,True
TurbOPark 0.06,-0.29166665971279143,0.4692307730515798,8.131468923024599,0.713492129286343,8.774455587797425,True
TurbOPark 0.06,-0.2638888825972875,0.4692307730515798,8.140873888958286,0.709462261728354,8.714817001288022,True
TurbOPark 0.06,-0.23611110548178355,0.4692307730515798,8.152587578522509,0.7151873720893875,8.772519953953083,True
TurbOPark 0.06,-0.2083333283662796,0.4692307730515798,8.160995539537975,0.7193390505894979,8.814354169224584,True
TurbOPark 0.06,-0.18055555125077566,0.4692307730515798,8.165097499732608,0.7217894805169046,8.839937067996333,True
TurbOPark 0.06,-0.15277777413527172,0.4692307730515798,8.173345777269482,0.7244209716459705,8.863212096821165,True
TurbOPark 0.06,-0.12499999701976776,0.4692307730515798,8.184742398291096,0.720220911285908,8.79955502858934,True
TurbOPark 0.06,-0.09722221990426382,0.4692307730515798,8.197582310992356,0.7074498988067517,8.62998225535489,True
TurbOPark 0.06,-0.06944444278875987,0.4692307730515798,8.19788615238455,0.7087735617720006,8.64580879262195,True
TurbOPark 0.06,-0.04166666567325592,0.4692307730515798,8.197226789072676,0.7130653282011002,8.69886056039895,True
TurbOPark 0.06,-0.013888888557751973,0.4692307730515798,8.197018331885078,0.7165874097408845,8.74204961764542,True
TurbOPark 0.06,0.013888888557751973,0.4692307730515798,8.204357811796143,0.7063434968137892,8.609369715667636,True
TurbOPark 0.06,0.04166666567325592,0.4692307730515798,8.205561133221698,0.7068512325420597,8.614294879606035,True
TurbOPark 0.06,0.06944444278875987,0.4692307730515798,8.214841083429768,0.6903005200363735,8.403090370534192,True
TurbOPark 0.06,0.09722221990426382,0.4692307730515798,8.200591859530855,0.7072031526000151,8.623806241229925,True
TurbOPark 0.06,0.12499999701976776,0.4692307730515798,8.20352885027622,0.6880641065919535,8.387416185764812,True
TurbOPark 0.06,0.15277777413527172,0.4692307730515798,8.183922709296649,0.6985257370007804,8.535341324854885,True
TurbOPark 0.06,0.18055555125077566,0.4692307730515798,8.16980962139383,0.6983840382658308,8.548351438165842,True
TurbOPark 0.06,0.2083333283662796,0.4692307730515798,8.150241325387428,0.7028731719249691,8.623955339034792,True
TurbOPark 0.06,0.23611110548178355,0.4692307730515798,8.129137485650066,0.7018436698042272,8.633679416090015,True
TurbOPark 0.06,0.2638888825972875,0.4692307730515798,8.098470111907512,0.696723868244547,8.603154158958066,True
TurbOPark 0.06,0.29166665971279143,0.4692307730515798,8.069339025500717,0.7014532000717981,8.692821033483243,True
TurbOPark 0.06,0.3194444368282954,0.4692307730515798,8.04740506376947,0.7022707568278542,8.726673396739706,True
TurbOPark 0.06,0.3472222139437993,0.4692307730515798,8.023109267004294,0.690395486666001,8.605086428341567,True
TurbOPark 0.06,0.37499999105930326,0.4692307730515798,7.978637435114769,0.7003405449458651,8.77769607456528,True
TurbOPark 0.06,0.4027777681748072,0.4692307730515798,7.92494354151735,0.7068930819615611,8.919850069067063,True
TurbOPark 0.06,0.4305555452903112,0.4692307730515798,7.879124500690414,0.7087548758507778,8.995350635577248,True
TurbOPark 0.06,0.45833332240581515,0.4692307730515798,7.835752595371218,0.702221455121544,8.961761446326985,True
TurbOPark 0.06,0.4861110995213191,0.4692307730515798,7.799030228724258,0.693774659920715,8.895652915480499,False
TurbOPark 0.06,0.513888876636823,0.4692307730515798,7.759533833431276,0.68361401776093,8.80998823428849,False
TurbOPark 0.06,0.5416666537523269,0.4692307730515798,7.710547025263121,0.681926980188277,8.844080425863252,False
TurbOPark 0.06,-0.5416666537523269,0.49829060236612954,8.088208659812976,0.7191832760502416,8.891749784146533,False
TurbOPark 0.06,-0.513888876636823,0.49829060236612954,8.085947211415206,0.7121930881950237,8.807788000267879,False
TurbOPark 0.06,-0.4861110995213191,0.49829060236612954,8.081766057318822,0.7099443795709017,8.784520295882338,False
TurbOPark 0.06,-0.45833332240581515,0.49829060236612954,8.08105591481852,0.711178755548322,8.800567191277667,True
TurbOPark 0.06,-0.4305555452903112,0.49829060236612954,8.105959664769662,0.7184020321059121,8.862640104517794,True
TurbOPark 0.06,-0.4027777681748072,0.49829060236612954,8.115289943496675,0.7213013788840844,8.888177550108502,True
TurbOPark 0.06,-0.37499999105930326,0.49829060236612954,8.126077169189795,0.7183070487179584,8.839530240266924,True
TurbOPark 0.06,-0.3472222139437993,0.49829060236612954,8.145380144781532,0.7204814483126077,8.845277144912576,True
TurbOPark 0.06,-0.3194444368282954,0.49829060236612954,8.166280698763979,0.7137560427418423,8.740282988923882,True
TurbOPark 0.06,-0.29166665971279143,0.49829060236612954,8.17638948655789,0.7158067292501374,8.754557625060972,True
TurbOPark 0.06,-0.2638888825972875,0.49829060236612954,8.189109971835586,0.7152741231416012,8.734454972538032,True
TurbOPark 0.06,-0.23611110548178355,0.49829060236612954,8.192897533704414,0.7223429361963918,8.816696818491575,True
TurbOPark 0.06,-0.2083333283662796,0.49829060236612954,8.206220552867183,0.7216955175459876,8.794493310246619,True
TurbOPark 0.06,-0.18055555125077566,0.49829060236612954,8.215860757024863,0.7224530920493798,8.793395036930924,True
TurbOPark 0.06,-0.15277777413527172,0.49829060236612954,8.224472476998343,0.7198331535053619,8.7523322075494,True
TurbOPark 0.06,-0.12499999701976776,0.49829060236612954,8.236241136977629,0.7208303874909611,8.751933989094898,True
TurbOPark 0.06,-0.09722221990426382,0.49829060236612954,8.244336874147832,0.7158448333590789,8.682867334106499,True
TurbOPark 0.06,-0.06944444278875987,0.49829060236612954,8.24501002794701,0.7210593001182719,8.745402342437346,True
TurbOPark 0.06,-0.04166666567325592,0.49829060236612954,8.249017753144422,0.719003397880493,8.716230457940497,True
TurbOPark 0.06,-0.013888888557751973,0.49829060236612954,8.248600027563908,0.7129047736760783,8.642736601287519,True
TurbOPark 0.06,0.013888888557751973,0.49829060236612954,8.255559311398985,0.7043525361379931,8.531857256060748,True
TurbOPark 0.06,0.04166666567325592,0.49829060236612954,8.257818359981444,0.6943905738850993,8.408886507485008,True
TurbOPark 0.06,0.06944444278875987,0.49829060236612954,8.256289970629195,0.6982735220362404,8.457473326642697,True
TurbOPark 0.06,0.09722221990426382,0.49829060236612954,8.256669986437421,0.6941415417711047,8.407039919378104,True
TurbOPark 0.06,0.12499999701976776,0.49829060236612954,8.260446811104917,0.6677868210592784,8.08414891264163,True
TurbOPark 0.06,0.15277777413527172,0.49829060236612954,8.23774239602456,0.6900858223798403,8.377123114615333,True
TurbOPark 0.06,0.18055555125077566,0.49829060236612954,8.214600301970556,0.7049683662464765,8.581894922840805,True
TurbOPark 0.06,0.2083333283662796,0.49829060236612954,8.187923066047318,0.7144989518373284,8.726253850626975,True
TurbOPark 0.06,0.23611110548178355,0.49829060236612954,8.165643485859182,0.7098753643814663,8.693440579554936,True
TurbOPark 0.06,0.2638888825972875,0.49829060236612954,8.130830605979568,0.7167557884431335,8.815283741319337,True
TurbOPark 0.06,0.29166665971279143,0.49829060236612954,8.097266260945293,0.718821244806288,8.877332443337131,True
TurbOPark 0.06,0.3194444368282954,0.49829060236612954,8.077070554096244,0.7173454892305522,8.88125817926345,True
TurbOPark 0.06,0.3472222139437993,0.49829060236612954,8.052465981107646,0.7052442244527187,8.758114919172993,True
TurbOPark 0.06,0.37499999105930326,0.49829060236612954,8.01039789651761,0.7036315216862136,8.783977160386826,True
TurbOPark 0.06,0.4027777681748072,0.49829060236612954,7.953261237036364,0.7090124846656873,8.914739042695995,True
TurbOPark 0.06,0.4305555452903112,0.49829060236612954,7.909889568318617,0.7089386524369214,8.962687105979644,True
TurbOPark 0.06,0.45833332240581515,0.49829060236612954,7.880460442889743,0.6988636883658245,8.868310340880958,True
TurbOPark 0.06,0.4861110995213191,0.49829060236612954,7.837243365085043,0.6936881561658501,8.851175392309932,False
TurbOPark 0.06,0.513888876636823,0.49829060236612954,7.780220409524354,0.6887583835872872,8.852684722712048,False
TurbOPark 0.06,0.5416666537523269,0.49829060236612954,7.732813040298673,0.6861430955434991,8.873137006775446,False
TurbOPark 0.06,-0.5416666537523269,0.5273504316806793,8.132613319410126,0.7130198507444645,8.767413655862605,False
TurbOPark 0.06,-0.513888876636823,0.5273504316806793,8.123193763050727,0.7252902053846882,8.928633571240827,False
TurbOPark 0.06,-0.4861110995213191,0.5273504316806793,8.12862954729786,0.7216764789650736,8.878206034189061,True
TurbOPark 0.06,-0.45833332240581515,0.5273504316806793,8.130033202592958,0.7224632820560524,8.886350941661997,True
TurbOPark 0.06,-0.4305555452903112,0.5273504316806793,8.1408440546358,0.7297244477089077,8.963744334266744,True
TurbOPark 0.06,-0.4027777681748072,0.5273504316806793,8.161942339871313,0.7216814502558783,8.842030734895596,True
TurbOPark 0.06,-0.37499999105930326,0.5273504316806793,8.166518043868086,0.7292206155090307,8.929394530102993,True
TurbOPark 0.06,-0.3472222139437993,0.5273504316806793,8.18785908224186,0.7228922933071981,8.82883164019071,True
TurbOPark 0.06,-0.3194444368282954,0.5273504316806793,8.210032180488541,0.7176839959076257,8.741549121003805,True
TurbOPark 0.06,-0.29166665971279143,0.5273504316806793,8.228925069348149,0.7098982240161872,8.626864603014566,True
TurbOPark 0.06,-0.2638888825972875,0.5273504316806793,8.23206447830962,0.7240024093518936,8.794906930813557,True
TurbOPark 0.06,-0.23611110548178355,0.5273504316806793,8.238159817403146,0.7282938222662747,8.84049154676207,True
TurbOPark 0.06,-0.2083333283662796,0.5273504316806793,8.250077592660716,0.7293425565532106,8.840432691227475,True
TurbOPark 0.06,-0.18055555125077566,0.5273504316806793,8.270293196569272,0.7180385815901734,8.682141787766776,True
TurbOPark 0.06,-0.15277777413527172,0.5273504316806793,8.268629662693849,0.7257265309322319,8.776865823445242,True
TurbOPark 0.06,-0.12499999701976776,0.5273504316806793,8.27743604936756,0.7278151964459548,8.792761334611141,True
TurbOPark 0.06,-0.09722221990426382,0.5273504316806793,8.274025788023078,0.7357306207649498,8.892051337692756,True
TurbOPark 0.06,-0.06944444278875987,0.5273504316806793,8.285149168113126,0.7324370331156429,8.840360242813219,True
TurbOPark 0.06,-0.04166666567325592,0.5273504316806793,8.289373237214884,0.7289961520309918,8.794345859083606,True
TurbOPark 0.06,-0.013888888557751973,0.5273504316806793,8.295582922432995,0.7206559432770544,8.687224876364622,True
TurbOPark 0.06,0.013888888557751973,0.5273504316806793,8.300372469118194,0.7140137288913626,8.602189016792607,True
TurbOPark 0.06,0.04166666567325592,0.5273504316806793,8.308516247659526,0.7028506591569839,8.459400429709383,True
TurbOPark 0.06,0.06944444278875987,0.5273504316806793,8.306896575195537,0.6991030080050239,8.415934900315856,True
TurbOPark 0.06,0.09722221990426382,0.5273504316806793,8.301915730564682,0.6983308887323467,8.4116836570786,True
TurbOPark 0.06,0.12499999701976776,0.5273504316806793,8.294017904915318,0.6943679232758689,8.37191251859202,True
TurbOPark 0.06,0.15277777413527172,0.5273504316806793,8.283523591878337,0.6934487186275753,8.371422027547236,True
TurbOPark 0.06,0.18055555125077566,0.5273504316806793,8.273872898387493,0.6833425281231316,8.259040675574182,True
TurbOPark 0.06,0.2083333283662796,0.5273504316806793,8.24183759617626,0.7083573922303253,8.594653606848095,True
TurbOPark 0.06,0.23611110548178355,0.5273504316806793,8.209994189047794,0.7184261650940723,8.750629398160346,True
TurbOPark 0.06,0.2638888825972875,0.5273504316806793,8.176792621712503,0.7201970671850692,8.807818670522122,True
TurbOPark 0.06,0.29166665971279143,0.5273504316806793,8.13034718404933,0.7300937336087908,8.979859249321338,True
TurbOPark 0.06,0.3194444368282954,0.5273504316806793,8.10833420868406,0.7207808796812081,8.889382962399955,True
TurbOPark 0.06,0.3472222139437993,0.5273504316806793,8.073051798762231,0.7203563085556979,8.922973944823985,True
TurbOPark 0.06,0.37499999105930326,0.5273504316806793,8.038800633375503,0.6970899595435566,8.671566709210047,True
TurbOPark 0.06,0.4027777681748072,0.5273504316806793,8.005574763686253,0.7053014911006078,8.810129340118038,True
TurbOPark 0.06,0.4305555452903112,0.5273504316806793,7.957541290559499,0.7084716242185513,8.903147320882306,True
TurbOPark 0.06,0.45833332240581515,0.5273504316806793,7.910033241762446,0.7032229393732132,8.890265285617524,True
TurbOPark 0.06,0.4861110995213191,0.5273504316806793,7.850355910314057,0.699490053958642,8.910297341291608,True
TurbOPark 0.06,0.513888876636823,0.5273504316806793,7.795047493151867,0.694763924231563,8.91288891879016,False
TurbOPark 0.06,0.5416666537523269,0.5273504316806793,7.747183888635003,0.6913054396226146,8.923312645731164,False
TurbOPark 0.06,-0.5416666537523269,0.5564102609952291,8.164734361497988,0.7258389826763385,8.88992771276356,False
TurbOPark 0.06,-0.513888876636823,0.5564102609952291,8.15566615836517,0.7197737867122417,8.825444454638182,False
TurbOPark 0.06,-0.4861110995213191,0.5564102609952291,8.163198716366445,0.7265434057554784,8.90022932185673,True
TurbOPark 0.06,-0.45833332240581515,0.5564102609952291,8.174207175728267,0.7361564174680729,9.005844868404456,True
TurbOPark 0.06,-0.4305555452903112,0.5564102609952291,8.187332745306438,0.73451051603332,8.971304072799455,True
TurbOPark 0.06,-0.4027777681748072,0.5564102609952291,8.198816368079425,0.7376973318237358,8.997607687566022,True
TurbOPark 0.06,-0.37499999105930326,0.5564102609952291,8.213041593826198,0.7322843948422608,8.916116964423074,True
TurbOPark 0.06,-0.3472222139437993,0.5564102609952291,8.230898787789206,0.735364217969441,8.934190990908267,True
TurbOPark 0.06,-0.3194444368282954,0.5564102609952291,8.246368514889175,0.731204496530483,8.86698787727303,True
TurbOPark 0.06,-0.29166665971279143,0.5564102609952291,8.263342813457186,0.7294306752470083,8.827307443412625,True
TurbOPark 0.06,-0.2638888825972875,0.5564102609952291,8.275721184233618,0.7258612224583826,8.770972417983918,True
TurbOPark 0.06,-0.23611110548178355,0.5564102609952291,8.285783812201583,0.7273117852741059,8.7778272008868,True
TurbOPark 0.06,-0.2083333283662796,0.5564102609952291,8.295760148222753,0.7316314253729199,8.819341594991286,True
TurbOPark 0.06,-0.18055555125077566,0.5564102609952291,8.308361352544601,0.7283148431941564,8.766046784557528,True
TurbOPark 0.06,-0.15277777413527172,0.5564102609952291,8.31221983852965,0.733703026355508,8.826800067950234,True
TurbOPark 0.06,-0.12499999701976776,0.5564102609952291,8.309873472727084,0.7417288301484476,8.925873932771584,True
TurbOPark 0.06,-0.09722221990426382,0.5564102609952291,8.322486574724358,0.7364543152383789,8.848969699452718,True
TurbOPark 0.06,-0.06944444278875987,0.5564102609952291,8.32602740629633,0.7338304924653065,8.813692973318432,True
TurbOPark 0.06,-0.04166666567325592,0.5564102609952291,8.337806409141162,0.7285146924667297,8.73748629697161,True
TurbOPark 0.06,-0.013888888557751973,0.5564102609952291,8.3477725262309,0.7135786114661725,8.548131962435734,True
TurbOPark 0.06,0.013888888557751973,0.5564102609952291,8.351647225051904,0.7108150588132356,8.511076194418855,True
TurbOPark 0.06,0.04166666567325592,0.5564102609952291,8.34501429355165,0.7189269112033461,8.615047091757225,True
TurbOPark 0.06,0.06944444278875987,0.5564102609952291,8.344228032968976,0.7139528526998682,8.556248102028862,True
TurbOPark 0.06,0.09722221990426382,0.5564102609952291,8.334208004537667,0.7192575322363813,8.630184557966064,True
TurbOPark 0.06,0.12499999701976776,0.5564102609952291,8.33499808454452,0.7041493391553321,8.448104390821962,True
TurbOPark 0.06,0.15277777413527172,0.5564102609952291,8.322534210492949,0.7039256559218535,8.458068637727589,True
TurbOPark 0.06,0.18055555125077566,0.5564102609952291,8.304618328091308,0.7108342611267641,8.559505482898437,True
TurbOPark 0.06,0.2083333283662796,0.5564102609952291,8.283083625756932,0.7127381923365554,8.60474461612626,True
TurbOPark 0.06,0.23611110548178355,0.5564102609952291,8.239653696736703,0.7305599303489199,8.86639120086147,True
TurbOPark 0.06,0.2638888825972875,0.5564102609952291,8.20669275312626,0.731093300322434,8.908500931071545,True
TurbOPark 0.06,0.29166665971279143,0.5564102609952291,8.191082327001254,0.7210396203422041,8.80273926640139,True
TurbOPark 0.06,0.3194444368282954,0.5564102609952291,8.162310266469612,0.7122933504580815,8.726614490313473,True
TurbOPark 0.06,0.3472222139437993,0.5564102609952291,8.136615152103502,0.697793592368661,8.575968991089193,True
TurbOPark 0.06,0.37499999105930326,0.5564102609952291,8.097905569463293,0.6939642863645731,8.569676200985473,True
TurbOPark 0.06,0.4027777681748072,0.5564102609952291,8.042231242449011,0.7099955113387127,8.82833992127918,True
TurbOPark 0.06,0.4305555452903112,0.5564102609952291,7.992211432134654,0.7031978100391835,8.798538627391707,True
TurbOPark 0.06,0.45833332240581515,0.5564102609952291,7.950932053009403,0.6937481749313575,8.72536918069594,True
TurbOPark 0.06,0.4861110995213191,0.5564102609952291,7.9013561859750565,0.6955274593177724,8.802633914318871,True
TurbOPark 0.06,0.513888876636823,0.5564102609952291,7.828555065093059,0.6990374052598524,8.929328585511366,False
TurbOPark 0.06,0.5416666537523269,0.5564102609952291,7.772154732011298,0.6946684146201288,8.937912825628484,False
TurbOPark 0.06,-0.5416666537523269,0.5854700903097788,8.204547622532306,0.7358444825559886,8.968739245721784,False
TurbOPark 0.06,-0.513888876636823,0.5854700903097788,8.198064211912907,0.726352400951095,8.860047715844988,False
TurbOPark 0.06,-0.4861110995213191,0.5854700903097788,8.204840456321351,0.7345423811346257,8.952549230481424,True
TurbOPark 0.06,-0.45833332240581515,0.5854700903097788,8.217341995078325,0.7406613960879912,9.013393826514719,True
TurbOPark 0.06,-0.4305555452903112,0.5854700903097788,8.235145052364933,0.7439447233804396,9.033778016657967,True
TurbOPark 0.06,-0.4027777681748072,0.5854700903097788,8.246521472125227,0.7431203329766721,9.01131871769881,True
TurbOPark 0.06,-0.37499999105930326,0.5854700903097788,8.255299275084484,0.7437180206213653,9.008977092641553,True
TurbOPark 0.06,-0.3472222139437993,0.5854700903097788,8.269790350782655,0.742332456752744,8.976436224679981,True
TurbOPark 0.06,-0.3194444368282954,0.5854700903097788,8.285938166513088,0.7387357080852457,8.915534888623512,True
TurbOPark 0.06,-0.29166665971279143,0.5854700903097788,8.288727236254445,0.7408686737399401,8.93826823615839,True
TurbOPark 0.06,-0.2638888825972875,0.5854700903097788,8.315295027084092,0.7379865362980076,8.875049338529553,True
TurbOPark 0.06,-0.23611110548178355,0.5854700903097788,8.332473084609989,0.7314152567253016,8.777889220863129,True
TurbOPark 0.06,-0.2083333283662796,0.5854700903097788,8.346290420638606,0.7276117440794909,8.71778607511981,True
TurbOPark 0.06,-0.18055555125077566,0.5854700903097788,8.359354068224327,0.7247042074808567,8.669380451721869,True
TurbOPark 0.06,-0.15277777413527172,0.5854700903097788,8.355499379130118,0.7334748454407671,8.77834839259037,True
TurbOPark 0.06,-0.12499999701976776,0.5854700903097788,8.361465939407536,0.7351167758582603,8.791721226700925,True
TurbOPark 0.06,-0.09722221990426382,0.5854700903097788,8.36332637079729,0.7422141461096902,8.87462850548703,True
TurbOPark 0.06,-0.06944444278875987,0.5854700903097788,8.375500126343677,0.7274628554089132,8.685604972063762,True
TurbOPark 0.06,-0.04166666567325592,0.5854700903097788,8.371949616643734,0.7399658790631864,8.838632731282901,True
TurbOPark 0.06,-0.013888888557751973,0.5854700903097788,8.389983112523957,0.7204330336287618,8.586823405560276,True
TurbOPark 0.06,0.013888888557751973,0.5854700903097788,8.392577076162162,0.7149989388798743,8.519420583109328,True
TurbOPark 0.06,0.04166666567325592,0.5854700903097788,8.383660005053716,0.7170598059657041,8.553064002278916,True
TurbOPark 0.06,0.06944444278875987,0.5854700903097788,8.382017799113548,0.7187105781589681,8.574433929679513,True
TurbOPark 0.06,0.09722221990426382,0.5854700903097788,8.378592372739636,0.7166091966765574,8.552859057902113,True
TurbOPark 0.06,0.12499999701976776,0.5854700903097788,8.369157887952225,0.7170188807912415,8.567395792872091,True
TurbOPark 0.06,0.15277777413527172,0.5854700903097788,8.355394035129207,0.7180962107191221,8.59440270201473,True
TurbOPark 0.06,0.18055555125077566,0.5854700903097788,8.342968873589605,0.7183430089036926,8.610160481092887,True
TurbOPark 0.06,0.2083333283662796,0.5854700903097788,8.322521850881241,0.7199718933900919,8.65088618918864,True
TurbOPark 0.06,0.23611110548178355,0.5854700903097788,8.292577824256004,0.725541826223613,8.7492917353321,True
TurbOPark 0.06,0.2638888825972875,0.5854700903097788,8.280872032675088,0.7025524509340775,8.484039460601615,True
TurbOPark 0.06,0.29166665971279143,0.5854700903097788,8.252947512514416,0.6965038541682924,8.439455759437992,True
TurbOPark 0.06,0.3194444368282954,0.5854700903097788,8.218822940196567,0.6976567615936585,8.488524046205733,True
TurbOPark 0.06,0.3472222139437993,0.5854700903097788,8.199361655668282,0.6670774862269834,8.13572463614686,True
TurbOPark 0.06,0.37499999105930326,0.5854700903097788,8.14728665713,0.6785482867395609,8.328518625838917,True
TurbOPark 0.06,0.4027777681748072,0.5854700903097788,8.08886143208292,0.7048192518159853,8.71345439322838,True
TurbOPark 0.06,0.4305555452903112,0.5854700903097788,8.044166586380141,0.6930500832767661,8.615561050789193,True
TurbOPark 0.06,0.45833332240581515,0.5854700903097788,7.991303761182625,0.6845699847839462,8.56643678230844,True
TurbOPark 0.06,0.4861110995213191,0.5854700903097788,7.9413183031526025,0.6850827295678718,8.626813627353314,True
TurbOPark 0.06,0.513888876636823,0.5854700903097788,7.872637552315227,0.6933877436665346,8.807565940370509,False
TurbOPark 0.06,0.5416666537523269,0.5854700903097788,7.8207646790578655,0.7025595591398361,8.983259156500672,False
TurbOPark 0.06,-0.5416666537523269,0.6145299196243286,8.25305699140814,0.7216587644471826,8.744138871189994,False
TurbOPark 0.06,-0.513888876636823,0.6145299196243286,8.246369450028466,0.7443021558916942,9.025816274689525,False
TurbOPark 0.06,-0.4861110995213191,0.6145299196243286,8.258249278912281,0.7430465277194026,8.997627737113689,True
TurbOPark 0.06,-0.45833332240581515,0.6145299196243286,8.27419864231846,0.7427490385716932,8.976688507004132,True
TurbOPark 0.06,-0.4305555452903112,0.6145299196243286,8.275505617734277,0.7503306272161683,9.066885600418441,True
TurbOPark 0.06,-0.4027777681748072,0.6145299196243286,8.288879776621068,0.7469022356194837,9.010894786122181,True
TurbOPark 0.06,-0.37499999105930326,0.6145299196243286,8.293408678587882,0.7516258075597271,9.062929811963714,True
TurbOPark 0.06,-0.3472222139437993,0.6145299196243286,8.307942894626171,0.7514665056496003,9.045157329327234,True
TurbOPark 0.06,-0.3194444368282954,0.6145299196243286,8.325018041766553,0.7497473405887812,9.005954543609448,True
TurbOPark 0.06,-0.29166665971279143,0.6145299196243286,8.336404207255264,0.744097150171059,8.92587657306088,True
TurbOPark 0.06,-0.2638888825972875,0.6145299196243286,8.358191081721056,0.739341438808448,8.845711130310848,True
TurbOPark 0.06,-0.23611110548178355,0.6145299196243286,8.3823180802165,0.7278174582320953,8.682770699788298,True
TurbOPark 0.06,-0.2083333283662796,0.6145299196243286,8.392793848202622,0.7275041070573743,8.668199412680375,True
TurbOPark 0.06,-0.18055555125077566,0.6145299196243286,8.396854189066737,0.7310244423275619,8.705932315454572,True
TurbOPark 0.06,-0.15277777413527172,0.6145299196243286,8.40381748386056,0.7319535325253722,8.709774265458298,True
TurbOPark 0.06,-0.12499999701976776,0.6145299196243286,8.412155117897058,0.7321398102120855,8.703356036010806,True
TurbOPark 0.06,-0.09722221990426382,0.6145299196243286,8.428154415486334,0.7209240027300765,8.553758832484284,True
TurbOPark 0.06,-0.06944444278875987,0.6145299196243286,8.42090550888255,0.7339390621468695,8.715678633048372,True
TurbOPark 0.06,-0.04166666567325592,0.6145299196243286,8.410792698863283,0.7390066263737638,8.786408758756359,True
TurbOPark 0.06,-0.013888888557751973,0.6145299196243286,8.422660472337318,0.737212966130846,8.752732803988557,True
TurbOPark 0.06,0.013888888557751973,0.6145299196243286,8.439142346851431,0.7137075901796249,8.457110460352677,True
TurbOPark 0.06,0.04166666567325592,0.6145299196243286,8.424900457598975,0.7309683854261805,8.676285127699899,True
TurbOPark 0.06,0.06944444278875987,0.6145299196243286,8.41980043341291,0.7203290566840461,8.55517969078592,True
TurbOPark 0.06,0.09722221990426382,0.6145299196243286,8.431458600491958,0.6988789364971563,8.288944648988469,True
TurbOPark 0.06,0.12499999701976776,0.6145299196243286,8.422678994854733,0.7040017190388346,8.358406149265535,True
TurbOPark 0.06,0.15277777413527172,0.6145299196243286,8.398108267147295,0.7202050017254257,8.575800392367029,True
TurbOPark 0.06,0.18055555125077566,0.6145299196243286,8.389297407578594,0.7068475903086637,8.425587459447112,True
TurbOPark 0.06,0.2083333283662796,0.6145299196243286,8.368785229323956,0.7098398090836517,8.481993379354458,True
TurbOPark 0.06,0.23611110548178355,0.6145299196243286,8.351206842061185,0.6945691198793555,8.316990981245137,True
TurbOPark 0.06,0.2638888825972875,0.6145299196243286,8.32879988013249,0.692488938479406,8.314390409730798,True
TurbOPark 0.06,0.29166665971279143,0.6145299196243286,8.300412905441126,0.6824571134920557,8.22196583792462,True
TurbOPark 0.06,0.3194444368282954,0.6145299196243286,8.26584285756688,0.6880334862077901,8.323815224456354,True
TurbOPark 0.06,0.3472222139437993,0.6145299196243286,8.217824425535534,0.6971847450414075,8.483811638455316,True
TurbOPark 0.06,0.37499999105930326,0.6145299196243286,8.177983729994011,0.6974182526713955,8.527997556579955,True
TurbOPark 0.06,0.4027777681748072,0.6145299196243286,8.131796041497589,0.6930022034704666,8.522129673862802,True
TurbOPark 0.06,0.4305555452903112,0.6145299196243286,8.092169808315113,0.683573299658188,8.447342503314523,True
TurbOPark 0.06,0.45833332240581515,0.6145299196243286,8.037372484191865,0.6887549688074392,8.569404617766594,True
TurbOPark 0.06,0.4861110995213191,0.6145299196243286,7.9857658664884115,0.690608370031623,8.64799170896936,True
TurbOPark 0.06,0.513888876636823,0.6145299196243286,7.933110112669792,0.6815520020552178,8.591233354579643,False
TurbOPark 0.06,0.5416666537523269,0.6145299196243286,7.872881218059376,0.6916603658841166,8.785352486933713,False
TurbOPark 0.06,-0.5416666537523269,0.6435897489388783,8.290241463316873,0.7332931054536747,8.845256301621506,False
TurbOPark 0.06,-0.513888876636823,0.6435897489388783,8.30037192831468,0.7370989306092424,8.880312074869927,False
TurbOPark 0.06,-0.4861110995213191,0.6435897489388783,8.313594515774389,0.7347829678152585,8.838330597205166,True
TurbOPark 0.06,-0.45833332240581515,0.6435897489388783,8.311949966352758,0.7483649920065256,9.003482877495044,True
TurbOPark 0.06,-0.4305555452903112,0.6435897489388783,8.318594299791933,0.7548373866856181,9.074097852139493,True
TurbOPark 0.06,-0.4027777681748072,0.6435897489388783,8.326790874267818,0.7526794687217444,9.039250295666013,True
TurbOPark 0.06,-0.37499999105930326,0.6435897489388783,8.335940873919066,0.7553673517717518,9.061572810995994,True
TurbOPark 0.06,-0.3472222139437993,0.6435897489388783,8.353660399609627,0.7553060099751076,9.041617373030912,True
TurbOPark 0.06,-0.3194444368282954,0.6435897489388783,8.37720876097154,0.74725784557323,8.920129208843633,True
TurbOPark 0.06,-0.29166665971279143,0.6435897489388783,8.382892052920456,0.7510430162741136,8.959235208241328,True
TurbOPark 0.06,-0.2638888825972875,0.6435897489388783,8.396372581081355,0.7457726849797651,8.882081848775204,True
TurbOPark 0.06,-0.23611110548178355,0.6435897489388783,8.426491692816137,0.7293760418064924,8.655749846977356,True
TurbOPark 0.06,-0.2083333283662796,0.6435897489388783,8.425433137708023,0.7398610532939411,8.781282115725224,True
TurbOPark 0.06,-0.18055555125077566,0.6435897489388783,8.435985485712749,0.7366353280596207,8.732060164247462,True
TurbOPark 0.06,-0.15277777413527172,0.6435897489388783,8.453528551751702,0.7243388444710009,8.568479304667477,True
TurbOPark 0.06,-0.12499999701976776,0.6435897489388783,8.461509447060832,0.7245389310451049,8.562762183014271,True
TurbOPark 0.06,-0.09722221990426382,0.6435897489388783,8.476506883767863,0.70787970574686,8.35107804964352,True
TurbOPark 0.06,-0.06944444278875987,0.6435897489388783,8.48468153317158,0.6967045585934946,8.211322438793598,True
TurbOPark 0.06,-0.04166666567325592,0.6435897489388783,8.478495834838752,0.7175065529628668,8.462663271173415,True
TurbOPark 0.06,-0.013888888557751973,0.6435897489388783,8.478060274011929,0.7201811914116154,8.494645804998697,True
TurbOPark 0.06,0.013888888557751973,0.6435897489388783,8.475611448493416,0.7250952776106422,8.555079264983668,True
TurbOPark 0.06,0.04166666567325592,0.6435897489388783,8.48264073257214,0.715050288337123,8.429571767567982,True
TurbOPark 0.06,0.06944444278875987,0.6435897489388783,8.481515591041989,0.6996997695681352,8.249702096959469,True
TurbOPark 0.06,0.09722221990426382,0.6435897489388783,8.47227499554992,0.6985358783143065,8.244962287947615,True
TurbOPark 0.06,0.12499999701976776,0.6435897489388783,8.461870309414344,0.699790241358594,8.26992397390013,True
TurbOPark 0.06,0.15277777413527172,0.6435897489388783,8.438947713951373,0.7105000347540191,8.419296562051352,True
TurbOPark 0.06,0.18055555125077566,0.6435897489388783,8.425708575653479,0.7187515308364908,8.530457995109877,True
TurbOPark 0.06,0.2083333283662796,0.6435897489388783,8.40924778120631,0.7104619329659775,8.448578891369776,True
TurbOPark 0.06,0.23611110548178355,0.6435897489388783,8.393561045464347,0.696136274241447,8.293694064661866,True
TurbOPark 0.06,0.2638888825972875,0.6435897489388783,8.366141252635531,0.6992578549940558,8.358188487120907,True
TurbOPark 0.06,0.29166665971279143,0.6435897489388783,8.342773767486548,0.6918224424873998,8.292475161960757,True
TurbOPark 0.06,0.3194444368282954,0.6435897489388783,8.305318736129905,0.6970511319571957,8.392828187615182,True
TurbOPark 0.06,0.3472222139437993,0.6435897489388783,8.264565310871005,0.6954481765890524,8.41481857096921,True
TurbOPark 0.06,0.37499999105930326,0.6435897489388783,8.217148319851038,0.7046619506399754,8.575504824923856,True
TurbOPark 0.06,0.4027777681748072,0.6435897489388783,8.169625984830061,0.7024336277974405,8.598112436258024,True
TurbOPark 0.06,0.4305555452903112,0.6435897489388783,8.138253696353754,0.6794815326185769,8.34923016620888,True
TurbOPark 0.06,0.45833332240581515,0.6435897489388783,8.07410510357049,0.6928061684041826,8.580593880277993,True
TurbOPark 0.06,0.4861110995213191,0.6435897489388783,8.022031997844195,0.6970158651467238,8.688769445622215,True
TurbOPark 0.06,0.513888876636823,0.6435897489388783,7.978739342760534,0.6876376506875863,8.618374672328539,False
TurbOPark 0.06,0.5416666537523269,0.6435897489388783,7.928031731887546,0.684585001472379,8.634993206685735,False
TurbOPark 0.06,-0.5416666537523269,0.6726495782534282,8.337646815796468,0.7413334743013508,8.891399344198938,False
TurbOPark 0.06,-0.513888876636823,0.6726495782534282,8.348421524143648,0.741656536394835,8.883793591997758,False
TurbOPark 0.06,-0.4861110995213191,0.6726495782534282,8.36497658738821,0.7420720011763609,8.871178459664494,True
TurbOPark 0.06,-0.45833332240581515,0.6726495782534282,8.3638321459358,0.7473367550215073,8.935338992720666,True
TurbOPark 0.06,-0.4305555452903112,0.6726495782534282,8.358945885570991,0.7546237674053005,9.027738398305864,True
TurbOPark 0.06,-0.4027777681748072,0.6726495782534282,8.364022114406295,0.7541964278017621,9.017150092211317,True
TurbOPark 0.06,-0.37499999105930326,0.6726495782534282,8.378910680623408,0.755275670652565,9.014007899608865,True
TurbOPark 0.06,-0.3472222139437993,0.6726495782534282,8.405395694728552,0.7533951933925825,8.963232913175933,True
TurbOPark 0.06,-0.3194444368282954,0.6726495782534282,8.418176704923152,0.7512364594551093,8.923980640793252,True
TurbOPark 0.06,-0.29166665971279143,0.6726495782534282,8.432293488316073,0.7504390276405357,8.899583828294835,True
TurbOPark 0.06,-0.2638888825972875,0.6726495782534282,8.460233252373442,0.7303438502244912,8.632668017984017,True
TurbOPark 0.06,-0.23611110548178355,0.6726495782534282,8.467235192078821,0.7358976445427381,8.691120865889934,True
TurbOPark 0.06,-0.2083333283662796,0.6726495782534282,8.468667949358366,0.741546479632995,8.75635323131519,True
TurbOPark 0.06,-0.18055555125077566,0.6726495782534282,8.481576352560394,0.7352912880551896,8.669276293589245,True
TurbOPark 0.06,-0.15277777413527172,0.6726495782534282,8.500955761703112,0.7200020242070059,8.469659699331949,True
TurbOPark 0.06,-0.12499999701976776,0.6726495782534282,8.50560243488294,0.7257918633823052,8.533103550733898,True
TurbOPark 0.06,-0.09722221990426382,0.6726495782534282,8.517518644063898,0.7189278426275717,8.440578443918206,True
TurbOPark 0.06,-0.06944444278875987,0.6726495782534282,8.52257450263676,0.7137359620117296,8.374652070109919,True
TurbOPark 0.06,-0.04166666567325592,0.6726495782534282,8.515424247591506,0.7315569705143937,8.590963283142429,True
TurbOPark 0.06,-0.013888888557751973,0.6726495782534282,8.52225118105456,0.7273465152588876,8.534675871509389,True
TurbOPark 0.06,0.013888888557751973,0.6726495782534282,8.52531292839046,0.7223485334340778,8.472985560782858,True
TurbOPark 0.06,0.04166666567325592,0.6726495782534282,8.514697790854468,0.7293458967406768,8.565728516214142,True
TurbOPark 0.06,0.06944444278875987,0.6726495782534282,8.517451933707827,0.7158628472980982,8.404659666643614,True
TurbOPark 0.06,0.09722221990426382,0.6726495782534282,8.511348324828598,0.7112690388081842,8.356714020660267,True
TurbOPark 0.06,0.12499999701976776,0.6726495782534282,8.500077823672834,0.7108505085203235,8.362870590909122,True
TurbOPark 0.06,0.15277777413527172,0.6726495782534282,8.490921255513358,0.7117170616680875,8.382094713291005,True
TurbOPark 0.06,0.18055555125077566,0.6726495782534282,8.464532234016557,0.7186066072943679,8.489619832818303,True
TurbOPark 0.06,0.2083333283662796,0.6726495782534282,8.439204956114787,0.7283791614796903,8.630897878027351,True
TurbOPark 0.06,0.23611110548178355,0.6726495782534282,8.433047604895021,0.7037251075978262,8.34484922377699,True
TurbOPark 0.06,0.2638888825972875,0.6726495782534282,8.416306065868746,0.6863874814207396,8.155448198400203,True
TurbOPark 0.06,0.29166665971279143,0.6726495782534282,8.384972771572857,0.7007111583000172,8.356749358514346,True
TurbOPark 0.06,0.3194444368282954,0.6726495782534282,8.342238360826947,0.7128385602777683,8.544931581253765,True
TurbOPark 0.06,0.3472222139437993,0.6726495782534282,8.2963840438431,0.7189616064938826,8.665963420864507,True
TurbOPark 0.06,0.37499999105930326,0.6726495782534282,8.247414980787433,0.7275462471399132,8.82150648214927,True
TurbOPark 0.06,0.4027777681748072,0.6726495782534282,8.216561356598008,0.7085034415318848,8.622870453744584,True
TurbOPark 0.06,0.4305555452903112,0.6726495782534282,8.175898313111825,0.6880193921141687,8.415214643885438,True
TurbOPark 0.06,0.45833332240581515,0.6726495782534282,8.125123856681917,0.6946571437138562,8.549496056513476,True
TurbOPark 0.06,0.4861110995213191,0.6726495782534282,8.072061508819996,0.6941936729525376,8.599955193527972,True
TurbOPark 0.06,0.513888876636823,0.6726495782534282,8.025766008907018,0.6854241507281362,8.540295717162081,False
TurbOPark 0.06,0.5416666537523269,0.6726495782534282,7.980777540743505,0.6765833511345857,8.477662078418915,False
TurbOPark 0.06,-0.5416666537523269,0.701709407567978,8.394173978548627,0.7273264034835628,8.664657241346804,False
TurbOPark 0.06,-0.513888876636823,0.701709407567978,8.399093825059586,0.736199027455474,8.765219710475746,False
TurbOPark 0.06,-0.4861110995213191,0.701709407567978,8.404410418484712,0.7433879233551073,8.845212053424893,True
TurbOPark 0.06,-0.45833332240581515,0.701709407567978,8.40115491705427,0.7528180670640772,8.960887812410924,True
TurbOPark 0.06,-0.4305555452903112,0.701709407567978,8.390533425078008,0.7570378012110547,9.022522917892035,True
TurbOPark 0.06,-0.4027777681748072,0.701709407567978,8.393523865228758,0.7595022133970213,9.048669254916353,True
TurbOPark 0.06,-0.37499999105930326,0.701709407567978,8.414510170354696,0.7597073935788575,9.028539727189298,True
TurbOPark 0.06,-0.3472222139437993,0.701709407567978,8.44254544255055,0.7588215297789761,8.988065684011657,True
TurbOPark 0.06,-0.3194444368282954,0.701709407567978,8.479585936813574,0.7349898464771211,8.66775632624006,True
TurbOPark 0.06,-0.29166665971279143,0.701709407567978,8.488910041368145,0.7370010114623383,8.681927454417423,True
TurbOPark 0.06,-0.2638888825972875,0.701709407567978,8.501714553978399,0.7344692032083693,8.639071548981523,True
TurbOPark 0.06,-0.23611110548178355,0.701709407567978,8.509701172790395,0.7389487110888893,8.683603525957686,True
TurbOPark 0.06,-0.2083333283662796,0.701709407567978,8.517232130914895,0.7402829237576439,8.691590323934555,True
TurbOPark 0.06,-0.18055555125077566,0.701709407567978,8.531898967726962,0.7301185310434575,8.557514965955733,True
TurbOPark 0.06,-0.15277777413527172,0.701709407567978,8.545277903710732,0.7223286886767057,8.452957256814775,True
TurbOPark 0.06,-0.12499999701976776,0.701709407567978,8.53817299728612,0.7392824485912863,8.658555510953796,True
TurbOPark 0.06,-0.09722221990426382,0.701709407567978,8.555830893919474,0.7262289188801289,8.488116792914303,True
TurbOPark 0.06,-0.06944444278875987,0.701709407567978,8.56026592142476,0.730507792652356,8.53370443579364,True
TurbOPark 0.06,-0.04166666567325592,0.701709407567978,8.574562048754222,0.7127808719053034,8.312737931715844,True
TurbOPark 0.06,-0.013888888557751973,0.701709407567978,8.567510141065535,0.7248501688547615,8.460453001163444,True
TurbOPark 0.06,0.013888888557751973,0.701709407567978,8.56920148125039,0.728028172422824,8.495869469468847,True
TurbOPark 0.06,0.04166666567325592,0.701709407567978,8.566113043011908,0.7279837996894354,8.498414578865642,True
TurbOPark 0.06,0.06944444278875987,0.701709407567978,8.559702426787135,0.7289062454086563,8.515555904462085,True
TurbOPark 0.06,0.09722221990426382,0.701709407567978,8.55367090249805,0.7258126334662256,8.485393484734796,True
TurbOPark 0.06,0.12499999701976776,0.701709407567978,8.540442805603504,0.7178561057490844,8.405373375700016,True
TurbOPark 0.06,0.15277777413527172,0.701709407567978,8.53667623366764,0.7070310225683518,8.282275246423252,True
TurbOPark 0.06,0.18055555125077566,0.701709407567978,8.518095151783966,0.7094302430216928,8.328508080508058,True
TurbOPark 0.06,0.2083333283662796,0.701709407567978,8.484432538260323,0.733781171433368,8.648559206810841,True
TurbOPark 0.06,0.23611110548178355,0.701709407567978,8.465406330089197,0.7298419343473133,8.621463706392735,True
TurbOPark 0.06,0.2638888825972875,0.701709407567978,8.453737256807607,0.7034680957793854,8.321385848760537,True
TurbOPark 0.06,0.29166665971279143,0.701709407567978,8.42696326213788,0.6998146495562585,8.304470160686554,True
TurbOPark 0.06,0.3194444368282954,0.701709407567978,8.380244684943765,0.722184507138224,8.617701920275973,True
TurbOPark 0.06,0.3472222139437993,0.701709407567978,8.339905830578733,0.725157463311748,8.695031791041542,True
TurbOPark 0.06,0.37499999105930326,0.701709407567978,8.309143985237595,0.7089263862167003,8.531882315148364,True
TurbOPark 0.06,0.4027777681748072,0.701709407567978,8.258327639075524,0.7156040473230377,8.665241663906007,True
TurbOPark 0.06,0.4305555452903112,0.701709407567978,8.216866651399359,0.7105113944028906,8.64698703954126,True
TurbOPark 0.06,0.45833332240581515,0.701709407567978,8.17152751728033,0.7041001301339814,8.616505648974696,True
TurbOPark 0.06,0.4861110995213191,0.701709407567978,8.124711392668093,0.6959378532444365,8.565693224161354,True
TurbOPark 0.06,0.513888876636823,0.701709407567978,8.080019532650878,0.6819389363284938,8.439817918419864,False
TurbOPark 0.06,0.5416666537523269,0.701709407567978,8.012559837084751,0.6962311534072481,8.689247476004637,False
TurbOPark 0.06,-0.5416666537523269,0.7307692368825277,8.446322740421046,0.7219024314769171,8.546943488462183,False
TurbOPark 0.06,-0.513888876636823,0.7307692368825277,8.44527393104127,0.7390844634160996,8.751456370166236,False
TurbOPark 0.06,-0.4861110995213191,0.7307692368825277,8.438651950810382,0.7543635013501432,8.939383988667764,True
TurbOPark 0.06,-0.45833332240581515,0.7307692368825277,8.449274163857828,0.7574718319899729,8.96493375999201,True
TurbOPark 0.06,-0.4305555452903112,0.7307692368825277,8.440822082296073,0.7630893447437079,9.04046237799781,True
TurbOPark 0.06,-0.4027777681748072,0.7307692368825277,8.448837814359294,0.7646210783415219,9.050014867630713,True
TurbOPark 0.06,-0.37499999105930326,0.7307692368825277,8.469108557683855,0.7637819817199492,9.018445997211652,True
TurbOPark 0.06,-0.3472222139437993,0.7307692368825277,8.495312973677498,0.7521530747410424,8.853741787637121,True
TurbOPark 0.06,-0.3194444368282954,0.7307692368825277,8.51541271045174,0.7492185100455556,8.798381658307315,True
TurbOPark 0.06,-0.29166665971279143,0.7307692368825277,8.531060643547681,0.7433248086329579,8.713158183855588,True
TurbOPark 0.06,-0.2638888825972875,0.7307692368825277,8.541978822537427,0.7420746438973749,8.687385666883904,True
TurbOPark 0.06,-0.23611110548178355,0.7307692368825277,8.5530041031392,0.7430034962189702,8.687047115366944,True
TurbOPark 0.06,-0.2083333283662796,0.7307692368825277,8.558394809167286,0.7482435586033369,8.74280253817993,True
TurbOPark 0.06,-0.18055555125077566,0.7307692368825277,8.577712690653557,0.728457444556744,8.49244397460975,True
TurbOPark 0.06,-0.15277777413527172,0.7307692368825277,8.582298974117302,0.7336135066011203,8.547983574256374,True
TurbOPark 0.06,-0.12499999701976776,0.7307692368825277,8.585815965271536,0.7378427798266204,8.593740918872413,True
TurbOPark 0.06,-0.09722221990426382,0.7307692368825277,8.600986312607604,0.7263257988501569,8.44468032445866,True
TurbOPark 0.06,-0.06944444278875987,0.7307692368825277,8.61198925126786,0.722398810348176,8.388292057399216,True
TurbOPark 0.06,-0.04166666567325592,0.7307692368825277,8.614624417367184,0.7176152618855854,8.330197895091802,True
TurbOPark 0.06,-0.013888888557751973,0.7307692368825277,8.613906129015295,0.7281368885858801,8.453039511693838,True
TurbOPark 0.06,0.013888888557751973,0.7307692368825277,8.605205142676244,0.7431351922739652,8.635880027874013,True
TurbOPark 0.06,0.04166666567325592,0.7307692368825277,8.603382544992796,0.743606508601435,8.643187777744663,True
TurbOPark 0.06,0.06944444278875987,0.7307692368825277,8.60010474668777,0.7341193038114351,8.536167005339937,True
TurbOPark 0.06,0.09722221990426382,0.7307692368825277,8.592176850114468,0.7358321142377273,8.56397775643927,True
TurbOPark 0.06,0.12499999701976776,0.7307692368825277,8.571484663185839,0.74492878502887,8.69077895254608,True
TurbOPark 0.06,0.15277777413527172,0.7307692368825277,8.56277817867855,0.7426180966638443,8.672630321231194,True
TurbOPark 0.06,0.18055555125077566,0.7307692368825277,8.561651820340717,0.723191968275361,8.44687431176781,True
TurbOPark 0.06,0.2083333283662796,0.7307692368825277,8.52848182240542,0.7402568782587206,8.679820086078749,True
TurbOPark 0.06,0.23611110548178355,0.7307692368825277,8.500404187274398,0.75005761209364,8.823787617258482,True
TurbOPark 0.06,0.2638888825972875,0.7307692368825277,8.479678617000838,0.7443882438862697,8.778495949054625,True
TurbOPark 0.06,0.29166665971279143,0.7307692368825277,8.455242076143856,0.734025131055275,8.681302373663542,True
TurbOPark 0.06,0.3194444368282954,0.7307692368825277,8.421730966446962,0.733634300645286,8.711205612814755,True
TurbOPark 0.06,0.3472222139437993,0.7307692368825277,8.378828320768177,0.7386553826275719,8.81573597583691,True
TurbOPark 0.06,0.37499999105930326,0.7307692368825277,8.32972094723606,0.7407254489959908,8.892560191248373,True
TurbOPark 0.06,0.4027777681748072,0.7307692368825277,8.299391203833116,0.7277646206414807,8.768891630332584,True
TurbOPark 0.06,0.4305555452903112,0.7307692368825277,8.252708939335903,0.7252281186071158,8.787758346236732,True
TurbOPark 0.06,0.45833332240581515,0.7307692368825277,8.204204325023484,0.7202289123449499,8.778778341102424,True
TurbOPark 0.06,0.4861110995213191,0.7307692368825277,8.170608714791099,0.7029471093389387,8.603362783318785,True
TurbOPark 0.06,0.513888876636823,0.7307692368825277,8.104730565047413,0.717395325428441,8.851562919590334,False
TurbOPark 0.06,0.5416666537523269,0.7307692368825277,8.054290404002538,0.7077311369798701,8.787007935896709,False
TurbOPark 0.06,-0.5416666537523269,0.7598290661970775,8.475066701707982,0.7393576849710541,8.723915822657197,False
TurbOPark 0.06,-0.513888876636823,0.7598290661970775,8.48695108235396,0.7448387627068429,8.776282029662092,False
TurbOPark 0.06,-0.4861110995213191,0.7598290661970775,8.479635093591774,0.7624278672611873,8.99128156867704,False
TurbOPark 0.06,-0.45833332240581515,0.7598290661970775,8.488943593714001,0.762027076294932,8.976700903740335,True
TurbOPark 0.06,-0.4305555452903112,0.7598290661970775,8.506274811277232,0.7612391247425027,8.949148030501982,True
TurbOPark 0.06,-0.4027777681748072,0.7598290661970775,8.492794091581715,0.7699498326202585,9.065918993414117,True
TurbOPark 0.06,-0.37499999105930326,0.7598290661970775,8.518627888226618,0.7653327194456871,8.984225270638177,True
TurbOPark 0.06,-0.3472222139437993,0.7598290661970775,8.54394620907164,0.75284810617901,8.811479938622089,True
TurbOPark 0.06,-0.3194444368282954,0.7598290661970775,8.557112609308595,0.753207091471471,8.802117324623234,True
TurbOPark 0.06,-0.29166665971279143,0.7598290661970775,8.581142015318857,0.7382067548966211,8.60266330027858,True
TurbOPark 0.06,-0.2638888825972875,0.7598290661970775,8.59088182870781,0.7377348369303005,8.58741688734492,True
TurbOPark 0.06,-0.23611110548178355,0.7598290661970775,8.604106094911437,0.7337737089726036,8.528180625371014,True
TurbOPark 0.06,-0.2083333283662796,0.7598290661970775,8.6068631558499,0.7470840407939446,8.680096653868228,True
TurbOPark 0.06,-0.18055555125077566,0.7598290661970775,8.611781661618952,0.7473628981906868,8.67837722270107,True
TurbOPark 0.06,-0.15277777413527172,0.7598290661970775,8.62817091227947,0.7347113932241439,8.515262396790433,True
TurbOPark 0.06,-0.12499999701976776,0.7598290661970775,8.633155903069909,0.7315201659351567,8.473380698187457,True
TurbOPark 0.06,-0.09722221990426382,0.7598290661970775,8.6297088332921,0.746281345335186,8.647816047467865,True
TurbOPark 0.06,-0.06944444278875987,0.7598290661970775,8.644353181694875,0.7355331684292807,8.508828283263952,True
TurbOPark 0.06,-0.04166666567325592,0.7598290661970775,8.650579902220965,0.7376459160514565,8.527126786749545,True
TurbOPark 0.06,-0.013888888557751973,0.7598290661970775,8.649121952515097,0.7396204940786065,8.551393981252984,True
TurbOPark 0.06,0.013888888557751973,0.7598290661970775,8.645267432421985,0.7514590898683825,8.69214394745288,True
TurbOPark 0.06,0.04166666567325592,0.7598290661970775,8.64551384725021,0.7449785585724075,8.616937890965904,True
TurbOPark 0.06,0.06944444278875987,0.7598290661970775,8.636755006211136,0.7530732168746532,8.719400009993098,True
TurbOPark 0.06,0.09722221990426382,0.7598290661970775,8.626230825051593,0.7563068444438388,8.767523844219822,True
TurbOPark 0.06,0.12499999701976776,0.7598290661970775,8.607123248498102,0.7639279542992585,8.8755317223157,True
TurbOPark 0.06,0.15277777413527172,0.7598290661970775,8.587322485885139,0.7645560984517921,8.903311826340307,True
TurbOPark 0.06,0.18055555125077566,0.7598290661970775,8.58205715611823,0.7547815238880281,8.794878782063776,True
TurbOPark 0.06,0.2083333283662796,0.7598290661970775,8.55962035986713,0.7600335732812892,8.879290684956114,True
TurbOPark 0.06,0.23611110548178355,0.7598290661970775,8.541394585835024,0.7595461361837615,8.892530705037165,True
TurbOPark 0.06,0.2638888825972875,0.7598290661970775,8.511466050974638,0.7603928272667596,8.933746815329044,True
TurbOPark 0.06,0.29166665971279143,0.7598290661970775,8.491588708343107,0.7501161415259158,8.833637229614242,True
TurbOPark 0.06,0.3194444368282954,0.7598290661970775,8.450782250548086,0.7539835447375594,8.92205623554741,True
TurbOPark 0.06,0.3472222139437993,0.7598290661970775,8.416036261292327,0.752013514820652,8.935483302031026,True
TurbOPark 0.06,0.37499999105930326,0.7598290661970775,8.373278348130766,0.7519902326030384,8.980834045376161,True
TurbOPark 0.06,0.4027777681748072,0.7598290661970775,8.332047765248015,0.7428931499703443,8.91609326903842,True
TurbOPark 0.06,0.4305555452903112,0.7598290661970775,8.298643554361872,0.7336446322734451,8.840536739137713,True
TurbOPark 0.06,0.45833332240581515,0.7598290661970775,8.239570379208653,0.7352923619939783,8.923916274195323,True
TurbOPark 0.06,0.4861110995213191,0.7598290661970775,8.212974376466951,0.7116523794141189,8.664977470930047,False
TurbOPark 0.06,0.513888876636823,0.7598290661970775,8.154233851755128,0.7197872433414827,8.827159686946613,False
TurbOPark 0.06,0.5416666537523269,0.7598290661970775,8.109587824828365,0.7023038743473302,8.660167316976978,False
TurbOPark 0.06,-0.5416666537523269,0.7888888955116272,8.53687807728013,0.7368292101657578,8.631131937174313,False
TurbOPark 0.06,-0.513888876636823,0.7888888955116272,8.539543415704,0.7425793797122026,8.695773808545997,False
TurbOPark 0.06,-0.4861110995213191,0.7888888955116272,8.538869202831432,0.7551952981916724,8.844207356417343,False
TurbOPark 0.06,-0.45833332240581515,0.7888888955116272,8.546230720482178,0.7602933283337683,8.89624155022663,True
TurbOPark 0.06,-0.4305555452903112,0.7888888955116272,8.545382999843376,0.7687051227149206,8.995560792641006,True
TurbOPark 0.06,-0.4027777681748072,0.7888888955116272,8.554017050491613,0.7656697207778813,8.950995961995154,True
TurbOPark 0.06,-0.37499999105930326,0.7888888955116272,8.578173691774909,0.7540347626062932,8.79015498752714,True
TurbOPark 0.06,-0.3472222139437993,0.7888888955116272,8.582855055241268,0.7607128686346634,8.863168068650081,True
TurbOPark 0.06,-0.3194444368282954,0.7888888955116272,8.599311940130335,0.758301785050227,8.818168131702103,True
TurbOPark 0.06,-0.29166665971279143,0.7888888955116272,8.613704364270014,0.7580287590405945,8.800264404069031,True
TurbOPark 0.06,-0.2638888825972875,0.7888888955116272,8.624516061318252,0.7541944411757019,8.744774035013203,True
TurbOPark 0.06,-0.23611110548178355,0.7888888955116272,8.635963709396556,0.7528490059480665,8.717602705172464,True
TurbOPark 0.06,-0.2083333283662796,0.7888888955116272,8.636084331094315,0.7634314191840491,8.84001811371047,True
TurbOPark 0.06,-0.18055555125077566,0.7888888955116272,8.647806774914088,0.7581012289257502,8.766398795182164,True
TurbOPark 0.06,-0.15277777413527172,0.7888888955116272,8.659826897220189,0.7600329781780905,8.776537766846836,True
TurbOPark 0.06,-0.12499999701976776,0.7888888955116272,8.666638136117127,0.755179849348241,8.71364233151865,True
TurbOPark 0.06,-0.09722221990426382,0.7888888955116272,8.66063082404811,0.765847850377483,8.84286452034119,True
TurbOPark 0.06,-0.06944444278875987,0.7888888955116272,8.659225929411775,0.7693838781573071,8.885134588578309,True
TurbOPark 0.06,-0.04166666567325592,0.7888888955116272,8.685369628954001,0.7521325184372835,8.659764069567464,True
TurbOPark 0.06,-0.013888888557751973,0.7888888955116272,8.679475592669489,0.7660463787495859,8.825952335145379,True
TurbOPark 0.06,0.013888888557751973,0.7888888955116272,8.670972112248661,0.7723535566442903,8.907346796252055,True
TurbOPark 0.06,0.04166666567325592,0.7888888955116272,8.672519486054531,0.766599990966737,8.8394150304238,True
TurbOPark 0.06,0.06944444278875987,0.7888888955116272,8.67224720279569,0.7638388050920804,8.807853226852668,True
TurbOPark 0.06,0.09722221990426382,0.7888888955116272,8.649542821515524,0.7739513870724776,8.94788780220028,True
TurbOPark 0.06,0.12499999701976776,0.7888888955116272,8.637605160465297,0.7717656291418407,8.934949153201009,True
TurbOPark 0.06,0.15277777413527172,0.7888888955116272,8.619678191593474,0.7757479994471921,8.999732730205135,True
TurbOPark 0.06,0.18055555125077566,0.7888888955116272,8.611529500754353,0.7695160846811245,8.935881652773952,True
TurbOPark 0.06,0.2083333283662796,0.7888888955116272,8.582745474946849,0.7651913801237278,8.915461635875511,True
TurbOPark 0.06,0.23611110548178355,0.7888888955116272,8.572741974820234,0.7678091723897312,8.956401284967308,True
TurbOPark 0.06,0.2638888825972875,0.7888888955116272,8.556262353653766,0.7666335387497427,8.959911548555644,True
TurbOPark 0.06,0.29166665971279143,0.7888888955116272,8.524820188867963,0.7652718998086467,8.976985823207956,True
TurbOPark 0.06,0.3194444368282954,0.7888888955116272,8.489073341469588,0.7647348482734366,9.008460847400917,True
TurbOPark 0.06,0.3472222139437993,0.7888888955116272,8.450240128912576,0.7599079097826807,8.992737462958582,True
TurbOPark 0.06,0.37499999105930326,0.7888888955116272,8.42049901623994,0.7524847531903603,8.936343935663475,True
TurbOPark 0.06,0.4027777681748072,0.7888888955116272,8.391226115401,0.7388921389741973,8.805532455120678,True
TurbOPark 0.06,0.4305555452903112,0.7888888955116272,8.34100045051551,0.7307262239882311,8.760654412182282,True
TurbOPark 0.06,0.45833332240581515,0.7888888955116272,8.302827401208711,0.7287905797143128,8.777619291570685,True
TurbOPark 0.06,0.4861110995213191,0.7888888955116272,8.256467016151188,0.7304403247780303,8.846887213976062,False
TurbOPark 0.06,0.513888876636823,0.7888888955116272,8.198009771034567,0.717260217510839,8.749199348908835,False
TurbOPark 0.06,0.5416666537523269,0.7888888955116272,8.147847605484746,0.7210801998334403,8.849947062682459,False
TurbOPark 0.06,-0.5416666537523269,0.817948724826177,8.572169996328828,0.7544451979654492,8.801099351605867,False
TurbOPark 0.06,-0.513888876636823,0.817948724826177,8.58426375803494,0.7507295780318648,8.745416021603203,False
TurbOPark 0.06,-0.4861110995213191,0.817948724826177,8.58982947030553,0.7554101364095004,8.794239036070541,False
TurbOPark 0.06,-0.45833332240581515,0.817948724826177,8.583732700336332,0.772298241871599,8.997230794958682,True
TurbOPark 0.06,-0.4305555452903112,0.817948724826177,8.589239701634751,0.7741437989570907,9.01294906008679,True
TurbOPark 0.06,-0.4027777681748072,0.817948724826177,8.595076987359596,0.7751860054803101,9.018953601234083,True
TurbOPark 0.06,-0.37499999105930326,0.817948724826177,8.605656116400747,0.7734418863680764,8.987599270833552,True
TurbOPark 0.06,-0.3472222139437993,0.817948724826177,8.634036116981271,0.760371808175728,8.806678566936291,True
TurbOPark 0.06,-0.3194444368282954,0.817948724826177,8.641702095694672,0.7608428055501879,8.804316523815865,True
TurbOPark 0.06,-0.29166665971279143,0.817948724826177,8.653141181052124,0.7655565248143271,8.847151673552657,True
TurbOPark 0.06,-0.2638888825972875,0.817948724826177,8.659790426789119,0.767243623750923,8.859840549691016,True
TurbOPark 0.06,-0.23611110548178355,0.817948724826177,8.6776525330499,0.7617739440255021,8.778571637020416,True
TurbOPark 0.06,-0.2083333283662796,0.817948724826177,8.685910297180232,0.7647393625694562,8.804366340482687,True
TurbOPark 0.06,-0.18055555125077566,0.817948724826177,8.691943421346148,0.7636468092651966,8.78568545890199,True
TurbOPark 0.06,-0.15277777413527172,0.817948724826177,8.69131306988491,0.7707149187894184,8.867646494750238,True
TurbOPark 0.06,-0.12499999701976776,0.817948724826177,8.6964556147404,0.7760398606513665,8.923633892134024,True
TurbOPark 0.06,-0.09722221990426382,0.817948724826177,8.70298189529821,0.7763060899896514,8.920001205667809,True
TurbOPark 0.06,-0.06944444278875987,0.817948724826177,8.695762823016711,0.7771723978433598,8.937368850335607,True
TurbOPark 0.06,-0.04166666567325592,0.817948724826177,8.70836918750465,0.7736757636917745,8.884278411185141,True
TurbOPark 0.06,-0.013888888557751973,0.817948724826177,8.699383625895504,0.7808432536779844,8.975845729502534,True
TurbOPark 0.06,0.013888888557751973,0.817948724826177,8.69706959563127,0.7766045530123603,8.929496820428641,True
TurbOPark 0.06,0.04166666567325592,0.817948724826177,8.70180030741028,0.7745913610635669,8.901506972114037,True
TurbOPark 0.06,0.06944444278875987,0.817948724826177,8.703073110809484,0.7688735413437567,8.834506289379462,True
TurbOPark 0.06,0.09722221990426382,0.817948724826177,8.67914984873854,0.7823652820704946,9.0143078032488,True
TurbOPark 0.06,0.12499999701976776,0.817948724826177,8.678734872242115,0.7818344318377709,9.008622147663178,True
TurbOPark 0.06,0.15277777413527172,0.817948724826177,8.677532936625356,0.7794199876368213,8.982045857148119,True
TurbOPark 0.06,0.18055555125077566,0.817948724826177,8.660993567946855,0.7742232870340777,8.939197113589502,True
TurbOPark 0.06,0.2083333283662796,0.817948724826177,8.639766864430957,0.7747661098844795,8.967442316923075,True
TurbOPark 0.06,0.23611110548178355,0.817948724826177,8.618973400793799,0.7733142907918088,8.97223201455277,True
TurbOPark 0.06,0.2638888825972875,0.817948724826177,8.59747652089905,0.7716136670582991,8.974885423445278,True
TurbOPark 0.06,0.29166665971279143,0.817948724826177,8.571272859776954,0.7665498568035831,8.943244128895119,True
TurbOPark 0.06,0.3194444368282954,0.817948724826177,8.546306432961956,0.76812126382898,8.987757107169005,True
TurbOPark 0.06,0.3472222139437993,0.817948724826177,8.51039287164055,0.7539530346912261,8.859203635635291,True
TurbOPark 0.06,0.37499999105930326,0.817948724826177,8.472573383840867,0.7513359328861261,8.867859844319499,True
TurbOPark 0.06,0.4027777681748072,0.817948724826177,8.44501962949638,0.7423629472606438,8.790541405821632,True
TurbOPark 0.06,0.4305555452903112,0.817948724826177,8.396550212473777,0.7436296846506472,8.856371555379054,True
TurbOPark 0.06,0.45833332240581515,0.817948724826177,8.352303828012914,0.7419312293788758,8.88295307087012,True
TurbOPark 0.06,0.4861110995213191,0.817948724826177,8.302735013956537,0.7423142829266248,8.940599473291954,False
TurbOPark 0.06,0.513888876636823,0.817948724826177,8.265094475757705,0.7262735081482414,8.787237826239853,False
TurbOPark 0.06,0.5416666537523269,0.817948724826177,8.217801813192235,0.7201682766794033,8.763514782302243,False
TurbOPark 0.06,-0.5416666537523269,0.8470085541407267,8.605156098565354,0.7683622398082454,8.929091244914735,False
TurbOPark 0.06,-0.513888876636823,0.8470085541407267,8.617066798311434,0.7667035876850194,8.89750080427901,False
TurbOPark 0.06,-0.4861110995213191,0.8470085541407267,8.623948679656042,0.7691605322932056,8.91889041626211,False
TurbOPark 0.06,-0.45833332240581515,0.8470085541407267,8.633840210939765,0.7681385905421549,8.89683584332337,False
TurbOPark 0.06,-0.4305555452903112,0.8470085541407267,8.64587442793525,0.7724218771194722,8.93399370483266,True
TurbOPark 0.06,-0.4027777681748072,0.8470085541407267,8.648096499083376,0.7765837278382406,8.979822645602436,True
TurbOPark 0.06,-0.37499999105930326,0.8470085541407267,8.660431763319986,0.7670224000377164,8.85663002722716,True
TurbOPark 0.06,-0.3472222139437993,0.8470085541407267,8.67328484683808,0.7632570178956198,8.800091676613985,True
TurbOPark 0.06,-0.3194444368282954,0.8470085541407267,8.702268181241926,0.7487126570895793,8.603649548556298,True
TurbOPark 0.06,-0.29166665971279143,0.8470085541407267,8.702323669926926,0.7633541234600443,8.771842468902955,True
TurbOPark 0.06,-0.2638888825972875,0.8470085541407267,8.713215473482787,0.7649989261412954,8.77975448293964,True
TurbOPark 0.06,-0.23611110548178355,0.8470085541407267,8.718429032588366,0.7728592859198036,8.86466223480119,True
TurbOPark 0.06,-0.2083333283662796,0.8470085541407267,8.721400882621248,0.7792717221247895,8.935166868405394,True
TurbOPark 0.06,-0.18055555125077566,0.8470085541407267,8.72321593159013,0.7831600850869035,8.977882597755935,True
TurbOPark 0.06,-0.15277777413527172,0.8470085541407267,8.736528438886314,0.7755131990867385,8.876674579744135,True
TurbOPark 0.06,-0.12499999701976776,0.8470085541407267,8.735974487175815,0.7854514408713257,8.990999710728872,True
TurbOPark 0.06,-0.09722221990426382,0.8470085541407267,8.739465508498807,0.7852378261201407,8.984963958682897,True
TurbOPark 0.06,-0.06944444278875987,0.8470085541407267,8.741565448206371,0.7807920163297626,8.931947269124073,True
TurbOPark 0.06,-0.04166666567325592,0.8470085541407267,8.744177551292834,0.7778331702281286,8.895441174031573,True
TurbOPark 0.06,-0.013888888557751973,0.8470085541407267,8.747845753338627,0.7747616383109811,8.856599214901479,True
TurbOPark 0.06,0.013888888557751973,0.8470085541407267,8.733903198783194,0.7813748329995515,8.946456300413457,True
TurbOPark 0.06,0.04166666567325592,0.8470085541407267,8.727333541283874,0.776845543474294,8.901293159010084,True
TurbOPark 0.06,0.06944444278875987,0.8470085541407267,8.733516839801432,0.7793207885422281,8.92333298071418,True
TurbOPark 0.06,0.09722221990426382,0.8470085541407267,8.731415412884488,0.7843416803668128,8.982984353366136,True
TurbOPark 0.06,0.12499999701976776,0.8470085541407267,8.717995195572392,0.7902926906811665,9.06507371193015,True
TurbOPark 0.06,0.15277777413527172,0.8470085541407267,8.717790760610225,0.7841214059202309,8.994496741802326,True
TurbOPark 0.06,0.18055555125077566,0.8470085541407267,8.712130982343606,0.7812128057615485,8.966954323170638,True
TurbOPark 0.06,0.2083333283662796,0.8470085541407267,8.677990309857089,0.7781302697335313,8.966710516485305,True
TurbOPark 0.06,0.23611110548178355,0.8470085541407267,8.660022048390264,0.7797907235780847,9.004488894148176,True
TurbOPark 0.06,0.2638888825972875,0.8470085541407267,8.630051026660581,0.7816449175732948,9.057245607917967,True
TurbOPark 0.06,0.29166665971279143,0.8470085541407267,8.607774004022,0.7770798521316644,9.027651652663886,True
TurbOPark 0.06,0.3194444368282954,0.8470085541407267,8.587198506699494,0.7688735473177585,8.953718103964928,True
TurbOPark 0.06,0.3472222139437993,0.8470085541407267,8.560854991557793,0.768246526779446,8.973946265145774,True
TurbOPark 0.06,0.37499999105930326,0.8470085541407267,8.520170439868625,0.7656271548499525,8.98605444871544,True
TurbOPark 0.06,0.4027777681748072,0.8470085541407267,8.4888859305486,0.7559239008202028,8.904865809303562,True
TurbOPark 0.06,0.4305555452903112,0.8470085541407267,8.449192671541471,0.7494012127639456,8.869500813824201,True
TurbOPark 0.06,0.45833332240581515,0.8470085541407267,8.409531466404022,0.7495703818785608,8.913342971283068,False
TurbOPark 0.06,0.4861110995213191,0.8470085541407267,8.37734813052136,0.7358261355279027,8.783521038681114,False
TurbOPark 0.06,0.513888876636823,0.8470085541407267,8.329692791657633,0.7241740846683162,8.693887071004493,False
TurbOPark 0.06,0.5416666537523269,0.8470085541407267,8.290785984767565,0.7054611430547425,8.508977850240822,False
TurbOPark 0.06,-0.5416666537523269,0.8760683834552765,8.633059718927045,0.7690642078746799,8.908361958722354,False
TurbOPark 0.06,-0.513888876636823,0.8760683834552765,8.650513428466414,0.7743688735478707,8.951709975960961,False
TurbOPark 0.06,-0.4861110995213191,0.8760683834552765,8.662187256311407,0.7740401065863015,8.935850538469065,False
TurbOPark 0.06,-0.45833332240581515,0.8760683834552765,8.674860297355213,0.7791664858559603,8.981890879482084,False
TurbOPark 0.06,-0.4305555452903112,0.8760683834552765,8.672167952560207,0.7853807868817703,9.056337367750231,True
TurbOPark 0.06,-0.4027777681748072,0.8760683834552765,8.676793320338266,0.7832953081335631,9.027474542899752,True
TurbOPark 0.06,-0.37499999105930326,0.8760683834552765,8.69073420741661,0.7860751271841702,9.044979496822481,True
TurbOPark 0.06,-0.3472222139437993,0.8760683834552765,8.705667367382992,0.7830507304300494,8.99472375160874,True
TurbOPark 0.06,-0.3194444368282954,0.8760683834552765,8.737426859846313,0.7675108669407068,8.784175012301127,True
TurbOPark 0.06,-0.29166665971279143,0.8760683834552765,8.746874301382467,0.7674668771451957,8.774184362337246,True
TurbOPark 0.06,-0.2638888825972875,0.8760683834552765,8.756929493303307,0.7737454060269323,8.83580719267683,True
TurbOPark 0.06,-0.23611110548178355,0.8760683834552765,8.759495447830744,0.7798248045655995,8.902622407991778,True
TurbOPark 0.06,-0.2083333283662796,0.8760683834552765,8.751361505151696,0.788563844421365,9.010756142997387,True
TurbOPark 0.06,-0.18055555125077566,0.8760683834552765,8.76550911433995,0.7879958435479547,8.989732749907606,True
TurbOPark 0.06,-0.15277777413527172,0.8760683834552765,8.779030856228735,0.7848082675681025,8.939577504859548,True
TurbOPark 0.06,-0.12499999701976776,0.8760683834552765,8.784888027746286,0.7870562284048725,8.959206149458316,True
TurbOPark 0.06,-0.09722221990426382,0.8760683834552765,8.788400388271201,0.788593138118702,8.973113459545385,True
TurbOPark 0.06,-0.06944444278875987,0.8760683834552765,8.778114543688632,0.7930396601158605,9.034282432393722,True
TurbOPark 0.06,-0.04166666567325592,0.8760683834552765,8.786827720638353,0.7830567582958127,8.911711748445713,True
TurbOPark 0.06,-0.013888888557751973,0.8760683834552765,8.77893284687428,0.771211711824498,8.784800217478441,True
TurbOPark 0.06,0.013888888557751973,0.8760683834552765,8.78046081935724,0.7803173343731205,8.886974732041939,True
TurbOPark 0.06,0.04166666567325592,0.8760683834552765,8.78884571735992,0.782944966416204,8.908393566059694,True
TurbOPark 0.06,0.06944444278875987,0.8760683834552765,8.798853780515474,0.7826074670325512,8.894425189398964,True
TurbOPark 0.06,0.09722221990426382,0.8760683834552765,8.780451355297252,0.7890732445739612,8.9867048132772,True
TurbOPark 0.06,0.12499999701976776,0.8760683834552765,8.771075412480872,0.7943298032836114,9.056241862352628,True
TurbOPark 0.06,0.15277777413527172,0.8760683834552765,8.756614340106127,0.7924933986826055,9.050226125100775,True
TurbOPark 0.06,0.18055555125077566,0.8760683834552765,8.758750153107716,0.7862002489764853,8.976169376147023,True
TurbOPark 0.06,0.2083333283662796,0.8760683834552765,8.7357729364986,0.786247446132134,9.00031916863525,True
TurbOPark 0.06,0.23611110548178355,0.8760683834552765,8.694549248859541,0.7853878712419897,9.033106245789666,True
TurbOPark 0.06,0.2638888825972875,0.8760683834552765,8.678997206971207,0.7827465353368265,9.01885916852356,True
TurbOPark 0.06,0.29166665971279143,0.8760683834552765,8.666903929734806,0.7831342142906239,9.035916639202744,True
TurbOPark 0.06,0.3194444368282954,0.8760683834552765,8.628018709914882,0.7803939260791128,9.044879853845515,True
TurbOPark 0.06,0.3472222139437993,0.8760683834552765,8.6068913114283,0.7776227698266905,9.034885438766455,True
TurbOPark 0.06,0.37499999105930326,0.8760683834552765,8.574755070510752,0.7726318708946093,9.010541578636458,True
TurbOPark 0.06,0.4027777681748072,0.8760683834552765,8.547689278591905,0.7634895669474936,8.93211652954781,True
TurbOPark 0.06,0.4305555452903112,0.8760683834552765,8.521371969882829,0.7478215097477727,8.775834600235806,True
TurbOPark 0.06,0.45833332240581515,0.8760683834552765,8.475720172515768,0.7433201997024639,8.769994579491067,False
TurbOPark 0.06,0.4861110995213191,0.8760683834552765,8.435403130555597,0.7445660918137386,8.826680601863515,False
TurbOPark 0.06,0.513888876636823,0.8760683834552765,8.391751877732823,0.7394396678937041,8.811505376556445,False
TurbOPark 0.06,0.5416666537523269,0.8760683834552765,8.355276320249919,0.7170087621693952,8.581508674125434,False
TurbOPark 0.06,-0.5416666537523269,0.9051282127698262,8.67653439943083,0.7714950692041455,8.891742182855342,False
TurbOPark 0.06,-0.513888876636823,0.9051282127698262,8.688715050220914,0.7741972571419501,8.910376881588098,False
TurbOPark 0.06,-0.4861110995213191,0.9051282127698262,8.721645100435609,0.7818983444508361,8.965032805700654,False
TurbOPark 0.06,-0.45833332240581515,0.9051282127698262,8.716286808812841,0.7876653339238853,9.036707386997577,False
TurbOPark 0.06,-0.4305555452903112,0.9051282127698262,8.718707737887895,0.7866637973975544,9.022710945786601,False
TurbOPark 0.06,-0.4027777681748072,0.9051282127698262,8.708354247810039,0.7828657055417452,8.989823831967088,True
TurbOPark 0.06,-0.37499999105930326,0.9051282127698262,8.735576320652601,0.7899128497514801,9.042481237144852,True
TurbOPark 0.06,-0.3472222139437993,0.9051282127698262,8.744515598501755,0.7911270144328654,9.047122227884339,True
TurbOPark 0.06,-0.3194444368282954,0.9051282127698262,8.767177560513113,0.7856126687772369,8.960839031201937,True
TurbOPark 0.06,-0.29166665971279143,0.9051282127698262,8.785171296074708,0.7850361627864221,8.935923231652673,True
TurbOPark 0.06,-0.2638888825972875,0.9051282127698262,8.804308718217346,0.780400651700482,8.863849243333823,True
TurbOPark 0.06,-0.23611110548178355,0.9051282127698262,8.789516324876304,0.7913248119061745,9.003052985595437,True
TurbOPark 0.06,-0.2083333283662796,0.9051282127698262,8.776928133636888,0.7939239842346397,9.04557918381476,True
TurbOPark 0.06,-0.18055555125077566,0.9051282127698262,8.802899812622293,0.7946426886971136,9.027055920342205,True
TurbOPark 0.06,-0.15277777413527172,0.9051282127698262,8.816410975043993,0.7953901334540525,9.021699824401432,True
TurbOPark 0.06,-0.12499999701976776,0.9051282127698262,8.82416801153447,0.7948995287304289,9.008209359696911,True
TurbOPark 0.06,-0.09722221990426382,0.9051282127698262,8.825115318871049,0.795572381204912,9.014866689659138,True
TurbOPark 0.06,-0.06944444278875987,0.9051282127698262,8.8345934622684,0.7916696650697747,8.96101975094735,True
TurbOPark 0.06,-0.04166666567325592,0.9051282127698262,8.835764741090893,0.7920337502130226,8.96395245257781,True
TurbOPark 0.06,-0.013888888557751973,0.9051282127698262,8.848101774205388,0.7849009370150704,8.870839837119291,True
TurbOPark 0.06,0.013888888557751973,0.9051282127698262,8.833010316569142,0.7897084048945624,8.940422082528436,True
TurbOPark 0.06,0.04166666567325592,0.9051282127698262,8.842417231648463,0.792070567066835,8.957624892793843,True
TurbOPark 0.06,0.06944444278875987,0.9051282127698262,8.834011354979527,0.7956820656639383,9.00703014396094,True
TurbOPark 0.06,0.09722221990426382,0.9051282127698262,8.824586615920557,0.7986633750736203,9.050433859788297,True
TurbOPark 0.06,0.12499999701976776,0.9051282127698262,8.8269443498618,0.793484312579683,8.989343096879345,True
TurbOPark 0.06,0.15277777413527172,0.9051282127698262,8.801621905390697,0.7921338382537505,8.999862147777506,True
TurbOPark 0.06,0.18055555125077566,0.9051282127698262,8.787303424852885,0.7940152848128598,9.035937948462875,True
TurbOPark 0.06,0.2083333283662796,0.9051282127698262,8.775063387086432,0.7926847896921263,9.03337964325885,True
TurbOPark 0.06,0.23611110548178355,0.9051282127698262,8.747793002471008,0.7922307083379521,9.05634950568868,True
TurbOPark 0.06,0.2638888825972875,0.9051282127698262,8.728778218772277,0.7888588033332724,9.037448123458306,True
TurbOPark 0.06,0.29166665971279143,0.9051282127698262,8.709961639529537,0.788284747423821,9.050381391420224,True
TurbOPark 0.06,0.3194444368282954,0.9051282127698262,8.683420426934987,0.7864329076800916,9.056718078980326,True
TurbOPark 0.06,0.3472222139437993,0.9051282127698262,8.651378702683067,0.783478020321572,9.056105936948414,True
TurbOPark 0.06,0.37499999105930326,0.9051282127698262,8.628001392938538,0.7821281372028969,9.064997808681605,True
TurbOPark 0.06,0.4027777681748072,0.9051282127698262,8.604241374635354,0.772968136295664,8.983571039444744,True
TurbOPark 0.06,0.4305555452903112,0.9051282127698262,8.568907847522937,0.7677110762553618,8.95926400325671,False
TurbOPark 0.06,0.45833332240581515,0.9051282127698262,8.544289067177639,0.7484092418609233,8.759175116580401,False
TurbOPark 0.06,0.4861110995213191,0.9051282127698262,8.50127214297472,0.7475696453737837,8.793620916977234,False
TurbOPark 0.06,0.513888876636823,0.9051282127698262,8.461800861240917,0.7388036965075265,8.731045655914684,False
TurbOPark 0.06,0.5416666537523269,0.9051282127698262,8.408450344019473,0.7427396559045821,8.83325256755375,False
TurbOPark 0.06,-0.5416666537523269,0.934188042084376,8.74382069989813,0.7672787257155232,8.77509674603074,False
TurbOPark 0.06,-0.513888876636823,0.934188042084376,8.747945914640072,0.7875664019029858,9.002872326690529,False
TurbOPark 0.06,-0.4861110995213191,0.934188042084376,8.75141302794486,0.7888541088826317,9.014019865862535,False
TurbOPark 0.06,-0.45833332240581515,0.934188042084376,8.76473673437865,0.7899332216369452,9.012629193282269,False
TurbOPark 0.06,-0.4305555452903112,0.934188042084376,8.771198715662324,0.7906228222513617,9.013851445864328,False
TurbOPark 0.06,-0.4027777681748072,0.934188042084376,8.767474777063343,0.7910868684474561,9.022972846377893,False
TurbOPark 0.06,-0.37499999105930326,0.934188042084376,8.783490546623595,0.7962101187386907,9.06484858738485,True
TurbOPark 0.06,-0.3472222139437993,0.934188042084376,8.80024738588018,0.7932780053430687,9.014269378561645,True
TurbOPark 0.06,-0.3194444368282954,0.934188042084376,8.804630744124678,0.7958596482431055,9.039103073961186,True
TurbOPark 0.06,-0.29166665971279143,0.934188042084376,8.814973305466628,0.7952307971569681,9.021363645693672,True
TurbOPark 0.06,-0.2638888825972875,0.934188042084376,8.830317645038742,0.7924075823868447,8.973715490654563,True
TurbOPark 0.06,-0.23611110548178355,0.934188042084376,8.834470947758644,0.7959683116109938,9.009801677065173,True
TurbOPark 0.06,-0.2083333283662796,0.934188042084376,8.839333255038328,0.7999786173853629,9.050214470977021,True
TurbOPark 0.06,-0.18055555125077566,0.934188042084376,8.84537484052447,0.8025732525236599,9.073366216734268,True
TurbOPark 0.06,-0.15277777413527172,0.934188042084376,8.866077471719356,0.793641361846015,8.951437254834948,True
TurbOPark 0.06,-0.12499999701976776,0.934188042084376,8.873584431691754,0.7946869871611721,8.955648005364893,True
TurbOPark 0.06,-0.09722221990426382,0.934188042084376,8.885598469959362,0.796328549411908,8.962013668568911,True
TurbOPark 0.06,-0.06944444278875987,0.934188042084376,8.892607485176304,0.7903298704563388,8.887493030292788,True
TurbOPark 0.06,-0.04166666567325592,0.934188042084376,8.897728330294317,0.7924627625368297,8.906349273878277,True
TurbOPark 0.06,-0.013888888557751973,0.934188042084376,8.91213639266641,0.7813178277163855,8.766897108523986,True
TurbOPark 0.06,0.013888888557751973,0.934188042084376,8.908048020157967,0.7858453165946503,8.821745401645408,True
TurbOPark 0.06,0.04166666567325592,0.934188042084376,8.900647857595658,0.7867789195921535,8.839569121035725,True
TurbOPark 0.06,0.06944444278875987,0.934188042084376,8.874098071013437,0.7990240303820544,9.004002705266526,True
TurbOPark 0.06,0.09722221990426382,0.934188042084376,8.855531872490724,0.7961849402854826,8.990820108262408,True
TurbOPark 0.06,0.12499999701976776,0.934188042084376,8.870495182248163,0.7952674624842788,8.965310798835517,True
TurbOPark 0.06,0.15277777413527172,0.934188042084376,8.845969622893687,0.7942583847870055,8.97876003023384,True
TurbOPark 0.06,0.18055555125077566,0.934188042084376,8.824239566587949,0.7908837323783037,8.962627616921253,True
TurbOPark 0.06,0.2083333283662796,0.934188042084376,8.816573813209228,0.7893921046955947,8.953501909244,True
TurbOPark 0.06,0.23611110548178355,0.934188042084376,8.79631748004261,0.7922656234981271,9.006787502789058,True
TurbOPark 0.06,0.2638888825972875,0.934188042084376,8.772178595138522,0.7925427930208261,9.034731616841997,True
TurbOPark 0.06,0.29166665971279143,0.934188042084376,8.765773060212583,0.7920911296652351,9.036181112884362,True
TurbOPark 0.06,0.3194444368282954,0.934188042084376,8.74743655667893,0.7892037156668185,9.02211419943638,True
TurbOPark 0.06,0.3472222139437993,0.934188042084376,8.705229834876953,0.7851319515935383,9.019083545019763,True
TurbOPark 0.06,0.37499999105930326,0.934188042084376,8.674011157107435,0.7814230766895951,9.008785699443118,True
TurbOPark 0.06,0.4027777681748072,0.934188042084376,8.645060484977176,0.7801915234212986,9.024708673549071,False
TurbOPark 0.06,0.4305555452903112,0.934188042084376,8.61585854205465,0.7779818223179878,9.029649436798438,False
TurbOPark 0.06,0.45833332240581515,0.934188042084376,8.5951034979943,0.766189775388156,8.914258863397622,False
TurbOPark 0.06,0.4861110995213191,0.934188042084376,8.566644607713876,0.7534819056188844,8.795531274174815,False
TurbOPark 0.06,0.513888876636823,0.934188042084376,8.515347915441073,0.7542606780500004,8.857661313899841,False
TurbOPark 0.06,0.5416666537523269,0.934188042084376,8.469737557136593,0.7564558387298307,8.93127837346556,False
TurbOPark 0.06,-0.5416666537523269,0.9632478713989258,8.79381775140157,0.7930664726099561,9.018454726146174,False
TurbOPark 0.06,-0.513888876636823,0.9632478713989258,8.804649165241441,0.7931202144032573,9.007970670021676,False
TurbOPark 0.06,-0.4861110995213191,0.9632478713989258,8.811443909633814,0.788417153454138,8.94764991458594,False
TurbOPark 0.06,-0.45833332240581515,0.9632478713989258,8.82290871695415,0.7930342613724716,8.988353918346368,False
TurbOPark 0.06,-0.4305555452903112,0.9632478713989258,8.83702036271459,0.7920565314585715,8.96293658890319,False
TurbOPark 0.06,-0.4027777681748072,0.9632478713989258,8.829421601360362,0.7991722741737722,9.05124152244177,False
TurbOPark 0.06,-0.37499999105930326,0.9632478713989258,8.831795796005915,0.8004264158584502,9.063008637727272,False
TurbOPark 0.06,-0.3472222139437993,0.9632478713989258,8.847914678753106,0.7973433530334252,9.011652824231245,True
TurbOPark 0.06,-0.3194444368282954,0.9632478713989258,8.839612332140145,0.7947234187653445,8.990478189589737,True
TurbOPark 0.06,-0.29166665971279143,0.9632478713989258,8.86392049978368,0.7999030447031426,9.024257885917002,True
TurbOPark 0.06,-0.2638888825972875,0.9632478713989258,8.880179439351727,0.801991981198604,9.031258733856747,True
TurbOPark 0.06,-0.23611110548178355,0.9632478713989258,8.891779943265359,0.8006830059202977,9.00475507748857,True
TurbOPark 0.06,-0.2083333283662796,0.9632478713989258,8.885562461464513,0.805463501566968,9.064856671259188,True
TurbOPark 0.06,-0.18055555125077566,0.9632478713989258,8.895662382335482,0.8030723458539616,9.02768463255371,True
TurbOPark 0.06,-0.15277777413527172,0.9632478713989258,8.905492554963708,0.8037836322873199,9.025706633591088,True
TurbOPark 0.06,-0.12499999701976776,0.9632478713989258,8.925827766563456,0.8004359148357807,8.96763791291435,True
TurbOPark 0.06,-0.09722221990426382,0.9632478713989258,8.930334518123264,0.8002868988774846,8.961443686721685,True
TurbOPark 0.06,-0.06944444278875987,0.9632478713989258,8.94578005553666,0.7943098161944907,8.87915655497121,True
TurbOPark 0.06,-0.04166666567325592,0.9632478713989258,8.965584524906388,0.7786899805587856,8.68532306394062,True
TurbOPark 0.06,-0.013888888557751973,0.9632478713989258,8.96827794004159,0.776149438407837,8.654386534370028,True
TurbOPark 0.06,0.013888888557751973,0.9632478713989258,8.952671975544883,0.792217371836503,8.848948939495648,True
TurbOPark 0.06,0.04166666567325592,0.9632478713989258,8.946385890575895,0.7887600073450967,8.816521185118729,True
TurbOPark 0.06,0.06944444278875987,0.9632478713989258,8.915257076309224,0.8011469139265655,8.986245792681366,True
TurbOPark 0.06,0.09722221990426382,0.9632478713989258,8.911483023259333,0.8022542228961502,9.00247715001234,True
TurbOPark 0.06,0.12499999701976776,0.9632478713989258,8.887410781110844,0.7978130089409592,8.976889091664557,True
TurbOPark 0.06,0.15277777413527172,0.9632478713989258,8.887950221262678,0.8005237870080546,9.006843727510518,True
TurbOPark 0.06,0.18055555125077566,0.9632478713989258,8.873007788770863,0.8026659694442693,9.046154230362271,True
TurbOPark 0.06,0.2083333283662796,0.9632478713989258,8.859168786804956,0.7936899792745225,8.958966674804323,True
TurbOPark 0.06,0.23611110548178355,0.9632478713989258,8.837112918967819,0.7921959547998175,8.96442041720959,True
TurbOPark 0.06,0.2638888825972875,0.9632478713989258,8.809479170783085,0.7877972028610236,8.942608156379753,True
TurbOPark 0.06,0.29166665971279143,0.9632478713989258,8.8016707016333,0.7918928557728193,8.997074335283529,True
TurbOPark 0.06,0.3194444368282954,0.9632478713989258,8.781997929164737,0.7960706856513075,9.064801564204222,True
TurbOPark 0.06,0.3472222139437993,0.9632478713989258,8.752573028762551,0.7907722883975525,9.03474082191523,True
TurbOPark 0.06,0.37499999105930326,0.9632478713989258,8.723493341214736,0.7893241040636321,9.04825708222206,False
TurbOPark 0.06,0.4027777681748072,0.9632478713989258,8.699825980565462,0.7802007092260237,8.968003624082984,False
TurbOPark 0.06,0.4305555452903112,0.9632478713989258,8.67189107247219,0.7851201546584345,9.053621039483511,False
TurbOPark 0.06,0.45833332240581515,0.9632478713989258,8.65041068708201,0.7786573069284699,9.001391206677258,False
TurbOPark 0.06,0.4861110995213191,0.9632478713989258,8.62442258119251,0.7685369090634828,8.91116943573069,False
TurbOPark 0.06,0.513888876636823,0.9632478713989258,8.57960275356435,0.7672892775613073,8.943179534070397,False
TurbOPark 0.06,0.5416666537523269,0.9632478713989258,8.533463759909807,0.7639723293338548,8.952663898603461,False
TurbOPark 0.06,-0.5416666537523269,0.9923077007134755,8.85606371886108,0.7982896991701134,9.014046471571415,False
TurbOPark 0.06,-0.513888876636823,0.9923077007134755,8.862263264014933,0.7958011456928173,8.979660409369176,False
TurbOPark 0.06,-0.4861110995213191,0.9923077007134755,8.866253210299666,0.7943439513293844,8.959184138871857,False
TurbOPark 0.06,-0.45833332240581515,0.9923077007134755,8.870217254353586,0.7954262165584309,8.967381449062348,False
TurbOPark 0.06,-0.4305555452903112,0.9923077007134755,8.882417283933169,0.7999943141471746,9.006493261628595,False
TurbOPark 0.06,-0.4027777681748072,0.9923077007134755,8.877643262813018,0.8033224982935127,9.048826073677661,False
TurbOPark 0.06,-0.37499999105930326,0.9923077007134755,8.886630627100235,0.8034919463196274,9.041581450109309,False
TurbOPark 0.06,-0.3472222139437993,0.9923077007134755,8.9073683316507,0.8017091497554206,9.000516425336249,False
TurbOPark 0.06,-0.3194444368282954,0.9923077007134755,8.900486878442166,0.8024900805782195,9.0162492404986,True
TurbOPark 0.06,-0.29166665971279143,0.9923077007134755,8.910552694897047,0.8060507715622655,9.046024406812384,True
TurbOPark 0.06,-0.2638888825972875,0.9923077007134755,8.909989121392277,0.8052095419693082,9.037155163703343,True
TurbOPark 0.06,-0.23611110548178355,0.9923077007134755,8.919163626198747,0.8090795509854973,9.071249109153506,True
TurbOPark 0.06,-0.2083333283662796,0.9923077007134755,8.936998117684547,0.810994966109474,9.07457913082331,True
TurbOPark 0.06,-0.18055555125077566,0.9923077007134755,8.955331815800559,0.8070362760259951,9.0117964652307,True
TurbOPark 0.06,-0.15277777413527172,0.9923077007134755,8.96985842679062,0.7899491475662962,8.80670697328873,True
TurbOPark 0.06,-0.12499999701976776,0.9923077007134755,8.98219360089327,0.7946515242303344,8.846965001414656,True
TurbOPark 0.06,-0.09722221990426382,0.9923077007134755,8.96633762747891,0.8094162158117026,9.027277908107152,True
TurbOPark 0.06,-0.06944444278875987,0.9923077007134755,8.988551838052805,0.8031021603754445,8.934722465253323,True
TurbOPark 0.06,-0.04166666567325592,0.9923077007134755,8.993929564798728,0.801419473177802,8.910670996518268,True
TurbOPark 0.06,-0.013888888557751973,0.9923077007134755,9.002283344070865,0.7954573028603923,8.83617269594498,True
TurbOPark 0.06,0.013888888557751973,0.9923077007134755,8.999205733167706,0.7945020466651066,8.828579657167623,True
TurbOPark 0.06,0.04166666567325592,0.9923077007134755,8.983737279209073,0.7995480443608044,8.899949091467604,True
TurbOPark 0.06,0.06944444278875987,0.9923077007134755,8.955737474704593,0.8056135786453741,8.995502390739155,True
TurbOPark 0.06,0.09722221990426382,0.9923077007134755,8.952174999728777,0.8097141916987091,9.044887881696246,True
TurbOPark 0.06,0.12499999701976776,0.9923077007134755,8.945555757315246,0.8064337479342304,9.014909412137614,True
TurbOPark 0.06,0.15277777413527172,0.9923077007134755,8.940277008863267,0.8068801218915478,9.025225069554534,True
TurbOPark 0.06,0.18055555125077566,0.9923077007134755,8.922152094670324,0.8010214492741338,8.977895027732451,True
TurbOPark 0.06,0.2083333283662796,0.9923077007134755,8.91529815483621,0.8005389937230284,8.979385544035525,True
TurbOPark 0.06,0.23611110548178355,0.9923077007134755,8.904977935435838,0.7978609297348319,8.959718210641272,True
TurbOPark 0.06,0.2638888825972875,0.9923077007134755,8.886793600466413,0.8044649123785387,9.052364087046168,True
TurbOPark 0.06,0.29166665971279143,0.9923077007134755,8.876420652731873,0.8046613083098396,9.065155199265945,True
TurbOPark 0.06,0.3194444368282954,0.9923077007134755,8.844315395343981,0.8016696311750604,9.064236126145987,True
TurbOPark 0.06,0.3472222139437993,0.9923077007134755,8.82465150106512,0.798407990027051,9.047473318699154,False
TurbOPark 0.06,0.37499999105930326,0.9923077007134755,8.806215636168368,0.793184391350079,9.007097079162575,False
TurbOPark 0.06,0.4027777681748072,0.9923077007134755,8.754206604381386,0.7869613637476026,8.989522401193238,False
TurbOPark 0.06,0.4305555452903112,0.9923077007134755,8.719978592141436,0.7872273280286949,9.027858494264596,False
TurbOPark 0.06,0.45833332240581515,0.9923077007134755,8.71225055623468,0.7853345187629169,9.014140648203856,False
TurbOPark 0.06,0.4861110995213191,0.9923077007134755,8.68738952975428,0.775055364920521,8.921614050641553,False
TurbOPark 0.06,0.513888876636823,0.9923077007134755,8.649604923775794,0.7729013446143337,8.935683784698698,False
TurbOPark 0.06,0.5416666537523269,0.9923077007134755,8.612420192732083,0.7618523250975546,8.845972537899074,False
TurbOPark 0.06,-0.5416666537523269,1.0213675300280254,8.904786299488103,0.8041382064897775,9.030404317911636,False
TurbOPark 0.06,-0.513888876636823,1.0213675300280254,8.908723776573602,0.8012883509969077,8.99442356832274,False
TurbOPark 0.06,-0.4861110995213191,1.0213675300280254,8.92112133460498,0.8015711319097336,8.985093934329127,False
TurbOPark 0.06,-0.45833332240581515,1.0213675300280254,8.933901387126916,0.7994399770775668,8.948385956324747,False
TurbOPark 0.06,-0.4305555452903112,1.0213675300280254,8.93788620704582,0.8032716017505526,8.987265927790913,False
TurbOPark 0.06,-0.4027777681748072,1.0213675300280254,8.931470723590225,0.8108588932711872,9.078671568944499,False
TurbOPark 0.06,-0.37499999105930326,1.0213675300280254,8.93491743283234,0.8077424137192329,9.040289625409345,False
TurbOPark 0.06,-0.3472222139437993,1.0213675300280254,8.943954787636377,0.8097725409550247,9.053853247049158,False
TurbOPark 0.06,-0.3194444368282954,1.0213675300280254,8.95304519751001,0.8075485626741619,9.019820014968253,False
TurbOPark 0.06,-0.29166665971279143,1.0213675300280254,8.9647930252906,0.8081081738386192,9.014242398668472,True
TurbOPark 0.06,-0.2638888825972875,1.0213675300280254,8.970910706325693,0.8043268139659122,8.9659438188227,True
TurbOPark 0.06,-0.23611110548178355,1.0213675300280254,8.973808150820437,0.8072940991027536,8.996114977440723,True
TurbOPark 0.06,-0.2083333283662796,1.0213675300280254,8.985668319246317,0.8128885987511175,9.046501271474702,True
TurbOPark 0.06,-0.18055555125077566,1.0213675300280254,8.992977638099552,0.8123975828930258,9.033688457660908,True
TurbOPark 0.06,-0.15277777413527172,1.0213675300280254,9.021271087598313,0.8013215364294741,8.88257905841078,True
TurbOPark 0.06,-0.12499999701976776,1.0213675300280254,9.036001885682275,0.7921805381138171,8.766936396605262,True
TurbOPark 0.06,-0.09722221990426382,1.0213675300280254,9.036724094858965,0.8021667048544939,8.876742240153712,True
TurbOPark 0.06,-0.06944444278875987,1.0213675300280254,9.042490512801395,0.8033057254793396,8.883677835681498,True
TurbOPark 0.06,-0.04166666567325592,1.0213675300280254,9.038063766348682,0.8097648655339,8.959494936834682,True
TurbOPark 0.06,-0.013888888557751973,1.0213675300280254,9.050104394118065,0.8019199275745525,8.860891462155337,True
TurbOPark 0.06,0.013888888557751973,1.0213675300280254,9.031184521420752,0.8068114116281669,8.933616733381088,True
TurbOPark 0.06,0.04166666567325592,1.0213675300280254,9.026567806497464,0.8092289418023305,8.964968293040847,True
TurbOPark 0.06,0.06944444278875987,1.0213675300280254,9.011984963217738,0.8122965932773691,9.013514742786896,True
TurbOPark 0.06,0.09722221990426382,1.0213675300280254,8.992731955609331,0.803807432236719,8.938411999874342,True
TurbOPark 0.06,0.12499999701976776,1.0213675300280254,8.994423633796254,0.8076008827845383,8.97890643876284,True
TurbOPark 0.06,0.15277777413527172,1.0213675300280254,8.997679732363885,0.8084980542011885,8.985628275844162,True
TurbOPark 0.06,0.18055555125077566,1.0213675300280254,8.977404110541714,0.8076829471857495,8.996842931881924,True
TurbOPark 0.06,0.2083333283662796,1.0213675300280254,8.97417555914875,0.8053152411830434,8.973696089130577,True
TurbOPark 0.06,0.23611110548178355,1.0213675300280254,8.961640918715357,0.8042818508660162,8.97471632886301,True
TurbOPark 0.06,0.2638888825972875,1.0213675300280254,8.950240050133491,0.806617800819913,9.012247674942332,True
TurbOPark 0.06,0.29166665971279143,1.0213675300280254,8.913773551107932,0.8062977725574324,9.045526767473403,True
TurbOPark 0.06,0.3194444368282954,1.0213675300280254,8.891687409545595,0.8044048265870771,9.046706092293743,False
TurbOPark 0.06,0.3472222139437993,1.0213675300280254,8.878254742488025,0.8032972737390818,9.04791872995939,False
TurbOPark 0.06,0.37499999105930326,1.0213675300280254,8.86450621242876,0.8003293977166942,9.028471282411278,False
TurbOPark 0.06,0.4027777681748072,1.0213675300280254,8.812005184723978,0.7953276487658478,9.025501371068023,False
TurbOPark 0.06,0.4305555452903112,1.0213675300280254,8.785508757413218,0.7907594794854099,9.0007249587927,False
TurbOPark 0.06,0.45833332240581515,1.0213675300280254,8.783593761211078,0.7866850491125259,8.956300467657991,False
TurbOPark 0.06,0.4861110995213191,1.0213675300280254,8.74752031360967,0.7859155778062363,8.984438442326152,False
TurbOPark 0.06,0.513888876636823,1.0213675300280254,8.722982529844383,0.7711145875217251,8.840033611020905,False
TurbOPark 0.06,0.5416666537523269,1.0213675300280254,8.682588321995173,0.7647982724560823,8.808413391184937,False
TurbOPark 0.06,-0.5416666537523269,1.050427359342575,8.954894463562335,0.8086133098492719,9.02984745537245,False
TurbOPark 0.06,-0.513888876636823,1.050427359342575,8.963903403652951,0.8090793355044122,9.025971154203848,False
TurbOPark 0.06,-0.4861110995213191,1.050427359342575,8.987245133038735,0.7958600787741562,8.855439759269846,False
TurbOPark 0.06,-0.45833332240581515,1.050427359342575,8.99957363723246,0.7971063948261286,8.857157316079853,False
TurbOPark 0.06,-0.4305555452903112,1.050427359342575,8.987915492686863,0.8073134824969167,8.982210426364134,False
TurbOPark 0.06,-0.4027777681748072,1.050427359342575,8.975916382847208,0.8085627925302037,9.008136417974555,False
TurbOPark 0.06,-0.37499999105930326,1.050427359342575,8.97165559544608,0.8050491846716882,8.973251102954986,False
TurbOPark 0.06,-0.3472222139437993,1.050427359342575,8.984198561998962,0.8082600082806227,8.996461984927311,False
TurbOPark 0.06,-0.3194444368282954,1.050427359342575,9.003712034057918,0.8081106281787143,8.975305131060525,False
TurbOPark 0.06,-0.29166665971279143,1.050427359342575,9.007872739024787,0.8140687616076959,9.037303092448317,False
TurbOPark 0.06,-0.2638888825972875,1.050427359342575,9.01207232550466,0.8101084799782406,8.989147564712605,False
TurbOPark 0.06,-0.23611110548178355,1.050427359342575,9.026438926280747,0.8144915505533136,9.02339845431067,True
TurbOPark 0.06,-0.2083333283662796,1.050427359342575,9.043167531091752,0.8165287727535311,9.02923416984352,True
TurbOPark 0.06,-0.18055555125077566,1.050427359342575,9.047609634108463,0.8176218508766516,9.036882490976511,True
TurbOPark 0.06,-0.15277777413527172,1.050427359342575,9.078042310430327,0.8024069459830697,8.838986628880706,True
TurbOPark 0.06,-0.12499999701976776,1.050427359342575,9.08850629340845,0.7980441565412711,8.780806556959336,True
TurbOPark 0.06,-0.09722221990426382,1.050427359342575,9.094882050345634,0.7926923538141251,8.715806861772334,True
TurbOPark 0.06,-0.06944444278875987,1.050427359342575,9.087750464285238,0.8086520061908898,8.89826376030992,True
TurbOPark 0.06,-0.04166666567325592,1.050427359342575,9.084300093353308,0.8126294198867331,8.945426852216254,True
TurbOPark 0.06,-0.013888888557751973,1.050427359342575,9.10151682959095,0.8003736057197477,8.793848549700686,True
TurbOPark 0.06,0.013888888557751973,1.050427359342575,9.086020512989077,0.8134683182386282,8.95296590048108,True
TurbOPark 0.06,0.04166666567325592,1.050427359342575,9.07665841699382,0.8145573490588127,8.974198561154992,True
TurbOPark 0.06,0.06944444278875987,1.050427359342575,9.072973033172465,0.8185747865894647,9.022122997573167,True
TurbOPark 0.06,0.09722221990426382,1.050427359342575,9.055271939865406,0.8157451853057615,9.008511182469098,True
TurbOPark 0.06,0.12499999701976776,1.050427359342575,9.054118699090454,0.8184047515771292,9.039032718439437,True
TurbOPark 0.06,0.15277777413527172,1.050427359342575,9.043455407516038,0.8153351814796105,9.015748347716553,True
TurbOPark 0.06,0.18055555125077566,1.050427359342575,9.045210156902764,0.8146424406299584,9.006340665377156,True
TurbOPark 0.06,0.2083333283662796,1.050427359342575,9.035100771971806,0.8183209843102356,9.057131790370132,True
TurbOPark 0.06,0.23611110548178355,1.050427359342575,9.016916853871663,0.817102343389987,9.061881756613309,True
TurbOPark 0.06,0.2638888825972875,1.050427359342575,8.995758291587528,0.8163248057533582,9.074552464540453,False
TurbOPark 0.06,0.29166665971279143,1.050427359342575,8.965604106497167,0.8077969484543899,9.009955590934448,False
TurbOPark 0.06,0.3194444368282954,1.050427359342575,8.95042692025098,0.8096037352113762,9.0454203182151,False
TurbOPark 0.06,0.3472222139437993,1.050427359342575,8.938806474211,0.8101532208274792,9.063326554443487,False
TurbOPark 0.06,0.37499999105930326,1.050427359342575,8.917090670328848,0.8063115985083289,9.04231692059932,False
TurbOPark 0.06,0.4027777681748072,1.050427359342575,8.888141305140298,0.8034077656420285,9.039097580248773,False
TurbOPark 0.06,0.4305555452903112,1.050427359342575,8.87129757679973,0.8016582387039232,9.036538699822499,False
TurbOPark 0.06,0.45833332240581515,1.050427359342575,8.842116375941892,0.7966235580514186,9.00942177394221,False
TurbOPark 0.06,0.4861110995213191,1.050427359342575,8.815421913176191,0.7939578554039629,9.006464616483687,False
TurbOPark 0.06,0.513888876636823,1.050427359342575,8.79959418547416,0.7769031874468548,8.828852456961252,False
TurbOPark 0.06,0.5416666537523269,1.050427359342575,8.757166860940876,0.7747786306663883,8.847366311153577,False
TurbOPark 0.06,-0.5416666537523269,1.079487188657125,9.018447474038021,0.809730307797635,8.978599810318318,False
TurbOPark 0.06,-0.513888876636823,1.079487188657125,9.030553246086962,0.8056386078282255,8.921254167648229,False
TurbOPark 0.06,-0.4861110995213191,1.079487188657125,9.032715062719992,0.8067737767838845,8.931686333310987,False
TurbOPark 0.06,-0.45833332240581515,1.079487188657125,9.034067116354759,0.8127213994404726,8.996185095516594,False
TurbOPark 0.06,-0.4305555452903112,1.079487188657125,9.038803698104305,0.8145101196034205,9.011260193362165,False
TurbOPark 0.06,-0.4027777681748072,1.079487188657125,9.02782349572159,0.8158906493472065,9.037512194759548,False
TurbOPark 0.06,-0.37499999105930326,1.079487188657125,9.03628046704767,0.8153998298972842,9.023622417108212,False
TurbOPark 0.06,-0.3472222139437993,1.079487188657125,9.041191052299911,0.8173574721833894,9.040373856224052,False
TurbOPark 0.06,-0.3194444368282954,1.079487188657125,9.047586413361376,0.8138805325528932,8.995554122046995,False
TurbOPark 0.06,-0.29166665971279143,1.079487188657125,9.059295844098692,0.8182995095286958,9.032705450962213,False
TurbOPark 0.06,-0.2638888825972875,1.079487188657125,9.075084194551124,0.819821681911364,9.033763922582697,False
TurbOPark 0.06,-0.23611110548178355,1.079487188657125,9.081946753439894,0.8172477475558677,8.998596553611433,False
TurbOPark 0.06,-0.2083333283662796,1.079487188657125,9.086476094809534,0.8159268938053934,8.979574537938587,True
TurbOPark 0.06,-0.18055555125077566,1.079487188657125,9.08568644293871,0.8091672951384603,8.905956640924316,True
TurbOPark 0.06,-0.15277777413527172,1.079487188657125,9.117819900971947,0.8147824001837881,8.936153697189539,True
TurbOPark 0.06,-0.12499999701976776,1.079487188657125,9.12827802524624,0.8130258083931512,8.906672278654872,True
TurbOPark 0.06,-0.09722221990426382,1.079487188657125,9.150375129344706,0.7928619134132004,8.6648022863078,True
TurbOPark 0.06,-0.06944444278875987,1.079487188657125,9.135736155175925,0.8144224810988216,8.914689164237782,True
TurbOPark 0.06,-0.04166666567325592,1.079487188657125,9.113780775375648,0.8203255924092699,9.00093619352456,True
TurbOPark 0.06,-0.013888888557751973,1.079487188657125,9.120988513318483,0.8173854535412357,8.961588454449734,True
TurbOPark 0.06,0.013888888557751973,1.079487188657125,9.128310687519887,0.8196485464880423,8.97919203833252,True
TurbOPark 0.06,0.04166666567325592,1.079487188657125,9.134097092655715,0.8196594480672083,8.9736231151545,True
TurbOPark 0.06,0.06944444278875987,1.079487188657125,9.1254931579982,0.8250730000449569,9.041407250651512,True
TurbOPark 0.06,0.09722221990426382,1.079487188657125,9.111050168738085,0.8249055295932243,9.053901738173359,True
TurbOPark 0.06,0.12499999701976776,1.079487188657125,9.095979599634248,0.8238227032510097,9.056998141070324,True
TurbOPark 0.06,0.15277777413527172,1.079487188657125,9.088731616903013,0.8231819650149298,9.057171008152501,True
TurbOPark 0.06,0.18055555125077566,1.079487188657125,9.09405949959967,0.8221109086502815,9.040087198532973,True
TurbOPark 0.06,0.2083333283662796,1.079487188657125,9.085957464322853,0.8232430760642255,9.060608959449704,True
TurbOPark 0.06,0.23611110548178355,1.079487188657125,9.061695625506303,0.8198598791262129,9.047532746724816,False
TurbOPark 0.06,0.2638888825972875,1.079487188657125,9.05889235967503,0.8195923522808998,9.047379301350933,False
TurbOPark 0.06,0.29166665971279143,1.079487188657125,9.03885732777757,0.8182742866428064,9.052851007263323,False
TurbOPark 0.06,0.3194444368282954,1.079487188657125,9.020068971713648,0.8165121510680396,9.05217192494391,False
TurbOPark 0.06,0.3472222139437993,1.079487188657125,8.989664372103052,0.814282058292713,9.057980638516531,False
TurbOPark 0.06,0.37499999105930326,1.079487188657125,8.976938951993988,0.8145058770905518,9.073314204834054,False
TurbOPark 0.06,0.4027777681748072,1.079487188657125,8.965351663964132,0.8088496272257382,9.021950923318228,False
TurbOPark 0.06,0.4305555452903112,1.079487188657125,8.950030567672606,0.7979368390388746,8.915464958533349,False
TurbOPark 0.06,0.45833332240581515,1.079487188657125,8.92444779395178,0.7895033274306883,8.846523008020121,False
TurbOPark 0.06,0.4861110995213191,1.079487188657125,8.890228355699449,0.793506916545385,8.925607811150032,False
TurbOPark 0.06,0.513888876636823,1.079487188657125,8.858141260293339,0.7843620238553608,8.854702141308893,False
TurbOPark 0.06,0.5416666537523269,1.079487188657125,8.833828507087429,0.7782132968951196,8.80946801571657,False
TurbOPark 0.06,-0.5416666537523269,1.1085470179716745,9.07845123668847,0.8097690200931413,8.919682432402636,False
TurbOPark 0.06,-0.513888876636823,1.1085470179716745,9.078430607291047,0.8109734543088187,8.93296968814755,False
TurbOPark 0.06,-0.4861110995213191,1.1085470179716745,9.081657074337507,0.816426364788301,8.989839168176895,False
TurbOPark 0.06,-0.45833332240581515,1.1085470179716745,9.082012427256105,0.8182648333522832,9.009730386368792,False
TurbOPark 0.06,-0.4305555452903112,1.1085470179716745,9.084622412195856,0.8229673083801222,9.058904938914262,False
TurbOPark 0.06,-0.4027777681748072,1.1085470179716745,9.076602669173957,0.8162753422326446,8.993181391589241,False
TurbOPark 0.06,-0.37499999105930326,1.1085470179716745,9.084752835955745,0.8133701066420019,8.953134128457913,False
TurbOPark 0.06,-0.3472222139437993,1.1085470179716745,9.107932729915884,0.8245053091453824,9.052606487059519,False
TurbOPark 0.06,-0.3194444368282954,1.1085470179716745,9.09162769812247,0.8231573568307665,9.054015234266117,False
TurbOPark 0.06,-0.29166665971279143,1.1085470179716745,9.102770344334608,0.819547607538627,9.003276766711991,False
TurbOPark 0.06,-0.2638888825972875,1.1085470179716745,9.113907740246818,0.8201292368176715,8.998656341406647,False
TurbOPark 0.06,-0.23611110548178355,1.1085470179716745,9.120503795713446,0.8195490256222796,8.985786794008684,False
TurbOPark 0.06,-0.2083333283662796,1.1085470179716745,9.127234150697756,0.82735576884804,9.064693150057847,False
TurbOPark 0.06,-0.18055555125077566,1.1085470179716745,9.157265156540893,0.81257920369088,8.873601340575654,False
TurbOPark 0.06,-0.15277777413527172,1.1085470179716745,9.17230242116702,0.8172115768606519,8.909557702488788,False
TurbOPark 0.06,-0.12499999701976776,1.1085470179716745,9.182977002012974,0.8111626871401718,8.833330269283689,True
TurbOPark 0.06,-0.09722221990426382,1.1085470179716745,9.171857948350345,0.8208161374857103,8.949289687083986,True
TurbOPark 0.06,-0.06944444278875987,1.1085470179716745,9.17494287136646,0.8232673560761905,8.972997081491126,True
TurbOPark 0.06,-0.04166666567325592,1.1085470179716745,9.161561107431456,0.8297622142411093,9.056995903984557,True
TurbOPark 0.06,-0.013888888557751973,1.1085470179716745,9.163623619035144,0.8281183418576019,9.037018283219233,True
TurbOPark 0.06,0.013888888557751973,1.1085470179716745,9.153824091934453,0.8279358995928674,9.044699693567106,True
TurbOPark 0.06,0.04166666567325592,1.1085470179716745,9.163185444325052,0.8316292150689132,9.075765410640665,True
TurbOPark 0.06,0.06944444278875987,1.1085470179716745,9.15681823884203,0.8275022725309213,9.037006642992699,True
TurbOPark 0.06,0.09722221990426382,1.1085470179716745,9.15324234518123,0.8259796389428896,9.023902217313525,True
TurbOPark 0.06,0.12499999701976776,1.1085470179716745,9.156342805029185,0.824535880177151,9.005078749610258,True
TurbOPark 0.06,0.15277777413527172,1.1085470179716745,9.131674293302135,0.8163292693649514,8.939535545674351,False
TurbOPark 0.06,0.18055555125077566,1.1085470179716745,9.132301309808883,0.8217460178913373,8.998235932149006,False
TurbOPark 0.06,0.2083333283662796,1.1085470179716745,9.135300819683824,0.8266286467947617,9.048729353428907,False
TurbOPark 0.06,0.23611110548178355,1.1085470179716745,9.11869185636426,0.8222026478362603,9.016673233260052,False
TurbOPark 0.06,0.2638888825972875,1.1085470179716745,9.106969006941982,0.8180982852292478,8.983211479095129,False
TurbOPark 0.06,0.29166665971279143,1.1085470179716745,9.10731962783061,0.8189348241174231,8.992050982979455,False
TurbOPark 0.06,0.3194444368282954,1.1085470179716745,9.07734297273196,0.8199192705889624,9.032591068245113,False
TurbOPark 0.06,0.3472222139437993,1.1085470179716745,9.040922261729909,0.8161952827238128,9.027787863841672,False
TurbOPark 0.06,0.37499999105930326,1.1085470179716745,9.037828899926893,0.818770338468552,9.05936976163794,False
TurbOPark 0.06,0.4027777681748072,1.1085470179716745,9.032624388012012,0.8136073996365834,9.00743089368792,False
TurbOPark 0.06,0.4305555452903112,1.1085470179716745,9.004837355855837,0.8097591590678419,8.992490669931492,False
TurbOPark 0.06,0.45833332240581515,1.1085470179716745,8.980376208442923,0.807629414889681,8.993269281195438,False
TurbOPark 0.06,0.4861110995213191,1.1085470179716745,8.953927405633955,0.7944443163240518,8.872579375885655,False
TurbOPark 0.06,0.513888876636823,1.1085470179716745,8.92075728376458,0.7908282851521486,8.865035332722531,False
TurbOPark 0.06,0.5416666537523269,1.1085470179716745,8.895223971023919,0.7885653251730869,8.865041821789182,False
TurbOPark 0.06,-0.5416666537523269,1.1376068472862244,9.1438804519872,0.803792417312792,8.790495693085175,False
TurbOPark 0.06,-0.513888876636823,1.1376068472862244,9.120968627525816,0.814257198860003,8.927310597283363,False
TurbOPark 0.06,-0.4861110995213191,1.1376068472862244,9.1348462518698,0.8214134827477801,8.992088756607657,False
TurbOPark 0.06,-0.45833332240581515,1.1376068472862244,9.124930530899482,0.8244669948368437,9.035323524326849,False
TurbOPark 0.06,-0.4305555452903112,1.1376068472862244,9.125995755916643,0.8236672796278482,9.0255058369257,False
TurbOPark 0.06,-0.4027777681748072,1.1376068472862244,9.133932485612556,0.8258790661142266,9.04187837402041,False
TurbOPark 0.06,-0.37499999105930326,1.1376068472862244,9.130680229002614,0.8229851777258957,9.013404884246988,False
TurbOPark 0.06,-0.3472222139437993,1.1376068472862244,9.145266452303765,0.8302699246211255,9.07868490165176,False
TurbOPark 0.06,-0.3194444368282954,1.1376068472862244,9.154697624670138,0.8280102664373729,9.044648992076434,False
TurbOPark 0.06,-0.29166665971279143,1.1376068472862244,9.15792713373589,0.8273419395874233,9.034161634019432,False
TurbOPark 0.06,-0.2638888825972875,1.1376068472862244,9.162420579278008,0.8298480055502598,9.057082660307778,False
TurbOPark 0.06,-0.23611110548178355,1.1376068472862244,9.171314722574495,0.8289104672080354,9.038076789227778,False
TurbOPark 0.06,-0.2083333283662796,1.1376068472862244,9.183014035781007,0.8308219283127086,9.047377310711559,False
TurbOPark 0.06,-0.18055555125077566,1.1376068472862244,9.209911570233626,0.8252555146920988,8.9605150755119,False
TurbOPark 0.06,-0.15277777413527172,1.1376068472862244,9.23076943454547,0.8187848082340285,8.870168560052937,False
TurbOPark 0.06,-0.12499999701976776,1.1376068472862244,9.222094406770957,0.8233280811566173,8.927777626654107,False
TurbOPark 0.06,-0.09722221990426382,1.1376068472862244,9.217108075238665,0.8220475873071161,8.918714857163376,False
TurbOPark 0.06,-0.06944444278875987,1.1376068472862244,9.19987660210763,0.8299238483931966,9.0210323930113,False
TurbOPark 0.06,-0.04166666567325592,1.1376068472862244,9.21521013687791,0.8344761087003562,9.055421377326015,False
TurbOPark 0.06,-0.013888888557751973,1.1376068472862244,9.209776369376787,0.8347245240311106,9.063461375746687,False
TurbOPark 0.06,0.013888888557751973,1.1376068472862244,9.203914229227834,0.8331145082779349,9.05174133014307,False
TurbOPark 0.06,0.04166666567325592,1.1376068472862244,9.204214803265943,0.8312811950817355,9.031527543085707,False
TurbOPark 0.06,0.06944444278875987,1.1376068472862244,9.20698340134415,0.8316903007455825,9.033255133534421,False
TurbOPark 0.06,0.09722221990426382,1.1376068472862244,9.208207938037539,0.8343009628272137,9.060405330127901,False
TurbOPark 0.06,0.12499999701976776,1.1376068472862244,9.183106332899255,0.8175732224115038,8.903013781757906,False
TurbOPark 0.06,0.15277777413527172,1.1376068472862244,9.191303380578178,0.8276235290834388,9.004419665139778,False
TurbOPark 0.06,0.18055555125077566,1.1376068472862244,9.182991513571567,0.8301247668544092,9.039807622903338,False
TurbOPark 0.06,0.2083333283662796,1.1376068472862244,9.17537973913499,0.8281990871738221,9.02631946273976,False
TurbOPark 0.06,0.23611110548178355,1.1376068472862244,9.175428805779301,0.8275785915148897,9.019508614067444,False
TurbOPark 0.06,0.2638888825972875,1.1376068472862244,9.164695649162052,0.8283836582282706,9.03885617089763,False
TurbOPark 0.06,0.29166665971279143,1.1376068472862244,9.14256578138935,0.8256466782993797,9.030798334315186,False
TurbOPark 0.06,0.3194444368282954,1.1376068472862244,9.11676251760456,0.8154262315547159,8.94425219457148,False
TurbOPark 0.06,0.3472222139437993,1.1376068472862244,9.103755575511446,0.8208986447117624,9.017142847287445,False
TurbOPark 0.06,0.37499999105930326,1.1376068472862244,9.093098762311408,0.8184190749124558,9.00044194290065,False
TurbOPark 0.06,0.4027777681748072,1.1376068472862244,9.079737582706837,0.8199295849757853,9.030322490128059,False
TurbOPark 0.06,0.4305555452903112,1.1376068472862244,9.068871095511419,0.8036534905059343,8.8616706758981,False
TurbOPark 0.06,0.45833332240581515,1.1376068472862244,9.040432699427459,0.8100995870858904,8.960849707306542,False
TurbOPark 0.06,0.4861110995213191,1.1376068472862244,9.019128908889677,0.7990421930839048,8.859416481965695,False
TurbOPark 0.06,0.513888876636823,1.1376068472862244,8.991361593525165,0.798126548103796,8.876592714039448,False
TurbOPark 0.06,0.5416666537523269,1.1376068472862244,8.964513328518137,0.8003430111731173,8.927902517887345,False
TurbOPark 0.06,-0.5416666537523269,1.166666676600774,9.17963916326074,0.8245414815749594,8.98228641573391,False
TurbOPark 0.06,-0.513888876636823,1.166666676600774,9.183380261101744,0.8263457404198292,8.998274240259885,False
TurbOPark 0.06,-0.4861110995213191,1.166666676600774,9.181102498467405,0.8285858454013962,9.024905729346901,False
TurbOPark 0.06,-0.45833332240581515,1.166666676600774,9.17331278843645,0.8283662316100148,9.03017536537317,False
TurbOPark 0.06,-0.4305555452903112,1.166666676600774,9.175209205787596,0.822516286546736,8.96455075953913,False
TurbOPark 0.06,-0.4027777681748072,1.166666676600774,9.17149082169047,0.8218423479990353,8.960837054488325,False
TurbOPark 0.06,-0.37499999105930326,1.166666676600774,9.183825488789898,0.8319471403686136,9.058830020062093,False
TurbOPark 0.06,-0.3472222139437993,1.166666676600774,9.195269261110369,0.8345859683223054,9.076253719420995,False
TurbOPark 0.06,-0.3194444368282954,1.166666676600774,9.219081872546788,0.8286855237544217,8.988807510454356,False
TurbOPark 0.06,-0.29166665971279143,1.166666676600774,9.214466509632114,0.8270802763579013,8.975888897022235,False
TurbOPark 0.06,-0.2638888825972875,1.166666676600774,9.232464729355437,0.8300752671900902,8.990830634324467,False
TurbOPark 0.06,-0.23611110548178355,1.166666676600774,9.220528104845087,0.829756644088659,8.999014315163238,False
TurbOPark 0.06,-0.2083333283662796,1.166666676600774,9.241344169558781,0.8348045935156729,9.03336763785446,False
TurbOPark 0.06,-0.18055555125077566,1.166666676600774,9.255187723286937,0.831323862111747,8.982247437510713,False
TurbOPark 0.06,-0.15277777413527172,1.166666676600774,9.255964046606556,0.8351802803494435,9.023158216087058,False
TurbOPark 0.06,-0.12499999701976776,1.166666676600774,9.2590885834738,0.8291950421828959,8.955471531646161,False
TurbOPark 0.06,-0.09722221990426382,1.166666676600774,9.250018262194097,0.8322418594071128,8.997191527811164,False
TurbOPark 0.06,-0.06944444278875987,1.166666676600774,9.243706894664927,0.8286364184883082,8.964330305264891,False
TurbOPark 0.06,-0.04166666567325592,1.166666676600774,9.251489326383098,0.8352787586479051,9.028586956976584,False
TurbOPark 0.06,-0.013888888557751973,1.166666676600774,9.259518882733946,0.8384841547753095,9.055374964878741,False
TurbOPark 0.06,0.013888888557751973,1.166666676600774,9.252172462512167,0.837719211419127,9.054297407591426,False
TurbOPark 0.06,0.04166666567325592,1.166666676600774,9.249045142760673,0.8363191133913705,9.042221121019898,False
TurbOPark 0.06,0.06944444278875987,1.166666676600774,9.253946354086937,0.8377452504611654,9.052843169889153,False
TurbOPark 0.06,0.09722221990426382,1.166666676600774,9.252913723742935,0.8387157034549862,9.064341552249056,False
TurbOPark 0.06,0.12499999701976776,1.166666676600774,9.257101671682472,0.832539487166125,8.99352212704834,False
TurbOPark 0.06,0.15277777413527172,1.166666676600774,9.243869023025711,0.8296649565749028,8.975299785276881,False
TurbOPark 0.06,0.18055555125077566,1.166666676600774,9.233543677259547,0.8306923396918761,8.996462991101808,False
TurbOPark 0.06,0.2083333283662796,1.166666676600774,9.22387930594871,0.832569784993369,9.026243268994467,False
TurbOPark 0.06,0.23611110548178355,1.166666676600774,9.220054101907929,0.8305132721425493,9.007683284317054,False
TurbOPark 0.06,0.2638888825972875,1.166666676600774,9.202298533922322,0.8262516669498935,8.97875312243014,False
TurbOPark 0.06,0.29166665971279143,1.166666676600774,9.198813472703796,0.8292855521283079,9.015136078028952,False
TurbOPark 0.06,0.3194444368282954,1.166666676600774,9.17973409679565,0.820158020054852,8.934442015495229,False
TurbOPark 0.06,0.3472222139437993,1.166666676600774,9.159092103185074,0.8089473204154832,8.832178029241259,False
TurbOPark 0.06,0.37499999105930326,1.166666676600774,9.139184903697675,0.8070297615098674,8.830434770866127,False
TurbOPark 0.06,0.4027777681748072,1.166666676600774,9.132663005901017,0.8184357783719353,8.961633401376004,False
TurbOPark 0.06,0.4305555452903112,1.166666676600774,9.113847485731675,0.8154264375625316,8.94711524237305,False
TurbOPark 0.06,0.45833332240581515,1.166666676600774,9.10117775710888,0.8194585568602899,9.003873770295447,False
TurbOPark 0.06,0.4861110995213191,1.166666676600774,9.088195286370881,0.8065654987992413,8.874869799604856,False
TurbOPark 0.06,0.513888876636823,1.166666676600774,9.0639170544504,0.8060037325794751,8.892443826852164,False
TurbOPark 0.06,0.5416666537523269,1.166666676600774,9.028389311307233,0.805037176567503,8.91673086758972,False
