case,y_over_D,z_over_D,U_mean_mps,U_std_mps,TI_percent,inside_rotor_mask
LES-informed,-0.5416666537523269,0.03333333333333333,4.986175467466871,0.2691453197739925,5.39783089323823,False
LES-informed,-0.513888876636823,0.03333333333333333,4.961087085539358,0.27582248457044234,5.559718662758679,False
LES-informed,-0.4861110995213191,0.03333333333333333,4.935437055775717,0.28096091715419613,5.692726175595744,False
LES-informed,-0.45833332240581515,0.03333333333333333,4.916174032301897,0.2831198934116045,5.758947741706358,False
LES-informed,-0.4305555452903112,0.03333333333333333,4.899560704021352,0.28166355086829614,5.748751120424299,False
LES-informed,-0.4027777681748072,0.03333333333333333,4.883363825374031,0.28090892865915895,5.752365351103926,False
LES-informed,-0.37499999105930326,0.03333333333333333,4.876514500142839,0.2768051971112983,5.676291890512995,False
LES-informed,-0.3472222139437993,0.03333333333333333,4.866423405241101,0.27597846837221957,5.671073915906964,False
LES-informed,-0.3194444368282954,0.03333333333333333,4.85775981781626,0.27397825914122304,5.6400124628719555,False
LES-informed,-0.29166665971279143,0.03333333333333333,4.848883396801471,0.2711927235494212,5.592890184332158,False
LES-informed,-0.2638888825972875,0.03333333333333333,4.848936943758091,0.2716026005019565,5.6012813458336135,False
LES-informed,-0.23611110548178355,0.03333333333333333,4.840758478873581,0.2796189990453386,5.7763468321271105,False
LES-informed,-0.2083333283662796,0.03333333333333333,4.839558308425054,0.28423716509717306,5.873204680731967,False
LES-informed,-0.18055555125077566,0.03333333333333333,4.833909765233113,0.290016006697096,5.9996156482476275,False
LES-informed,-0.15277777413527172,0.03333333333333333,4.83050345580146,0.2905620278094247,6.015149983185669,False
LES-informed,-0.12499999701976776,0.03333333333333333,4.8314718988735486,0.288760637471446,5.976659773986684,False
LES-informed,-0.09722221990426382,0.03333333333333333,4.825575027984151,0.2932038631784493,6.076039880804281,False
LES-informed,-0.06944444278875987,0.03333333333333333,4.823935866413818,0.29475448407134397,6.110248814117602,False
LES-informed,-0.04166666567325592,0.03333333333333333,4.826967412676441,0.29589016388628103,6.129939123044894,False
LES-informed,-0.013888888557751973,0.03333333333333333,4.823302520480507,0.29707696481180057,6.159202404376767,False
LES-informed,0.013888888557751973,0.03333333333333333,4.818654638089063,0.2983353668324915,6.191258540803052,False
LES-informed,0.04166666567325592,0.03333333333333333,4.816295797994663,0.29689665428910905,6.1644190212056005,False
LES-informed,0.06944444278875987,0.03333333333333333,4.80830298367436,0.29845002616981786,6.206972130981467,False
LES-informed,0.09722221990426382,0.03333333333333333,4.801813088157798,0.29770911522693644,6.199931354286672,False
LES-informed,0.12499999701976776,0.03333333333333333,4.795808315181539,0.29434062348994366,6.137455964580223,False
LES-informed,0.15277777413527172,0.03333333333333333,4.785608946870005,0.28977916424100897,6.055220296061529,False
LES-informed,0.18055555125077566,0.03333333333333333,4.778704261752305,0.28982982209205027,6.065029476960612,False
LES-informed,0.2083333283662796,0.03333333333333333,4.771563906681977,0.29059376754626504,6.090115803318172,False
LES-informed,0.23611110548178355,0.03333333333333333,4.75758147809963,0.29910462068956184,6.286904850004508,False
LES-informed,0.2638888825972875,0.03333333333333333,4.745981403092747,0.31029843527113576,6.538130028679166,False
LES-informed,0.29166665971279143,0.03333333333333333,4.735925310841677,0.3211093078325353,6.780286570344312,False
LES-informed,0.3194444368282954,0.03333333333333333,4.725976793039578,0.3245486432421818,6.8673346792598995,False
LES-informed,0.3472222139437993,0.03333333333333333,4.713156059293165,0.32391382569640925,6.872546158486142,False
LES-informed,0.37499999105930326,0.03333333333333333,4.701471366333955,0.3253161638708154,6.919454326582142,False
LES-informed,0.4027777681748072,0.03333333333333333,4.696678755353899,0.32694083143220676,6.961106953706726,False
LES-informed,0.4305555452903112,0.03333333333333333,4.696148167592172,0.3243097931155176,6.905867990996524,False
LES-informed,0.45833332240581515,0.03333333333333333,4.694884479073079,0.3228565166774293,6.876772327764955,False
LES-informed,0.4861110995213191,0.03333333333333333,4.693881546649751,0.3184417282914568,6.784187566870832,False
LES-informed,0.513888876636823,0.03333333333333333,4.693301310822567,0.3145264389020559,6.701603371954203,False
LES-informed,0.5416666537523269,0.03333333333333333,4.695522619441247,0.31078753360952344,6.618806015814832,False
LES-informed,-0.5416666537523269,0.062393162647883096,5.21130984071357,0.29661283004321126,5.691713582752487,False
LES-informed,-0.513888876636823,0.062393162647883096,5.186429301358441,0.3043911939736931,5.8689934112080975,False
LES-informed,-0.4861110995213191,0.062393162647883096,5.164044685801554,0.3069933922531415,5.944824472515007,False
LES-informed,-0.45833332240581515,0.062393162647883096,5.146888603471328,0.30765756109167314,5.977544586532783,False
LES-informed,-0.4305555452903112,0.062393162647883096,5.135595809144182,0.30651472114522854,5.968435455910762,False
LES-informed,-0.4027777681748072,0.062393162647883096,5.122215196806384,0.3020819924911229,5.897487334766137,False
LES-informed,-0.37499999105930326,0.062393162647883096,5.10746358361095,0.3069833256232624,6.010484863921963,False
LES-informed,-0.3472222139437993,0.062393162647883096,5.100983965003659,0.302487895202875,5.929991101288593,False
LES-informed,-0.3194444368282954,0.062393162647883096,5.093898904292198,0.29624718398008204,5.815725626797572,False
LES-informed,-0.29166665971279143,0.062393162647883096,5.087017601600443,0.29530458558367845,5.805063176718157,False
LES-informed,-0.2638888825972875,0.062393162647883096,5.082502074005615,0.298349490626855,5.870130228824879,False
LES-informed,-0.23611110548178355,0.062393162647883096,5.07704457648224,0.3064867786476673,6.036716322471696,False
LES-informed,-0.2083333283662796,0.062393162647883096,5.072437670672745,0.31067908572379643,6.124847773291452,False
LES-informed,-0.18055555125077566,0.062393162647883096,5.067797738961352,0.31399906905264485,6.195966872130914,False
LES-informed,-0.15277777413527172,0.062393162647883096,5.068020663799129,0.3130488877990983,6.176945765734667,False
LES-informed,-0.12499999701976776,0.062393162647883096,5.0649355050522376,0.3133710138876714,6.187068198106097,False
LES-informed,-0.09722221990426382,0.062393162647883096,5.064498545285541,0.31272223394253296,6.174791662910852,False
LES-informed,-0.06944444278875987,0.062393162647883096,5.058779996792297,0.317646120287339,6.27910524847402,False
LES-informed,-0.04166666567325592,0.062393162647883096,5.053736852019496,0.32189125163697474,6.369371042901563,False
LES-informed,-0.013888888557751973,0.062393162647883096,5.049071167967956,0.3224036992414766,6.385406117601446,False
LES-informed,0.013888888557751973,0.062393162647883096,5.046836830281486,0.3243412225722516,6.426623912748167,False
LES-informed,0.04166666567325592,0.062393162647883096,5.037881819851998,0.32435629954146417,6.438346732615356,False
LES-informed,0.06944444278875987,0.062393162647883096,5.03850880960979,0.32227752483274497,6.396287810752164,False
LES-informed,0.09722221990426382,0.062393162647883096,5.029625147797022,0.32216892872052844,6.405426234629803,False
LES-informed,0.12499999701976776,0.062393162647883096,5.01961863808384,0.32173982892466224,6.409646870055477,False
LES-informed,0.15277777413527172,0.062393162647883096,5.009509457569203,0.3173598560765732,6.335148356633062,False
LES-informed,0.18055555125077566,0.062393162647883096,5.002581313576765,0.3126148794516821,6.2490714264505876,False
LES-informed,0.2083333283662796,0.062393162647883096,4.9946397309051545,0.3167143114104214,6.341084211754043,False
LES-informed,0.23611110548178355,0.062393162647883096,4.98296100095601,0.3244567762023497,6.5113248155083046,False
LES-informed,0.2638888825972875,0.062393162647883096,4.969643710106054,0.33469226496192434,6.734733604369031,False
LES-informed,0.29166665971279143,0.062393162647883096,4.953313865071313,0.3454600852638278,6.974322537884528,False
LES-informed,0.3194444368282954,0.062393162647883096,4.947992522944416,0.3457080853295314,6.986835241291148,False
LES-informed,0.3472222139437993,0.062393162647883096,4.940726180174288,0.3441425859592455,6.965425190737966,False
LES-informed,0.37499999105930326,0.062393162647883096,4.933669798701678,0.3449438861533339,6.991628954254452,False
LES-informed,0.4027777681748072,0.062393162647883096,4.924583274412894,0.346956633097238,7.045400874830408,False
LES-informed,0.4305555452903112,0.062393162647883096,4.919299119189406,0.345272208808438,7.018727677314556,False
LES-informed,0.45833332240581515,0.062393162647883096,4.914686381425011,0.34186987925880946,6.9560873823180644,False
LES-informed,0.4861110995213191,0.062393162647883096,4.912851936735757,0.33823543295413255,6.884706425304282,False
LES-informed,0.513888876636823,0.062393162647883096,4.9089282761141,0.33705908992989553,6.866245970020792,False
LES-informed,0.5416666537523269,0.062393162647883096,4.908108373151678,0.33533847597574845,6.83233642130064,False
LES-informed,-0.5416666537523269,0.09145299196243287,5.439123789731435,0.32231644707162216,5.925889160311555,False
LES-informed,-0.513888876636823,0.09145299196243287,5.417385581939441,0.3283816211774929,6.061625413414477,False
LES-informed,-0.4861110995213191,0.09145299196243287,5.40084599403244,0.32806302331100395,6.07428954044405,False
LES-informed,-0.45833332240581515,0.09145299196243287,5.3828977487499685,0.3319859678320706,6.167421030971011,False
LES-informed,-0.4305555452903112,0.09145299196243287,5.367968206323834,0.3327384315588693,6.198591697448593,False
LES-informed,-0.4027777681748072,0.09145299196243287,5.354410964385775,0.3313071050325142,6.187554657947696,False
LES-informed,-0.37499999105930326,0.09145299196243287,5.344356007946135,0.3289363796301198,6.154836600350879,False
LES-informed,-0.3472222139437993,0.09145299196243287,5.333679435010609,0.32541304287353545,6.1010986287909175,False
LES-informed,-0.3194444368282954,0.09145299196243287,5.32735542257067,0.3266465642588162,6.13149561741078,False
LES-informed,-0.29166665971279143,0.09145299196243287,5.322863834386185,0.3206488749406425,6.023991687880903,False
LES-informed,-0.2638888825972875,0.09145299196243287,5.316739211460453,0.32933797946834686,6.194360234153391,False
LES-informed,-0.23611110548178355,0.09145299196243287,5.309879423658454,0.33681110777330864,6.343102750556417,False
LES-informed,-0.2083333283662796,0.09145299196243287,5.3045780456018665,0.3386246337765139,6.383629967651706,False
LES-informed,-0.18055555125077566,0.09145299196243287,5.302739691100158,0.3396926047773246,6.405983030761381,False
LES-informed,-0.15277777413527172,0.09145299196243287,5.299936060692881,0.34134946120118176,6.440633571653992,False
LES-informed,-0.12499999701976776,0.09145299196243287,5.2995974796709255,0.33789426713589105,6.375847758854175,False
LES-informed,-0.09722221990426382,0.09145299196243287,5.292595562541185,0.3417630841297461,6.457381450957725,False
LES-informed,-0.06944444278875987,0.09145299196243287,5.288472567011742,0.34533772679862307,6.530008852702748,False
LES-informed,-0.04166666567325592,0.09145299196243287,5.283527418739434,0.34880737111685683,6.601789741446574,False
LES-informed,-0.013888888557751973,0.09145299196243287,5.281754417080632,0.3485832604641761,6.599762748091713,False
LES-informed,0.013888888557751973,0.09145299196243287,5.272317167324482,0.35029969939945954,6.644131759949193,False
LES-informed,0.04166666567325592,0.09145299196243287,5.264239396492667,0.3514210364546837,6.6756279490028545,False
LES-informed,0.06944444278875987,0.09145299196243287,5.2646609026710465,0.34548834536004047,6.562404526087437,False
LES-informed,0.09722221990426382,0.09145299196243287,5.25285479802156,0.34916248218359874,6.647099446097532,False
LES-informed,0.12499999701976776,0.09145299196243287,5.24227564275958,0.34862176254958,6.650199003386676,False
LES-informed,0.15277777413527172,0.09145299196243287,5.23056047947422,0.34476449019477223,6.591348891723898,False
LES-informed,0.18055555125077566,0.09145299196243287,5.2238006649215105,0.34326739427858977,6.571219238583781,False
LES-informed,0.2083333283662796,0.09145299196243287,5.214416088420951,0.3395687578012649,6.512114722783742,False
LES-informed,0.23611110548178355,0.09145299196243287,5.207917084570339,0.34263459382820916,6.579110002410436,False
LES-informed,0.2638888825972875,0.09145299196243287,5.191419204969978,0.35566042970193396,6.8509287279564,False
LES-informed,0.29166665971279143,0.09145299196243287,5.173806723023371,0.3659903074609088,7.073907609116066,False
LES-informed,0.3194444368282954,0.09145299196243287,5.164664729635491,0.368077695813924,7.1268458860814,False
LES-informed,0.3472222139437993,0.09145299196243287,5.164949272243903,0.36318006389535595,7.031628865109319,False
LES-informed,0.37499999105930326,0.09145299196243287,5.155628399475333,0.36663975307339886,7.111446455503083,False
LES-informed,0.4027777681748072,0.09145299196243287,5.1433708425420335,0.36792256195271794,7.153335297341262,False
LES-informed,0.4305555452903112,0.09145299196243287,5.144645823647928,0.36140800527059336,7.0249346147278375,False
LES-informed,0.45833332240581515,0.09145299196243287,5.134447809573093,0.36084172855622054,7.02785853394862,False
LES-informed,0.4861110995213191,0.09145299196243287,5.125505577022332,0.3631144272962252,7.084460680797404,False
LES-informed,0.513888876636823,0.09145299196243287,5.118511545045052,0.36149553600159806,7.062512857894047,False
LES-informed,0.5416666537523269,0.09145299196243287,5.1149871439873404,0.3615485290456324,7.068415205512924,False
LES-informed,-0.5416666537523269,0.12051282127698262,5.6646950026109835,0.3513733810710227,6.202864954054312,False
LES-informed,-0.513888876636823,0.12051282127698262,5.651779417688029,0.3502511920230777,6.197184393412771,False
LES-informed,-0.4861110995213191,0.12051282127698262,5.630514035093173,0.3585553472318386,6.368074832902983,False
LES-informed,-0.45833332240581515,0.12051282127698262,5.612870569521091,0.3614718708204892,6.440053558037616,False
LES-informed,-0.4305555452903112,0.12051282127698262,5.598847371860797,0.3603416987888306,6.435997891277928,False
LES-informed,-0.4027777681748072,0.12051282127698262,5.591031132534428,0.35515195799154353,6.352172784817821,False
LES-informed,-0.37499999105930326,0.12051282127698262,5.5778156060210256,0.35756084300595625,6.410409885547021,False
LES-informed,-0.3472222139437993,0.12051282127698262,5.569596601405074,0.35038448392665045,6.291020858463195,False
LES-informed,-0.3194444368282954,0.12051282127698262,5.561335298734182,0.3537407643656243,6.360716363319065,False
LES-informed,-0.29166665971279143,0.12051282127698262,5.553901041532343,0.35185158044825315,6.335215154484927,False
LES-informed,-0.2638888825972875,0.12051282127698262,5.554620589001245,0.35260750348495484,6.348003393483907,False
LES-informed,-0.23611110548178355,0.12051282127698262,5.548679224882882,0.35949875353537697,6.478996874124851,False
LES-informed,-0.2083333283662796,0.12051282127698262,5.543892292960086,0.36013461322922014,6.496060785425742,False
LES-informed,-0.18055555125077566,0.12051282127698262,5.540876986616841,0.3617002914029334,6.527852761874453,False
LES-informed,-0.15277777413527172,0.12051282127698262,5.5322437166204,0.3689616179904037,6.669294356681004,False
LES-informed,-0.12499999701976776,0.12051282127698262,5.524554458828872,0.370869684574661,6.713114828327354,False
LES-informed,-0.09722221990426382,0.12051282127698262,5.524506590929387,0.3690667547026235,6.680537865745137,False
LES-informed,-0.06944444278875987,0.12051282127698262,5.5222892030444495,0.3713251077886805,6.724115563957936,False
LES-informed,-0.04166666567325592,0.12051282127698262,5.51535179782028,0.3744442850027299,6.78912785129525,False
LES-informed,-0.013888888557751973,0.12051282127698262,5.51802858866918,0.3720961967414832,6.743281423107381,False
LES-informed,0.013888888557751973,0.12051282127698262,5.505572821718189,0.3747124561013028,6.806057575392526,False
LES-informed,0.04166666567325592,0.12051282127698262,5.49078811709325,0.37670671949115975,6.860703991079942,False
LES-informed,0.06944444278875987,0.12051282127698262,5.48358025769105,0.37622179453128307,6.860878784505971,False
LES-informed,0.09722221990426382,0.12051282127698262,5.474291023823895,0.3745469923377906,6.841926940087349,False
LES-informed,0.12499999701976776,0.12051282127698262,5.466280134811897,0.37420986095024944,6.84578637979238,False
LES-informed,0.15277777413527172,0.12051282127698262,5.46263593841099,0.36884682475413466,6.752176584944217,False
LES-informed,0.18055555125077566,0.12051282127698262,5.448633807868669,0.36814843845849027,6.756710974535067,False
LES-informed,0.2083333283662796,0.12051282127698262,5.4411070584832375,0.36485751372982067,6.705574983329372,False
LES-informed,0.23611110548178355,0.12051282127698262,5.429892394877685,0.37200185028234284,6.850998569203187,False
LES-informed,0.2638888825972875,0.12051282127698262,5.41172087527702,0.38106655083690033,7.041504165112618,False
LES-informed,0.29166665971279143,0.12051282127698262,5.404434797783114,0.3888018655369419,7.194126307091862,False
LES-informed,0.3194444368282954,0.12051282127698262,5.3965218943503706,0.3897712417911478,7.222638014295839,False
LES-informed,0.3472222139437993,0.12051282127698262,5.390208442772618,0.3841425300914824,7.126673006617292,False
LES-informed,0.37499999105930326,0.12051282127698262,5.382725072647229,0.38436641136807803,7.140740167490038,False
LES-informed,0.4027777681748072,0.12051282127698262,5.369788224023522,0.3866779951614956,7.200991529452945,False
LES-informed,0.4305555452903112,0.12051282127698262,5.356980901589155,0.3904623434725414,7.2888507658616115,False
LES-informed,0.45833332240581515,0.12051282127698262,5.356229682455063,0.384424450781588,7.177146492444374,False
LES-informed,0.4861110995213191,0.12051282127698262,5.349141520104679,0.38137017616610464,7.129558541921723,False
LES-informed,0.513888876636823,0.12051282127698262,5.331973981368709,0.3831479748169766,7.185856047981373,False
LES-informed,0.5416666537523269,0.12051282127698262,5.332300155834936,0.3806083931995678,7.137790110766408,False
LES-informed,-0.5416666537523269,0.14957265059153238,5.894084365782024,0.3784366410834353,6.420617989122124,False
LES-informed,-0.513888876636823,0.14957265059153238,5.878230807985197,0.38248038491366404,6.506726214188275,False
LES-informed,-0.4861110995213191,0.14957265059153238,5.868951272200319,0.3782036885986267,6.444144295252173,False
LES-informed,-0.45833332240581515,0.14957265059153238,5.852577316180888,0.3833542630846855,6.550178534588659,False
LES-informed,-0.4305555452903112,0.14957265059153238,5.8409004319253315,0.38177763477232385,6.536280479728685,False
LES-informed,-0.4027777681748072,0.14957265059153238,5.832387208461227,0.3761117050118503,6.448675157681803,False
LES-informed,-0.37499999105930326,0.14957265059153238,5.820331760436704,0.3798954030493305,6.527040359308087,False
LES-informed,-0.3472222139437993,0.14957265059153238,5.807167050564054,0.380885351037728,6.558884008696329,False
LES-informed,-0.3194444368282954,0.14957265059153238,5.792910465495212,0.38267091067310344,6.605848872556162,False
LES-informed,-0.29166665971279143,0.14957265059153238,5.789766921671796,0.3827362560125791,6.610564141709248,False
LES-informed,-0.2638888825972875,0.14957265059153238,5.7886173275961665,0.3821917949925395,6.602471252858788,False
LES-informed,-0.23611110548178355,0.14957265059153238,5.782064481914782,0.385814770727366,6.672612730870134,False
LES-informed,-0.2083333283662796,0.14957265059153238,5.778934600592393,0.39026321470026837,6.753203517137274,False
LES-informed,-0.18055555125077566,0.14957265059153238,5.766691110246921,0.3947365335566246,6.8451131855356575,False
LES-informed,-0.15277777413527172,0.14957265059153238,5.7623161611604035,0.3977439608063176,6.902501523384317,True
LES-informed,-0.12499999701976776,0.14957265059153238,5.762218273872492,0.3969495676675948,6.888832543318865,True
LES-informed,-0.09722221990426382,0.14957265059153238,5.761256656590303,0.39725809870254214,6.895337638675035,True
LES-informed,-0.06944444278875987,0.14957265059153238,5.757935249063796,0.3966200337346203,6.888233656311231,True
LES-informed,-0.04166666567325592,0.14957265059153238,5.74803489403525,0.40274523141617397,7.006659473033188,True
LES-informed,-0.013888888557751973,0.14957265059153238,5.743595804366099,0.40145280952278023,6.98957279023027,True
LES-informed,0.013888888557751973,0.14957265059153238,5.731855052559558,0.4025954740570296,7.023825103135689,True
LES-informed,0.04166666567325592,0.14957265059153238,5.713871171193154,0.406843673399079,7.120280825549714,True
LES-informed,0.06944444278875987,0.14957265059153238,5.709930779195262,0.39634301159096663,6.9412927567368135,True
LES-informed,0.09722221990426382,0.14957265059153238,5.700777766252166,0.40497874259851724,7.1039208894606745,True
LES-informed,0.12499999701976776,0.14957265059153238,5.689516741881531,0.4012963248327442,7.053258528597545,True
LES-informed,0.15277777413527172,0.14957265059153238,5.68474050187603,0.3932228325131185,6.917164158739532,True
LES-informed,0.18055555125077566,0.14957265059153238,5.671157070747235,0.3934080063722089,6.936997185309368,False
LES-informed,0.2083333283662796,0.14957265059153238,5.66138335869432,0.392317841535042,6.929716938043954,False
LES-informed,0.23611110548178355,0.14957265059153238,5.646109042889662,0.4013945575834187,7.109224326599016,False
LES-informed,0.2638888825972875,0.14957265059153238,5.632686241709633,0.4081130757214084,7.245443083610102,False
LES-informed,0.29166665971279143,0.14957265059153238,5.623417801928845,0.41218307634217227,7.329760847589744,False
LES-informed,0.3194444368282954,0.14957265059153238,5.616145638125099,0.41292158374974386,7.352401635503066,False
LES-informed,0.3472222139437993,0.14957265059153238,5.613050388130389,0.40787712784963565,7.266585896184918,False
LES-informed,0.37499999105930326,0.14957265059153238,5.6063661596448355,0.40433746267792847,7.212113000902234,False
LES-informed,0.4027777681748072,0.14957265059153238,5.590132672921094,0.41072040195831866,7.347238893772068,False
LES-informed,0.4305555452903112,0.14957265059153238,5.577667994218826,0.40951708521306635,7.342084283925199,False
LES-informed,0.45833332240581515,0.14957265059153238,5.5686869147324956,0.4085647561912927,7.336823966712788,False
LES-informed,0.4861110995213191,0.14957265059153238,5.558777800850379,0.4081821990072159,7.343020599686004,False
LES-informed,0.513888876636823,0.14957265059153238,5.554567970352021,0.4036335095118962,7.266694937685961,False
LES-informed,0.5416666537523269,0.14957265059153238,5.547716362576672,0.4044621611108093,7.290606344606887,False
LES-informed,-0.5416666537523269,0.17863247990608216,6.116866964992073,0.4115598809556495,6.7282790897869855,False
LES-informed,-0.513888876636823,0.17863247990608216,6.10359057427522,0.4160379847538755,6.816282640374818,False
LES-informed,-0.4861110995213191,0.17863247990608216,6.096782607870224,0.4122429908167766,6.7616481894010745,False
LES-informed,-0.45833332240581515,0.17863247990608216,6.0877520878225075,0.40774939927882603,6.697864719137595,False
LES-informed,-0.4305555452903112,0.17863247990608216,6.076795679343244,0.4079512591558797,6.713262724014599,False
LES-informed,-0.4027777681748072,0.17863247990608216,6.06855247320657,0.4054717811953845,6.6815238557397985,False
LES-informed,-0.37499999105930326,0.17863247990608216,6.048948935647115,0.41382557755599114,6.841280724280412,False
LES-informed,-0.3472222139437993,0.17863247990608216,6.035730241967179,0.4164182085127521,6.899218351697443,False
LES-informed,-0.3194444368282954,0.17863247990608216,6.030262871621333,0.4123878246051071,6.8386376080854,False
LES-informed,-0.29166665971279143,0.17863247990608216,6.02648506447845,0.4074851328534951,6.761572102041873,False
LES-informed,-0.2638888825972875,0.17863247990608216,6.021153379914658,0.4114101995023457,6.832747374858883,False
LES-informed,-0.23611110548178355,0.17863247990608216,6.015526318848751,0.4167479294530413,6.927871434079242,False
LES-informed,-0.2083333283662796,0.17863247990608216,6.0197723205729705,0.4129965921825834,6.860667981929154,True
LES-informed,-0.18055555125077566,0.17863247990608216,6.004311873668439,0.4257224668519018,7.090279049609046,True
LES-informed,-0.15277777413527172,0.17863247990608216,6.0034876568067626,0.42406822352288814,7.063697766448791,True
LES-informed,-0.12499999701976776,0.17863247990608216,5.992610973553664,0.42693778842299446,7.124403541413553,True
LES-informed,-0.09722221990426382,0.17863247990608216,5.987108513187036,0.4294393855679691,7.172734294394331,True
LES-informed,-0.06944444278875987,0.17863247990608216,5.980123906260449,0.4307981883706682,7.203833818889202,True
LES-informed,-0.04166666567325592,0.17863247990608216,5.980643976845146,0.4290430879762364,7.17386103632541,True
LES-informed,-0.013888888557751973,0.17863247990608216,5.972785461306417,0.4295465885111071,7.19172974307959,True
LES-informed,0.013888888557751973,0.17863247990608216,5.957767456643062,0.432739927275736,7.263457837603582,True
LES-informed,0.04166666567325592,0.17863247990608216,5.943976925587869,0.4354899557911605,7.32657547704208,True
LES-informed,0.06944444278875987,0.17863247990608216,5.932292702242983,0.43506060513650446,7.333768358597837,True
LES-informed,0.09722221990426382,0.17863247990608216,5.930481399711816,0.4304946777827661,7.25901741810851,True
LES-informed,0.12499999701976776,0.17863247990608216,5.916345996986729,0.4283591584491567,7.24026550623181,True
LES-informed,0.15277777413527172,0.17863247990608216,5.900088232293375,0.4265728580172574,7.2299403199170085,True
LES-informed,0.18055555125077566,0.17863247990608216,5.882407579817873,0.4267852055813403,7.255281103703359,True
LES-informed,0.2083333283662796,0.17863247990608216,5.875457374872442,0.42186077307483605,7.180049929032031,True
LES-informed,0.23611110548178355,0.17863247990608216,5.861026530117611,0.42717838077393294,7.2884566991605295,False
LES-informed,0.2638888825972875,0.17863247990608216,5.853898690815617,0.43186617792389465,7.3774112046295635,False
LES-informed,0.29166665971279143,0.17863247990608216,5.846595554307582,0.43643787024885583,7.464820615602571,False
LES-informed,0.3194444368282954,0.17863247990608216,5.8417516679937656,0.43446872368202644,7.437302171922624,False
LES-informed,0.3472222139437993,0.17863247990608216,5.838738567745772,0.430102030437773,7.366351917411287,False
LES-informed,0.37499999105930326,0.17863247990608216,5.827267745896548,0.4316607802246928,7.407601624769347,False
LES-informed,0.4027777681748072,0.17863247990608216,5.810274827248364,0.4364431743395226,7.51157539558613,False
LES-informed,0.4305555452903112,0.17863247990608216,5.790627954113889,0.43745247292809125,7.55449109137305,False
LES-informed,0.45833332240581515,0.17863247990608216,5.78316704902822,0.4340781296665255,7.505889523621252,False
LES-informed,0.4861110995213191,0.17863247990608216,5.777932487263874,0.42920218692724255,7.428300484183922,False
LES-informed,0.513888876636823,0.17863247990608216,5.7662739944166646,0.4297485513529002,7.452794504198286,False
LES-informed,0.5416666537523269,0.17863247990608216,5.763416292832023,0.4241445710408325,7.359256203102009,False
LES-informed,-0.5416666537523269,0.20769230922063192,6.338350501709431,0.4439142354100319,7.003623975832668,False
LES-informed,-0.513888876636823,0.20769230922063192,6.327933581821947,0.4479957252211476,7.0796527717688225,False
LES-informed,-0.4861110995213191,0.20769230922063192,6.31636760300077,0.4515804273563211,7.1493690003378685,False
LES-informed,-0.45833332240581515,0.20769230922063192,6.317064281343209,0.442738701545839,7.008614790471921,False
LES-informed,-0.4305555452903112,0.20769230922063192,6.307040974726185,0.4400039713654909,6.976393099849701,False
LES-informed,-0.4027777681748072,0.20769230922063192,6.2975024193266025,0.4384444512562201,6.9621958367282915,False
LES-informed,-0.37499999105930326,0.20769230922063192,6.285213605736128,0.4387294219172283,6.980342267394492,False
LES-informed,-0.3472222139437993,0.20769230922063192,6.276829165815277,0.4390695057828452,6.995084527297564,False
LES-informed,-0.3194444368282954,0.20769230922063192,6.273050867215531,0.43756092647282346,6.975249136901182,False
LES-informed,-0.29166665971279143,0.20769230922063192,6.260586592599975,0.44100899021628015,7.044211971088357,False
LES-informed,-0.2638888825972875,0.20769230922063192,6.255087714407922,0.4455369374703487,7.122792801835573,True
LES-informed,-0.23611110548178355,0.20769230922063192,6.258717527504379,0.443476332879936,7.085738107384584,True
LES-informed,-0.2083333283662796,0.20769230922063192,6.251525427485883,0.4487621209252733,7.178441903990588,True
LES-informed,-0.18055555125077566,0.20769230922063192,6.232974088170994,0.45518728948354176,7.302890771636628,True
LES-informed,-0.15277777413527172,0.20769230922063192,6.228738723757744,0.45670924423524256,7.332290925821878,True
LES-informed,-0.12499999701976776,0.20769230922063192,6.225264134584426,0.458334901390917,7.362497260873472,True
LES-informed,-0.09722221990426382,0.20769230922063192,6.215967812817028,0.4580885612422591,7.369545258868658,True
LES-informed,-0.06944444278875987,0.20769230922063192,6.203886623373662,0.45672259160485773,7.361878437367266,True
LES-informed,-0.04166666567325592,0.20769230922063192,6.200349662862497,0.4564659635381945,7.361939057602426,True
LES-informed,-0.013888888557751973,0.20769230922063192,6.198454015410609,0.4567705086730199,7.3691037722857375,True
LES-informed,0.013888888557751973,0.20769230922063192,6.184038678850468,0.4589925620121526,7.422213634948889,True
LES-informed,0.04166666567325592,0.20769230922063192,6.175719875725413,0.4582226129421545,7.419744129640121,True
LES-informed,0.06944444278875987,0.20769230922063192,6.158597813132127,0.4628024214809814,7.514736885304258,True
LES-informed,0.09722221990426382,0.20769230922063192,6.152648924262976,0.46210767304423633,7.510710894325766,True
LES-informed,0.12499999701976776,0.20769230922063192,6.137671448409804,0.4588641620173661,7.476192980910573,True
LES-informed,0.15277777413527172,0.20769230922063192,6.109795752443205,0.4591109005507416,7.514341217824685,True
LES-informed,0.18055555125077566,0.20769230922063192,6.10272002941233,0.45669539724734437,7.483472862039887,True
LES-informed,0.2083333283662796,0.20769230922063192,6.092301493177803,0.45262813706856936,7.429509809641319,True
LES-informed,0.23611110548178355,0.20769230922063192,6.089802566032024,0.45252068801164813,7.430794070989075,True
LES-informed,0.2638888825972875,0.20769230922063192,6.08672911487996,0.4509860491923488,7.409333332903595,True
LES-informed,0.29166665971279143,0.20769230922063192,6.078747156295911,0.4511260073783521,7.421364892782381,False
LES-informed,0.3194444368282954,0.20769230922063192,6.06522252525175,0.4532799986420344,7.47342734342991,False
LES-informed,0.3472222139437993,0.20769230922063192,6.052340479530069,0.4601302113592569,7.602516958777962,False
LES-informed,0.37499999105930326,0.20769230922063192,6.052779656313385,0.45156584218392615,7.460470524693856,False
LES-informed,0.4027777681748072,0.20769230922063192,6.0342980929532395,0.45696377375299596,7.5727742765414785,False
LES-informed,0.4305555452903112,0.20769230922063192,6.024998418357833,0.4528759895045615,7.516615906896734,False
LES-informed,0.45833332240581515,0.20769230922063192,6.012413638516959,0.4529595310339336,7.533738665819108,False
LES-informed,0.4861110995213191,0.20769230922063192,6.001360817120433,0.4475655481878942,7.457734367697036,False
LES-informed,0.513888876636823,0.20769230922063192,5.991850405817726,0.44624768085683075,7.447577136163999,False
LES-informed,0.5416666537523269,0.20769230922063192,5.9813485949463185,0.4460551991312076,7.457435259802156,False
LES-informed,-0.5416666537523269,0.23675213853518168,6.562283896334048,0.4788719544052363,7.297336749980493,False
LES-informed,-0.513888876636823,0.23675213853518168,6.555315179846463,0.48296378800228684,7.367514371957302,False
LES-informed,-0.4861110995213191,0.23675213853518168,6.54912970363846,0.48150505339297245,7.352199073496217,False
LES-informed,-0.45833332240581515,0.23675213853518168,6.540009902258752,0.48003608591785113,7.339990200199223,False
LES-informed,-0.4305555452903112,0.23675213853518168,6.5374133826991665,0.4742007902755905,7.253645478967746,False
LES-informed,-0.4027777681748072,0.23675213853518168,6.5270091860840305,0.4750198357731537,7.27775650731309,False
LES-informed,-0.37499999105930326,0.23675213853518168,6.514568272051947,0.4740724968180515,7.277113033750263,False
LES-informed,-0.3472222139437993,0.23675213853518168,6.518832621499399,0.46681248925738034,7.160982899266536,False
LES-informed,-0.3194444368282954,0.23675213853518168,6.514541853514667,0.4622300984082976,7.095358488777218,False
LES-informed,-0.29166665971279143,0.23675213853518168,6.503058122731575,0.4701549364990631,7.229751412733444,True
LES-informed,-0.2638888825972875,0.23675213853518168,6.496135810694039,0.4718648998498071,7.263778246030754,True
LES-informed,-0.23611110548178355,0.23675213853518168,6.490244804523325,0.47861575804270334,7.374386829124472,True
LES-informed,-0.2083333283662796,0.23675213853518168,6.476512101560221,0.4856387147256603,7.498460700917516,True
LES-informed,-0.18055555125077566,0.23675213853518168,6.467394528118328,0.48600642956267365,7.514717517999879,True
LES-informed,-0.15277777413527172,0.23675213853518168,6.4487586363786615,0.48578978403732953,7.533074370265587,True
LES-informed,-0.12499999701976776,0.23675213853518168,6.4545725602691135,0.4880759550460805,7.561708393370836,True
LES-informed,-0.09722221990426382,0.23675213853518168,6.452376851092907,0.4863412893918414,7.537397467872085,True
LES-informed,-0.06944444278875987,0.23675213853518168,6.443114614589963,0.48519234859999283,7.530400708708644,True
LES-informed,-0.04166666567325592,0.23675213853518168,6.4336093362812985,0.48405718768416106,7.523882200220005,True
LES-informed,-0.013888888557751973,0.23675213853518168,6.421051215245496,0.4819134655539246,7.50521136491978,True
LES-informed,0.013888888557751973,0.23675213853518168,6.413808888334593,0.48831506208818476,7.6134956714461826,True
LES-informed,0.04166666567325592,0.23675213853518168,6.400981285113232,0.49112971498735025,7.672725369929936,True
LES-informed,0.06944444278875987,0.23675213853518168,6.385897829315609,0.4894748325442461,7.66493366519621,True
LES-informed,0.09722221990426382,0.23675213853518168,6.366298529206492,0.49599671280530433,7.790974779612264,True
LES-informed,0.12499999701976776,0.23675213853518168,6.351767165139153,0.4934393610949194,7.768536664931566,True
LES-informed,0.15277777413527172,0.23675213853518168,6.347363471286156,0.4856591650327618,7.651352679419719,True
LES-informed,0.18055555125077566,0.23675213853518168,6.327972832844243,0.48421320634514675,7.651948248448891,True
LES-informed,0.2083333283662796,0.23675213853518168,6.3234151054858705,0.4779508778176793,7.558429580291727,True
LES-informed,0.23611110548178355,0.23675213853518168,6.317739772433673,0.4770368773229165,7.550752239026709,True
LES-informed,0.2638888825972875,0.23675213853518168,6.308923811535581,0.4724523065763481,7.488635473969277,True
LES-informed,0.29166665971279143,0.23675213853518168,6.304463196055399,0.46543330243689557,7.382600040049558,True
LES-informed,0.3194444368282954,0.23675213853518168,6.29111894060499,0.47386525675352964,7.5322889493480165,False
LES-informed,0.3472222139437993,0.23675213853518168,6.2790183768395496,0.48084384459947027,7.657946126946929,False
LES-informed,0.37499999105930326,0.23675213853518168,6.268360413737584,0.4799243355721007,7.656297722133372,False
LES-informed,0.4027777681748072,0.23675213853518168,6.254935297249614,0.48136030776705896,7.6956880429877526,False
LES-informed,0.4305555452903112,0.23675213853518168,6.246692003742828,0.4759654764852776,7.61948045781821,False
LES-informed,0.45833332240581515,0.23675213853518168,6.233060737478416,0.4764080384138328,7.643243961177307,False
LES-informed,0.4861110995213191,0.23675213853518168,6.224173591782486,0.46675674110918486,7.499095811296525,False
LES-informed,0.513888876636823,0.23675213853518168,6.201968019425154,0.47143903755076605,7.601442575553021,False
LES-informed,0.5416666537523269,0.23675213853518168,6.195721285848294,0.46889207436257313,7.567998183416901,False
LES-informed,-0.5416666537523269,0.26581196784973143,6.798580467434778,0.5059513969816456,7.442015276647153,False
LES-informed,-0.513888876636823,0.26581196784973143,6.7949573272305885,0.5076228948328178,7.470582527406525,False
LES-informed,-0.4861110995213191,0.26581196784973143,6.777632707956606,0.5145082280025383,7.5912674848628345,False
LES-informed,-0.45833332240581515,0.26581196784973143,6.771476118491539,0.5133226074050278,7.580660382205987,False
LES-informed,-0.4305555452903112,0.26581196784973143,6.762606009967242,0.5086376300198504,7.521325791716708,False
LES-informed,-0.4027777681748072,0.26581196784973143,6.75885668548054,0.5064929959272386,7.493767355879778,False
LES-informed,-0.37499999105930326,0.26581196784973143,6.75087263001376,0.5067842772785146,7.506944732232071,False
LES-informed,-0.3472222139437993,0.26581196784973143,6.748908844796737,0.503090066983274,7.454391199418045,True
LES-informed,-0.3194444368282954,0.26581196784973143,6.745374046695765,0.5014565416464549,7.434080573961564,True
LES-informed,-0.29166665971279143,0.26581196784973143,6.737145070965904,0.49985802666166773,7.419433920398022,True
LES-informed,-0.2638888825972875,0.26581196784973143,6.7224600665587095,0.5105825923285673,7.595174791271603,True
LES-informed,-0.23611110548178355,0.26581196784973143,6.718939105699084,0.5114042758064155,7.611384293878125,True
LES-informed,-0.2083333283662796,0.26581196784973143,6.705252392178069,0.5167439630810896,7.706554993871535,True
LES-informed,-0.18055555125077566,0.26581196784973143,6.691979059415117,0.5202030067140883,7.773530103657472,True
LES-informed,-0.15277777413527172,0.26581196784973143,6.6868820509689675,0.5209701951897352,7.790928435985253,True
LES-informed,-0.12499999701976776,0.26581196784973143,6.6985353671371355,0.5144786126240595,7.680464227270935,True
LES-informed,-0.09722221990426382,0.26581196784973143,6.693181108320991,0.512755524855872,7.66086434174644,True
LES-informed,-0.06944444278875987,0.26581196784973143,6.676319681689547,0.5215409699018292,7.811803430147387,True
LES-informed,-0.04166666567325592,0.26581196784973143,6.660907834409165,0.5186844110096146,7.786992762911018,True
LES-informed,-0.013888888557751973,0.26581196784973143,6.647386348689019,0.5163562176233064,7.767808135977246,True
LES-informed,0.013888888557751973,0.26581196784973143,6.6294415108408105,0.5197214579359727,7.839596398672451,True
LES-informed,0.04166666567325592,0.26581196784973143,6.619371242789295,0.509216851515859,7.692828107663038,True
LES-informed,0.06944444278875987,0.26581196784973143,6.6038155297001975,0.5180990311522514,7.8454497831160985,True
LES-informed,0.09722221990426382,0.26581196784973143,6.591669577162135,0.5243132322927394,7.954179531530284,True
LES-informed,0.12499999701976776,0.26581196784973143,6.587500635875695,0.5183608162500674,7.868854136074936,True
LES-informed,0.15277777413527172,0.26581196784973143,6.576030895231573,0.5135492388483884,7.809410372764132,True
LES-informed,0.18055555125077566,0.26581196784973143,6.560132167087398,0.5107859249135634,7.786213934472373,True
LES-informed,0.2083333283662796,0.26581196784973143,6.546747371905589,0.503867595966335,7.69645699372194,True
LES-informed,0.23611110548178355,0.26581196784973143,6.53549464769548,0.5066943306549649,7.752960685747534,True
LES-informed,0.2638888825972875,0.26581196784973143,6.53159277499526,0.5010795420090801,7.671628640526258,True
LES-informed,0.29166665971279143,0.26581196784973143,6.531021156045202,0.483939418266279,7.40985837748111,True
LES-informed,0.3194444368282954,0.26581196784973143,6.517791562944005,0.49341679326599697,7.570306422059418,True
LES-informed,0.3472222139437993,0.26581196784973143,6.504127161565022,0.4988454131164854,7.669674972905254,True
LES-informed,0.37499999105930326,0.26581196784973143,6.4900645381421445,0.501887622704334,7.733168441619304,False
LES-informed,0.4027777681748072,0.26581196784973143,6.4777132876862975,0.5034502074201583,7.772035980307799,False
LES-informed,0.4305555452903112,0.26581196784973143,6.464839039747037,0.4982918806122222,7.707722923163758,False
LES-informed,0.45833332240581515,0.26581196784973143,6.454517407886647,0.49819929166722077,7.718614114487954,False
LES-informed,0.4861110995213191,0.26581196784973143,6.444825976635622,0.4886957931833689,7.582761659586063,False
LES-informed,0.513888876636823,0.26581196784973143,6.418904662677898,0.4944408231881065,7.702884669139659,False
LES-informed,0.5416666537523269,0.26581196784973143,6.413566621938542,0.4869446729081177,7.592416226603967,False
LES-informed,-0.5416666537523269,0.2948717971642812,7.020689290192707,0.5471967984923571,7.794060894515635,False
LES-informed,-0.513888876636823,0.2948717971642812,7.018677189304394,0.546492435830555,7.786259733719378,False
LES-informed,-0.4861110995213191,0.2948717971642812,7.009197728863465,0.5509951193389293,7.861029759083037,False
LES-informed,-0.45833332240581515,0.2948717971642812,7.004348469287818,0.5449139488501801,7.779652186630649,False
LES-informed,-0.4305555452903112,0.2948717971642812,6.994190743755333,0.5479970263547409,7.835031191335645,False
LES-informed,-0.4027777681748072,0.2948717971642812,6.996908019729359,0.5401457819333676,7.719778227901594,False
LES-informed,-0.37499999105930326,0.2948717971642812,6.990525687740498,0.5385897271199184,7.704566883495756,True
LES-informed,-0.3472222139437993,0.2948717971642812,6.987521750432867,0.5374424088314101,7.691459547844932,True
LES-informed,-0.3194444368282954,0.2948717971642812,6.975294052234884,0.5391124081997196,7.728884318891016,True
LES-informed,-0.29166665971279143,0.2948717971642812,6.970827440980847,0.5359401849735088,7.688329534923878,True
LES-informed,-0.2638888825972875,0.2948717971642812,6.960675438190659,0.5394635103351743,7.750160384943923,True
LES-informed,-0.23611110548178355,0.2948717971642812,6.947613246221747,0.5460459407455885,7.859475209598626,True
LES-informed,-0.2083333283662796,0.2948717971642812,6.93791603762212,0.55163157324307,7.95096928604709,True
LES-informed,-0.18055555125077566,0.2948717971642812,6.93336972298454,0.5549506014112164,8.004053203329423,True
LES-informed,-0.15277777413527172,0.2948717971642812,6.935361848881243,0.5507105375430914,7.940617224347532,True
LES-informed,-0.12499999701976776,0.2948717971642812,6.936953328213561,0.5463080774067471,7.875331598164798,True
LES-informed,-0.09722221990426382,0.2948717971642812,6.926688880090702,0.5488111933340705,7.923139076038363,True
LES-informed,-0.06944444278875987,0.2948717971642812,6.908982071188239,0.5532100410172425,8.007113570669592,True
LES-informed,-0.04166666567325592,0.2948717971642812,6.88722220652999,0.5511741525846802,8.002851310098501,True
LES-informed,-0.013888888557751973,0.2948717971642812,6.873723196770846,0.5523312779121261,8.035401806281662,True
LES-informed,0.013888888557751973,0.2948717971642812,6.858386367651847,0.5446464225071141,7.941320207271853,True
LES-informed,0.04166666567325592,0.2948717971642812,6.849642967630732,0.5431079655068938,7.928996709367947,True
LES-informed,0.06944444278875987,0.2948717971642812,6.847169192155614,0.5439775264352062,7.944560900560312,True
LES-informed,0.09722221990426382,0.2948717971642812,6.827023097129188,0.5503886095919626,8.061912223841821,True
LES-informed,0.12499999701976776,0.2948717971642812,6.8148395863648235,0.544242844619926,7.986143147211429,True
LES-informed,0.15277777413527172,0.2948717971642812,6.8118223797216375,0.5275219947181059,7.744212419403438,True
LES-informed,0.18055555125077566,0.2948717971642812,6.783650477236842,0.5371285496774271,7.917986804889357,True
LES-informed,0.2083333283662796,0.2948717971642812,6.777428917173076,0.5200883580893231,7.673829772990912,True
LES-informed,0.23611110548178355,0.2948717971642812,6.7702863669287705,0.52190406538536,7.708744314490692,True
LES-informed,0.2638888825972875,0.2948717971642812,6.761041659054322,0.5157816234003452,7.628730148550636,True
LES-informed,0.29166665971279143,0.2948717971642812,6.7369172643232424,0.5311453140881177,7.88410029763775,True
LES-informed,0.3194444368282954,0.2948717971642812,6.729959163304088,0.5293209652273617,7.865143790374658,True
LES-informed,0.3472222139437993,0.2948717971642812,6.723265542531621,0.5261261954977182,7.825456129457105,True
LES-informed,0.37499999105930326,0.2948717971642812,6.712619385315871,0.5292528838848575,7.884446495545684,True
LES-informed,0.4027777681748072,0.2948717971642812,6.692074391127307,0.5328306974424145,7.962115575835028,False
LES-informed,0.4305555452903112,0.2948717971642812,6.688614305392376,0.5144549060204417,7.69150204408837,False
LES-informed,0.45833332240581515,0.2948717971642812,6.688178383145706,0.5009193601001337,7.4896232038675405,False
LES-informed,0.4861110995213191,0.2948717971642812,6.659616667990254,0.517896103707636,7.7766653777075,False
LES-informed,0.513888876636823,0.2948717971642812,6.6384430240118,0.5218463823653604,7.860975540165045,False
LES-informed,0.5416666537523269,0.2948717971642812,6.63240357602281,0.5118386737751449,7.717242594005028,False
LES-informed,-0.5416666537523269,0.32393162647883095,7.244449877659481,0.5826864157324771,8.043211362803024,False
LES-informed,-0.513888876636823,0.32393162647883095,7.24310620180393,0.5866564274737845,8.099514367574438,False
LES-informed,-0.4861110995213191,0.32393162647883095,7.24222654860699,0.5843079686964975,8.068070844992919,False
LES-informed,-0.45833332240581515,0.32393162647883095,7.243928092436393,0.5767887934629427,7.962376021722046,False
LES-informed,-0.4305555452903112,0.32393162647883095,7.22749622095475,0.5819880493429068,8.052415823553712,False
LES-informed,-0.4027777681748072,0.32393162647883095,7.2312955648299395,0.5753006497266153,7.955706478444085,False
LES-informed,-0.37499999105930326,0.32393162647883095,7.221961979710312,0.5757932861096153,7.972809711921408,True
LES-informed,-0.3472222139437993,0.32393162647883095,7.21409460702658,0.577749514212551,8.008621257195863,True
LES-informed,-0.3194444368282954,0.32393162647883095,7.210635438677789,0.5733020497053916,7.950784013156512,True
LES-informed,-0.29166665971279143,0.32393162647883095,7.202809730615757,0.5752929306477251,7.9870627180727185,True
LES-informed,-0.2638888825972875,0.32393162647883095,7.202661660120363,0.5700324079196349,7.9141910979351655,True
LES-informed,-0.23611110548178355,0.32393162647883095,7.1852181956531656,0.5767927596562946,8.027491218084878,True
LES-informed,-0.2083333283662796,0.32393162647883095,7.17813310217796,0.5856651131076077,8.159017181360257,True
LES-informed,-0.18055555125077566,0.32393162647883095,7.17841801610931,0.583629125237145,8.130330720883137,True
LES-informed,-0.15277777413527172,0.32393162647883095,7.174690151905989,0.5823441965871471,8.116645935329272,True
LES-informed,-0.12499999701976776,0.32393162647883095,7.1788670766363465,0.5693388008965,7.9307611468307515,True
LES-informed,-0.09722221990426382,0.32393162647883095,7.167236018003949,0.5764685916537488,8.043108810783844,True
LES-informed,-0.06944444278875987,0.32393162647883095,7.1326873206110495,0.5893786097869032,8.26306528373673,True
LES-informed,-0.04166666567325592,0.32393162647883095,7.117914749510259,0.5837514005610078,8.201157517391906,True
LES-informed,-0.013888888557751973,0.32393162647883095,7.1017235936052225,0.5763240136894408,8.115269569325314,True
LES-informed,0.013888888557751973,0.32393162647883095,7.082339311338802,0.5776247506559754,8.155846892723709,True
LES-informed,0.04166666567325592,0.32393162647883095,7.071420592141145,0.580593201298621,8.210418171758386,True
LES-informed,0.06944444278875987,0.32393162647883095,7.076214874074473,0.5824362590351876,8.230901257239829,True
LES-informed,0.09722221990426382,0.32393162647883095,7.070619419146169,0.5606481522428821,7.929265019196643,True
LES-informed,0.12499999701976776,0.32393162647883095,7.054658308742899,0.5591446323070456,7.925892478932578,True
LES-informed,0.15277777413527172,0.32393162647883095,7.038565979354378,0.5451954608950901,7.7458315016761246,True
LES-informed,0.18055555125077566,0.32393162647883095,7.02125957674857,0.5462999003219904,7.780653803643774,True
LES-informed,0.2083333283662796,0.32393162647883095,7.00077610203922,0.5525678626981833,7.892951504865706,True
LES-informed,0.23611110548178355,0.32393162647883095,6.986297793471686,0.557440282648307,7.979051267599909,True
LES-informed,0.2638888825972875,0.32393162647883095,6.975417036587161,0.5578165545456363,7.996891821948431,True
LES-informed,0.29166665971279143,0.32393162647883095,6.958148629058239,0.5614570374355705,8.069057839478226,True
LES-informed,0.3194444368282954,0.32393162647883095,6.9485472873127,0.5601871341302247,8.061931666681842,True
LES-informed,0.3472222139437993,0.32393162647883095,6.934546008628951,0.5632444399691205,8.12229725303216,True
LES-informed,0.37499999105930326,0.32393162647883095,6.92042895362713,0.5659951188359713,8.178613242454029,True
LES-informed,0.4027777681748072,0.32393162647883095,6.908609535957003,0.5640918165918581,8.16505569834203,False
LES-informed,0.4305555452903112,0.32393162647883095,6.9060941395452815,0.5525247116001455,8.000538371411853,False
LES-informed,0.45833332240581515,0.32393162647883095,6.89236766170259,0.5459660392637744,7.921313343416549,False
LES-informed,0.4861110995213191,0.32393162647883095,6.878967948074312,0.5366588385417379,7.801444091507497,False
LES-informed,0.513888876636823,0.32393162647883095,6.855165861682043,0.5318289481226429,7.7580755718162715,False
LES-informed,0.5416666537523269,0.32393162647883095,6.862056152573999,0.5124262249128023,7.467531793959282,False
LES-informed,-0.5416666537523269,0.35299145579338076,7.468001825301569,0.621099312385849,8.316807185043345,False
LES-informed,-0.513888876636823,0.35299145579338076,7.464623376013943,0.6255450322504038,8.380128517407405,False
LES-informed,-0.4861110995213191,0.35299145579338076,7.461422233444999,0.622940352075075,8.348815180071352,False
LES-informed,-0.45833332240581515,0.35299145579338076,7.4597912191375215,0.6149223977722321,8.243158282965023,False
LES-informed,-0.4305555452903112,0.35299145579338076,7.469465067153713,0.6118683793693498,8.191595701544744,False
LES-informed,-0.4027777681748072,0.35299145579338076,7.465470538450933,0.6092079511817642,8.160342312571412,True
LES-informed,-0.37499999105930326,0.35299145579338076,7.4586009651965295,0.610350678392987,8.183179140981228,True
LES-informed,-0.3472222139437993,0.35299145579338076,7.460225590564644,0.6039628342069026,8.095771728012723,True
LES-informed,-0.3194444368282954,0.35299145579338076,7.448195873037831,0.6105270255356751,8.19697865016894,True
LES-informed,-0.29166665971279143,0.35299145579338076,7.431234221968005,0.6153747869660707,8.280923041651912,True
LES-informed,-0.2638888825972875,0.35299145579338076,7.423490685495059,0.6149054767792825,8.283239015585504,True
LES-informed,-0.23611110548178355,0.35299145579338076,7.4323597346568375,0.6067946888252568,8.164226577943934,True
LES-informed,-0.2083333283662796,0.35299145579338076,7.428338372408732,0.613501284927223,8.258930250215398,True
LES-informed,-0.18055555125077566,0.35299145579338076,7.415832924628508,0.6167962303545328,8.317288652851234,True
LES-informed,-0.15277777413527172,0.35299145579338076,7.413032199277414,0.6127703165780652,8.266122419349466,True
LES-informed,-0.12499999701976776,0.35299145579338076,7.41219830617593,0.5993089124832995,8.085440887138008,True
LES-informed,-0.09722221990426382,0.35299145579338076,7.395146128750078,0.6123348568144668,8.280226599362184,True
LES-informed,-0.06944444278875987,0.35299145579338076,7.3668407684209765,0.618261364387894,8.392489858585792,True
LES-informed,-0.04166666567325592,0.35299145579338076,7.353940320369761,0.6221931047268939,8.460676557348098,True
LES-informed,-0.013888888557751973,0.35299145579338076,7.333405450192728,0.6090833408890082,8.305600242967623,True
LES-informed,0.013888888557751973,0.35299145579338076,7.326502141154338,0.6179536890601184,8.434498170538388,True
LES-informed,0.04166666567325592,0.35299145579338076,7.307600742569131,0.614068673840881,8.40315030162681,True
LES-informed,0.06944444278875987,0.35299145579338076,7.309082353987126,0.6027803279115904,8.247004189011115,True
LES-informed,0.09722221990426382,0.35299145579338076,7.288315188527998,0.610276398113154,8.373353543679688,True
LES-informed,0.12499999701976776,0.35299145579338076,7.287353887962489,0.5737029892462063,7.872583081135518,True
LES-informed,0.15277777413527172,0.35299145579338076,7.2674307942226175,0.5733608720465608,7.889457612755872,True
LES-informed,0.18055555125077566,0.35299145579338076,7.242178265699464,0.5780827334643024,7.982166583805708,True
LES-informed,0.2083333283662796,0.35299145579338076,7.203379361895757,0.6024971984570139,8.364090910498028,True
LES-informed,0.23611110548178355,0.35299145579338076,7.188350577944965,0.604635437596548,8.411323724967845,True
LES-informed,0.2638888825972875,0.35299145579338076,7.191621037775641,0.5915829818055738,8.226003271003135,True
LES-informed,0.29166665971279143,0.35299145579338076,7.180514068752892,0.5850205727222235,8.147335512759875,True
LES-informed,0.3194444368282954,0.35299145579338076,7.161831947303389,0.5876383931423984,8.205140772168761,True
LES-informed,0.3472222139437993,0.35299145579338076,7.15871710456136,0.5894003340895845,8.233323450008005,True
LES-informed,0.37499999105930326,0.35299145579338076,7.12814858533052,0.5914087464085857,8.296807218997708,True
LES-informed,0.4027777681748072,0.35299145579338076,7.126116203655238,0.5928340768295729,8.319174987989772,True
LES-informed,0.4305555452903112,0.35299145579338076,7.113415429070982,0.5865747327914224,8.246035095802489,False
LES-informed,0.45833332240581515,0.35299145579338076,7.100961780845204,0.5839268716250636,8.223208202587463,False
LES-informed,0.4861110995213191,0.35299145579338076,7.083615482862427,0.5765355195654652,8.139000782302377,False
LES-informed,0.513888876636823,0.35299145579338076,7.083028137292517,0.5541853224686175,7.824129902164338,False
LES-informed,0.5416666537523269,0.35299145579338076,7.082546367580175,0.5297323403653673,7.479405186673785,False
LES-informed,-0.5416666537523269,0.3820512851079305,7.587741590184189,0.6371549475453779,8.397161921929806,False
LES-informed,-0.513888876636823,0.3820512851079305,7.573826982650396,0.6416749642959703,8.472268587147228,False
LES-informed,-0.4861110995213191,0.3820512851079305,7.56946451656843,0.6370897679560057,8.416576450837587,False
LES-informed,-0.45833332240581515,0.3820512851079305,7.5740887216599075,0.6324786184101127,8.350557296766139,False
LES-informed,-0.4305555452903112,0.3820512851079305,7.577378796080404,0.6323042177925142,8.344629915025365,True
LES-informed,-0.4027777681748072,0.3820512851079305,7.583335155093973,0.6281609857527707,8.283439580417522,True
LES-informed,-0.37499999105930326,0.3820512851079305,7.581204340067618,0.6248068083846895,8.24152443804353,True
LES-informed,-0.3472222139437993,0.3820512851079305,7.5781414934627875,0.6239301252844787,8.23328682662769,True
LES-informed,-0.3194444368282954,0.3820512851079305,7.574457663795319,0.6239899515448881,8.238080919343691,True
LES-informed,-0.29166665971279143,0.3820512851079305,7.567217532058469,0.6217248044241627,8.216029231223095,True
LES-informed,-0.2638888825972875,0.3820512851079305,7.562384152000461,0.6224666876296882,8.231090554491713,True
LES-informed,-0.23611110548178355,0.3820512851079305,7.556818348303445,0.6234064605557047,8.24958907071868,True
LES-informed,-0.2083333283662796,0.3820512851079305,7.555106298218232,0.6276809483813803,8.308035964092394,True
LES-informed,-0.18055555125077566,0.3820512851079305,7.5422181475100505,0.6318439451903962,8.377428666644839,True
LES-informed,-0.15277777413527172,0.3820512851079305,7.535912329895717,0.6238752195931325,8.27869529636322,True
LES-informed,-0.12499999701976776,0.3820512851079305,7.530183832131124,0.6272340290594871,8.329597829777988,True
LES-informed,-0.09722221990426382,0.3820512851079305,7.520146251422335,0.6286281363744609,8.359254133595664,True
LES-informed,-0.06944444278875987,0.3820512851079305,7.496405203973722,0.6203562287803233,8.275382825510587,True
LES-informed,-0.04166666567325592,0.3820512851079305,7.481646175240068,0.6208709723335025,8.298587741134126,True
LES-informed,-0.013888888557751973,0.3820512851079305,7.464658935649036,0.61757163857483,8.273273352456705,True
LES-informed,0.013888888557751973,0.3820512851079305,7.443775327674722,0.6239090823545509,8.381621621960573,True
LES-informed,0.04166666567325592,0.3820512851079305,7.433637063834407,0.6222003985944629,8.370066943697685,True
LES-informed,0.06944444278875987,0.3820512851079305,7.419785461071733,0.627683962054778,8.459597185767063,True
LES-informed,0.09722221990426382,0.3820512851079305,7.404842878656618,0.6210754037840749,8.387421771962703,True
LES-informed,0.12499999701976776,0.3820512851079305,7.391247390452512,0.6111209308324338,8.268170425763808,True
LES-informed,0.15277777413527172,0.3820512851079305,7.378268680624521,0.5967054941276553,8.087337557855758,True
LES-informed,0.18055555125077566,0.3820512851079305,7.353437636437114,0.5989592032064214,8.145295205041393,True
LES-informed,0.2083333283662796,0.3820512851079305,7.334365800608303,0.6026853270737532,8.217279359365568,True
LES-informed,0.23611110548178355,0.3820512851079305,7.318412400617271,0.6079606803177927,8.307275499622218,True
LES-informed,0.2638888825972875,0.3820512851079305,7.308971448552694,0.6033294438094622,8.254642230527963,True
LES-informed,0.29166665971279143,0.3820512851079305,7.278824894193299,0.6071342210563554,8.341102168025753,True
LES-informed,0.3194444368282954,0.3820512851079305,7.273879287227985,0.5999329288663405,8.247771308492116,True
LES-informed,0.3472222139437993,0.3820512851079305,7.264682250670266,0.6043219183956158,8.318628365884258,True
LES-informed,0.37499999105930326,0.3820512851079305,7.251688207387803,0.608189602796322,8.386869173121875,True
LES-informed,0.4027777681748072,0.3820512851079305,7.238397913902081,0.6026354022374644,8.325535697340452,True
LES-informed,0.4305555452903112,0.3820512851079305,7.226484868237035,0.6019529125047035,8.329816272784297,True
LES-informed,0.45833332240581515,0.3820512851079305,7.2120260541254275,0.596664307035828,8.273185683994079,False
LES-informed,0.4861110995213191,0.3820512851079305,7.21027442537995,0.5874882897499767,8.147932451531046,False
LES-informed,0.513888876636823,0.3820512851079305,7.20395023819979,0.5722915963817234,7.944135890154823,False
LES-informed,0.5416666537523269,0.3820512851079305,7.1858537695243285,0.5690368499642562,7.918848173303754,False
LES-informed,-0.5416666537523269,0.4111111144224803,7.669099381431968,0.6511190544043376,8.490163212394846,False
LES-informed,-0.513888876636823,0.4111111144224803,7.664564053585824,0.6483837708895949,8.459499670907599,False
LES-informed,-0.4861110995213191,0.4111111144224803,7.664267716012343,0.648056295746721,8.455554004106466,False
LES-informed,-0.45833332240581515,0.4111111144224803,7.66833173671708,0.6454164128513507,8.416646997168936,False
LES-informed,-0.4305555452903112,0.4111111144224803,7.676176655282316,0.6427994862361092,8.373953793699764,True
LES-informed,-0.4027777681748072,0.4111111144224803,7.675817225567704,0.6388676161995085,8.323121791794069,True
LES-informed,-0.37499999105930326,0.4111111144224803,7.67576597207638,0.6387110792426074,8.321138001942352,True
LES-informed,-0.3472222139437993,0.4111111144224803,7.680968458088849,0.6307226942455963,8.211499600436198,True
LES-informed,-0.3194444368282954,0.4111111144224803,7.672690271144055,0.6298857566234987,8.209451109898353,True
LES-informed,-0.29166665971279143,0.4111111144224803,7.679745298379916,0.624310252070149,8.129309343134734,True
LES-informed,-0.2638888825972875,0.4111111144224803,7.6717990632499244,0.6256669334961598,8.155413460882734,True
LES-informed,-0.23611110548178355,0.4111111144224803,7.663503369519242,0.6305758717695034,8.228297703600559,True
LES-informed,-0.2083333283662796,0.4111111144224803,7.6460971028766735,0.642676245414507,8.405284902446693,True
LES-informed,-0.18055555125077566,0.4111111144224803,7.643124771706667,0.6389897657731568,8.36032100559931,True
LES-informed,-0.15277777413527172,0.4111111144224803,7.638806744247332,0.6352385211091446,8.31593915617165,True
LES-informed,-0.12499999701976776,0.4111111144224803,7.631558498011324,0.6297185329836987,8.251506335800144,True
LES-informed,-0.09722221990426382,0.4111111144224803,7.628375714086955,0.6215043034240426,8.147269179156194,True
LES-informed,-0.06944444278875987,0.4111111144224803,7.611636703901986,0.6158704860947395,8.091170270633425,True
LES-informed,-0.04166666567325592,0.4111111144224803,7.585614750497824,0.5982091590465467,7.886099923638856,True
LES-informed,-0.013888888557751973,0.4111111144224803,7.556592977102601,0.6150728014439142,8.139551823257648,True
LES-informed,0.013888888557751973,0.4111111144224803,7.545336266631202,0.6200377099001813,8.217496053055461,True
LES-informed,0.04166666567325592,0.4111111144224803,7.523765984192196,0.6374962116107634,8.473099946890619,True
LES-informed,0.06944444278875987,0.4111111144224803,7.51448536720219,0.6284824166041599,8.363612222165493,True
LES-informed,0.09722221990426382,0.4111111144224803,7.50158349938664,0.6254854722742016,8.338045858255711,True
LES-informed,0.12499999701976776,0.4111111144224803,7.478036839513371,0.6260707202352175,8.372126718166296,True
LES-informed,0.15277777413527172,0.4111111144224803,7.475703871893054,0.6047537336703749,8.089589208370215,True
LES-informed,0.18055555125077566,0.4111111144224803,7.460364170481697,0.5893273220936145,7.899444432289196,True
LES-informed,0.2083333283662796,0.4111111144224803,7.440442299923474,0.5919366576262792,7.955664915678029,True
LES-informed,0.23611110548178355,0.4111111144224803,7.416972056133334,0.6125730269904622,8.259071523451485,True
LES-informed,0.2638888825972875,0.4111111144224803,7.409274301598557,0.603875789314701,8.150269037608911,True
LES-informed,0.29166665971279143,0.4111111144224803,7.392674537527671,0.614538039738258,8.312797169937063,True
LES-informed,0.3194444368282954,0.4111111144224803,7.3807335880334834,0.6144199336557241,8.32464586788357,True
LES-informed,0.3472222139437993,0.4111111144224803,7.363864309013253,0.6117110397949055,8.30692981463796,True
LES-informed,0.37499999105930326,0.4111111144224803,7.355537915609778,0.6169717678047858,8.387853816856282,True
LES-informed,0.4027777681748072,0.4111111144224803,7.339953763549632,0.6194977064059443,8.440076414137417,True
LES-informed,0.4305555452903112,0.4111111144224803,7.317131183469759,0.6162203685094859,8.421611599660787,True
LES-informed,0.45833332240581515,0.4111111144224803,7.305695167688416,0.6144800876592923,8.410973542627552,False
LES-informed,0.4861110995213191,0.4111111144224803,7.297731786174184,0.6076249339037156,8.326216305385229,False
LES-informed,0.513888876636823,0.4111111144224803,7.292836056620849,0.597020618106093,8.186398452822532,False
LES-informed,0.5416666537523269,0.4111111144224803,7.278819826726922,0.5859223468948865,8.049688834767588,False
LES-informed,-0.5416666537523269,0.44017094373703003,7.765178577659368,0.6617442580870194,8.52194513582567,False
LES-informed,-0.513888876636823,0.44017094373703003,7.764073378521307,0.6631304489048695,8.54101212823886,False
LES-informed,-0.4861110995213191,0.44017094373703003,7.7644174966240085,0.6596892240726876,8.496313140805764,False
LES-informed,-0.45833332240581515,0.44017094373703003,7.771943645339961,0.6544430700163177,8.420584346474518,True
LES-informed,-0.4305555452903112,0.44017094373703003,7.771926750144777,0.6495155227493057,8.357200776978583,True
LES-informed,-0.4027777681748072,0.44017094373703003,7.777988160795402,0.6450513267175103,8.293292730488618,True
LES-informed,-0.37499999105930326,0.44017094373703003,7.775522194023856,0.6419803802206723,8.256427853991443,True
LES-informed,-0.3472222139437993,0.44017094373703003,7.774214187016093,0.6405397283694431,8.239285835978436,True
LES-informed,-0.3194444368282954,0.44017094373703003,7.773639597482321,0.642519825973038,8.265366793967829,True
LES-informed,-0.29166665971279143,0.44017094373703003,7.770266466850216,0.6358618914086405,8.183270086313987,True
LES-informed,-0.2638888825972875,0.44017094373703003,7.764214568620385,0.6390321813574467,8.230480697173668,True
LES-informed,-0.23611110548178355,0.44017094373703003,7.759815789336161,0.642786620467478,8.28352937644242,True
LES-informed,-0.2083333283662796,0.44017094373703003,7.751104650728433,0.6475048119042137,8.353710097867955,True
LES-informed,-0.18055555125077566,0.44017094373703003,7.748893204011106,0.643249589236723,8.301180211178467,True
LES-informed,-0.15277777413527172,0.44017094373703003,7.736766658558911,0.6385982078819458,8.254070932532095,True
LES-informed,-0.12499999701976776,0.44017094373703003,7.719297441751538,0.6509881335246741,8.433256244326847,True
LES-informed,-0.09722221990426382,0.44017094373703003,7.7302639742423525,0.616392671439939,7.973759673586722,True
LES-informed,-0.06944444278875987,0.44017094373703003,7.7056455233771635,0.623580319153408,8.092512395770193,True
LES-informed,-0.04166666567325592,0.44017094373703003,7.685105279938322,0.6204675379354085,8.073637449770736,True
LES-informed,-0.013888888557751973,0.44017094373703003,7.669774839758772,0.6267238496125112,8.171346130836648,True
LES-informed,0.013888888557751973,0.44017094373703003,7.633469511681507,0.6415670431382386,8.404658486635046,True
LES-informed,0.04166666567325592,0.44017094373703003,7.626170710915207,0.6395929561587432,8.386816665975033,True
LES-informed,0.06944444278875987,0.44017094373703003,7.610036924409114,0.6372135535346559,8.373330640365227,True
LES-informed,0.09722221990426382,0.44017094373703003,7.598265931622956,0.6280687169494995,8.26594808080568,True
LES-informed,0.12499999701976776,0.44017094373703003,7.5827228107511075,0.6192426398175095,8.166494480577885,True
LES-informed,0.15277777413527172,0.44017094373703003,7.568585999182923,0.6199777602223859,8.191460865864727,True
LES-informed,0.18055555125077566,0.44017094373703003,7.5526062789460475,0.6017968066366068,7.968068033867992,True
LES-informed,0.2083333283662796,0.44017094373703003,7.5239826729882795,0.6209645468982079,8.253136322702098,True
LES-informed,0.23611110548178355,0.44017094373703003,7.509981656414885,0.6232244718337177,8.29861510116168,True
LES-informed,0.2638888825972875,0.44017094373703003,7.5048133102732635,0.6127970903739312,8.165387532493039,True
LES-informed,0.29166665971279143,0.44017094373703003,7.49281573402593,0.6179807001553473,8.247643103633392,True
LES-informed,0.3194444368282954,0.44017094373703003,7.4806266315744105,0.6247460120719216,8.351519770215218,True
LES-informed,0.3472222139437993,0.44017094373703003,7.479283174144177,0.6145020821158905,8.21605584128997,True
LES-informed,0.37499999105930326,0.44017094373703003,7.465999979479902,0.6226594896406267,8.339934253308188,True
LES-informed,0.4027777681748072,0.44017094373703003,7.4517961878006345,0.624204010483982,8.37655774195581,True
LES-informed,0.4305555452903112,0.44017094373703003,7.439453619749434,0.6208676675151691,8.345608417625707,True
LES-informed,0.45833332240581515,0.44017094373703003,7.420689283025658,0.6196878410983118,8.3508124038532,True
LES-informed,0.4861110995213191,0.44017094373703003,7.408067010486005,0.6123309204022008,8.265731391676882,False
LES-informed,0.513888876636823,0.44017094373703003,7.38105699941982,0.6171935728934644,8.361858917252343,False
LES-informed,0.5416666537523269,0.44017094373703003,7.368573470616212,0.6032957622567434,8.18741598577413,False
LES-informed,-0.5416666537523269,0.4692307730515798,7.865378060942837,0.660464226948635,8.397107193464825,False
LES-informed,-0.513888876636823,0.4692307730515798,7.858461744679124,0.6639174684523896,8.44844054756544,False
LES-informed,-0.4861110995213191,0.4692307730515798,7.847860430172862,0.6574614755189926,8.37758878829234,False
LES-informed,-0.45833332240581515,0.4692307730515798,7.85030610523603,0.6629810808108845,8.4452895456992,True
LES-informed,-0.4305555452903112,0.4692307730515798,7.856773273602566,0.6501428055422888,8.274934033372949,True
LES-informed,-0.4027777681748072,0.4692307730515798,7.862067782184199,0.6432318643219794,8.181459154798587,True
LES-informed,-0.37499999105930326,0.4692307730515798,7.868852267871915,0.6438806585675868,8.18265023473011,True
LES-informed,-0.3472222139437993,0.4692307730515798,7.86629087109683,0.644023069047772,8.18712503263909,True
LES-informed,-0.3194444368282954,0.4692307730515798,7.863428265864743,0.642525369707128,8.1710590849584,True
LES-informed,-0.29166665971279143,0.4692307730515798,7.861056811710659,0.6461099416260432,8.219123167555916,True
LES-informed,-0.2638888825972875,0.4692307730515798,7.8528032740583935,0.6445451230878412,8.207834840547774,True
LES-informed,-0.23611110548178355,0.4692307730515798,7.846882125199447,0.6518552970045044,8.307188595469515,True
LES-informed,-0.2083333283662796,0.4692307730515798,7.838291622872346,0.6577765433399515,8.391835555346548,True
LES-informed,-0.18055555125077566,0.4692307730515798,7.8233760924276785,0.661100049672023,8.450316613461906,True
LES-informed,-0.15277777413527172,0.4692307730515798,7.811622125891822,0.6641698465110851,8.502329424124051,True
LES-informed,-0.12499999701976776,0.4692307730515798,7.803473967514458,0.6610285622904801,8.47095236099095,True
LES-informed,-0.09722221990426382,0.4692307730515798,7.7971154657233805,0.6498047833422859,8.333912537256493,True
LES-informed,-0.06944444278875987,0.4692307730515798,7.776643971640491,0.6492025455324076,8.348106817026595,True
LES-informed,-0.04166666567325592,0.4692307730515798,7.7564604712854015,0.6514081639648156,8.398265760218129,True
LES-informed,-0.013888888557751973,0.4692307730515798,7.738007805589434,0.6530057740948384,8.438939201161693,True
LES-informed,0.013888888557751973,0.4692307730515798,7.726946585740926,0.6428358620440373,8.319403465662715,True
LES-informed,0.04166666567325592,0.4692307730515798,7.710991624009206,0.6432331140543107,8.341769067048629,True
LES-informed,0.06944444278875987,0.4692307730515798,7.704212031047667,0.6282558897062995,8.15470663546711,True
LES-informed,0.09722221990426382,0.4692307730515798,7.678026608166244,0.6438919435072201,8.386164523347515,True
LES-informed,0.12499999701976776,0.4692307730515798,7.671141657772348,0.6251984842550025,8.150005724657108,True
LES-informed,0.15277777413527172,0.4692307730515798,7.6462876680096254,0.6334250141532818,8.284085580554231,True
LES-informed,0.18055555125077566,0.4692307730515798,7.6289593901122865,0.632234016445907,8.287290364467408,True
LES-informed,0.2083333283662796,0.4692307730515798,7.611383920328888,0.6349943565573746,8.342692514319214,True
LES-informed,0.23611110548178355,0.4692307730515798,7.599942651419679,0.6319187942410901,8.314783719098813,True
LES-informed,0.2638888825972875,0.4692307730515798,7.5827516538088915,0.6254202547362815,8.247932720071699,True
LES-informed,0.29166665971279143,0.4692307730515798,7.569831886041884,0.6280092174429571,8.296210892093283,True
LES-informed,0.3194444368282954,0.4692307730515798,7.568240821717609,0.6284193226147947,8.303373761726773,True
LES-informed,0.3472222139437993,0.4692307730515798,7.5682031105935454,0.6181808824742525,8.168132824143655,True
LES-informed,0.37499999105930326,0.4692307730515798,7.5527725551881195,0.6277223542009036,8.311151297277066,True
LES-informed,0.4027777681748072,0.4692307730515798,7.530704317723784,0.6345426183832193,8.42607267011932,True
LES-informed,0.4305555452903112,0.4692307730515798,7.510192349437068,0.6380504505924788,8.495793728110097,True
LES-informed,0.45833332240581515,0.4692307730515798,7.493915461610766,0.6341898895228212,8.462730768335975,True
LES-informed,0.4861110995213191,0.4692307730515798,7.485412034520335,0.6287382235899346,8.399513890356259,False
LES-informed,0.513888876636823,0.4692307730515798,7.473228665732335,0.6201244242667002,8.297945265748556,False
LES-informed,0.5416666537523269,0.4692307730515798,7.450851651375077,0.6175944255166788,8.288910508675876,False
LES-informed,-0.5416666537523269,0.49829060236612954,7.941685968997976,0.6627560230605704,8.345281161302227,False
LES-informed,-0.513888876636823,0.49829060236612954,7.933688032604908,0.6565313038870776,8.275234685167163,False
LES-informed,-0.4861110995213191,0.49829060236612954,7.92302909751048,0.6526220828230406,8.23702746501465,False
LES-informed,-0.45833332240581515,0.49829060236612954,7.9148006678437755,0.6498694180690083,8.21081219024625,True
LES-informed,-0.4305555452903112,0.49829060236612954,7.929495708892531,0.6525139744087378,8.228946686697569,True
LES-informed,-0.4027777681748072,0.49829060236612954,7.929587960808277,0.6511499714415415,8.21164951646704,True
LES-informed,-0.37499999105930326,0.49829060236612954,7.926359875481358,0.6490934352673242,8.189048257513107,True
LES-informed,-0.3472222139437993,0.49829060236612954,7.9301738101650665,0.6522021799285618,8.224311289275338,True
LES-informed,-0.3194444368282954,0.49829060236612954,7.935373642310413,0.6472344919657533,8.156320308785215,True
LES-informed,-0.29166665971279143,0.49829060236612954,7.929548305699225,0.6505605626716668,8.204257513685715,True
LES-informed,-0.2638888825972875,0.49829060236612954,7.923274028694889,0.6523576679565071,8.233435642815481,True
LES-informed,-0.23611110548178355,0.49829060236612954,7.9090736226073375,0.6611146969293632,8.358939725123173,True
LES-informed,-0.2083333283662796,0.49829060236612954,7.903944505645471,0.6628451426747382,8.38625754775093,True
LES-informed,-0.18055555125077566,0.49829060236612954,7.89325988373848,0.6645524359907832,8.419239272228696,True
LES-informed,-0.15277777413527172,0.49829060236612954,7.881086922914931,0.6626202690647107,8.40772694865331,True
LES-informed,-0.12499999701976776,0.49829060236612954,7.872569844244631,0.664073455027181,8.435281847803008,True
LES-informed,-0.09722221990426382,0.49829060236612954,7.861200524621677,0.6598636449952606,8.393929692144786,True
LES-informed,-0.06944444278875987,0.49829060236612954,7.840875768639909,0.6631857067783483,8.458056553208031,True
LES-informed,-0.04166666567325592,0.49829060236612954,7.824806319299216,0.6599166705847023,8.433648625360531,True
LES-informed,-0.013888888557751973,0.49829060236612954,7.806032623052295,0.6530684805968792,8.366202296775926,True
LES-informed,0.013888888557751973,0.49829060236612954,7.794517832194789,0.6447258560596909,8.271529682011751,True
LES-informed,0.04166666567325592,0.49829060236612954,7.779373348374836,0.6358316783356905,8.173302011125614,True
LES-informed,0.06944444278875987,0.49829060236612954,7.762669679399667,0.6397677979005555,8.241595022371639,True
LES-informed,0.09722221990426382,0.49829060236612954,7.749807335638043,0.6365261309171378,8.213444584486982,True
LES-informed,0.12499999701976776,0.49829060236612954,7.744593185715839,0.6109718752925426,7.889011864682857,True
LES-informed,0.15277777413527172,0.49829060236612954,7.71786338151638,0.629904712120139,8.161646313002983,True
LES-informed,0.18055555125077566,0.49829060236612954,7.693397751896235,0.6422154007525493,8.347617287748562,True
LES-informed,0.2083333283662796,0.49829060236612954,7.67033681523275,0.6494629203577504,8.467202106013946,True
LES-informed,0.23611110548178355,0.49829060236612954,7.658440129620882,0.6431978507565899,8.398549050071772,True
LES-informed,0.2638888825972875,0.49829060236612954,7.638166233964904,0.6476052395455105,8.47854340569051,True
LES-informed,0.29166665971279143,0.49829060236612954,7.622017529012429,0.6478967366892125,8.500331234126135,True
LES-informed,0.3194444368282954,0.49829060236612954,7.622235626651534,0.6464901744095344,8.481634602701714,True
LES-informed,0.3472222139437993,0.49829060236612954,7.621944946292866,0.6362874904955924,8.34809874617459,True
LES-informed,0.37499999105930326,0.49829060236612954,7.608678220894615,0.6357850401108751,8.356051099189745,True
LES-informed,0.4027777681748072,0.49829060236612954,7.583502523462561,0.64192642917293,8.464775045394617,True
LES-informed,0.4305555452903112,0.49829060236612954,7.565556724543173,0.6440549681853044,8.51298842418228,True
LES-informed,0.45833332240581515,0.49829060236612954,7.562425936755965,0.6372751163647838,8.42686092656339,True
LES-informed,0.4861110995213191,0.49829060236612954,7.548574672552433,0.6350964938208676,8.413462426624173,False
LES-informed,0.513888876636823,0.49829060236612954,7.521004979477707,0.6317043952252621,8.399201927787189,False
LES-informed,0.5416666537523269,0.49829060236612954,7.500788202031716,0.6289783219013044,8.385496363314658,False
LES-informed,-0.5416666537523269,0.5273504316806793,8.016953375482165,0.6570787014360666,8.196114791506416,False
LES-informed,-0.513888876636823,0.5273504316806793,8.001300288404584,0.6685892694088661,8.356007715118254,False
LES-informed,-0.4861110995213191,0.5273504316806793,7.998863863651798,0.6634651069041593,8.294491795504333,True
LES-informed,-0.45833332240581515,0.5273504316806793,7.992341859619486,0.6604059293930761,8.262984003846375,True
LES-informed,-0.4305555452903112,0.5273504316806793,7.994003431623194,0.6631936883060026,8.296139649909309,True
LES-informed,-0.4027777681748072,0.5273504316806793,8.00456948136864,0.6520519377948382,8.145996350116619,True
LES-informed,-0.37499999105930326,0.5273504316806793,7.994842250214612,0.6600022617159133,8.255350650579707,True
LES-informed,-0.3472222139437993,0.5273504316806793,7.999558772749413,0.6559321204995299,8.199603742321013,True
LES-informed,-0.3194444368282954,0.5273504316806793,8.004989251066023,0.6528365800176119,8.15537110097523,True
LES-informed,-0.29166665971279143,0.5273504316806793,8.006203804818957,0.6476125603154097,8.088884271539651,True
LES-informed,-0.2638888825972875,0.5273504316806793,7.9901721430512165,0.6629736085696818,8.29736326952915,True
LES-informed,-0.23611110548178355,0.5273504316806793,7.977040732112066,0.6694162707814338,8.391787045622792,True
LES-informed,-0.2083333283662796,0.5273504316806793,7.969620836372116,0.672912164762886,8.443465236035056,True
LES-informed,-0.18055555125077566,0.5273504316806793,7.967877802661365,0.6634182259223312,8.326159641915465,True
LES-informed,-0.15277777413527172,0.5273504316806793,7.9454742605541835,0.6708242355661178,8.442847004067055,True
LES-informed,-0.12499999701976776,0.5273504316806793,7.933512342233328,0.6731192655074665,8.484505178421134,True
LES-informed,-0.09722221990426382,0.5273504316806793,7.910851320409541,0.6807127060940212,8.604797113779924,True
LES-informed,-0.06944444278875987,0.5273504316806793,7.900007488318112,0.6765273084117408,8.563628697974455,True
LES-informed,-0.04166666567325592,0.5273504316806793,7.8840017863945615,0.6723203369956307,8.52765328079777,True
LES-informed,-0.013888888557751973,0.5273504316806793,7.871221057237634,0.6637326984217371,8.432398145030255,True
LES-informed,0.013888888557751973,0.5273504316806793,7.857584647057882,0.657429653121239,8.366816046549376,True
LES-informed,0.04166666567325592,0.5273504316806793,7.847704933218044,0.6476703113742079,8.25299010201984,True
LES-informed,0.06944444278875987,0.5273504316806793,7.830796632522136,0.6448900265640705,8.235305510115959,True
LES-informed,0.09722221990426382,0.5273504316806793,7.812963835919887,0.6450243601354051,8.255821653364416,True
LES-informed,0.12499999701976776,0.5273504316806793,7.797878894830398,0.639752217494162,8.20418252351015,True
LES-informed,0.15277777413527172,0.5273504316806793,7.78329042347435,0.6372171756334079,8.186989575919783,True
LES-informed,0.18055555125077566,0.5273504316806793,7.772175449165229,0.626490373358132,8.06068233348258,True
LES-informed,0.2083333283662796,0.5273504316806793,7.745042694014737,0.6478872393089744,8.365186157200306,True
LES-informed,0.23611110548178355,0.5273504316806793,7.724886627874428,0.6551097865719852,8.480510046685882,True
LES-informed,0.2638888825972875,0.5273504316806793,7.706593576449622,0.6549964135705064,8.499169017710923,True
LES-informed,0.29166665971279143,0.5273504316806793,7.679351051676087,0.6625141328706246,8.62721509164534,True
LES-informed,0.3194444368282954,0.5273504316806793,7.678047445937699,0.654229959547488,8.52078557932887,True
LES-informed,0.3472222139437993,0.5273504316806793,7.6679545490274,0.6548655146616391,8.5402894666962,True
LES-informed,0.37499999105930326,0.5273504316806793,7.661651865815841,0.6349594161554696,8.287500232012391,True
LES-informed,0.4027777681748072,0.5273504316806793,7.658147778308866,0.6440271635727133,8.409698822956543,True
LES-informed,0.4305555452903112,0.5273504316806793,7.636215554264504,0.649461490084432,8.505017773126312,True
LES-informed,0.45833332240581515,0.5273504316806793,7.6168966139197245,0.6473886588463735,8.499375686198547,True
LES-informed,0.4861110995213191,0.5273504316806793,7.588154359351521,0.6468699687987123,8.524733922966657,True
LES-informed,0.513888876636823,0.5273504316806793,7.5624818427056235,0.6441440166483622,8.517627282234997,False
LES-informed,0.5416666537523269,0.5273504316806793,7.542383495444769,0.6412786774686293,8.502334545252575,False
LES-informed,-0.5416666537523269,0.5564102609952291,8.081566750519393,0.6689047555031532,8.276919267667541,False
LES-informed,-0.513888876636823,0.5564102609952291,8.065195131650391,0.6635024933428321,8.22673825632609,False
LES-informed,-0.4861110995213191,0.5564102609952291,8.064105812029938,0.668014714838725,8.283803938214557,True
LES-informed,-0.45833332240581515,0.5564102609952291,8.066226448438487,0.6731744253537617,8.34559294432007,True
LES-informed,-0.4305555452903112,0.5564102609952291,8.069800049789889,0.6679658929768995,8.277353699665596,True
LES-informed,-0.4027777681748072,0.5564102609952291,8.071472171734483,0.667120644118508,8.265166873209328,True
LES-informed,-0.37499999105930326,0.5564102609952291,8.069616725454868,0.6638605932001453,8.226668202295876,True
LES-informed,-0.3472222139437993,0.5564102609952291,8.070255652153994,0.6688664660697804,8.288045570046549,True
LES-informed,-0.3194444368282954,0.5564102609952291,8.068676382794646,0.667263485370574,8.26980106419217,True
LES-informed,-0.29166665971279143,0.5564102609952291,8.06720023200863,0.667974346129626,8.280126027853767,True
LES-informed,-0.2638888825972875,0.5564102609952291,8.058594134116701,0.6673971273383669,8.281805935763508,True
LES-informed,-0.23611110548178355,0.5564102609952291,8.048111064134055,0.6714284498348301,8.342683699123045,True
LES-informed,-0.2083333283662796,0.5564102609952291,8.037919788479016,0.6781463694091503,8.436839222769517,True
LES-informed,-0.18055555125077566,0.5564102609952291,8.028348316390122,0.6759505348006251,8.419546688335021,True
LES-informed,-0.15277777413527172,0.5564102609952291,8.01030947922403,0.6810790711547084,8.50253130570288,True
LES-informed,-0.12499999701976776,0.5564102609952291,7.987285434589834,0.6887209604113765,8.622716266389997,True
LES-informed,-0.09722221990426382,0.5564102609952291,7.9788244912157555,0.6839756339721386,8.57238600404305,True
LES-informed,-0.06944444278875987,0.5564102609952291,7.960786363931735,0.6807714214785134,8.55155998863269,True
LES-informed,-0.04166666567325592,0.5564102609952291,7.951640930345768,0.6751840006531674,8.491127888791727,True
LES-informed,-0.013888888557751973,0.5564102609952291,7.942235723577796,0.6608177862787452,8.320299337339005,True
LES-informed,0.013888888557751973,0.5564102609952291,7.927617360722578,0.658402240277013,8.305171785145312,True
LES-informed,0.04166666567325592,0.5564102609952291,7.9038796333382395,0.6667459279237574,8.435679170915641,True
LES-informed,0.06944444278875987,0.5564102609952291,7.887600484810277,0.6631191728620116,8.40710903321014,True
LES-informed,0.09722221990426382,0.5564102609952291,7.864961654994676,0.669222371276314,8.508908251972489,True
LES-informed,0.12499999701976776,0.5564102609952291,7.858733400196269,0.6533559051328736,8.313755816128795,True
LES-informed,0.15277777413527172,0.5564102609952291,7.843239719885816,0.6512102414057547,8.302822107485389,True
LES-informed,0.18055555125077566,0.5564102609952291,7.825504089767961,0.6558828390423371,8.381349386807171,True
LES-informed,0.2083333283662796,0.5564102609952291,7.808795429775303,0.6559673766474078,8.400365748424827,True
LES-informed,0.23611110548178355,0.5564102609952291,7.77836585086314,0.6704429767427695,8.619329427252032,True
LES-informed,0.2638888825972875,0.5564102609952291,7.760724351118495,0.6692772671630226,8.623902059690662,True
LES-informed,0.29166665971279143,0.5564102609952291,7.762094740385436,0.6587138029421241,8.486289139385265,True
LES-informed,0.3194444368282954,0.5564102609952291,7.754599608058819,0.6511168016239015,8.396523799207387,True
LES-informed,0.3472222139437993,0.5564102609952291,7.7530151729417085,0.6391343835641674,8.243688027269295,True
LES-informed,0.37499999105930326,0.5564102609952291,7.742438660625608,0.6371546100509803,8.22937885567306,True
LES-informed,0.4027777681748072,0.5564102609952291,7.718203567964099,0.6537765974027634,8.470579865454573,True
LES-informed,0.4305555452903112,0.5564102609952291,7.694461253648876,0.6503659770539248,8.452391345079652,True
LES-informed,0.45833332240581515,0.5564102609952291,7.68101629322451,0.6446593203937737,8.392890937654087,True
LES-informed,0.4861110995213191,0.5564102609952291,7.661756884688979,0.6495525734484869,8.477854142651445,True
LES-informed,0.513888876636823,0.5564102609952291,7.619914989138115,0.6549864232093802,8.59571824807806,False
LES-informed,0.5416666537523269,0.5564102609952291,7.592169616613114,0.6518972001462152,8.58644146621461,False
LES-informed,-0.5416666537523269,0.5854700903097788,8.14206734140879,0.6777723512529207,8.324327505938417,False
LES-informed,-0.513888876636823,0.5854700903097788,8.128497780285159,0.6695054578873183,8.236521384198879,False
LES-informed,-0.4861110995213191,0.5854700903097788,8.126183105781765,0.6758590564781325,8.3170542391207,True
LES-informed,-0.45833332240581515,0.5854700903097788,8.128210616573378,0.6786041117229382,8.34875157318473,True
LES-informed,-0.4305555452903112,0.5854700903097788,8.13459666179198,0.6786813010872028,8.34314630834684,True
LES-informed,-0.4027777681748072,0.5854700903097788,8.134697344923412,0.6749750209835507,8.29748166850706,True
LES-informed,-0.37499999105930326,0.5854700903097788,8.12641155677899,0.6774718458789786,8.336666696554849,True
LES-informed,-0.3472222139437993,0.5854700903097788,8.122520059279438,0.6786738902644738,8.355459701070655,True
LES-informed,-0.3194444368282954,0.5854700903097788,8.120064926401641,0.6778134836667496,8.347389950822953,True
LES-informed,-0.29166665971279143,0.5854700903097788,8.104341768495154,0.6821766956592876,8.41742260070008,True
LES-informed,-0.2638888825972875,0.5854700903097788,8.108289193786971,0.6818754366490889,8.409609232630483,True
LES-informed,-0.23611110548178355,0.5854700903097788,8.103882037893337,0.6781376292520794,8.36805898803984,True
LES-informed,-0.2083333283662796,0.5854700903097788,8.096768177809103,0.6769502500978835,8.360746352516403,True
LES-informed,-0.18055555125077566,0.5854700903097788,8.087281771444333,0.674781448096359,8.343736092873238,True
LES-informed,-0.15277777413527172,0.5854700903097788,8.061736269097027,0.682750455799516,8.469024947103474,True
LES-informed,-0.12499999701976776,0.5854700903097788,8.046136597920993,0.6841441871295325,8.50276625065383,True
LES-informed,-0.09722221990426382,0.5854700903097788,8.027402185460032,0.6905750239291928,8.602721129134725,True
LES-informed,-0.06944444278875987,0.5854700903097788,8.017003187366573,0.6757384270033635,8.428815745866384,True
LES-informed,-0.04166666567325592,0.5854700903097788,7.993275551229975,0.6863320124735315,8.586367479448663,True
LES-informed,-0.013888888557751973,0.5854700903097788,7.9910272561682865,0.6673471327706028,8.351205813438773,True
LES-informed,0.013888888557751973,0.5854700903097788,7.975360168030449,0.6624731727090882,8.306498499774825,True
LES-informed,0.04166666567325592,0.5854700903097788,7.950141560952834,0.6655823914705541,8.37195647860619,True
LES-informed,0.06944444278875987,0.5854700903097788,7.9337293040610515,0.6684820000879764,8.425823146572437,True
LES-informed,0.09722221990426382,0.5854700903097788,7.917940334618518,0.668074820526517,8.437482379168552,True
LES-informed,0.12499999701976776,0.5854700903097788,7.901698089041226,0.6670962131160979,8.442441176552746,True
LES-informed,0.15277777413527172,0.5854700903097788,7.884407074496145,0.6666201351757002,8.454917774756078,True
LES-informed,0.18055555125077566,0.5854700903097788,7.871202665829336,0.6656164548877741,8.456350104887592,True
LES-informed,0.2083333283662796,0.5854700903097788,7.855045081889276,0.6659401895483481,8.477865914274012,True
LES-informed,0.23611110548178355,0.5854700903097788,7.836694497246518,0.6696801782707453,8.545441939915388,True
LES-informed,0.2638888825972875,0.5854700903097788,7.838359072597794,0.6473606809876364,8.258880143048712,True
LES-informed,0.29166665971279143,0.5854700903097788,7.828268534680565,0.6409686277954912,8.187872260077574,True
LES-informed,0.3194444368282954,0.5854700903097788,7.8169010279873925,0.6423570611073437,8.21754118169679,True
LES-informed,0.3472222139437993,0.5854700903097788,7.822701551487127,0.6151361060241615,7.863474043787617,True
LES-informed,0.37499999105930326,0.5854700903097788,7.80142568447901,0.626924139642788,8.03602014552363,True
LES-informed,0.4027777681748072,0.5854700903097788,7.776098749385143,0.6527938823381142,8.394876446106483,True
LES-informed,0.4305555452903112,0.5854700903097788,7.757900472688087,0.6444395677180839,8.30688109478656,True
LES-informed,0.45833332240581515,0.5854700903097788,7.734321627850186,0.6392897052373252,8.265620903782104,True
LES-informed,0.4861110995213191,0.5854700903097788,7.715316269754483,0.642701339746034,8.330200827483202,True
LES-informed,0.513888876636823,0.5854700903097788,7.677685799206459,0.6528740977162616,8.50352716678951,False
LES-informed,0.5416666537523269,0.5854700903097788,7.654389946157499,0.6632875589062167,8.665452943629907,False
LES-informed,-0.5416666537523269,0.6145299196243286,8.209804350805417,0.6643128675221179,8.09170156968413,False
LES-informed,-0.513888876636823,0.6145299196243286,8.196602552320687,0.6859631679819873,8.36887190275893,False
LES-informed,-0.4861110995213191,0.6145299196243286,8.198485290838716,0.6841937121243467,8.345367319117953,True
LES-informed,-0.45833332240581515,0.6145299196243286,8.20212844971956,0.6819029384375324,8.313731522466556,True
LES-informed,-0.4305555452903112,0.6145299196243286,8.191869560519994,0.6867853473225272,8.383743689382332,True
LES-informed,-0.4027777681748072,0.6145299196243286,8.192281925600591,0.6815530334942298,8.319452866537718,True
LES-informed,-0.37499999105930326,0.6145299196243286,8.178582106562875,0.6881196233312039,8.413678732637834,True
LES-informed,-0.3472222139437993,0.6145299196243286,8.17321423985201,0.690681041622289,8.450543707206126,True
LES-informed,-0.3194444368282954,0.6145299196243286,8.170118946172277,0.6917789921805432,8.467183852992049,True
LES-informed,-0.29166665971279143,0.6145299196243286,8.161109307580976,0.6889994166193077,8.44247259351478,True
LES-informed,-0.2638888825972875,0.6145299196243286,8.160256815567202,0.6865253630307809,8.413036238284887,True
LES-informed,-0.23611110548178355,0.6145299196243286,8.16189426249911,0.6777324739956967,8.30361742260773,True
LES-informed,-0.2083333283662796,0.6145299196243286,8.151237369681008,0.679364702629613,8.334497841475564,True
LES-informed,-0.18055555125077566,0.6145299196243286,8.133031448099269,0.6828323315286554,8.395791112897232,True
LES-informed,-0.15277777413527172,0.6145299196243286,8.11729972792185,0.6831692804875735,8.416213560990128,True
LES-informed,-0.12499999701976776,0.6145299196243286,8.103652407399597,0.6828769977576054,8.426780461783597,True
LES-informed,-0.09722221990426382,0.6145299196243286,8.097826743150486,0.6719141012497728,8.297462054471696,True
LES-informed,-0.06944444278875987,0.6145299196243286,8.068947131846794,0.6825173669734098,8.458567838170945,True
LES-informed,-0.04166666567325592,0.6145299196243286,8.038740455929933,0.6858044067832597,8.531242058914376,True
LES-informed,-0.013888888557751973,0.6145299196243286,8.030425027475395,0.6828485772128822,8.503268194106484,True
LES-informed,0.013888888557751973,0.6145299196243286,8.027782933481756,0.6612303169957746,8.236773745313393,True
LES-informed,0.04166666567325592,0.6145299196243286,7.998298011129078,0.6788270730852396,8.487144041653595,True
LES-informed,0.06944444278875987,0.6145299196243286,7.979355330166614,0.67069299226016,8.405353120753372,True
LES-informed,0.09722221990426382,0.6145299196243286,7.978374611593914,0.6525970315079845,8.179573701135213,True
LES-informed,0.12499999701976776,0.6145299196243286,7.962065680779468,0.6565639121943554,8.246150415203298,True
LES-informed,0.15277777413527172,0.6145299196243286,7.933897131122623,0.6707420500884803,8.454130914520345,True
LES-informed,0.18055555125077566,0.6145299196243286,7.92331225311838,0.657627848352079,8.29991078659378,True
LES-informed,0.2083333283662796,0.6145299196243286,7.906444863476858,0.6597770254046654,8.344800182601016,True
LES-informed,0.23611110548178355,0.6145299196243286,7.899113866824699,0.6447298387526121,8.16205272670391,True
LES-informed,0.2638888825972875,0.6145299196243286,7.890538293865247,0.6422179951084112,8.139089770437135,True
LES-informed,0.29166665971279143,0.6145299196243286,7.8796891540394975,0.6326127250000084,8.028396966341008,True
LES-informed,0.3194444368282954,0.6145299196243286,7.868857684818775,0.6380150011739647,8.108101921894887,True
LES-informed,0.3472222139437993,0.6145299196243286,7.849782769193567,0.647126821247413,8.243881904440196,True
LES-informed,0.37499999105930326,0.6145299196243286,7.841314377517515,0.6482396048465041,8.266976346530958,True
LES-informed,0.4027777681748072,0.6145299196243286,7.828752019031336,0.6453602934871223,8.243463222724147,True
LES-informed,0.4305555452903112,0.6145299196243286,7.815712772637761,0.6387743601027046,8.172950806726252,True
LES-informed,0.45833332240581515,0.6145299196243286,7.790778467900691,0.6460467868954762,8.29245484975984,True
LES-informed,0.4861110995213191,0.6145299196243286,7.770722484222297,0.6504179656495163,8.370109304123616,True
LES-informed,0.513888876636823,0.6145299196243286,7.748426887887121,0.644432455003962,8.316945675920147,False
LES-informed,0.5416666537523269,0.6145299196243286,7.717269625164485,0.6564779494910767,8.50660896115943,False
LES-informed,-0.5416666537523269,0.6435897489388783,8.266936343387231,0.6745794995936855,8.159969686149639,False
LES-informed,-0.513888876636823,0.6435897489388783,8.269792985609275,0.6792016252227193,8.213042652997913,False
LES-informed,-0.4861110995213191,0.6435897489388783,8.272453001396887,0.677057416812054,8.184481878564025,True
LES-informed,-0.45833332240581515,0.6435897489388783,8.258408365295622,0.6884286998660782,8.33609418927584,True
LES-informed,-0.4305555452903112,0.6435897489388783,8.25154771471379,0.6931860784648415,8.400679514084166,True
LES-informed,-0.4027777681748072,0.6435897489388783,8.245738181171491,0.6899806552538946,8.367724515306737,True
LES-informed,-0.37499999105930326,0.6435897489388783,8.234760629125407,0.6950013096873454,8.439848357330572,True
LES-informed,-0.3472222139437993,0.6435897489388783,8.230866008144291,0.6978851455257942,8.4788787089384,True
LES-informed,-0.3194444368282954,0.6435897489388783,8.232330702524605,0.6933329816671245,8.422073975411367,True
LES-informed,-0.29166665971279143,0.6435897489388783,8.216879844489746,0.6993188288382602,8.510758853401326,True
LES-informed,-0.2638888825972875,0.6435897489388783,8.207912787906222,0.6959313009799896,8.478785276634456,True
LES-informed,-0.23611110548178355,0.6435897489388783,8.21476730073775,0.6821262440042383,8.303658752975,True
LES-informed,-0.2083333283662796,0.6435897489388783,8.19287315914043,0.6934665439509058,8.464265593776899,True
LES-informed,-0.18055555125077566,0.6435897489388783,8.180434374754768,0.6902647397335044,8.437996176140674,True
LES-informed,-0.15277777413527172,0.6435897489388783,8.174363167730482,0.6778870012099845,8.292841745593647,True
LES-informed,-0.12499999701976776,0.6435897489388783,8.16014267743869,0.6772848262640571,8.299914021560264,True
LES-informed,-0.09722221990426382,0.6435897489388783,8.153139788316468,0.6608935599814181,8.106000597812455,True
LES-informed,-0.06944444278875987,0.6435897489388783,8.13819624483009,0.6486240254882171,7.970120232726819,True
LES-informed,-0.04166666567325592,0.6435897489388783,8.111196521594529,0.6662136372586888,8.213506299409968,True
LES-informed,-0.013888888557751973,0.6435897489388783,8.091064864478975,0.6670395232894413,8.2441499909097,True
LES-informed,0.013888888557751973,0.6435897489388783,8.07102453097173,0.6717395265848776,8.322853238856428,True
LES-informed,0.04166666567325592,0.6435897489388783,8.061927249238046,0.6643742065136252,8.240885658902677,True
LES-informed,0.06944444278875987,0.6435897489388783,8.047391778775477,0.6521724685238666,8.104147113154514,True
LES-informed,0.09722221990426382,0.6435897489388783,8.027629773677491,0.6533257629057324,8.138464046361236,True
LES-informed,0.12499999701976776,0.6435897489388783,8.009081284812405,0.6541986049588077,8.168210331431675,True
LES-informed,0.15277777413527172,0.6435897489388783,7.981562659567539,0.6638265920813147,8.317000321805185,True
LES-informed,0.18055555125077566,0.6435897489388783,7.9660201175226195,0.6713938885769963,8.428222357864136,True
LES-informed,0.2083333283662796,0.6435897489388783,7.952185966939563,0.6635405732015263,8.344127966324372,True
LES-informed,0.23611110548178355,0.6435897489388783,7.946127865431956,0.6497983745988423,8.177547424395982,True
LES-informed,0.2638888825972875,0.6435897489388783,7.932386174268736,0.6526212357767333,8.22730035375385,True
LES-informed,0.29166665971279143,0.6435897489388783,7.925745718208633,0.6458705315742378,8.14901908965377,True
LES-informed,0.3194444368282954,0.6435897489388783,7.912999565773111,0.6508846876418017,8.22551147932749,True
LES-informed,0.3472222139437993,0.6435897489388783,7.901984979721309,0.6496479922597964,8.221326589799574,True
LES-informed,0.37499999105930326,0.6435897489388783,7.887799098914686,0.6587864832506167,8.351968337292742,True
LES-informed,0.4027777681748072,0.6435897489388783,7.875233507734413,0.6575782925648387,8.3499529495731,True
LES-informed,0.4305555452903112,0.6435897489388783,7.870169372292447,0.6379375927268159,8.105767011479138,True
LES-informed,0.45833332240581515,0.6435897489388783,7.836630302057621,0.6525490546660614,8.326908754324231,True
LES-informed,0.4861110995213191,0.6435897489388783,7.8163514481478655,0.6588245839055125,8.42879939925968,True
LES-informed,0.513888876636823,0.6435897489388783,7.802923164493381,0.6527085338530558,8.364923248548148,False
LES-informed,0.5416666537523269,0.6435897489388783,7.7806091876710965,0.6529827233719893,8.392436988181911,False
LES-informed,-0.5416666537523269,0.6726495782534282,8.326297103810937,0.6817937754333782,8.188439193712195,False
LES-informed,-0.513888876636823,0.6726495782534282,8.329421600950184,0.6834309544087406,8.205022955384775,False
LES-informed,-0.4861110995213191,0.6726495782534282,8.334326526207704,0.6842808834902903,8.210392061536526,True
LES-informed,-0.45833332240581515,0.6726495782534282,8.319404443004785,0.6887313557919214,8.278613697775304,True
LES-informed,-0.4305555452903112,0.6726495782534282,8.300592664310752,0.6949949115180641,8.372834803787757,True
LES-informed,-0.4027777681748072,0.6726495782534282,8.290581250950176,0.6941164861833842,8.372350082255476,True
LES-informed,-0.37499999105930326,0.6726495782534282,8.284102844603119,0.6973334687310933,8.417730704362128,True
LES-informed,-0.3472222139437993,0.6726495782534282,8.28760952044965,0.6980843219730478,8.42322892084294,True
LES-informed,-0.3194444368282954,0.6726495782534282,8.278380473667593,0.6985363628477849,8.438079948967488,True
LES-informed,-0.29166665971279143,0.6726495782534282,8.270151563465351,0.6999289215998322,8.46331432052436,True
LES-informed,-0.2638888825972875,0.6726495782534282,8.274337465474574,0.6825849732035365,8.249421492073347,True
LES-informed,-0.23611110548178355,0.6726495782534282,8.259241188113194,0.6891900714408777,8.344472037367899,True
LES-informed,-0.2083333283662796,0.6726495782534282,8.239288246559333,0.6959261548315943,8.446435347400401,True
LES-informed,-0.18055555125077566,0.6726495782534282,8.22924833962129,0.6899443018776051,8.384050078495461,True
LES-informed,-0.15277777413527172,0.6726495782534282,8.225340929840254,0.6748796382315668,8.204883469124164,True
LES-informed,-0.12499999701976776,0.6726495782534282,8.20843241071902,0.6796478838949451,8.279874279130613,True
LES-informed,-0.09722221990426382,0.6726495782534282,8.19898682803857,0.6724939905082588,8.202159664514772,True
LES-informed,-0.06944444278875987,0.6726495782534282,8.181427718308404,0.665630144507583,8.135867814587366,True
LES-informed,-0.04166666567325592,0.6726495782534282,8.153831508405062,0.6803085750314951,8.343422038218783,True
LES-informed,-0.013888888557751973,0.6726495782534282,8.140746458230913,0.6745920247583324,8.286611408665953,True
LES-informed,0.013888888557751973,0.6726495782534282,8.126241785732455,0.6700078030489051,8.24498975929147,True
LES-informed,0.04166666567325592,0.6726495782534282,8.101337645526112,0.6784177905415409,8.374145360009663,True
LES-informed,0.06944444278875987,0.6726495782534282,8.090966605868104,0.6679235223602575,8.255175863361433,True
LES-informed,0.09722221990426382,0.6726495782534282,8.074690089364726,0.6658583398736907,8.246240196273302,True
LES-informed,0.12499999701976776,0.6726495782534282,8.05451794712409,0.665419701873127,8.261446634565123,True
LES-informed,0.15277777413527172,0.6726495782534282,8.038897339885128,0.66613705566788,8.286423218304199,True
LES-informed,0.18055555125077566,0.6726495782534282,8.01007385295639,0.6727354856398355,8.398617765447188,True
LES-informed,0.2083333283662796,0.6726495782534282,7.987036768333158,0.6821550040152281,8.54077705914442,True
LES-informed,0.23611110548178355,0.6726495782534282,7.9891263774310755,0.6592602994977157,8.251969844413734,True
LES-informed,0.2638888825972875,0.6726495782534282,7.984614432010819,0.6434802099358067,8.059001663950788,True
LES-informed,0.29166665971279143,0.6726495782534282,7.96975570305948,0.6576645930549927,8.252004422199846,True
LES-informed,0.3194444368282954,0.6726495782534282,7.952269864088512,0.6693687028704071,8.41732881693559,True
LES-informed,0.3472222139437993,0.6726495782534282,7.937118183155637,0.6754074775632088,8.509479914215925,True
LES-informed,0.37499999105930326,0.6726495782534282,7.922111383708989,0.6840439863477696,8.63461712687398,True
LES-informed,0.4027777681748072,0.6726495782534282,7.925775718920475,0.6670425580906162,8.416117005408655,True
LES-informed,0.4305555452903112,0.6726495782534282,7.911726113644154,0.6496570680412121,8.211318980327784,True
LES-informed,0.45833332240581515,0.6726495782534282,7.890446041949476,0.6580621205988506,8.339986321435697,True
LES-informed,0.4861110995213191,0.6726495782534282,7.868935793697794,0.6599565096525687,8.386858489570162,True
LES-informed,0.513888876636823,0.6726495782534282,7.852509240871709,0.6546442501300734,8.336752368563927,False
LES-informed,0.5416666537523269,0.6726495782534282,7.83559273830661,0.649870928287007,8.293832387560434,False
LES-informed,-0.5416666537523269,0.701709407567978,8.38648519365655,0.6690044863559037,7.977173641967814,False
LES-informed,-0.513888876636823,0.701709407567978,8.38298570400159,0.6785970738798377,8.094932973056505,False
LES-informed,-0.4861110995213191,0.701709407567978,8.376327664706821,0.6860346245860355,8.190159841485228,True
LES-informed,-0.45833332240581515,0.701709407567978,8.358304029939895,0.6949153236245392,8.31407090643407,True
LES-informed,-0.4305555452903112,0.701709407567978,8.333007248455631,0.6989485616684359,8.387710952705255,True
LES-informed,-0.4027777681748072,0.701709407567978,8.319897035689515,0.7013241223065174,8.429480789222229,True
LES-informed,-0.37499999105930326,0.701709407567978,8.318980195589194,0.7027733480052815,8.447830521076355,True
LES-informed,-0.3472222139437993,0.701709407567978,8.323975254037244,0.7033123690793375,8.449236664155402,True
LES-informed,-0.3194444368282954,0.701709407567978,8.337291583815935,0.6825230016048748,8.186387566554169,True
LES-informed,-0.29166665971279143,0.701709407567978,8.3245442300414,0.6857926823243564,8.238200955789091,True
LES-informed,-0.2638888825972875,0.701709407567978,8.314289305260656,0.6850888080681061,8.239896194550669,True
LES-informed,-0.23611110548178355,0.701709407567978,8.299800108193043,0.6909351275530641,8.324720096222753,True
LES-informed,-0.2083333283662796,0.701709407567978,8.285253115797065,0.693871900025614,8.374782162088014,True
LES-informed,-0.18055555125077566,0.701709407567978,8.277555994695597,0.6847359614664883,8.272199691615244,True
LES-informed,-0.15277777413527172,0.701709407567978,8.269161168652909,0.677317306274004,8.190882877475016,True
LES-informed,-0.12499999701976776,0.701709407567978,8.24235968819879,0.6931625212069982,8.40975821765521,True
LES-informed,-0.09722221990426382,0.701709407567978,8.239427601886106,0.680747549322535,8.26207331643649,True
LES-informed,-0.06944444278875987,0.701709407567978,8.222307341301285,0.6828573994523521,8.304936450408594,True
LES-informed,-0.04166666567325592,0.701709407567978,8.215690912021719,0.6645431747975521,8.088707108310885,True
LES-informed,-0.013888888557751973,0.701709407567978,8.190667598984248,0.6741502701852616,8.230712112757027,True
LES-informed,0.013888888557751973,0.701709407567978,8.175638989773706,0.6769749735837295,8.280392204578831,True
LES-informed,0.04166666567325592,0.701709407567978,8.158221026457575,0.6783345940643338,8.31473665477383,True
LES-informed,0.06944444278875987,0.701709407567978,8.139806705318955,0.6807664550943557,8.363422864200313,True
LES-informed,0.09722221990426382,0.701709407567978,8.124073434322213,0.6796303167699536,8.365634829181658,True
LES-informed,0.12499999701976776,0.701709407567978,8.10115106665445,0.6721181157144536,8.2965755135834,True
LES-informed,0.15277777413527172,0.701709407567978,8.089490203892966,0.6619266968347711,8.182551435889335,True
LES-informed,0.18055555125077566,0.701709407567978,8.066898837890033,0.6643562340556122,8.235584050405425,True
LES-informed,0.2083333283662796,0.701709407567978,8.034965171599026,0.6876536439500732,8.55826539710096,True
LES-informed,0.23611110548178355,0.701709407567978,8.023942339992955,0.6848199857796287,8.534707214511588,True
LES-informed,0.2638888825972875,0.701709407567978,8.023120886211078,0.6611777807013893,8.240905130043862,True
LES-informed,0.29166665971279143,0.701709407567978,8.011468159791134,0.6591266397644818,8.227289013923583,True
LES-informed,0.3194444368282954,0.701709407567978,7.989866478718483,0.6810188271931088,8.523532014046113,True
LES-informed,0.3472222139437993,0.701709407567978,7.979872189899642,0.6845505114195568,8.578464606062393,True
LES-informed,0.37499999105930326,0.701709407567978,7.98200516733627,0.6702107700208415,8.396521374897858,True
LES-informed,0.4027777681748072,0.701709407567978,7.96675274866557,0.6778692981241532,8.508727702610027,True
LES-informed,0.4305555452903112,0.701709407567978,7.951128198850423,0.6754355999338878,8.494839764142434,True
LES-informed,0.45833332240581515,0.701709407567978,7.934167323190317,0.6719334410982681,8.468858970673745,True
LES-informed,0.4861110995213191,0.701709407567978,7.917777924503795,0.6669029517062205,8.422854973518534,True
LES-informed,0.513888876636823,0.701709407567978,7.902538764247496,0.6568886728214566,8.312375205210493,False
LES-informed,0.5416666537523269,0.701709407567978,7.863933527215596,0.6748042435352697,8.581001367825644,False
LES-informed,-0.5416666537523269,0.7307692368825277,8.441972913516498,0.6640427136619919,7.865965935507667,False
LES-informed,-0.513888876636823,0.7307692368825277,8.43175775305746,0.6813898451653074,8.081231282032824,False
LES-informed,-0.4861110995213191,0.7307692368825277,8.412909846822666,0.6966492654173484,8.280717113359469,True
LES-informed,-0.45833332240581515,0.7307692368825277,8.406560999428768,0.7002969833560332,8.330362242106123,True
LES-informed,-0.4305555452903112,0.7307692368825277,8.382108573616566,0.7062256298325983,8.425393486974226,True
LES-informed,-0.4027777681748072,0.7307692368825277,8.372494978213034,0.7083392695890546,8.460312862919597,True
LES-informed,-0.37499999105930326,0.7307692368825277,8.370919443925965,0.7078495061173331,8.456054449681233,True
LES-informed,-0.3472222139437993,0.7307692368825277,8.374313303116809,0.6972891660407319,8.32652351066457,True
LES-informed,-0.3194444368282954,0.7307692368825277,8.37195069518647,0.6947718572392356,8.298804932507558,True
LES-informed,-0.29166665971279143,0.7307692368825277,8.364999824043963,0.6900215703220861,8.248913148075873,True
LES-informed,-0.2638888825972875,0.7307692368825277,8.352699739709154,0.690781717304993,8.270161011786191,True
LES-informed,-0.23611110548178355,0.7307692368825277,8.340750610188262,0.6935735050929492,8.3154806744341,True
LES-informed,-0.2083333283662796,0.7307692368825277,8.323910753052923,0.7004225858349339,8.414585482887874,True
LES-informed,-0.18055555125077566,0.7307692368825277,8.321286133081482,0.6827976622442056,8.205434248075262,True
LES-informed,-0.15277777413527172,0.7307692368825277,8.305799267639683,0.6881310115145522,8.2849463289534,True
LES-informed,-0.12499999701976776,0.7307692368825277,8.290107672185707,0.6926642164674206,8.355310254791878,True
LES-informed,-0.09722221990426382,0.7307692368825277,8.285979074047857,0.6822377877755453,8.23364121099885,True
LES-informed,-0.06944444278875987,0.7307692368825277,8.27602226700648,0.6768206118208321,8.178090754045844,True
LES-informed,-0.04166666567325592,0.7307692368825277,8.259510178841866,0.6707312534217531,8.120714653756886,True
LES-informed,-0.013888888557751973,0.7307692368825277,8.24136770980311,0.6790612054278219,8.239666392024692,True
LES-informed,0.013888888557751973,0.7307692368825277,8.21737859676734,0.6927248363354699,8.429997817162556,True
LES-informed,0.04166666567325592,0.7307692368825277,8.201596758910123,0.6940660668645021,8.462572438842187,True
LES-informed,0.06944444278875987,0.7307692368825277,8.186547399298284,0.6862720029803103,8.382923465869563,True
LES-informed,0.09722221990426382,0.7307692368825277,8.169454474636998,0.6891261700941624,8.43540008985463,True
LES-informed,0.12499999701976776,0.7307692368825277,8.138564291421888,0.6975611730086501,8.571059317475505,True
LES-informed,0.15277777413527172,0.7307692368825277,8.121139021780248,0.6953732804453882,8.562509256157941,True
LES-informed,0.18055555125077566,0.7307692368825277,8.113700101198724,0.6773988864525838,8.348828253493181,True
LES-informed,0.2083333283662796,0.7307692368825277,8.08103223110266,0.6940964647605198,8.589205498884764,True
LES-informed,0.23611110548178355,0.7307692368825277,8.060310028486796,0.7048325516447566,8.744484382780973,True
LES-informed,0.2638888825972875,0.7307692368825277,8.049764073866857,0.7013302798924258,8.712432730410798,True
LES-informed,0.29166665971279143,0.7307692368825277,8.039036859030814,0.6936618437594877,8.628668532353458,True
LES-informed,0.3194444368282954,0.7307692368825277,8.029373582798014,0.6946170727909137,8.650949736341186,True
LES-informed,0.3472222139437993,0.7307692368825277,8.016737090772848,0.7005403761384843,8.738472625537346,True
LES-informed,0.37499999105930326,0.7307692368825277,8.001252606166569,0.7039607478565084,8.798131773942066,True
LES-informed,0.4027777681748072,0.7307692368825277,8.005101609028516,0.6934331111589777,8.662389873688703,True
LES-informed,0.4305555452903112,0.7307692368825277,7.983431910324632,0.6938701739474029,8.69137711377046,True
LES-informed,0.45833332240581515,0.7307692368825277,7.9623364407528525,0.6921515403959947,8.692819570565026,True
LES-informed,0.4861110995213191,0.7307692368825277,7.957600107045451,0.6787372737222697,8.529421742634861,True
LES-informed,0.513888876636823,0.7307692368825277,7.92114946063139,0.6966496847401559,8.794805453457842,False
LES-informed,0.5416666537523269,0.7307692368825277,7.89864756162197,0.6918355910217123,8.758912024169938,False
LES-informed,-0.5416666537523269,0.7598290661970775,8.474523805955515,0.6801618041799137,8.025958977210337,False
LES-informed,-0.513888876636823,0.7598290661970775,8.475004046690957,0.6868548622815435,8.104478281042523,False
LES-informed,-0.4861110995213191,0.7598290661970775,8.454400230575196,0.7045830550435812,8.333921222412306,False
LES-informed,-0.45833332240581515,0.7598290661970775,8.445822997583539,0.7055377893157447,8.353689030868967,True
LES-informed,-0.4305555452903112,0.7598290661970775,8.444229333998539,0.7060865620791055,8.361764397329047,True
LES-informed,-0.4027777681748072,0.7598290661970775,8.413655965726525,0.7154120497798555,8.502986724131869,True
LES-informed,-0.37499999105930326,0.7598290661970775,8.417350170594608,0.7104847236072878,8.440717199687304,True
LES-informed,-0.3472222139437993,0.7598290661970775,8.42011508512156,0.6980474358122433,8.29023628246722,True
LES-informed,-0.3194444368282954,0.7598290661970775,8.411486423898477,0.6975231456909043,8.292507537182981,True
LES-informed,-0.29166665971279143,0.7598290661970775,8.412336152832495,0.68368025371185,8.127115242317675,True
LES-informed,-0.2638888825972875,0.7598290661970775,8.398741702148461,0.6853577743839248,8.160243506579148,True
LES-informed,-0.23611110548178355,0.7598290661970775,8.388633460862566,0.6837850384328688,8.15132812302611,True
LES-informed,-0.2083333283662796,0.7598290661970775,8.369132703317216,0.6983483796100934,8.344333927615867,True
LES-informed,-0.18055555125077566,0.7598290661970775,8.353743637793206,0.7000182884559802,8.379695604842654,True
LES-informed,-0.15277777413527172,0.7598290661970775,8.35044880170166,0.689268618034757,8.254270332084396,True
LES-informed,-0.12499999701976776,0.7598290661970775,8.337250203147217,0.6874301733568459,8.245286594581854,True
LES-informed,-0.09722221990426382,0.7598290661970775,8.31672190757107,0.702260099014549,8.443953120222181,True
LES-informed,-0.06944444278875987,0.7598290661970775,8.311200018276057,0.690599507718832,8.309263478200817,True
LES-informed,-0.04166666567325592,0.7598290661970775,8.29904767679865,0.69114279721082,8.327977186382759,True
LES-informed,-0.013888888557751973,0.7598290661970775,8.28115658248994,0.6916739632189375,8.352383587112033,True
LES-informed,0.013888888557751973,0.7598290661970775,8.262364888000207,0.7022687415370401,8.499609386133208,True
LES-informed,0.04166666567325592,0.7598290661970775,8.248931777147098,0.6966127734831284,8.444884650555963,True
LES-informed,0.06944444278875987,0.7598290661970775,8.229138843029899,0.7047607999504514,8.564210829270252,True
LES-informed,0.09722221990426382,0.7598290661970775,8.20996047027216,0.7085613859708759,8.630509105817744,True
LES-informed,0.12499999701976776,0.7598290661970775,8.179569847508203,0.7156113536622561,8.748765118501405,True
LES-informed,0.15277777413527172,0.7598290661970775,8.150586342221532,0.7162219937641046,8.787367726588496,True
LES-informed,0.18055555125077566,0.7598290661970775,8.13806894657857,0.707332796590274,8.69165401809053,True
LES-informed,0.2083333283662796,0.7598290661970775,8.11420090667396,0.713205569139415,8.789597119203703,True
LES-informed,0.23611110548178355,0.7598290661970775,8.101432081694659,0.7149477060088149,8.824954635171883,True
LES-informed,0.2638888825972875,0.7598290661970775,8.080875478202572,0.7182399693514482,8.888145489790498,True
LES-informed,0.29166665971279143,0.7598290661970775,8.07307920294652,0.7112904639634537,8.810646422295056,True
LES-informed,0.3194444368282954,0.7598290661970775,8.055703909008267,0.7167884804763212,8.89790002925473,True
LES-informed,0.3472222139437993,0.7598290661970775,8.050253215432324,0.7165065945717836,8.900423072385369,True
LES-informed,0.37499999105930326,0.7598290661970775,8.040209125650241,0.7183655520992793,8.934662530201072,True
LES-informed,0.4027777681748072,0.7598290661970775,8.033019122514403,0.7118955556506478,8.86211702964076,True
LES-informed,0.4305555452903112,0.7598290661970775,8.022814795949111,0.7062750894445897,8.803332837761666,True
LES-informed,0.45833332240581515,0.7598290661970775,7.990197021690308,0.7113472485388257,8.902749789620854,True
LES-informed,0.4861110995213191,0.7598290661970775,7.991015745156213,0.6920517434603408,8.66037266764029,False
LES-informed,0.513888876636823,0.7598290661970775,7.96052829446695,0.7042539988984118,8.846824894623023,False
LES-informed,0.5416666537523269,0.7598290661970775,7.943275406053956,0.6919607066998592,8.711276788571153,False
LES-informed,-0.5416666537523269,0.7888888955116272,8.525457872088603,0.6798144470123559,7.973934740068243,False
LES-informed,-0.513888876636823,0.7888888955116272,8.516571021266717,0.6866258084368507,8.062233106754801,False
LES-informed,-0.4861110995213191,0.7888888955116272,8.501948126087115,0.6994617718803356,8.227076447739416,False
LES-informed,-0.45833332240581515,0.7888888955116272,8.492162498935356,0.7050097859486698,8.30188760562525,True
LES-informed,-0.4305555452903112,0.7888888955116272,8.474300258605732,0.7135979195681719,8.420729709730388,True
LES-informed,-0.4027777681748072,0.7888888955116272,8.464855822657961,0.7115230207395413,8.405612991481801,True
LES-informed,-0.37499999105930326,0.7888888955116272,8.468850351360773,0.7001323936516803,8.267148014242373,True
LES-informed,-0.3472222139437993,0.7888888955116272,8.454476340862985,0.7055845097543493,8.345691457483305,True
LES-informed,-0.3194444368282954,0.7888888955116272,8.450921119998668,0.702591979469552,8.313791709721492,True
LES-informed,-0.29166665971279143,0.7888888955116272,8.44442157008481,0.7022598886123438,8.316258050168507,True
LES-informed,-0.2638888825972875,0.7888888955116272,8.43234059906674,0.7001931448049765,8.303662981574432,True
LES-informed,-0.23611110548178355,0.7888888955116272,8.421091162157065,0.700432381064121,8.317596467922632,True
LES-informed,-0.2083333283662796,0.7888888955116272,8.399652961483065,0.7118071396801571,8.474244625869384,True
LES-informed,-0.18055555125077566,0.7888888955116272,8.390960039543556,0.7082290717882884,8.440381892544611,True
LES-informed,-0.15277777413527172,0.7888888955116272,8.38381081640696,0.7114104979076495,8.485526611781752,True
LES-informed,-0.12499999701976776,0.7888888955116272,8.372565562341318,0.7082927392026276,8.45968579079791,True
LES-informed,-0.09722221990426382,0.7888888955116272,8.349875555483358,0.7196287958120117,8.618437377062845,True
LES-informed,-0.06944444278875987,0.7888888955116272,8.329582569458154,0.722705098910337,8.676366347099547,True
LES-informed,-0.04166666567325592,0.7888888955116272,8.336421956339214,0.706365879996615,8.473250078943973,True
LES-informed,-0.013888888557751973,0.7888888955116272,8.314613033363718,0.7194179169205733,8.652452183087698,True
LES-informed,0.013888888557751973,0.7888888955116272,8.29149483651384,0.725560291658399,8.750657221219003,True
LES-informed,0.04166666567325592,0.7888888955116272,8.279148467862909,0.7206207681338472,8.704044515339639,True
LES-informed,0.06944444278875987,0.7888888955116272,8.267132806002653,0.718664963782426,8.69303760622562,True
LES-informed,0.09722221990426382,0.7888888955116272,8.236233765642591,0.729020263327967,8.85137896849251,True
LES-informed,0.12499999701976776,0.7888888955116272,8.212571646167826,0.727239121174609,8.85519362883069,True
LES-informed,0.15277777413527172,0.7888888955116272,8.185294380854053,0.7314136758733322,8.93570398132726,True
LES-informed,0.18055555125077566,0.7888888955116272,8.170048875343406,0.7262033529027904,8.88860475601826,True
LES-informed,0.2083333283662796,0.7888888955116272,8.1398557636362,0.7233702929837046,8.886770404646136,True
LES-informed,0.23611110548178355,0.7888888955116272,8.134144543311033,0.7281389304203677,8.95163500652493,True
LES-informed,0.2638888825972875,0.7888888955116272,8.125538915033424,0.7296057699467383,8.979167752145793,True
LES-informed,0.29166665971279143,0.7888888955116272,8.105944616863178,0.7311863211432138,9.020371538464406,True
LES-informed,0.3194444368282954,0.7888888955116272,8.090762312706465,0.7326200632528121,9.05501898260241,True
LES-informed,0.3472222139437993,0.7888888955116272,8.078063241839368,0.7297059270833419,9.033179182157387,True
LES-informed,0.37499999105930326,0.7888888955116272,8.07712513803828,0.7245560696647866,8.97046978079582,True
LES-informed,0.4027777681748072,0.7888888955116272,8.078305409944035,0.7137118249427115,8.834920057171445,True
LES-informed,0.4305555452903112,0.7888888955116272,8.050855599582633,0.7085777422205146,8.801272528813561,True
LES-informed,0.45833332240581515,0.7888888955116272,8.037399401177739,0.7096751935064914,8.829661910325138,True
LES-informed,0.4861110995213191,0.7888888955116272,8.017956591858342,0.7144653462275785,8.91081584244378,False
LES-informed,0.513888876636823,0.7888888955116272,7.987252878302292,0.705268997974573,8.829932001908514,False
LES-informed,0.5416666537523269,0.7888888955116272,7.964827821305349,0.7132814307122444,8.95539045808708,False
LES-informed,-0.5416666537523269,0.817948724826177,8.551014656101435,0.6980067630019117,8.16285307736972,False
LES-informed,-0.513888876636823,0.817948724826177,8.549970299324336,0.6959526371559764,8.139825201626422,False
LES-informed,-0.4861110995213191,0.817948724826177,8.540978385944255,0.7011507985859299,8.209256210503963,False
LES-informed,-0.45833332240581515,0.817948724826177,8.51931133018624,0.7171587028243193,8.418036095044803,True
LES-informed,-0.4305555452903112,0.817948724826177,8.50794312453224,0.7191629230762093,8.452841216139987,True
LES-informed,-0.4027777681748072,0.817948724826177,8.496505077395831,0.7203880199508611,8.478639315680361,True
LES-informed,-0.37499999105930326,0.817948724826177,8.489796996870046,0.7182213147608003,8.459817296286221,True
LES-informed,-0.3472222139437993,0.817948724826177,8.499466672963427,0.7054482566422436,8.299912027259962,True
LES-informed,-0.3194444368282954,0.817948724826177,8.489801103265188,0.7052389845850059,8.306896427924206,True
LES-informed,-0.29166665971279143,0.817948724826177,8.482177263844157,0.7093973449331408,8.363387404752716,True
LES-informed,-0.2638888825972875,0.817948724826177,8.466806294854356,0.7117844648415677,8.406764487740197,True
LES-informed,-0.23611110548178355,0.817948724826177,8.462074504392731,0.7075397794952131,8.361304064717505,True
LES-informed,-0.2083333283662796,0.817948724826177,8.448784047088061,0.7111450930095267,8.417129483320481,True
LES-informed,-0.18055555125077566,0.817948724826177,8.43517267936634,0.7114981928461631,8.434897777334081,True
LES-informed,-0.15277777413527172,0.817948724826177,8.416484889780941,0.7197183500148521,8.551293793549297,True
LES-informed,-0.12499999701976776,0.817948724826177,8.40392649571352,0.7263953380356447,8.64352321984429,True
LES-informed,-0.09722221990426382,0.817948724826177,8.393241163924309,0.7283466018457092,8.677775219616905,True
LES-informed,-0.06944444278875987,0.817948724826177,8.367749765518116,0.7302973867926484,8.72752421208941,True
LES-informed,-0.04166666567325592,0.817948724826177,8.362116763284648,0.7282453457701468,8.70886363328047,True
LES-informed,-0.013888888557751973,0.817948724826177,8.337566264523126,0.7363535912016352,8.831756988065768,True
LES-informed,0.013888888557751973,0.817948724826177,8.320261696689599,0.7332875071538703,8.813274556563828,True
LES-informed,0.04166666567325592,0.817948724826177,8.310773717662874,0.7319126557112974,8.80679321295639,True
LES-informed,0.06944444278875987,0.817948724826177,8.30002344803886,0.7272025713975838,8.761452012155557,True
LES-informed,0.09722221990426382,0.817948724826177,8.267615198227038,0.7408589333202299,8.960975027951285,True
LES-informed,0.12499999701976776,0.817948724826177,8.25480087526253,0.7410045573612515,8.976649692203328,True
LES-informed,0.15277777413527172,0.817948724826177,8.243282786183334,0.7395372272145629,8.97139217951021,True
LES-informed,0.18055555125077566,0.817948724826177,8.219976776359061,0.7356616744573946,8.94968069220321,True
LES-informed,0.2083333283662796,0.817948724826177,8.196537057501425,0.7377290905056818,9.000497226209895,True
LES-informed,0.23611110548178355,0.817948724826177,8.179827425516208,0.7387200584170777,9.030998088207943,True
LES-informed,0.2638888825972875,0.817948724826177,8.165571419274322,0.7397490667394813,9.05936680675341,True
LES-informed,0.29166665971279143,0.817948724826177,8.150014351948565,0.7378232266091942,9.053029783104492,True
LES-informed,0.3194444368282954,0.817948724826177,8.142509707201167,0.7413689935086835,9.104919983736991,True
LES-informed,0.3472222139437993,0.817948724826177,8.129134304306167,0.7294726658505897,8.97355903523667,True
LES-informed,0.37499999105930326,0.817948724826177,8.116902434185484,0.7289935248099685,8.981178851426241,True
LES-informed,0.4027777681748072,0.817948724826177,8.116496326989125,0.7225595068224835,8.902357343769319,True
LES-informed,0.4305555452903112,0.817948724826177,8.08946679962449,0.7260921665054635,8.975772872189406,True
LES-informed,0.45833332240581515,0.817948724826177,8.068829924843154,0.7269547954443935,9.009420228404732,True
LES-informed,0.4861110995213191,0.817948724826177,8.044903914869947,0.7300482561035712,9.07466719091788,False
LES-informed,0.513888876636823,0.817948724826177,8.034066766592,0.7174092372456332,8.929590182506706,False
LES-informed,0.5416666537523269,0.817948724826177,8.014647667336394,0.7149281726568972,8.920269515659172,False
LES-informed,-0.5416666537523269,0.8470085541407267,8.573406730881501,0.7127750118129532,8.313789770938198,False
LES-informed,-0.513888876636823,0.8470085541407267,8.571338418248164,0.7125113152288306,8.31271944311418,False
LES-informed,-0.4861110995213191,0.8470085541407267,8.563444812688708,0.7153483823975977,8.353511910739996,False
LES-informed,-0.45833332240581515,0.8470085541407267,8.557243140246431,0.7142357047789718,8.346563175466851,False
LES-informed,-0.4305555452903112,0.8470085541407267,8.552588803388055,0.7180105189054019,8.39524190173818,True
LES-informed,-0.4027777681748072,0.8470085541407267,8.538422351509809,0.7216371411619589,8.45164494626288,True
LES-informed,-0.37499999105930326,0.8470085541407267,8.535269065919021,0.7122659770564184,8.3449739141847,True
LES-informed,-0.3472222139437993,0.8470085541407267,8.53259489617345,0.7082399702853456,8.300405432384524,True
LES-informed,-0.3194444368282954,0.8470085541407267,8.544772017998495,0.6942179915312752,8.124476464310478,True
LES-informed,-0.29166665971279143,0.8470085541407267,8.528221519748898,0.7074572747790531,8.295484271143593,True
LES-informed,-0.2638888825972875,0.8470085541407267,8.517393053875674,0.7091182718429787,8.325531854142957,True
LES-informed,-0.23611110548178355,0.8470085541407267,8.501531316052178,0.7165575249361223,8.428570081052966,True
LES-informed,-0.2083333283662796,0.8470085541407267,8.48393074920448,0.7226827335556455,8.51825356570019,True
LES-informed,-0.18055555125077566,0.8470085541407267,8.466786407232936,0.727660338621486,8.594291902768049,True
LES-informed,-0.15277777413527172,0.8470085541407267,8.461387109124612,0.7224411606021907,8.538093710700492,True
LES-informed,-0.12499999701976776,0.8470085541407267,8.4438003467544,0.7336660963099892,8.688813877414727,True
LES-informed,-0.09722221990426382,0.8470085541407267,8.430522208635365,0.7355453474499903,8.724789867661732,True
LES-informed,-0.06944444278875987,0.8470085541407267,8.414038133512516,0.7339221248815997,8.722590903866243,True
LES-informed,-0.04166666567325592,0.8470085541407267,8.399226824688839,0.7337627316669799,8.736074724284675,True
LES-informed,-0.013888888557751973,0.8470085541407267,8.386785004191776,0.7335824304833376,8.74688489232391,True
LES-informed,0.013888888557751973,0.8470085541407267,8.358447240472858,0.741496414877475,8.871222052907601,True
LES-informed,0.04166666567325592,0.8470085541407267,8.338081147507413,0.7377766669902465,8.848278805859277,True
LES-informed,0.06944444278875987,0.8470085541407267,8.331766014055049,0.7408781453439555,8.892210176019717,True
LES-informed,0.09722221990426382,0.8470085541407267,8.319732921857648,0.74659335308755,8.973765866042356,True
LES-informed,0.12499999701976776,0.8470085541407267,8.294478493034537,0.7532799236899465,9.081703259855688,True
LES-informed,0.15277777413527172,0.8470085541407267,8.283814119150701,0.748616120379975,9.037094623469496,True
LES-informed,0.18055555125077566,0.8470085541407267,8.270684564826343,0.7472899749514252,9.035406550619863,True
LES-informed,0.2083333283662796,0.8470085541407267,8.234385592924696,0.7461791269723997,9.061746241438412,True
LES-informed,0.23611110548178355,0.8470085541407267,8.219443643942808,0.7502174190495516,9.1273503602937,True
LES-informed,0.2638888825972875,0.8470085541407267,8.196013120789315,0.7547356481551518,9.208570521205646,True
LES-informed,0.29166665971279143,0.8470085541407267,8.18311771836197,0.7533336350648705,9.205948893714151,True
LES-informed,0.3194444368282954,0.8470085541407267,8.177041509398887,0.7474745237982794,9.141136472636397,True
LES-informed,0.3472222139437993,0.8470085541407267,8.169317347248004,0.7487464813368494,9.165349435091775,True
LES-informed,0.37499999105930326,0.8470085541407267,8.150565034835816,0.7483479329500723,9.181546675004808,True
LES-informed,0.4027777681748072,0.8470085541407267,8.14303491077975,0.7411715301111194,9.101907805036626,True
LES-informed,0.4305555452903112,0.8470085541407267,8.123132851394171,0.7365742095157862,9.067612496198043,True
LES-informed,0.45833332240581515,0.8470085541407267,8.10552812354495,0.7387577430196256,9.114245632850018,False
LES-informed,0.4861110995213191,0.8470085541407267,8.097261185501882,0.7273796133469015,8.983032616624397,False
LES-informed,0.513888876636823,0.8470085541407267,8.075776962622022,0.718368704905914,8.895350976516765,False
LES-informed,0.5416666537523269,0.8470085541407267,8.064624309952652,0.7025785415726,8.71185705086769,False
LES-informed,-0.5416666537523269,0.8760683834552765,8.589463238524608,0.7154819563185358,8.329763297775433,False
LES-informed,-0.513888876636823,0.8760683834552765,8.592626386016669,0.7213438915096574,8.394917445538496,False
LES-informed,-0.4861110995213191,0.8760683834552765,8.589547255807398,0.7210803931910652,8.394859143519378,False
LES-informed,-0.45833332240581515,0.8760683834552765,8.586562441632848,0.7250178538750929,8.443633395825177,False
LES-informed,-0.4305555452903112,0.8760683834552765,8.56884918918468,0.7299110442000944,8.518192210937311,True
LES-informed,-0.4027777681748072,0.8760683834552765,8.557574622446895,0.727060646728656,8.496106418067848,True
LES-informed,-0.37499999105930326,0.8760683834552765,8.556748483442796,0.7291229201355574,8.521027836057135,True
LES-informed,-0.3472222139437993,0.8760683834552765,8.556884212909942,0.7258251807982812,8.482353655121502,True
LES-informed,-0.3194444368282954,0.8760683834552765,8.572480476651753,0.7109383090118734,8.29326250375495,True
LES-informed,-0.29166665971279143,0.8760683834552765,8.5655721329106,0.7106135834252586,8.296160167689704,True
LES-informed,-0.2638888825972875,0.8760683834552765,8.555066892762445,0.7166251177222368,8.376616182025403,True
LES-informed,-0.23611110548178355,0.8760683834552765,8.537839833138408,0.7224709606199676,8.461987747952351,True
LES-informed,-0.2083333283662796,0.8760683834552765,8.511027081940078,0.7308058678392071,8.586576694015417,True
LES-informed,-0.18055555125077566,0.8760683834552765,8.505691924414375,0.7316245919735906,8.601588189122705,True
LES-informed,-0.15277777413527172,0.8760683834552765,8.500544820130902,0.7305039158141822,8.593612895072447,True
LES-informed,-0.12499999701976776,0.8760683834552765,8.488984662343386,0.7344927843179965,8.65230429236327,True
LES-informed,-0.09722221990426382,0.8760683834552765,8.4757986013999,0.7380151662598996,8.707323061428168,True
LES-informed,-0.06944444278875987,0.8760683834552765,8.448060513357841,0.7454646905158486,8.824092693667858,True
LES-informed,-0.04166666567325592,0.8760683834552765,8.439301867252402,0.7394100392619942,8.761507182616342,True
LES-informed,-0.013888888557751973,0.8760683834552765,8.416162745261046,0.7316068501485972,8.692879074380407,True
LES-informed,0.013888888557751973,0.8760683834552765,8.402655140467129,0.7425607612880609,8.837215723776328,True
LES-informed,0.04166666567325592,0.8760683834552765,8.396614611273092,0.7463068666013647,8.888187694114139,True
LES-informed,0.06944444278875987,0.8760683834552765,8.39402934061526,0.7473845534116496,8.903763890785592,True
LES-informed,0.09722221990426382,0.8760683834552765,8.366391750043148,0.7551515668397875,9.02601252010334,True
LES-informed,0.12499999701976776,0.8760683834552765,8.345196875127773,0.7619283265607921,9.13014202015607,True
LES-informed,0.15277777413527172,0.8760683834552765,8.32107406397991,0.7621146774076119,9.158849825729082,True
LES-informed,0.18055555125077566,0.8760683834552765,8.31556501809123,0.7582219975873785,9.118105575962682,True
LES-informed,0.2083333283662796,0.8760683834552765,8.289507941902524,0.7604659222409595,9.173836705033967,True
LES-informed,0.23611110548178355,0.8760683834552765,8.250662415223402,0.7616134746070121,9.230937302703712,True
LES-informed,0.2638888825972875,0.8760683834552765,8.239666504532856,0.7612946071915055,9.239386166572366,True
LES-informed,0.29166665971279143,0.8760683834552765,8.235136440735783,0.7641958605799958,9.279698837773202,True
LES-informed,0.3194444368282954,0.8760683834552765,8.208919542771902,0.7632962315993763,9.298376328605535,True
LES-informed,0.3472222139437993,0.8760683834552765,8.203655438988807,0.7621952864822815,9.290922713061077,True
LES-informed,0.37499999105930326,0.8760683834552765,8.190509743036495,0.7591763375977678,9.2689754534901,True
LES-informed,0.4027777681748072,0.8760683834552765,8.18445915535844,0.7522043954164787,9.190642669699239,True
LES-informed,0.4305555452903112,0.8760683834552765,8.17598920194168,0.7381263015859725,9.027975494520932,True
LES-informed,0.45833332240581515,0.8760683834552765,8.150673155347787,0.7352426549313857,9.020637202817797,False
LES-informed,0.4861110995213191,0.8760683834552765,8.132518716603869,0.7382200486123319,9.077385178408932,False
LES-informed,0.513888876636823,0.8760683834552765,8.113468439349896,0.7353125664740631,9.062863459329375,False
LES-informed,0.5416666537523269,0.8760683834552765,8.103596850930364,0.715516060393878,8.82961077107051,False
LES-informed,-0.5416666537523269,0.9051282127698262,8.618584701216292,0.7198756226985966,8.352596715757803,False
LES-informed,-0.513888876636823,0.9051282127698262,8.617561651824953,0.722823686304064,8.387798260207289,False
LES-informed,-0.4861110995213191,0.9051282127698262,8.634986080529318,0.7294149547203648,8.447204754216028,False
LES-informed,-0.45833332240581515,0.9051282127698262,8.615826241156299,0.7331572133479196,8.509424317841457,False
LES-informed,-0.4305555452903112,0.9051282127698262,8.603504598246678,0.7305568554013198,8.491386818694805,False
LES-informed,-0.4027777681748072,0.9051282127698262,8.579013391026576,0.7253381851290578,8.45479721348544,True
LES-informed,-0.37499999105930326,0.9051282127698262,8.59064268041435,0.7312880448069925,8.51261159394096,True
LES-informed,-0.3472222139437993,0.9051282127698262,8.585313322079752,0.7319326919564929,8.525404542593742,True
LES-informed,-0.3194444368282954,0.9051282127698262,8.592574957785153,0.7263469170558748,8.453192676518706,True
LES-informed,-0.29166665971279143,0.9051282127698262,8.594060533621892,0.7257005966976172,8.44421090424618,True
LES-informed,-0.2638888825972875,0.9051282127698262,8.59336532965012,0.7221599367615468,8.403691790803332,True
LES-informed,-0.23611110548178355,0.9051282127698262,8.561466316529232,0.733031242824909,8.561982442302892,True
LES-informed,-0.2083333283662796,0.9051282127698262,8.53189245140373,0.7362247457130997,8.629090789722397,True
LES-informed,-0.18055555125077566,0.9051282127698262,8.53788061313771,0.7382186087463636,8.64639179435732,True
LES-informed,-0.15277777413527172,0.9051282127698262,8.532634485754876,0.7404965933266356,8.678405181458144,True
LES-informed,-0.12499999701976776,0.9051282127698262,8.52272813495248,0.741675602097356,8.70232618421415,True
LES-informed,-0.09722221990426382,0.9051282127698262,8.507057399112533,0.7441802697608382,8.747798855083216,True
LES-informed,-0.06944444278875987,0.9051282127698262,8.498302772032181,0.7440634387948785,8.75543574704802,True
LES-informed,-0.04166666567325592,0.9051282127698262,8.482867214687998,0.7480218066589512,8.818030363174366,True
LES-informed,-0.013888888557751973,0.9051282127698262,8.479292968982092,0.7449664971988291,8.785714798674537,True
LES-informed,0.013888888557751973,0.9051282127698262,8.450334440625769,0.7525212904188454,8.90522494353631,True
LES-informed,0.04166666567325592,0.9051282127698262,8.445551101798708,0.7570845708490961,8.96430039583627,True
LES-informed,0.06944444278875987,0.9051282127698262,8.42555905119896,0.763011002679762,9.055909501591888,True
LES-informed,0.09722221990426382,0.9051282127698262,8.406569321431787,0.7685251248995177,9.141959050289785,True
LES-informed,0.12499999701976776,0.9051282127698262,8.397081560830316,0.766222911960211,9.124871616519654,True
LES-informed,0.15277777413527172,0.9051282127698262,8.362758212795777,0.7677822616218563,9.180969269768912,True
LES-informed,0.18055555125077566,0.9051282127698262,8.341590564591158,0.7726952771336184,9.263164754376675,True
LES-informed,0.2083333283662796,0.9051282127698262,8.325494926059774,0.7739962133177186,9.29669911749054,True
LES-informed,0.23611110548178355,0.9051282127698262,8.298349687904622,0.77470677165354,9.335672763739094,True
LES-informed,0.2638888825972875,0.9051282127698262,8.28218703649819,0.7728219912517265,9.33113425048277,True
LES-informed,0.29166665971279143,0.9051282127698262,8.269187783772894,0.77394169919614,9.35934361915073,True
LES-informed,0.3194444368282954,0.9051282127698262,8.253033585424722,0.7732853583905989,9.369710548085738,True
LES-informed,0.3472222139437993,0.9051282127698262,8.23499798095267,0.7714710558081559,9.368199695890004,True
LES-informed,0.37499999105930326,0.9051282127698262,8.228314582483172,0.7714945967836943,9.376095056283928,True
LES-informed,0.4027777681748072,0.9051282127698262,8.223333077323533,0.7639636241872522,9.290194340953306,True
LES-informed,0.4305555452903112,0.9051282127698262,8.203923446803781,0.7597708534842131,9.26106707858442,False
LES-informed,0.45833332240581515,0.9051282127698262,8.197306820941492,0.7418445303518975,9.049856819519338,False
LES-informed,0.4861110995213191,0.9051282127698262,8.174328459953944,0.7423635775418523,9.081646048096715,False
LES-informed,0.513888876636823,0.9051282127698262,8.157420323077009,0.7356028436890175,9.017591524713115,False
LES-informed,0.5416666537523269,0.9051282127698262,8.128829546438427,0.7420630342624837,9.128780841364941,False
LES-informed,-0.5416666537523269,0.934188042084376,8.66901388824271,0.7179869166710336,8.282221322136749,False
LES-informed,-0.513888876636823,0.934188042084376,8.661179454090753,0.7368979890243774,8.508055893892532,False
LES-informed,-0.4861110995213191,0.934188042084376,8.651804553830013,0.7368507189362293,8.516728670321585,False
LES-informed,-0.45833332240581515,0.934188042084376,8.650732500727752,0.7354332225647549,8.501398263128419,False
LES-informed,-0.4305555452903112,0.934188042084376,8.642828006668212,0.7336132364248766,8.488115647550444,False
LES-informed,-0.4027777681748072,0.934188042084376,8.625157194251425,0.7315552848848351,8.481645822900582,False
LES-informed,-0.37499999105930326,0.934188042084376,8.62656916076975,0.7356426039335003,8.527638163256306,True
LES-informed,-0.3472222139437993,0.934188042084376,8.628585193313112,0.7324754480403456,8.488940326022295,True
LES-informed,-0.3194444368282954,0.934188042084376,8.619065367880953,0.7343897360933181,8.5205263534725,True
LES-informed,-0.29166665971279143,0.934188042084376,8.613993183467528,0.733872273364684,8.519536267722778,True
LES-informed,-0.2638888825972875,0.934188042084376,8.611177277559703,0.732574399927456,8.507250243663062,True
LES-informed,-0.23611110548178355,0.934188042084376,8.598231276916945,0.7371809647528299,8.57363498388194,True
LES-informed,-0.2083333283662796,0.934188042084376,8.586229070053708,0.7422412042846642,8.644553950620622,True
LES-informed,-0.18055555125077566,0.934188042084376,8.574126529539544,0.7459566477988101,8.700089102124203,True
LES-informed,-0.15277777413527172,0.934188042084376,8.575512285024647,0.7389586834945532,8.617079177706866,True
LES-informed,-0.12499999701976776,0.934188042084376,8.565300106070685,0.7412875444281443,8.654542575837526,True
LES-informed,-0.09722221990426382,0.934188042084376,8.559932687131518,0.744471484099937,8.697165168356173,True
LES-informed,-0.06944444278875987,0.934188042084376,8.549380365414828,0.7426414658981337,8.686494624831207,True
LES-informed,-0.04166666567325592,0.934188042084376,8.538138289436993,0.7485114246128782,8.76668190697852,True
LES-informed,-0.013888888557751973,0.934188042084376,8.53696589176249,0.7418865501010677,8.690283638323198,True
LES-informed,0.013888888557751973,0.934188042084376,8.518881731351364,0.7498074262916165,8.801711890566102,True
LES-informed,0.04166666567325592,0.934188042084376,8.498374317231724,0.7540418735197176,8.872777844002295,True
LES-informed,0.06944444278875987,0.934188042084376,8.461120444625085,0.7693128431970478,9.092328235154161,True
LES-informed,0.09722221990426382,0.934188042084376,8.433305132326355,0.7702629028164371,9.133582749945601,True
LES-informed,0.12499999701976776,0.934188042084376,8.436403440274873,0.7730007244303783,9.162680873464634,True
LES-informed,0.15277777413527172,0.934188042084376,8.403030504305788,0.7758049718253687,9.232442645874476,True
LES-informed,0.18055555125077566,0.934188042084376,8.374710935412402,0.7764861915689294,9.271796931946193,True
LES-informed,0.2083333283662796,0.934188042084376,8.362635512396338,0.7779770680085077,9.303012989807756,True
LES-informed,0.23611110548178355,0.934188042084376,8.340528056673445,0.7811167301175153,9.365315059308818,True
LES-informed,0.2638888825972875,0.934188042084376,8.317411574462074,0.7819501733162065,9.401364430697647,True
LES-informed,0.29166665971279143,0.934188042084376,8.314656063143332,0.782322547393073,9.408958608172641,True
LES-informed,0.3194444368282954,0.934188042084376,8.30451255709639,0.7800013265446887,9.392499814792385,True
LES-informed,0.3472222139437993,0.934188042084376,8.274240375438941,0.7765295510337074,9.384904423839792,True
LES-informed,0.37499999105930326,0.934188042084376,8.257541489977372,0.7736611927118628,9.369146902269854,True
LES-informed,0.4027777681748072,0.934188042084376,8.245079301323251,0.7734139828683507,9.380309813930179,False
LES-informed,0.4305555452903112,0.934188042084376,8.22955493226141,0.7718283364319279,9.378737280265486,False
LES-informed,0.45833332240581515,0.934188042084376,8.224535442946058,0.7609220395200996,9.25185434239596,False
LES-informed,0.4861110995213191,0.934188042084376,8.213695411454484,0.7492482330791,9.121938366916176,False
LES-informed,0.513888876636823,0.934188042084376,8.18282266949776,0.751762819247318,9.187084330320202,False
LES-informed,0.5416666537523269,0.934188042084376,8.159873610261144,0.7564646935338437,9.2705442469425,False
LES-informed,-0.5416666537523269,0.9632478713989258,8.703087008279972,0.7431447693547347,8.53886406797633,False
LES-informed,-0.513888876636823,0.9632478713989258,8.70219800648109,0.7426304297014558,8.533825927063148,False
LES-informed,-0.4861110995213191,0.9632478713989258,8.696621740213367,0.7363929926084896,8.46757527929946,False
LES-informed,-0.45833332240581515,0.9632478713989258,8.69454624138837,0.7375864349379707,8.483322929802382,False
LES-informed,-0.4305555452903112,0.9632478713989258,8.694462901223893,0.7335331499745219,8.436785093087977,False
LES-informed,-0.4027777681748072,0.9632478713989258,8.67395656830939,0.7369276834092996,8.49586549812448,False
LES-informed,-0.37499999105930326,0.9632478713989258,8.66299606435618,0.7374260366588701,8.512367213151613,False
LES-informed,-0.3472222139437993,0.9632478713989258,8.664567197373955,0.7341991596566342,8.473581460354469,True
LES-informed,-0.3194444368282954,0.9632478713989258,8.64355650957342,0.7313880113409932,8.461655922893815,True
LES-informed,-0.29166665971279143,0.9632478713989258,8.65184164244205,0.7364419019703836,8.51196695923941,True
LES-informed,-0.2638888825972875,0.9632478713989258,8.651192133038194,0.740253784063028,8.556667944479692,True
LES-informed,-0.23611110548178355,0.9632478713989258,8.646457972662326,0.7409415392354515,8.569307126433747,True
LES-informed,-0.2083333283662796,0.9632478713989258,8.625504315701688,0.7472888861163219,8.663712390195816,True
LES-informed,-0.18055555125077566,0.9632478713989258,8.617546493110673,0.7464809914033629,8.662337847554866,True
LES-informed,-0.15277777413527172,0.9632478713989258,8.608782528349762,0.7483639715525914,8.69302911402557,True
LES-informed,-0.12499999701976776,0.9632478713989258,8.610458898666108,0.7465123807763621,8.669832694887008,True
LES-informed,-0.09722221990426382,0.9632478713989258,8.598020835083759,0.747963609544687,8.699253280390552,True
LES-informed,-0.06944444278875987,0.9632478713989258,8.595597395713709,0.7464439638392122,8.684026594957029,True
LES-informed,-0.04166666567325592,0.9632478713989258,8.598438584347376,0.7358187059141479,8.557585178937424,True
LES-informed,-0.013888888557751973,0.9632478713989258,8.586358760061998,0.7375424284356872,8.589699650872284,True
LES-informed,0.013888888557751973,0.9632478713989258,8.557419234704806,0.7570557088914904,8.846775974481115,True
LES-informed,0.04166666567325592,0.9632478713989258,8.538047173332666,0.7580297712951525,8.878257005451399,True
LES-informed,0.06944444278875987,0.9632478713989258,8.496262800078545,0.7744105356510136,9.114719658199066,True
LES-informed,0.09722221990426382,0.9632478713989258,8.482589683531009,0.7801121590858523,9.19662730593281,True
LES-informed,0.12499999701976776,0.9632478713989258,8.448014403781837,0.7801895607873007,9.235182653548048,True
LES-informed,0.15277777413527172,0.9632478713989258,8.439290596508137,0.7873890911152597,9.330038847590481,True
LES-informed,0.18055555125077566,0.9632478713989258,8.417714372901582,0.7942571871898584,9.435544519623305,True
LES-informed,0.2083333283662796,0.9632478713989258,8.399103283352117,0.7886355027865857,9.389520240211143,True
LES-informed,0.23611110548178355,0.9632478713989258,8.373559495643217,0.7867650700915104,9.395825879076467,True
LES-informed,0.2638888825972875,0.9632478713989258,8.34517949939699,0.7822512656790162,9.373690113382708,True
LES-informed,0.29166665971279143,0.9632478713989258,8.339233974277121,0.7864189804234265,9.430350351713168,True
LES-informed,0.3194444368282954,0.9632478713989258,8.32575820496739,0.790533738011581,9.495035990114697,True
LES-informed,0.3472222139437993,0.9632478713989258,8.30596121906136,0.7853212281775926,9.454910846144552,True
LES-informed,0.37499999105930326,0.9632478713989258,8.289121492981156,0.7841729165265441,9.460265689078696,False
LES-informed,0.4027777681748072,0.9632478713989258,8.279602606777694,0.7755702571199837,9.367240119533042,False
LES-informed,0.4305555452903112,0.9632478713989258,8.26334968020433,0.7806661135695743,9.447332423069751,False
LES-informed,0.45833332240581515,0.9632478713989258,8.255553874562555,0.7746310550035771,9.383150625307055,False
LES-informed,0.4861110995213191,0.9632478713989258,8.245035791008023,0.7651143187515488,9.27969675505808,False
LES-informed,0.513888876636823,0.9632478713989258,8.218420070330819,0.7653907053496035,9.31311248146986,False
LES-informed,0.5416666537523269,0.9632478713989258,8.192723679802072,0.7645349400229148,9.331877528199332,False
LES-informed,-0.5416666537523269,0.9923077007134755,8.751082522712101,0.7440745185305754,8.502656861016261,False
LES-informed,-0.513888876636823,0.9923077007134755,8.746228577914252,0.740731158524556,8.469149324487482,False
LES-informed,-0.4861110995213191,0.9923077007134755,8.738817430106721,0.7372157583771864,8.436104361642252,False
LES-informed,-0.45833332240581515,0.9923077007134755,8.73094460771236,0.7349248797170447,8.417472710431113,False
LES-informed,-0.4305555452903112,0.9923077007134755,8.730262487414665,0.7358047307679362,8.428208565649136,False
LES-informed,-0.4027777681748072,0.9923077007134755,8.713657066129153,0.7354890644446748,8.440647352345247,False
LES-informed,-0.37499999105930326,0.9923077007134755,8.709171375427191,0.7352599317169503,8.442363802731867,False
LES-informed,-0.3472222139437993,0.9923077007134755,8.715224573287385,0.7335608464838883,8.417004522548854,False
LES-informed,-0.3194444368282954,0.9923077007134755,8.695906331903453,0.7341986958649354,8.443038227899427,True
LES-informed,-0.29166665971279143,0.9923077007134755,8.691516846614757,0.7381683471597155,8.492974933911833,True
LES-informed,-0.2638888825972875,0.9923077007134755,8.67614130161539,0.7399414170826355,8.528462035823086,True
LES-informed,-0.23611110548178355,0.9923077007134755,8.669868269635158,0.7460607746201773,8.605214651682045,True
LES-informed,-0.2083333283662796,0.9923077007134755,8.671897669805407,0.7504093281156915,8.653346207353602,True
LES-informed,-0.18055555125077566,0.9923077007134755,8.671801879400226,0.7489119567395387,8.636174663060178,True
LES-informed,-0.15277777413527172,0.9923077007134755,8.667409499976543,0.7350252761808119,8.480334016557094,True
LES-informed,-0.12499999701976776,0.9923077007134755,8.661616217274835,0.7414252361828451,8.559894800050564,True
LES-informed,-0.09722221990426382,0.9923077007134755,8.629987396221589,0.7575403735543836,8.778000926004278,True
LES-informed,-0.06944444278875987,0.9923077007134755,8.632876966054136,0.7560753141811415,8.758092083950132,True
LES-informed,-0.04166666567325592,0.9923077007134755,8.621002210340114,0.7589913323654671,8.80398025481452,True
LES-informed,-0.013888888557751973,0.9923077007134755,8.613092714341663,0.7578851750432136,8.799222302359045,True
LES-informed,0.013888888557751973,0.9923077007134755,8.595093226489256,0.7615588329281855,8.860390607295962,True
LES-informed,0.04166666567325592,0.9923077007134755,8.5660482672508,0.7710733543385985,9.001506065364117,True
LES-informed,0.06944444278875987,0.9923077007134755,8.526250231623585,0.7817563087320186,9.168817328777308,True
LES-informed,0.09722221990426382,0.9923077007134755,8.511745515440015,0.7907333460744366,9.289908217298946,True
LES-informed,0.12499999701976776,0.9923077007134755,8.494517046973026,0.791853339731772,9.321934788675765,True
LES-informed,0.15277777413527172,0.9923077007134755,8.480504519387488,0.7966989738124186,9.394476142204343,True
LES-informed,0.18055555125077566,0.9923077007134755,8.455999180051972,0.7954769301398181,9.407249376470835,True
LES-informed,0.2083333283662796,0.9923077007134755,8.444273051817703,0.7981768142248713,9.452285700934988,True
LES-informed,0.23611110548178355,0.9923077007134755,8.429788299704466,0.7952004490496389,9.4332196821303,True
LES-informed,0.2638888825972875,0.9923077007134755,8.410031689710834,0.801704559891435,9.53271746731076,True
LES-informed,0.29166665971279143,0.9923077007134755,8.400692130659863,0.802059577576933,9.547541620406133,True
LES-informed,0.3194444368282954,0.9923077007134755,8.373492166051582,0.7988625674428522,9.540375169653334,True
LES-informed,0.3472222139437993,0.9923077007134755,8.361786187549113,0.795375207181851,9.512025174312427,False
LES-informed,0.37499999105930326,0.9923077007134755,8.353808466415414,0.7901628774802388,9.458714317630204,False
LES-informed,0.4027777681748072,0.9923077007134755,8.314364869485248,0.7841189935251092,9.430894672459269,False
LES-informed,0.4305555452903112,0.9923077007134755,8.291196183632593,0.7842569480855717,9.458911967777945,False
LES-informed,0.45833332240581515,0.9923077007134755,8.296386732703619,0.7824238959913407,9.43089951324346,False
LES-informed,0.4861110995213191,0.9923077007134755,8.286205417241232,0.7723923757599159,9.32142442610447,False
LES-informed,0.513888876636823,0.9923077007134755,8.264977647479144,0.771552534172923,9.335204123731057,False
LES-informed,0.5416666537523269,0.9923077007134755,8.245840972106786,0.7628666234262099,9.251532087591304,False
LES-informed,-0.5416666537523269,1.0213675300280254,8.785665938802827,0.745478230251583,8.485164760921528,False
LES-informed,-0.513888876636823,1.0213675300280254,8.7791140651139,0.7413520146817011,8.444496895508587,False
LES-informed,-0.4861110995213191,1.0213675300280254,8.780277048659027,0.739125332880365,8.41801834707765,False
LES-informed,-0.45833332240581515,1.0213675300280254,8.781697599290768,0.7336761156886638,8.354604646690605,False
LES-informed,-0.4305555452903112,1.0213675300280254,8.77462788295501,0.7336701604666789,8.361268081713828,False
LES-informed,-0.4027777681748072,1.0213675300280254,8.757801884903548,0.7370217340271451,8.415601810970426,False
LES-informed,-0.37499999105930326,1.0213675300280254,8.748677780545762,0.7340830203719332,8.390788171491435,False
LES-informed,-0.3472222139437993,1.0213675300280254,8.744334939974921,0.7361891405572094,8.419040963214988,False
LES-informed,-0.3194444368282954,1.0213675300280254,8.73993977562907,0.7344165862135423,8.402993671208469,False
LES-informed,-0.29166665971279143,1.0213675300280254,8.73753757811714,0.7360592069211591,8.424103476986398,True
LES-informed,-0.2638888825972875,1.0213675300280254,8.729109256558214,0.7358052370360904,8.429327843310897,True
LES-informed,-0.23611110548178355,1.0213675300280254,8.717882361137113,0.7417232289627994,8.50806650327469,True
LES-informed,-0.2083333283662796,1.0213675300280254,8.715154972072868,0.7500998823945081,8.606845027978883,True
LES-informed,-0.18055555125077566,1.0213675300280254,8.705060568028143,0.7525788880204399,8.645303293862238,True
LES-informed,-0.15277777413527172,1.0213675300280254,8.713429871077244,0.7450979511434124,8.551144178214356,True
LES-informed,-0.12499999701976776,1.0213675300280254,8.709865476351299,0.7393782442869336,8.488974327955647,True
LES-informed,-0.09722221990426382,1.0213675300280254,8.693616885519639,0.7517502388426662,8.647151683148186,True
LES-informed,-0.06944444278875987,1.0213675300280254,8.680159529460713,0.7575945268437997,8.727887134706474,True
LES-informed,-0.04166666567325592,1.0213675300280254,8.65796475823338,0.7685632697011232,8.876950774952626,True
LES-informed,-0.013888888557751973,1.0213675300280254,8.652458923196201,0.7660127093956348,8.853121594626089,True
LES-informed,0.013888888557751973,1.0213675300280254,8.618271326471309,0.7756730254226589,9.000331923179921,True
LES-informed,0.04166666567325592,1.0213675300280254,8.59878936442108,0.7830743148064562,9.10679726667752,True
LES-informed,0.06944444278875987,1.0213675300280254,8.571041720273085,0.7912525796483597,9.231696746695444,True
LES-informed,0.09722221990426382,1.0213675300280254,8.540189095284394,0.7882628880871166,9.230040216818724,True
LES-informed,0.12499999701976776,1.0213675300280254,8.531433037518497,0.7961918105134672,9.332451031521574,True
LES-informed,0.15277777413527172,1.0213675300280254,8.526232910499088,0.8013140176678644,9.398218721906332,True
LES-informed,0.18055555125077566,1.0213675300280254,8.49981438416198,0.8049184084922302,9.469835129483117,True
LES-informed,0.2083333283662796,1.0213675300280254,8.491645322485642,0.805641050101319,9.487455251669589,True
LES-informed,0.23611110548178355,1.0213675300280254,8.474307062553068,0.8043805407827042,9.49199190972397,True
LES-informed,0.2638888825972875,1.0213675300280254,8.460538002702604,0.8067048383751112,9.53491182378024,True
LES-informed,0.29166665971279143,1.0213675300280254,8.42419656892715,0.8065982982284177,9.57478011854062,True
LES-informed,0.3194444368282954,1.0213675300280254,8.405586964669602,0.804306306630722,9.568710787377318,False
LES-informed,0.3472222139437993,1.0213675300280254,8.398445965244656,0.8026638596242509,9.557290276628795,False
LES-informed,0.37499999105930326,1.0213675300280254,8.393370646428519,0.7993842106308312,9.52399511834949,False
LES-informed,0.4027777681748072,1.0213675300280254,8.351590008246617,0.7942289370846061,9.509912918382726,False
LES-informed,0.4305555452903112,1.0213675300280254,8.335404323894721,0.7891996794493993,9.468043166028991,False
LES-informed,0.45833332240581515,1.0213675300280254,8.345612134343257,0.7848380196452396,9.404199560335798,False
LES-informed,0.4861110995213191,1.0213675300280254,8.323372553170298,0.783928005133483,9.418393807626597,False
LES-informed,0.513888876636823,1.0213675300280254,8.313658088973803,0.770237833829474,9.264728301143647,False
LES-informed,0.5416666537523269,1.0213675300280254,8.288807189928713,0.7661723473779839,9.24345722879064,False
LES-informed,-0.5416666537523269,1.050427359342575,8.820870818491827,0.7455235822950442,8.451813858696916,False
LES-informed,-0.513888876636823,1.050427359342575,8.819402956944973,0.7439933970771755,8.435870327155271,False
LES-informed,-0.4861110995213191,1.050427359342575,8.831352545158952,0.7290552298093651,8.255306603165883,False
LES-informed,-0.45833332240581515,1.050427359342575,8.833464313501212,0.7265598149695739,8.225083491412175,False
LES-informed,-0.4305555452903112,1.050427359342575,8.81338007651326,0.732151347545325,8.307270776809366,False
LES-informed,-0.4027777681748072,1.050427359342575,8.792836654986681,0.7295468173066023,8.297058684615214,False
LES-informed,-0.37499999105930326,1.050427359342575,8.777199305450246,0.7265449919701741,8.277640357545742,False
LES-informed,-0.3472222139437993,1.050427359342575,8.776330202194188,0.7300335426266603,8.318209613901526,False
LES-informed,-0.3194444368282954,1.050427359342575,8.781673758171772,0.7304767563659581,8.318195101317833,False
LES-informed,-0.29166665971279143,1.050427359342575,8.772851921633743,0.7374295696871165,8.405813483168734,False
LES-informed,-0.2638888825972875,1.050427359342575,8.763456052546283,0.7377040742636247,8.417958278563852,False
LES-informed,-0.23611110548178355,1.050427359342575,8.763494102229583,0.7455789270699631,8.507781466758505,True
LES-informed,-0.2083333283662796,1.050427359342575,8.766023652599184,0.7513482196682887,8.571140684128874,True
LES-informed,-0.18055555125077566,1.050427359342575,8.753563975835752,0.7560586818224968,8.637152637595381,True
LES-informed,-0.15277777413527172,1.050427359342575,8.763932536366902,0.7455551088358716,8.50708407147258,True
LES-informed,-0.12499999701976776,1.050427359342575,8.756418652230295,0.7450769158199441,8.508922944543885,True
LES-informed,-0.09722221990426382,1.050427359342575,8.745360970871365,0.7438119032647088,8.50521671709335,True
LES-informed,-0.06944444278875987,1.050427359342575,8.718798360300203,0.7639383110187913,8.761967870449611,True
LES-informed,-0.04166666567325592,1.050427359342575,8.696458718507893,0.772920295878584,8.88775903959214,True
LES-informed,-0.013888888557751973,1.050427359342575,8.69481416183319,0.7664668114351938,8.815217866296456,True
LES-informed,0.013888888557751973,1.050427359342575,8.662958571657429,0.7843701948358868,9.054299271407206,True
LES-informed,0.04166666567325592,1.050427359342575,8.638110446613332,0.7908772047160848,9.155673681229175,True
LES-informed,0.06944444278875987,1.050427359342575,8.620084201664437,0.800362598846242,9.284858246415984,True
LES-informed,0.09722221990426382,1.050427359342575,8.58978065413717,0.8032783901961702,9.351558817852704,True
LES-informed,0.12499999701976776,1.050427359342575,8.578611543123182,0.8100381743251287,9.442532398782813,True
LES-informed,0.15277777413527172,1.050427359342575,8.559999678164065,0.8110940587668174,9.475398239042686,True
LES-informed,0.18055555125077566,1.050427359342575,8.555753097612762,0.8146632221797928,9.521817809435166,True
LES-informed,0.2083333283662796,1.050427359342575,8.54065659090487,0.8213601496342418,9.617060947151604,True
LES-informed,0.23611110548178355,1.050427359342575,8.51698127854339,0.819985159928192,9.62765013930416,True
LES-informed,0.2638888825972875,1.050427359342575,8.492621224780908,0.8192609715733187,9.646738620377524,False
LES-informed,0.29166665971279143,1.050427359342575,8.461571962436603,0.810966912590637,9.584116476120002,False
LES-informed,0.3194444368282954,1.050427359342575,8.44845177855663,0.8121903712531513,9.613481766145672,False
LES-informed,0.3472222139437993,1.050427359342575,8.44143472455514,0.8119051440206937,9.618094204519016,False
LES-informed,0.37499999105930326,1.050427359342575,8.42655647930536,0.8074282138123507,9.581947451432864,False
LES-informed,0.4027777681748072,1.050427359342575,8.406456482933704,0.8040356556017284,9.564501490420305,False
LES-informed,0.4305555452903112,1.050427359342575,8.399113931584454,0.8014625757488237,9.542227695411574,False
LES-informed,0.45833332240581515,1.050427359342575,8.381242855952278,0.7957779167746213,9.494748338063816,False
LES-informed,0.4861110995213191,1.050427359342575,8.367405003060826,0.7926079520859151,9.472565888659343,False
LES-informed,0.513888876636823,1.050427359342575,8.364623935984635,0.7764276918838242,9.282278531897054,False
LES-informed,0.5416666537523269,1.050427359342575,8.33517543604694,0.7764649841714679,9.315520592566148,False
LES-informed,-0.5416666537523269,1.079487188657125,8.870350172279773,0.7457708958997857,8.407457218885812,False
LES-informed,-0.513888876636823,1.079487188657125,8.872082197356619,0.7400074869165678,8.340854722209949,False
LES-informed,-0.4861110995213191,1.079487188657125,8.86508047680956,0.738327576116711,8.328492652132432,False
LES-informed,-0.45833332240581515,1.079487188657125,8.857820588506407,0.7403054847946322,8.357648220547912,False
LES-informed,-0.4305555452903112,1.079487188657125,8.853295985341276,0.7384352565017818,8.340794860179033,False
LES-informed,-0.4027777681748072,1.079487188657125,8.834292822419505,0.7361606996296427,8.332989571745095,False
LES-informed,-0.37499999105930326,1.079487188657125,8.830924322403249,0.7353884907035211,8.327423765119441,False
LES-informed,-0.3472222139437993,1.079487188657125,8.823990160794501,0.7371691064733258,8.354146967985194,False
LES-informed,-0.3194444368282954,1.079487188657125,8.818306309156537,0.734035023004212,8.323990994075842,False
LES-informed,-0.29166665971279143,1.079487188657125,8.81706883167071,0.7391777237758541,8.383485916779334,False
LES-informed,-0.2638888825972875,1.079487188657125,8.818856216634,0.744420649923142,8.441238088438572,False
LES-informed,-0.23611110548178355,1.079487188657125,8.81273080737725,0.7459360430561494,8.464300786672354,False
LES-informed,-0.2083333283662796,1.079487188657125,8.80469805399502,0.7485869142368743,8.502130449518509,True
LES-informed,-0.18055555125077566,1.079487188657125,8.788007850938241,0.746812066694078,8.498081469218823,True
LES-informed,-0.15277777413527172,1.079487188657125,8.800486224905368,0.7567225169450815,8.598644411300338,True
LES-informed,-0.12499999701976776,1.079487188657125,8.79352064282049,0.7598311130962176,8.640806611588332,True
LES-informed,-0.09722221990426382,1.079487188657125,8.79771393852538,0.7456931568484426,8.475987762946419,True
LES-informed,-0.06944444278875987,1.079487188657125,8.763959686628874,0.7713208367527846,8.801054139141975,True
LES-informed,-0.04166666567325592,1.079487188657125,8.723798562663584,0.7823447204659623,8.967936557066647,True
LES-informed,-0.013888888557751973,1.079487188657125,8.712231022101717,0.7850061189290123,9.010391447811255,True
LES-informed,0.013888888557751973,1.079487188657125,8.701689490593647,0.7925263462474699,9.107729563370137,True
LES-informed,0.04166666567325592,1.079487188657125,8.690699182511432,0.7977642023523058,9.179516924917525,True
LES-informed,0.06944444278875987,1.079487188657125,8.666993607327807,0.8083849685935334,9.32716701106202,True
LES-informed,0.09722221990426382,1.079487188657125,8.638865138709319,0.8136790506981285,9.418818764193551,True
LES-informed,0.12499999701976776,1.079487188657125,8.613430432583803,0.816384704259625,9.478043744003758,True
LES-informed,0.15277777413527172,1.079487188657125,8.5976034462219,0.81946510147811,9.531320054523018,True
LES-informed,0.18055555125077566,1.079487188657125,8.596184544700936,0.8222657168972847,9.565473061000827,True
LES-informed,0.2083333283662796,1.079487188657125,8.582464565010222,0.826289038336577,9.627642876677497,True
LES-informed,0.23611110548178355,1.079487188657125,8.552473594975698,0.823278750467413,9.6262062820172,False
LES-informed,0.2638888825972875,1.079487188657125,8.546173008646765,0.8235871583779131,9.636911838136578,False
LES-informed,0.29166665971279143,1.079487188657125,8.524757425910153,0.8230331981745734,9.654623082564742,False
LES-informed,0.3194444368282954,1.079487188657125,8.50687736207792,0.8208464975853211,9.64921042878204,False
LES-informed,0.3472222139437993,1.079487188657125,8.479547226925796,0.8177954313914553,9.644328989579101,False
LES-informed,0.37499999105930326,1.079487188657125,8.472121903317781,0.817406981613153,9.64819664944914,False
LES-informed,0.4027777681748072,1.079487188657125,8.46771634192865,0.811294719713134,9.581033267445866,False
LES-informed,0.4305555452903112,1.079487188657125,8.460218828766575,0.799997723309436,9.455993272765836,False
LES-informed,0.45833332240581515,1.079487188657125,8.444135968113795,0.7913491395538089,9.371582155261958,False
LES-informed,0.4861110995213191,1.079487188657125,8.420895977329543,0.79530533539605,9.444426549587416,False
LES-informed,0.513888876636823,1.079487188657125,8.400027626360803,0.7870757953882765,9.369919128816798,False
LES-informed,0.5416666537523269,1.079487188657125,8.38691939034346,0.782796466727339,9.333539888658477,False
LES-informed,-0.5416666537523269,1.1085470179716745,8.916980550572879,0.7462425423254254,8.368780643773889,False
LES-informed,-0.513888876636823,1.1085470179716745,8.90793846490674,0.7454574357931643,8.36846189193976,False
LES-informed,-0.4861110995213191,1.1085470179716745,8.902310005919022,0.7479691024584517,8.401966477926937,False
LES-informed,-0.45833332240581515,1.1085470179716745,8.894526552226711,0.7465663532658653,8.393547974500848,False
LES-informed,-0.4305555452903112,1.1085470179716745,8.888470110751213,0.7477247239557301,8.412299469301313,False
LES-informed,-0.4027777681748072,1.1085470179716745,8.872518174209574,0.7385221602852949,8.323704114036234,False
LES-informed,-0.37499999105930326,1.1085470179716745,8.86982467382696,0.7347744839962105,8.283979796854158,False
LES-informed,-0.3472222139437993,1.1085470179716745,8.880388288130504,0.7439165386486359,8.377072201256697,False
LES-informed,-0.3194444368282954,1.1085470179716745,8.855242591410253,0.7417754925735507,8.376681778239329,False
LES-informed,-0.29166665971279143,1.1085470179716745,8.854377660076961,0.738944874876451,8.345531478832676,False
LES-informed,-0.2638888825972875,1.1085470179716745,8.852504313845959,0.7430354452692358,8.393505599393773,False
LES-informed,-0.23611110548178355,1.1085470179716745,8.846679381321495,0.7460706699887311,8.43334134572519,False
LES-informed,-0.2083333283662796,1.1085470179716745,8.841194220236812,0.7567832906987644,8.559740594393297,False
LES-informed,-0.18055555125077566,1.1085470179716745,8.853609731409186,0.7484806072781204,8.453959797017035,False
LES-informed,-0.15277777413527172,1.1085470179716745,8.851184391739281,0.7587134827177682,8.57188653109371,False
LES-informed,-0.12499999701976776,1.1085470179716745,8.845289989055527,0.7590376318184641,8.581263392807225,True
LES-informed,-0.09722221990426382,1.1085470179716745,8.818984475956718,0.7740483747817083,8.777069252043745,True
LES-informed,-0.06944444278875987,1.1085470179716745,8.802072243605776,0.7818686976433152,8.882779827344635,True
LES-informed,-0.04166666567325592,1.1085470179716745,8.770159043763167,0.7936261470513045,9.049164822337923,True
LES-informed,-0.013888888557751973,1.1085470179716745,8.753759258954656,0.7976804985164601,9.112433583325622,True
LES-informed,0.013888888557751973,1.1085470179716745,8.726248606232403,0.8027001837443394,9.198685712105888,True
LES-informed,0.04166666567325592,1.1085470179716745,8.717806982574038,0.8110831060890087,9.303751593838646,True
LES-informed,0.06944444278875987,1.1085470179716745,8.695235132869646,0.811919088631596,9.33751734398058,True
LES-informed,0.09722221990426382,1.1085470179716745,8.676691973581354,0.8153745603344335,9.397297527872054,True
LES-informed,0.12499999701976776,1.1085470179716745,8.668425898318187,0.8172323216725751,9.427690001146935,True
LES-informed,0.15277777413527172,1.1085470179716745,8.63440161817297,0.8122830772807264,9.407520210446323,False
LES-informed,0.18055555125077566,1.1085470179716745,8.627192666644335,0.8210200098609142,9.516653233389086,False
LES-informed,0.2083333283662796,1.1085470179716745,8.623740728172278,0.8286464675652878,9.60889819957414,False
LES-informed,0.23611110548178355,1.1085470179716745,8.60140033281281,0.825306121781921,9.595020460023527,False
LES-informed,0.2638888825972875,1.1085470179716745,8.585939263396137,0.822449849562823,9.57903176731192,False
LES-informed,0.29166665971279143,1.1085470179716745,8.584686900227728,0.8247384022154544,9.607087734248948,False
LES-informed,0.3194444368282954,1.1085470179716745,8.55453439377951,0.8256305441663745,9.65137909512337,False
LES-informed,0.3472222139437993,1.1085470179716745,8.519780704264116,0.8212282588277082,9.63907742856206,False
LES-informed,0.37499999105930326,1.1085470179716745,8.520561683842192,0.8233459123466811,9.663047377592697,False
LES-informed,0.4027777681748072,1.1085470179716745,8.520955067766135,0.8179132194517101,9.59884441294367,False
LES-informed,0.4305555452903112,1.1085470179716745,8.498886393451224,0.8144696521202928,9.583251433362827,False
LES-informed,0.45833332240581515,1.1085470179716745,8.481793851034109,0.8128982833266898,9.58403726385758,False
LES-informed,0.4861110995213191,1.1085470179716745,8.464127964107265,0.8003194076687659,9.45542660818193,False
LES-informed,0.513888876636823,1.1085470179716745,8.440256025311413,0.7978208652842614,9.45256711279472,False
LES-informed,0.5416666537523269,1.1085470179716745,8.424380242742552,0.7971086238151266,9.461925991550784,False
LES-informed,-0.5416666537523269,1.1376068472862244,8.968201572913653,0.7411408248118093,8.264096416501733,False
LES-informed,-0.513888876636823,1.1376068472862244,8.93846871602907,0.748994487483745,8.379449671738485,False
LES-informed,-0.4861110995213191,1.1376068472862244,8.94301902784924,0.7533267947564486,8.423629564138595,False
LES-informed,-0.45833332240581515,1.1376068472862244,8.92622686387315,0.7534203942653989,8.440524823704566,False
LES-informed,-0.4305555452903112,1.1376068472862244,8.919179754553536,0.7499618409600953,8.408417159405438,False
LES-informed,-0.4027777681748072,1.1376068472862244,8.918104097434261,0.749217986848571,8.401090396154055,False
LES-informed,-0.37499999105930326,1.1376068472862244,8.906044717754735,0.7446670199448915,8.36136628036858,False
LES-informed,-0.3472222139437993,1.1376068472862244,8.909900284296272,0.7493941884760388,8.41080331501407,False
LES-informed,-0.3194444368282954,1.1376068472862244,8.908985420944655,0.7454971300651377,8.367924009758788,False
LES-informed,-0.29166665971279143,1.1376068472862244,8.901897356885648,0.7445797878881063,8.364281883256847,False
LES-informed,-0.2638888825972875,1.1376068472862244,8.894642153804583,0.7501368874429022,8.433581413076181,False
LES-informed,-0.23611110548178355,1.1376068472862244,8.891500619493744,0.7525827470558629,8.464068994224652,False
LES-informed,-0.2083333283662796,1.1376068472862244,8.891139890148734,0.7576364968456809,8.5212526875787,False
LES-informed,-0.18055555125077566,1.1376068472862244,8.901436621527493,0.7586280513094754,8.522534997045165,False
LES-informed,-0.15277777413527172,1.1376068472862244,8.905290309611692,0.7598860583437791,8.532973456503894,False
LES-informed,-0.12499999701976776,1.1376068472862244,8.882192611974045,0.7713579967571054,8.684319632038164,False
LES-informed,-0.09722221990426382,1.1376068472862244,8.862314044226988,0.7772546012328018,8.770334670538043,False
LES-informed,-0.06944444278875987,1.1376068472862244,8.826276887783653,0.7903556121272401,8.954575322933298,False
LES-informed,-0.04166666567325592,1.1376068472862244,8.821892120480918,0.8004068736828168,9.072961477556397,False
LES-informed,-0.013888888557751973,1.1376068472862244,8.798411370434897,0.8064058633041642,9.165357578231811,False
LES-informed,0.013888888557751973,1.1376068472862244,8.774356369414438,0.8098748824286206,9.23002039501922,False
LES-informed,0.04166666567325592,1.1376068472862244,8.756284025810771,0.8123933682679959,9.277832535734516,False
LES-informed,0.06944444278875987,1.1376068472862244,8.741747954678727,0.8171726128784418,9.347931524851132,False
LES-informed,0.09722221990426382,1.1376068472862244,8.726936929807893,0.8242160645990068,9.44450580115686,False
LES-informed,0.12499999701976776,1.1376068472862244,8.689943780533257,0.8104562737206219,9.32636958522289,False
LES-informed,0.15277777413527172,1.1376068472862244,8.687650664604762,0.8231442724362751,9.474877665027792,False
LES-informed,0.18055555125077566,1.1376068472862244,8.67052441916737,0.8284974183428109,9.555332276226626,False
LES-informed,0.2083333283662796,1.1376068472862244,8.655643804003358,0.8291731296637648,9.57956621644089,False
LES-informed,0.23611110548178355,1.1376068472862244,8.649972904984269,0.8303692982113897,9.599675135778936,False
LES-informed,0.2638888825972875,1.1376068472862244,8.635328615048738,0.8331576329355824,9.648244671125118,False
LES-informed,0.29166665971279143,1.1376068472862244,8.611093795418823,0.8325449890113025,9.668283830031251,False
LES-informed,0.3194444368282954,1.1376068472862244,8.58413213278787,0.8224582793915295,9.581146546545757,False
LES-informed,0.3472222139437993,1.1376068472862244,8.57161579650754,0.8274825499129953,9.653752216124161,False
LES-informed,0.37499999105930326,1.1376068472862244,8.563320889107773,0.8246572351137635,9.63011016161612,False
LES-informed,0.4027777681748072,1.1376068472862244,8.553881149303438,0.8261373602516225,9.658041137488762,False
LES-informed,0.4305555452903112,1.1376068472862244,8.546791064810677,0.810931408837987,9.488138913057076,False
LES-informed,0.45833332240581515,1.1376068472862244,8.523517338242318,0.8187797848465939,9.606125644550387,False
LES-informed,0.4861110995213191,1.1376068472862244,8.508804845013909,0.8090521642250972,9.508411333457662,False
LES-informed,0.513888876636823,1.1376068472862244,8.488457307275773,0.8094798434822744,9.536242148363508,False
LES-informed,0.5416666537523269,1.1376068472862244,8.46970923231384,0.8129753379531843,9.598621577840017,False
LES-informed,-0.5416666537523269,1.166666676600774,8.992069055833952,0.7610043668802181,8.463061862124905,False
LES-informed,-0.513888876636823,1.166666676600774,8.987280824280633,0.7608553130447655,8.46591230340982,False
LES-informed,-0.4861110995213191,1.166666676600774,8.977290336061582,0.7607819208655388,8.474516166749048,False
LES-informed,-0.45833332240581515,1.166666676600774,8.962660647855754,0.7581290949694771,8.458750417498551,False
LES-informed,-0.4305555452903112,1.166666676600774,8.956604129931348,0.7503158338082572,8.377235645604092,False
LES-informed,-0.4027777681748072,1.166666676600774,8.945180291359266,0.7472220752518777,8.353348405662302,False
LES-informed,-0.37499999105930326,1.166666676600774,8.94817257567833,0.7540948959418957,8.427362006758463,False
LES-informed,-0.3472222139437993,1.166666676600774,8.950171461837414,0.7541803463043303,8.426434616588917,False
LES-informed,-0.3194444368282954,1.166666676600774,8.963200125526267,0.7465529678373232,8.329089581646375,False
LES-informed,-0.29166665971279143,1.166666676600774,8.949865688292054,0.7444363586180962,8.317849502389132,False
LES-informed,-0.2638888825972875,1.166666676600774,8.955314066560124,0.750260561977252,8.377825237629425,False
LES-informed,-0.23611110548178355,1.166666676600774,8.93380599163993,0.7531003206504766,8.429781454345573,False
LES-informed,-0.2083333283662796,1.166666676600774,8.942205699487666,0.7608349364936604,8.508358698763233,False
LES-informed,-0.18055555125077566,1.166666676600774,8.941107184163075,0.7641412578763865,8.546382927048127,False
LES-informed,-0.15277777413527172,1.166666676600774,8.926856649474463,0.7756309636950084,8.688735510731775,False
LES-informed,-0.12499999701976776,1.166666676600774,8.915140809070687,0.7779671133068994,8.726358113327372,False
LES-informed,-0.09722221990426382,1.166666676600774,8.891759912140138,0.7885433478756352,8.868248307053562,False
LES-informed,-0.06944444278875987,1.166666676600774,8.866300480273285,0.7908345327285312,8.919554829977468,False
LES-informed,-0.04166666567325592,1.166666676600774,8.85490405407334,0.8029536437537571,9.067897730460341,False
LES-informed,-0.013888888557751973,1.166666676600774,8.84454657862507,0.8118757112057586,9.17939324518735,False
LES-informed,0.013888888557751973,1.166666676600774,8.818871429954557,0.8161308281624715,9.254368142734982,False
LES-informed,0.04166666567325592,1.166666676600774,8.796929125583715,0.818930084175124,9.309272275406498,False
LES-informed,0.06944444278875987,1.166666676600774,8.78385934333642,0.8245613236147421,9.387232779863078,False
LES-informed,0.09722221990426382,1.166666676600774,8.766084112715905,0.8298337570884541,9.4664133542218,False
LES-informed,0.12499999701976776,1.166666676600774,8.75756952409377,0.8262599911283638,9.434809382388146,False
LES-informed,0.15277777413527172,1.166666676600774,8.73339142950834,0.8258409131767983,9.456130757937302,False
LES-informed,0.18055555125077566,1.166666676600774,8.713470945950585,0.8294165796468368,9.51878516370439,False
LES-informed,0.2083333283662796,1.166666676600774,8.695911060810714,0.8337842339581466,9.588233229703864,False
LES-informed,0.23611110548178355,1.166666676600774,8.686279893093635,0.8338938258027603,9.60012613070159,False
LES-informed,0.2638888825972875,1.166666676600774,8.664324046355569,0.8319181713859749,9.601651172498569,False
LES-informed,0.29166665971279143,1.166666676600774,8.658459698989937,0.8374351320591905,9.67187191685933,False
LES-informed,0.3194444368282954,1.166666676600774,8.63721721828544,0.8286316943470543,9.59373457220455,False
LES-informed,0.3472222139437993,1.166666676600774,8.615546711408085,0.8169475677829645,9.482248720225979,False
LES-informed,0.37499999105930326,1.166666676600774,8.596345906374335,0.8148035664138388,9.478487432778248,False
LES-informed,0.4027777681748072,1.166666676600774,8.592111590402384,0.8264443017150822,9.618640226207518,False
LES-informed,0.4305555452903112,1.166666676600774,8.575074495241923,0.8253197095236148,9.62463603064396,False
LES-informed,0.45833332240581515,1.166666676600774,8.565718652586527,0.8314511688257091,9.706729844257048,False
LES-informed,0.4861110995213191,1.166666676600774,8.557363732841923,0.8205026446728305,9.588264216511682,False
LES-informed,0.513888876636823,1.166666676600774,8.538793488819264,0.8216269046987786,9.622283356244893,False
LES-informed,0.5416666537523269,1.166666676600774,8.509741802082335,0.821878254542146,9.658086856889504,False
