case,y_over_D,z_over_D,U_mean_mps,U_std_mps,TI_percent,inside_rotor_mask
NPA2016,-0.5416666537523269,0.03333333333333333,6.477023720180075,0.7190592863076857,11.101692959180554,False
NPA2016,-0.513888876636823,0.03333333333333333,6.465429652317739,0.7330490316150355,11.337978619135557,False
NPA2016,-0.4861110995213191,0.03333333333333333,6.4453119760584245,0.7448748101780782,11.556846479192464,False
NPA2016,-0.45833332240581515,0.03333333333333333,6.435032797005655,0.7508075575726368,11.667501646953566,False
NPA2016,-0.4305555452903112,0.03333333333333333,6.4316218498983675,0.7471408773007997,11.616679194418216,False
NPA2016,-0.4027777681748072,0.03333333333333333,6.4291736220608735,0.7453376054873353,11.593054555717803,False
NPA2016,-0.37499999105930326,0.03333333333333333,6.439119860061308,0.7314701811918458,11.359785142823561,False
NPA2016,-0.3472222139437993,0.03333333333333333,6.4389423481227395,0.7259923007054145,11.27502408710145,False
NPA2016,-0.3194444368282954,0.03333333333333333,6.4423398032644705,0.7174946094589387,11.13717424677551,False
NPA2016,-0.29166665971279143,0.03333333333333333,6.437923057278169,0.7066597505931532,10.976517493390414,False
NPA2016,-0.2638888825972875,0.03333333333333333,6.440122108423125,0.7033525194648825,10.921415892797405,False
NPA2016,-0.23611110548178355,0.03333333333333333,6.4209473242313955,0.7196531880006308,11.207897396771981,False
NPA2016,-0.2083333283662796,0.03333333333333333,6.419707984859273,0.7270467412795435,11.325230726915708,False
NPA2016,-0.18055555125077566,0.03333333333333333,6.403274603764234,0.7395245223772898,11.549161454711818,False
NPA2016,-0.15277777413527172,0.03333333333333333,6.3909167569864875,0.7395676783556747,11.572168852726591,False
NPA2016,-0.12499999701976776,0.03333333333333333,6.389634853178253,0.7336363871835376,11.481663726349264,False
NPA2016,-0.09722221990426382,0.03333333333333333,6.371051515541416,0.7432479504532084,11.666016961880532,False
NPA2016,-0.06944444278875987,0.03333333333333333,6.3649374273821016,0.7427305574150157,11.669094408057688,False
NPA2016,-0.04166666567325592,0.03333333333333333,6.370491104684317,0.7411718364697969,11.634453675397213,False
NPA2016,-0.013888888557751973,0.03333333333333333,6.35921906177418,0.739748486119668,11.632693872213974,False
NPA2016,0.013888888557751973,0.03333333333333333,6.350853388738364,0.7391330658004523,11.638326702850964,False
NPA2016,0.04166666567325592,0.03333333333333333,6.353425174575918,0.7324882317691459,11.529029014149653,False
NPA2016,0.06944444278875987,0.03333333333333333,6.342089347667793,0.7332519255068602,11.56167763193848,False
NPA2016,0.09722221990426382,0.03333333333333333,6.334491477466878,0.7283999616203138,11.498949271798471,False
NPA2016,0.12499999701976776,0.03333333333333333,6.330516067735825,0.7265220089361796,11.47650525111182,False
NPA2016,0.15277777413527172,0.03333333333333333,6.316401132630223,0.722693085839927,11.44153245914876,False
NPA2016,0.18055555125077566,0.03333333333333333,6.310437502860556,0.7304022556220099,11.574510567467224,False
NPA2016,0.2083333283662796,0.03333333333333333,6.308583589838883,0.7301998622376465,11.574703764150255,False
NPA2016,0.23611110548178355,0.03333333333333333,6.3004681238418065,0.726887045286309,11.537032344242359,False
NPA2016,0.2638888825972875,0.03333333333333333,6.298239123039622,0.7301988634949351,11.593698639097248,False
NPA2016,0.29166665971279143,0.03333333333333333,6.299456866912707,0.732535951808345,11.628557307153253,False
NPA2016,0.3194444368282954,0.03333333333333333,6.296210622034795,0.7322492081109999,11.629998614537348,False
NPA2016,0.3472222139437993,0.03333333333333333,6.284656041493607,0.7288111546889543,11.596675297376267,False
NPA2016,0.37499999105930326,0.03333333333333333,6.275804838705619,0.7299883874800085,11.631789168742989,False
NPA2016,0.4027777681748072,0.03333333333333333,6.281369919433775,0.7321606268774966,11.656066053557568,False
NPA2016,0.4305555452903112,0.03333333333333333,6.286177152698928,0.7291398358175198,11.59909779991594,False
NPA2016,0.45833332240581515,0.03333333333333333,6.289547916305184,0.7287718616811405,11.587030918261291,False
NPA2016,0.4861110995213191,0.03333333333333333,6.293729785133044,0.7217063893319059,11.467069829351589,False
NPA2016,0.513888876636823,0.03333333333333333,6.29557913121486,0.7140746265667243,11.342477184127285,False
NPA2016,0.5416666537523269,0.03333333333333333,6.300466118843825,0.7052003332030157,11.192827957503951,False
NPA2016,-0.5416666537523269,0.062393162647883096,6.928215236619458,0.7776216708580372,11.22398257415381,False
NPA2016,-0.513888876636823,0.062393162647883096,6.911522946237464,0.7943266146535966,11.492787057677596,False
NPA2016,-0.4861110995213191,0.062393162647883096,6.895721891378161,0.7995658120236002,11.595099463383391,False
NPA2016,-0.45833332240581515,0.062393162647883096,6.887837417855878,0.8018572084126622,11.641639599882907,False
NPA2016,-0.4305555452903112,0.062393162647883096,6.895077493383793,0.7994292561999959,11.594202631762911,False
NPA2016,-0.4027777681748072,0.062393162647883096,6.896738898752783,0.7884028465308608,11.431531019297203,False
NPA2016,-0.37499999105930326,0.062393162647883096,6.884162548966842,0.798395502350384,11.597569009613308,False
NPA2016,-0.3472222139437993,0.062393162647883096,6.891787403098773,0.7836045015442457,11.370120053208714,False
NPA2016,-0.3194444368282954,0.062393162647883096,6.897633462015132,0.764432246327251,11.08252925495295,False
NPA2016,-0.29166665971279143,0.062393162647883096,6.897552148208463,0.7585371249629147,10.997193042751165,False
NPA2016,-0.2638888825972875,0.062393162647883096,6.888882857215657,0.7617461085454961,11.05761448313229,False
NPA2016,-0.23611110548178355,0.062393162647883096,6.877763277693049,0.7778277220177428,11.309312208236442,False
NPA2016,-0.2083333283662796,0.062393162647883096,6.868778700769057,0.783754126581489,11.410385466250887,False
NPA2016,-0.18055555125077566,0.062393162647883096,6.856440082478816,0.7896752374698452,11.517277595523787,False
NPA2016,-0.15277777413527172,0.062393162647883096,6.854886362209284,0.7858086216477269,11.46348137847855,False
NPA2016,-0.12499999701976776,0.062393162647883096,6.844960564049289,0.7851349342733774,11.470262347412463,False
NPA2016,-0.09722221990426382,0.062393162647883096,6.8418569524993185,0.7817670973199514,11.426241483087034,False
NPA2016,-0.06944444278875987,0.062393162647883096,6.827733496152398,0.7899710478726208,11.570033427897995,False
NPA2016,-0.04166666567325592,0.062393162647883096,6.815336927851334,0.796407790957298,11.685523392141096,False
NPA2016,-0.013888888557751973,0.062393162647883096,6.803908369786887,0.7935799438460339,11.663589524073654,False
NPA2016,0.013888888557751973,0.062393162647883096,6.804272569314577,0.7947908491247921,11.680761477855594,False
NPA2016,0.04166666567325592,0.062393162647883096,6.7939522599561775,0.7918265973991034,11.654874322066709,False
NPA2016,0.06944444278875987,0.062393162647883096,6.806974568631588,0.7837949379684049,11.514585959823439,False
NPA2016,0.09722221990426382,0.062393162647883096,6.796822094311855,0.7806057312102289,11.484863372597388,False
NPA2016,0.12499999701976776,0.062393162647883096,6.786145271251402,0.785879725179865,11.580649894265298,False
NPA2016,0.15277777413527172,0.062393162647883096,6.775398161873103,0.7825564138941147,11.549969392171807,False
NPA2016,0.18055555125077566,0.062393162647883096,6.77249944997714,0.7782545338292391,11.491393090210824,False
NPA2016,0.2083333283662796,0.062393162647883096,6.770345775834891,0.786941402422184,11.623356154584906,False
NPA2016,0.23611110548178355,0.062393162647883096,6.766326075141683,0.7837143701012731,11.582568758849868,False
NPA2016,0.2638888825972875,0.062393162647883096,6.7584821192867865,0.786610003006212,11.638856020073659,False
NPA2016,0.29166665971279143,0.062393162647883096,6.743981082835424,0.7906592114312537,11.723923921489277,False
NPA2016,0.3194444368282954,0.062393162647883096,6.750791726783562,0.7838138492727031,11.61069517465552,False
NPA2016,0.3472222139437993,0.062393162647883096,6.751509390745565,0.778487555076129,11.530570573496027,False
NPA2016,0.37499999105930326,0.062393162647883096,6.752792853996609,0.7785472939252229,11.529263680351802,False
NPA2016,0.4027777681748072,0.062393162647883096,6.748721134744879,0.7818566195446166,11.58525599049179,False
NPA2016,0.4305555452903112,0.062393162647883096,6.745373860246838,0.781260654262056,11.582169801830181,False
NPA2016,0.45833332240581515,0.062393162647883096,6.743712802967725,0.7767733911492354,11.518482679265322,False
NPA2016,0.4861110995213191,0.062393162647883096,6.7485687131281145,0.7717326017260305,11.43550039321323,False
NPA2016,0.513888876636823,0.062393162647883096,6.745347502877663,0.770680308181413,11.425361078174692,False
NPA2016,0.5416666537523269,0.062393162647883096,6.745871197209334,0.7667878708604323,11.366773074138163,False
NPA2016,-0.5416666537523269,0.09145299196243287,7.2210181927296135,0.8100516774068491,11.217970316463665,False
NPA2016,-0.513888876636823,0.09145299196243287,7.2071560126810486,0.8219377761892113,11.404467653301873,False
NPA2016,-0.4861110995213191,0.09145299196243287,7.20213126498298,0.8199316476159897,11.384569614865626,False
NPA2016,-0.45833332240581515,0.09145299196243287,7.189370037675596,0.830631579477635,11.55360727191318,False
NPA2016,-0.4305555452903112,0.09145299196243287,7.1839898344688375,0.8334096988553673,11.60093093195457,False
NPA2016,-0.4027777681748072,0.09145299196243287,7.18188959909201,0.8306975094914468,11.56655916287644,False
NPA2016,-0.37499999105930326,0.09145299196243287,7.179772070607736,0.822309737891042,11.45314544534611,False
NPA2016,-0.3472222139437993,0.09145299196243287,7.174990484608388,0.8107252908381313,11.29932217439562,False
NPA2016,-0.3194444368282954,0.09145299196243287,7.18089587197167,0.8110304379782864,11.294279327233868,False
NPA2016,-0.29166665971279143,0.09145299196243287,7.185833040244392,0.7928367182834827,11.03333063603323,False
NPA2016,-0.2638888825972875,0.09145299196243287,7.1742566692737855,0.8095309134736198,11.283829820874873,False
NPA2016,-0.23611110548178355,0.09145299196243287,7.160854608412818,0.8230459493755656,11.49368328758725,False
NPA2016,-0.2083333283662796,0.09145299196243287,7.151239960875832,0.8226376343625255,11.503426522716975,False
NPA2016,-0.18055555125077566,0.09145299196243287,7.147318351923637,0.8226613978626017,11.510070733608636,False
NPA2016,-0.15277777413527172,0.09145299196243287,7.139848161107564,0.8250661917621858,11.555794649198784,False
NPA2016,-0.12499999701976776,0.09145299196243287,7.138263725382957,0.815118886402739,11.419007727386944,False
NPA2016,-0.09722221990426382,0.09145299196243287,7.1208594100958145,0.8226252119050936,11.552330477677902,False
NPA2016,-0.06944444278875987,0.09145299196243287,7.113077316782543,0.8275226602961331,11.633820686071864,False
NPA2016,-0.04166666567325592,0.09145299196243287,7.103316123386683,0.8321204060495536,11.714534332914068,False
NPA2016,-0.013888888557751973,0.09145299196243287,7.101096284311425,0.8279010656760267,11.658778201685886,False
NPA2016,0.013888888557751973,0.09145299196243287,7.08683970445317,0.8287099271114559,11.69364571052338,False
NPA2016,0.04166666567325592,0.09145299196243287,7.081965331603123,0.8285238736821705,11.699067065252352,False
NPA2016,0.06944444278875987,0.09145299196243287,7.097056018465294,0.8117726483135572,11.43816036116197,False
NPA2016,0.09722221990426382,0.09145299196243287,7.083381431039534,0.8176353169465899,11.543008447401885,False
NPA2016,0.12499999701976776,0.09145299196243287,7.074438416052708,0.8224078285624953,11.62506166844789,False
NPA2016,0.15277777413527172,0.09145299196243287,7.062964856922686,0.8203586862527776,11.614933712273993,False
NPA2016,0.18055555125077566,0.09145299196243287,7.0633177504895555,0.8239374382013606,11.665020140772427,False
NPA2016,0.2083333283662796,0.09145299196243287,7.059299664933559,0.8142221466941113,11.534035744915139,False
NPA2016,0.23611110548178355,0.09145299196243287,7.066219093945347,0.8025356133750251,11.357355365087301,False
NPA2016,0.2638888825972875,0.09145299196243287,7.049786088787373,0.8142518840118768,11.550022564612814,False
NPA2016,0.29166665971279143,0.09145299196243287,7.031445885001907,0.8194909998431267,11.654658419417025,False
NPA2016,0.3194444368282954,0.09145299196243287,7.029024362623545,0.8177111886201172,11.633352602506998,False
NPA2016,0.3472222139437993,0.09145299196243287,7.046151124927329,0.8053461696747874,11.42958979159127,False
NPA2016,0.37499999105930326,0.09145299196243287,7.042060441736403,0.8115490056856165,11.524311845944736,False
NPA2016,0.4027777681748072,0.09145299196243287,7.031005746176029,0.813428383510968,11.56916112539617,False
NPA2016,0.4305555452903112,0.09145299196243287,7.044619571024366,0.8024111873317468,11.390411919930933,False
NPA2016,0.45833332240581515,0.09145299196243287,7.032960312880679,0.8045822710767685,11.44016509809102,False
NPA2016,0.4861110995213191,0.09145299196243287,7.024213745924287,0.8131427303050139,11.57628112864347,False
NPA2016,0.513888876636823,0.09145299196243287,7.016542540137858,0.8115094671861665,11.565660188674952,False
NPA2016,0.5416666537523269,0.09145299196243287,7.013404579073987,0.8121242096506759,11.579600185533636,False
NPA2016,-0.5416666537523269,0.12051282127698262,7.433119576639983,0.8395153290520241,11.294252976776582,False
NPA2016,-0.513888876636823,0.12051282127698262,7.435484123659259,0.8338635721235125,11.214650697325938,False
NPA2016,-0.4861110995213191,0.12051282127698262,7.4151670614903376,0.8527370139161643,11.499902926594036,False
NPA2016,-0.45833332240581515,0.12051282127698262,7.400638122150551,0.8609126808697932,11.632952005760561,False
NPA2016,-0.4305555452903112,0.12051282127698262,7.394547453481545,0.8594424638103371,11.622651274023392,False
NPA2016,-0.4027777681748072,0.12051282127698262,7.403119850162481,0.84825842449268,11.45812092281692,False
NPA2016,-0.37499999105930326,0.12051282127698262,7.391803126429467,0.8518866039676355,11.524746931120315,False
NPA2016,-0.3472222139437993,0.12051282127698262,7.391490959383991,0.8323455952461437,11.260861980618747,False
NPA2016,-0.3194444368282954,0.12051282127698262,7.390923628499207,0.8378662450461399,11.336421361673251,False
NPA2016,-0.29166665971279143,0.12051282127698262,7.387785026949942,0.830244628421633,11.238072377484984,False
NPA2016,-0.2638888825972875,0.12051282127698262,7.393491487882379,0.8272294600748354,11.188617197039175,False
NPA2016,-0.23611110548178355,0.12051282127698262,7.383440488737848,0.8385522813426448,11.357202412909134,False
NPA2016,-0.2083333283662796,0.12051282127698262,7.376023360750057,0.8352239354502049,11.323499053631958,False
NPA2016,-0.18055555125077566,0.12051282127698262,7.370574611675096,0.8362268844034533,11.345477502918943,False
NPA2016,-0.15277777413527172,0.12051282127698262,7.351205426221598,0.8512917650917542,11.580301674813958,False
NPA2016,-0.12499999701976776,0.12051282127698262,7.333993061643149,0.8539547533260211,11.643790035638462,False
NPA2016,-0.09722221990426382,0.12051282127698262,7.334675401439429,0.8479219513477739,11.56045639294916,False
NPA2016,-0.06944444278875987,0.12051282127698262,7.333416485489934,0.849862902587494,11.588908174914819,False
NPA2016,-0.04166666567325592,0.12051282127698262,7.321322128862491,0.8537500937138122,11.661146425289974,False
NPA2016,-0.013888888557751973,0.12051282127698262,7.331082528613336,0.845180776143987,11.528730891314245,False
NPA2016,0.013888888557751973,0.12051282127698262,7.312863891753606,0.8481967858521081,11.598695099584475,False
NPA2016,0.04166666567325592,0.12051282127698262,7.2958419184410985,0.850080509831004,11.65157523057518,False
NPA2016,0.06944444278875987,0.12051282127698262,7.295933201543217,0.8463846154694619,11.600772541207434,False
NPA2016,0.09722221990426382,0.12051282127698262,7.291329614808303,0.8400416948338948,11.521104369329494,False
NPA2016,0.12499999701976776,0.12051282127698262,7.291085436687122,0.8449373903685536,11.588636530262235,False
NPA2016,0.15277777413527172,0.12051282127698262,7.301051529736874,0.8393832515547504,11.49674465569758,False
NPA2016,0.18055555125077566,0.12051282127698262,7.287541421762937,0.84443457851723,11.587372608208819,False
NPA2016,0.2083333283662796,0.12051282127698262,7.289359244821086,0.8367199186253824,11.478648404108382,False
NPA2016,0.23611110548178355,0.12051282127698262,7.283790864200379,0.83711337038233,11.492825452975564,False
NPA2016,0.2638888825972875,0.12051282127698262,7.262949119124405,0.8417924557874236,11.590229285385757,False
NPA2016,0.29166665971279143,0.12051282127698262,7.2663824971465365,0.8434778875286743,11.607947804287798,False
NPA2016,0.3194444368282954,0.12051282127698262,7.265908899916985,0.8402247564139073,11.5639318905238,False
NPA2016,0.3472222139437993,0.12051282127698262,7.267923087464105,0.8269172957616822,11.377628599124415,False
NPA2016,0.37499999105930326,0.12051282127698262,7.267531931852603,0.8262507653889175,11.369069625515822,False
NPA2016,0.4027777681748072,0.12051282127698262,7.255225811237881,0.8305571897600856,11.447709711165787,False
NPA2016,0.4305555452903112,0.12051282127698262,7.240372006532006,0.8423304903148874,11.633801268152615,False
NPA2016,0.45833332240581515,0.12051282127698262,7.251703837367871,0.8329380831011038,11.486101773889223,False
NPA2016,0.4861110995213191,0.12051282127698262,7.2495511100302545,0.8299743942235059,11.448631530787873,False
NPA2016,0.513888876636823,0.12051282127698262,7.222232956952959,0.8361612342530541,11.57759988132297,False
NPA2016,0.5416666537523269,0.12051282127698262,7.229897256635341,0.8315504852068341,11.501553282014717,False
NPA2016,-0.5416666537523269,0.14957265059153238,7.610750060745744,0.8566204465948688,11.255401107087891,False
NPA2016,-0.513888876636823,0.14957265059153238,7.601138796642838,0.8631028996866057,11.354915661687544,False
NPA2016,-0.4861110995213191,0.14957265059153238,7.604832838325032,0.8529009235836543,11.21524879922944,False
NPA2016,-0.45833332240581515,0.14957265059153238,7.590982006007987,0.8660463184496073,11.408883827733526,False
NPA2016,-0.4305555452903112,0.14957265059153238,7.587558680822926,0.8640032639919903,11.387104869128773,False
NPA2016,-0.4027777681748072,0.14957265059153238,7.591147404417164,0.8526552146207862,11.232231034331386,False
NPA2016,-0.37499999105930326,0.14957265059153238,7.58129858982515,0.8594749572281684,11.336777559212196,False
NPA2016,-0.3472222139437993,0.14957265059153238,7.568245412535118,0.8595877140944046,11.357820303642486,False
NPA2016,-0.3194444368282954,0.14957265059153238,7.552642392996421,0.8614833451089493,11.406383359389615,False
NPA2016,-0.29166665971279143,0.14957265059153238,7.5584020559931195,0.8586754402146852,11.360542001517826,False
NPA2016,-0.2638888825972875,0.14957265059153238,7.560238634136495,0.852599189562842,11.277411082146655,False
NPA2016,-0.23611110548178355,0.14957265059153238,7.549903691077586,0.8558227652068864,11.335545461570467,False
NPA2016,-0.2083333283662796,0.14957265059153238,7.547081419729378,0.860828758356091,11.40611463533089,False
NPA2016,-0.18055555125077566,0.14957265059153238,7.522570653675119,0.8679485592272562,11.537924988490786,False
NPA2016,-0.15277777413527172,0.14957265059153238,7.514669513607165,0.8727325416370743,11.613718208855046,True
NPA2016,-0.12499999701976776,0.14957265059153238,7.516069308511454,0.8691487409847056,11.563873419853273,True
NPA2016,-0.09722221990426382,0.14957265059153238,7.515873278188781,0.8678894674261662,11.547420177303938,True
NPA2016,-0.06944444278875987,0.14957265059153238,7.51392900102243,0.8637278261386796,11.495022457906522,True
NPA2016,-0.04166666567325592,0.14957265059153238,7.497639965857832,0.8742770282216529,11.660696328482928,True
NPA2016,-0.013888888557751973,0.14957265059153238,7.4931952752122974,0.8686915214468801,11.593071974522488,True
NPA2016,0.013888888557751973,0.14957265059153238,7.4795679305512675,0.8685653963991197,11.612507626962667,True
NPA2016,0.04166666567325592,0.14957265059153238,7.459118900529698,0.875282614650793,11.73439686808902,True
NPA2016,0.06944444278875987,0.14957265059153238,7.468879871147985,0.8503284180906983,11.384952399294658,True
NPA2016,0.09722221990426382,0.14957265059153238,7.4674076735390775,0.866461318380395,11.603241128118928,True
NPA2016,0.12499999701976776,0.14957265059153238,7.462618025777002,0.8638213402210155,11.575312272948276,True
NPA2016,0.15277777413527172,0.14957265059153238,7.472050817213161,0.8524633979438001,11.408693795015463,True
NPA2016,0.18055555125077566,0.14957265059153238,7.462509616650487,0.8589734748763665,11.510517493469079,False
NPA2016,0.2083333283662796,0.14957265059153238,7.460645428014231,0.8570852467004627,11.488084442160517,False
NPA2016,0.23611110548178355,0.14957265059153238,7.445357012150563,0.864145198764054,11.606497812714679,False
NPA2016,0.2638888825972875,0.14957265059153238,7.434367938502964,0.8660448862841328,11.649206676990561,False
NPA2016,0.29166665971279143,0.14957265059153238,7.432326613865192,0.862399590983282,11.603359698623226,False
NPA2016,0.3194444368282954,0.14957265059153238,7.432604292160887,0.8597135967226093,11.5667882067843,False
NPA2016,0.3472222139437993,0.14957265059153238,7.440868016619195,0.8483556752827326,11.4012998670038,False
NPA2016,0.37499999105930326,0.14957265059153238,7.441771477060023,0.8401660971999355,11.289866932756917,False
NPA2016,0.4027777681748072,0.14957265059153238,7.422914025568272,0.8530668471258958,11.49234443760903,False
NPA2016,0.4305555452903112,0.14957265059153238,7.411404794182708,0.8543438423432843,11.527421130928756,False
NPA2016,0.45833332240581515,0.14957265059153238,7.407290190252082,0.8561678292713605,11.558448599706118,False
NPA2016,0.4861110995213191,0.14957265059153238,7.401394953191014,0.8592235751729681,11.608941025401235,False
NPA2016,0.513888876636823,0.14957265059153238,7.404478821080372,0.852256322571556,11.51001094290665,False
NPA2016,0.5416666537523269,0.14957265059153238,7.3989618742271475,0.855397392789399,11.561046094439414,False
NPA2016,-0.5416666537523269,0.17863247990608216,7.745162493299627,0.8814295919002881,11.380388631779084,False
NPA2016,-0.513888876636823,0.17863247990608216,7.736655314747147,0.888664776094704,11.486420681050436,False
NPA2016,-0.4861110995213191,0.17863247990608216,7.741551436255763,0.8803127028489514,11.371269830052547,False
NPA2016,-0.45833332240581515,0.17863247990608216,7.741311268130493,0.8725316595436479,11.271109367939962,False
NPA2016,-0.4305555452903112,0.17863247990608216,7.7367851105187135,0.874769827520853,11.306632083286646,False
NPA2016,-0.4027777681748072,0.17863247990608216,7.737920078607346,0.8712284101771779,11.2592066256386,False
NPA2016,-0.37499999105930326,0.17863247990608216,7.710764455678372,0.8877381970251778,11.512972573963513,False
NPA2016,-0.3472222139437993,0.17863247990608216,7.696808012877819,0.8914789220765567,11.58244977119073,False
NPA2016,-0.3194444368282954,0.17863247990608216,7.6993178804793425,0.8810469522282022,11.443181927349519,False
NPA2016,-0.29166665971279143,0.17863247990608216,7.702530346710864,0.8678587724122416,11.267190563979211,False
NPA2016,-0.2638888825972875,0.17863247990608216,7.695930881958985,0.8713504750634514,11.32222324275411,False
NPA2016,-0.23611110548178355,0.17863247990608216,7.688616189874561,0.8777610448383942,11.416372246469424,False
NPA2016,-0.2083333283662796,0.17863247990608216,7.701905093662425,0.8650549816090946,11.231701391918111,True
NPA2016,-0.18055555125077566,0.17863247990608216,7.672765901176152,0.8888788270771472,11.584855298933226,True
NPA2016,-0.15277777413527172,0.17863247990608216,7.673696846797482,0.8834941487267167,11.513279275495899,True
NPA2016,-0.12499999701976776,0.17863247990608216,7.6536286828491935,0.8875295884655399,11.596193455979654,True
NPA2016,-0.09722221990426382,0.17863247990608216,7.645135873448871,0.890742614342541,11.651102466812135,True
NPA2016,-0.06944444278875987,0.17863247990608216,7.637325807629137,0.8912133966671614,11.669181322301368,True
NPA2016,-0.04166666567325592,0.17863247990608216,7.644970294032868,0.8852511733155382,11.57952404349437,True
NPA2016,-0.013888888557751973,0.17863247990608216,7.635264795025234,0.8839668038507154,11.577421708107163,True
NPA2016,0.013888888557751973,0.17863247990608216,7.617612765023249,0.8882569216138221,11.660568067890113,True
NPA2016,0.04166666567325592,0.17863247990608216,7.6092410630698915,0.8916553717242698,11.718059190577648,True
NPA2016,0.06944444278875987,0.17863247990608216,7.605189198867492,0.8885579983937949,11.683575190030938,True
NPA2016,0.09722221990426382,0.17863247990608216,7.621249399714842,0.8770560989127224,11.50803566335906,True
NPA2016,0.12499999701976776,0.17863247990608216,7.6131232960896345,0.8774981260134748,11.526125243028552,True
NPA2016,0.15277777413527172,0.17863247990608216,7.60072445824226,0.8794390090417871,11.570462971962094,True
NPA2016,0.18055555125077566,0.17863247990608216,7.585325753566435,0.8855426054394343,11.674417608539406,True
NPA2016,0.2083333283662796,0.17863247990608216,7.590612125652739,0.8764509281024407,11.54651184376085,True
NPA2016,0.23611110548178355,0.17863247990608216,7.576715275847558,0.8781000252072203,11.589455235388833,False
NPA2016,0.2638888825972875,0.17863247990608216,7.57792616931088,0.8784586959892551,11.592336430339492,False
NPA2016,0.29166665971279143,0.17863247990608216,7.578742468034281,0.8786139846934632,11.593136835026296,False
NPA2016,0.3194444368282954,0.17863247990608216,7.583250580664282,0.8715783357746608,11.493466113291904,False
NPA2016,0.3472222139437993,0.17863247990608216,7.590992448705776,0.8622949781136706,11.359449820829257,False
NPA2016,0.37499999105930326,0.17863247990608216,7.581893698286023,0.8649086432291401,11.407554334673183,False
NPA2016,0.4027777681748072,0.17863247990608216,7.56205141685241,0.8744299764051934,11.563396335238906,False
NPA2016,0.4305555452903112,0.17863247990608216,7.538542787771143,0.880416736273752,11.67887164747469,False
NPA2016,0.45833332240581515,0.17863247990608216,7.539655742653016,0.8776058749814594,11.639866658854265,False
NPA2016,0.4861110995213191,0.17863247990608216,7.545516212492282,0.8717296484936295,11.552949115004253,False
NPA2016,0.513888876636823,0.17863247990608216,7.535433690324039,0.8757627304493775,11.621928696339147,False
NPA2016,0.5416666537523269,0.17863247990608216,7.540376219181564,0.8661575913968149,11.486928055306345,False
NPA2016,-0.5416666537523269,0.20769230922063192,7.857786069859953,0.8993073485491501,11.444792980539594,False
NPA2016,-0.513888876636823,0.20769230922063192,7.850851826140921,0.9055498733714032,11.534415544007604,False
NPA2016,-0.4861110995213191,0.20769230922063192,7.842179193484849,0.9128602974132725,11.640390698693311,False
NPA2016,-0.45833332240581515,0.20769230922063192,7.8589144242400435,0.8971108579346067,11.415200745379757,False
NPA2016,-0.4305555452903112,0.20769230922063192,7.853800802222199,0.8936684883555852,11.378802580563613,False
NPA2016,-0.4027777681748072,0.20769230922063192,7.8495093129147895,0.8925868925414444,11.371244455661351,False
NPA2016,-0.37499999105930326,0.20769230922063192,7.837112828155336,0.8920691269145224,11.382624526084482,False
NPA2016,-0.3472222139437993,0.20769230922063192,7.832256500287026,0.8912999278822961,11.37986131901621,False
NPA2016,-0.3194444368282954,0.20769230922063192,7.836599813222579,0.8867767717627595,11.315835858640048,False
NPA2016,-0.29166665971279143,0.20769230922063192,7.821189287412888,0.8912535841047393,11.39537161616952,False
NPA2016,-0.2638888825972875,0.20769230922063192,7.815091545556495,0.8954834291090638,11.458386941330428,True
NPA2016,-0.23611110548178355,0.20769230922063192,7.827136027859364,0.8864760562009887,11.325675867210272,True
NPA2016,-0.2083333283662796,0.20769230922063192,7.81737970772248,0.8921715089339299,11.412666933046491,True
NPA2016,-0.18055555125077566,0.20769230922063192,7.784439484634373,0.9020442292118226,11.58778651940655,True
NPA2016,-0.15277777413527172,0.20769230922063192,7.779591302070359,0.9030254340650891,11.6076204906133,True
NPA2016,-0.12499999701976776,0.20769230922063192,7.7761554734951845,0.9041908715484205,11.627736541923971,True
NPA2016,-0.09722221990426382,0.20769230922063192,7.761646027191176,0.9016786546771575,11.617106107626265,True
NPA2016,-0.06944444278875987,0.20769230922063192,7.745711918438639,0.897106238709051,11.581972685731998,True
NPA2016,-0.04166666567325592,0.20769230922063192,7.746524931193071,0.8947230699687284,11.549992776321302,True
NPA2016,-0.013888888557751973,0.20769230922063192,7.750482003546877,0.8934458929035195,11.527617153289938,True
NPA2016,0.013888888557751973,0.20769230922063192,7.736803141576812,0.8958366467265438,11.578899324869813,True
NPA2016,0.04166666567325592,0.20769230922063192,7.741864355175514,0.892325964944136,11.52598294166194,True
NPA2016,0.06944444278875987,0.20769230922063192,7.729768077091709,0.8992314189445901,11.633355748532653,True
NPA2016,0.09722221990426382,0.20769230922063192,7.739369636447554,0.8958895033599782,11.575742540334334,True
NPA2016,0.12499999701976776,0.20769230922063192,7.7321006973030295,0.8939763680528126,11.561882120400128,True
NPA2016,0.15277777413527172,0.20769230922063192,7.699642439526231,0.8995859470992744,11.683476916814167,True
NPA2016,0.18055555125077566,0.20769230922063192,7.707909853737772,0.9000067149319608,11.676404265360258,True
NPA2016,0.2083333283662796,0.20769230922063192,7.707219020547275,0.8937495478597026,11.596265079232678,True
NPA2016,0.23611110548178355,0.20769230922063192,7.7162309712631,0.8874259970272322,11.500770263775115,True
NPA2016,0.2638888825972875,0.20769230922063192,7.7240117418346514,0.8784411617323248,11.372861552948292,True
NPA2016,0.29166665971279143,0.20769230922063192,7.722206672791377,0.8728311250552756,11.302871860845572,False
NPA2016,0.3194444368282954,0.20769230922063192,7.709134044236259,0.8750945718622181,11.351399091529396,False
NPA2016,0.3472222139437993,0.20769230922063192,7.697150268816545,0.8881219025703911,11.538320957152653,False
NPA2016,0.37499999105930326,0.20769230922063192,7.7110073667522,0.8714073126316835,11.300823241188416,False
NPA2016,0.4027777681748072,0.20769230922063192,7.6888899417158765,0.8820749187807781,11.472071072250666,False
NPA2016,0.4305555452903112,0.20769230922063192,7.688293649749265,0.8781975778578308,11.422529079472286,False
NPA2016,0.45833332240581515,0.20769230922063192,7.681502638072897,0.8824261010464487,11.487675558070602,False
NPA2016,0.4861110995213191,0.20769230922063192,7.677856075856637,0.8759827466839574,11.409210305967111,False
NPA2016,0.513888876636823,0.20769230922063192,7.6744219041895105,0.8765551909747278,11.421774850509735,False
NPA2016,0.5416666537523269,0.20769230922063192,7.6662247484485855,0.878409947873565,11.458181526067689,False
NPA2016,-0.5416666537523269,0.23675213853518168,7.961275557911333,0.9179801613585905,11.530566360642663,False
NPA2016,-0.513888876636823,0.23675213853518168,7.956866107889819,0.9241088886902409,11.613980632072202,False
NPA2016,-0.4861110995213191,0.23675213853518168,7.955442364398616,0.9216863923030485,11.585608317994803,False
NPA2016,-0.45833332240581515,0.23675213853518168,7.949900160140387,0.9213061835436248,11.588902564624856,False
NPA2016,-0.4305555452903112,0.23675213853518168,7.956724825150716,0.9125001128141548,11.468287930855649,False
NPA2016,-0.4027777681748072,0.23675213853518168,7.948374816161633,0.9164682981923191,11.530260202737807,False
NPA2016,-0.37499999105930326,0.23675213853518168,7.93485530975965,0.9138591920920797,11.517024021446975,False
NPA2016,-0.3472222139437993,0.23675213853518168,7.953250497829795,0.8987333564293929,11.300201806476867,False
NPA2016,-0.3194444368282954,0.23675213853518168,7.95498916523873,0.8887791552124981,11.172600449240534,False
NPA2016,-0.29166665971279143,0.23675213853518168,7.941393580302608,0.9017436673301618,11.354980183412602,True
NPA2016,-0.2638888825972875,0.23675213853518168,7.9332601389417,0.9001489378258615,11.346519867756937,True
NPA2016,-0.23611110548178355,0.23675213853518168,7.926999922631541,0.9081264328771593,11.456117594809902,True
NPA2016,-0.2083333283662796,0.23675213853518168,7.905850688838702,0.9165209838362349,11.592945780397272,True
NPA2016,-0.18055555125077566,0.23675213853518168,7.8931615857639,0.914255546386764,11.58288141516974,True
NPA2016,-0.15277777413527172,0.23675213853518168,7.86243712213714,0.9117186972612252,11.59587902705421,True
NPA2016,-0.12499999701976776,0.23675213853518168,7.877539490897274,0.9138733455628429,11.600999863204116,True
NPA2016,-0.09722221990426382,0.23675213853518168,7.877996226650784,0.9085729229236451,11.533045926704027,True
NPA2016,-0.06944444278875987,0.23675213853518168,7.869494715002321,0.9049777200947289,11.499819910539987,True
NPA2016,-0.04166666567325592,0.23675213853518168,7.860503023120188,0.9014196098405995,11.467708964543919,True
NPA2016,-0.013888888557751973,0.23675213853518168,7.845810578980448,0.8959931217237063,11.420019801703386,True
NPA2016,0.013888888557751973,0.23675213853518168,7.847937255268009,0.9062527887618598,11.547655890769619,True
NPA2016,0.04166666567325592,0.23675213853518168,7.846616936255496,0.9096453692200678,11.592835187570172,True
NPA2016,0.06944444278875987,0.23675213853518168,7.841105489223116,0.9047765643855058,11.538890346890991,True
NPA2016,0.09722221990426382,0.23675213853518168,7.8272667843591615,0.9150226725565839,11.690194007249481,True
NPA2016,0.12499999701976776,0.23675213853518168,7.823096402498781,0.9142813957703483,11.686950393175739,True
NPA2016,0.15277777413527172,0.23675213853518168,7.8378697845081176,0.9044525587821255,11.539520094730515,True
NPA2016,0.18055555125077566,0.23675213853518168,7.824836114177544,0.9063730644195492,11.583284955672411,True
NPA2016,0.2083333283662796,0.23675213853518168,7.836268654390708,0.8969805191127019,11.446525874404758,True
NPA2016,0.23611110548178355,0.23675213853518168,7.837712921263956,0.8923475405574267,11.385305248122325,True
NPA2016,0.2638888825972875,0.23675213853518168,7.833334632252703,0.8809149883038854,11.245721390183386,True
NPA2016,0.29166665971279143,0.23675213853518168,7.8371388374345985,0.8650392915242573,11.03769257464652,True
NPA2016,0.3194444368282954,0.23675213853518168,7.824327652260992,0.8799434408027372,11.246249900443015,False
NPA2016,0.3472222139437993,0.23675213853518168,7.813876642097196,0.8930379039354245,11.428871286810315,False
NPA2016,0.37499999105930326,0.23675213853518168,7.806227310281717,0.8914725136387662,11.420017355433558,False
NPA2016,0.4027777681748072,0.23675213853518168,7.794191836546122,0.8947003326139358,11.47906481360624,False
NPA2016,0.4305555452903112,0.23675213853518168,7.79747573083039,0.8887916063799941,11.398453000190901,False
NPA2016,0.45833332240581515,0.23675213853518168,7.790883896209699,0.893793116356289,11.472294135856952,False
NPA2016,0.4861110995213191,0.23675213853518168,7.793392566381941,0.8798278623247221,11.289407723665837,False
NPA2016,0.513888876636823,0.23675213853518168,7.768047080685345,0.8920806930059852,11.48397639381043,False
NPA2016,0.5416666537523269,0.23675213853518168,7.770150574183795,0.8898975871500628,11.452771457309126,False
NPA2016,-0.5416666537523269,0.26581196784973143,8.076152780040585,0.9183881332777835,11.371604256267776,False
NPA2016,-0.513888876636823,0.26581196784973143,8.073788233021238,0.9200500124729809,11.395518261304398,False
NPA2016,-0.4861110995213191,0.26581196784973143,8.048914367403512,0.933188764582216,11.593970590138754,False
NPA2016,-0.45833332240581515,0.26581196784973143,8.046590881071923,0.9337342400872554,11.604097361078564,False
NPA2016,-0.4305555452903112,0.26581196784973143,8.039161834485038,0.927893622526487,11.542168718959802,False
NPA2016,-0.4027777681748072,0.26581196784973143,8.0409029524471,0.9266349079261047,11.524015566486852,False
NPA2016,-0.37499999105930326,0.26581196784973143,8.03481204707686,0.9267052918335009,11.533627499981721,False
NPA2016,-0.3472222139437993,0.26581196784973143,8.039571926188525,0.9191303175455472,11.432577828572235,True
NPA2016,-0.3194444368282954,0.26581196784973143,8.041300568607587,0.9153110887844874,11.382624999216768,True
NPA2016,-0.29166665971279143,0.26581196784973143,8.033545473148958,0.9103463686676436,11.331813228796097,True
NPA2016,-0.2638888825972875,0.26581196784973143,8.012177694577044,0.924937831220983,11.544150248277909,True
NPA2016,-0.23611110548178355,0.26581196784973143,8.010984303075166,0.921521778057598,11.503227858077999,True
NPA2016,-0.2083333283662796,0.26581196784973143,7.991428792046114,0.9262386309887584,11.59040085435843,True
NPA2016,-0.18055555125077566,0.26581196784973143,7.972699159175188,0.9293989747235841,11.657268839173591,True
NPA2016,-0.15277777413527172,0.26581196784973143,7.968556777668427,0.9285410472160396,11.65256235380339,True
NPA2016,-0.12499999701976776,0.26581196784973143,7.994110281904684,0.9147749096317213,11.443110957605732,True
NPA2016,-0.09722221990426382,0.26581196784973143,7.98978153305163,0.9096355637293062,11.384986685385359,True
NPA2016,-0.06944444278875987,0.26581196784973143,7.969520736138437,0.9241726939080145,11.59633966089427,True
NPA2016,-0.04166666567325592,0.26581196784973143,7.951816604036324,0.9180716971988505,11.54543348915818,True
NPA2016,-0.013888888557751973,0.26581196784973143,7.937445864606015,0.9129190377342515,11.501420649746573,True
NPA2016,0.013888888557751973,0.26581196784973143,7.922282552261712,0.9175256857775016,11.581582450824852,True
NPA2016,0.04166666567325592,0.26581196784973143,7.92802451836664,0.8973754311620175,11.319029464188613,True
NPA2016,0.06944444278875987,0.26581196784973143,7.924071664862673,0.9114152098635763,11.501854708167526,True
NPA2016,0.09722221990426382,0.26581196784973143,7.926113769221873,0.9207444988004223,11.616594533071082,True
NPA2016,0.12499999701976776,0.26581196784973143,7.942317800826609,0.9137900296897021,11.50533197745623,True
NPA2016,0.15277777413527172,0.26581196784973143,7.945838521572897,0.9093753465378985,11.44467439237471,True
NPA2016,0.18055555125077566,0.26581196784973143,7.941609507445429,0.9085661013100134,11.440578895980885,True
NPA2016,0.2083333283662796,0.26581196784973143,7.93779285456774,0.899129395023328,11.327196507854588,True
NPA2016,0.23611110548178355,0.26581196784973143,7.928190028164537,0.9042979565968167,11.406108498715835,True
NPA2016,0.2638888825972875,0.26581196784973143,7.931788818519442,0.8944000928843416,11.276146066774526,True
NPA2016,0.29166665971279143,0.26581196784973143,7.941429294329021,0.8639391677547311,10.878887612481428,True
NPA2016,0.3194444368282954,0.26581196784973143,7.928784301209621,0.881200701798692,11.113944689657599,True
NPA2016,0.3472222139437993,0.26581196784973143,7.915568008980318,0.8913540801027539,11.260772178212616,True
NPA2016,0.37499999105930326,0.26581196784973143,7.901763389081875,0.8972608455865068,11.355197585722212,False
NPA2016,0.4027777681748072,0.26581196784973143,7.8919523909793945,0.9009118328521817,11.41557612387444,False
NPA2016,0.4305555452903112,0.26581196784973143,7.888609906198748,0.8958892303283629,11.356743976202791,False
NPA2016,0.45833332240581515,0.26581196784973143,7.890050622554771,0.8999741296960027,11.406443035020656,False
NPA2016,0.4861110995213191,0.26581196784973143,7.892875149525707,0.8870321708930724,11.238391005670161,False
NPA2016,0.513888876636823,0.26581196784973143,7.863582282298928,0.9011346479198663,11.459594566058492,False
NPA2016,0.5416666537523269,0.26581196784973143,7.869157262704597,0.8904730931890291,11.315990562412233,False
NPA2016,-0.5416666537523269,0.2948717971642812,8.155518035014998,0.941336875425726,11.542330865852776,False
NPA2016,-0.513888876636823,0.2948717971642812,8.152046255712236,0.9390483592472241,11.519173588952857,False
NPA2016,-0.4861110995213191,0.2948717971642812,8.13878603453425,0.9477337037573919,11.644656828868543,False
NPA2016,-0.45833332240581515,0.2948717971642812,8.136522670294601,0.940223797395566,11.555597341702278,False
NPA2016,-0.4305555452903112,0.2948717971642812,8.124906422142223,0.9485152478212602,11.6741682739427,False
NPA2016,-0.4027777681748072,0.2948717971642812,8.135428289491276,0.937852712180997,11.528006624954747,False
NPA2016,-0.37499999105930326,0.2948717971642812,8.131059663456368,0.9349876555895199,11.498964394415394,True
NPA2016,-0.3472222139437993,0.2948717971642812,8.132505977098317,0.9324720285193325,11.465986390237356,True
NPA2016,-0.3194444368282954,0.2948717971642812,8.117812906396711,0.9348376666454188,11.515880908129592,True
NPA2016,-0.29166665971279143,0.2948717971642812,8.116205287883012,0.9274920149253222,11.427655930660228,True
NPA2016,-0.2638888825972875,0.2948717971642812,8.104102396090555,0.9287076894429778,11.45972303966679,True
NPA2016,-0.23611110548178355,0.2948717971642812,8.086966708761057,0.9351264044766391,11.563376456880489,True
NPA2016,-0.2083333283662796,0.2948717971642812,8.075582678359961,0.939779419476186,11.637295498125495,True
NPA2016,-0.18055555125077566,0.2948717971642812,8.073282026727496,0.9423296363527306,11.672200144043572,True
NPA2016,-0.15277777413527172,0.2948717971642812,8.082120169181518,0.9328244496811571,11.541828507303979,True
NPA2016,-0.12499999701976776,0.2948717971642812,8.090131166430039,0.9230803467461548,11.40995526223941,True
NPA2016,-0.09722221990426382,0.2948717971642812,8.078549713346536,0.925187618357122,11.45239741272649,True
NPA2016,-0.06944444278875987,0.2948717971642812,8.059103321547504,0.9319672219562551,11.564155275990425,True
NPA2016,-0.04166666567325592,0.2948717971642812,8.032804988411458,0.9278968652046814,11.551343105469554,True
NPA2016,-0.013888888557751973,0.2948717971642812,8.020386949923736,0.9291971643756063,11.585440580076273,True
NPA2016,0.013888888557751973,0.2948717971642812,8.011945156582938,0.9152262657149389,11.423271725255784,True
NPA2016,0.04166666567325592,0.2948717971642812,8.021621304648106,0.9112025844359786,11.359331858610489,True
NPA2016,0.06944444278875987,0.2948717971642812,8.041740387190742,0.9112422828059412,11.33140637389153,True
NPA2016,0.09722221990426382,0.2948717971642812,8.032244480089222,0.9205785668738103,11.46103768574017,True
NPA2016,0.12499999701976776,0.2948717971642812,8.036079915899263,0.9133526963405396,11.365649743396467,True
NPA2016,0.15277777413527172,0.2948717971642812,8.055468176680774,0.8887615711835136,11.03302193851785,True
NPA2016,0.18055555125077566,0.2948717971642812,8.032557635710138,0.9085193859747777,11.310462086643438,True
NPA2016,0.2083333283662796,0.2948717971642812,8.04205859707743,0.8830118123937108,10.979922637154207,True
NPA2016,0.23611110548178355,0.2948717971642812,8.038983403589043,0.8890683021531427,11.059461843847245,True
NPA2016,0.2638888825972875,0.2948717971642812,8.032422423659321,0.8816133594354448,10.975684705508918,True
NPA2016,0.29166665971279143,0.2948717971642812,8.000428768468453,0.9109659354520777,11.386463923563772,True
NPA2016,0.3194444368282954,0.2948717971642812,7.998486941855129,0.9093016594914789,11.368420878869124,True
NPA2016,0.3472222139437993,0.2948717971642812,7.997382730992249,0.9045900568006828,11.311076226164916,True
NPA2016,0.37499999105930326,0.2948717971642812,7.989613224610718,0.9107623144021998,11.399329214044343,True
NPA2016,0.4027777681748072,0.2948717971642812,7.9659191332169454,0.9181009161441461,11.525360737291109,False
NPA2016,0.4305555452903112,0.2948717971642812,7.980670432401399,0.8906580509152704,11.160190844358294,False
NPA2016,0.45833332240581515,0.2948717971642812,8.00103919288605,0.8713864527440587,10.890915939004934,False
NPA2016,0.4861110995213191,0.2948717971642812,7.972670225940533,0.905281424469629,11.3548083492044,False
NPA2016,0.513888876636823,0.2948717971642812,7.954560889317533,0.9161224091867196,11.516945082625659,False
NPA2016,0.5416666537523269,0.2948717971642812,7.960522082457812,0.9019401795229011,11.33016365233707,False
NPA2016,-0.5416666537523269,0.32393162647883095,8.230914814209614,0.9509546420548897,11.553450175589097,False
NPA2016,-0.513888876636823,0.32393162647883095,8.224890992729902,0.9566390430244306,11.631023971868046,False
NPA2016,-0.4861110995213191,0.32393162647883095,8.223320967928213,0.9540244543777682,11.601449804751152,False
NPA2016,-0.45833332240581515,0.32393162647883095,8.229702639775295,0.9449303914578219,11.481950597957722,False
NPA2016,-0.4305555452903112,0.32393162647883095,8.206173278458047,0.9566669696975483,11.657893846927243,False
NPA2016,-0.4027777681748072,0.32393162647883095,8.21569565431753,0.9488515626538924,11.549254044668144,False
NPA2016,-0.37499999105930326,0.32393162647883095,8.20537665377729,0.9497998010151484,11.575334577455559,True
NPA2016,-0.3472222139437993,0.32393162647883095,8.197535997814859,0.9528021346014319,11.623030808957857,True
NPA2016,-0.3194444368282954,0.32393162647883095,8.19682769051008,0.9452405221187227,11.53178470755314,True
NPA2016,-0.29166665971279143,0.32393162647883095,8.18902422447535,0.946873248663494,11.562711535685533,True
NPA2016,-0.2638888825972875,0.32393162647883095,8.194267795424427,0.9333635383952464,11.390444658355253,True
NPA2016,-0.23611110548178355,0.32393162647883095,8.171116988863336,0.9395715072293718,11.498691164377433,True
NPA2016,-0.2083333283662796,0.32393162647883095,8.164825778626172,0.9491241633376781,11.62454887674749,True
NPA2016,-0.18055555125077566,0.32393162647883095,8.171040144531297,0.9426982493258639,11.537065448843641,True
NPA2016,-0.15277777413527172,0.32393162647883095,8.170942345185695,0.9382432301168504,11.482680827746405,True
NPA2016,-0.12499999701976776,0.32393162647883095,8.183432869919605,0.9149653968477324,11.180703885418701,True
NPA2016,-0.09722221990426382,0.32393162647883095,8.170966683633317,0.924287427688326,11.311849178625346,True
NPA2016,-0.06944444278875987,0.32393162647883095,8.126633491194786,0.94473683405231,11.625193077501688,True
NPA2016,-0.04166666567325592,0.32393162647883095,8.113957740849616,0.9354594521405472,11.52901558053462,True
NPA2016,-0.013888888557751973,0.32393162647883095,8.098976618772507,0.9233055570871068,11.400274387099593,True
NPA2016,0.013888888557751973,0.32393162647883095,8.085968902026726,0.9246169289354749,11.434831621770423,True
NPA2016,0.04166666567325592,0.32393162647883095,8.093599423062727,0.9280934808834241,11.46700537512173,True
NPA2016,0.06944444278875987,0.32393162647883095,8.126275348431907,0.9297807908328661,11.44165993602816,True
NPA2016,0.09722221990426382,0.32393162647883095,8.14228557748947,0.8937968423492119,10.977222965751077,True
NPA2016,0.12499999701976776,0.32393162647883095,8.141682532578294,0.8939790708060159,10.98027425202137,True
NPA2016,0.15277777413527172,0.32393162647883095,8.140925785079409,0.8746170340160357,10.743459123764811,True
NPA2016,0.18055555125077566,0.32393162647883095,8.13829519989162,0.8793596077293078,10.805206571285574,True
NPA2016,0.2083333283662796,0.32393162647883095,8.125308326770647,0.893284514884194,10.993853758645297,True
NPA2016,0.23611110548178355,0.32393162647883095,8.109606018061449,0.906977305762507,11.18398728301371,True
NPA2016,0.2638888825972875,0.32393162647883095,8.099737780051598,0.9134774171498256,11.277864073570125,True
NPA2016,0.29166665971279143,0.32393162647883095,8.079385630418205,0.9254542705064603,11.454512915217254,True
NPA2016,0.3194444368282954,0.32393162647883095,8.072622911491084,0.9259526464707314,11.470282417783588,True
NPA2016,0.3472222139437993,0.32393162647883095,8.05910735939064,0.9321284903591243,11.566150552306373,True
NPA2016,0.37499999105930326,0.32393162647883095,8.04551389084124,0.9378251504309199,11.656497809276178,True
NPA2016,0.4027777681748072,0.32393162647883095,8.03699285830969,0.9361581205836342,11.648114376706358,False
NPA2016,0.4305555452903112,0.32393162647883095,8.054403369597512,0.9213743873100212,11.439387190215472,False
NPA2016,0.45833332240581515,0.32393162647883095,8.053417634621775,0.9148509655503726,11.359785460739218,False
NPA2016,0.4861110995213191,0.32393162647883095,8.053197794948211,0.9036503698133838,11.221012979219829,False
NPA2016,0.513888876636823,0.32393162647883095,8.033039002306854,0.8995593387901452,11.198244382130076,False
NPA2016,0.5416666537523269,0.32393162647883095,8.062498228670968,0.8703447307093303,10.79497577579994,False
NPA2016,-0.5416666537523269,0.35299145579338076,8.30021740206508,0.9626324598984746,11.597677666358152,False
NPA2016,-0.513888876636823,0.35299145579338076,8.287719609213605,0.9690142432069394,11.692169726997871,False
NPA2016,-0.4861110995213191,0.35299145579338076,8.279734259230773,0.9664557583471669,11.672545616662765,False
NPA2016,-0.45833332240581515,0.35299145579338076,8.278438250818748,0.9574547570815846,11.565644727577585,False
NPA2016,-0.4305555452903112,0.35299145579338076,8.294640221731099,0.9561215471690603,11.526980334410657,False
NPA2016,-0.4027777681748072,0.35299145579338076,8.289380290555522,0.9553770505902991,11.52531331779777,True
NPA2016,-0.37499999105930326,0.35299145579338076,8.282190131123015,0.9575943430507101,11.562090798329285,True
NPA2016,-0.3472222139437993,0.35299145579338076,8.288477526294573,0.9476453569597935,11.433286197054402,True
NPA2016,-0.3194444368282954,0.35299145579338076,8.273188818035411,0.9580035953905552,11.579617200348718,True
NPA2016,-0.29166665971279143,0.35299145579338076,8.250729986399769,0.9641577792509347,11.685726970101078,True
NPA2016,-0.2638888825972875,0.35299145579338076,8.244266290642546,0.9585078729704721,11.626357509320183,True
NPA2016,-0.23611110548178355,0.35299145579338076,8.263457922386621,0.9410532516032241,11.38812904285271,True
NPA2016,-0.2083333283662796,0.35299145579338076,8.262400842899755,0.9466286857243819,11.457065612325763,True
NPA2016,-0.18055555125077566,0.35299145579338076,8.249155464276212,0.9485419849840074,11.498655699868463,True
NPA2016,-0.15277777413527172,0.35299145579338076,8.251178354071499,0.9399103177059259,11.391225318043602,True
NPA2016,-0.12499999701976776,0.35299145579338076,8.256086101783639,0.9168826768715769,11.105536758797783,True
NPA2016,-0.09722221990426382,0.35299145579338076,8.236679141611296,0.934640768265016,11.34730092305353,True
NPA2016,-0.06944444278875987,0.35299145579338076,8.205088672019809,0.9438034478823405,11.502659942004122,True
NPA2016,-0.04166666567325592,0.35299145579338076,8.196959992529097,0.9499205357533091,11.588693084010282,True
NPA2016,-0.013888888557751973,0.35299145579338076,8.177138164859596,0.9300185430299005,11.373398911449959,True
NPA2016,0.013888888557751973,0.35299145579338076,8.185221495194668,0.9430544170360944,11.521428193357226,True
NPA2016,0.04166666567325592,0.35299145579338076,8.18208118104297,0.9360100223815142,11.439754772296222,True
NPA2016,0.06944444278875987,0.35299145579338076,8.20996769535125,0.9177344220907566,11.178295166866585,True
NPA2016,0.09722221990426382,0.35299145579338076,8.20394884459572,0.9280816151750887,11.312620699560485,True
NPA2016,0.12499999701976776,0.35299145579338076,8.22780112197535,0.8745925728405626,10.629724271101345,True
NPA2016,0.15277777413527172,0.35299145579338076,8.222838306436977,0.8765727549661047,10.660221231395353,True
NPA2016,0.18055555125077566,0.35299145579338076,8.209755360496477,0.8863321223012636,10.796084455404083,True
NPA2016,0.2083333283662796,0.35299145579338076,8.17002191188011,0.9282137927544198,11.361215462650046,True
NPA2016,0.23611110548178355,0.35299145579338076,8.153073051375603,0.9402554452756517,11.532528156570484,True
NPA2016,0.2638888825972875,0.35299145579338076,8.164717773283991,0.9286798071538863,11.37430383929064,True
NPA2016,0.29166665971279143,0.35299145579338076,8.154010039838074,0.9271744096316049,11.370778366738646,True
NPA2016,0.3194444368282954,0.35299145579338076,8.132557452636577,0.935009916252718,11.497120330205446,True
NPA2016,0.3472222139437993,0.35299145579338076,8.136517114779416,0.9392530833396426,11.543674892953337,True
NPA2016,0.37499999105930326,0.35299145579338076,8.096829627956842,0.9439189553201073,11.657883377722698,True
NPA2016,0.4027777681748072,0.35299145579338076,8.104084685275202,0.9479975971460989,11.697775059885203,True
NPA2016,0.4305555452903112,0.35299145579338076,8.106060777860781,0.9425369444221061,11.627558320267678,False
NPA2016,0.45833332240581515,0.35299145579338076,8.108683774688226,0.9428730344670193,11.627941854265641,False
NPA2016,0.4861110995213191,0.35299145579338076,8.103620194078097,0.9355233582066159,11.544511413433106,False
NPA2016,0.513888876636823,0.35299145579338076,8.123596517980337,0.9035013902601218,11.121938272787919,False
NPA2016,0.5416666537523269,0.35299145579338076,8.141688213405828,0.8675363295179531,10.65548454790368,False
NPA2016,-0.5416666537523269,0.3820512851079305,8.36931951797052,0.9716179247769899,11.609282244401609,False
NPA2016,-0.513888876636823,0.3820512851079305,8.340658768125515,0.977777277025908,11.723022176168637,False
NPA2016,-0.4861110995213191,0.3820512851079305,8.330112659794018,0.9723257408097611,11.672420056246924,False
NPA2016,-0.45833332240581515,0.3820512851079305,8.336861580436517,0.9690843383171687,11.62409054015297,False
NPA2016,-0.4305555452903112,0.3820512851079305,8.341463315333014,0.9726219140308321,11.660087412276804,True
NPA2016,-0.4027777681748072,0.3820512851079305,8.350069950139117,0.9700426234190953,11.617179607015553,True
NPA2016,-0.37499999105930326,0.3820512851079305,8.349508286158265,0.964842049830767,11.555675098020718,True
NPA2016,-0.3472222139437993,0.3820512851079305,8.347729449171887,0.9630297890648974,11.536427898491992,True
NPA2016,-0.3194444368282954,0.3820512851079305,8.344836056090017,0.9626479765299631,11.535852472828724,True
NPA2016,-0.29166665971279143,0.3820512851079305,8.337338115544991,0.9573595422024813,11.482796174686518,True
NPA2016,-0.2638888825972875,0.3820512851079305,8.335787416696038,0.9536744840640424,11.440724629731976,True
NPA2016,-0.23611110548178355,0.3820512851079305,8.332960132852879,0.9503157611890947,11.404299865091803,True
NPA2016,-0.2083333283662796,0.3820512851079305,8.335840632683956,0.9520411984326407,11.421058059816872,True
NPA2016,-0.18055555125077566,0.3820512851079305,8.323493158986004,0.9551624858380559,11.475500340946,True
NPA2016,-0.15277777413527172,0.3820512851079305,8.321798545838043,0.9406496435751516,11.303441658601505,True
NPA2016,-0.12499999701976776,0.3820512851079305,8.320870510248458,0.9432403859460498,11.335837816299403,True
NPA2016,-0.09722221990426382,0.3820512851079305,8.313958599979049,0.9431684482754432,11.344396738730692,True
NPA2016,-0.06944444278875987,0.3820512851079305,8.291586192110184,0.9312860975656525,11.23170013539524,True
NPA2016,-0.04166666567325592,0.3820512851079305,8.282636716574348,0.9325851696429607,11.259520386506491,True
NPA2016,-0.013888888557751973,0.3820512851079305,8.270297388180657,0.9281505522472858,11.222698636855974,True
NPA2016,0.013888888557751973,0.3820512851079305,8.257789333638113,0.9374920447089872,11.35282103758826,True
NPA2016,0.04166666567325592,0.3820512851079305,8.267126650969434,0.9340416174411054,11.298261861411984,True
NPA2016,0.06944444278875987,0.3820512851079305,8.270864802607027,0.9413996510357214,11.382118720390478,True
NPA2016,0.09722221990426382,0.3820512851079305,8.27295458136242,0.9306366275937894,11.249144648882247,True
NPA2016,0.12499999701976776,0.3820512851079305,8.276395269272948,0.9178483892300869,11.089953528895638,True
NPA2016,0.15277777413527172,0.3820512851079305,8.28076899134445,0.8986094776727104,10.851763629827014,True
NPA2016,0.18055555125077566,0.3820512851079305,8.267352672720119,0.9044445053304948,10.939953103910772,True
NPA2016,0.2083333283662796,0.3820512851079305,8.25746009626265,0.9141793790822194,11.070951217747691,True
NPA2016,0.23611110548178355,0.3820512851079305,8.240061044095212,0.9302656133657919,11.289547594218563,True
NPA2016,0.2638888825972875,0.3820512851079305,8.232594932893031,0.9313506453213384,11.312965752756291,True
NPA2016,0.29166665971279143,0.3820512851079305,8.19294438537341,0.9455978719171807,11.541612239005612,True
NPA2016,0.3194444368282954,0.3820512851079305,8.192660274375909,0.9381265442167128,11.450817107001015,True
NPA2016,0.3472222139437993,0.3820512851079305,8.185991066326443,0.9467872702931538,11.565945560187808,True
NPA2016,0.37499999105930326,0.3820512851079305,8.1734989543025,0.9546832248528255,11.680226916164022,True
NPA2016,0.4027777681748072,0.3820512851079305,8.161962251659935,0.9479990656929747,11.614842564362213,True
NPA2016,0.4305555452903112,0.3820512851079305,8.164621032131777,0.950821993525557,11.645635355071686,True
NPA2016,0.45833332240581515,0.3820512851079305,8.163475342873308,0.9463768572399835,11.592818223750353,False
NPA2016,0.4861110995213191,0.3820512851079305,8.182787190954258,0.9357165538970751,11.435181339329857,False
NPA2016,0.513888876636823,0.3820512851079305,8.194331774352772,0.9158343536549016,11.17643730903535,False
NPA2016,0.5416666537523269,0.3820512851079305,8.186471875979223,0.9154721290640059,11.182743224833981,False
NPA2016,-0.5416666537523269,0.4111111144224803,8.412314471727175,0.9842311663045629,11.69988556196337,False
NPA2016,-0.513888876636823,0.4111111144224803,8.398520698310811,0.9790279245036438,11.657147248569084,False
NPA2016,-0.4861110995213191,0.4111111144224803,8.39375863319444,0.9800889962448328,11.676401944284134,False
NPA2016,-0.45833332240581515,0.4111111144224803,8.39825452090629,0.9802835410251404,11.67246763699362,False
NPA2016,-0.4305555452903112,0.4111111144224803,8.40840329154926,0.9804977893295894,11.660927233533435,True
NPA2016,-0.4027777681748072,0.4111111144224803,8.405929332904442,0.9786789272226601,11.64272132757157,True
NPA2016,-0.37499999105930326,0.4111111144224803,8.407866898897016,0.9778046167584731,11.62963958060214,True
NPA2016,-0.3472222139437993,0.4111111144224803,8.418117172562356,0.9644052415246225,11.456305748130506,True
NPA2016,-0.3194444368282954,0.4111111144224803,8.407589902857566,0.9619429007067789,11.441363242275106,True
NPA2016,-0.29166665971279143,0.4111111144224803,8.421643908302558,0.9511707134001492,11.294359198237158,True
NPA2016,-0.2638888825972875,0.4111111144224803,8.415750843322677,0.9484974877366619,11.270503433323835,True
NPA2016,-0.23611110548178355,0.4111111144224803,8.409208312158999,0.951196661083169,11.311369938449731,True
NPA2016,-0.2083333283662796,0.4111111144224803,8.38888853488868,0.9646557924254319,11.499208606879323,True
NPA2016,-0.18055555125077566,0.4111111144224803,8.392948098840277,0.9559304574495774,11.389686272236881,True
NPA2016,-0.15277777413527172,0.4111111144224803,8.396038622208936,0.9478142367807645,11.28882654581455,True
NPA2016,-0.12499999701976776,0.4111111144224803,8.394635555259345,0.9371025537476729,11.1631118180058,True
NPA2016,-0.09722221990426382,0.4111111144224803,8.399767431112949,0.9227854707156219,10.985845480645112,True
NPA2016,-0.06944444278875987,0.4111111144224803,8.390044332678572,0.9153522132911902,10.909980650828796,True
NPA2016,-0.04166666567325592,0.4111111144224803,8.366445367299729,0.8900059128899581,10.637802242378207,True
NPA2016,-0.013888888557751973,0.4111111144224803,8.338308729494333,0.916023293453216,10.985720524032061,True
NPA2016,0.013888888557751973,0.4111111144224803,8.34061199876311,0.9235636974179045,11.073092688580482,True
NPA2016,0.04166666567325592,0.4111111144224803,8.331569151585445,0.9489130937741227,11.389368275165197,True
NPA2016,0.06944444278875987,0.4111111144224803,8.34081041002084,0.9348608425008765,11.208273495555222,True
NPA2016,0.09722221990426382,0.4111111144224803,8.34465591259157,0.929785486401562,11.142286705897282,True
NPA2016,0.12499999701976776,0.4111111144224803,8.331588756010074,0.93276679731235,11.195545347092287,True
NPA2016,0.15277777413527172,0.4111111144224803,8.350087410329767,0.9033546289505018,10.81850505939585,True
NPA2016,0.18055555125077566,0.4111111144224803,8.349278978438706,0.8826144060766506,10.571145225305399,True
NPA2016,0.2083333283662796,0.4111111144224803,8.337292195522009,0.8901009308802771,10.676139326847075,True
NPA2016,0.23611110548178355,0.4111111144224803,8.309607935384289,0.9279266406185539,11.16691242034683,True
NPA2016,0.2638888825972875,0.4111111144224803,8.305752421747288,0.9215499801192663,11.095322053018757,True
NPA2016,0.29166665971279143,0.4111111144224803,8.288338151088288,0.9448512296650352,11.399766906722705,True
NPA2016,0.3194444368282954,0.4111111144224803,8.276830841159029,0.9482913466871672,11.45717926203715,True
NPA2016,0.3472222139437993,0.4111111144224803,8.25725959646529,0.9462502930741712,11.459616620013199,True
NPA2016,0.37499999105930326,0.4111111144224803,8.251009112749502,0.9565728504790935,11.593404363121987,True
NPA2016,0.4027777681748072,0.4111111144224803,8.23494337031052,0.9627909864870949,11.691531358409213,True
NPA2016,0.4305555452903112,0.4111111144224803,8.2196472407741,0.960771284419608,11.688716757254971,True
NPA2016,0.45833332240581515,0.4111111144224803,8.222269360414941,0.9611617042376676,11.689737493459615,False
NPA2016,0.4861110995213191,0.4111111144224803,8.230576067017351,0.9535469133221944,11.585421306576258,False
NPA2016,0.513888876636823,0.4111111144224803,8.245142238055555,0.9413268916397741,11.41674533272535,False
NPA2016,0.5416666537523269,0.4111111144224803,8.246581241809166,0.9295701590203027,11.272188216706033,False
NPA2016,-0.5416666537523269,0.44017094373703003,8.473889310068582,0.9912054376828432,11.697172353963884,False
NPA2016,-0.513888876636823,0.44017094373703003,8.465779385663142,0.9918637260504908,11.716153715630945,False
NPA2016,-0.4861110995213191,0.44017094373703003,8.461584108411298,0.9882906650453785,11.679735760860206,False
NPA2016,-0.45833332240581515,0.44017094373703003,8.469954250921795,0.9849881843069483,11.629203123496811,True
NPA2016,-0.4305555452903112,0.44017094373703003,8.466846128126395,0.9821192533364027,11.599587833229387,True
NPA2016,-0.4027777681748072,0.44017094373703003,8.472796084923788,0.979907967675833,11.565343457509247,True
NPA2016,-0.37499999105930326,0.44017094373703003,8.470365372971408,0.9740026551979873,11.498944995997343,True
NPA2016,-0.3472222139437993,0.44017094373703003,8.470035578651993,0.9699310890697141,11.451322489297958,True
NPA2016,-0.3194444368282954,0.44017094373703003,8.470645348660574,0.9710241270987827,11.463401985686092,True
NPA2016,-0.29166665971279143,0.44017094373703003,8.468518547060688,0.9582189574600354,11.315071840902098,True
NPA2016,-0.2638888825972875,0.44017094373703003,8.466046718726234,0.9582651825543214,11.318921503642468,True
NPA2016,-0.23611110548178355,0.44017094373703003,8.46589071874505,0.9591743332914873,11.329869061121919,True
NPA2016,-0.2083333283662796,0.44017094373703003,8.45916382523309,0.96149811934543,11.366349431339168,True
NPA2016,-0.18055555125077566,0.44017094373703003,8.465665295709078,0.9520019312665626,11.245447321772762,True
NPA2016,-0.15277777413527172,0.44017094373703003,8.458958076239666,0.9426058335067736,11.143285319671408,True
NPA2016,-0.12499999701976776,0.44017094373703003,8.444305578899789,0.9583433353392443,11.348989284967436,True
NPA2016,-0.09722221990426382,0.44017094373703003,8.471994238894148,0.9053846122759073,10.686794475371213,True
NPA2016,-0.06944444278875987,0.44017094373703003,8.452776639641543,0.9172821133389427,10.851843748444793,True
NPA2016,-0.04166666567325592,0.44017094373703003,8.439480787978725,0.9140377693768249,10.830497661405767,True
NPA2016,-0.013888888557751973,0.44017094373703003,8.433812589090879,0.9246026688082047,10.963044993484639,True
NPA2016,0.013888888557751973,0.44017094373703003,8.399502270130991,0.9469814408809939,11.274256621710819,True
NPA2016,0.04166666567325592,0.44017094373703003,8.410343753650043,0.9436560630360796,11.220184224057881,True
NPA2016,0.06944444278875987,0.44017094373703003,8.408138645740404,0.9397350333813393,11.176493073855445,True
NPA2016,0.09722221990426382,0.44017094373703003,8.412369706636612,0.9258720669511752,11.006079133929935,True
NPA2016,0.12499999701976776,0.44017094373703003,8.409598256417556,0.9148883082211491,10.879096483865647,True
NPA2016,0.15277777413527172,0.44017094373703003,8.408796995178983,0.9182826808923424,10.920500059863754,True
NPA2016,0.18055555125077566,0.44017094373703003,8.405334892776255,0.8936120668162398,10.631486766627601,True
NPA2016,0.2083333283662796,0.44017094373703003,8.379498391430191,0.9253646687882229,11.043198835560418,True
NPA2016,0.23611110548178355,0.44017094373703003,8.366971150170981,0.9342974101637636,11.166494940581586,True
NPA2016,0.2638888825972875,0.44017094373703003,8.367767552074193,0.9242082276828324,11.044860196358353,True
NPA2016,0.29166665971279143,0.44017094373703003,8.358379079447383,0.9376877949707584,11.218536346077688,True
NPA2016,0.3194444368282954,0.44017094373703003,8.346133067001015,0.9514216027035676,11.39954988814285,True
NPA2016,0.3472222139437993,0.44017094373703003,8.34940928938336,0.9382825424738298,11.237711674607894,True
NPA2016,0.37499999105930326,0.44017094373703003,8.334588232977792,0.9532599239205664,11.437396752832557,True
NPA2016,0.4027777681748072,0.44017094373703003,8.31978240898737,0.9581463608352575,11.516483409472686,True
NPA2016,0.4305555452903112,0.44017094373703003,8.319937935566216,0.9552390687539588,11.481324454002069,True
NPA2016,0.45833332240581515,0.44017094373703003,8.310388158067733,0.9556639007372492,11.499630132312047,True
NPA2016,0.4861110995213191,0.44017094373703003,8.310498279796727,0.946562576875722,11.38996176892145,False
NPA2016,0.513888876636823,0.44017094373703003,8.291440342431269,0.9585784927533004,11.561061204864437,False
NPA2016,0.5416666537523269,0.44017094373703003,8.298062474799213,0.9436205292575753,11.371576583368734,False
NPA2016,-0.5416666537523269,0.4692307730515798,8.550508762089667,0.9839572042796002,11.507586643758144,False
NPA2016,-0.513888876636823,0.4692307730515798,8.534553447698805,0.9874895998563827,11.57048937484412,False
NPA2016,-0.4861110995213191,0.4692307730515798,8.514084298079544,0.9794084041286197,11.503390967711434,False
NPA2016,-0.45833332240581515,0.4692307730515798,8.513979105303934,0.9923425604192608,11.655449797863183,True
NPA2016,-0.4305555452903112,0.4692307730515798,8.519773117814545,0.9777742023641569,11.476528645107527,True
NPA2016,-0.4027777681748072,0.4692307730515798,8.523714289420498,0.9720063221446322,11.403553534766779,True
NPA2016,-0.37499999105930326,0.4692307730515798,8.535236288744642,0.971105270177556,11.377602650065423,True
NPA2016,-0.3472222139437993,0.4692307730515798,8.533060322923529,0.9687088701643185,11.352420274844926,True
NPA2016,-0.3194444368282954,0.4692307730515798,8.53026335075121,0.9638484176896919,11.299163672418292,True
NPA2016,-0.29166665971279143,0.4692307730515798,8.529889335087535,0.9659380375746616,11.32415673438217,True
NPA2016,-0.2638888825972875,0.4692307730515798,8.524907499915662,0.9588022129549606,11.247068815285635,True
NPA2016,-0.23611110548178355,0.4692307730515798,8.523239842851522,0.9648650601000835,11.32040254515799,True
NPA2016,-0.2083333283662796,0.4692307730515798,8.517489244116486,0.96881682330465,11.37444140565093,True
NPA2016,-0.18055555125077566,0.4692307730515798,8.506521083711604,0.9705125120500927,11.409041398938545,True
NPA2016,-0.15277777413527172,0.4692307730515798,8.501894272416857,0.9725094432355835,11.438738380818815,True
NPA2016,-0.12499999701976776,0.4692307730515798,8.502442555820933,0.9654223112563303,11.354646678505153,True
NPA2016,-0.09722221990426382,0.4692307730515798,8.506082323321804,0.9469834301923533,11.133015108446969,True
NPA2016,-0.06944444278875987,0.4692307730515798,8.494317357229512,0.9475522439052741,11.155131178361408,True
NPA2016,-0.04166666567325592,0.4692307730515798,8.482907971958191,0.9522206273944074,11.22516748433612,True
NPA2016,-0.013888888557751973,0.4692307730515798,8.473976360397339,0.9560138914648502,11.281762549311896,True
NPA2016,0.013888888557751973,0.4692307730515798,8.477227060826282,0.9416300751019248,11.10776045451522,True
NPA2016,0.04166666567325592,0.4692307730515798,8.474674378163892,0.9417963944244051,11.113068802396313,True
NPA2016,0.06944444278875987,0.4692307730515798,8.485547426477329,0.919469218833665,10.835708913306627,True
NPA2016,0.09722221990426382,0.4692307730515798,8.468022978395,0.9419551742897188,11.123672865472711,True
NPA2016,0.12499999701976776,0.4692307730515798,8.476632008059827,0.9167082461322424,10.8145339476883,True
NPA2016,0.15277777413527172,0.4692307730515798,8.458694405082644,0.9311930271827471,11.008708703593944,True
NPA2016,0.18055555125077566,0.4692307730515798,8.451832313443433,0.9318772420978255,11.02574220048814,True
NPA2016,0.2083333283662796,0.4692307730515798,8.441657909458364,0.939092812804579,11.124506854896152,True
NPA2016,0.23611110548178355,0.4692307730515798,8.433585342063724,0.9393062977017295,11.137686518885435,True
NPA2016,0.2638888825972875,0.4692307730515798,8.41698437655479,0.9344124981073774,11.10151161394751,True
NPA2016,0.29166665971279143,0.4692307730515798,8.406787430266117,0.9431205044260828,11.218560148561153,True
NPA2016,0.3194444368282954,0.4692307730515798,8.41066918988352,0.9469890284693917,11.259377905487526,True
NPA2016,0.3472222139437993,0.4692307730515798,8.415754449534282,0.9340939337980121,11.099348720300457,True
NPA2016,0.37499999105930326,0.4692307730515798,8.397715649853827,0.9511114366469517,11.325835218813427,True
NPA2016,0.4027777681748072,0.4692307730515798,8.37098769020769,0.9639949131299648,11.51590408211492,True
NPA2016,0.4305555452903112,0.4692307730515798,8.358536527482677,0.9709024946994044,11.615699608503224,True
NPA2016,0.45833332240581515,0.4692307730515798,8.35268609655682,0.9666262581830491,11.572639591729851,True
NPA2016,0.4861110995213191,0.4692307730515798,8.358892553858837,0.9599240034801063,11.483865802736783,False
NPA2016,0.513888876636823,0.4692307730515798,8.363710675376808,0.9509904188128293,11.370436588781027,False
NPA2016,0.5416666537523269,0.4692307730515798,8.357146367707466,0.9539792478441964,11.415131503863945,False
NPA2016,-0.5416666537523269,0.49829060236612954,8.609086030996256,0.9883587991060582,11.480414942394109,False
NPA2016,-0.513888876636823,0.49829060236612954,8.592861476009482,0.9774991233247882,11.375711409451675,False
NPA2016,-0.4861110995213191,0.49829060236612954,8.573016103537386,0.973071546516061,11.350399144993482,False
NPA2016,-0.45833332240581515,0.49829060236612954,8.557020717034243,0.9733343413320257,11.374687213207674,True
NPA2016,-0.4305555452903112,0.49829060236612954,8.57520947385472,0.9816974494490185,11.44808709853856,True
NPA2016,-0.4027777681748072,0.49829060236612954,8.571352108379344,0.9840647344499447,11.480857652410805,True
NPA2016,-0.37499999105930326,0.49829060236612954,8.568876381437724,0.9783379243721315,11.417342027380045,True
NPA2016,-0.3472222139437993,0.49829060236612954,8.577524285785412,0.9796127583139747,11.420693497042954,True
NPA2016,-0.3194444368282954,0.49829060236612954,8.587994343429962,0.9687707982642879,11.280524410282393,True
NPA2016,-0.29166665971279143,0.49829060236612954,8.583652826638396,0.9698391013968798,11.298675761758371,True
NPA2016,-0.2638888825972875,0.49829060236612954,8.582877059506007,0.967408806260728,11.271381374259226,True
NPA2016,-0.23611110548178355,0.49829060236612954,8.570236229542173,0.9752626206591913,11.379646891148653,True
NPA2016,-0.2083333283662796,0.49829060236612954,8.570868931715042,0.9727188508930574,11.34912759304575,True
NPA2016,-0.18055555125077566,0.49829060236612954,8.567112860408042,0.9721215626459128,11.34713150726033,True
NPA2016,-0.15277777413527172,0.49829060236612954,8.562753827731482,0.9670508582550524,11.293689830520934,True
NPA2016,-0.12499999701976776,0.49829060236612954,8.563620167862572,0.9669329487405114,11.291170437114937,True
NPA2016,-0.09722221990426382,0.49829060236612954,8.56074632351097,0.9589031079825046,11.20116251253705,True
NPA2016,-0.06944444278875987,0.49829060236612954,8.549384334163927,0.96466266449024,11.283416755933896,True
NPA2016,-0.04166666567325592,0.49829060236612954,8.54415410202085,0.9608345867608412,11.245520332241973,True
NPA2016,-0.013888888557751973,0.49829060236612954,8.534946886780245,0.9517838263526329,11.151608076517126,True
NPA2016,0.013888888557751973,0.49829060236612954,8.537787592970993,0.9396632834707715,11.00593418656116,True
NPA2016,0.04166666567325592,0.49829060236612954,8.536808833717362,0.9258853212194512,10.845801273685936,True
NPA2016,0.06944444278875987,0.49829060236612954,8.533551060101033,0.9308101441017904,10.907653068999977,True
NPA2016,0.09722221990426382,0.49829060236612954,8.535883555000014,0.9253044513292136,10.840171909177505,True
NPA2016,0.12499999701976776,0.49829060236612954,8.546095329919508,0.8904475215269675,10.419349271819488,True
NPA2016,0.15277777413527172,0.49829060236612954,8.5246224281899,0.920770313702593,10.801303183325944,True
NPA2016,0.18055555125077566,0.49829060236612954,8.506421961624321,0.9415659851906579,11.068884067101507,True
NPA2016,0.2083333283662796,0.49829060236612954,8.487583070287561,0.9556076684581042,11.258890317119782,True
NPA2016,0.23611110548178355,0.49829060236612954,8.478897112749072,0.9511096314049989,11.217374367886688,True
NPA2016,0.2638888825972875,0.49829060236612954,8.45782072721585,0.9624329298923092,11.3792070195501,True
NPA2016,0.29166665971279143,0.49829060236612954,8.442849922524152,0.967729973019579,11.462124542067633,True
NPA2016,0.3194444368282954,0.49829060236612954,8.450404365025888,0.968683379195952,11.463160073204195,True
NPA2016,0.3472222139437993,0.49829060236612954,8.456515710236538,0.9556466020561778,11.300713376543202,True
NPA2016,0.37499999105930326,0.49829060236612954,8.44328255653125,0.9571704626263348,11.336473181107998,True
NPA2016,0.4027777681748072,0.49829060236612954,8.413463168482572,0.9686250635169701,11.512798524459084,True
NPA2016,0.4305555452903112,0.49829060236612954,8.406086822710483,0.9730401906788216,11.575423989792574,True
NPA2016,0.45833332240581515,0.49829060236612954,8.42129165522117,0.9640154871421064,11.447358987316635,True
NPA2016,0.4861110995213191,0.49829060236612954,8.420502758136793,0.9619607927396386,11.424030374078185,False
NPA2016,0.513888876636823,0.49829060236612954,8.402899948050267,0.9604488923052954,11.429969394413048,False
NPA2016,0.5416666537523269,0.49829060236612954,8.400447529210162,0.9623390007477339,11.45580634128687,False
NPA2016,-0.5416666537523269,0.5273504316806793,8.66351878808572,0.9806374659657846,11.31915899246829,False
NPA2016,-0.513888876636823,0.5273504316806793,8.637245225028833,0.9962253565558912,11.53406358857393,False
NPA2016,-0.4861110995213191,0.5273504316806793,8.630366355455255,0.9898847571203766,11.469788376882406,True
NPA2016,-0.45833332240581515,0.5273504316806793,8.617019125719416,0.9894959525348919,11.483042315428087,True
NPA2016,-0.4305555452903112,0.5273504316806793,8.61570902662717,0.9978827721626128,11.582131767433404,True
NPA2016,-0.4027777681748072,0.5273504316806793,8.627699220825171,0.9852745276178886,11.419898890768874,True
NPA2016,-0.37499999105930326,0.5273504316806793,8.616510622032022,0.9938864855058974,11.534674871340322,True
NPA2016,-0.3472222139437993,0.5273504316806793,8.627698830964473,0.9835528254299973,11.399943886544403,True
NPA2016,-0.3194444368282954,0.5273504316806793,8.639664004458615,0.974746354491621,11.282225257702036,True
NPA2016,-0.29166665971279143,0.5273504316806793,8.64698503177969,0.9624585338855928,11.130567826223045,True
NPA2016,-0.2638888825972875,0.5273504316806793,8.632987068812772,0.9798385573058622,11.34993658041714,True
NPA2016,-0.23611110548178355,0.5273504316806793,8.623226195659626,0.9839120573955352,11.41002259561245,True
NPA2016,-0.2083333283662796,0.5273504316806793,8.621742288305645,0.9836294525380936,11.408708584020987,True
NPA2016,-0.18055555125077566,0.5273504316806793,8.632022163538243,0.9667649490763984,11.199750542347124,True
NPA2016,-0.15277777413527172,0.5273504316806793,8.61364056489884,0.9755494605793187,11.325634651563563,True
NPA2016,-0.12499999701976776,0.5273504316806793,8.61037790409998,0.9768776965572256,11.345352171965278,True
NPA2016,-0.09722221990426382,0.5273504316806793,8.591967692468597,0.9861168091510726,11.477194100898055,True
NPA2016,-0.06944444278875987,0.5273504316806793,8.59452324339209,0.98045545167665,11.407909710762311,True
NPA2016,-0.04166666567325592,0.5273504316806793,8.589555679907054,0.9747583708713574,11.348181526450098,True
NPA2016,-0.013888888557751973,0.5273504316806793,8.589222711007583,0.9627021064865118,11.208256426425569,True
NPA2016,0.013888888557751973,0.5273504316806793,8.58923479668978,0.9531266042466019,11.09675805595545,True
NPA2016,0.04166666567325592,0.5273504316806793,8.596272993984286,0.9377476094983093,10.908769534826892,True
NPA2016,0.06944444278875987,0.5273504316806793,8.593108341384955,0.9325112360303935,10.851850098751347,True
NPA2016,0.09722221990426382,0.5273504316806793,8.588612425825884,0.9315117864736826,10.84589384511792,True
NPA2016,0.12499999701976776,0.5273504316806793,8.583664731313878,0.9265435984783689,10.79426593979452,True
NPA2016,0.15277777413527172,0.5273504316806793,8.578987836840602,0.9259488606917273,10.793218014780729,True
NPA2016,0.18055555125077566,0.5273504316806793,8.579431024934173,0.9134093117824486,10.646502187940333,True
NPA2016,0.2083333283662796,0.5273504316806793,8.554177184353334,0.9482070811982711,11.084725751679088,True
NPA2016,0.23611110548178355,0.5273504316806793,8.533529144359335,0.963456791697108,11.290250204793091,True
NPA2016,0.2638888825972875,0.5273504316806793,8.51557303692174,0.96802165081071,11.367663064054186,True
NPA2016,0.29166665971279143,0.5273504316806793,8.48430623526685,0.9839710072071922,11.597542331948183,True
NPA2016,0.3194444368282954,0.5273504316806793,8.490572271640584,0.9744692070068064,11.477073344768966,True
NPA2016,0.3472222139437993,0.5273504316806793,8.483454319982227,0.9773733391857278,11.520935957462376,True
NPA2016,0.37499999105930326,0.5273504316806793,8.482135351558771,0.949585310789853,11.195120938683756,True
NPA2016,0.4027777681748072,0.5273504316806793,8.486402739119647,0.9650010984197374,11.371144265536513,True
NPA2016,0.4305555452903112,0.5273504316806793,8.474246742728084,0.9739733321230809,11.493332229898384,True
NPA2016,0.45833332240581515,0.5273504316806793,8.466178575190133,0.9717214677230752,11.47768688190294,True
NPA2016,0.4861110995213191,0.5273504316806793,8.444138300805003,0.9718234978059723,11.508853398496868,True
NPA2016,0.513888876636823,0.5273504316806793,8.430439068612518,0.970765698710754,11.51500759106397,False
NPA2016,0.5416666537523269,0.5273504316806793,8.428901485791942,0.9716505808261877,11.527606325261207,False
NPA2016,-0.5416666537523269,0.5564102609952291,8.699745759795606,0.9988457271098063,11.481320887856308,False
NPA2016,-0.513888876636823,0.5564102609952291,8.673789139577954,0.989212833442079,11.404621642557151,False
NPA2016,-0.4861110995213191,0.5564102609952291,8.669623087956344,0.9971192306354703,11.50129850536002,True
NPA2016,-0.45833332240581515,0.5564102609952291,8.669258623880292,1.0088076032449074,11.636607546417538,True
NPA2016,-0.4305555452903112,0.5564102609952291,8.670911159918074,1.0049727503212853,11.590163153404752,True
NPA2016,-0.4027777681748072,0.5564102609952291,8.669563272183437,1.0076767700961478,11.623154920955592,True
NPA2016,-0.37499999105930326,0.5564102609952291,8.671340145942684,0.9985847632373825,11.515921950133853,True
NPA2016,-0.3472222139437993,0.5564102609952291,8.677574297279158,1.0010365839358968,11.535903348586373,True
NPA2016,-0.3194444368282954,0.5564102609952291,8.680232130946408,0.9936115383899479,11.446831414191848,True
NPA2016,-0.29166665971279143,0.5564102609952291,8.68476967806058,0.989428837073981,11.392689429329037,True
NPA2016,-0.2638888825972875,0.5564102609952291,8.683087888545533,0.982830029521847,11.318899936719133,True
NPA2016,-0.23611110548178355,0.5564102609952291,8.678486863752456,0.9830527850755452,11.327467570199062,True
NPA2016,-0.2083333283662796,0.5564102609952291,8.674190710040074,0.9871778918322078,11.380633938444353,True
NPA2016,-0.18055555125077566,0.5564102609952291,8.67403678467488,0.981052932864712,11.310223339126452,True
NPA2016,-0.15277777413527172,0.5564102609952291,8.662935821001462,0.9867224615004263,11.39016243325185,True
NPA2016,-0.12499999701976776,0.5564102609952291,8.644560543675086,0.9960026382818592,11.521726677136856,True
NPA2016,-0.09722221990426382,0.5564102609952291,8.6475408896205,0.9875304430477991,11.419783446564741,True
NPA2016,-0.06944444278875987,0.5564102609952291,8.63986515866494,0.9827607644391921,11.374723405880696,True
NPA2016,-0.04166666567325592,0.5564102609952291,8.644968727845825,0.9745545312867405,11.273083361743778,True
NPA2016,-0.013888888557751973,0.5564102609952291,8.649656594113582,0.9536826449686732,11.025670610064338,True
NPA2016,0.013888888557751973,0.5564102609952291,8.648515917350087,0.9492971314329139,10.976416537876702,True
NPA2016,0.04166666567325592,0.5564102609952291,8.635930837468734,0.9596557896974814,11.112360760623748,True
NPA2016,0.06944444278875987,0.5564102609952291,8.634084679890636,0.9527920039924082,11.035240437374037,True
NPA2016,0.09722221990426382,0.5564102609952291,8.623111033588588,0.9599241124460197,11.131992951348307,True
NPA2016,0.12499999701976776,0.5564102609952291,8.630104967768107,0.9401108231184206,10.893388048344322,True
NPA2016,0.15277777413527172,0.5564102609952291,8.62321835667452,0.9404875905692766,10.906456866435752,True
NPA2016,0.18055555125077566,0.5564102609952291,8.613121493201309,0.9507502801053948,11.038393930189667,True
NPA2016,0.2083333283662796,0.5564102609952291,8.602488891485063,0.9547104685592426,11.098072669460073,True
NPA2016,0.23611110548178355,0.5564102609952291,8.566991474489054,0.9804408336624999,11.444400716191614,True
NPA2016,0.2638888825972875,0.5564102609952291,8.55009023268647,0.9834394351085955,11.502094227602031,True
NPA2016,0.29166665971279143,0.5564102609952291,8.561251109597825,0.9725970777828498,11.360454977106011,True
NPA2016,0.3194444368282954,0.5564102609952291,8.559425809568095,0.9638843711734153,11.26108681374332,True
NPA2016,0.3472222139437993,0.5564102609952291,8.566464508112086,0.947710712136891,11.063032027266889,True
NPA2016,0.37499999105930326,0.5564102609952291,8.560329256085335,0.9463569616931449,11.055146751749088,True
NPA2016,0.4027777681748072,0.5564102609952291,8.535200170933912,0.9725681896799868,11.394790634108462,True
NPA2016,0.4305555452903112,0.5564102609952291,8.521549309317473,0.9679507045963281,11.358858224735842,True
NPA2016,0.45833332240581515,0.5564102609952291,8.523407817126158,0.9599384096160988,11.262378032496418,True
NPA2016,0.4861110995213191,0.5564102609952291,8.516803005712982,0.9677367797248391,11.36267657095851,True
NPA2016,0.513888876636823,0.5564102609952291,8.48011998050588,0.9782702236403621,11.536042248095688,False
NPA2016,0.5416666537523269,0.5564102609952291,8.467979174758705,0.9780116778401661,11.54952861428163,False
NPA2016,-0.5416666537523269,0.5854700903097788,8.745008282718212,1.0130032731109964,11.583788606728735,False
NPA2016,-0.513888876636823,0.5854700903097788,8.722457443953385,0.9986315849771271,11.44897056126542,False
NPA2016,-0.4861110995213191,0.5854700903097788,8.71710194120779,1.0084720745073608,11.56889160306909,True
NPA2016,-0.45833332240581515,0.5854700903097788,8.718631183793711,1.015355031174306,11.645807808244708,True
NPA2016,-0.4305555452903112,0.5854700903097788,8.726531390980648,1.0182460667528035,11.668394017412428,True
NPA2016,-0.4027777681748072,0.5854700903097788,8.72486640724712,1.0154429832519754,11.638493196967689,True
NPA2016,-0.37499999105930326,0.5854700903097788,8.719038128764275,1.0145294444616353,11.635795479717919,True
NPA2016,-0.3472222139437993,0.5854700903097788,8.7205338154814,1.0108698892560755,11.591834979889617,True
NPA2016,-0.3194444368282954,0.5854700903097788,8.723947881474427,1.0041812502760512,11.510628719005316,True
NPA2016,-0.29166665971279143,0.5854700903097788,8.709073428074179,1.0052755600290608,11.542853190197015,True
NPA2016,-0.2638888825972875,0.5854700903097788,8.726496846536469,0.999571087699523,11.45443704705229,True
NPA2016,-0.23611110548178355,0.5854700903097788,8.731364410747542,0.9889148571377017,11.326006001083112,True
NPA2016,-0.2083333283662796,0.5854700903097788,8.732093255357892,0.9820642569397345,11.24660752262527,True
NPA2016,-0.18055555125077566,0.5854700903097788,8.732409696947727,0.9764939182556704,11.182410722174295,True
NPA2016,-0.15277777413527172,0.5854700903097788,8.710778581385066,0.9867187377602279,11.327560774749182,True
NPA2016,-0.12499999701976776,0.5854700903097788,8.703453571915265,0.9874259490023929,11.345219927278844,True
NPA2016,-0.09722221990426382,0.5854700903097788,8.691916033856918,0.9955565072661898,11.453821037712272,True
NPA2016,-0.06944444278875987,0.5854700903097788,8.695738618186894,0.9745313835081975,11.206999500536876,True
NPA2016,-0.04166666567325592,0.5854700903097788,8.680287157001912,0.9901778752268994,11.40720182774342,True
NPA2016,-0.013888888557751973,0.5854700903097788,8.695789578552027,0.9631468103768994,11.076013301339303,True
NPA2016,0.013888888557751973,0.5854700903097788,8.692964731338323,0.9551912321576236,10.988095105391821,True
NPA2016,0.04166666567325592,0.5854700903097788,8.677433167699588,0.9574801382645517,11.034140162883933,True
NPA2016,0.06944444278875987,0.5854700903097788,8.674577563260138,0.9594724413775038,11.060739665770058,True
NPA2016,0.09722221990426382,0.5854700903097788,8.672609156500082,0.9567377155859308,11.03171719515182,True
NPA2016,0.12499999701976776,0.5854700903097788,8.666207225819319,0.9576597574502009,11.050506092181081,True
NPA2016,0.15277777413527172,0.5854700903097788,8.657899962273047,0.9598108901908219,11.085954958745365,True
NPA2016,0.18055555125077566,0.5854700903097788,8.65552672692919,0.9612145997530607,11.105212080999264,True
NPA2016,0.2083333283662796,0.5854700903097788,8.646816639797153,0.9648561191021381,11.15851254045758,True
NPA2016,0.23611110548178355,0.5854700903097788,8.62994041869833,0.9742046623311166,11.288660350659265,True
NPA2016,0.2638888825972875,0.5854700903097788,8.642295355444242,0.9455724715801851,10.941219117031434,True
NPA2016,0.29166665971279143,0.5854700903097788,8.637664255681596,0.9400710453868909,10.883394139434632,True
NPA2016,0.3194444368282954,0.5854700903097788,8.629441438751373,0.9446985551936412,10.947389375068676,True
NPA2016,0.3472222139437993,0.5854700903097788,8.64585045355164,0.9066406893384887,10.486425762384643,True
NPA2016,0.37499999105930326,0.5854700903097788,8.622504619166932,0.9260515150604438,10.739936433341276,True
NPA2016,0.4027777681748072,0.5854700903097788,8.594569511505007,0.9662845810873557,11.242966617395457,True
NPA2016,0.4305555452903112,0.5854700903097788,8.589308508212497,0.9548479600696911,11.116703505954318,True
NPA2016,0.45833332240581515,0.5854700903097788,8.57624260475475,0.9481602702449342,11.05566054905286,True
NPA2016,0.4861110995213191,0.5854700903097788,8.570147118521144,0.954198953174501,11.133985682840374,True
NPA2016,0.513888876636823,0.5854700903097788,8.540310479135757,0.971444397503325,11.374813595788979,False
NPA2016,0.5416666537523269,0.5854700903097788,8.535702687474489,0.9902954755337063,11.601803762294715,False
NPA2016,-0.5416666537523269,0.6145299196243286,8.80047971229934,0.9936526530636258,11.290891923481405,False
NPA2016,-0.513888876636823,0.6145299196243286,8.777530825742419,1.0234896983391275,11.66033727090396,False
NPA2016,-0.4861110995213191,0.6145299196243286,8.779067280751722,1.020325137935261,11.62224989632263,True
NPA2016,-0.45833332240581515,0.6145299196243286,8.785202128994094,1.0183895755843526,11.592101816568656,True
NPA2016,-0.4305555452903112,0.6145299196243286,8.770370100794015,1.0271607218505887,11.711714671625955,True
NPA2016,-0.4027777681748072,0.6145299196243286,8.771316264907002,1.0207807538103204,11.637714602702715,True
NPA2016,-0.37499999105930326,0.6145299196243286,8.759561950366356,1.0254845744074605,11.707030331175078,True
NPA2016,-0.3472222139437993,0.6145299196243286,8.761003669221312,1.0234718354846557,11.682129971937599,True
NPA2016,-0.3194444368282954,0.6145299196243286,8.765575649390957,1.0193137407885873,11.628600123477463,True
NPA2016,-0.29166665971279143,0.6145299196243286,8.762251655147212,1.009816972625202,11.524628741198102,True
NPA2016,-0.2638888825972875,0.6145299196243286,8.77305962456814,1.00156301975556,11.41634803154393,True
NPA2016,-0.23611110548178355,0.6145299196243286,8.787211721754186,0.984203151703185,11.200403300476172,True
NPA2016,-0.2083333283662796,0.6145299196243286,8.783296016407228,0.9820715070084142,11.181127280395664,True
NPA2016,-0.18055555125077566,0.6145299196243286,8.771366306314711,0.9851602991013582,11.231548936590624,True
NPA2016,-0.15277777413527172,0.6145299196243286,8.764209800216184,0.984822579926143,11.236866784063643,True
NPA2016,-0.12499999701976776,0.6145299196243286,8.759967864990722,0.9835771749513007,11.228091131272002,True
NPA2016,-0.09722221990426382,0.6145299196243286,8.76730944354103,0.967148851911508,11.031307359910933,True
NPA2016,-0.06944444278875987,0.6145299196243286,8.74503271863099,0.9833614352456097,11.2447999554146,True
NPA2016,-0.04166666567325592,0.6145299196243286,8.720756495568779,0.9890523035878754,11.341359021897196,True
NPA2016,-0.013888888557751973,0.6145299196243286,8.72800814160585,0.985739248517017,11.29397718842701,True
NPA2016,0.013888888557751973,0.6145299196243286,8.743787545271774,0.9536274188272915,10.906342519071934,True
NPA2016,0.04166666567325592,0.6145299196243286,8.721194448389912,0.9762242587345815,11.19369903413643,True
NPA2016,0.06944444278875987,0.6145299196243286,8.713810792729372,0.9618111863090206,11.037779097883746,True
NPA2016,0.09722221990426382,0.6145299196243286,8.732125683415415,0.9332492096989004,10.687537531341128,True
NPA2016,0.12499999701976776,0.6145299196243286,8.726778715834804,0.9404725818509271,10.776858362919556,True
NPA2016,0.15277777413527172,0.6145299196243286,8.70425616981919,0.9628477308431721,11.061803697617654,True
NPA2016,0.18055555125077566,0.6145299196243286,8.70700296134788,0.9460662097677629,10.86557813253928,True
NPA2016,0.2083333283662796,0.6145299196243286,8.698533905604037,0.9515317946640848,10.938990466555056,True
NPA2016,0.23611110548178355,0.6145299196243286,8.698644695665623,0.9328881619411653,10.724523124918605,True
NPA2016,0.2638888825972875,0.6145299196243286,8.697080240302792,0.9323251287078698,10.71997846343212,True
NPA2016,0.29166665971279143,0.6145299196243286,8.692329745695556,0.9214323564523573,10.60052233877403,True
NPA2016,0.3194444368282954,0.6145299196243286,8.684062721344793,0.932020882864077,10.732544349008876,True
NPA2016,0.3472222139437993,0.6145299196243286,8.662259189879974,0.9479496404069647,10.94344581046991,True
NPA2016,0.37499999105930326,0.6145299196243286,8.656088265597633,0.9522279190287359,11.000672472498087,True
NPA2016,0.4027777681748072,0.6145299196243286,8.645536128348567,0.9505428310783663,10.994608280700517,True
NPA2016,0.4305555452903112,0.6145299196243286,8.647953668578218,0.9422807471121234,10.895996708861192,True
NPA2016,0.45833332240581515,0.6145299196243286,8.632999335501788,0.9544922552566167,11.056322584567155,True
NPA2016,0.4861110995213191,0.6145299196243286,8.625424258229167,0.9624688836835239,11.158510640972489,True
NPA2016,0.513888876636823,0.6145299196243286,8.618837993047338,0.9554735303829774,11.085874118457046,False
NPA2016,0.5416666537523269,0.6145299196243286,8.603411817114521,0.975595924387575,11.339639960589238,False
NPA2016,-0.5416666537523269,0.6435897489388783,8.83844521218218,1.0096366737610565,11.423238471506924,False
NPA2016,-0.513888876636823,0.6435897489388783,8.83856541459534,1.0135502810247563,11.467361879237279,False
NPA2016,-0.4861110995213191,0.6435897489388783,8.841857857968266,1.0089455272534942,11.411012747103081,True
NPA2016,-0.45833332240581515,0.6435897489388783,8.82376876625535,1.0260591835900288,11.628355306793358,True
NPA2016,-0.4305555452903112,0.6435897489388783,8.81617732875628,1.0333012552254233,11.72051351389042,True
NPA2016,-0.4027777681748072,0.6435897489388783,8.809973391625338,1.0286490347397539,11.675960743735914,True
NPA2016,-0.37499999105930326,0.6435897489388783,8.80445608275858,1.0305628270199096,11.705014112547172,True
NPA2016,-0.3472222139437993,0.6435897489388783,8.810159132409831,1.0286777408515773,11.676040414155429,True
NPA2016,-0.3194444368282954,0.6435897489388783,8.823443427487053,1.0159062657240367,11.513716544713771,True
NPA2016,-0.29166665971279143,0.6435897489388783,8.812276312804208,1.0192224914828476,11.565938871003405,True
NPA2016,-0.2638888825972875,0.6435897489388783,8.811744612404183,1.0102591138180232,11.464915953146146,True
NPA2016,-0.23611110548178355,0.6435897489388783,8.833933716118086,0.986294833326605,11.164843036200804,True
NPA2016,-0.2083333283662796,0.6435897489388783,8.814368263640725,0.9987372542987273,11.330786556973335,True
NPA2016,-0.18055555125077566,0.6435897489388783,8.811142611762726,0.9927118371559641,11.26655055872902,True
NPA2016,-0.15277777413527172,0.6435897489388783,8.818162750151926,0.9745695586581501,11.051843635357711,True
NPA2016,-0.12499999701976776,0.6435897489388783,8.813372963153864,0.9733609265348794,11.044136343760973,True
NPA2016,-0.09722221990426382,0.6435897489388783,8.81930899635421,0.9496461712244642,10.767806997317317,True
NPA2016,-0.06944444278875987,0.6435897489388783,8.817647660603214,0.9334720773991131,10.586407093241174,True
NPA2016,-0.04166666567325592,0.6435897489388783,8.798571942804305,0.9602810675362218,10.914055982932139,True
NPA2016,-0.013888888557751973,0.6435897489388783,8.789331491937658,0.9629712749957655,10.95613785734543,True
NPA2016,0.013888888557751973,0.6435897489388783,8.77980997934108,0.9688539372835285,11.035021709618373,True
NPA2016,0.04166666567325592,0.6435897489388783,8.785645706948491,0.95497943425018,10.869769463784488,True
NPA2016,0.06944444278875987,0.6435897489388783,8.783612555462256,0.9342851660195636,10.636684622872632,True
NPA2016,0.09722221990426382,0.6435897489388783,8.774095052861744,0.93281532074356,10.631470426563414,True
NPA2016,0.12499999701976776,0.6435897489388783,8.766661105168685,0.9348755815527672,10.663986782853728,True
NPA2016,0.15277777413527172,0.6435897489388783,8.746459288612433,0.9499121987868266,10.860534159503574,True
NPA2016,0.18055555125077566,0.6435897489388783,8.74342919365484,0.9620439864181448,11.003051149728597,True
NPA2016,0.2083333283662796,0.6435897489388783,8.740551074758947,0.9524189719875885,10.89655519247515,True
NPA2016,0.23611110548178355,0.6435897489388783,8.74341414224648,0.935051691757577,10.694354362554881,True
NPA2016,0.2638888825972875,0.6435897489388783,8.73532786010874,0.9415059097386204,10.778140498173588,True
NPA2016,0.29166665971279143,0.6435897489388783,8.737605022633055,0.9341529577858515,10.691178593746354,True
NPA2016,0.3194444368282954,0.6435897489388783,8.72572298693679,0.9443223751334843,10.822282308838153,True
NPA2016,0.3472222139437993,0.6435897489388783,8.714101795907437,0.9456844911812268,10.852346154888458,True
NPA2016,0.37499999105930326,0.6435897489388783,8.69795220556713,0.9622233385338548,11.062642283984763,True
NPA2016,0.4027777681748072,0.6435897489388783,8.685921034223039,0.9635949761805488,11.093757039511734,True
NPA2016,0.4305555452903112,0.6435897489388783,8.700076027517264,0.9367620422004163,10.76728570230368,True
NPA2016,0.45833332240581515,0.6435897489388783,8.672587978708908,0.9602381306383552,11.07210596186199,True
NPA2016,0.4861110995213191,0.6435897489388783,8.664748186009533,0.9715446346097679,11.21261245858783,True
NPA2016,0.513888876636823,0.6435897489388783,8.671668909915908,0.9641564878807355,11.118465175466266,False
NPA2016,0.5416666537523269,0.6435897489388783,8.670135392785628,0.9657722277957763,11.139067431396633,False
NPA2016,-0.5416666537523269,0.6726495782534282,8.888422432144022,1.0204512678181556,11.48067922748365,False
NPA2016,-0.513888876636823,0.6726495782534282,8.889389551270446,1.0195641178303372,11.469450314331473,False
NPA2016,-0.4861110995213191,0.6726495782534282,8.897209948399237,1.0187053256794254,11.449716614394474,True
NPA2016,-0.45833332240581515,0.6726495782534282,8.879759225763143,1.0244051050099818,11.536406325498568,True
NPA2016,-0.4305555452903112,0.6726495782534282,8.856347546688076,1.0327686878288718,11.6613387447186,True
NPA2016,-0.4027777681748072,0.6726495782534282,8.845858246632428,1.0304881159117758,11.649385364094854,True
NPA2016,-0.37499999105930326,0.6726495782534282,8.848161418435959,1.0302110893563097,11.64322214115319,True
NPA2016,-0.3472222139437993,0.6726495782534282,8.865751655514336,1.0258557278059837,11.570995530513423,True
NPA2016,-0.3194444368282954,0.6726495782534282,8.864334999133968,1.0211031747587533,11.519230431369229,True
NPA2016,-0.29166665971279143,0.6726495782534282,8.864588979467511,1.0181966853101336,11.486112753434124,True
NPA2016,-0.2638888825972875,0.6726495782534282,8.883593297060703,0.9891637003562981,11.134725186975643,True
NPA2016,-0.23611110548178355,0.6726495782534282,8.874438086455026,0.9949254656219755,11.2111376058899,True
NPA2016,-0.2083333283662796,0.6726495782534282,8.858213447926698,1.0008297186650057,11.298324707893036,True
NPA2016,-0.18055555125077566,0.6726495782534282,8.858127135548699,0.990721979818192,11.18432784558159,True
NPA2016,-0.15277777413527172,0.6726495782534282,8.867571497494055,0.9685665768612458,10.92256856496685,True
NPA2016,-0.12499999701976776,0.6726495782534282,8.858266677838156,0.974879706788132,11.005309980417632,True
NPA2016,-0.09722221990426382,0.6726495782534282,8.860044275624428,0.9643107174681258,10.883813753855808,True
NPA2016,-0.06944444278875987,0.6726495782534282,8.854167306322664,0.9561394671162134,10.79875084846708,True
NPA2016,-0.04166666567325592,0.6726495782534282,8.833800745766364,0.9789331348270175,11.081675521107664,True
NPA2016,-0.013888888557751973,0.6726495782534282,8.834263134500276,0.9724033448347547,11.007181131352617,True
NPA2016,0.013888888557751973,0.6726495782534282,8.832075180462205,0.9650374353105006,10.926508386673376,True
NPA2016,0.04166666567325592,0.6726495782534282,8.814343591026795,0.973927780829506,11.049351216816497,True
NPA2016,0.06944444278875987,0.6726495782534282,8.817482039416426,0.9557258982594232,10.838988885796208,True
NPA2016,0.09722221990426382,0.6726495782534282,8.81215236494335,0.9496781774544296,10.776915084133758,True
NPA2016,0.12499999701976776,0.6726495782534282,8.803574677295511,0.9495106125827917,10.78551210602651,True
NPA2016,0.15277777413527172,0.6726495782534282,8.801785982402354,0.951393652764513,10.8090977747773,True
NPA2016,0.18055555125077566,0.6726495782534282,8.781176552542917,0.9616983855102986,10.951816988941,True
NPA2016,0.2083333283662796,0.6726495782534282,8.766448839931892,0.9762818775110408,11.136571892874079,True
NPA2016,0.23611110548178355,0.6726495782534282,8.782098211125094,0.9450877339985397,10.761525449593696,True
NPA2016,0.2638888825972875,0.6726495782534282,8.78843116430612,0.9240150299712927,10.513992915187693,True
NPA2016,0.29166665971279143,0.6726495782534282,8.780023706555598,0.9459794040636343,10.774223802577202,True
NPA2016,0.3194444368282954,0.6726495782534282,8.761042279355918,0.9655197834830977,11.020604086778581,True
NPA2016,0.3472222139437993,0.6726495782534282,8.742513758920618,0.9774490489914012,11.18041190377355,True
NPA2016,0.37499999105930326,0.6726495782534282,8.724252167763968,0.9932472299343666,11.384898222043674,True
NPA2016,0.4027777681748072,0.6726495782534282,8.735064356034837,0.9716828196896854,11.123934296126555,True
NPA2016,0.4305555452903112,0.6726495782534282,8.73651449866602,0.9482806695197545,10.854221894378446,True
NPA2016,0.45833332240581515,0.6726495782534282,8.727593775358008,0.9625274804928516,11.02855500917684,True
NPA2016,0.4861110995213191,0.6726495782534282,8.718516829291342,0.9673106116106724,11.094898714433029,True
NPA2016,0.513888876636823,0.6726495782534282,8.721368256651637,0.9607304207720999,11.01582220243214,False
NPA2016,0.5416666537523269,0.6726495782534282,8.72800591383031,0.9541416073727219,10.931954180516751,False
NPA2016,-0.5416666537523269,0.701709407567978,8.948760131041722,1.0006972924263986,11.182524481298259,False
NPA2016,-0.513888876636823,0.701709407567978,8.941675721328677,1.0115929532080485,11.313236855537994,False
NPA2016,-0.4861110995213191,0.701709407567978,8.934070638704515,1.020047883732162,11.417504125309604,True
NPA2016,-0.45833332240581515,0.701709407567978,8.913753144904105,1.0314562873282935,11.571515057245733,True
NPA2016,-0.4305555452903112,0.701709407567978,8.88253277844539,1.0356171662235725,11.65903005431774,True
NPA2016,-0.4027777681748072,0.701709407567978,8.869235910360015,1.037293595055803,11.69541103133988,True
NPA2016,-0.37499999105930326,0.701709407567978,8.879893017607046,1.0358230337559375,11.66481433618748,True
NPA2016,-0.3472222139437993,0.701709407567978,8.899624355819514,1.0328228747481993,11.605241226533689,True
NPA2016,-0.3194444368282954,0.701709407567978,8.931204243477247,0.9986239148447817,11.181290760135845,True
NPA2016,-0.29166665971279143,0.701709407567978,8.92492085830164,0.9995776187841842,11.19984854380432,True
NPA2016,-0.2638888825972875,0.701709407567978,8.923397825639988,0.9943768557993974,11.14347780104806,True
NPA2016,-0.23611110548178355,0.701709407567978,8.915591992593729,0.9986839100284841,11.201543440504015,True
NPA2016,-0.2083333283662796,0.701709407567978,8.907606628687281,0.9987651959244789,11.21249778484737,True
NPA2016,-0.18055555125077566,0.701709407567978,8.90987837493239,0.9834092549380772,11.037291571845271,True
NPA2016,-0.15277777413527172,0.701709407567978,8.911248025249131,0.9713651785192929,10.900439262458264,True
NPA2016,-0.12499999701976776,0.701709407567978,8.886154487040935,0.9926708757040374,11.17098377202076,True
NPA2016,-0.09722221990426382,0.701709407567978,8.89564107925609,0.9737852708110109,10.94676889653067,True
NPA2016,-0.06944444278875987,0.701709407567978,8.888937173602754,0.9782938660453406,11.00574620946309,True
NPA2016,-0.04166666567325592,0.701709407567978,8.897251343253188,0.9535049722620867,10.716848782575221,True
NPA2016,-0.013888888557751973,0.701709407567978,8.879112669611285,0.9687644756885158,10.910600098634934,True
NPA2016,0.013888888557751973,0.701709407567978,8.8750646204744,0.9723225744073175,10.955667547075773,True
NPA2016,0.04166666567325592,0.701709407567978,8.867337831688594,0.9718045367265878,10.959371969044835,True
NPA2016,0.06944444278875987,0.701709407567978,8.858193746036909,0.9728320605249047,10.98228474580546,True
NPA2016,0.09722221990426382,0.701709407567978,8.852895497122326,0.9687849497133765,10.943142275070167,True
NPA2016,0.12499999701976776,0.701709407567978,8.841629343893711,0.9585493095669918,10.841319764540843,True
NPA2016,0.15277777413527172,0.701709407567978,8.84693412297533,0.9448042379255907,10.679453749654932,True
NPA2016,0.18055555125077566,0.701709407567978,8.836686536564223,0.9490777077886641,10.740198872751613,True
NPA2016,0.2083333283662796,0.701709407567978,8.81069186315596,0.9831506882243464,11.158609374771451,True
NPA2016,0.23611110548178355,0.701709407567978,8.80893680767325,0.9797708166209467,11.122463902425684,True
NPA2016,0.2638888825972875,0.701709407567978,8.821881756843602,0.9466057533246122,10.730202233670608,True
NPA2016,0.29166665971279143,0.701709407567978,8.819434977060169,0.9443404635412527,10.70749391539859,True
NPA2016,0.3194444368282954,0.701709407567978,8.79486798752108,0.9777019257420569,11.11673224804858,True
NPA2016,0.3472222139437993,0.701709407567978,8.783625156317536,0.9853571024029576,11.218114216705267,True
NPA2016,0.37499999105930326,0.701709407567978,8.78998740474677,0.9672783079852809,11.004319613278755,True
NPA2016,0.4027777681748072,0.701709407567978,8.773312323930726,0.9808214664129549,11.17960275661901,True
NPA2016,0.4305555452903112,0.701709407567978,8.773397508497439,0.9786374098226256,11.154600129251756,True
NPA2016,0.45833332240581515,0.701709407567978,8.771738748611801,0.9749215276212165,11.11434751491551,True
NPA2016,0.4861110995213191,0.701709407567978,8.771110251365275,0.9690017351472462,11.047651977654885,True
NPA2016,0.513888876636823,0.701709407567978,8.775998241493216,0.9550634689705642,10.882676166170953,False
NPA2016,0.5416666537523269,0.701709407567978,8.750770382344475,0.980987597029352,11.210299826956827,False
NPA2016,-0.5416666537523269,0.7307692368825277,9.000812064426958,0.992548068378942,11.027316882903202,False
NPA2016,-0.513888876636823,0.7307692368825277,8.98557463677566,1.0148671119992276,11.294404120195452,False
NPA2016,-0.4861110995213191,0.7307692368825277,8.961660817097018,1.0344154568054449,11.542675826694886,True
NPA2016,-0.45833332240581515,0.7307692368825277,8.960427367406444,1.037152733481493,11.574813242213605,True
NPA2016,-0.4305555452903112,0.7307692368825277,8.932236594655851,1.0432248921126996,11.679324445311492,True
NPA2016,-0.4027777681748072,0.7307692368825277,8.925847028129262,1.0436283762542282,11.692205490025733,True
NPA2016,-0.37499999105930326,0.7307692368825277,8.935552262588603,1.0407371023935994,11.647149183503304,True
NPA2016,-0.3472222139437993,0.7307692368825277,8.952817035586213,1.0231308739115825,11.42803287328199,True
NPA2016,-0.3194444368282954,0.7307692368825277,8.961406669680395,1.0173599979938792,11.352681956014422,True
NPA2016,-0.29166665971279143,0.7307692368825277,8.963778777212825,1.0075772486362284,11.240541223503085,True
NPA2016,-0.2638888825972875,0.7307692368825277,8.959766859810363,1.0041116899151987,11.206895286742439,True
NPA2016,-0.23611110548178355,0.7307692368825277,8.95612525439462,1.0036170675657434,11.20592933951304,True
NPA2016,-0.2083333283662796,0.7307692368825277,8.94531010039752,1.0089699413187387,11.279317653547876,True
NPA2016,-0.18055555125077566,0.7307692368825277,8.953889222175908,0.9806616333121596,10.952353876384528,True
NPA2016,-0.15277777413527172,0.7307692368825277,8.943462592230569,0.9860392382473503,11.025251440129571,True
NPA2016,-0.12499999701976776,0.7307692368825277,8.932683013024015,0.9902438029634882,11.0856256907325,True
NPA2016,-0.09722221990426382,0.7307692368825277,8.938834179722205,0.9734392269254778,10.890002066866058,True
NPA2016,-0.06944444278875987,0.7307692368825277,8.940928246945445,0.9669685289636036,10.815079846927036,True
NPA2016,-0.04166666567325592,0.7307692368825277,8.93361340170145,0.9595143859000319,10.740495953376355,True
NPA2016,-0.013888888557751973,0.7307692368825277,8.923924833787733,0.9726942271254992,10.899847827524138,True
NPA2016,0.013888888557751973,0.7307692368825277,8.90594615619935,0.9920274904388731,11.138934292212529,True
NPA2016,0.04166666567325592,0.7307692368825277,8.899842566432245,0.9921839141835961,11.148331071898289,True
NPA2016,0.06944444278875987,0.7307692368825277,8.894787771611808,0.9793137767076258,11.009973501932874,True
NPA2016,0.09722221990426382,0.7307692368825277,8.886824894314616,0.98166892582799,11.04634036905596,True
NPA2016,0.12499999701976776,0.7307692368825277,8.865431524171326,0.9941877665934791,11.214206143072188,True
NPA2016,0.15277777413527172,0.7307692368825277,8.863947463657707,0.9918296451928532,11.18948018655759,True
NPA2016,0.18055555125077566,0.7307692368825277,8.876770010486492,0.9669487426161341,10.893024619020633,True
NPA2016,0.2083333283662796,0.7307692368825277,8.851180569446308,0.9912408255244347,11.198967389120188,True
NPA2016,0.23611110548178355,0.7307692368825277,8.8369661084691,1.0062766390587796,11.387127965721088,True
NPA2016,0.2638888825972875,0.7307692368825277,8.837361789249615,1.0009994847193415,11.32690398549743,True
NPA2016,0.29166665971279143,0.7307692368825277,8.837604129456015,0.9897921972819008,11.199779745540898,True
NPA2016,0.3194444368282954,0.7307692368825277,8.830431207436613,0.9924345073608498,11.238800054577897,True
NPA2016,0.3472222139437993,0.7307692368825277,8.815237597345185,1.0028639247106796,11.376482070236023,True
NPA2016,0.37499999105930326,0.7307692368825277,8.796061379023024,1.009760208112273,11.479685788918708,True
NPA2016,0.4027777681748072,0.7307692368825277,8.806774709754913,0.9965265215735499,11.315453777530351,True
NPA2016,0.4305555452903112,0.7307692368825277,8.79909127905015,0.9978663582133389,11.340561503085771,True
NPA2016,0.45833332240581515,0.7307692368825277,8.79240724236985,0.9961349762088358,11.329490874905652,True
NPA2016,0.4861110995213191,0.7307692368825277,8.80947001182176,0.9775829882037254,11.096955740718451,True
NPA2016,0.513888876636823,0.7307692368825277,8.784092501851998,1.0034225069427842,11.423177826636358,False
NPA2016,0.5416666537523269,0.7307692368825277,8.782047501384676,0.9958163071509296,11.339227065145321,False
NPA2016,-0.5416666537523269,0.7598290661970775,9.018382084442422,1.0156193396566429,11.261657913215766,False
NPA2016,-0.513888876636823,0.7598290661970775,9.021015106259746,1.0218497552661416,11.327436471723376,False
NPA2016,-0.4861110995213191,0.7598290661970775,8.996271064260753,1.0445532503656565,11.610957950292597,False
NPA2016,-0.45833332240581515,0.7598290661970775,8.993342500172744,1.042485687943251,11.59174898457639,True
NPA2016,-0.4305555452903112,0.7598290661970775,9.000504533939269,1.0398132602424233,11.552833025320705,True
NPA2016,-0.4027777681748072,0.7598290661970775,8.964866391148053,1.050029268965863,11.71271520569081,True
NPA2016,-0.37499999105930326,0.7598290661970775,8.982242023825274,1.0420027606561928,11.600697886922829,True
NPA2016,-0.3472222139437993,0.7598290661970775,8.998381380321721,1.0232624516455329,11.371627945035465,True
NPA2016,-0.3194444368282954,0.7598290661970775,8.997649319360452,1.021981126319442,11.358312488578783,True
NPA2016,-0.29166665971279143,0.7598290661970775,9.01148070041242,0.9998824758923459,11.095651304525184,True
NPA2016,-0.2638888825972875,0.7598290661970775,9.005970896364449,0.9975006153358398,11.075991992584754,True
NPA2016,-0.23611110548178355,0.7598290661970775,9.005383431958322,0.9904335317287412,10.998238322800214,True
NPA2016,-0.2083333283662796,0.7598290661970775,8.991099715009558,1.0066953982801243,11.196576950420955,True
NPA2016,-0.18055555125077566,0.7598290661970775,8.980373282172808,1.005419692555328,11.195744998164107,True
NPA2016,-0.15277777413527172,0.7598290661970775,8.985900184397938,0.9868492755981837,10.982197168310783,True
NPA2016,-0.12499999701976776,0.7598290661970775,8.977145806303733,0.981108978928009,10.928963393232136,True
NPA2016,-0.09722221990426382,0.7598290661970775,8.95839175144354,0.999534386589822,11.157520393420603,True
NPA2016,-0.06944444278875987,0.7598290661970775,8.965388400724535,0.983916481074725,10.974610770853051,True
NPA2016,-0.04166666567325592,0.7598290661970775,8.962906811948551,0.985668485488229,10.99719662569986,True
NPA2016,-0.013888888557751973,0.7598290661970775,8.952193258439083,0.9874061834170296,11.029768403248202,True
NPA2016,0.013888888557751973,0.7598290661970775,8.940640112028388,1.0024985658621988,11.212827642099992,True
NPA2016,0.04166666567325592,0.7598290661970775,8.937200524082021,0.9933744972579184,11.115052130487497,True
NPA2016,0.06944444278875987,0.7598290661970775,8.924693987211647,1.0039403693017508,11.249017285526145,True
NPA2016,0.09722221990426382,0.7598290661970775,8.91308411606656,1.0083066372164489,11.312657034156045,True
NPA2016,0.12499999701976776,0.7598290661970775,8.893565850659565,1.0188387641296954,11.45590847628498,True
NPA2016,0.15277777413527172,0.7598290661970775,8.876961696646864,1.0203936440723131,11.494852393671486,True
NPA2016,0.18055555125077566,0.7598290661970775,8.883872186709354,1.0084182429647506,11.351111562291347,True
NPA2016,0.2083333283662796,0.7598290661970775,8.872204435171497,1.0169069361136904,11.461716685454554,True
NPA2016,0.23611110548178355,0.7598290661970775,8.870698625999307,1.0181384401943512,11.477545153098417,True
NPA2016,0.2638888825972875,0.7598290661970775,8.858194539681966,1.0215884832072462,11.532694146994023,True
NPA2016,0.29166665971279143,0.7598290661970775,8.863936784258758,1.010502172366215,11.400150937005106,True
NPA2016,0.3194444368282954,0.7598290661970775,8.846222863867972,1.0188924648909892,11.517824958408102,True
NPA2016,0.3472222139437993,0.7598290661970775,8.841310535292424,1.0198456770615636,11.53500573235812,True
NPA2016,0.37499999105930326,0.7598290661970775,8.829992377428905,1.0238674153026224,11.595337476392585,True
NPA2016,0.4027777681748072,0.7598290661970775,8.824967741119675,1.0159037575489898,11.511699389170754,True
NPA2016,0.4305555452903112,0.7598290661970775,8.834598985584407,1.0080177528002225,11.409886905393504,True
NPA2016,0.45833332240581515,0.7598290661970775,8.812422106788675,1.0154216008549681,11.522616467415185,True
NPA2016,0.4861110995213191,0.7598290661970775,8.838166211144774,0.9880707849549488,11.179590441612298,False
NPA2016,0.513888876636823,0.7598290661970775,8.821809075667021,1.0050074066273886,11.392305115732734,False
NPA2016,0.5416666537523269,0.7598290661970775,8.826950879045397,0.9863338001959927,11.174116789722763,False
NPA2016,-0.5416666537523269,0.7888888955116272,9.079041836139572,1.0110056428187906,11.135598459238649,False
NPA2016,-0.513888876636823,0.7888888955116272,9.069140111878815,1.0176207937549924,11.220697675870134,False
NPA2016,-0.4861110995213191,0.7888888955116272,9.05362944755932,1.0335161693298076,11.4154900564041,False
NPA2016,-0.45833332240581515,0.7888888955116272,9.04815775239645,1.0390002645006675,11.483003423823849,True
NPA2016,-0.4305555452903112,0.7888888955116272,9.030623933733272,1.0489078864161552,11.615010148944773,True
NPA2016,-0.4027777681748072,0.7888888955116272,9.025316383855802,1.043117422518614,11.557682613592462,True
NPA2016,-0.37499999105930326,0.7888888955116272,9.040503032148782,1.0255869355608318,11.344356966794427,True
NPA2016,-0.3472222139437993,0.7888888955116272,9.028715885766362,1.0329333457996281,11.440534389037897,True
NPA2016,-0.3194444368282954,0.7888888955116272,9.032613003111265,1.0279037651400291,11.379915920077277,True
NPA2016,-0.29166665971279143,0.7888888955116272,9.033545020849646,1.025765867214607,11.35507560815952,True
NPA2016,-0.2638888825972875,0.7888888955116272,9.029661172692684,1.0188224327023094,11.283063818423345,True
NPA2016,-0.23611110548178355,0.7888888955116272,9.026845821372163,1.015269801775875,11.247226571346765,True
NPA2016,-0.2083333283662796,0.7888888955116272,9.009182903117317,1.0278221361808177,11.408605499896948,True
NPA2016,-0.18055555125077566,0.7888888955116272,9.007759479868747,1.0189934057061556,11.312395807009308,True
NPA2016,-0.15277777413527172,0.7888888955116272,9.007542773004547,1.0200037791805434,11.323884936050234,True
NPA2016,-0.12499999701976776,0.7888888955116272,9.001352829088662,1.012005830153022,11.242819266928814,True
NPA2016,-0.09722221990426382,0.7888888955116272,8.979267400478353,1.02490897319582,11.41417141827428,True
NPA2016,-0.06944444278875987,0.7888888955116272,8.964869941665278,1.0283743152770972,11.471157105108773,True
NPA2016,-0.04166666567325592,0.7888888955116272,8.989011662780184,1.0042278615832674,11.171727207134058,True
NPA2016,-0.013888888557751973,0.7888888955116272,8.972367506273125,1.0218740242280702,11.389123589884345,True
NPA2016,0.013888888557751973,0.7888888955116272,8.954563848299442,1.0295529100033993,11.4975215705109,True
NPA2016,0.04166666567325592,0.7888888955116272,8.95273263074099,1.021382037137785,11.408606503344762,True
NPA2016,0.06944444278875987,0.7888888955116272,8.951357522374227,1.017459235080659,11.366535551032172,True
NPA2016,0.09722221990426382,0.7888888955116272,8.923279321905577,1.0309644448658724,11.55364981498426,True
NPA2016,0.12499999701976776,0.7888888955116272,8.91302825459532,1.028398662353541,11.538151041127085,True
NPA2016,0.15277777413527172,0.7888888955116272,8.898533567304142,1.0343925545302368,11.624303563127555,True
NPA2016,0.18055555125077566,0.7888888955116272,8.90110231779759,1.0271291782070675,11.539348066512408,True
NPA2016,0.2083333283662796,0.7888888955116272,8.880389533077327,1.0227815925670567,11.517305505095694,True
NPA2016,0.23611110548178355,0.7888888955116272,8.889220880815978,1.0281158607664391,11.565871458827607,True
NPA2016,0.2638888825972875,0.7888888955116272,8.89401488666391,1.0287985020678379,11.567312571181604,True
NPA2016,0.29166665971279143,0.7888888955116272,8.88341046630803,1.0296594250979225,11.590812211178303,True
NPA2016,0.3194444368282954,0.7888888955116272,8.871611164625433,1.032061353822544,11.633302391991371,True
NPA2016,0.3472222139437993,0.7888888955116272,8.860200860396702,1.029092619448544,11.614777539055337,True
NPA2016,0.37499999105930326,0.7888888955116272,8.865515413843413,1.0229778294913374,11.538842151173387,True
NPA2016,0.4027777681748072,0.7888888955116272,8.875732939208524,1.0087715720101478,11.365501631464173,True
NPA2016,0.4305555452903112,0.7888888955116272,8.861205294763261,1.002230530719998,11.310318375224753,True
NPA2016,0.45833332240581515,0.7888888955116272,8.866654656476456,1.0045278247170855,11.32927652689563,True
NPA2016,0.4861110995213191,0.7888888955116272,8.86382948902004,1.0120873159571262,11.418172215641524,False
NPA2016,0.513888876636823,0.7888888955116272,8.846593927729023,0.9992918147739451,11.295780307511748,False
NPA2016,0.5416666537523269,0.7888888955116272,8.842659286290006,1.0103413419460574,11.42576355409881,False
NPA2016,-0.5416666537523269,0.817948724826177,9.100987652842392,1.033792174511022,11.359120723432156,False
NPA2016,-0.513888876636823,0.817948724826177,9.104180779197694,1.027435154372418,11.285311433182688,False
NPA2016,-0.4861110995213191,0.817948724826177,9.09739320664985,1.032472680620753,11.349104706896197,False
NPA2016,-0.45833332240581515,0.817948724826177,9.073739994936943,1.0540666737555835,11.616672665777752,True
NPA2016,-0.4305555452903112,0.817948724826177,9.0650859224357,1.0550129005783984,11.638200780505418,True
NPA2016,-0.4027777681748072,0.817948724826177,9.056165937078354,1.0547916241899618,11.647220595543242,True
NPA2016,-0.37499999105930326,0.817948724826177,9.053095686466959,1.050726039630577,11.606262388248666,True
NPA2016,-0.3472222139437993,0.817948724826177,9.073702178447354,1.0312641013591843,11.365417126084791,True
NPA2016,-0.3194444368282954,0.817948724826177,9.065875014450492,1.030167439833879,11.363133047740568,True
NPA2016,-0.29166665971279143,0.817948724826177,9.063021220078555,1.03479525143733,11.417773679540835,True
NPA2016,-0.2638888825972875,0.817948724826177,9.053723181214528,1.0353182092655404,11.43527572627481,True
NPA2016,-0.23611110548178355,0.817948724826177,9.059760369347323,1.026210913003259,11.327130864027351,True
NPA2016,-0.2083333283662796,0.817948724826177,9.053236147713834,1.0285095903695023,11.360684440217836,True
NPA2016,-0.18055555125077566,0.817948724826177,9.04432572786758,1.0253995380383203,11.337490144553685,True
NPA2016,-0.15277777413527172,0.817948724826177,9.027276074444138,1.0333067047551263,11.446495002854478,True
NPA2016,-0.12499999701976776,0.817948724826177,9.01900263131508,1.0389412375296911,11.519469280587192,True
NPA2016,-0.09722221990426382,0.817948724826177,9.013814907913758,1.0379001300916906,11.51454895285743,True
NPA2016,-0.06944444278875987,0.817948724826177,8.991708928074209,1.0377908264818023,11.541641692176864,True
NPA2016,-0.04166666567325592,0.817948724826177,8.997792593173985,1.0320122280726336,11.469615657239657,True
NPA2016,-0.013888888557751973,0.817948724826177,8.977039318633565,1.0406261890384758,11.592086790557515,True
NPA2016,0.013888888557751973,0.817948724826177,8.967421134502846,1.034238227552445,11.533284899190622,True
NPA2016,0.04166666567325592,0.817948724826177,8.969687826482131,1.0310414919760507,11.494731053314931,True
NPA2016,0.06944444278875987,0.817948724826177,8.97015870861032,1.023165481706305,11.406325294157659,True
NPA2016,0.09722221990426382,0.817948724826177,8.940181009263346,1.0411290138920073,11.645502622522342,True
NPA2016,0.12499999701976776,0.817948724826177,8.944884929438496,1.0407350723257243,11.634974407558477,True
NPA2016,0.15277777413527172,0.817948724826177,8.952219504419489,1.03816527064124,11.596736095766236,True
NPA2016,0.18055555125077566,0.817948724826177,8.943045204562196,1.0322399503060948,11.542376524939279,True
NPA2016,0.2083333283662796,0.817948724826177,8.931779608277546,1.0343385689353857,11.580430936482246,True
NPA2016,0.23611110548178355,0.817948724826177,8.925439317360825,1.034170013721121,11.586768751086149,True
NPA2016,0.2638888825972875,0.817948724826177,8.922617728268836,1.0340740190928588,11.58935696434335,True
NPA2016,0.29166665971279143,0.817948724826177,8.918067663840981,1.0298736838864613,11.548170777646895,True
NPA2016,0.3194444368282954,0.817948724826177,8.919753811441865,1.0350083983296916,11.60355341872809,True
NPA2016,0.3472222139437993,0.817948724826177,8.911178226257203,1.019305548839922,11.438504796554183,True
NPA2016,0.37499999105930326,0.817948724826177,8.904329083563294,1.01956001425111,11.45016097993435,True
NPA2016,0.4027777681748072,0.817948724826177,8.915564020087308,1.011528071044768,11.345643066055427,True
NPA2016,0.4305555452903112,0.817948724826177,8.902086145240446,1.0177809825412376,11.433061486215793,True
NPA2016,0.45833332240581515,0.817948724826177,8.897734951548985,1.0203281384002247,11.467279526264134,True
NPA2016,0.4861110995213191,0.817948724826177,8.888949732687337,1.0260461053737024,11.542939674870958,False
NPA2016,0.513888876636823,0.817948724826177,8.89908927198541,1.0092251552820333,11.340768975754667,False
NPA2016,0.5416666537523269,0.817948724826177,8.897702467797124,1.0062719344216606,11.309345733503623,False
NPA2016,-0.5416666537523269,0.8470085541407267,9.117532408790128,1.0512411480685466,11.52988660676495,False
NPA2016,-0.513888876636823,0.8470085541407267,9.120693538719438,1.0477054923981557,11.48712527123519,False
NPA2016,-0.4861110995213191,0.8470085541407267,9.11594681740701,1.0496988189310548,11.514973046207796,False
NPA2016,-0.45833332240581515,0.8470085541407267,9.114353595892682,1.0468529639565969,11.48576202297389,False
NPA2016,-0.4305555452903112,0.8470085541407267,9.114826371630022,1.0511559190801911,11.532374575471051,True
NPA2016,-0.4027777681748072,0.8470085541407267,9.10120738112721,1.0552061877297372,11.59413409167968,True
NPA2016,-0.37499999105930326,0.8470085541407267,9.100753193391972,1.040570223891767,11.433891259102836,True
NPA2016,-0.3472222139437993,0.8470085541407267,9.100516687172759,1.0337809049210112,11.35958474070085,True
NPA2016,-0.3194444368282954,0.8470085541407267,9.121779509670187,1.0124079885811283,11.098799170796156,True
NPA2016,-0.29166665971279143,0.8470085541407267,9.103766593956621,1.0304877524652405,11.319356025112858,True
NPA2016,-0.2638888825972875,0.8470085541407267,9.100424053481563,1.0309872350721896,11.329002132354077,True
NPA2016,-0.23611110548178355,0.8470085541407267,9.089640826292591,1.0398623325194627,11.440081653298872,True
NPA2016,-0.2083333283662796,0.8470085541407267,9.076247091742633,1.0467920925846448,11.533314177144788,True
NPA2016,-0.18055555125077566,0.8470085541407267,9.06189733517313,1.050366520245751,11.591022071821822,True
NPA2016,-0.15277777413527172,0.8470085541407267,9.06374473195127,1.0385395056756455,11.45817249259695,True
NPA2016,-0.12499999701976776,0.8470085541407267,9.048006486438235,1.0503480204001014,11.608612592999732,True
NPA2016,-0.09722221990426382,0.8470085541407267,9.03888356465407,1.048669813286293,11.601762604698704,True
NPA2016,-0.06944444278875987,0.8470085541407267,9.029324110255622,1.0414724500243937,11.534334544946459,True
NPA2016,-0.04166666567325592,0.8470085541407267,9.02210706435721,1.036418175795535,11.48754019878588,True
NPA2016,-0.013888888557751973,0.8470085541407267,9.018193419702605,1.031394800435621,11.43682279182734,True
NPA2016,0.013888888557751973,0.8470085541407267,8.993017036092036,1.0394503069198706,11.558415854748223,True
NPA2016,0.04166666567325592,0.8470085541407267,8.980088349683037,1.0328950313644514,11.502058678530803,True
NPA2016,0.06944444278875987,0.8470085541407267,8.98682898578535,1.03589589285962,11.526823248757905,True
NPA2016,0.09722221990426382,0.8470085541407267,8.98555947397838,1.0425502010505063,11.602507379419908,True
NPA2016,0.12499999701976776,0.8470085541407267,8.972522058200337,1.050736257571298,11.710600996639393,True
NPA2016,0.15277777413527172,0.8470085541407267,8.980605374611748,1.0431247501590553,11.615305501653355,True
NPA2016,0.18055555125077566,0.8470085541407267,8.985272842809911,1.0401974317849727,11.576692772522176,True
NPA2016,0.2083333283662796,0.8470085541407267,8.956034082681223,1.0373945788472232,11.583191502735461,True
NPA2016,0.23611110548178355,0.8470085541407267,8.952544244473108,1.041299927124383,11.631329582841593,True
NPA2016,0.2638888825972875,0.8470085541407267,8.937368874293785,1.0458777356290887,11.70230019975238,True
NPA2016,0.29166665971279143,0.8470085541407267,8.936903993235974,1.0422709243302852,11.662550309583084,True
NPA2016,0.3194444368282954,0.8470085541407267,8.943186125287824,1.0341559206158175,11.56361844792238,True
NPA2016,0.3472222139437993,0.8470085541407267,8.946139041747008,1.0366177612149559,11.587320031329677,True
NPA2016,0.37499999105930326,0.8470085541407267,8.933958929685515,1.0367868808747627,11.605010600952681,True
NPA2016,0.4027777681748072,0.8470085541407267,8.938511569978862,1.0276933728090332,11.49736580596565,True
NPA2016,0.4305555452903112,0.8470085541407267,8.935355480391703,1.0232054039417233,11.451199744510541,True
NPA2016,0.45833332240581515,0.8470085541407267,8.935578968047672,1.0281636957427498,11.506402656384251,False
NPA2016,0.4861110995213191,0.8470085541407267,8.949029413408397,1.0142523926829166,11.33365805193639,False
NPA2016,0.513888876636823,0.8470085541407267,8.943574468332777,1.0033202556114613,11.21833623864817,False
NPA2016,0.5416666537523269,0.8470085541407267,8.952078346992748,0.9826019858801144,10.976244261872415,False
NPA2016,-0.5416666537523269,0.8760683834552765,9.124981742057894,1.0503783991603044,11.511019187238611,False
NPA2016,-0.513888876636823,0.8760683834552765,9.135953856764283,1.056375960769783,11.562842559538975,False
NPA2016,-0.4861110995213191,0.8760683834552765,9.138009731560912,1.0545862068471181,11.540655326780644,False
NPA2016,-0.45833332240581515,0.8760683834552765,9.140476046150953,1.0601332904077672,11.598228418903723,False
NPA2016,-0.4305555452903112,0.8760683834552765,9.121213473679907,1.0670613316781739,11.69867731697407,True
NPA2016,-0.4027777681748072,0.8760683834552765,9.111201196058781,1.06263805365396,11.662985272607346,True
NPA2016,-0.37499999105930326,0.8760683834552765,9.113223988388778,1.0647591787885389,11.683671773514575,True
NPA2016,-0.3472222139437993,0.8760683834552765,9.116129007674191,1.058978181446919,11.616533514997911,True
NPA2016,-0.3194444368282954,0.8760683834552765,9.141418993912957,1.0362846376752999,11.336146372519803,True
NPA2016,-0.29166665971279143,0.8760683834552765,9.136394343680129,1.0345327842769538,11.323206347726945,True
NPA2016,-0.2638888825972875,0.8760683834552765,9.132209021800106,1.041294611584749,11.402439531322653,True
NPA2016,-0.23611110548178355,0.8760683834552765,9.11815051903335,1.0477767790300183,11.491110799749082,True
NPA2016,-0.2083333283662796,0.8760683834552765,9.09013704936734,1.057835648234706,11.637180413119621,True
NPA2016,-0.18055555125077566,0.8760683834552765,9.092592573169664,1.0554406383036916,11.607697472534685,True
NPA2016,-0.15277777413527172,0.8760683834552765,9.094928827439771,1.0496172165849285,11.540686425364765,True
NPA2016,-0.12499999701976776,0.8760683834552765,9.087946338457035,1.0511467234487584,11.566383474346347,True
NPA2016,-0.09722221990426382,0.8760683834552765,9.078995651568173,1.0518222967082476,11.585227453287427,True
NPA2016,-0.06944444278875987,0.8760683834552765,9.053034798577134,1.0564920942910334,11.670032401257115,True
NPA2016,-0.04166666567325592,0.8760683834552765,9.053987938412082,1.042090049323724,11.509735338862061,True
NPA2016,-0.013888888557751973,0.8760683834552765,9.034681158520462,1.0254003445489344,11.349601901356484,True
NPA2016,0.013888888557751973,0.8760683834552765,9.029988377222953,1.0367561388809488,11.48125662593365,True
NPA2016,0.04166666567325592,0.8760683834552765,9.036761650236622,1.039703689168774,11.505268473486296,True
NPA2016,0.06944444278875987,0.8760683834552765,9.048282730603386,1.0389401531024929,11.482180475954369,True
NPA2016,0.09722221990426382,0.8760683834552765,9.024980964403264,1.04747075670097,11.606348654168372,True
NPA2016,0.12499999701976776,0.8760683834552765,9.016836871490714,1.054680402228142,11.696789209559874,True
NPA2016,0.15277777413527172,0.8760683834552765,9.005369188118566,1.0527876305425872,11.690665963274508,True
NPA2016,0.18055555125077566,0.8760683834552765,9.019635653730719,1.0452988127521043,11.58914675583094,True
NPA2016,0.2083333283662796,0.8760683834552765,9.004421798729135,1.0465895932755611,11.623062720398933,True
NPA2016,0.23611110548178355,0.8760683834552765,8.96894770375821,1.0470491186376074,11.674157919316086,True
NPA2016,0.2638888825972875,0.8760683834552765,8.971871074344431,1.0455130536400123,11.653233143638406,True
NPA2016,0.29166665971279143,0.8760683834552765,8.983743767307095,1.0484193076111323,11.670182662894439,True
NPA2016,0.3194444368282954,0.8760683834552765,8.964061370538303,1.0475354227251437,11.685946575154224,True
NPA2016,0.3472222139437993,0.8760683834552765,8.972442874703898,1.04699503516965,11.669007535522507,True
NPA2016,0.37499999105930326,0.8760683834552765,8.970144506541356,1.0438320680771163,11.636736368248203,True
NPA2016,0.4027777681748072,0.8760683834552765,8.978639265245262,1.0353765724893,11.531553300031344,True
NPA2016,0.4305555452903112,0.8760683834552765,8.99186349392486,1.01829768559785,11.324656855454252,True
NPA2016,0.45833332240581515,0.8760683834552765,8.982049544019883,1.01664062314138,11.318581779792613,False
NPA2016,0.4861110995213191,0.8760683834552765,8.982326762836843,1.0231206927632848,11.390374897028993,False
NPA2016,0.513888876636823,0.8760683834552765,8.980345267895572,1.0210783845826183,11.370146181716851,False
NPA2016,0.5416666537523269,0.8760683834552765,8.990110095350317,0.9951614254839993,11.069513219851407,False
NPA2016,-0.5416666537523269,0.9051282127698262,9.151584974121825,1.0516792438873492,11.491771609630574,False
NPA2016,-0.513888876636823,0.9051282127698262,9.155651430253917,1.0541507083688644,11.513661440687125,False
NPA2016,-0.4861110995213191,0.9051282127698262,9.18690262355645,1.063316081236158,11.574260932184835,False
NPA2016,-0.45833332240581515,0.9051282127698262,9.16513920597477,1.069741995156661,11.671857580289608,False
NPA2016,-0.4305555452903112,0.9051282127698262,9.153152812918778,1.0668935260128172,11.65602222336987,False
NPA2016,-0.4027777681748072,0.9051282127698262,9.123185876512363,1.0601928594380772,11.620862205247215,True
NPA2016,-0.37499999105930326,0.9051282127698262,9.14352145706528,1.068120660539754,11.681720938210384,True
NPA2016,-0.3472222139437993,0.9051282127698262,9.138641974255094,1.0681007756409666,11.687740680179445,True
NPA2016,-0.3194444368282954,0.9051282127698262,9.151972133660987,1.0589795364401668,11.571052894110508,True
NPA2016,-0.29166665971279143,0.9051282127698262,9.158811432371857,1.0565131865690016,11.535483554500875,True
NPA2016,-0.2638888825972875,0.9051282127698262,9.167173346036398,1.0485990044869065,11.43862960702372,True
NPA2016,-0.23611110548178355,0.9051282127698262,9.130147382634355,1.0615926050425533,11.627332621833844,True
NPA2016,-0.2083333283662796,0.9051282127698262,9.096528815822259,1.0634267729323807,11.690467808805098,True
NPA2016,-0.18055555125077566,0.9051282127698262,9.115100638644357,1.0627787148233931,11.659539010657099,True
NPA2016,-0.15277777413527172,0.9051282127698262,9.117676740797055,1.062231008776531,11.650237653453726,True
NPA2016,-0.12499999701976776,0.9051282127698262,9.11345439607256,1.0601143875399845,11.632410077092615,True
NPA2016,-0.09722221990426382,0.9051282127698262,9.10126606908871,1.0596478218966714,11.642861705753555,True
NPA2016,-0.06944444278875987,0.9051282127698262,9.101753617762537,1.0532102715988638,11.57150935775135,True
NPA2016,-0.04166666567325592,0.9051282127698262,9.092712733812055,1.0525922856458485,11.576218412044307,True
NPA2016,-0.013888888557751973,0.9051282127698262,9.100275279847303,1.0421755025386021,11.452131616793126,True
NPA2016,0.013888888557751973,0.9051282127698262,9.073413430892108,1.0477959672216302,11.547979987930624,True
NPA2016,0.04166666567325592,0.9051282127698262,9.081327895842294,1.0503650556991728,11.56620560061554,True
NPA2016,0.06944444278875987,0.9051282127698262,9.068113914930102,1.0548134750042153,11.632115397971884,True
NPA2016,0.09722221990426382,0.9051282127698262,9.056344395821556,1.0586738411250598,11.689858455620504,True
NPA2016,0.12499999701976776,0.9051282127698262,9.063234640973919,1.0519925934037269,11.60725320569083,True
NPA2016,0.15277777413527172,0.9051282127698262,9.0367061786261,1.050681232038492,11.626816356202841,True
NPA2016,0.18055555125077566,0.9051282127698262,9.02829640955848,1.0539808920598068,11.674194601585425,True
NPA2016,0.2083333283662796,0.9051282127698262,9.026387762876864,1.0533609606623955,11.669795142134149,True
NPA2016,0.23611110548178355,0.9051282127698262,9.008404880362136,1.0542615767222139,11.703088290585722,True
NPA2016,0.2638888825972875,0.9051282127698262,9.005453286644682,1.0516484493862188,11.677906884996455,True
NPA2016,0.29166665971279143,0.9051282127698262,9.006905810210938,1.0531394808904524,11.6925779294431,True
NPA2016,0.3194444368282954,0.9051282127698262,9.002199564795141,1.0533076997953579,11.700559315686837,True
NPA2016,0.3472222139437993,0.9051282127698262,8.994197896356548,1.0523747976775113,11.700596426767715,True
NPA2016,0.37499999105930326,0.9051282127698262,9.00183574120459,1.0539660661798098,11.708345902774406,True
NPA2016,0.4027777681748072,0.9051282127698262,9.012813926599279,1.045354437707932,11.598535665124574,True
NPA2016,0.4305555452903112,0.9051282127698262,9.011698924948718,1.0423013634094895,11.566091722437575,False
NPA2016,0.45833332240581515,0.9051282127698262,9.028371986843156,1.0203659997954273,11.301771806504913,False
NPA2016,0.4861110995213191,0.9051282127698262,9.02277245913594,1.0237727049639775,11.346542424744008,False
NPA2016,0.513888876636823,0.9051282127698262,9.024298930926081,1.0165137899901577,11.264185703186167,False
NPA2016,0.5416666537523269,0.9051282127698262,9.008421658296617,1.0269063839429293,11.399404056504887,False
NPA2016,-0.5416666537523269,0.934188042084376,9.208578433865636,1.0437482830106655,11.334521289107533,False
NPA2016,-0.513888876636823,0.934188042084376,9.201943589253633,1.0701482512738656,11.629589345924964,False
NPA2016,-0.4861110995213191,0.934188042084376,9.193447090100136,1.0706065642772686,11.645322519233723,False
NPA2016,-0.45833332240581515,0.934188042084376,9.197405262418057,1.0706927413466718,11.641247838906033,False
NPA2016,-0.4305555452903112,0.934188042084376,9.191246382047167,1.070171538090369,11.643377770621894,False
NPA2016,-0.4027777681748072,0.934188042084376,9.170628208168813,1.0692771010462567,11.659802107055102,False
NPA2016,-0.37499999105930326,0.934188042084376,9.176127555595334,1.0746164529069906,11.711001687762295,True
NPA2016,-0.3472222139437993,0.934188042084376,9.182158408491512,1.069041178043301,11.64259132204329,True
NPA2016,-0.3194444368282954,0.934188042084376,9.17120450585005,1.0708658120688752,11.676392249085717,True
NPA2016,-0.29166665971279143,0.934188042084376,9.168133224892447,1.0683564729450217,11.65293355515735,True
NPA2016,-0.2638888825972875,0.934188042084376,9.17177593027241,1.0629035064055676,11.588851651917736,True
NPA2016,-0.23611110548178355,0.934188042084376,9.160577264718588,1.0660294227790448,11.637142419886494,True
NPA2016,-0.2083333283662796,0.934188042084376,9.150671321607971,1.0697734474432925,11.69065536117748,True
NPA2016,-0.18055555125077566,0.934188042084376,9.142866839150622,1.0716586272222746,11.721253804477724,True
NPA2016,-0.15277777413527172,0.934188042084376,9.15530020751872,1.0582256979521931,11.558612759449803,True
NPA2016,-0.12499999701976776,0.934188042084376,9.150979548275545,1.0581883649712147,11.56366222204731,True
NPA2016,-0.09722221990426382,0.934188042084376,9.153707793573002,1.0590353259521945,11.5694683491619,True
NPA2016,-0.06944444278875987,0.934188042084376,9.151019884936186,1.049843846486187,11.472424491333165,True
NPA2016,-0.04166666567325592,0.934188042084376,9.147282554790758,1.0515867849002414,11.49616597717852,True
NPA2016,-0.013888888557751973,0.934188042084376,9.157543410389836,1.0358711988894003,11.311671181532551,True
NPA2016,0.013888888557751973,0.934188042084376,9.145185925625686,1.0411119125265487,11.384261850918236,True
NPA2016,0.04166666567325592,0.934188042084376,9.130612723170813,1.0417734978679818,11.40967785463364,True
NPA2016,0.06944444278875987,0.934188042084376,9.093093961898957,1.0576219673249359,11.631046283657529,True
NPA2016,0.09722221990426382,0.934188042084376,9.068807783464804,1.0537366366810974,11.619351317627219,True
NPA2016,0.12499999701976776,0.934188042084376,9.091782331210949,1.0526547258263348,11.578089834076902,True
NPA2016,0.15277777413527172,0.934188042084376,9.065636865246836,1.0517343883137011,11.601329326851047,True
NPA2016,0.18055555125077566,0.934188042084376,9.046544202430361,1.047983327365373,11.584349823702086,True
NPA2016,0.2083333283662796,0.934188042084376,9.049662308444814,1.0470470150167854,11.570011999671186,True
NPA2016,0.23611110548178355,0.934188042084376,9.039825412451858,1.0522451391956267,11.640104661161015,True
NPA2016,0.2638888825972875,0.934188042084376,9.028699539463437,1.0543600463659752,11.67787278508367,True
NPA2016,0.29166665971279143,0.934188042084376,9.045140216523297,1.055871646881312,11.673358528511127,True
NPA2016,0.3194444368282954,0.934188042084376,9.049729921432009,1.0545008641868874,11.652290989254467,True
NPA2016,0.3472222139437993,0.934188042084376,9.026330481198691,1.0519012047425138,11.65369700271402,True
NPA2016,0.37499999105930326,0.934188042084376,9.021418361477085,1.0501266887780452,11.640372352780533,True
NPA2016,0.4027777681748072,0.934188042084376,9.02320211349325,1.052011502053852,11.658959744242894,False
NPA2016,0.4305555452903112,0.934188042084376,9.028059471707714,1.0529026873152,11.662558167841102,False
NPA2016,0.45833332240581515,0.934188042084376,9.04751904915324,1.0410636192909237,11.50661981074643,False
NPA2016,0.4861110995213191,0.934188042084376,9.059318754620161,1.0281263607238906,11.34882642471937,False
NPA2016,0.513888876636823,0.934188042084376,9.04216592734272,1.0337590117051334,11.432648106789728,False
NPA2016,0.5416666537523269,0.934188042084376,9.034412892576366,1.0415545282171794,11.528746146559577,False
NPA2016,-0.5416666537523269,0.9632478713989258,9.24005681850107,1.076405915339619,11.649343034172322,False
NPA2016,-0.513888876636823,0.9632478713989258,9.242853915985833,1.0753109558520344,11.633971126518047,False
NPA2016,-0.4861110995213191,0.9632478713989258,9.239197927494326,1.0676864796895238,11.55605159742563,False
NPA2016,-0.45833332240581515,0.9632478713989258,9.240971835527457,1.072597780227924,11.606980297291452,False
NPA2016,-0.4305555452903112,0.9632478713989258,9.245513142012818,1.069860158315703,11.571668785522773,False
NPA2016,-0.4027777681748072,0.9632478713989258,9.2200551118814,1.0779818982389484,11.69170775183122,False
NPA2016,-0.37499999105930326,0.9632478713989258,9.207525949165689,1.0781284890624343,11.709209346948683,False
NPA2016,-0.3472222139437993,0.9632478713989258,9.21307639619341,1.0723961320431017,11.639935304196396,True
NPA2016,-0.3194444368282954,0.9632478713989258,9.185507200661688,1.0672703620477533,11.619068372956818,True
NPA2016,-0.29166665971279143,0.9632478713989258,9.201585711039089,1.072600124455288,11.656687859446833,True
NPA2016,-0.2638888825972875,0.9632478713989258,9.206824715048267,1.0737702457599185,11.662764079833893,True
NPA2016,-0.23611110548178355,0.9632478713989258,9.205971045390458,1.0704048502855426,11.627288908555794,True
NPA2016,-0.2083333283662796,0.9632478713989258,9.181630035831276,1.0752027379647526,11.71036878820839,True
NPA2016,-0.18055555125077566,0.9632478713989258,9.179577001448425,1.0704649309838559,11.661375364191068,True
NPA2016,-0.15277777413527172,0.9632478713989258,9.177813313335584,1.069924874452279,11.65773194468504,True
NPA2016,-0.12499999701976776,0.9632478713989258,9.19082842351133,1.0640625712061027,11.577439183655008,True
NPA2016,-0.09722221990426382,0.9632478713989258,9.183772417936181,1.0625514787333694,11.569880332162573,True
NPA2016,-0.06944444278875987,0.9632478713989258,9.192433535777552,1.0534148382316524,11.459586127348032,True
NPA2016,-0.04166666567325592,0.9632478713989258,9.208237820911405,1.0316444619848988,11.203494979702745,True
NPA2016,-0.013888888557751973,0.9632478713989258,9.202938318873016,1.0273671652799354,11.16346898873648,True
NPA2016,0.013888888557751973,0.9632478713989258,9.175264403967988,1.0478650060779024,11.420542885115514,True
NPA2016,0.04166666567325592,0.9632478713989258,9.161988045341026,1.0427035920432455,11.380756958894658,True
NPA2016,0.06944444278875987,0.9632478713989258,9.118160669335566,1.0586866093716698,11.610747471604002,True
NPA2016,0.09722221990426382,0.9632478713989258,9.113000264031626,1.0599842825707944,11.631562074616394,True
NPA2016,0.12499999701976776,0.9632478713989258,9.08377679201249,1.0541974418094537,11.605276813235067,True
NPA2016,0.15277777413527172,0.9632478713989258,9.090041115783777,1.0581280533009063,11.64051999130777,True
NPA2016,0.18055555125077566,0.9632478713989258,9.079038327393118,1.061601887881193,11.692889154109483,True
NPA2016,0.2083333283662796,0.9632478713989258,9.072888358124281,1.0506732617975345,11.580361405601485,True
NPA2016,0.23611110548178355,0.9632478713989258,9.059422234793354,1.0499611379692484,11.589714120364079,True
NPA2016,0.2638888825972875,0.9632478713989258,9.042220354683495,1.0457242769043225,11.564905917855459,True
NPA2016,0.29166665971279143,0.9632478713989258,9.055111614463646,1.053112656248032,11.63003506843477,True
NPA2016,0.3194444368282954,0.9632478713989258,9.056057291250704,1.0609866064565752,11.71576738457278,True
NPA2016,0.3472222139437993,0.9632478713989258,9.047774477540846,1.0565838377756902,11.677831276613187,True
NPA2016,0.37499999105930326,0.9632478713989258,9.043597551589826,1.0576570763673703,11.695092249891623,False
NPA2016,0.4027777681748072,0.9632478713989258,9.05018713058786,1.0487396859654055,11.588044212045856,False
NPA2016,0.4305555452903112,0.9632478713989258,9.054349701310294,1.0590044688248519,11.696085348587749,False
NPA2016,0.45833332240581515,0.9632478713989258,9.07024334808991,1.0542072391141084,11.622700722093773,False
NPA2016,0.4861110995213191,0.9632478713989258,9.082735237336228,1.0446416285216304,11.50139909646867,False
NPA2016,0.513888876636823,0.9632478713989258,9.071811896990297,1.047308864862783,11.544649258107333,False
NPA2016,0.5416666537523269,0.9632478713989258,9.06065873375165,1.047319656070409,11.558979174097605,False
NPA2016,-0.5416666537523269,0.9923077007134755,9.286311425559605,1.0809055848493623,11.639773159817603,False
NPA2016,-0.513888876636823,0.9923077007134755,9.283166822939984,1.0764044192855111,11.595228652204844,False
NPA2016,-0.4861110995213191,0.9923077007134755,9.276088330755684,1.0732191382285046,11.569738234058773,False
NPA2016,-0.45833332240581515,0.9923077007134755,9.268102688377336,1.073380390421176,11.581446888447283,False
NPA2016,-0.4305555452903112,0.9923077007134755,9.270455483880781,1.07816643492198,11.630134428633705,False
NPA2016,-0.4027777681748072,0.9923077007134755,9.249274323279883,1.0812038636659989,11.689607485688601,False
NPA2016,-0.37499999105930326,0.9923077007134755,9.246077451477063,1.0799312699044914,11.679885611730107,False
NPA2016,-0.3472222139437993,0.9923077007134755,9.258221543193136,1.0759987231929524,11.62208873672992,False
NPA2016,-0.3194444368282954,0.9923077007134755,9.233020278114607,1.0754811271502074,11.648204972531717,True
NPA2016,-0.29166665971279143,0.9923077007134755,9.230409130268244,1.0786661908122999,11.686006281944222,True
NPA2016,-0.2638888825972875,0.9923077007134755,9.213580179781376,1.0759517428799732,11.677889830937618,True
NPA2016,-0.23611110548178355,0.9923077007134755,9.209927672188936,1.0795453426920727,11.721539854780376,True
NPA2016,-0.2083333283662796,0.9923077007134755,9.218105738678512,1.0805455376809152,11.721991136932001,True
NPA2016,-0.18055555125077566,0.9923077007134755,9.22736511171357,1.0737623956319817,11.636717336229674,True
NPA2016,-0.15277777413527172,0.9923077007134755,9.232144818027404,1.0496061418192302,11.369038966651472,True
NPA2016,-0.12499999701976776,0.9923077007134755,9.234772896967817,1.0544938414932776,11.418730631042529,True
NPA2016,-0.09722221990426382,0.9923077007134755,9.20096800458027,1.0727926314905227,11.659562678149552,True
NPA2016,-0.06944444278875987,0.9923077007134755,9.218760509752672,1.0632329379291876,11.533361093439588,True
NPA2016,-0.04166666567325592,0.9923077007134755,9.215558026740208,1.0599383886136275,11.501619169865467,True
NPA2016,-0.013888888557751973,0.9923077007134755,9.217788726221194,1.051125281116422,11.40322600502179,True
NPA2016,0.013888888557751973,0.9923077007134755,9.206629046739117,1.0490897983748966,11.394939375193706,True
NPA2016,0.04166666567325592,0.9923077007134755,9.181057567139128,1.0551467555071334,11.492649379345124,True
NPA2016,0.06944444278875987,0.9923077007134755,9.141126974312368,1.0627315133751827,11.625825966115361,True
NPA2016,0.09722221990426382,0.9923077007134755,9.135806976739154,1.0679355311015468,11.68955882956631,True
NPA2016,0.12499999701976776,0.9923077007134755,9.12904033135764,1.0636359131993105,11.651125141224238,True
NPA2016,0.15277777413527172,0.9923077007134755,9.126854312699564,1.0645077323605996,11.663468002106598,True
NPA2016,0.18055555125077566,0.9923077007134755,9.11073613399421,1.057330607920554,11.605325764791004,True
NPA2016,0.2083333283662796,0.9923077007134755,9.112703955963186,1.057534810669045,11.60506053724058,True
NPA2016,0.23611110548178355,0.9923077007134755,9.113487743087441,1.0551436576873952,11.57782494948456,True
NPA2016,0.2638888825972875,0.9923077007134755,9.10736382486866,1.065357295979945,11.697757072917959,True
NPA2016,0.29166665971279143,0.9923077007134755,9.115193425495017,1.067433518478539,11.710486751635447,True
NPA2016,0.3194444368282954,0.9923077007134755,9.097807698209941,1.0656103992574124,11.712826151151546,True
NPA2016,0.3472222139437993,0.9923077007134755,9.10052743618956,1.0637569662419302,11.68895949933349,False
NPA2016,0.37499999105930326,0.9923077007134755,9.108420611960067,1.059588536687022,11.633065509685615,False
NPA2016,0.4027777681748072,0.9923077007134755,9.074759160469087,1.0543714020824229,11.618726000745136,False
NPA2016,0.4305555452903112,0.9923077007134755,9.067929162721075,1.0581295030855047,11.668921140623297,False
NPA2016,0.45833332240581515,0.9923077007134755,9.099637286707562,1.0592612915753856,11.640697955320903,False
NPA2016,0.4861110995213191,0.9923077007134755,9.110893665571039,1.0492814459332755,11.516778534013438,False
NPA2016,0.513888876636823,0.9923077007134755,9.106771737828335,1.050461741394138,11.534951919686948,False
NPA2016,0.5416666537523269,0.9923077007134755,9.105079770163831,1.039665603918887,11.418522738545759,False
NPA2016,-0.5416666537523269,1.0213675300280254,9.31255481618173,1.0860806539846581,11.662542400260097,False
NPA2016,-0.513888876636823,1.0213675300280254,9.306739528414836,1.0811394570348196,11.61673702948216,False
NPA2016,-0.4861110995213191,1.0213675300280254,9.311402944846245,1.080337605027903,11.60230753010058,False
NPA2016,-0.45833332240581515,1.0213675300280254,9.315710362748591,1.076206111233044,11.552593085510127,False
NPA2016,-0.4305555452903112,1.0213675300280254,9.307406649719589,1.0800294056134956,11.60397784538655,False
NPA2016,-0.4027777681748072,1.0213675300280254,9.28449331010597,1.0888189555536478,11.727284615181874,False
NPA2016,-0.37499999105930326,1.0213675300280254,9.274312194947113,1.0831810333380074,11.679367812614208,False
NPA2016,-0.3472222139437993,1.0213675300280254,9.27122083616259,1.0844046251175876,11.696459876005163,False
NPA2016,-0.3194444368282954,1.0213675300280254,9.267908203573981,1.079905500870891,11.652095350431367,False
NPA2016,-0.29166665971279143,1.0213675300280254,9.267994585569927,1.079116234749383,11.643470707563257,True
NPA2016,-0.2638888825972875,1.0213675300280254,9.260544583969532,1.0725356212644834,11.581776984488542,True
NPA2016,-0.23611110548178355,1.0213675300280254,9.24894794024176,1.0749679861917536,11.622597436348581,True
NPA2016,-0.2083333283662796,1.0213675300280254,9.249569503537044,1.080908384528771,11.686039919105754,True
NPA2016,-0.18055555125077566,1.0213675300280254,9.244556020029009,1.0787871232259971,11.669431402532753,True
NPA2016,-0.15277777413527172,1.0213675300280254,9.267962965081121,1.0626765287325186,11.466128347041977,True
NPA2016,-0.12499999701976776,1.0213675300280254,9.274058771557502,1.0492369538848327,11.313675918279973,True
NPA2016,-0.09722221990426382,1.0213675300280254,9.262495196372644,1.0612128799167009,11.457095063674533,True
NPA2016,-0.06944444278875987,1.0213675300280254,9.258678863737652,1.0615622891150551,11.465591416856975,True
NPA2016,-0.04166666567325592,1.0213675300280254,9.24264541012022,1.0690386656080932,11.566371078539387,True
NPA2016,-0.013888888557751973,1.0213675300280254,9.249774444961766,1.0577584919758312,11.435505787408456,True
NPA2016,0.013888888557751973,1.0213675300280254,9.217679620914861,1.0634284583892106,11.53683467123654,True
NPA2016,0.04166666567325592,1.0213675300280254,9.206276153172325,1.065987678221268,11.578923556990487,True
NPA2016,0.06944444278875987,1.0213675300280254,9.183774910260071,1.0695830284493737,11.64644211014406,True
NPA2016,0.09722221990426382,1.0213675300280254,9.15734286882172,1.0581621301057589,11.555340290997677,True
NPA2016,0.12499999701976776,1.0213675300280254,9.16092801405151,1.0631300531933274,11.605047562459207,True
NPA2016,0.15277777413527172,1.0213675300280254,9.169200830618728,1.0645217742294515,11.609755243605225,True
NPA2016,0.18055555125077566,1.0213675300280254,9.14933085515061,1.0639162534693647,11.628350425981521,True
NPA2016,0.2083333283662796,1.0213675300280254,9.154933766291931,1.0615319041237357,11.595189339678786,True
NPA2016,0.23611110548178355,1.0213675300280254,9.151455637828938,1.061200994694877,11.595980319330193,True
NPA2016,0.2638888825972875,1.0213675300280254,9.152773130351218,1.065618848994612,11.642579072138775,True
NPA2016,0.29166665971279143,1.0213675300280254,9.124344570410406,1.0668457869738572,11.692300512560228,True
NPA2016,0.3194444368282954,1.0213675300280254,9.11832390958722,1.0663055665282961,11.69409616395791,False
NPA2016,0.3472222139437993,1.0213675300280254,9.127181085598327,1.067115304824681,11.69161973249846,False
NPA2016,0.37499999105930326,1.0213675300280254,9.1389963715704,1.0657610433575866,11.661685813476819,False
NPA2016,0.4027777681748072,1.0213675300280254,9.102338005053662,1.0619811431900963,11.667124892532877,False
NPA2016,0.4305555452903112,1.0213675300280254,9.103294319468828,1.0590306528303393,11.633488006264232,False
NPA2016,0.45833332240581515,1.0213675300280254,9.140003423573212,1.056974143287115,11.564264194486475,False
NPA2016,0.4861110995213191,1.0213675300280254,9.133322923486508,1.059585883666832,11.601318518390357,False
NPA2016,0.513888876636823,1.0213675300280254,9.144224668333562,1.043414305132377,11.410637238012308,False
NPA2016,0.5416666537523269,1.0213675300280254,9.135257092121476,1.0387943841892044,11.371266005037695,False
NPA2016,-0.5416666537523269,1.050427359342575,9.339176413470122,1.0892487728623677,11.66322087343074,False
NPA2016,-0.513888876636823,1.050427359342575,9.340592178740255,1.0888158218392614,11.65681790837064,False
NPA2016,-0.4861110995213191,1.050427359342575,9.360351475535445,1.0698999437785188,11.430125744474962,False
NPA2016,-0.45833332240581515,1.050427359342575,9.364448034484433,1.0703704583843314,11.430150014637372,False
NPA2016,-0.4305555452903112,1.050427359342575,9.335606806974651,1.0827869740257892,11.59846377866768,False
NPA2016,-0.4027777681748072,1.050427359342575,9.305723648851544,1.0831104142768049,11.639185249289838,False
NPA2016,-0.37499999105930326,1.050427359342575,9.285737801208981,1.077007094059383,11.598508563521568,False
NPA2016,-0.3472222139437993,1.050427359342575,9.287842004810868,1.0798628109104234,11.626627696197692,False
NPA2016,-0.3194444368282954,1.050427359342575,9.29894015591764,1.0781955814965498,11.594822242300484,False
NPA2016,-0.29166665971279143,1.050427359342575,9.289388498733526,1.0846562651745064,11.676293496847329,False
NPA2016,-0.2638888825972875,1.050427359342575,9.279892939721941,1.0778921474072205,11.615351108129465,False
NPA2016,-0.23611110548178355,1.050427359342575,9.28402973786622,1.082241821463976,11.657026657830496,True
NPA2016,-0.2083333283662796,1.050427359342575,9.291545389226647,1.0834853322171893,11.660980889933208,True
NPA2016,-0.18055555125077566,1.050427359342575,9.283139769391008,1.0835082195608752,11.671786124921777,True
NPA2016,-0.15277777413527172,1.050427359342575,9.309691553763784,1.0619885303100811,11.407343886497864,True
NPA2016,-0.12499999701976776,1.050427359342575,9.310462907115982,1.0549286498674075,11.330571426917196,True
NPA2016,-0.09722221990426382,1.050427359342575,9.306656056450572,1.0466524284920171,11.24627817062787,True
NPA2016,-0.06944444278875987,1.050427359342575,9.28604125208275,1.0665868191264232,11.485915151272888,True
NPA2016,-0.04166666567325592,1.050427359342575,9.27146910782133,1.0707909957078436,11.549313094345898,True
NPA2016,-0.013888888557751973,1.050427359342575,9.28544935997275,1.0537325666037836,11.34821294859634,True
NPA2016,0.013888888557751973,1.050427359342575,9.257866964870937,1.0701860002062105,11.559747015884343,True
NPA2016,0.04166666567325592,1.050427359342575,9.24006340436239,1.0709791686718917,11.590604109559079,True
NPA2016,0.06944444278875987,1.050427359342575,9.231615234014173,1.0757891015837227,11.653313903507852,True
NPA2016,0.09722221990426382,1.050427359342575,9.206831927471566,1.071787616637857,11.641220618352243,True
NPA2016,0.12499999701976776,1.050427359342575,9.206050925066638,1.0751992833278718,11.679267169816237,True
NPA2016,0.15277777413527172,1.050427359342575,9.195242830333346,1.0713098595682253,11.65069677153255,True
NPA2016,0.18055555125077566,1.050427359342575,9.203408699751755,1.0707841187405798,11.634647049516145,True
NPA2016,0.2083333283662796,1.050427359342575,9.19881334186263,1.0762601322338397,11.69998881633913,True
NPA2016,0.23611110548178355,1.050427359342575,9.186553545055304,1.07557319112617,11.708125205508665,True
NPA2016,0.2638888825972875,1.050427359342575,9.173462662664388,1.075750471879454,11.726765687483677,False
NPA2016,0.29166665971279143,1.050427359342575,9.1516477556209,1.0659957353739955,11.648128990970678,False
NPA2016,0.3194444368282954,1.050427359342575,9.152815722634546,1.0701603068755803,11.692143044343357,False
NPA2016,0.3472222139437993,1.050427359342575,9.161907636568063,1.072971357533456,11.7112221613203,False
NPA2016,0.37499999105930326,1.050427359342575,9.160784559231276,1.07025599328667,11.683016736903593,False
NPA2016,0.4027777681748072,1.050427359342575,9.153077987508286,1.0690572791795256,11.679757133485888,False
NPA2016,0.4305555452903112,1.050427359342575,9.164317699826123,1.0696479733838253,11.671877911916127,False
NPA2016,0.45833332240581515,1.050427359342575,9.161729762616016,1.0660923857817397,11.636365767214361,False
NPA2016,0.4861110995213191,1.050427359342575,9.164750403451183,1.0659063256784218,11.630500327396062,False
NPA2016,0.513888876636823,1.050427359342575,9.18436975417264,1.046514345631253,11.394514524590008,False
NPA2016,0.5416666537523269,1.050427359342575,9.169717590999069,1.0473162144974197,11.421466409450364,False
NPA2016,-0.5416666537523269,1.079487188657125,9.382523272218222,1.0877710455945524,11.593587503432655,False
NPA2016,-0.513888876636823,1.079487188657125,9.388479425016373,1.0812639791875938,11.516923350830139,False
NPA2016,-0.4861110995213191,1.079487188657125,9.38019807328415,1.0816965997586216,11.53170318268027,False
NPA2016,-0.45833332240581515,1.079487188657125,9.370034098073269,1.0884909356230255,11.616723314239042,False
NPA2016,-0.4305555452903112,1.079487188657125,9.36368976931345,1.0896399029865345,11.636864631691312,False
NPA2016,-0.4027777681748072,1.079487188657125,9.33572599296526,1.0901786133789475,11.677491543779547,False
NPA2016,-0.37499999105930326,1.079487188657125,9.333251686230545,1.0881632789861633,11.658994266612817,False
NPA2016,-0.3472222139437993,1.079487188657125,9.32564618589847,1.0893813959019711,11.681564732203228,False
NPA2016,-0.3194444368282954,1.079487188657125,9.31974962609566,1.0833286329770748,11.624010047906358,False
NPA2016,-0.29166665971279143,1.079487188657125,9.320769237183006,1.0877710247836347,11.670399696671272,False
NPA2016,-0.2638888825972875,1.079487188657125,9.32717269945943,1.088345341589932,11.668544977761682,False
NPA2016,-0.23611110548178355,1.079487188657125,9.321812156371672,1.0834970190338502,11.623244502875496,False
NPA2016,-0.2083333283662796,1.079487188657125,9.313608762859333,1.0803372960810775,11.599556343715339,True
NPA2016,-0.18055555125077566,1.079487188657125,9.298749082395528,1.0700299044882557,11.507245705920226,True
NPA2016,-0.15277777413527172,1.079487188657125,9.327906027468048,1.0761283107262685,11.536654717118447,True
NPA2016,-0.12499999701976776,1.079487188657125,9.329039812050985,1.0725377224742885,11.496764341050568,True
NPA2016,-0.09722221990426382,1.079487188657125,9.346280901010156,1.0447692375011859,11.178448931363343,True
NPA2016,-0.06944444278875987,1.079487188657125,9.31604475185502,1.072067071235838,11.507749262608113,True
NPA2016,-0.04166666567325592,1.079487188657125,9.2773275726626,1.078808743052715,11.6284429390165,True
NPA2016,-0.013888888557751973,1.079487188657125,9.278209507222419,1.0740326413240264,11.575861059054219,True
NPA2016,0.013888888557751973,1.079487188657125,9.280633870014547,1.0762174379194793,11.596378577078728,True
NPA2016,0.04166666567325592,1.079487188657125,9.28260034139463,1.0755789999630163,11.587044151482019,True
NPA2016,0.06944444278875987,1.079487188657125,9.267433715234219,1.0821832910353117,11.677270367268672,True
NPA2016,0.09722221990426382,1.079487188657125,9.246529077270463,1.081642113895228,11.69781768765631,True
NPA2016,0.12499999701976776,1.079487188657125,9.226913290989835,1.0800873456349616,11.705836085938694,True
NPA2016,0.15277777413527172,1.079487188657125,9.219835648144914,1.0793219482232312,11.706520478381817,True
NPA2016,0.18055555125077566,1.079487188657125,9.231704567812757,1.0782194174820743,11.679526890856017,True
NPA2016,0.2083333283662796,1.079487188657125,9.22860234862257,1.0802447556915515,11.705399310576919,True
NPA2016,0.23611110548178355,1.079487188657125,9.207039862469678,1.0765959312863367,11.693182036441762,False
NPA2016,0.2638888825972875,1.079487188657125,9.216534920231794,1.0773010383415522,11.68878594466887,False
NPA2016,0.29166665971279143,1.079487188657125,9.206350073548984,1.0768966585071096,11.697324671599993,False
NPA2016,0.3194444368282954,1.079487188657125,9.200819286640249,1.076184202934386,11.696612762485449,False
NPA2016,0.3472222139437993,1.079487188657125,9.182947403041126,1.0751244092399612,11.707835861979468,False
NPA2016,0.37499999105930326,1.079487188657125,9.191370524838339,1.0775808309049448,11.723831913781952,False
NPA2016,0.4027777681748072,1.079487188657125,9.204172422972688,1.072516580916466,11.652504229924817,False
NPA2016,0.4305555452903112,1.079487188657125,9.214783540578733,1.0606862019729768,11.510701225938517,False
NPA2016,0.45833332240581515,1.079487188657125,9.214225232184807,1.0523261867253306,11.42066923922817,False
NPA2016,0.4861110995213191,1.079487188657125,9.204315961334498,1.060742071142408,11.524398723363852,False
NPA2016,0.513888876636823,1.079487188657125,9.199070984102171,1.0517519030070281,11.43324043074203,False
NPA2016,0.5416666537523269,1.079487188657125,9.20574268447552,1.046871193063719,11.37193628960706,False
NPA2016,-0.5416666537523269,1.1085470179716745,9.419856320552972,1.0847586609514894,11.515660367182873,False
NPA2016,-0.513888876636823,1.1085470179716745,9.409968854055585,1.0854049702710176,11.534628723061298,False
NPA2016,-0.4861110995213191,1.1085470179716745,9.403585580994777,1.0916467979078959,11.608835677682148,False
NPA2016,-0.45833332240581515,1.1085470179716745,9.392574549834693,1.0929718669257709,11.636552482247872,False
NPA2016,-0.4305555452903112,1.1085470179716745,9.383897336315234,1.098048819424416,11.701415521406224,False
NPA2016,-0.4027777681748072,1.1085470179716745,9.36046035806433,1.0878654275374287,11.621922276506396,False
NPA2016,-0.37499999105930326,1.1085470179716745,9.358092218756997,1.0826977819528012,11.56964215187668,False
NPA2016,-0.3472222139437993,1.1085470179716745,9.375318005682908,1.0961720126509755,11.692104864992569,False
NPA2016,-0.3194444368282954,1.1085470179716745,9.339790513717352,1.0930030741379928,11.702650852101009,False
NPA2016,-0.29166665971279143,1.1085470179716745,9.340588113049938,1.086828865180829,11.63555069581108,False
NPA2016,-0.2638888825972875,1.1085470179716745,9.34134412259812,1.0862094205613428,11.627977797473903,False
NPA2016,-0.23611110548178355,1.1085470179716745,9.336163026829055,1.084068203448424,11.611496075348827,False
NPA2016,-0.2083333283662796,1.1085470179716745,9.331388959571983,1.0930247226397554,11.713419378136079,False
NPA2016,-0.18055555125077566,1.1085470179716745,9.357703861788483,1.072185197335615,11.4577808100319,False
NPA2016,-0.15277777413527172,1.1085470179716745,9.364653950560964,1.077018409784545,11.500888505549414,False
NPA2016,-0.12499999701976776,1.1085470179716745,9.366437159556806,1.0678267546272198,11.400564979370943,True
NPA2016,-0.09722221990426382,1.1085470179716745,9.34027685103816,1.0793648515061978,11.556026322562673,True
NPA2016,-0.06944444278875987,1.1085470179716745,9.333684236696023,1.0814958933350998,11.587020365260742,True
NPA2016,-0.04166666567325592,1.1085470179716745,9.306475731945415,1.0890157285256923,11.70169847203852,True
NPA2016,-0.013888888557751973,1.1085470179716745,9.30071146023808,1.0859452342968483,11.67593725425657,True
NPA2016,0.013888888557751973,1.1085470179716745,9.280683312707652,1.0849154304957918,11.690038264857744,True
NPA2016,0.04166666567325592,1.1085470179716745,9.28721981495376,1.0890884349494236,11.726743381219798,True
NPA2016,0.06944444278875987,1.1085470179716745,9.2747410417358,1.0831668553975191,11.678674914192545,True
NPA2016,0.09722221990426382,1.1085470179716745,9.26770640888214,1.0808172549369066,11.662187031529776,True
NPA2016,0.12499999701976776,1.1085470179716745,9.271335608372972,1.0787479463143643,11.635302526856472,True
NPA2016,0.15277777413527172,1.1085470179716745,9.240731166152674,1.0680221157902108,11.557766334575401,False
NPA2016,0.18055555125077566,1.1085470179716745,9.245486575789615,1.075321582094638,11.630773278179788,False
NPA2016,0.2083333283662796,1.1085470179716745,9.25577859239886,1.0821485085535485,11.691598904950506,False
NPA2016,0.23611110548178355,1.1085470179716745,9.242957716401756,1.0770230680909625,11.652363898406353,False
NPA2016,0.2638888825972875,1.1085470179716745,9.239194711143444,1.0725553472219267,11.608753584642088,False
NPA2016,0.29166665971279143,1.1085470179716745,9.254040871794436,1.0748128936971402,11.614525033848537,False
NPA2016,0.3194444368282954,1.1085470179716745,9.231875535660777,1.0775285960139647,11.671827591822488,False
NPA2016,0.3472222139437993,1.1085470179716745,9.203984844273432,1.0743080936430252,11.672206243488569,False
NPA2016,0.37499999105930326,1.1085470179716745,9.222703950904965,1.0796377559180568,11.706303939335697,False
NPA2016,0.4027777681748072,1.1085470179716745,9.241386006844795,1.0750109263079266,11.632572489794288,False
NPA2016,0.4305555452903112,1.1085470179716745,9.232765559830423,1.0723403352468317,11.614508440594772,False
NPA2016,0.45833332240581515,1.1085470179716745,9.230855841031927,1.0721493598795666,11.614842419202052,False
NPA2016,0.4861110995213191,1.1085470179716745,9.22836385132894,1.0574375648547862,11.458559522471678,False
NPA2016,0.513888876636823,1.1085470179716745,9.21866013454164,1.055578211584525,11.450451542620073,False
NPA2016,0.5416666537523269,1.1085470179716745,9.220545125031876,1.055652805136743,11.448919676894848,False
NPA2016,-0.5416666537523269,1.1376068472862244,9.46337740527081,1.073646328146329,11.34527645012172,False
NPA2016,-0.513888876636823,1.1376068472862244,9.4233793247692,1.0867032211625984,11.531990634253855,False
NPA2016,-0.4861110995213191,1.1376068472862244,9.431677913914516,1.0952393103232543,11.6123485165609,False
NPA2016,-0.45833332240581515,1.1376068472862244,9.407495939680533,1.0982211327522127,11.673894305071652,False
NPA2016,-0.4305555452903112,1.1376068472862244,9.39728885701329,1.096008108182532,11.663024568671956,False
NPA2016,-0.4027777681748072,1.1376068472862244,9.395644814369772,1.0977398624246506,11.683496812754763,False
NPA2016,-0.37499999105930326,1.1376068472862244,9.378661743587358,1.092640401087675,11.650280508674554,False
NPA2016,-0.3472222139437993,1.1376068472862244,9.384988834934003,1.1010152840980159,11.731663227980372,False
NPA2016,-0.3194444368282954,1.1376068472862244,9.38419804424046,1.096697140316711,11.686636781816508,False
NPA2016,-0.29166665971279143,1.1376068472862244,9.375043877904538,1.0944780132628582,11.674377501766854,False
NPA2016,-0.2638888825972875,1.1376068472862244,9.367540618545435,1.0964520463629535,11.70480162308821,False
NPA2016,-0.23611110548178355,1.1376068472862244,9.36592855840432,1.0938830662638988,11.679387253945318,False
NPA2016,-0.2083333283662796,1.1376068472862244,9.368219115428971,1.0950862252398201,11.689374594540277,False
NPA2016,-0.18055555125077566,1.1376068472862244,9.39080807700247,1.086468683040174,11.569490869490465,False
NPA2016,-0.15277777413527172,1.1376068472862244,9.405838043058003,1.076715712373095,11.447312907623019,False
NPA2016,-0.12499999701976776,1.1376068472862244,9.38258020580655,1.081503547418537,11.526717850482456,False
NPA2016,-0.09722221990426382,1.1376068472862244,9.364879109048598,1.0786881376281063,11.518441669854006,False
NPA2016,-0.06944444278875987,1.1376068472862244,9.331952489314833,1.087953156965585,11.658365794417628,False
NPA2016,-0.04166666567325592,1.1376068472862244,9.342640882884444,1.0929294589298668,11.69829251311687,False
NPA2016,-0.013888888557751973,1.1376068472862244,9.327175400637282,1.0923589039218442,11.711572442898506,False
NPA2016,0.013888888557751973,1.1376068472862244,9.31235835422756,1.089461015070855,11.699088175405846,False
NPA2016,0.04166666567325592,1.1376068472862244,9.306911679768598,1.086399409075676,11.67303877436911,False
NPA2016,0.06944444278875987,1.1376068472862244,9.306168034374526,1.0864003864614071,11.673982056293537,False
NPA2016,0.09722221990426382,1.1376068472862244,9.305022832442017,1.0894137138133047,11.707802693563064,False
NPA2016,0.12499999701976776,1.1376068472862244,9.271284856861794,1.0673444411913815,11.512368109382667,False
NPA2016,0.15277777413527172,1.1376068472862244,9.282934076091946,1.0804161993286416,11.638736098656963,False
NPA2016,0.18055555125077566,1.1376068472862244,9.275108694315524,1.0838209018729523,11.685263618928783,False
NPA2016,0.2083333283662796,1.1376068472862244,9.270414854824596,1.0816421875835176,11.667678356601261,False
NPA2016,0.23611110548178355,1.1376068472862244,9.27808562897958,1.0813801915373138,11.655208140779424,False
NPA2016,0.2638888825972875,1.1376068472862244,9.27411637347843,1.0832094552381297,11.679920885356024,False
NPA2016,0.29166665971279143,1.1376068472862244,9.257785651064271,1.0806366557899518,11.672733594406804,False
NPA2016,0.3194444368282954,1.1376068472862244,9.239184881083927,1.0684914425149712,11.564780402896508,False
NPA2016,0.3472222139437993,1.1376068472862244,9.239945596807894,1.0771406603795557,11.657435090869726,False
NPA2016,0.37499999105930326,1.1376068472862244,9.246350827381193,1.075603170327329,11.63273155440034,False
NPA2016,0.4027777681748072,1.1376068472862244,9.251708780679873,1.0795422339923162,11.668571283249845,False
NPA2016,0.4305555452903112,1.1376068472862244,9.262747352714948,1.0602445812837846,11.446329484232589,False
NPA2016,0.45833332240581515,1.1376068472862244,9.252779839458212,1.0711129324468125,11.576120377133394,False
NPA2016,0.4861110995213191,1.1376068472862244,9.25418287856061,1.059010399322631,11.4435862487229,False
NPA2016,0.513888876636823,1.1376068472862244,9.248680955268652,1.060475673850995,11.466236958329489,False
NPA2016,0.5416666537523269,1.1376068472862244,9.245744412959535,1.0662494502602295,11.532326686055626,False
NPA2016,-0.5416666537523269,1.166666676600774,9.4664586416003,1.0981295254375922,11.600214684421355,False
NPA2016,-0.513888876636823,1.166666676600774,9.462495874495316,1.0996441854042498,11.621079681188231,False
NPA2016,-0.4861110995213191,1.166666676600774,9.449744087386705,1.1016514398995085,11.658002901580868,False
NPA2016,-0.45833332240581515,1.166666676600774,9.428941175222853,1.1003227481628801,11.669632122154734,False
NPA2016,-0.4305555452903112,1.166666676600774,9.420375294785266,1.0914581846704612,11.58614333841506,False
NPA2016,-0.4027777681748072,1.166666676600774,9.403811324273594,1.0894192767076796,11.584869571932131,False
NPA2016,-0.37499999105930326,1.166666676600774,9.408068505837855,1.1016064406694597,11.709166870818336,False
NPA2016,-0.3472222139437993,1.166666676600774,9.410762652246163,1.1038593819625744,11.729754779216591,False
NPA2016,-0.3194444368282954,1.166666676600774,9.42952992059987,1.0947935718918222,11.610266695268894,False
NPA2016,-0.29166665971279143,1.166666676600774,9.410569852198025,1.0914086267246084,11.597689022728929,False
NPA2016,-0.2638888825972875,1.166666676600774,9.421425496015228,1.094075344328916,11.612630644817527,False
NPA2016,-0.23611110548178355,1.166666676600774,9.392906599776877,1.0923804259104166,11.62984443959408,False
NPA2016,-0.2083333283662796,1.166666676600774,9.407690480178402,1.0977613002226934,11.668765065513465,False
NPA2016,-0.18055555125077566,1.166666676600774,9.413563634414555,1.091949098578297,11.599742042283513,False
NPA2016,-0.15277777413527172,1.166666676600774,9.402674685353215,1.095809133131451,11.654227863890906,False
NPA2016,-0.12499999701976776,1.166666676600774,9.395378442034856,1.0868083430424296,11.567478093059636,False
NPA2016,-0.09722221990426382,1.166666676600774,9.372744646478951,1.0897016302384148,11.626281002414611,False
NPA2016,-0.06944444278875987,1.166666676600774,9.35448245660778,1.0839473390762966,11.587464556209866,False
NPA2016,-0.04166666567325592,1.166666676600774,9.355510380082366,1.0916723493262848,11.668763167110864,False
NPA2016,-0.013888888557751973,1.166666676600774,9.35780686855931,1.0949811973488592,11.701258774935992,False
NPA2016,0.013888888557751973,1.166666676600774,9.341099958400521,1.0932013530183002,11.703133013100626,False
NPA2016,0.04166666567325592,1.166666676600774,9.331124425151948,1.0907051982132425,11.688893519341121,False
NPA2016,0.06944444278875987,1.166666676600774,9.332949377091708,1.0920104306287677,11.700593097710072,False
NPA2016,0.09722221990426382,1.166666676600774,9.328507457241976,1.0928567631314376,11.715237063813708,False
NPA2016,0.12499999701976776,1.166666676600774,9.33248554030369,1.0845342322760518,11.62106523061122,False
NPA2016,0.15277777413527172,1.166666676600774,9.315521711932357,1.0806787645085245,11.60083995214429,False
NPA2016,0.18055555125077566,1.166666676600774,9.30422051301002,1.08207696844519,11.629958328396564,False
NPA2016,0.2083333283662796,1.166666676600774,9.295815686819378,1.0847674961374505,11.66941700097983,False
NPA2016,0.23611110548178355,1.166666676600774,9.29715388373042,1.0825232207561635,11.643597968734582,False
NPA2016,0.2638888825972875,1.166666676600774,9.282571115764457,1.0776088438128248,11.608947891417037,False
NPA2016,0.29166665971279143,1.166666676600774,9.288920624102353,1.082416846980147,11.652773134604622,False
NPA2016,0.3194444368282954,1.166666676600774,9.27728691575925,1.0715679463739711,11.55044525521473,False
NPA2016,0.3472222139437993,1.166666676600774,9.265980662571241,1.058181361210182,11.420068741181082,False
NPA2016,0.37499999105930326,1.166666676600774,9.257971336154304,1.0571474251468629,11.418780494798924,False
NPA2016,0.4027777681748072,1.166666676600774,9.269814831333989,1.073801394647085,11.583849453145525,False
NPA2016,0.4305555452903112,1.166666676600774,9.267725985459563,1.0717681135223436,11.5645209537256,False
NPA2016,0.45833332240581515,1.166666676600774,9.27576059712866,1.0791833272936548,11.634445671524979,False
NPA2016,0.4861110995213191,1.166666676600774,9.285239837684548,1.0644602397273895,11.464003712722977,False
NPA2016,0.513888876636823,1.166666676600774,9.281423059494555,1.0661299232272634,11.486707548974955,False
NPA2016,0.5416666537523269,1.166666676600774,9.263957563922007,1.0673950691761058,11.522020279248897,False
