case,y_over_D,z_over_D,U_mean_mps,U_std_mps,TI_percent,inside_rotor_mask
TurbOPark 0.06,-0.15277777413527172,0.14957265059153238,7.331128872448819,0.6592814701556804,8.992905207727722,True
TurbOPark 0.06,-0.12499999701976776,0.14957265059153238,7.341032650676839,0.6574692636695477,8.956086901601363,True
TurbOPark 0.06,-0.09722221990426382,0.14957265059153238,7.34926480551153,0.6573688829645892,8.944689031637559,True
TurbOPark 0.06,-0.06944444278875987,0.14957265059153238,7.355615877025639,0.6550188814755878,8.90501750535205,True
TurbOPark 0.06,-0.04166666567325592,0.14957265059153238,7.350435904066307,0.6637747106656732,9.030412880662885,True
TurbOPark 0.06,-0.013888888557751973,0.14957265059153238,7.353504298777677,0.6602186540355457,8.97828609613092,True
TurbOPark 0.06,0.013888888557751973,0.14957265059153238,7.348762658262683,0.6607357437276424,8.991115572153294,True
TurbOPark 0.06,0.04166666567325592,0.14957265059153238,7.337889534958529,0.6663822981182287,9.08138906893472,True
TurbOPark 0.06,0.06944444278875987,0.14957265059153238,7.348997840153108,0.6478138755775856,8.814996135093288,True
TurbOPark 0.06,0.09722221990426382,0.14957265059153238,7.350432388843963,0.6604424115121215,8.985082462828997,True
TurbOPark 0.06,0.12499999701976776,0.14957265059153238,7.348102844281424,0.6586561692138602,8.963622082759112,True
TurbOPark 0.06,0.15277777413527172,0.14957265059153238,7.355283395585353,0.6501029673117514,8.838584896700837,True
TurbOPark 0.06,-0.2083333283662796,0.17863247990608216,7.471606145468694,0.6504567924542075,8.705715742908774,True
TurbOPark 0.06,-0.18055555125077566,0.17863247990608216,7.459502559166963,0.6693517223250942,8.973141533446217,True
TurbOPark 0.06,-0.15277777413527172,0.17863247990608216,7.469696343232711,0.66624623198656,8.919321500801788,True
TurbOPark 0.06,-0.12499999701976776,0.17863247990608216,7.463619751991315,0.6702056090871235,8.97963228778249,True
TurbOPark 0.06,-0.09722221990426382,0.17863247990608216,7.465760725158963,0.6735095565316346,9.021311843841527,True
TurbOPark 0.06,-0.06944444278875987,0.17863247990608216,7.467812623495393,0.6746934494439887,9.034686372837658,True
TurbOPark 0.06,-0.04166666567325592,0.17863247990608216,7.48087738648827,0.6709396450546518,8.968729340043485,True
TurbOPark 0.06,-0.013888888557751973,0.17863247990608216,7.480015289491714,0.6706572028176382,8.965987058339437,True
TurbOPark 0.06,0.013888888557751973,0.17863247990608216,7.472222627575416,0.6745269673614722,9.027126211044685,True
TurbOPark 0.06,0.04166666567325592,0.17863247990608216,7.470477826718408,0.677637933135238,9.070878046269595,True
TurbOPark 0.06,0.06944444278875987,0.17863247990608216,7.470914863487988,0.6757107908450138,9.044552149126499,True
TurbOPark 0.06,0.09722221990426382,0.17863247990608216,7.485446183974521,0.6672813248295493,8.914382769301337,True
TurbOPark 0.06,0.12499999701976776,0.17863247990608216,7.480250268580811,0.6678156021117707,8.927717364174125,True
TurbOPark 0.06,0.15277777413527172,0.17863247990608216,7.470356314948385,0.6693614365679144,8.960234403123502,True
TurbOPark 0.06,0.18055555125077566,0.17863247990608216,7.456623952658237,0.6739342091912629,9.03806083651315,True
TurbOPark 0.06,0.2083333283662796,0.17863247990608216,7.456963509610005,0.6667919610676979,8.941869706193195,True
TurbOPark 0.06,-0.2638888825972875,0.20769230922063192,7.550624286215268,0.6702017918980977,8.876110987559608,True
TurbOPark 0.06,-0.23611110548178355,0.20769230922063192,7.570152675435532,0.664480128865232,8.77763180419611,True
TurbOPark 0.06,-0.2083333283662796,0.20769230922063192,7.573188036070909,0.66976318181978,8.843873658355166,True
TurbOPark 0.06,-0.18055555125077566,0.20769230922063192,7.558519644449043,0.6781786658799825,8.972374192055387,True
TurbOPark 0.06,-0.15277777413527172,0.20769230922063192,7.56458929537974,0.6798943194727153,8.98785502985572,True
TurbOPark 0.06,-0.12499999701976776,0.20769230922063192,7.571275755152535,0.6817120146863557,9.003925318958634,True
TurbOPark 0.06,-0.09722221990426382,0.20769230922063192,7.569061908723153,0.6807099748811251,8.993320217088248,True
TurbOPark 0.06,-0.06944444278875987,0.20769230922063192,7.565117795528906,0.6780920367770458,8.963403546443228,True
TurbOPark 0.06,-0.04166666567325592,0.20769230922063192,7.573082613202852,0.6770561520314212,8.940297981842253,True
TurbOPark 0.06,-0.013888888557751973,0.20769230922063192,7.582598533972946,0.6767805164448915,8.925443084091231,True
TurbOPark 0.06,0.013888888557751973,0.20769230922063192,7.577800255565725,0.6792018807743836,8.963048086092334,True
TurbOPark 0.06,0.04166666567325592,0.20769230922063192,7.586151263220326,0.6770527340749362,8.924851490339607,True
TurbOPark 0.06,0.06944444278875987,0.20769230922063192,7.580306180912693,0.6827037943262982,9.006282570028043,True
TurbOPark 0.06,0.09722221990426382,0.20769230922063192,7.589624156361756,0.6804598768347919,8.965659732497011,True
TurbOPark 0.06,0.12499999701976776,0.20769230922063192,7.5847079602739695,0.6791718837197818,8.954489576619759,True
TurbOPark 0.06,0.15277777413527172,0.20769230922063192,7.559095712766308,0.683459211411,9.041547261489601,True
TurbOPark 0.06,0.18055555125077566,0.20769230922063192,7.5627493469198015,0.683651945472707,9.039727671936511,True
TurbOPark 0.06,0.2083333283662796,0.20769230922063192,7.5578034179102325,0.6786104625927583,8.978937729242991,True
TurbOPark 0.06,0.23611110548178355,0.20769230922063192,7.558321789261884,0.6733532601012765,8.908766772247118,True
TurbOPark 0.06,0.2638888825972875,0.20769230922063192,7.55590436414234,0.6659056321980096,8.813050034859666,True
TurbOPark 0.06,-0.29166665971279143,0.23675213853518168,7.645987050072895,0.6727852340004761,8.799194003265567,True
TurbOPark 0.06,-0.2638888825972875,0.23675213853518168,7.6507944996049035,0.6726457015182419,8.791841181369833,True
TurbOPark 0.06,-0.23611110548178355,0.23675213853518168,7.65691696900363,0.6796638005895758,8.87646820960654,True
TurbOPark 0.06,-0.2083333283662796,0.23675213853518168,7.651695590781852,0.6870002588029512,8.978405513551714,True
TurbOPark 0.06,-0.18055555125077566,0.23675213853518168,7.652511178683683,0.686331778992963,8.968713184042938,True
TurbOPark 0.06,-0.15277777413527172,0.23675213853518168,7.639373733963583,0.6854233624274924,8.972245452270469,True
TurbOPark 0.06,-0.12499999701976776,0.23675213853518168,7.660206056580329,0.6880004024262245,8.981486886181255,True
TurbOPark 0.06,-0.09722221990426382,0.23675213853518168,7.669460949562895,0.6849137694928137,8.930402983952202,True
TurbOPark 0.06,-0.06944444278875987,0.23675213853518168,7.6712829275756595,0.6830455331743304,8.90392832102455,True
TurbOPark 0.06,-0.04166666567325592,0.23675213853518168,7.671932646559603,0.6811282202489518,8.878183003267065,True
TurbOPark 0.06,-0.013888888557751973,0.23675213853518168,7.667366936159575,0.6777160259602968,8.838966904846615,True
TurbOPark 0.06,0.013888888557751973,0.23675213853518168,7.674497068810636,0.6860816379071096,8.939760244294886,True
TurbOPark 0.06,0.04166666567325592,0.23675213853518168,7.677879557645866,0.6891564946212296,8.975870088180097,True
TurbOPark 0.06,0.06944444278875987,0.23675213853518168,7.676817802784106,0.6858582631678525,8.934147986671201,True
TurbOPark 0.06,0.09722221990426382,0.23675213853518168,7.6680446755211005,0.693894095034813,9.049166044245274,True
TurbOPark 0.06,0.12499999701976776,0.23675213853518168,7.665054640972916,0.6934617801944097,9.047055926875812,True
TurbOPark 0.06,0.15277777413527172,0.23675213853518168,7.674767290256359,0.6859835707234615,8.938167696554975,True
TurbOPark 0.06,0.18055555125077566,0.23675213853518168,7.661583291374626,0.6872564724744112,8.970162515209113,True
TurbOPark 0.06,0.2083333283662796,0.23675213853518168,7.6650209421593685,0.6797791031083337,8.868587682120907,True
TurbOPark 0.06,0.23611110548178355,0.23675213853518168,7.658837823909616,0.6757322280987421,8.822908170077955,True
TurbOPark 0.06,0.2638888825972875,0.23675213853518168,7.6461123474668735,0.6663596953925439,8.715013134920863,True
TurbOPark 0.06,0.29166665971279143,0.23675213853518168,7.6373698319313155,0.6534574805005845,8.556053914903059,True
TurbOPark 0.06,-0.3472222139437993,0.26581196784973143,7.706421021849558,0.6825667987830772,8.857117939025601,True
TurbOPark 0.06,-0.3194444368282954,0.26581196784973143,7.718752894798001,0.6807970337513749,8.82003923470841,True
TurbOPark 0.06,-0.29166665971279143,0.26581196784973143,7.724147735719032,0.6781772280623121,8.779961896976603,True
TurbOPark 0.06,-0.2638888825972875,0.26581196784973143,7.719389330297809,0.690142691086762,8.940379368844928,True
TurbOPark 0.06,-0.23611110548178355,0.26581196784973143,7.729579880809829,0.6886814232577408,8.90968763991333,True
TurbOPark 0.06,-0.2083333283662796,0.26581196784973143,7.7258425009922815,0.6932846047563699,8.973579317301986,True
TurbOPark 0.06,-0.18055555125077566,0.26581196784973143,7.722393324334463,0.6967082117038929,9.02192082742609,True
TurbOPark 0.06,-0.15277777413527172,0.26581196784973143,7.7294673148298205,0.6970896664089344,9.018599057550738,True
TurbOPark 0.06,-0.12499999701976776,0.26581196784973143,7.758357416976176,0.6877220716629001,8.864274158832709,True
TurbOPark 0.06,-0.09722221990426382,0.26581196784973143,7.7642008656067345,0.6847680353891731,8.81955589818015,True
TurbOPark 0.06,-0.06944444278875987,0.26581196784973143,7.757309294867467,0.6965730947847378,8.979570986625701,True
TurbOPark 0.06,-0.04166666567325592,0.26581196784973143,7.751470972602721,0.6927570348345973,8.93710416104402,True
TurbOPark 0.06,-0.013888888557751973,0.26581196784973143,7.747168205335579,0.6895625475107235,8.900833559232812,True
TurbOPark 0.06,0.013888888557751973,0.26581196784973143,7.741162357942573,0.6936430673919172,8.960451096600847,True
TurbOPark 0.06,0.04166666567325592,0.26581196784973143,7.74973328105741,0.6788920088245156,8.760198373328848,True
TurbOPark 0.06,0.06944444278875987,0.26581196784973143,7.749615543644603,0.6898828089237747,8.902155275167708,True
TurbOPark 0.06,0.09722221990426382,0.26581196784973143,7.752530575517506,0.697181023311284,8.992947741644281,True
TurbOPark 0.06,0.12499999701976776,0.26581196784973143,7.7645285586833825,0.6920050160511911,8.912389346257143,True
TurbOPark 0.06,0.15277777413527172,0.26581196784973143,7.765115657137217,0.6885881602755294,8.867712867130594,True
TurbOPark 0.06,0.18055555125077566,0.26581196784973143,7.757899717009025,0.6877321223367484,8.864926686650909,True
TurbOPark 0.06,0.2083333283662796,0.26581196784973143,7.748928193755523,0.6801641147680555,8.777525068772299,True
TurbOPark 0.06,0.23611110548178355,0.26581196784973143,7.733394539183669,0.6834503895230719,8.83765060815346,True
TurbOPark 0.06,0.2638888825972875,0.26581196784973143,7.725562815486543,0.6751528305250539,8.739205759503411,True
TurbOPark 0.06,0.29166665971279143,0.26581196784973143,7.7199253340945315,0.6511694806882382,8.434919413176083,True
TurbOPark 0.06,0.3194444368282954,0.26581196784973143,7.695102941259011,0.662962582534823,8.61538289475247,True
TurbOPark 0.06,0.3472222139437993,0.26581196784973143,7.667511274340918,0.6691601949795181,8.72721501197972,True
TurbOPark 0.06,-0.37499999105930326,0.2948717971642812,7.770542878663406,0.6922202454873029,8.908261060987417,True
TurbOPark 0.06,-0.3472222139437993,0.2948717971642812,7.782757273334088,0.6914370191351074,8.88421667092413,True
TurbOPark 0.06,-0.3194444368282954,0.2948717971642812,7.783206388046833,0.6942953973113322,8.920428968421113,True
TurbOPark 0.06,-0.29166665971279143,0.2948717971642812,7.793473112974879,0.6899497022938333,8.852916951046872,True
TurbOPark 0.06,-0.2638888825972875,0.2948717971642812,7.795939424470784,0.6919691145896261,8.876019641938141,True
TurbOPark 0.06,-0.23611110548178355,0.2948717971642812,7.794531837084158,0.6978701500868076,8.953329907083587,True
TurbOPark 0.06,-0.2083333283662796,0.2948717971642812,7.797187215711513,0.7024498255520021,9.009015765794997,True
TurbOPark 0.06,-0.18055555125077566,0.2948717971642812,7.8063153916911165,0.7054432436787764,9.036827341483484,True
TurbOPark 0.06,-0.15277777413527172,0.2948717971642812,7.823373954193098,0.6993684473289683,8.939473575261315,True
TurbOPark 0.06,-0.12499999701976776,0.2948717971642812,7.839305414752511,0.6930459878937328,8.840655532944464,True
TurbOPark 0.06,-0.09722221990426382,0.2948717971642812,7.839872773881244,0.6955602688443646,8.872086179276316,True
TurbOPark 0.06,-0.06944444278875987,0.2948717971642812,7.833733528309544,0.7015286541051179,8.955227434912533,True
TurbOPark 0.06,-0.04166666567325592,0.2948717971642812,7.821506627559631,0.6992548639412067,8.940155614997918,True
TurbOPark 0.06,-0.013888888557751973,0.2948717971642812,7.818686946091027,0.7009346358790906,8.964863802732562,True
TurbOPark 0.06,0.013888888557751973,0.2948717971642812,7.817690369308908,0.690982901175531,8.83870898607378,True
TurbOPark 0.06,0.04166666567325592,0.2948717971642812,7.829071622499855,0.6884162488172978,8.793076395403872,True
TurbOPark 0.06,0.06944444278875987,0.2948717971642812,7.846904559175779,0.6887900539381796,8.777856908336458,True
TurbOPark 0.06,0.09722221990426382,0.2948717971642812,7.840741518253252,0.6960497051578896,8.877345382926926,True
TurbOPark 0.06,0.12499999701976776,0.2948717971642812,7.842887020649528,0.6906342703681103,8.805867897239118,True
TurbOPark 0.06,0.15277777413527172,0.2948717971642812,7.854869681051639,0.6719192623851121,8.554174539725185,True
TurbOPark 0.06,0.18055555125077566,0.2948717971642812,7.832795944167921,0.6865502399200618,8.765072457061105,True
TurbOPark 0.06,0.2083333283662796,0.2948717971642812,7.833002407142957,0.6667870949511686,8.512535299914141,True
TurbOPark 0.06,0.23611110548178355,0.2948717971642812,7.821368531151179,0.6706679122334691,8.574815386365097,True
TurbOPark 0.06,0.2638888825972875,0.2948717971642812,7.804682785011766,0.6641494264137905,8.50962742123528,True
TurbOPark 0.06,0.29166665971279143,0.2948717971642812,7.766376506527351,0.6851150485827293,8.82155337185772,True
TurbOPark 0.06,0.3194444368282954,0.2948717971642812,7.7481904928139445,0.6824924763789638,8.808411164025214,True
TurbOPark 0.06,0.3472222139437993,0.2948717971642812,7.728110157362696,0.677368964542062,8.765001413660253,True
TurbOPark 0.06,0.37499999105930326,0.2948717971642812,7.700595295797949,0.6801731121314623,8.832734171897311,True
TurbOPark 0.06,-0.37499999105930326,0.32393162647883095,7.831420782453382,0.7021556544927239,8.965878274168748,True
TurbOPark 0.06,-0.3472222139437993,0.32393162647883095,7.837050489796128,0.7054966211752327,9.00206808790874,True
TurbOPark 0.06,-0.3194444368282954,0.32393162647883095,7.848170625065662,0.7010300543006047,8.932400782185333,True
TurbOPark 0.06,-0.29166665971279143,0.32393162647883095,7.854140385096723,0.7033895576560325,8.955652982606708,True
TurbOPark 0.06,-0.2638888825972875,0.32393162647883095,7.869815369630785,0.6944915052474173,8.824749662202045,True
TurbOPark 0.06,-0.23611110548178355,0.32393162647883095,7.864241105906029,0.700248907015749,8.90421462904874,True
TurbOPark 0.06,-0.2083333283662796,0.32393162647883095,7.870989600338661,0.708503939298123,9.001459476806303,True
TurbOPark 0.06,-0.18055555125077566,0.32393162647883095,7.886752949899386,0.7048061987261736,8.93658268749454,True
TurbOPark 0.06,-0.15277777413527172,0.32393162647883095,7.897360279585866,0.7025330414451612,8.895795766860996,True
TurbOPark 0.06,-0.12499999701976776,0.32393162647883095,7.916848908487431,0.6860874512297324,8.66616830964397,True
TurbOPark 0.06,-0.09722221990426382,0.32393162647883095,7.916941690075473,0.6940139711999792,8.766187732189335,True
TurbOPark 0.06,-0.06944444278875987,0.32393162647883095,7.892234691171118,0.7102553362015299,8.999419860081938,True
TurbOPark 0.06,-0.04166666567325592,0.32393162647883095,7.890332888319191,0.7040749281825562,8.923260122837975,True
TurbOPark 0.06,-0.013888888557751973,0.32393162647883095,7.8855863467731515,0.6956150361285399,8.821348287095878,True
TurbOPark 0.06,0.013888888557751973,0.32393162647883095,7.881077477066604,0.697186187821186,8.84633084562295,True
TurbOPark 0.06,0.04166666567325592,0.32393162647883095,7.89073129144389,0.7002688584706898,8.874574898146742,True
TurbOPark 0.06,0.06944444278875987,0.32393162647883095,7.9177557006339425,0.7018663443954876,8.864460725143262,True
TurbOPark 0.06,0.09722221990426382,0.32393162647883095,7.930496037904123,0.674868503969668,8.509789308816334,True
TurbOPark 0.06,0.12499999701976776,0.32393162647883095,7.928798343279002,0.6750103196562004,8.513400018911893,True
TurbOPark 0.06,0.15277777413527172,0.32393162647883095,7.924926202007464,0.6602225950969141,8.330962059049495,True
TurbOPark 0.06,0.18055555125077566,0.32393162647883095,7.9174289426965565,0.6634475586508036,8.379583365415636,True
TurbOPark 0.06,0.2083333283662796,0.32393162647883095,7.899762280540957,0.673390473444138,8.524186545497239,True
TurbOPark 0.06,0.23611110548178355,0.32393162647883095,7.877587717618298,0.6829253336488658,8.669219031626865,True
TurbOPark 0.06,0.2638888825972875,0.32393162647883095,7.857243301093517,0.6867980161987858,8.740953918318935,True
TurbOPark 0.06,0.29166665971279143,0.32393162647883095,7.8264078726860555,0.6945312591276435,8.874202193723358,True
TurbOPark 0.06,0.3194444368282954,0.32393162647883095,7.803146531476385,0.693392926215713,8.886068247196178,True
TurbOPark 0.06,0.3472222139437993,0.32393162647883095,7.772205218264543,0.6962559926166368,8.958281119243324,True
TurbOPark 0.06,0.37499999105930326,0.32393162647883095,7.738675507183146,0.6985028426212093,9.026129109210604,True
TurbOPark 0.06,-0.4027777681748072,0.35299145579338076,7.887051676192445,0.7041853832194147,8.92837288419248,True
TurbOPark 0.06,-0.37499999105930326,0.35299145579338076,7.893159127029374,0.7069297060441203,8.956232791802037,True
TurbOPark 0.06,-0.3472222139437993,0.35299145579338076,7.909538665761651,0.700715431698228,8.859118860262281,True
TurbOPark 0.06,-0.3194444368282954,0.35299145579338076,7.910177805278616,0.7095407997484978,8.969972827602021,True
TurbOPark 0.06,-0.29166665971279143,0.35299145579338076,7.905580863480597,0.7152860200562685,9.047861661380173,True
TurbOPark 0.06,-0.2638888825972875,0.35299145579338076,7.91282396771426,0.7122794853149322,9.001583862109914,True
TurbOPark 0.06,-0.23611110548178355,0.35299145579338076,7.939039481444876,0.7004629163829119,8.823018427103605,True
TurbOPark 0.06,-0.2083333283662796,0.35299145579338076,7.949987044087438,0.7057596095020714,8.877493832231572,True
TurbOPark 0.06,-0.18055555125077566,0.35299145579338076,7.951488652403282,0.7083051938701094,8.907831285856506,True
TurbOPark 0.06,-0.15277777413527172,0.35299145579338076,7.963910129719544,0.7029313785301441,8.826460458248523,True
TurbOPark 0.06,-0.12499999701976776,0.35299145579338076,7.977910933310838,0.6867045151416854,8.607573096290542,True
TurbOPark 0.06,-0.09722221990426382,0.35299145579338076,7.972958717461442,0.7009572378492396,8.791682770338257,True
TurbOPark 0.06,-0.06944444278875987,0.35299145579338076,7.957959928745813,0.7087174020798436,8.905767413075408,True
TurbOPark 0.06,-0.04166666567325592,0.35299145579338076,7.959542004104927,0.7141154499662314,8.971815835608945,True
TurbOPark 0.06,-0.013888888557751973,0.35299145579338076,7.951159100314925,0.6998409008410581,8.801746915281058,True
TurbOPark 0.06,0.013888888557751973,0.35299145579338076,7.9624650466285445,0.7102313306527059,8.919741895173921,True
TurbOPark 0.06,0.04166666567325592,0.35299145579338076,7.963835994583133,0.7053734890811932,8.857207626588197,True
TurbOPark 0.06,0.06944444278875987,0.35299145579338076,7.986955341092889,0.691896862006903,8.662836243081182,True
TurbOPark 0.06,0.09722221990426382,0.35299145579338076,7.982693212950019,0.6998360393435196,8.76691638616654,True
TurbOPark 0.06,0.12499999701976776,0.35299145579338076,7.998947499355198,0.6594661495355616,8.244411525250312,True
TurbOPark 0.06,0.15277777413527172,0.35299145579338076,7.991287559613353,0.6607413088643153,8.268270963037203,True
TurbOPark 0.06,0.18055555125077566,0.35299145579338076,7.9751579171313365,0.6676820805931233,8.372023319549369,True
TurbOPark 0.06,0.2083333283662796,0.35299145579338076,7.936490212956544,0.6985735164096897,8.802045963204852,True
TurbOPark 0.06,0.23611110548178355,0.35299145579338076,7.9124032113812115,0.7067359205663264,8.932000830667432,True
TurbOPark 0.06,0.2638888825972875,0.35299145579338076,7.907074607613336,0.6969042143255143,8.813679507393282,True
TurbOPark 0.06,0.29166665971279143,0.35299145579338076,7.882190281518606,0.6943964266944249,8.809688701915483,True
TurbOPark 0.06,0.3194444368282954,0.35299145579338076,7.84650557018068,0.6986239869120738,8.903632077533679,True
TurbOPark 0.06,0.3472222139437993,0.35299145579338076,7.827058019806064,0.6998950769297321,8.941994235364998,True
TurbOPark 0.06,0.37499999105930326,0.35299145579338076,7.772457232661592,0.7012164570972103,9.021811714196932,True
TurbOPark 0.06,0.4027777681748072,0.35299145579338076,7.750228330261315,0.7018436780764149,9.055780657919673,True
TurbOPark 0.06,-0.4305555452903112,0.3820512851079305,7.918387122435297,0.7148351367906279,9.027534594327596,True
TurbOPark 0.06,-0.4027777681748072,0.3820512851079305,7.935968923519716,0.7140366609531958,8.997472997115901,True
TurbOPark 0.06,-0.37499999105930326,0.3820512851079305,7.9472365065903166,0.7113435808428015,8.950829388969531,True
TurbOPark 0.06,-0.3472222139437993,0.3820512851079305,7.957933868780639,0.7111736747260065,8.936662285118695,True
TurbOPark 0.06,-0.3194444368282954,0.3820512851079305,7.968030082894782,0.7120792480821441,8.936703811030869,True
TurbOPark 0.06,-0.29166665971279143,0.3820512851079305,7.9748265623648775,0.7093628789120867,8.895025783504066,True
TurbOPark 0.06,-0.2638888825972875,0.3820512851079305,7.986019886364829,0.7078258504656316,8.863311894253599,True
TurbOPark 0.06,-0.23611110548178355,0.3820512851079305,7.996148514884409,0.7065157954116301,8.835701264133453,True
TurbOPark 0.06,-0.2083333283662796,0.3820512851079305,8.010284316531127,0.7089646373855121,8.850680067902147,True
TurbOPark 0.06,-0.18055555125077566,0.3820512851079305,8.012708783361953,0.7124297138429103,8.891246806850639,True
TurbOPark 0.06,-0.15277777413527172,0.3820512851079305,8.02257751076779,0.7026867567693913,8.75886528769906,True
TurbOPark 0.06,-0.12499999701976776,0.3820512851079305,8.032388068005037,0.7056550097852144,8.785120985327024,True
TurbOPark 0.06,-0.09722221990426382,0.3820512851079305,8.036954600877019,0.706567463324233,8.791482575341785,True
TurbOPark 0.06,-0.06944444278875987,0.3820512851079305,8.029006525575852,0.6985438388251061,8.70025247332833,True
TurbOPark 0.06,-0.04166666567325592,0.3820512851079305,8.030042490874191,0.7003069643513214,8.721086658597276,True
TurbOPark 0.06,-0.013888888557751973,0.3820512851079305,8.02729861201927,0.697656414908305,8.691048491253389,True
TurbOPark 0.06,0.013888888557751973,0.3820512851079305,8.023027864821758,0.7052456153129786,8.790267554787391,True
TurbOPark 0.06,0.04166666567325592,0.3820512851079305,8.033626474052959,0.7030767671771364,8.751673599064343,True
TurbOPark 0.06,0.06944444278875987,0.3820512851079305,8.03827889326919,0.708894164055915,8.818979454040885,True
TurbOPark 0.06,0.09722221990426382,0.3820512851079305,8.03975666116731,0.7008948383333581,8.71786134670889,True
TurbOPark 0.06,0.12499999701976776,0.3820512851079305,8.040133150486483,0.6911865353452701,8.596705084460556,True
TurbOPark 0.06,0.15277777413527172,0.3820512851079305,8.038910326337374,0.6764281307140579,8.414425628034675,True
TurbOPark 0.06,0.18055555125077566,0.3820512851079305,8.021819676165356,0.6803364382846329,8.481073693367437,True
TurbOPark 0.06,0.2083333283662796,0.3820512851079305,8.004758781448562,0.686943796821097,8.581692660285084,True
TurbOPark 0.06,0.23611110548178355,0.3820512851079305,7.979322092253506,0.6980621947530298,8.74838973389385,True
TurbOPark 0.06,0.2638888825972875,0.3820512851079305,7.958504619197588,0.6976505333303316,8.766100752740053,True
TurbOPark 0.06,0.29166665971279143,0.3820512851079305,7.910722349262775,0.7068168040334302,8.934921146604275,True
TurbOPark 0.06,0.3194444368282954,0.3820512851079305,7.889495826014703,0.6994749594687588,8.865901888968883,True
TurbOPark 0.06,0.3472222139437993,0.3820512851079305,7.8606290910829815,0.7038971589221061,8.954717882829504,True
TurbOPark 0.06,0.37499999105930326,0.3820512851079305,7.824655917450369,0.7074561994510974,9.041371363989882,True
TurbOPark 0.06,0.4027777681748072,0.3820512851079305,7.786776783539455,0.6999665171666849,8.989168902932354,True
TurbOPark 0.06,0.4305555452903112,0.3820512851079305,7.75690531470739,0.6992770998393704,9.01489797114726,True
TurbOPark 0.06,-0.4305555452903112,0.4111111144224803,7.971326122048833,0.7197123850513125,9.028766030040785,True
TurbOPark 0.06,-0.4027777681748072,0.4111111144224803,7.981009489080066,0.7195001835539486,9.015152588634274,True
TurbOPark 0.06,-0.37499999105930326,0.4111111144224803,7.994375930251286,0.7200240083821409,9.006631845489265,True
TurbOPark 0.06,-0.3472222139437993,0.4111111144224803,8.014203823169533,0.7113376689863916,8.875961788367208,True
TurbOPark 0.06,-0.3194444368282954,0.4111111144224803,8.018942556866032,0.7107252170061236,8.86307904023557,True
TurbOPark 0.06,-0.29166665971279143,0.4111111144224803,8.041962012476208,0.703968826688231,8.753695001245987,True
TurbOPark 0.06,-0.2638888825972875,0.4111111144224803,8.05022474523804,0.7031916795874188,8.735056496446,True
TurbOPark 0.06,-0.23611110548178355,0.4111111144224803,8.057870883225801,0.706390609869748,8.766467223249414,True
TurbOPark 0.06,-0.2083333283662796,0.4111111144224803,8.05500462506199,0.7175805784905546,8.908506101385786,True
TurbOPark 0.06,-0.18055555125077566,0.4111111144224803,8.069872663282345,0.7122432026684055,8.825953424384112,True
TurbOPark 0.06,-0.15277777413527172,0.4111111144224803,8.083517246416282,0.7072965165046342,8.74986091998758,True
TurbOPark 0.06,-0.12499999701976776,0.4111111144224803,8.093162441738928,0.7003368532255284,8.653438730127,True
TurbOPark 0.06,-0.09722221990426382,0.4111111144224803,8.106898262917671,0.6905879591294545,8.518522580804069,True
TurbOPark 0.06,-0.06944444278875987,0.4111111144224803,8.108552569334497,0.6858899045380844,8.458845135098855,True
TurbOPark 0.06,-0.04166666567325592,0.4111111144224803,8.098674580669963,0.6676478670002377,8.243915227731085,True
TurbOPark 0.06,-0.013888888557751973,0.4111111144224803,8.084075220352242,0.6878305583990226,8.50846311606997,True
TurbOPark 0.06,0.013888888557751973,0.4111111144224803,8.090859306410335,0.69403891986747,8.578061903975854,True
TurbOPark 0.06,0.04166666567325592,0.4111111144224803,8.087480231396786,0.7135064619632132,8.822358034252453,True
TurbOPark 0.06,0.06944444278875987,0.4111111144224803,8.096002099134147,0.7031923891866719,8.685674491881334,True
TurbOPark 0.06,0.09722221990426382,0.4111111144224803,8.098448524837401,0.6994505230749645,8.63684594561287,True
TurbOPark 0.06,0.12499999701976776,0.4111111144224803,8.085941645646624,0.7015752298796339,8.67648148632576,True
TurbOPark 0.06,0.15277777413527172,0.4111111144224803,8.094750274401198,0.6791350431835801,8.389820811783084,True
TurbOPark 0.06,0.18055555125077566,0.4111111144224803,8.086440886077002,0.6630181069805899,8.199133788539223,True
TurbOPark 0.06,0.2083333283662796,0.4111111144224803,8.066975691990608,0.6678821813719686,8.279214006248752,True
TurbOPark 0.06,0.23611110548178355,0.4111111144224803,8.032870622396363,0.6952205212944034,8.654695861228815,True
TurbOPark 0.06,0.2638888825972875,0.4111111144224803,8.013663740813628,0.6891479685562603,8.599661663446474,True
TurbOPark 0.06,0.29166665971279143,0.4111111144224803,7.981297692239761,0.7049725609488655,8.83280624445712,True
TurbOPark 0.06,0.3194444368282954,0.4111111144224803,7.950319097391689,0.7056578412336122,8.875843001888086,True
TurbOPark 0.06,0.3472222139437993,0.4111111144224803,7.910387017337737,0.7019923186822687,8.874310664492953,True
TurbOPark 0.06,0.37499999105930326,0.4111111144224803,7.877471208279991,0.7072137035482757,8.977674241511984,True
TurbOPark 0.06,0.4027777681748072,0.4111111144224803,7.8345848655712444,0.7091054556020021,9.050963998336867,True
TurbOPark 0.06,0.4305555452903112,0.4111111144224803,7.789775110406922,0.7046809621018937,9.046229860480306,True
TurbOPark 0.06,-0.45833332240581515,0.44017094373703003,8.0090506087131,0.7210840700820582,9.003365134159424,True
TurbOPark 0.06,-0.4305555452903112,0.44017094373703003,8.017979802831661,0.7200722515857072,8.980719199759067,True
TurbOPark 0.06,-0.4027777681748072,0.44017094373703003,8.034096432231172,0.7195903444084428,8.95670534301271,True
TurbOPark 0.06,-0.37499999105930326,0.44017094373703003,8.044498650951136,0.716429130474785,8.905826970212475,True
TurbOPark 0.06,-0.3472222139437993,0.44017094373703003,8.056777930766291,0.7146368971178008,8.870008622042667,True
TurbOPark 0.06,-0.3194444368282954,0.44017094373703003,8.069983820920141,0.7166714274795201,8.880704638114194,True
TurbOPark 0.06,-0.29166665971279143,0.44017094373703003,8.081282669188825,0.708445421920736,8.766497237150196,True
TurbOPark 0.06,-0.2638888825972875,0.44017094373703003,8.092315137969454,0.709708174073092,8.770149975290927,True
TurbOPark 0.06,-0.23611110548178355,0.44017094373703003,8.104930008844612,0.7116014782685314,8.779859634715992,True
TurbOPark 0.06,-0.2083333283662796,0.44017094373703003,8.112398222504826,0.714527347283728,8.807843595517022,True
TurbOPark 0.06,-0.18055555125077566,0.44017094373703003,8.129305810716751,0.7086295346132,8.716974746835374,True
TurbOPark 0.06,-0.15277777413527172,0.44017094373703003,8.135845949362317,0.7027393400898477,8.637569399220595,True
TurbOPark 0.06,-0.12499999701976776,0.44017094373703003,8.135758057538665,0.7155363372691086,8.794955948893863,True
TurbOPark 0.06,-0.09722221990426382,0.44017094373703003,8.16647017149797,0.6769328903067398,8.289173609784587,True
TurbOPark 0.06,-0.06944444278875987,0.44017094373703003,8.161126470301065,0.6866981378295764,8.414256785855741,True
TurbOPark 0.06,-0.04166666567325592,0.44017094373703003,8.159023398440338,0.6850379742433693,8.396078069518955,True
TurbOPark 0.06,-0.013888888557751973,0.44017094373703003,8.16128590591144,0.6936213118486173,8.498921859191439,True
TurbOPark 0.06,0.013888888557751973,0.44017094373703003,8.140517781168214,0.7109596284376063,8.733592230242378,True
TurbOPark 0.06,0.04166666567325592,0.44017094373703003,8.151915675331237,0.7088607618948399,8.695634132231584,True
TurbOPark 0.06,0.06944444278875987,0.44017094373703003,8.151598888457006,0.7061538628397296,8.66276509065813,True
TurbOPark 0.06,0.09722221990426382,0.44017094373703003,8.154001396415351,0.6957780634932613,8.532964733108068,True
TurbOPark 0.06,0.12499999701976776,0.44017094373703003,8.148794664953085,0.6873717364452235,8.435256558881289,True
TurbOPark 0.06,0.15277777413527172,0.44017094373703003,8.142541940795526,0.6895550317852526,8.468547497808565,True
TurbOPark 0.06,0.18055555125077566,0.44017094373703003,8.131583731085511,0.6704476857529296,8.244982870802087,True
TurbOPark 0.06,0.2083333283662796,0.44017094373703003,8.100970415152263,0.6934207725674417,8.559724786433605,True
TurbOPark 0.06,0.23611110548178355,0.44017094373703003,8.077360210665104,0.6989942578333982,8.653746268619631,True
TurbOPark 0.06,0.2638888825972875,0.44017094373703003,8.060615505685453,0.6900687656693859,8.560993452456014,True
TurbOPark 0.06,0.29166665971279143,0.44017094373703003,8.033099686447994,0.6984587382647134,8.694759999593032,True
TurbOPark 0.06,0.3194444368282954,0.44017094373703003,8.00032773110188,0.7067058946910415,8.833461808616525,True
TurbOPark 0.06,0.3472222139437993,0.44017094373703003,7.975953923442432,0.6947131912650137,8.71009534324359,True
TurbOPark 0.06,0.37499999105930326,0.44017094373703003,7.935183102339907,0.7032651716206617,8.862620591745195,True
TurbOPark 0.06,0.4027777681748072,0.44017094373703003,7.891637452653075,0.7040588331204252,8.921581070399135,True
TurbOPark 0.06,0.4305555452903112,0.44017094373703003,7.8564729040780925,0.6988802115158845,8.895597554382373,True
TurbOPark 0.06,0.45833332240581515,0.44017094373703003,7.811849489494622,0.6959293228761895,8.908637113555189,True
TurbOPark 0.06,-0.45833332240581515,0.4692307730515798,8.045164132101712,0.7257125510158797,9.020481609817638,True
TurbOPark 0.06,-0.4305555452903112,0.4692307730515798,8.060825607816865,0.7161571020595088,8.884413792118592,True
TurbOPark 0.06,-0.4027777681748072,0.4692307730515798,8.075674853118194,0.7130744839555094,8.829905821185655,True
TurbOPark 0.06,-0.37499999105930326,0.4692307730515798,8.09654967387083,0.7135961267081922,8.813583013158164,True
TurbOPark 0.06,-0.3472222139437993,0.4692307730515798,8.107712724145635,0.7130506975779797,8.794720802754128,True
TurbOPark 0.06,-0.3194444368282954,0.4692307730515798,8.11864227127405,0.7107046637479654,8.753984225449008,True
TurbOPark 0.06,-0.29166665971279143,0.4692307730515798,8.131468923024599,0.713492129286343,8.774455587797425,True
TurbOPark 0.06,-0.2638888825972875,0.4692307730515798,8.140873888958286,0.709462261728354,8.714817001288022,True
TurbOPark 0.06,-0.23611110548178355,0.4692307730515798,8.152587578522509,0.7151873720893875,8.772519953953083,True
TurbOPark 0.06,-0.2083333283662796,0.4692307730515798,8.160995539537975,0.7193390505894979,8.814354169224584,True
TurbOPark 0.06,-0.18055555125077566,0.4692307730515798,8.165097499732608,0.7217894805169046,8.839937067996333,True
TurbOPark 0.06,-0.15277777413527172,0.4692307730515798,8.173345777269482,0.7244209716459705,8.863212096821165,True
TurbOPark 0.06,-0.12499999701976776,0.4692307730515798,8.184742398291096,0.720220911285908,8.79955502858934,True
TurbOPark 0.06,-0.09722221990426382,0.4692307730515798,8.197582310992356,0.7074498988067517,8.62998225535489,True
TurbOPark 0.06,-0.06944444278875987,0.4692307730515798,8.19788615238455,0.7087735617720006,8.64580879262195,True
TurbOPark 0.06,-0.04166666567325592,0.4692307730515798,8.197226789072676,0.7130653282011002,8.69886056039895,True
TurbOPark 0.06,-0.013888888557751973,0.4692307730515798,8.197018331885078,0.7165874097408845,8.74204961764542,True
TurbOPark 0.06,0.013888888557751973,0.4692307730515798,8.204357811796143,0.7063434968137892,8.609369715667636,True
TurbOPark 0.06,0.04166666567325592,0.4692307730515798,8.205561133221698,0.7068512325420597,8.614294879606035,True
TurbOPark 0.06,0.06944444278875987,0.4692307730515798,8.214841083429768,0.6903005200363735,8.403090370534192,True
TurbOPark 0.06,0.09722221990426382,0.4692307730515798,8.200591859530855,0.7072031526000151,8.623806241229925,True
TurbOPark 0.06,0.12499999701976776,0.4692307730515798,8.20352885027622,0.6880641065919535,8.387416185764812,True
TurbOPark 0.06,0.15277777413527172,0.4692307730515798,8.183922709296649,0.6985257370007804,8.535341324854885,True
TurbOPark 0.06,0.18055555125077566,0.4692307730515798,8.16980962139383,0.6983840382658308,8.548351438165842,True
TurbOPark 0.06,0.2083333283662796,0.4692307730515798,8.150241325387428,0.7028731719249691,8.623955339034792,True
TurbOPark 0.06,0.23611110548178355,0.4692307730515798,8.129137485650066,0.7018436698042272,8.633679416090015,True
TurbOPark 0.06,0.2638888825972875,0.4692307730515798,8.098470111907512,0.696723868244547,8.603154158958066,True
TurbOPark 0.06,0.29166665971279143,0.4692307730515798,8.069339025500717,0.7014532000717981,8.692821033483243,True
TurbOPark 0.06,0.3194444368282954,0.4692307730515798,8.04740506376947,0.7022707568278542,8.726673396739706,True
TurbOPark 0.06,0.3472222139437993,0.4692307730515798,8.023109267004294,0.690395486666001,8.605086428341567,True
TurbOPark 0.06,0.37499999105930326,0.4692307730515798,7.978637435114769,0.7003405449458651,8.77769607456528,True
TurbOPark 0.06,0.4027777681748072,0.4692307730515798,7.92494354151735,0.7068930819615611,8.919850069067063,True
TurbOPark 0.06,0.4305555452903112,0.4692307730515798,7.879124500690414,0.7087548758507778,8.995350635577248,True
TurbOPark 0.06,0.45833332240581515,0.4692307730515798,7.835752595371218,0.702221455121544,8.961761446326985,True
TurbOPark 0.06,-0.45833332240581515,0.49829060236612954,8.08105591481852,0.711178755548322,8.800567191277667,True
TurbOPark 0.06,-0.4305555452903112,0.49829060236612954,8.105959664769662,0.7184020321059121,8.862640104517794,True
TurbOPark 0.06,-0.4027777681748072,0.49829060236612954,8.115289943496675,0.7213013788840844,8.888177550108502,True
TurbOPark 0.06,-0.37499999105930326,0.49829060236612954,8.126077169189795,0.7183070487179584,8.839530240266924,True
TurbOPark 0.06,-0.3472222139437993,0.49829060236612954,8.145380144781532,0.7204814483126077,8.845277144912576,True
TurbOPark 0.06,-0.3194444368282954,0.49829060236612954,8.166280698763979,0.7137560427418423,8.740282988923882,True
TurbOPark 0.06,-0.29166665971279143,0.49829060236612954,8.17638948655789,0.7158067292501374,8.754557625060972,True
TurbOPark 0.06,-0.2638888825972875,0.49829060236612954,8.189109971835586,0.7152741231416012,8.734454972538032,True
TurbOPark 0.06,-0.23611110548178355,0.49829060236612954,8.192897533704414,0.7223429361963918,8.816696818491575,True
TurbOPark 0.06,-0.2083333283662796,0.49829060236612954,8.206220552867183,0.7216955175459876,8.794493310246619,True
TurbOPark 0.06,-0.18055555125077566,0.49829060236612954,8.215860757024863,0.7224530920493798,8.793395036930924,True
TurbOPark 0.06,-0.15277777413527172,0.49829060236612954,8.224472476998343,0.7198331535053619,8.7523322075494,True
TurbOPark 0.06,-0.12499999701976776,0.49829060236612954,8.236241136977629,0.7208303874909611,8.751933989094898,True
TurbOPark 0.06,-0.09722221990426382,0.49829060236612954,8.244336874147832,0.7158448333590789,8.682867334106499,True
TurbOPark 0.06,-0.06944444278875987,0.49829060236612954,8.24501002794701,0.7210593001182719,8.745402342437346,True
TurbOPark 0.06,-0.04166666567325592,0.49829060236612954,8.249017753144422,0.719003397880493,8.716230457940497,True
TurbOPark 0.06,-0.013888888557751973,0.49829060236612954,8.248600027563908,0.7129047736760783,8.642736601287519,True
TurbOPark 0.06,0.013888888557751973,0.49829060236612954,8.255559311398985,0.7043525361379931,8.531857256060748,True
TurbOPark 0.06,0.04166666567325592,0.49829060236612954,8.257818359981444,0.6943905738850993,8.408886507485008,True
TurbOPark 0.06,0.06944444278875987,0.49829060236612954,8.256289970629195,0.6982735220362404,8.457473326642697,True
TurbOPark 0.06,0.09722221990426382,0.49829060236612954,8.256669986437421,0.6941415417711047,8.407039919378104,True
TurbOPark 0.06,0.12499999701976776,0.49829060236612954,8.260446811104917,0.6677868210592784,8.08414891264163,True
TurbOPark 0.06,0.15277777413527172,0.49829060236612954,8.23774239602456,0.6900858223798403,8.377123114615333,True
TurbOPark 0.06,0.18055555125077566,0.49829060236612954,8.214600301970556,0.7049683662464765,8.581894922840805,True
TurbOPark 0.06,0.2083333283662796,0.49829060236612954,8.187923066047318,0.7144989518373284,8.726253850626975,True
TurbOPark 0.06,0.23611110548178355,0.49829060236612954,8.165643485859182,0.7098753643814663,8.693440579554936,True
TurbOPark 0.06,0.2638888825972875,0.49829060236612954,8.130830605979568,0.7167557884431335,8.815283741319337,True
TurbOPark 0.06,0.29166665971279143,0.49829060236612954,8.097266260945293,0.718821244806288,8.877332443337131,True
TurbOPark 0.06,0.3194444368282954,0.49829060236612954,8.077070554096244,0.7173454892305522,8.88125817926345,True
TurbOPark 0.06,0.3472222139437993,0.49829060236612954,8.052465981107646,0.7052442244527187,8.758114919172993,True
TurbOPark 0.06,0.37499999105930326,0.49829060236612954,8.01039789651761,0.7036315216862136,8.783977160386826,True
TurbOPark 0.06,0.4027777681748072,0.49829060236612954,7.953261237036364,0.7090124846656873,8.914739042695995,True
TurbOPark 0.06,0.4305555452903112,0.49829060236612954,7.909889568318617,0.7089386524369214,8.962687105979644,True
TurbOPark 0.06,0.45833332240581515,0.49829060236612954,7.880460442889743,0.6988636883658245,8.868310340880958,True
TurbOPark 0.06,-0.4861110995213191,0.5273504316806793,8.12862954729786,0.7216764789650736,8.878206034189061,True
TurbOPark 0.06,-0.45833332240581515,0.5273504316806793,8.130033202592958,0.7224632820560524,8.886350941661997,True
TurbOPark 0.06,-0.4305555452903112,0.5273504316806793,8.1408440546358,0.7297244477089077,8.963744334266744,True
TurbOPark 0.06,-0.4027777681748072,0.5273504316806793,8.161942339871313,0.7216814502558783,8.842030734895596,True
TurbOPark 0.06,-0.37499999105930326,0.5273504316806793,8.166518043868086,0.7292206155090307,8.929394530102993,True
TurbOPark 0.06,-0.3472222139437993,0.5273504316806793,8.18785908224186,0.7228922933071981,8.82883164019071,True
TurbOPark 0.06,-0.3194444368282954,0.5273504316806793,8.210032180488541,0.7176839959076257,8.741549121003805,True
TurbOPark 0.06,-0.29166665971279143,0.5273504316806793,8.228925069348149,0.7098982240161872,8.626864603014566,True
TurbOPark 0.06,-0.2638888825972875,0.5273504316806793,8.23206447830962,0.7240024093518936,8.794906930813557,True
TurbOPark 0.06,-0.23611110548178355,0.5273504316806793,8.238159817403146,0.7282938222662747,8.84049154676207,True
TurbOPark 0.06,-0.2083333283662796,0.5273504316806793,8.250077592660716,0.7293425565532106,8.840432691227475,True
TurbOPark 0.06,-0.18055555125077566,0.5273504316806793,8.270293196569272,0.7180385815901734,8.682141787766776,True
TurbOPark 0.06,-0.15277777413527172,0.5273504316806793,8.268629662693849,0.7257265309322319,8.776865823445242,True
TurbOPark 0.06,-0.12499999701976776,0.5273504316806793,8.27743604936756,0.7278151964459548,8.792761334611141,True
TurbOPark 0.06,-0.09722221990426382,0.5273504316806793,8.274025788023078,0.7357306207649498,8.892051337692756,True
TurbOPark 0.06,-0.06944444278875987,0.5273504316806793,8.285149168113126,0.7324370331156429,8.840360242813219,True
TurbOPark 0.06,-0.04166666567325592,0.5273504316806793,8.289373237214884,0.7289961520309918,8.794345859083606,True
TurbOPark 0.06,-0.013888888557751973,0.5273504316806793,8.295582922432995,0.7206559432770544,8.687224876364622,True
TurbOPark 0.06,0.013888888557751973,0.5273504316806793,8.300372469118194,0.7140137288913626,8.602189016792607,True
TurbOPark 0.06,0.04166666567325592,0.5273504316806793,8.308516247659526,0.7028506591569839,8.459400429709383,True
TurbOPark 0.06,0.06944444278875987,0.5273504316806793,8.306896575195537,0.6991030080050239,8.415934900315856,True
TurbOPark 0.06,0.09722221990426382,0.5273504316806793,8.301915730564682,0.6983308887323467,8.4116836570786,True
TurbOPark 0.06,0.12499999701976776,0.5273504316806793,8.294017904915318,0.6943679232758689,8.37191251859202,True
TurbOPark 0.06,0.15277777413527172,0.5273504316806793,8.283523591878337,0.6934487186275753,8.371422027547236,True
TurbOPark 0.06,0.18055555125077566,0.5273504316806793,8.273872898387493,0.6833425281231316,8.259040675574182,True
TurbOPark 0.06,0.2083333283662796,0.5273504316806793,8.24183759617626,0.7083573922303253,8.594653606848095,True
TurbOPark 0.06,0.23611110548178355,0.5273504316806793,8.209994189047794,0.7184261650940723,8.750629398160346,True
TurbOPark 0.06,0.2638888825972875,0.5273504316806793,8.176792621712503,0.7201970671850692,8.807818670522122,True
TurbOPark 0.06,0.29166665971279143,0.5273504316806793,8.13034718404933,0.7300937336087908,8.979859249321338,True
TurbOPark 0.06,0.3194444368282954,0.5273504316806793,8.10833420868406,0.7207808796812081,8.889382962399955,True
TurbOPark 0.06,0.3472222139437993,0.5273504316806793,8.073051798762231,0.7203563085556979,8.922973944823985,True
TurbOPark 0.06,0.37499999105930326,0.5273504316806793,8.038800633375503,0.6970899595435566,8.671566709210047,True
TurbOPark 0.06,0.4027777681748072,0.5273504316806793,8.005574763686253,0.7053014911006078,8.810129340118038,True
TurbOPark 0.06,0.4305555452903112,0.5273504316806793,7.957541290559499,0.7084716242185513,8.903147320882306,True
TurbOPark 0.06,0.45833332240581515,0.5273504316806793,7.910033241762446,0.7032229393732132,8.890265285617524,True
TurbOPark 0.06,0.4861110995213191,0.5273504316806793,7.850355910314057,0.699490053958642,8.910297341291608,True
TurbOPark 0.06,-0.4861110995213191,0.5564102609952291,8.163198716366445,0.7265434057554784,8.90022932185673,True
TurbOPark 0.06,-0.45833332240581515,0.5564102609952291,8.174207175728267,0.7361564174680729,9.005844868404456,True
TurbOPark 0.06,-0.4305555452903112,0.5564102609952291,8.187332745306438,0.73451051603332,8.971304072799455,True
TurbOPark 0.06,-0.4027777681748072,0.5564102609952291,8.198816368079425,0.7376973318237358,8.997607687566022,True
TurbOPark 0.06,-0.37499999105930326,0.5564102609952291,8.213041593826198,0.7322843948422608,8.916116964423074,True
TurbOPark 0.06,-0.3472222139437993,0.5564102609952291,8.230898787789206,0.735364217969441,8.934190990908267,True
TurbOPark 0.06,-0.3194444368282954,0.5564102609952291,8.246368514889175,0.731204496530483,8.86698787727303,True
TurbOPark 0.06,-0.29166665971279143,0.5564102609952291,8.263342813457186,0.7294306752470083,8.827307443412625,True
TurbOPark 0.06,-0.2638888825972875,0.5564102609952291,8.275721184233618,0.7258612224583826,8.770972417983918,True
TurbOPark 0.06,-0.23611110548178355,0.5564102609952291,8.285783812201583,0.7273117852741059,8.7778272008868,True
TurbOPark 0.06,-0.2083333283662796,0.5564102609952291,8.295760148222753,0.7316314253729199,8.819341594991286,True
TurbOPark 0.06,-0.18055555125077566,0.5564102609952291,8.308361352544601,0.7283148431941564,8.766046784557528,True
TurbOPark 0.06,-0.15277777413527172,0.5564102609952291,8.31221983852965,0.733703026355508,8.826800067950234,True
TurbOPark 0.06,-0.12499999701976776,0.5564102609952291,8.309873472727084,0.7417288301484476,8.925873932771584,True
TurbOPark 0.06,-0.09722221990426382,0.5564102609952291,8.322486574724358,0.7364543152383789,8.848969699452718,True
TurbOPark 0.06,-0.06944444278875987,0.5564102609952291,8.32602740629633,0.7338304924653065,8.813692973318432,True
TurbOPark 0.06,-0.04166666567325592,0.5564102609952291,8.337806409141162,0.7285146924667297,8.73748629697161,True
TurbOPark 0.06,-0.013888888557751973,0.5564102609952291,8.3477725262309,0.7135786114661725,8.548131962435734,True
TurbOPark 0.06,0.013888888557751973,0.5564102609952291,8.351647225051904,0.7108150588132356,8.511076194418855,True
TurbOPark 0.06,0.04166666567325592,0.5564102609952291,8.34501429355165,0.7189269112033461,8.615047091757225,True
TurbOPark 0.06,0.06944444278875987,0.5564102609952291,8.344228032968976,0.7139528526998682,8.556248102028862,True
TurbOPark 0.06,0.09722221990426382,0.5564102609952291,8.334208004537667,0.7192575322363813,8.630184557966064,True
TurbOPark 0.06,0.12499999701976776,0.5564102609952291,8.33499808454452,0.7041493391553321,8.448104390821962,True
TurbOPark 0.06,0.15277777413527172,0.5564102609952291,8.322534210492949,0.7039256559218535,8.458068637727589,True
TurbOPark 0.06,0.18055555125077566,0.5564102609952291,8.304618328091308,0.7108342611267641,8.559505482898437,True
TurbOPark 0.06,0.2083333283662796,0.5564102609952291,8.283083625756932,0.7127381923365554,8.60474461612626,True
TurbOPark 0.06,0.23611110548178355,0.5564102609952291,8.239653696736703,0.7305599303489199,8.86639120086147,True
TurbOPark 0.06,0.2638888825972875,0.5564102609952291,8.20669275312626,0.731093300322434,8.908500931071545,True
TurbOPark 0.06,0.29166665971279143,0.5564102609952291,8.191082327001254,0.7210396203422041,8.80273926640139,True
TurbOPark 0.06,0.3194444368282954,0.5564102609952291,8.162310266469612,0.7122933504580815,8.726614490313473,True
TurbOPark 0.06,0.3472222139437993,0.5564102609952291,8.136615152103502,0.697793592368661,8.575968991089193,True
TurbOPark 0.06,0.37499999105930326,0.5564102609952291,8.097905569463293,0.6939642863645731,8.569676200985473,True
TurbOPark 0.06,0.4027777681748072,0.5564102609952291,8.042231242449011,0.7099955113387127,8.82833992127918,True
TurbOPark 0.06,0.4305555452903112,0.5564102609952291,7.992211432134654,0.7031978100391835,8.798538627391707,True
TurbOPark 0.06,0.45833332240581515,0.5564102609952291,7.950932053009403,0.6937481749313575,8.72536918069594,True
TurbOPark 0.06,0.4861110995213191,0.5564102609952291,7.9013561859750565,0.6955274593177724,8.802633914318871,True
TurbOPark 0.06,-0.4861110995213191,0.5854700903097788,8.204840456321351,0.7345423811346257,8.952549230481424,True
TurbOPark 0.06,-0.45833332240581515,0.5854700903097788,8.217341995078325,0.7406613960879912,9.013393826514719,True
TurbOPark 0.06,-0.4305555452903112,0.5854700903097788,8.235145052364933,0.7439447233804396,9.033778016657967,True
TurbOPark 0.06,-0.4027777681748072,0.5854700903097788,8.246521472125227,0.7431203329766721,9.01131871769881,True
TurbOPark 0.06,-0.37499999105930326,0.5854700903097788,8.255299275084484,0.7437180206213653,9.008977092641553,True
TurbOPark 0.06,-0.3472222139437993,0.5854700903097788,8.269790350782655,0.742332456752744,8.976436224679981,True
TurbOPark 0.06,-0.3194444368282954,0.5854700903097788,8.285938166513088,0.7387357080852457,8.915534888623512,True
TurbOPark 0.06,-0.29166665971279143,0.5854700903097788,8.288727236254445,0.7408686737399401,8.93826823615839,True
TurbOPark 0.06,-0.2638888825972875,0.5854700903097788,8.315295027084092,0.7379865362980076,8.875049338529553,True
TurbOPark 0.06,-0.23611110548178355,0.5854700903097788,8.332473084609989,0.7314152567253016,8.777889220863129,True
TurbOPark 0.06,-0.2083333283662796,0.5854700903097788,8.346290420638606,0.7276117440794909,8.71778607511981,True
TurbOPark 0.06,-0.18055555125077566,0.5854700903097788,8.359354068224327,0.7247042074808567,8.669380451721869,True
TurbOPark 0.06,-0.15277777413527172,0.5854700903097788,8.355499379130118,0.7334748454407671,8.77834839259037,True
TurbOPark 0.06,-0.12499999701976776,0.5854700903097788,8.361465939407536,0.7351167758582603,8.791721226700925,True
TurbOPark 0.06,-0.09722221990426382,0.5854700903097788,8.36332637079729,0.7422141461096902,8.87462850548703,True
TurbOPark 0.06,-0.06944444278875987,0.5854700903097788,8.375500126343677,0.7274628554089132,8.685604972063762,True
TurbOPark 0.06,-0.04166666567325592,0.5854700903097788,8.371949616643734,0.7399658790631864,8.838632731282901,True
TurbOPark 0.06,-0.013888888557751973,0.5854700903097788,8.389983112523957,0.7204330336287618,8.586823405560276,True
TurbOPark 0.06,0.013888888557751973,0.5854700903097788,8.392577076162162,0.7149989388798743,8.519420583109328,True
TurbOPark 0.06,0.04166666567325592,0.5854700903097788,8.383660005053716,0.7170598059657041,8.553064002278916,True
TurbOPark 0.06,0.06944444278875987,0.5854700903097788,8.382017799113548,0.7187105781589681,8.574433929679513,True
TurbOPark 0.06,0.09722221990426382,0.5854700903097788,8.378592372739636,0.7166091966765574,8.552859057902113,True
TurbOPark 0.06,0.12499999701976776,0.5854700903097788,8.369157887952225,0.7170188807912415,8.567395792872091,True
TurbOPark 0.06,0.15277777413527172,0.5854700903097788,8.355394035129207,0.7180962107191221,8.59440270201473,True
TurbOPark 0.06,0.18055555125077566,0.5854700903097788,8.342968873589605,0.7183430089036926,8.610160481092887,True
TurbOPark 0.06,0.2083333283662796,0.5854700903097788,8.322521850881241,0.7199718933900919,8.65088618918864,True
TurbOPark 0.06,0.23611110548178355,0.5854700903097788,8.292577824256004,0.725541826223613,8.7492917353321,True
TurbOPark 0.06,0.2638888825972875,0.5854700903097788,8.280872032675088,0.7025524509340775,8.484039460601615,True
TurbOPark 0.06,0.29166665971279143,0.5854700903097788,8.252947512514416,0.6965038541682924,8.439455759437992,True
TurbOPark 0.06,0.3194444368282954,0.5854700903097788,8.218822940196567,0.6976567615936585,8.488524046205733,True
TurbOPark 0.06,0.3472222139437993,0.5854700903097788,8.199361655668282,0.6670774862269834,8.13572463614686,True
TurbOPark 0.06,0.37499999105930326,0.5854700903097788,8.14728665713,0.6785482867395609,8.328518625838917,True
TurbOPark 0.06,0.4027777681748072,0.5854700903097788,8.08886143208292,0.7048192518159853,8.71345439322838,True
TurbOPark 0.06,0.4305555452903112,0.5854700903097788,8.044166586380141,0.6930500832767661,8.615561050789193,True
TurbOPark 0.06,0.45833332240581515,0.5854700903097788,7.991303761182625,0.6845699847839462,8.56643678230844,True
TurbOPark 0.06,0.4861110995213191,0.5854700903097788,7.9413183031526025,0.6850827295678718,8.626813627353314,True
TurbOPark 0.06,-0.4861110995213191,0.6145299196243286,8.258249278912281,0.7430465277194026,8.997627737113689,True
TurbOPark 0.06,-0.45833332240581515,0.6145299196243286,8.27419864231846,0.7427490385716932,8.976688507004132,True
TurbOPark 0.06,-0.4305555452903112,0.6145299196243286,8.275505617734277,0.7503306272161683,9.066885600418441,True
TurbOPark 0.06,-0.4027777681748072,0.6145299196243286,8.288879776621068,0.7469022356194837,9.010894786122181,True
TurbOPark 0.06,-0.37499999105930326,0.6145299196243286,8.293408678587882,0.7516258075597271,9.062929811963714,True
TurbOPark 0.06,-0.3472222139437993,0.6145299196243286,8.307942894626171,0.7514665056496003,9.045157329327234,True
TurbOPark 0.06,-0.3194444368282954,0.6145299196243286,8.325018041766553,0.7497473405887812,9.005954543609448,True
TurbOPark 0.06,-0.29166665971279143,0.6145299196243286,8.336404207255264,0.744097150171059,8.92587657306088,True
TurbOPark 0.06,-0.2638888825972875,0.6145299196243286,8.358191081721056,0.739341438808448,8.845711130310848,True
TurbOPark 0.06,-0.23611110548178355,0.6145299196243286,8.3823180802165,0.7278174582320953,8.682770699788298,True
TurbOPark 0.06,-0.2083333283662796,0.6145299196243286,8.392793848202622,0.7275041070573743,8.668199412680375,True
TurbOPark 0.06,-0.18055555125077566,0.6145299196243286,8.396854189066737,0.7310244423275619,8.705932315454572,True
TurbOPark 0.06,-0.15277777413527172,0.6145299196243286,8.40381748386056,0.7319535325253722,8.709774265458298,True
TurbOPark 0.06,-0.12499999701976776,0.6145299196243286,8.412155117897058,0.7321398102120855,8.703356036010806,True
TurbOPark 0.06,-0.09722221990426382,0.6145299196243286,8.428154415486334,0.7209240027300765,8.553758832484284,True
TurbOPark 0.06,-0.06944444278875987,0.6145299196243286,8.42090550888255,0.7339390621468695,8.715678633048372,True
TurbOPark 0.06,-0.04166666567325592,0.6145299196243286,8.410792698863283,0.7390066263737638,8.786408758756359,True
TurbOPark 0.06,-0.013888888557751973,0.6145299196243286,8.422660472337318,0.737212966130846,8.752732803988557,True
TurbOPark 0.06,0.013888888557751973,0.6145299196243286,8.439142346851431,0.7137075901796249,8.457110460352677,True
TurbOPark 0.06,0.04166666567325592,0.6145299196243286,8.424900457598975,0.7309683854261805,8.676285127699899,True
TurbOPark 0.06,0.06944444278875987,0.6145299196243286,8.41980043341291,0.7203290566840461,8.55517969078592,True
TurbOPark 0.06,0.09722221990426382,0.6145299196243286,8.431458600491958,0.6988789364971563,8.288944648988469,True
TurbOPark 0.06,0.12499999701976776,0.6145299196243286,8.422678994854733,0.7040017190388346,8.358406149265535,True
TurbOPark 0.06,0.15277777413527172,0.6145299196243286,8.398108267147295,0.7202050017254257,8.575800392367029,True
TurbOPark 0.06,0.18055555125077566,0.6145299196243286,8.389297407578594,0.7068475903086637,8.425587459447112,True
TurbOPark 0.06,0.2083333283662796,0.6145299196243286,8.368785229323956,0.7098398090836517,8.481993379354458,True
TurbOPark 0.06,0.23611110548178355,0.6145299196243286,8.351206842061185,0.6945691198793555,8.316990981245137,True
TurbOPark 0.06,0.2638888825972875,0.6145299196243286,8.32879988013249,0.692488938479406,8.314390409730798,True
TurbOPark 0.06,0.29166665971279143,0.6145299196243286,8.300412905441126,0.6824571134920557,8.22196583792462,True
TurbOPark 0.06,0.3194444368282954,0.6145299196243286,8.26584285756688,0.6880334862077901,8.323815224456354,True
TurbOPark 0.06,0.3472222139437993,0.6145299196243286,8.217824425535534,0.6971847450414075,8.483811638455316,True
TurbOPark 0.06,0.37499999105930326,0.6145299196243286,8.177983729994011,0.6974182526713955,8.527997556579955,True
TurbOPark 0.06,0.4027777681748072,0.6145299196243286,8.131796041497589,0.6930022034704666,8.522129673862802,True
TurbOPark 0.06,0.4305555452903112,0.6145299196243286,8.092169808315113,0.683573299658188,8.447342503314523,True
TurbOPark 0.06,0.45833332240581515,0.6145299196243286,8.037372484191865,0.6887549688074392,8.569404617766594,True
TurbOPark 0.06,0.4861110995213191,0.6145299196243286,7.9857658664884115,0.690608370031623,8.64799170896936,True
TurbOPark 0.06,-0.4861110995213191,0.6435897489388783,8.313594515774389,0.7347829678152585,8.838330597205166,True
TurbOPark 0.06,-0.45833332240581515,0.6435897489388783,8.311949966352758,0.7483649920065256,9.003482877495044,True
TurbOPark 0.06,-0.4305555452903112,0.6435897489388783,8.318594299791933,0.7548373866856181,9.074097852139493,True
TurbOPark 0.06,-0.4027777681748072,0.6435897489388783,8.326790874267818,0.7526794687217444,9.039250295666013,True
TurbOPark 0.06,-0.37499999105930326,0.6435897489388783,8.335940873919066,0.7553673517717518,9.061572810995994,True
TurbOPark 0.06,-0.3472222139437993,0.6435897489388783,8.353660399609627,0.7553060099751076,9.041617373030912,True
TurbOPark 0.06,-0.3194444368282954,0.6435897489388783,8.37720876097154,0.74725784557323,8.920129208843633,True
TurbOPark 0.06,-0.29166665971279143,0.6435897489388783,8.382892052920456,0.7510430162741136,8.959235208241328,True
TurbOPark 0.06,-0.2638888825972875,0.6435897489388783,8.396372581081355,0.7457726849797651,8.882081848775204,True
TurbOPark 0.06,-0.23611110548178355,0.6435897489388783,8.426491692816137,0.7293760418064924,8.655749846977356,True
TurbOPark 0.06,-0.2083333283662796,0.6435897489388783,8.425433137708023,0.7398610532939411,8.781282115725224,True
TurbOPark 0.06,-0.18055555125077566,0.6435897489388783,8.435985485712749,0.7366353280596207,8.732060164247462,True
TurbOPark 0.06,-0.15277777413527172,0.6435897489388783,8.453528551751702,0.7243388444710009,8.568479304667477,True
TurbOPark 0.06,-0.12499999701976776,0.6435897489388783,8.461509447060832,0.7245389310451049,8.562762183014271,True
TurbOPark 0.06,-0.09722221990426382,0.6435897489388783,8.476506883767863,0.70787970574686,8.35107804964352,True
TurbOPark 0.06,-0.06944444278875987,0.6435897489388783,8.48468153317158,0.6967045585934946,8.211322438793598,True
TurbOPark 0.06,-0.04166666567325592,0.6435897489388783,8.478495834838752,0.7175065529628668,8.462663271173415,True
TurbOPark 0.06,-0.013888888557751973,0.6435897489388783,8.478060274011929,0.7201811914116154,8.494645804998697,True
TurbOPark 0.06,0.013888888557751973,0.6435897489388783,8.475611448493416,0.7250952776106422,8.555079264983668,True
TurbOPark 0.06,0.04166666567325592,0.6435897489388783,8.48264073257214,0.715050288337123,8.429571767567982,True
TurbOPark 0.06,0.06944444278875987,0.6435897489388783,8.481515591041989,0.6996997695681352,8.249702096959469,True
TurbOPark 0.06,0.09722221990426382,0.6435897489388783,8.47227499554992,0.6985358783143065,8.244962287947615,True
TurbOPark 0.06,0.12499999701976776,0.6435897489388783,8.461870309414344,0.699790241358594,8.26992397390013,True
TurbOPark 0.06,0.15277777413527172,0.6435897489388783,8.438947713951373,0.7105000347540191,8.419296562051352,True
TurbOPark 0.06,0.18055555125077566,0.6435897489388783,8.425708575653479,0.7187515308364908,8.530457995109877,True
TurbOPark 0.06,0.2083333283662796,0.6435897489388783,8.40924778120631,0.7104619329659775,8.448578891369776,True
TurbOPark 0.06,0.23611110548178355,0.6435897489388783,8.393561045464347,0.696136274241447,8.293694064661866,True
TurbOPark 0.06,0.2638888825972875,0.6435897489388783,8.366141252635531,0.6992578549940558,8.358188487120907,True
TurbOPark 0.06,0.29166665971279143,0.6435897489388783,8.342773767486548,0.6918224424873998,8.292475161960757,True
TurbOPark 0.06,0.3194444368282954,0.6435897489388783,8.305318736129905,0.6970511319571957,8.392828187615182,True
TurbOPark 0.06,0.3472222139437993,0.6435897489388783,8.264565310871005,0.6954481765890524,8.41481857096921,True
TurbOPark 0.06,0.37499999105930326,0.6435897489388783,8.217148319851038,0.7046619506399754,8.575504824923856,True
TurbOPark 0.06,0.4027777681748072,0.6435897489388783,8.169625984830061,0.7024336277974405,8.598112436258024,True
TurbOPark 0.06,0.4305555452903112,0.6435897489388783,8.138253696353754,0.6794815326185769,8.34923016620888,True
TurbOPark 0.06,0.45833332240581515,0.6435897489388783,8.07410510357049,0.6928061684041826,8.580593880277993,True
TurbOPark 0.06,0.4861110995213191,0.6435897489388783,8.022031997844195,0.6970158651467238,8.688769445622215,True
TurbOPark 0.06,-0.4861110995213191,0.6726495782534282,8.36497658738821,0.7420720011763609,8.871178459664494,True
TurbOPark 0.06,-0.45833332240581515,0.6726495782534282,8.3638321459358,0.7473367550215073,8.935338992720666,True
TurbOPark 0.06,-0.4305555452903112,0.6726495782534282,8.358945885570991,0.7546237674053005,9.027738398305864,True
TurbOPark 0.06,-0.4027777681748072,0.6726495782534282,8.364022114406295,0.7541964278017621,9.017150092211317,True
TurbOPark 0.06,-0.37499999105930326,0.6726495782534282,8.378910680623408,0.755275670652565,9.014007899608865,True
TurbOPark 0.06,-0.3472222139437993,0.6726495782534282,8.405395694728552,0.7533951933925825,8.963232913175933,True
TurbOPark 0.06,-0.3194444368282954,0.6726495782534282,8.418176704923152,0.7512364594551093,8.923980640793252,True
TurbOPark 0.06,-0.29166665971279143,0.6726495782534282,8.432293488316073,0.7504390276405357,8.899583828294835,True
TurbOPark 0.06,-0.2638888825972875,0.6726495782534282,8.460233252373442,0.7303438502244912,8.632668017984017,True
TurbOPark 0.06,-0.23611110548178355,0.6726495782534282,8.467235192078821,0.7358976445427381,8.691120865889934,True
TurbOPark 0.06,-0.2083333283662796,0.6726495782534282,8.468667949358366,0.741546479632995,8.75635323131519,True
TurbOPark 0.06,-0.18055555125077566,0.6726495782534282,8.481576352560394,0.7352912880551896,8.669276293589245,True
TurbOPark 0.06,-0.15277777413527172,0.6726495782534282,8.500955761703112,0.7200020242070059,8.469659699331949,True
TurbOPark 0.06,-0.12499999701976776,0.6726495782534282,8.50560243488294,0.7257918633823052,8.533103550733898,True
TurbOPark 0.06,-0.09722221990426382,0.6726495782534282,8.517518644063898,0.7189278426275717,8.440578443918206,True
TurbOPark 0.06,-0.06944444278875987,0.6726495782534282,8.52257450263676,0.7137359620117296,8.374652070109919,True
TurbOPark 0.06,-0.04166666567325592,0.6726495782534282,8.515424247591506,0.7315569705143937,8.590963283142429,True
TurbOPark 0.06,-0.013888888557751973,0.6726495782534282,8.52225118105456,0.7273465152588876,8.534675871509389,True
TurbOPark 0.06,0.013888888557751973,0.6726495782534282,8.52531292839046,0.7223485334340778,8.472985560782858,True
TurbOPark 0.06,0.04166666567325592,0.6726495782534282,8.514697790854468,0.7293458967406768,8.565728516214142,True
TurbOPark 0.06,0.06944444278875987,0.6726495782534282,8.517451933707827,0.7158628472980982,8.404659666643614,True
TurbOPark 0.06,0.09722221990426382,0.6726495782534282,8.511348324828598,0.7112690388081842,8.356714020660267,True
TurbOPark 0.06,0.12499999701976776,0.6726495782534282,8.500077823672834,0.7108505085203235,8.362870590909122,True
TurbOPark 0.06,0.15277777413527172,0.6726495782534282,8.490921255513358,0.7117170616680875,8.382094713291005,True
TurbOPark 0.06,0.18055555125077566,0.6726495782534282,8.464532234016557,0.7186066072943679,8.489619832818303,True
TurbOPark 0.06,0.2083333283662796,0.6726495782534282,8.439204956114787,0.7283791614796903,8.630897878027351,True
TurbOPark 0.06,0.23611110548178355,0.6726495782534282,8.433047604895021,0.7037251075978262,8.34484922377699,True
TurbOPark 0.06,0.2638888825972875,0.6726495782534282,8.416306065868746,0.6863874814207396,8.155448198400203,True
TurbOPark 0.06,0.29166665971279143,0.6726495782534282,8.384972771572857,0.7007111583000172,8.356749358514346,True
TurbOPark 0.06,0.3194444368282954,0.6726495782534282,8.342238360826947,0.7128385602777683,8.544931581253765,True
TurbOPark 0.06,0.3472222139437993,0.6726495782534282,8.2963840438431,0.7189616064938826,8.665963420864507,True
TurbOPark 0.06,0.37499999105930326,0.6726495782534282,8.247414980787433,0.7275462471399132,8.82150648214927,True
TurbOPark 0.06,0.4027777681748072,0.6726495782534282,8.216561356598008,0.7085034415318848,8.622870453744584,True
TurbOPark 0.06,0.4305555452903112,0.6726495782534282,8.175898313111825,0.6880193921141687,8.415214643885438,True
TurbOPark 0.06,0.45833332240581515,0.6726495782534282,8.125123856681917,0.6946571437138562,8.549496056513476,True
TurbOPark 0.06,0.4861110995213191,0.6726495782534282,8.072061508819996,0.6941936729525376,8.599955193527972,True
TurbOPark 0.06,-0.4861110995213191,0.701709407567978,8.404410418484712,0.7433879233551073,8.845212053424893,True
TurbOPark 0.06,-0.45833332240581515,0.701709407567978,8.40115491705427,0.7528180670640772,8.960887812410924,True
TurbOPark 0.06,-0.4305555452903112,0.701709407567978,8.390533425078008,0.7570378012110547,9.022522917892035,True
TurbOPark 0.06,-0.4027777681748072,0.701709407567978,8.393523865228758,0.7595022133970213,9.048669254916353,True
TurbOPark 0.06,-0.37499999105930326,0.701709407567978,8.414510170354696,0.7597073935788575,9.028539727189298,True
TurbOPark 0.06,-0.3472222139437993,0.701709407567978,8.44254544255055,0.7588215297789761,8.988065684011657,True
TurbOPark 0.06,-0.3194444368282954,0.701709407567978,8.479585936813574,0.7349898464771211,8.66775632624006,True
TurbOPark 0.06,-0.29166665971279143,0.701709407567978,8.488910041368145,0.7370010114623383,8.681927454417423,True
TurbOPark 0.06,-0.2638888825972875,0.701709407567978,8.501714553978399,0.7344692032083693,8.639071548981523,True
TurbOPark 0.06,-0.23611110548178355,0.701709407567978,8.509701172790395,0.7389487110888893,8.683603525957686,True
TurbOPark 0.06,-0.2083333283662796,0.701709407567978,8.517232130914895,0.7402829237576439,8.691590323934555,True
TurbOPark 0.06,-0.18055555125077566,0.701709407567978,8.531898967726962,0.7301185310434575,8.557514965955733,True
TurbOPark 0.06,-0.15277777413527172,0.701709407567978,8.545277903710732,0.7223286886767057,8.452957256814775,True
TurbOPark 0.06,-0.12499999701976776,0.701709407567978,8.53817299728612,0.7392824485912863,8.658555510953796,True
TurbOPark 0.06,-0.09722221990426382,0.701709407567978,8.555830893919474,0.7262289188801289,8.488116792914303,True
TurbOPark 0.06,-0.06944444278875987,0.701709407567978,8.56026592142476,0.730507792652356,8.53370443579364,True
TurbOPark 0.06,-0.04166666567325592,0.701709407567978,8.574562048754222,0.7127808719053034,8.312737931715844,True
TurbOPark 0.06,-0.013888888557751973,0.701709407567978,8.567510141065535,0.7248501688547615,8.460453001163444,True
TurbOPark 0.06,0.013888888557751973,0.701709407567978,8.56920148125039,0.728028172422824,8.495869469468847,True
TurbOPark 0.06,0.04166666567325592,0.701709407567978,8.566113043011908,0.7279837996894354,8.498414578865642,True
TurbOPark 0.06,0.06944444278875987,0.701709407567978,8.559702426787135,0.7289062454086563,8.515555904462085,True
TurbOPark 0.06,0.09722221990426382,0.701709407567978,8.55367090249805,0.7258126334662256,8.485393484734796,True
TurbOPark 0.06,0.12499999701976776,0.701709407567978,8.540442805603504,0.7178561057490844,8.405373375700016,True
TurbOPark 0.06,0.15277777413527172,0.701709407567978,8.53667623366764,0.7070310225683518,8.282275246423252,True
TurbOPark 0.06,0.18055555125077566,0.701709407567978,8.518095151783966,0.7094302430216928,8.328508080508058,True
TurbOPark 0.06,0.2083333283662796,0.701709407567978,8.484432538260323,0.733781171433368,8.648559206810841,True
TurbOPark 0.06,0.23611110548178355,0.701709407567978,8.465406330089197,0.7298419343473133,8.621463706392735,True
TurbOPark 0.06,0.2638888825972875,0.701709407567978,8.453737256807607,0.7034680957793854,8.321385848760537,True
TurbOPark 0.06,0.29166665971279143,0.701709407567978,8.42696326213788,0.6998146495562585,8.304470160686554,True
TurbOPark 0.06,0.3194444368282954,0.701709407567978,8.380244684943765,0.722184507138224,8.617701920275973,True
TurbOPark 0.06,0.3472222139437993,0.701709407567978,8.339905830578733,0.725157463311748,8.695031791041542,True
TurbOPark 0.06,0.37499999105930326,0.701709407567978,8.309143985237595,0.7089263862167003,8.531882315148364,True
TurbOPark 0.06,0.4027777681748072,0.701709407567978,8.258327639075524,0.7156040473230377,8.665241663906007,True
TurbOPark 0.06,0.4305555452903112,0.701709407567978,8.216866651399359,0.7105113944028906,8.64698703954126,True
TurbOPark 0.06,0.45833332240581515,0.701709407567978,8.17152751728033,0.7041001301339814,8.616505648974696,True
TurbOPark 0.06,0.4861110995213191,0.701709407567978,8.124711392668093,0.6959378532444365,8.565693224161354,True
TurbOPark 0.06,-0.4861110995213191,0.7307692368825277,8.438651950810382,0.7543635013501432,8.939383988667764,True
TurbOPark 0.06,-0.45833332240581515,0.7307692368825277,8.449274163857828,0.7574718319899729,8.96493375999201,True
TurbOPark 0.06,-0.4305555452903112,0.7307692368825277,8.440822082296073,0.7630893447437079,9.04046237799781,True
TurbOPark 0.06,-0.4027777681748072,0.7307692368825277,8.448837814359294,0.7646210783415219,9.050014867630713,True
TurbOPark 0.06,-0.37499999105930326,0.7307692368825277,8.469108557683855,0.7637819817199492,9.018445997211652,True
TurbOPark 0.06,-0.3472222139437993,0.7307692368825277,8.495312973677498,0.7521530747410424,8.853741787637121,True
TurbOPark 0.06,-0.3194444368282954,0.7307692368825277,8.51541271045174,0.7492185100455556,8.798381658307315,True
TurbOPark 0.06,-0.29166665971279143,0.7307692368825277,8.531060643547681,0.7433248086329579,8.713158183855588,True
TurbOPark 0.06,-0.2638888825972875,0.7307692368825277,8.541978822537427,0.7420746438973749,8.687385666883904,True
TurbOPark 0.06,-0.23611110548178355,0.7307692368825277,8.5530041031392,0.7430034962189702,8.687047115366944,True
TurbOPark 0.06,-0.2083333283662796,0.7307692368825277,8.558394809167286,0.7482435586033369,8.74280253817993,True
TurbOPark 0.06,-0.18055555125077566,0.7307692368825277,8.577712690653557,0.728457444556744,8.49244397460975,True
TurbOPark 0.06,-0.15277777413527172,0.7307692368825277,8.582298974117302,0.7336135066011203,8.547983574256374,True
TurbOPark 0.06,-0.12499999701976776,0.7307692368825277,8.585815965271536,0.7378427798266204,8.593740918872413,True
TurbOPark 0.06,-0.09722221990426382,0.7307692368825277,8.600986312607604,0.7263257988501569,8.44468032445866,True
TurbOPark 0.06,-0.06944444278875987,0.7307692368825277,8.61198925126786,0.722398810348176,8.388292057399216,True
TurbOPark 0.06,-0.04166666567325592,0.7307692368825277,8.614624417367184,0.7176152618855854,8.330197895091802,True
TurbOPark 0.06,-0.013888888557751973,0.7307692368825277,8.613906129015295,0.7281368885858801,8.453039511693838,True
TurbOPark 0.06,0.013888888557751973,0.7307692368825277,8.605205142676244,0.7431351922739652,8.635880027874013,True
TurbOPark 0.06,0.04166666567325592,0.7307692368825277,8.603382544992796,0.743606508601435,8.643187777744663,True
TurbOPark 0.06,0.06944444278875987,0.7307692368825277,8.60010474668777,0.7341193038114351,8.536167005339937,True
TurbOPark 0.06,0.09722221990426382,0.7307692368825277,8.592176850114468,0.7358321142377273,8.56397775643927,True
TurbOPark 0.06,0.12499999701976776,0.7307692368825277,8.571484663185839,0.74492878502887,8.69077895254608,True
TurbOPark 0.06,0.15277777413527172,0.7307692368825277,8.56277817867855,0.7426180966638443,8.672630321231194,True
TurbOPark 0.06,0.18055555125077566,0.7307692368825277,8.561651820340717,0.723191968275361,8.44687431176781,True
TurbOPark 0.06,0.2083333283662796,0.7307692368825277,8.52848182240542,0.7402568782587206,8.679820086078749,True
TurbOPark 0.06,0.23611110548178355,0.7307692368825277,8.500404187274398,0.75005761209364,8.823787617258482,True
TurbOPark 0.06,0.2638888825972875,0.7307692368825277,8.479678617000838,0.7443882438862697,8.778495949054625,True
TurbOPark 0.06,0.29166665971279143,0.7307692368825277,8.455242076143856,0.734025131055275,8.681302373663542,True
TurbOPark 0.06,0.3194444368282954,0.7307692368825277,8.421730966446962,0.733634300645286,8.711205612814755,True
TurbOPark 0.06,0.3472222139437993,0.7307692368825277,8.378828320768177,0.7386553826275719,8.81573597583691,True
TurbOPark 0.06,0.37499999105930326,0.7307692368825277,8.32972094723606,0.7407254489959908,8.892560191248373,True
TurbOPark 0.06,0.4027777681748072,0.7307692368825277,8.299391203833116,0.7277646206414807,8.768891630332584,True
TurbOPark 0.06,0.4305555452903112,0.7307692368825277,8.252708939335903,0.7252281186071158,8.787758346236732,True
TurbOPark 0.06,0.45833332240581515,0.7307692368825277,8.204204325023484,0.7202289123449499,8.778778341102424,True
TurbOPark 0.06,0.4861110995213191,0.7307692368825277,8.170608714791099,0.7029471093389387,8.603362783318785,True
TurbOPark 0.06,-0.45833332240581515,0.7598290661970775,8.488943593714001,0.762027076294932,8.976700903740335,True
TurbOPark 0.06,-0.4305555452903112,0.7598290661970775,8.506274811277232,0.7612391247425027,8.949148030501982,True
TurbOPark 0.06,-0.4027777681748072,0.7598290661970775,8.492794091581715,0.7699498326202585,9.065918993414117,True
TurbOPark 0.06,-0.37499999105930326,0.7598290661970775,8.518627888226618,0.7653327194456871,8.984225270638177,True
TurbOPark 0.06,-0.3472222139437993,0.7598290661970775,8.54394620907164,0.75284810617901,8.811479938622089,True
TurbOPark 0.06,-0.3194444368282954,0.7598290661970775,8.557112609308595,0.753207091471471,8.802117324623234,True
TurbOPark 0.06,-0.29166665971279143,0.7598290661970775,8.581142015318857,0.7382067548966211,8.60266330027858,True
TurbOPark 0.06,-0.2638888825972875,0.7598290661970775,8.59088182870781,0.7377348369303005,8.58741688734492,True
TurbOPark 0.06,-0.23611110548178355,0.7598290661970775,8.604106094911437,0.7337737089726036,8.528180625371014,True
TurbOPark 0.06,-0.2083333283662796,0.7598290661970775,8.6068631558499,0.7470840407939446,8.680096653868228,True
TurbOPark 0.06,-0.18055555125077566,0.7598290661970775,8.611781661618952,0.7473628981906868,8.67837722270107,True
TurbOPark 0.06,-0.15277777413527172,0.7598290661970775,8.62817091227947,0.7347113932241439,8.515262396790433,True
TurbOPark 0.06,-0.12499999701976776,0.7598290661970775,8.633155903069909,0.7315201659351567,8.473380698187457,True
TurbOPark 0.06,-0.09722221990426382,0.7598290661970775,8.6297088332921,0.746281345335186,8.647816047467865,True
TurbOPark 0.06,-0.06944444278875987,0.7598290661970775,8.644353181694875,0.7355331684292807,8.508828283263952,True
TurbOPark 0.06,-0.04166666567325592,0.7598290661970775,8.650579902220965,0.7376459160514565,8.527126786749545,True
TurbOPark 0.06,-0.013888888557751973,0.7598290661970775,8.649121952515097,0.7396204940786065,8.551393981252984,True
TurbOPark 0.06,0.013888888557751973,0.7598290661970775,8.645267432421985,0.7514590898683825,8.69214394745288,True
TurbOPark 0.06,0.04166666567325592,0.7598290661970775,8.64551384725021,0.7449785585724075,8.616937890965904,True
TurbOPark 0.06,0.06944444278875987,0.7598290661970775,8.636755006211136,0.7530732168746532,8.719400009993098,True
TurbOPark 0.06,0.09722221990426382,0.7598290661970775,8.626230825051593,0.7563068444438388,8.767523844219822,True
TurbOPark 0.06,0.12499999701976776,0.7598290661970775,8.607123248498102,0.7639279542992585,8.8755317223157,True
TurbOPark 0.06,0.15277777413527172,0.7598290661970775,8.587322485885139,0.7645560984517921,8.903311826340307,True
TurbOPark 0.06,0.18055555125077566,0.7598290661970775,8.58205715611823,0.7547815238880281,8.794878782063776,True
TurbOPark 0.06,0.2083333283662796,0.7598290661970775,8.55962035986713,0.7600335732812892,8.879290684956114,True
TurbOPark 0.06,0.23611110548178355,0.7598290661970775,8.541394585835024,0.7595461361837615,8.892530705037165,True
TurbOPark 0.06,0.2638888825972875,0.7598290661970775,8.511466050974638,0.7603928272667596,8.933746815329044,True
TurbOPark 0.06,0.29166665971279143,0.7598290661970775,8.491588708343107,0.7501161415259158,8.833637229614242,True
TurbOPark 0.06,0.3194444368282954,0.7598290661970775,8.450782250548086,0.7539835447375594,8.92205623554741,True
TurbOPark 0.06,0.3472222139437993,0.7598290661970775,8.416036261292327,0.752013514820652,8.935483302031026,True
TurbOPark 0.06,0.37499999105930326,0.7598290661970775,8.373278348130766,0.7519902326030384,8.980834045376161,True
TurbOPark 0.06,0.4027777681748072,0.7598290661970775,8.332047765248015,0.7428931499703443,8.91609326903842,True
TurbOPark 0.06,0.4305555452903112,0.7598290661970775,8.298643554361872,0.7336446322734451,8.840536739137713,True
TurbOPark 0.06,0.45833332240581515,0.7598290661970775,8.239570379208653,0.7352923619939783,8.923916274195323,True
TurbOPark 0.06,-0.45833332240581515,0.7888888955116272,8.546230720482178,0.7602933283337683,8.89624155022663,True
TurbOPark 0.06,-0.4305555452903112,0.7888888955116272,8.545382999843376,0.7687051227149206,8.995560792641006,True
TurbOPark 0.06,-0.4027777681748072,0.7888888955116272,8.554017050491613,0.7656697207778813,8.950995961995154,True
TurbOPark 0.06,-0.37499999105930326,0.7888888955116272,8.578173691774909,0.7540347626062932,8.79015498752714,True
TurbOPark 0.06,-0.3472222139437993,0.7888888955116272,8.582855055241268,0.7607128686346634,8.863168068650081,True
TurbOPark 0.06,-0.3194444368282954,0.7888888955116272,8.599311940130335,0.758301785050227,8.818168131702103,True
TurbOPark 0.06,-0.29166665971279143,0.7888888955116272,8.613704364270014,0.7580287590405945,8.800264404069031,True
TurbOPark 0.06,-0.2638888825972875,0.7888888955116272,8.624516061318252,0.7541944411757019,8.744774035013203,True
TurbOPark 0.06,-0.23611110548178355,0.7888888955116272,8.635963709396556,0.7528490059480665,8.717602705172464,True
TurbOPark 0.06,-0.2083333283662796,0.7888888955116272,8.636084331094315,0.7634314191840491,8.84001811371047,True
TurbOPark 0.06,-0.18055555125077566,0.7888888955116272,8.647806774914088,0.7581012289257502,8.766398795182164,True
TurbOPark 0.06,-0.15277777413527172,0.7888888955116272,8.659826897220189,0.7600329781780905,8.776537766846836,True
TurbOPark 0.06,-0.12499999701976776,0.7888888955116272,8.666638136117127,0.755179849348241,8.71364233151865,True
TurbOPark 0.06,-0.09722221990426382,0.7888888955116272,8.66063082404811,0.765847850377483,8.84286452034119,True
TurbOPark 0.06,-0.06944444278875987,0.7888888955116272,8.659225929411775,0.7693838781573071,8.885134588578309,True
TurbOPark 0.06,-0.04166666567325592,0.7888888955116272,8.685369628954001,0.7521325184372835,8.659764069567464,True
TurbOPark 0.06,-0.013888888557751973,0.7888888955116272,8.679475592669489,0.7660463787495859,8.825952335145379,True
TurbOPark 0.06,0.013888888557751973,0.7888888955116272,8.670972112248661,0.7723535566442903,8.907346796252055,True
TurbOPark 0.06,0.04166666567325592,0.7888888955116272,8.672519486054531,0.766599990966737,8.8394150304238,True
TurbOPark 0.06,0.06944444278875987,0.7888888955116272,8.67224720279569,0.7638388050920804,8.807853226852668,True
TurbOPark 0.06,0.09722221990426382,0.7888888955116272,8.649542821515524,0.7739513870724776,8.94788780220028,True
TurbOPark 0.06,0.12499999701976776,0.7888888955116272,8.637605160465297,0.7717656291418407,8.934949153201009,True
TurbOPark 0.06,0.15277777413527172,0.7888888955116272,8.619678191593474,0.7757479994471921,8.999732730205135,True
TurbOPark 0.06,0.18055555125077566,0.7888888955116272,8.611529500754353,0.7695160846811245,8.935881652773952,True
TurbOPark 0.06,0.2083333283662796,0.7888888955116272,8.582745474946849,0.7651913801237278,8.915461635875511,True
TurbOPark 0.06,0.23611110548178355,0.7888888955116272,8.572741974820234,0.7678091723897312,8.956401284967308,True
TurbOPark 0.06,0.2638888825972875,0.7888888955116272,8.556262353653766,0.7666335387497427,8.959911548555644,True
TurbOPark 0.06,0.29166665971279143,0.7888888955116272,8.524820188867963,0.7652718998086467,8.976985823207956,True
TurbOPark 0.06,0.3194444368282954,0.7888888955116272,8.489073341469588,0.7647348482734366,9.008460847400917,True
TurbOPark 0.06,0.3472222139437993,0.7888888955116272,8.450240128912576,0.7599079097826807,8.992737462958582,True
TurbOPark 0.06,0.37499999105930326,0.7888888955116272,8.42049901623994,0.7524847531903603,8.936343935663475,True
TurbOPark 0.06,0.4027777681748072,0.7888888955116272,8.391226115401,0.7388921389741973,8.805532455120678,True
TurbOPark 0.06,0.4305555452903112,0.7888888955116272,8.34100045051551,0.7307262239882311,8.760654412182282,True
TurbOPark 0.06,0.45833332240581515,0.7888888955116272,8.302827401208711,0.7287905797143128,8.777619291570685,True
TurbOPark 0.06,-0.45833332240581515,0.817948724826177,8.583732700336332,0.772298241871599,8.997230794958682,True
TurbOPark 0.06,-0.4305555452903112,0.817948724826177,8.589239701634751,0.7741437989570907,9.01294906008679,True
TurbOPark 0.06,-0.4027777681748072,0.817948724826177,8.595076987359596,0.7751860054803101,9.018953601234083,True
TurbOPark 0.06,-0.37499999105930326,0.817948724826177,8.605656116400747,0.7734418863680764,8.987599270833552,True
TurbOPark 0.06,-0.3472222139437993,0.817948724826177,8.634036116981271,0.760371808175728,8.806678566936291,True
TurbOPark 0.06,-0.3194444368282954,0.817948724826177,8.641702095694672,0.7608428055501879,8.804316523815865,True
TurbOPark 0.06,-0.29166665971279143,0.817948724826177,8.653141181052124,0.7655565248143271,8.847151673552657,True
TurbOPark 0.06,-0.2638888825972875,0.817948724826177,8.659790426789119,0.767243623750923,8.859840549691016,True
TurbOPark 0.06,-0.23611110548178355,0.817948724826177,8.6776525330499,0.7617739440255021,8.778571637020416,True
TurbOPark 0.06,-0.2083333283662796,0.817948724826177,8.685910297180232,0.7647393625694562,8.804366340482687,True
TurbOPark 0.06,-0.18055555125077566,0.817948724826177,8.691943421346148,0.7636468092651966,8.78568545890199,True
TurbOPark 0.06,-0.15277777413527172,0.817948724826177,8.69131306988491,0.7707149187894184,8.867646494750238,True
TurbOPark 0.06,-0.12499999701976776,0.817948724826177,8.6964556147404,0.7760398606513665,8.923633892134024,True
TurbOPark 0.06,-0.09722221990426382,0.817948724826177,8.70298189529821,0.7763060899896514,8.920001205667809,True
TurbOPark 0.06,-0.06944444278875987,0.817948724826177,8.695762823016711,0.7771723978433598,8.937368850335607,True
TurbOPark 0.06,-0.04166666567325592,0.817948724826177,8.70836918750465,0.7736757636917745,8.884278411185141,True
TurbOPark 0.06,-0.013888888557751973,0.817948724826177,8.699383625895504,0.7808432536779844,8.975845729502534,True
TurbOPark 0.06,0.013888888557751973,0.817948724826177,8.69706959563127,0.7766045530123603,8.929496820428641,True
TurbOPark 0.06,0.04166666567325592,0.817948724826177,8.70180030741028,0.7745913610635669,8.901506972114037,True
TurbOPark 0.06,0.06944444278875987,0.817948724826177,8.703073110809484,0.7688735413437567,8.834506289379462,True
TurbOPark 0.06,0.09722221990426382,0.817948724826177,8.67914984873854,0.7823652820704946,9.0143078032488,True
TurbOPark 0.06,0.12499999701976776,0.817948724826177,8.678734872242115,0.7818344318377709,9.008622147663178,True
TurbOPark 0.06,0.15277777413527172,0.817948724826177,8.677532936625356,0.7794199876368213,8.982045857148119,True
TurbOPark 0.06,0.18055555125077566,0.817948724826177,8.660993567946855,0.7742232870340777,8.939197113589502,True
TurbOPark 0.06,0.2083333283662796,0.817948724826177,8.639766864430957,0.7747661098844795,8.967442316923075,True
TurbOPark 0.06,0.23611110548178355,0.817948724826177,8.618973400793799,0.7733142907918088,8.97223201455277,True
TurbOPark 0.06,0.2638888825972875,0.817948724826177,8.59747652089905,0.7716136670582991,8.974885423445278,True
TurbOPark 0.06,0.29166665971279143,0.817948724826177,8.571272859776954,0.7665498568035831,8.943244128895119,True
TurbOPark 0.06,0.3194444368282954,0.817948724826177,8.546306432961956,0.76812126382898,8.987757107169005,True
TurbOPark 0.06,0.3472222139437993,0.817948724826177,8.51039287164055,0.7539530346912261,8.859203635635291,True
TurbOPark 0.06,0.37499999105930326,0.817948724826177,8.472573383840867,0.7513359328861261,8.867859844319499,True
TurbOPark 0.06,0.4027777681748072,0.817948724826177,8.44501962949638,0.7423629472606438,8.790541405821632,True
TurbOPark 0.06,0.4305555452903112,0.817948724826177,8.396550212473777,0.7436296846506472,8.856371555379054,True
TurbOPark 0.06,0.45833332240581515,0.817948724826177,8.352303828012914,0.7419312293788758,8.88295307087012,True
TurbOPark 0.06,-0.4305555452903112,0.8470085541407267,8.64587442793525,0.7724218771194722,8.93399370483266,True
TurbOPark 0.06,-0.4027777681748072,0.8470085541407267,8.648096499083376,0.7765837278382406,8.979822645602436,True
TurbOPark 0.06,-0.37499999105930326,0.8470085541407267,8.660431763319986,0.7670224000377164,8.85663002722716,True
TurbOPark 0.06,-0.3472222139437993,0.8470085541407267,8.67328484683808,0.7632570178956198,8.800091676613985,True
TurbOPark 0.06,-0.3194444368282954,0.8470085541407267,8.702268181241926,0.7487126570895793,8.603649548556298,True
TurbOPark 0.06,-0.29166665971279143,0.8470085541407267,8.702323669926926,0.7633541234600443,8.771842468902955,True
TurbOPark 0.06,-0.2638888825972875,0.8470085541407267,8.713215473482787,0.7649989261412954,8.77975448293964,True
TurbOPark 0.06,-0.23611110548178355,0.8470085541407267,8.718429032588366,0.7728592859198036,8.86466223480119,True
TurbOPark 0.06,-0.2083333283662796,0.8470085541407267,8.721400882621248,0.7792717221247895,8.935166868405394,True
TurbOPark 0.06,-0.18055555125077566,0.8470085541407267,8.72321593159013,0.7831600850869035,8.977882597755935,True
TurbOPark 0.06,-0.15277777413527172,0.8470085541407267,8.736528438886314,0.7755131990867385,8.876674579744135,True
TurbOPark 0.06,-0.12499999701976776,0.8470085541407267,8.735974487175815,0.7854514408713257,8.990999710728872,True
TurbOPark 0.06,-0.09722221990426382,0.8470085541407267,8.739465508498807,0.7852378261201407,8.984963958682897,True
TurbOPark 0.06,-0.06944444278875987,0.8470085541407267,8.741565448206371,0.7807920163297626,8.931947269124073,True
TurbOPark 0.06,-0.04166666567325592,0.8470085541407267,8.744177551292834,0.7778331702281286,8.895441174031573,True
TurbOPark 0.06,-0.013888888557751973,0.8470085541407267,8.747845753338627,0.7747616383109811,8.856599214901479,True
TurbOPark 0.06,0.013888888557751973,0.8470085541407267,8.733903198783194,0.7813748329995515,8.946456300413457,True
TurbOPark 0.06,0.04166666567325592,0.8470085541407267,8.727333541283874,0.776845543474294,8.901293159010084,True
TurbOPark 0.06,0.06944444278875987,0.8470085541407267,8.733516839801432,0.7793207885422281,8.92333298071418,True
TurbOPark 0.06,0.09722221990426382,0.8470085541407267,8.731415412884488,0.7843416803668128,8.982984353366136,True
TurbOPark 0.06,0.12499999701976776,0.8470085541407267,8.717995195572392,0.7902926906811665,9.06507371193015,True
TurbOPark 0.06,0.15277777413527172,0.8470085541407267,8.717790760610225,0.7841214059202309,8.994496741802326,True
TurbOPark 0.06,0.18055555125077566,0.8470085541407267,8.712130982343606,0.7812128057615485,8.966954323170638,True
TurbOPark 0.06,0.2083333283662796,0.8470085541407267,8.677990309857089,0.7781302697335313,8.966710516485305,True
TurbOPark 0.06,0.23611110548178355,0.8470085541407267,8.660022048390264,0.7797907235780847,9.004488894148176,True
TurbOPark 0.06,0.2638888825972875,0.8470085541407267,8.630051026660581,0.7816449175732948,9.057245607917967,True
TurbOPark 0.06,0.29166665971279143,0.8470085541407267,8.607774004022,0.7770798521316644,9.027651652663886,True
TurbOPark 0.06,0.3194444368282954,0.8470085541407267,8.587198506699494,0.7688735473177585,8.953718103964928,True
TurbOPark 0.06,0.3472222139437993,0.8470085541407267,8.560854991557793,0.768246526779446,8.973946265145774,True
TurbOPark 0.06,0.37499999105930326,0.8470085541407267,8.520170439868625,0.7656271548499525,8.98605444871544,True
TurbOPark 0.06,0.4027777681748072,0.8470085541407267,8.4888859305486,0.7559239008202028,8.904865809303562,True
TurbOPark 0.06,0.4305555452903112,0.8470085541407267,8.449192671541471,0.7494012127639456,8.869500813824201,True
TurbOPark 0.06,-0.4305555452903112,0.8760683834552765,8.672167952560207,0.7853807868817703,9.056337367750231,True
TurbOPark 0.06,-0.4027777681748072,0.8760683834552765,8.676793320338266,0.7832953081335631,9.027474542899752,True
TurbOPark 0.06,-0.37499999105930326,0.8760683834552765,8.69073420741661,0.7860751271841702,9.044979496822481,True
TurbOPark 0.06,-0.3472222139437993,0.8760683834552765,8.705667367382992,0.7830507304300494,8.99472375160874,True
TurbOPark 0.06,-0.3194444368282954,0.8760683834552765,8.737426859846313,0.7675108669407068,8.784175012301127,True
TurbOPark 0.06,-0.29166665971279143,0.8760683834552765,8.746874301382467,0.7674668771451957,8.774184362337246,True
TurbOPark 0.06,-0.2638888825972875,0.8760683834552765,8.756929493303307,0.7737454060269323,8.83580719267683,True
TurbOPark 0.06,-0.23611110548178355,0.8760683834552765,8.759495447830744,0.7798248045655995,8.902622407991778,True
TurbOPark 0.06,-0.2083333283662796,0.8760683834552765,8.751361505151696,0.788563844421365,9.010756142997387,True
TurbOPark 0.06,-0.18055555125077566,0.8760683834552765,8.76550911433995,0.7879958435479547,8.989732749907606,True
TurbOPark 0.06,-0.15277777413527172,0.8760683834552765,8.779030856228735,0.7848082675681025,8.939577504859548,True
TurbOPark 0.06,-0.12499999701976776,0.8760683834552765,8.784888027746286,0.7870562284048725,8.959206149458316,True
TurbOPark 0.06,-0.09722221990426382,0.8760683834552765,8.788400388271201,0.788593138118702,8.973113459545385,True
TurbOPark 0.06,-0.06944444278875987,0.8760683834552765,8.778114543688632,0.7930396601158605,9.034282432393722,True
TurbOPark 0.06,-0.04166666567325592,0.8760683834552765,8.786827720638353,0.7830567582958127,8.911711748445713,True
TurbOPark 0.06,-0.013888888557751973,0.8760683834552765,8.77893284687428,0.771211711824498,8.784800217478441,True
TurbOPark 0.06,0.013888888557751973,0.8760683834552765,8.78046081935724,0.7803173343731205,8.886974732041939,True
TurbOPark 0.06,0.04166666567325592,0.8760683834552765,8.78884571735992,0.782944966416204,8.908393566059694,True
TurbOPark 0.06,0.06944444278875987,0.8760683834552765,8.798853780515474,0.7826074670325512,8.894425189398964,True
TurbOPark 0.06,0.09722221990426382,0.8760683834552765,8.780451355297252,0.7890732445739612,8.9867048132772,True
TurbOPark 0.06,0.12499999701976776,0.8760683834552765,8.771075412480872,0.7943298032836114,9.056241862352628,True
TurbOPark 0.06,0.15277777413527172,0.8760683834552765,8.756614340106127,0.7924933986826055,9.050226125100775,True
TurbOPark 0.06,0.18055555125077566,0.8760683834552765,8.758750153107716,0.7862002489764853,8.976169376147023,True
TurbOPark 0.06,0.2083333283662796,0.8760683834552765,8.7357729364986,0.786247446132134,9.00031916863525,True
TurbOPark 0.06,0.23611110548178355,0.8760683834552765,8.694549248859541,0.7853878712419897,9.033106245789666,True
TurbOPark 0.06,0.2638888825972875,0.8760683834552765,8.678997206971207,0.7827465353368265,9.01885916852356,True
TurbOPark 0.06,0.29166665971279143,0.8760683834552765,8.666903929734806,0.7831342142906239,9.035916639202744,True
TurbOPark 0.06,0.3194444368282954,0.8760683834552765,8.628018709914882,0.7803939260791128,9.044879853845515,True
TurbOPark 0.06,0.3472222139437993,0.8760683834552765,8.6068913114283,0.7776227698266905,9.034885438766455,True
TurbOPark 0.06,0.37499999105930326,0.8760683834552765,8.574755070510752,0.7726318708946093,9.010541578636458,True
TurbOPark 0.06,0.4027777681748072,0.8760683834552765,8.547689278591905,0.7634895669474936,8.93211652954781,True
TurbOPark 0.06,0.4305555452903112,0.8760683834552765,8.521371969882829,0.7478215097477727,8.775834600235806,True
TurbOPark 0.06,-0.4027777681748072,0.9051282127698262,8.708354247810039,0.7828657055417452,8.989823831967088,True
TurbOPark 0.06,-0.37499999105930326,0.9051282127698262,8.735576320652601,0.7899128497514801,9.042481237144852,True
TurbOPark 0.06,-0.3472222139437993,0.9051282127698262,8.744515598501755,0.7911270144328654,9.047122227884339,True
TurbOPark 0.06,-0.3194444368282954,0.9051282127698262,8.767177560513113,0.7856126687772369,8.960839031201937,True
TurbOPark 0.06,-0.29166665971279143,0.9051282127698262,8.785171296074708,0.7850361627864221,8.935923231652673,True
TurbOPark 0.06,-0.2638888825972875,0.9051282127698262,8.804308718217346,0.780400651700482,8.863849243333823,True
TurbOPark 0.06,-0.23611110548178355,0.9051282127698262,8.789516324876304,0.7913248119061745,9.003052985595437,True
TurbOPark 0.06,-0.2083333283662796,0.9051282127698262,8.776928133636888,0.7939239842346397,9.04557918381476,True
TurbOPark 0.06,-0.18055555125077566,0.9051282127698262,8.802899812622293,0.7946426886971136,9.027055920342205,True
TurbOPark 0.06,-0.15277777413527172,0.9051282127698262,8.816410975043993,0.7953901334540525,9.021699824401432,True
TurbOPark 0.06,-0.12499999701976776,0.9051282127698262,8.82416801153447,0.7948995287304289,9.008209359696911,True
TurbOPark 0.06,-0.09722221990426382,0.9051282127698262,8.825115318871049,0.795572381204912,9.014866689659138,True
TurbOPark 0.06,-0.06944444278875987,0.9051282127698262,8.8345934622684,0.7916696650697747,8.96101975094735,True
TurbOPark 0.06,-0.04166666567325592,0.9051282127698262,8.835764741090893,0.7920337502130226,8.96395245257781,True
TurbOPark 0.06,-0.013888888557751973,0.9051282127698262,8.848101774205388,0.7849009370150704,8.870839837119291,True
TurbOPark 0.06,0.013888888557751973,0.9051282127698262,8.833010316569142,0.7897084048945624,8.940422082528436,True
TurbOPark 0.06,0.04166666567325592,0.9051282127698262,8.842417231648463,0.792070567066835,8.957624892793843,True
TurbOPark 0.06,0.06944444278875987,0.9051282127698262,8.834011354979527,0.7956820656639383,9.00703014396094,True
TurbOPark 0.06,0.09722221990426382,0.9051282127698262,8.824586615920557,0.7986633750736203,9.050433859788297,True
TurbOPark 0.06,0.12499999701976776,0.9051282127698262,8.8269443498618,0.793484312579683,8.989343096879345,True
TurbOPark 0.06,0.15277777413527172,0.9051282127698262,8.801621905390697,0.7921338382537505,8.999862147777506,True
TurbOPark 0.06,0.18055555125077566,0.9051282127698262,8.787303424852885,0.7940152848128598,9.035937948462875,True
TurbOPark 0.06,0.2083333283662796,0.9051282127698262,8.775063387086432,0.7926847896921263,9.03337964325885,True
TurbOPark 0.06,0.23611110548178355,0.9051282127698262,8.747793002471008,0.7922307083379521,9.05634950568868,True
TurbOPark 0.06,0.2638888825972875,0.9051282127698262,8.728778218772277,0.7888588033332724,9.037448123458306,True
TurbOPark 0.06,0.29166665971279143,0.9051282127698262,8.709961639529537,0.788284747423821,9.050381391420224,True
TurbOPark 0.06,0.3194444368282954,0.9051282127698262,8.683420426934987,0.7864329076800916,9.056718078980326,True
TurbOPark 0.06,0.3472222139437993,0.9051282127698262,8.651378702683067,0.783478020321572,9.056105936948414,True
TurbOPark 0.06,0.37499999105930326,0.9051282127698262,8.628001392938538,0.7821281372028969,9.064997808681605,True
TurbOPark 0.06,0.4027777681748072,0.9051282127698262,8.604241374635354,0.772968136295664,8.983571039444744,True
TurbOPark 0.06,-0.37499999105930326,0.934188042084376,8.783490546623595,0.7962101187386907,9.06484858738485,True
TurbOPark 0.06,-0.3472222139437993,0.934188042084376,8.80024738588018,0.7932780053430687,9.014269378561645,True
TurbOPark 0.06,-0.3194444368282954,0.934188042084376,8.804630744124678,0.7958596482431055,9.039103073961186,True
TurbOPark 0.06,-0.29166665971279143,0.934188042084376,8.814973305466628,0.7952307971569681,9.021363645693672,True
TurbOPark 0.06,-0.2638888825972875,0.934188042084376,8.830317645038742,0.7924075823868447,8.973715490654563,True
TurbOPark 0.06,-0.23611110548178355,0.934188042084376,8.834470947758644,0.7959683116109938,9.009801677065173,True
TurbOPark 0.06,-0.2083333283662796,0.934188042084376,8.839333255038328,0.7999786173853629,9.050214470977021,True
TurbOPark 0.06,-0.18055555125077566,0.934188042084376,8.84537484052447,0.8025732525236599,9.073366216734268,True
TurbOPark 0.06,-0.15277777413527172,0.934188042084376,8.866077471719356,0.793641361846015,8.951437254834948,True
TurbOPark 0.06,-0.12499999701976776,0.934188042084376,8.873584431691754,0.7946869871611721,8.955648005364893,True
TurbOPark 0.06,-0.09722221990426382,0.934188042084376,8.885598469959362,0.796328549411908,8.962013668568911,True
TurbOPark 0.06,-0.06944444278875987,0.934188042084376,8.892607485176304,0.7903298704563388,8.887493030292788,True
TurbOPark 0.06,-0.04166666567325592,0.934188042084376,8.897728330294317,0.7924627625368297,8.906349273878277,True
TurbOPark 0.06,-0.013888888557751973,0.934188042084376,8.91213639266641,0.7813178277163855,8.766897108523986,True
TurbOPark 0.06,0.013888888557751973,0.934188042084376,8.908048020157967,0.7858453165946503,8.821745401645408,True
TurbOPark 0.06,0.04166666567325592,0.934188042084376,8.900647857595658,0.7867789195921535,8.839569121035725,True
TurbOPark 0.06,0.06944444278875987,0.934188042084376,8.874098071013437,0.7990240303820544,9.004002705266526,True
TurbOPark 0.06,0.09722221990426382,0.934188042084376,8.855531872490724,0.7961849402854826,8.990820108262408,True
TurbOPark 0.06,0.12499999701976776,0.934188042084376,8.870495182248163,0.7952674624842788,8.965310798835517,True
TurbOPark 0.06,0.15277777413527172,0.934188042084376,8.845969622893687,0.7942583847870055,8.97876003023384,True
TurbOPark 0.06,0.18055555125077566,0.934188042084376,8.824239566587949,0.7908837323783037,8.962627616921253,True
TurbOPark 0.06,0.2083333283662796,0.934188042084376,8.816573813209228,0.7893921046955947,8.953501909244,True
TurbOPark 0.06,0.23611110548178355,0.934188042084376,8.79631748004261,0.7922656234981271,9.006787502789058,True
TurbOPark 0.06,0.2638888825972875,0.934188042084376,8.772178595138522,0.7925427930208261,9.034731616841997,True
TurbOPark 0.06,0.29166665971279143,0.934188042084376,8.765773060212583,0.7920911296652351,9.036181112884362,True
TurbOPark 0.06,0.3194444368282954,0.934188042084376,8.74743655667893,0.7892037156668185,9.02211419943638,True
TurbOPark 0.06,0.3472222139437993,0.934188042084376,8.705229834876953,0.7851319515935383,9.019083545019763,True
TurbOPark 0.06,0.37499999105930326,0.934188042084376,8.674011157107435,0.7814230766895951,9.008785699443118,True
TurbOPark 0.06,-0.3472222139437993,0.9632478713989258,8.847914678753106,0.7973433530334252,9.011652824231245,True
TurbOPark 0.06,-0.3194444368282954,0.9632478713989258,8.839612332140145,0.7947234187653445,8.990478189589737,True
TurbOPark 0.06,-0.29166665971279143,0.9632478713989258,8.86392049978368,0.7999030447031426,9.024257885917002,True
TurbOPark 0.06,-0.2638888825972875,0.9632478713989258,8.880179439351727,0.801991981198604,9.031258733856747,True
TurbOPark 0.06,-0.23611110548178355,0.9632478713989258,8.891779943265359,0.8006830059202977,9.00475507748857,True
TurbOPark 0.06,-0.2083333283662796,0.9632478713989258,8.885562461464513,0.805463501566968,9.064856671259188,True
TurbOPark 0.06,-0.18055555125077566,0.9632478713989258,8.895662382335482,0.8030723458539616,9.02768463255371,True
TurbOPark 0.06,-0.15277777413527172,0.9632478713989258,8.905492554963708,0.8037836322873199,9.025706633591088,True
TurbOPark 0.06,-0.12499999701976776,0.9632478713989258,8.925827766563456,0.8004359148357807,8.96763791291435,True
TurbOPark 0.06,-0.09722221990426382,0.9632478713989258,8.930334518123264,0.8002868988774846,8.961443686721685,True
TurbOPark 0.06,-0.06944444278875987,0.9632478713989258,8.94578005553666,0.7943098161944907,8.87915655497121,True
TurbOPark 0.06,-0.04166666567325592,0.9632478713989258,8.965584524906388,0.7786899805587856,8.68532306394062,True
TurbOPark 0.06,-0.013888888557751973,0.9632478713989258,8.96827794004159,0.776149438407837,8.654386534370028,True
TurbOPark 0.06,0.013888888557751973,0.9632478713989258,8.952671975544883,0.792217371836503,8.848948939495648,True
TurbOPark 0.06,0.04166666567325592,0.9632478713989258,8.946385890575895,0.7887600073450967,8.816521185118729,True
TurbOPark 0.06,0.06944444278875987,0.9632478713989258,8.915257076309224,0.8011469139265655,8.986245792681366,True
TurbOPark 0.06,0.09722221990426382,0.9632478713989258,8.911483023259333,0.8022542228961502,9.00247715001234,True
TurbOPark 0.06,0.12499999701976776,0.9632478713989258,8.887410781110844,0.7978130089409592,8.976889091664557,True
TurbOPark 0.06,0.15277777413527172,0.9632478713989258,8.887950221262678,0.8005237870080546,9.006843727510518,True
TurbOPark 0.06,0.18055555125077566,0.9632478713989258,8.873007788770863,0.8026659694442693,9.046154230362271,True
TurbOPark 0.06,0.2083333283662796,0.9632478713989258,8.859168786804956,0.7936899792745225,8.958966674804323,True
TurbOPark 0.06,0.23611110548178355,0.9632478713989258,8.837112918967819,0.7921959547998175,8.96442041720959,True
TurbOPark 0.06,0.2638888825972875,0.9632478713989258,8.809479170783085,0.7877972028610236,8.942608156379753,True
TurbOPark 0.06,0.29166665971279143,0.9632478713989258,8.8016707016333,0.7918928557728193,8.997074335283529,True
TurbOPark 0.06,0.3194444368282954,0.9632478713989258,8.781997929164737,0.7960706856513075,9.064801564204222,True
TurbOPark 0.06,0.3472222139437993,0.9632478713989258,8.752573028762551,0.7907722883975525,9.03474082191523,True
TurbOPark 0.06,-0.3194444368282954,0.9923077007134755,8.900486878442166,0.8024900805782195,9.0162492404986,True
TurbOPark 0.06,-0.29166665971279143,0.9923077007134755,8.910552694897047,0.8060507715622655,9.046024406812384,True
TurbOPark 0.06,-0.2638888825972875,0.9923077007134755,8.909989121392277,0.8052095419693082,9.037155163703343,True
TurbOPark 0.06,-0.23611110548178355,0.9923077007134755,8.919163626198747,0.8090795509854973,9.071249109153506,True
TurbOPark 0.06,-0.2083333283662796,0.9923077007134755,8.936998117684547,0.810994966109474,9.07457913082331,True
TurbOPark 0.06,-0.18055555125077566,0.9923077007134755,8.955331815800559,0.8070362760259951,9.0117964652307,True
TurbOPark 0.06,-0.15277777413527172,0.9923077007134755,8.96985842679062,0.7899491475662962,8.80670697328873,True
TurbOPark 0.06,-0.12499999701976776,0.9923077007134755,8.98219360089327,0.7946515242303344,8.846965001414656,True
TurbOPark 0.06,-0.09722221990426382,0.9923077007134755,8.96633762747891,0.8094162158117026,9.027277908107152,True
TurbOPark 0.06,-0.06944444278875987,0.9923077007134755,8.988551838052805,0.8031021603754445,8.934722465253323,True
TurbOPark 0.06,-0.04166666567325592,0.9923077007134755,8.993929564798728,0.801419473177802,8.910670996518268,True
TurbOPark 0.06,-0.013888888557751973,0.9923077007134755,9.002283344070865,0.7954573028603923,8.83617269594498,True
TurbOPark 0.06,0.013888888557751973,0.9923077007134755,8.999205733167706,0.7945020466651066,8.828579657167623,True
TurbOPark 0.06,0.04166666567325592,0.9923077007134755,8.983737279209073,0.7995480443608044,8.899949091467604,True
TurbOPark 0.06,0.06944444278875987,0.9923077007134755,8.955737474704593,0.8056135786453741,8.995502390739155,True
TurbOPark 0.06,0.09722221990426382,0.9923077007134755,8.952174999728777,0.8097141916987091,9.044887881696246,True
TurbOPark 0.06,0.12499999701976776,0.9923077007134755,8.945555757315246,0.8064337479342304,9.014909412137614,True
TurbOPark 0.06,0.15277777413527172,0.9923077007134755,8.940277008863267,0.8068801218915478,9.025225069554534,True
TurbOPark 0.06,0.18055555125077566,0.9923077007134755,8.922152094670324,0.8010214492741338,8.977895027732451,True
TurbOPark 0.06,0.2083333283662796,0.9923077007134755,8.91529815483621,0.8005389937230284,8.979385544035525,True
TurbOPark 0.06,0.23611110548178355,0.9923077007134755,8.904977935435838,0.7978609297348319,8.959718210641272,True
TurbOPark 0.06,0.2638888825972875,0.9923077007134755,8.886793600466413,0.8044649123785387,9.052364087046168,True
TurbOPark 0.06,0.29166665971279143,0.9923077007134755,8.876420652731873,0.8046613083098396,9.065155199265945,True
TurbOPark 0.06,0.3194444368282954,0.9923077007134755,8.844315395343981,0.8016696311750604,9.064236126145987,True
TurbOPark 0.06,-0.29166665971279143,1.0213675300280254,8.9647930252906,0.8081081738386192,9.014242398668472,True
TurbOPark 0.06,-0.2638888825972875,1.0213675300280254,8.970910706325693,0.8043268139659122,8.9659438188227,True
TurbOPark 0.06,-0.23611110548178355,1.0213675300280254,8.973808150820437,0.8072940991027536,8.996114977440723,True
TurbOPark 0.06,-0.2083333283662796,1.0213675300280254,8.985668319246317,0.8128885987511175,9.046501271474702,True
TurbOPark 0.06,-0.18055555125077566,1.0213675300280254,8.992977638099552,0.8123975828930258,9.033688457660908,True
TurbOPark 0.06,-0.15277777413527172,1.0213675300280254,9.021271087598313,0.8013215364294741,8.88257905841078,True
TurbOPark 0.06,-0.12499999701976776,1.0213675300280254,9.036001885682275,0.7921805381138171,8.766936396605262,True
TurbOPark 0.06,-0.09722221990426382,1.0213675300280254,9.036724094858965,0.8021667048544939,8.876742240153712,True
TurbOPark 0.06,-0.06944444278875987,1.0213675300280254,9.042490512801395,0.8033057254793396,8.883677835681498,True
TurbOPark 0.06,-0.04166666567325592,1.0213675300280254,9.038063766348682,0.8097648655339,8.959494936834682,True
TurbOPark 0.06,-0.013888888557751973,1.0213675300280254,9.050104394118065,0.8019199275745525,8.860891462155337,True
TurbOPark 0.06,0.013888888557751973,1.0213675300280254,9.031184521420752,0.8068114116281669,8.933616733381088,True
TurbOPark 0.06,0.04166666567325592,1.0213675300280254,9.026567806497464,0.8092289418023305,8.964968293040847,True
TurbOPark 0.06,0.06944444278875987,1.0213675300280254,9.011984963217738,0.8122965932773691,9.013514742786896,True
TurbOPark 0.06,0.09722221990426382,1.0213675300280254,8.992731955609331,0.803807432236719,8.938411999874342,True
TurbOPark 0.06,0.12499999701976776,1.0213675300280254,8.994423633796254,0.8076008827845383,8.97890643876284,True
TurbOPark 0.06,0.15277777413527172,1.0213675300280254,8.997679732363885,0.8084980542011885,8.985628275844162,True
TurbOPark 0.06,0.18055555125077566,1.0213675300280254,8.977404110541714,0.8076829471857495,8.996842931881924,True
TurbOPark 0.06,0.2083333283662796,1.0213675300280254,8.97417555914875,0.8053152411830434,8.973696089130577,True
TurbOPark 0.06,0.23611110548178355,1.0213675300280254,8.961640918715357,0.8042818508660162,8.97471632886301,True
TurbOPark 0.06,0.2638888825972875,1.0213675300280254,8.950240050133491,0.806617800819913,9.012247674942332,True
TurbOPark 0.06,0.29166665971279143,1.0213675300280254,8.913773551107932,0.8062977725574324,9.045526767473403,True
TurbOPark 0.06,-0.23611110548178355,1.050427359342575,9.026438926280747,0.8144915505533136,9.02339845431067,True
TurbOPark 0.06,-0.2083333283662796,1.050427359342575,9.043167531091752,0.8165287727535311,9.02923416984352,True
TurbOPark 0.06,-0.18055555125077566,1.050427359342575,9.047609634108463,0.8176218508766516,9.036882490976511,True
TurbOPark 0.06,-0.15277777413527172,1.050427359342575,9.078042310430327,0.8024069459830697,8.838986628880706,True
TurbOPark 0.06,-0.12499999701976776,1.050427359342575,9.08850629340845,0.7980441565412711,8.780806556959336,True
TurbOPark 0.06,-0.09722221990426382,1.050427359342575,9.094882050345634,0.7926923538141251,8.715806861772334,True
TurbOPark 0.06,-0.06944444278875987,1.050427359342575,9.087750464285238,0.8086520061908898,8.89826376030992,True
TurbOPark 0.06,-0.04166666567325592,1.050427359342575,9.084300093353308,0.8126294198867331,8.945426852216254,True
TurbOPark 0.06,-0.013888888557751973,1.050427359342575,9.10151682959095,0.8003736057197477,8.793848549700686,True
TurbOPark 0.06,0.013888888557751973,1.050427359342575,9.086020512989077,0.8134683182386282,8.95296590048108,True
TurbOPark 0.06,0.04166666567325592,1.050427359342575,9.07665841699382,0.8145573490588127,8.974198561154992,True
TurbOPark 0.06,0.06944444278875987,1.050427359342575,9.072973033172465,0.8185747865894647,9.022122997573167,True
TurbOPark 0.06,0.09722221990426382,1.050427359342575,9.055271939865406,0.8157451853057615,9.008511182469098,True
TurbOPark 0.06,0.12499999701976776,1.050427359342575,9.054118699090454,0.8184047515771292,9.039032718439437,True
TurbOPark 0.06,0.15277777413527172,1.050427359342575,9.043455407516038,0.8153351814796105,9.015748347716553,True
TurbOPark 0.06,0.18055555125077566,1.050427359342575,9.045210156902764,0.8146424406299584,9.006340665377156,True
TurbOPark 0.06,0.2083333283662796,1.050427359342575,9.035100771971806,0.8183209843102356,9.057131790370132,True
TurbOPark 0.06,0.23611110548178355,1.050427359342575,9.016916853871663,0.817102343389987,9.061881756613309,True
TurbOPark 0.06,-0.2083333283662796,1.079487188657125,9.086476094809534,0.8159268938053934,8.979574537938587,True
TurbOPark 0.06,-0.18055555125077566,1.079487188657125,9.08568644293871,0.8091672951384603,8.905956640924316,True
TurbOPark 0.06,-0.15277777413527172,1.079487188657125,9.117819900971947,0.8147824001837881,8.936153697189539,True
TurbOPark 0.06,-0.12499999701976776,1.079487188657125,9.12827802524624,0.8130258083931512,8.906672278654872,True
TurbOPark 0.06,-0.09722221990426382,1.079487188657125,9.150375129344706,0.7928619134132004,8.6648022863078,True
TurbOPark 0.06,-0.06944444278875987,1.079487188657125,9.135736155175925,0.8144224810988216,8.914689164237782,True
TurbOPark 0.06,-0.04166666567325592,1.079487188657125,9.113780775375648,0.8203255924092699,9.00093619352456,True
TurbOPark 0.06,-0.013888888557751973,1.079487188657125,9.120988513318483,0.8173854535412357,8.961588454449734,True
TurbOPark 0.06,0.013888888557751973,1.079487188657125,9.128310687519887,0.8196485464880423,8.97919203833252,True
TurbOPark 0.06,0.04166666567325592,1.079487188657125,9.134097092655715,0.8196594480672083,8.9736231151545,True
TurbOPark 0.06,0.06944444278875987,1.079487188657125,9.1254931579982,0.8250730000449569,9.041407250651512,True
TurbOPark 0.06,0.09722221990426382,1.079487188657125,9.111050168738085,0.8249055295932243,9.053901738173359,True
TurbOPark 0.06,0.12499999701976776,1.079487188657125,9.095979599634248,0.8238227032510097,9.056998141070324,True
TurbOPark 0.06,0.15277777413527172,1.079487188657125,9.088731616903013,0.8231819650149298,9.057171008152501,True
TurbOPark 0.06,0.18055555125077566,1.079487188657125,9.09405949959967,0.8221109086502815,9.040087198532973,True
TurbOPark 0.06,0.2083333283662796,1.079487188657125,9.085957464322853,0.8232430760642255,9.060608959449704,True
TurbOPark 0.06,-0.12499999701976776,1.1085470179716745,9.182977002012974,0.8111626871401718,8.833330269283689,True
TurbOPark 0.06,-0.09722221990426382,1.1085470179716745,9.171857948350345,0.8208161374857103,8.949289687083986,True
TurbOPark 0.06,-0.06944444278875987,1.1085470179716745,9.17494287136646,0.8232673560761905,8.972997081491126,True
TurbOPark 0.06,-0.04166666567325592,1.1085470179716745,9.161561107431456,0.8297622142411093,9.056995903984557,True
TurbOPark 0.06,-0.013888888557751973,1.1085470179716745,9.163623619035144,0.8281183418576019,9.037018283219233,True
TurbOPark 0.06,0.013888888557751973,1.1085470179716745,9.153824091934453,0.8279358995928674,9.044699693567106,True
TurbOPark 0.06,0.04166666567325592,1.1085470179716745,9.163185444325052,0.8316292150689132,9.075765410640665,True
TurbOPark 0.06,0.06944444278875987,1.1085470179716745,9.15681823884203,0.8275022725309213,9.037006642992699,True
TurbOPark 0.06,0.09722221990426382,1.1085470179716745,9.15324234518123,0.8259796389428896,9.023902217313525,True
TurbOPark 0.06,0.12499999701976776,1.1085470179716745,9.156342805029185,0.824535880177151,9.005078749610258,True
