case,y_over_D,z_over_D,U_mean_mps,U_std_mps,TI_percent,inside_rotor_mask
TurbOPark 0.04,-0.15277777413527172,0.14957265059153238,7.190401718147523,0.6466268200016612,8.992916464871072,True
TurbOPark 0.04,-0.12499999701976776,0.14957265059153238,7.197364451383097,0.6446031581144759,8.956100006726828,True
TurbOPark 0.04,-0.09722221990426382,0.14957265059153238,7.201808746594857,0.6441798832999193,8.944695783604347,True
TurbOPark 0.04,-0.06944444278875987,0.14957265059153238,7.203699057147618,0.6414921745866372,8.905038501714465,True
TurbOPark 0.04,-0.04166666567325592,0.14957265059153238,7.193784032656646,0.6496292968984063,9.030425349848874,True
TurbOPark 0.04,-0.013888888557751973,0.14957265059153238,7.191641953790888,0.6456872721172209,8.9783011482776,True
TurbOPark 0.04,0.013888888557751973,0.14957265059153238,7.1817891303606105,0.6457255893651682,8.991152171753408,True
TurbOPark 0.04,0.04166666567325592,0.14957265059153238,7.166098032992838,0.6507825324242684,9.08140705622578,True
TurbOPark 0.04,0.06944444278875987,0.14957265059153238,7.172231625977169,0.6322341768795681,8.81502731436717,True
TurbOPark 0.04,0.09722221990426382,0.14957265059153238,7.169469257218242,0.644185903779165,8.985126801828416,True
TurbOPark 0.04,0.12499999701976776,0.14957265059153238,7.163764854883747,0.6421360444522081,8.963667254020004,True
TurbOPark 0.04,0.15277777413527172,0.14957265059153238,7.168195917244486,0.6335693362224092,8.838616348337178,True
TurbOPark 0.04,-0.2083333283662796,0.17863247990608216,7.318032799692821,0.6370878119711392,8.705725013939283,True
TurbOPark 0.04,-0.18055555125077566,0.17863247990608216,7.305885963840109,0.6555688800815189,8.973160590326813,True
TurbOPark 0.04,-0.15277777413527172,0.17863247990608216,7.314425260282502,0.6523974363401125,8.919326032116913,True
TurbOPark 0.04,-0.12499999701976776,0.17863247990608216,7.305982423775383,0.6560521168472514,8.97965638012355,True
TurbOPark 0.04,-0.09722221990426382,0.17863247990608216,7.304665055708247,0.6589779024124753,9.021329484471236,True
TurbOPark 0.04,-0.06944444278875987,0.17863247990608216,7.302517082006993,0.6597603285998683,9.03469750485736,True
TurbOPark 0.04,-0.04166666567325592,0.17863247990608216,7.310589320974884,0.6556697940787994,8.968767978767604,True
TurbOPark 0.04,-0.013888888557751973,0.17863247990608216,7.304711515004926,0.654941798405337,8.966018672469028,True
TurbOPark 0.04,0.013888888557751973,0.17863247990608216,7.291966891766729,0.6582575139771029,9.027159938429415,True
TurbOPark 0.04,0.04166666567325592,0.17863247990608216,7.285259024130619,0.6608393941037815,9.070911437944956,True
TurbOPark 0.04,0.06944444278875987,0.17863247990608216,7.281024134346191,0.6585396456890169,9.044601879322729,True
TurbOPark 0.04,0.09722221990426382,0.17863247990608216,7.291052337458406,0.6499555505654645,8.914427170221535,True
TurbOPark 0.04,0.12499999701976776,0.17863247990608216,7.282577984118978,0.6501717615589019,8.9277693006065,True
TurbOPark 0.04,0.15277777413527172,0.17863247990608216,7.27038707576747,0.6514471339860611,8.960281305480475,True
TurbOPark 0.04,0.18055555125077566,0.17863247990608216,7.255413516426396,0.655751616351127,9.038101203556389,True
TurbOPark 0.04,0.2083333283662796,0.17863247990608216,7.255123725869407,0.6487478063138354,8.941926159034507,True
TurbOPark 0.04,-0.2638888825972875,0.20769230922063192,7.377482903942802,0.6548353338110394,8.876134886887655,True
TurbOPark 0.04,-0.23611110548178355,0.20769230922063192,7.399147001657892,0.6494725970616227,8.777668519304974,True
TurbOPark 0.04,-0.2083333283662796,0.20769230922063192,7.403449310154023,0.6547536653081898,8.843900158945887,True
TurbOPark 0.04,-0.18055555125077566,0.20769230922063192,7.38920234757001,0.6629890113203416,8.972402975787638,True
TurbOPark 0.04,-0.15277777413527172,0.20769230922063192,7.3940348471177835,0.6645658623512468,8.987864895041664,True
TurbOPark 0.04,-0.12499999701976776,0.20769230922063192,7.398372624539436,0.6661454880201936,9.003946162574671,True
TurbOPark 0.04,-0.09722221990426382,0.20769230922063192,7.39305496115809,0.6648838481349677,8.993357301253129,True
TurbOPark 0.04,-0.06944444278875987,0.20769230922063192,7.385267150778112,0.6619729711613701,8.963426205802516,True
TurbOPark 0.04,-0.04166666567325592,0.20769230922063192,7.388526273216684,0.6605583960804876,8.940326820992755,True
TurbOPark 0.04,-0.013888888557751973,0.20769230922063192,7.392918214296267,0.6598540651102567,8.925488501066399,True
TurbOPark 0.04,0.013888888557751973,0.20769230922063192,7.383233055085362,0.6617664880937943,8.963098999536365,True
TurbOPark 0.04,0.04166666567325592,0.20769230922063192,7.3864519572056375,0.6592338562040114,8.924905489447003,True
TurbOPark 0.04,0.06944444278875987,0.20769230922063192,7.376166956852963,0.6643234086892391,9.006349945374234,True
TurbOPark 0.04,0.09722221990426382,0.20769230922063192,7.381170040284374,0.6617751000044295,8.965720832776443,True
TurbOPark 0.04,0.12499999701976776,0.20769230922063192,7.373019181307131,0.6602212197197389,8.954557196780426,True
TurbOPark 0.04,0.15277777413527172,0.20769230922063192,7.345588269270443,0.664160042506185,9.041618154459245,True
TurbOPark 0.04,0.18055555125077566,0.20769230922063192,7.347528325129927,0.6642010712808363,9.039789190184457,True
TurbOPark 0.04,0.2083333283662796,0.20769230922063192,7.342068042254019,0.6592431252545007,8.978984142621929,True
TurbOPark 0.04,0.23611110548178355,0.20769230922063192,7.34286015938596,0.6541627305047415,8.908827300334224,True
TurbOPark 0.04,0.2638888825972875,0.20769230922063192,7.341670257422622,0.6470291830057834,8.813106014283601,True
TurbOPark 0.04,-0.29166665971279143,0.23675213853518168,7.450235120788569,0.6555630049577679,8.799225720119018,True
TurbOPark 0.04,-0.2638888825972875,0.23675213853518168,7.459223812401698,0.6558056236859946,8.791874867672597,True
TurbOPark 0.04,-0.23611110548178355,0.23675213853518168,7.468273095374737,0.6629221197567455,8.876511494569039,True
TurbOPark 0.04,-0.2083333283662796,0.23675213853518168,7.464971465732558,0.6702380758991643,8.97844123016205,True
TurbOPark 0.04,-0.18055555125077566,0.23675213853518168,7.466274812750325,0.6696316321002006,8.968751471036878,True
TurbOPark 0.04,-0.15277777413527172,0.23675213853518168,7.452736573693235,0.6686795190980016,8.972268273352304,True
TurbOPark 0.04,-0.12499999701976776,0.23675213853518168,7.471189651271454,0.6710269739722672,8.981527779288419,True
TurbOPark 0.04,-0.09722221990426382,0.23675213853518168,7.477346002095258,0.6677605740483362,8.930449037147943,True
TurbOPark 0.04,-0.06944444278875987,0.23675213853518168,7.475424152507425,0.6656091892500734,8.903965523171193,True
TurbOPark 0.04,-0.04166666567325592,0.23675213853518168,7.471737848769673,0.6633578612067981,8.878227189355007,True
TurbOPark 0.04,-0.013888888557751973,0.23675213853518168,7.462580182973839,0.6596185178218883,8.83901414321595,True
TurbOPark 0.04,0.013888888557751973,0.23675213853518168,7.464653444353223,0.6673267235981792,8.939821902957746,True
TurbOPark 0.04,0.04166666567325592,0.23675213853518168,7.463145776342492,0.669886687752423,8.975929290781162,True
TurbOPark 0.04,0.06944444278875987,0.23675213853518168,7.457622659626916,0.6662795942726412,8.93420899235968,True
TurbOPark 0.04,0.09722221990426382,0.23675213853518168,7.445114562499899,0.6737255280183451,9.049229832027237,True
TurbOPark 0.04,0.12499999701976776,0.23675213853518168,7.438900717602662,0.6730052524479486,9.047106259335026,True
TurbOPark 0.04,0.15277777413527172,0.23675213853518168,7.445827704378166,0.6655258842544445,8.938239114277565,True
TurbOPark 0.04,0.18055555125077566,0.23675213853518168,7.431421980885623,0.6666133782710344,8.970199512093812,True
TurbOPark 0.04,0.2083333283662796,0.23675213853518168,7.434058759674739,0.659298984091028,8.86862756139789,True
TurbOPark 0.04,0.23611110548178355,0.23675213853518168,7.428254289454822,0.6553926585927624,8.822970149570141,True
TurbOPark 0.04,0.2638888825972875,0.23675213853518168,7.416911871068852,0.646388843595448,8.715067063380069,True
TurbOPark 0.04,0.29166665971279143,0.23675213853518168,7.410086140026944,0.6340144270464161,8.556100631835713,True
TurbOPark 0.04,-0.3472222139437993,0.26581196784973143,7.478683330452836,0.6624003167234792,8.85717829535872,True
TurbOPark 0.04,-0.3194444368282954,0.26581196784973143,7.497679743122638,0.6613030004157965,8.820101992518243,True
TurbOPark 0.04,-0.29166665971279143,0.26581196784973143,7.5089355374006175,0.6592853745872128,8.780011112140123,True
TurbOPark 0.04,-0.2638888825972875,0.26581196784973143,7.509154556627492,0.6713488671346016,8.940405502002578,True
TurbOPark 0.04,-0.23611110548178355,0.26581196784973143,7.52265661627048,0.6702476228094368,8.909719757243506,True
TurbOPark 0.04,-0.2083333283662796,0.26581196784973143,7.521288892320469,0.6749315560791772,8.973615636122005,True
TurbOPark 0.04,-0.18055555125077566,0.26581196784973143,7.518877060897872,0.6783515822376419,9.021979967799023,True
TurbOPark 0.04,-0.15277777413527172,0.26581196784973143,7.525430241833924,0.6786911611599702,9.01863600285763,True
TurbOPark 0.04,-0.12499999701976776,0.26581196784973143,7.552037464399439,0.6694358783818255,8.86430822857499,True
TurbOPark 0.04,-0.09722221990426382,0.26581196784973143,7.555156642777215,0.6663334680236934,8.819585079823767,True
TurbOPark 0.04,-0.06944444278875987,0.26581196784973143,7.5450118862227304,0.6775139365957605,8.97962716046754,True
TurbOPark 0.04,-0.04166666567325592,0.26581196784973143,7.535246674923732,0.6734367202761695,8.937155601252904,True
TurbOPark 0.04,-0.013888888557751973,0.26581196784973143,7.526544820899229,0.6699284510318391,8.900876391137997,True
TurbOPark 0.04,0.013888888557751973,0.26581196784973143,7.516013813852457,0.6734737738477874,8.960518042243823,True
TurbOPark 0.04,0.04166666567325592,0.26581196784973143,7.519678736322437,0.6587435932197201,8.760262456928903,True
TurbOPark 0.04,0.06944444278875987,0.26581196784973143,7.515195042294865,0.6690183034775974,8.902208122509403,True
TurbOPark 0.04,0.09722221990426382,0.26581196784973143,7.514128410111879,0.6757471243419974,8.993020713255765,True
TurbOPark 0.04,0.12499999701976776,0.26581196784973143,7.522504704916608,0.6704382812210229,8.912434189410789,True
TurbOPark 0.04,0.15277777413527172,0.26581196784973143,7.5206035594119545,0.6669102368217609,8.867775459153538,True
TurbOPark 0.04,0.18055555125077566,0.26581196784973143,7.512005814177019,0.6659373915714829,8.864974389592374,True
TurbOPark 0.04,0.2083333283662796,0.26581196784973143,7.502576086736169,0.6585432333261385,8.777561543032924,True
TurbOPark 0.04,0.23611110548178355,0.26581196784973143,7.487640494132163,0.6617359817511606,8.837710387801645,True
TurbOPark 0.04,0.2638888825972875,0.26581196784973143,7.480863753502781,0.6537723178986937,8.73926246274137,True
TurbOPark 0.04,0.29166665971279143,0.26581196784973143,7.4767867143133016,0.6306653448694031,8.434978406727573,True
TurbOPark 0.04,0.3194444368282954,0.26581196784973143,7.454472908034497,0.642236173805373,8.615447151376259,True
TurbOPark 0.04,0.3472222139437993,0.26581196784973143,7.42954137294343,0.6483959960504591,8.727268124675346,True
TurbOPark 0.04,-0.37499999105930326,0.2948717971642812,7.513559885977478,0.6693319212408987,8.908319510303894,True
TurbOPark 0.04,-0.3472222139437993,0.2948717971642812,7.533827873500903,0.6693265465119932,8.884282435841783,True
TurbOPark 0.04,-0.3194444368282954,0.2948717971642812,7.54187394650404,0.672771510498244,8.920482034973555,True
TurbOPark 0.04,-0.29166665971279143,0.2948717971642812,7.558411713210192,0.6691441830002971,8.85297346042691,True
TurbOPark 0.04,-0.2638888825972875,0.2948717971642812,7.566206672882164,0.6715808732737588,8.876057743449614,True
TurbOPark 0.04,-0.23611110548178355,0.2948717971642812,7.568943674976052,0.6776748092479316,8.953360446959275,True
TurbOPark 0.04,-0.2083333283662796,0.2948717971642812,7.57427973335258,0.6823716596267059,9.00906335188481,True
TurbOPark 0.04,-0.18055555125077566,0.2948717971642812,7.584540044224747,0.6854052226798579,9.036872620927886,True
TurbOPark 0.04,-0.15277777413527172,0.2948717971642812,7.6011836182324135,0.6795089385154788,8.939514852470994,True
TurbOPark 0.04,-0.12499999701976776,0.2948717971642812,7.615500286413508,0.6732643814665915,8.840711130531162,True
TurbOPark 0.04,-0.09722221990426382,0.2948717971642812,7.613799387693592,0.6755077896406263,8.872151146147472,True
TurbOPark 0.04,-0.06944444278875987,0.2948717971642812,7.60468036581924,0.6810193310715078,8.955265682598386,True
TurbOPark 0.04,-0.04166666567325592,0.2948717971642812,7.588955531342109,0.6784671960693718,8.940192010182784,True
TurbOPark 0.04,-0.013888888557751973,0.2948717971642812,7.581911291737021,0.6797116388708525,8.964911520550514,True
TurbOPark 0.04,0.013888888557751973,0.2948717971642812,7.5764171496365575,0.6696616619554832,8.838764401820285,True
TurbOPark 0.04,0.04166666567325592,0.2948717971642812,7.582931209291489,0.6667776595477976,8.793138710407712,True
TurbOPark 0.04,0.06944444278875987,0.2948717971642812,7.595944197413381,0.6667660674868452,8.777922140527265,True
TurbOPark 0.04,0.09722221990426382,0.2948717971642812,7.586171936734847,0.6734570244390371,8.87742895963018,True
TurbOPark 0.04,0.12499999701976776,0.2948717971642812,7.585073721111247,0.6679351502545925,8.80591507496564,True
TurbOPark 0.04,0.15277777413527172,0.2948717971642812,7.594232696870531,0.649628389612857,8.554233397148327,True
TurbOPark 0.04,0.18055555125077566,0.2948717971642812,7.571283924667522,0.6636326589620771,8.76512709819186,True
TurbOPark 0.04,0.2083333283662796,0.2948717971642812,7.570698493123625,0.6444625823615406,8.512590786000768,True
TurbOPark 0.04,0.23611110548178355,0.2948717971642812,7.55944254342621,0.6482137428635546,8.57488815001643,True
TurbOPark 0.04,0.2638888825972875,0.2948717971642812,7.543937216636857,0.6419659032962299,8.50969308016621,True
TurbOPark 0.04,0.29166665971279143,0.2948717971642812,7.507997714589085,0.6623266288291313,8.821614683527919,True
TurbOPark 0.04,0.3194444368282954,0.2948717971642812,7.491711471965393,0.6599053656112678,8.808472777958528,True
TurbOPark 0.04,0.3472222139437993,0.2948717971642812,7.473546475330812,0.6550616640178265,8.765071123597055,True
TurbOPark 0.04,0.37499999105930326,0.2948717971642812,7.447823100642455,0.6578509284274391,8.832794758117878,True
TurbOPark 0.04,-0.37499999105930326,0.32393162647883095,7.552935011385769,0.6771920315949261,8.965945431465839,True
TurbOPark 0.04,-0.3472222139437993,0.32393162647883095,7.567401059805026,0.6812275174257346,9.00213312393524,True
TurbOPark 0.04,-0.3194444368282954,0.32393162647883095,7.586333706118731,0.6776455063641843,8.9324505435034,True
TurbOPark 0.04,-0.29166665971279143,0.32393162647883095,7.599257450205628,0.6805671587577697,8.955706043876093,True
TurbOPark 0.04,-0.2638888825972875,0.32393162647883095,7.620381121392045,0.6724836761227384,8.824803712703194,True
TurbOPark 0.04,-0.23611110548178355,0.32393162647883095,7.619613072063112,0.6784712964904074,8.904274929365963,True
TurbOPark 0.04,-0.2083333283662796,0.32393162647883095,7.629390972245267,0.6867590202647151,9.001492029482499,True
TurbOPark 0.04,-0.18055555125077566,0.32393162647883095,7.646510507038216,0.6833396851654838,8.93662128021017,True
TurbOPark 0.04,-0.15277777413527172,0.32393162647883095,7.65727303347148,0.6811795408096144,8.895850230650543,True
TurbOPark 0.04,-0.12499999701976776,0.32393162647883095,7.675371366288456,0.6651641280953042,8.666214263153687,True
TurbOPark 0.04,-0.09722221990426382,0.32393162647883095,7.67352731520745,0.672680400178425,8.766247548833277,True
TurbOPark 0.04,-0.06944444278875987,0.32393162647883095,7.6467011622261065,0.6881620348457069,8.99946290885741,True
TurbOPark 0.04,-0.04166666567325592,0.32393162647883095,7.641243921129764,0.6818514604827929,8.92330447137435,True
TurbOPark 0.04,-0.013888888557751973,0.32393162647883095,7.632544664829354,0.6732964715799789,8.821389210894742,True
TurbOPark 0.04,0.013888888557751973,0.32393162647883095,7.623828434511108,0.6744331016979115,8.846383513103817,True
TurbOPark 0.04,0.04166666567325592,0.32393162647883095,7.628811990606057,0.6770285791453649,8.874626612623855,True
TurbOPark 0.04,0.06944444278875987,0.32393162647883095,7.650805299896611,0.6782058337165884,8.864502586750616,True
TurbOPark 0.04,0.09722221990426382,0.32393162647883095,7.6593938087791935,0.6518025814709553,8.509845527512367,True
TurbOPark 0.04,0.12499999701976776,0.32393162647883095,7.654652162967207,0.6516762714330985,8.51346681154074,True
TurbOPark 0.04,0.15277777413527172,0.32393162647883095,7.6485269404272245,0.6372004027310402,8.331021224009024,True
TurbOPark 0.04,0.18055555125077566,0.32393162647883095,7.6396909372650015,0.6401796325100738,8.379653545765782,True
TurbOPark 0.04,0.2083333283662796,0.32393162647883095,7.621816397270538,0.6497035610288127,8.524261503615845,True
TurbOPark 0.04,0.23611110548178355,0.32393162647883095,7.600288335928642,0.6588886705900979,8.669258868447805,True
TurbOPark 0.04,0.2638888825972875,0.32393162647883095,7.58109530662708,0.6626639927995964,8.74100596282338,True
TurbOPark 0.04,0.29166665971279143,0.32393162647883095,7.552123933088074,0.6701950049460021,8.874258564662597,True
TurbOPark 0.04,0.3194444368282954,0.32393162647883095,7.530544483434481,0.6691742815797269,8.88613410427043,True
TurbOPark 0.04,0.3472222139437993,0.32393162647883095,7.5013587865544205,0.671997171716005,8.958339293415824,True
TurbOPark 0.04,0.37499999105930326,0.32393162647883095,7.469162238612517,0.6741798086688563,9.0261770615133,True
TurbOPark 0.04,-0.4027777681748072,0.35299145579338076,7.577215727774589,0.6765277245992847,8.928447452267264,True
TurbOPark 0.04,-0.37499999105930326,0.35299145579338076,7.593305353766548,0.6800784799720127,8.956290420148449,True
TurbOPark 0.04,-0.3472222139437993,0.35299145579338076,7.618688870651075,0.6749533632615989,8.85918003374141,True
TurbOPark 0.04,-0.3194444368282954,0.35299145579338076,7.628071117467789,0.6842405670197333,8.970033924472293,True
TurbOPark 0.04,-0.29166665971279143,0.35299145579338076,7.631337244880364,0.690476432897684,9.047908783757446,True
TurbOPark 0.04,-0.2638888825972875,0.35299145579338076,7.6448049790406065,0.6881561400346737,9.001617986611278,True
TurbOPark 0.04,-0.23611110548178355,0.35299145579338076,7.675279824266787,0.67719565611445,8.82307448874207,True
TurbOPark 0.04,-0.2083333283662796,0.35299145579338076,7.689583814666186,0.6826451473505443,8.877530485441216,True
TurbOPark 0.04,-0.18055555125077566,0.35299145579338076,7.693317365898926,0.6853125948771017,8.907894504843767,True
TurbOPark 0.04,-0.15277777413527172,0.35299145579338076,7.7062104257573845,0.6801893273370053,8.82650861782242,True
TurbOPark 0.04,-0.12499999701976776,0.35299145579338076,7.719311747600651,0.6644494114200761,8.607625046709677,True
TurbOPark 0.04,-0.09722221990426382,0.35299145579338076,7.712898577333673,0.6780971164734786,8.791728682472767,True
TurbOPark 0.04,-0.06944444278875987,0.35299145579338076,7.69578850092078,0.685371981980838,8.905805843011866,True
TurbOPark 0.04,-0.04166666567325592,0.35299145579338076,7.693941918723927,0.6902901244781583,8.971865550456947,True
TurbOPark 0.04,-0.013888888557751973,0.35299145579338076,7.681944995975852,0.676148286095972,8.80178504858039,True
TurbOPark 0.04,0.013888888557751973,0.35299145579338076,7.68867985107931,0.6858134127591868,8.919781107323837,True
TurbOPark 0.04,0.04166666567325592,0.35299145579338076,7.685797265420973,0.6807509083826202,8.8572581981231,True
TurbOPark 0.04,0.06944444278875987,0.35299145579338076,7.70409326950123,0.6673958856605886,8.662873907597389,True
TurbOPark 0.04,0.09722221990426382,0.35299145579338076,7.696373244178842,0.6747377205654845,8.766956840039208,True
TurbOPark 0.04,0.12499999701976776,0.35299145579338076,7.709017921646829,0.6355669955412935,8.244461253055709,True
TurbOPark 0.04,0.15277777413527172,0.35299145579338076,7.699292075859551,0.6366039276332586,8.268343652389468,True
TurbOPark 0.04,0.18055555125077566,0.35299145579338076,7.682145986553289,0.6431541644287989,8.372063815951508,True
TurbOPark 0.04,0.2083333283662796,0.35299145579338076,7.64402958059466,0.6728362685100887,8.80211492402082,True
TurbOPark 0.04,0.23611110548178355,0.35299145579338076,7.620571809884157,0.6806753736455075,8.93207741658765,True
TurbOPark 0.04,0.2638888825972875,0.35299145579338076,7.6156806173134015,0.6712260710107328,8.813737139721631,True
TurbOPark 0.04,0.29166665971279143,0.35299145579338076,7.592190319544493,0.6688526733801672,8.809745873445072,True
TurbOPark 0.04,0.3194444368282954,0.35299145579338076,7.558273423255848,0.6729648739733604,8.90368522396574,True
TurbOPark 0.04,0.3472222139437993,0.35299145579338076,7.539648807074875,0.6741991541693727,8.942049841058033,True
TurbOPark 0.04,0.37499999105930326,0.35299145579338076,7.486472961459966,0.6754203238505286,9.02187622031847,True
TurbOPark 0.04,0.4027777681748072,0.35299145579338076,7.463484635021681,0.6758805993974447,9.05583159139821,True
TurbOPark 0.04,-0.4305555452903112,0.3820512851079305,7.577346235658031,0.6840533927466671,9.027611666042109,True
TurbOPark 0.04,-0.4027777681748072,0.3820512851079305,7.6052773317022915,0.6842887395614428,8.997551433252971,True
TurbOPark 0.04,-0.37499999105930326,0.3820512851079305,7.626848766155872,0.6826720908210029,8.950906354015554,True
TurbOPark 0.04,-0.3472222139437993,0.3820512851079305,7.647281620349507,0.6834170876746151,8.93673231355877,True
TurbOPark 0.04,-0.3194444368282954,0.3820512851079305,7.666297327226633,0.6851212330706059,8.93679443709309,True
TurbOPark 0.04,-0.29166665971279143,0.3820512851079305,7.681077267309968,0.6832375318323377,8.895074324276626,True
TurbOPark 0.04,-0.2638888825972875,0.3820512851079305,7.698860243080005,0.6823777430242799,8.863360568697477,True
TurbOPark 0.04,-0.23611110548178355,0.3820512851079305,7.714252968520134,0.6816109991823522,8.835735643669322,True
TurbOPark 0.04,-0.2083333283662796,0.3820512851079305,7.732071168985187,0.6843440108344255,8.850720536296405,True
TurbOPark 0.04,-0.18055555125077566,0.3820512851079305,7.737109110765863,0.6879289883574057,8.891292322608987,True
TurbOPark 0.04,-0.15277777413527172,0.3820512851079305,7.747888322580929,0.6786297332663149,8.758899264054621,True
TurbOPark 0.04,-0.12499999701976776,0.3820512851079305,7.757267838456915,0.6814889209888279,8.78516682910346,True
TurbOPark 0.04,-0.09722221990426382,0.3820512851079305,7.760361561358625,0.6822537015331092,8.791519520562975,True
TurbOPark 0.04,-0.06944444278875987,0.3820512851079305,7.750343671433164,0.6743030675648938,8.70029893061767,True
TurbOPark 0.04,-0.04166666567325592,0.3820512851079305,7.748191634625009,0.6757302259262461,8.721134656847573,True
TurbOPark 0.04,-0.013888888557751973,0.3820512851079305,7.741842108598861,0.6728508346016367,8.691094769994102,True
TurbOPark 0.04,0.013888888557751973,0.3820512851079305,7.733706414113633,0.6798164377898979,8.790305726491846,True
TurbOPark 0.04,0.04166666567325592,0.3820512851079305,7.739858446498591,0.6773703547008185,8.751715026613335,True
TurbOPark 0.04,0.06944444278875987,0.3820512851079305,7.740446420259709,0.6826309998360103,8.81901330715634,True
TurbOPark 0.04,0.09722221990426382,0.3820512851079305,7.738363389661405,0.6746236165222148,8.717910784902196,True
TurbOPark 0.04,0.12499999701976776,0.3820512851079305,7.7357814406133,0.6650258374547513,8.59675060057058,True
TurbOPark 0.04,0.15277777413527172,0.3820512851079305,7.732306562755095,0.650634002494803,8.414487930791195,True
TurbOPark 0.04,0.18055555125077566,0.3820512851079305,7.714276192617786,0.6542592732881765,8.48114919600977,True
TurbOPark 0.04,0.2083333283662796,0.3820512851079305,7.696943799866666,0.6605322063856933,8.581746516028034,True
TurbOPark 0.04,0.23611110548178355,0.3820512851079305,7.672128873724807,0.6711914008894507,8.74843751892802,True
TurbOPark 0.04,0.2638888825972875,0.3820512851079305,7.652135967423162,0.6707977370934938,8.766150261171891,True
TurbOPark 0.04,0.29166665971279143,0.3820512851079305,7.606374648113742,0.6796278458694277,8.934977269860937,True
TurbOPark 0.04,0.3194444368282954,0.3820512851079305,7.586007081165908,0.672573541451345,8.865975660913513,True
TurbOPark 0.04,0.3472222139437993,0.3820512851079305,7.557796163608507,0.67678471759473,8.954789239401713,True
TurbOPark 0.04,0.37499999105930326,0.3820512851079305,7.5219367136487385,0.6800908801662908,9.041433158195138,True
TurbOPark 0.04,0.4027777681748072,0.3820512851079305,7.483082887082603,0.6726740586543869,8.989263767418182,True
TurbOPark 0.04,0.4305555452903112,0.3820512851079305,7.45043862027909,0.6716562609904645,9.01498952239277,True
TurbOPark 0.04,-0.4305555452903112,0.4111111144224803,7.609731362828776,0.6870713884278737,9.028852079904011,True
TurbOPark 0.04,-0.4027777681748072,0.4111111144224803,7.630584593172529,0.6879155608171001,9.015240607287325,True
TurbOPark 0.04,-0.37499999105930326,0.4111111144224803,7.654633712465107,0.689429324255184,9.00669254927888,True
TurbOPark 0.04,-0.3472222139437993,0.4111111144224803,7.684307637161009,0.6820614515875656,8.876030005476919,True
TurbOPark 0.04,-0.3194444368282954,0.4111111144224803,7.698678968562507,0.6823454211341968,8.863149430188592,True
TurbOPark 0.04,-0.29166665971279143,0.4111111144224803,7.729532837279224,0.676625018343101,8.753763423835473,True
TurbOPark 0.04,-0.2638888825972875,0.4111111144224803,7.744966970885815,0.6765300529871957,8.735092809696242,True
TurbOPark 0.04,-0.23611110548178355,0.4111111144224803,7.758415943705214,0.6801420858903964,8.766507117245101,True
TurbOPark 0.04,-0.2083333283662796,0.4111111144224803,7.760256409038879,0.6913266123207905,8.908553736904326,True
TurbOPark 0.04,-0.18055555125077566,0.4111111144224803,7.777675803345106,0.6864575641955897,8.825998685884421,True
TurbOPark 0.04,-0.15277777413527172,0.4111111144224803,7.792441844494237,0.6818308636548894,8.74989993203014,True
TurbOPark 0.04,-0.12499999701976776,0.4111111144224803,7.801960605043721,0.6751407898532502,8.65347601751274,True
TurbOPark 0.04,-0.09722221990426382,0.4111111144224803,7.814167266260722,0.6656538130968241,8.5185508630065,True
TurbOPark 0.04,-0.06944444278875987,0.4111111144224803,7.813667903755563,0.6609488221505161,8.45888039127997,True
TurbOPark 0.04,-0.04166666567325592,0.4111111144224803,7.801208419594006,0.643128241438222,8.243956664750819,True
TurbOPark 0.04,-0.013888888557751973,0.4111111144224803,7.783627977493961,0.6622711263332224,8.508514644432545,True
TurbOPark 0.04,0.013888888557751973,0.4111111144224803,7.786303522319877,0.6679166903608148,8.578097276148997,True
TurbOPark 0.04,0.04166666567325592,0.4111111144224803,7.779116785335487,0.6863051551242976,8.822404574489232,True
TurbOPark 0.04,0.06944444278875987,0.4111111144224803,7.783543973312778,0.6760565507033489,8.685716339771773,True
TurbOPark 0.04,0.09722221990426382,0.4111111144224803,7.782487454491631,0.6721652560924375,8.636894823447482,True
TurbOPark 0.04,0.12499999701976776,0.4111111144224803,7.767598765239743,0.6739586962360304,8.676538485123839,True
TurbOPark 0.04,0.15277777413527172,0.4111111144224803,7.773796757359111,0.6522116205160065,8.389872296295712,True
TurbOPark 0.04,0.18055555125077566,0.4111111144224803,7.764223777644831,0.6366032158557157,8.199186861263039,True
TurbOPark 0.04,0.2083333283662796,0.4111111144224803,7.744568919621223,0.6411949137112459,8.279284752528305,True
TurbOPark 0.04,0.23611110548178355,0.4111111144224803,7.711362267749294,0.6673995865209363,8.654755973690358,True
TurbOPark 0.04,0.2638888825972875,0.4111111144224803,7.692761186504782,0.661556168162614,8.599723195920411,True
TurbOPark 0.04,0.29166665971279143,0.4111111144224803,7.66158474484093,0.6767368571424982,8.832857426763981,True
TurbOPark 0.04,0.3194444368282954,0.4111111144224803,7.631478221369923,0.6773631687327618,8.875910394869328,True
TurbOPark 0.04,0.3472222139437993,0.4111111144224803,7.592177486343262,0.6737592890280617,8.874388016349902,True
TurbOPark 0.04,0.37499999105930326,0.4111111144224803,7.558631087681423,0.6785959174908107,8.977762105584745,True
TurbOPark 0.04,0.4027777681748072,0.4111111144224803,7.5142085621124135,0.6801146477335216,9.051048318817571,True
TurbOPark 0.04,0.4305555452903112,0.4111111144224803,7.466317586387111,0.6754275919474284,9.046328181631264,True
TurbOPark 0.04,-0.45833332240581515,0.44017094373703003,7.6168331964198615,0.6857769886974744,9.00343976312636,True
TurbOPark 0.04,-0.4305555452903112,0.44017094373703003,7.637413876657678,0.6859014062337931,8.980807080916776,True
TurbOPark 0.04,-0.4027777681748072,0.44017094373703003,7.664829768520287,0.6865213538447308,8.956772356044972,True
TurbOPark 0.04,-0.37499999105930326,0.44017094373703003,7.6864967747983055,0.684551663452302,8.905899312892963,True
TurbOPark 0.04,-0.3472222139437993,0.44017094373703003,7.709385965867495,0.6838276817653449,8.87006675749432,True
TurbOPark 0.04,-0.3194444368282954,0.44017094373703003,7.732315543775685,0.6866881797703575,8.880757334368278,True
TurbOPark 0.04,-0.29166665971279143,0.44017094373703003,7.752347360432108,0.6796137540376694,8.766554469764994,True
TurbOPark 0.04,-0.2638888825972875,0.44017094373703003,7.770858542660097,0.6815192964444926,8.770193057859949,True
TurbOPark 0.04,-0.23611110548178355,0.44017094373703003,7.789481171693073,0.6839088459567271,8.77990242074206,True
TurbOPark 0.04,-0.2083333283662796,0.44017094373703003,7.801657281898265,0.6871615512138226,8.807892046324618,True
TurbOPark 0.04,-0.18055555125077566,0.44017094373703003,7.821375961784871,0.6817902658395096,8.717011804198224,True
TurbOPark 0.04,-0.15277777413527172,0.44017094373703003,7.8296150212668145,0.6762909422636394,8.637601471166803,True
TurbOPark 0.04,-0.12499999701976776,0.44017094373703003,7.830048374936135,0.6886523557314068,8.794994906235477,True
TurbOPark 0.04,-0.09722221990426382,0.44017094373703003,7.858835776320999,0.6514352255911383,8.289207767312558,True
TurbOPark 0.04,-0.06944444278875987,0.44017094373703003,7.85182626184865,0.6606748495843205,8.414282582823859,True
TurbOPark 0.04,-0.04166666567325592,0.44017094373703003,7.847068818765576,0.6588475036954199,8.396096923730857,True
TurbOPark 0.04,-0.013888888557751973,0.44017094373703003,7.845892771330905,0.6668183823024487,8.498948452864667,True
TurbOPark 0.04,0.013888888557751973,0.44017094373703003,7.822220555164183,0.6831632816268344,8.733623359364548,True
TurbOPark 0.04,0.04166666567325592,0.44017094373703003,7.829368093157755,0.6808154590492776,8.695662931523888,True
TurbOPark 0.04,0.06944444278875987,0.44017094373703003,7.825398126827715,0.6778990546962899,8.662805951971402,True
TurbOPark 0.04,0.09722221990426382,0.44017094373703003,7.824377931738669,0.6676539689871651,8.532997444805233,True
TurbOPark 0.04,0.12499999701976776,0.44017094373703003,7.81657375791708,0.6593511054472226,8.435295640617394,True
TurbOPark 0.04,0.15277777413527172,0.44017094373703003,7.80835564674881,0.6612573169105085,8.468586048406214,True
TurbOPark 0.04,0.18055555125077566,0.44017094373703003,7.7962604101341855,0.6428040772107202,8.245030866018194,True
TurbOPark 0.04,0.2083333283662796,0.44017094373703003,7.765896978408972,0.6647434379024356,8.559776671652731,True
TurbOPark 0.04,0.23611110548178355,0.44017094373703003,7.742696049344467,0.6700360773891986,8.653782521217877,True
TurbOPark 0.04,0.2638888825972875,0.44017094373703003,7.726314590140659,0.6614530209748266,8.561041791113306,True
TurbOPark 0.04,0.29166665971279143,0.44017094373703003,7.699569754805304,0.6694636187067723,8.694818542152435,True
TurbOPark 0.04,0.3194444368282954,0.44017094373703003,7.667411806379413,0.6773028231040517,8.833526099909287,True
TurbOPark 0.04,0.3472222139437993,0.44017094373703003,7.642573156577558,0.6656820462831936,8.710182194465176,True
TurbOPark 0.04,0.37499999105930326,0.44017094373703003,7.6009291189786925,0.673647970856608,8.862705602326725,True
TurbOPark 0.04,0.4027777681748072,0.44017094373703003,7.555180100004017,0.6740491183211497,8.921681672694888,True
TurbOPark 0.04,0.4305555452903112,0.44017094373703003,7.515665752125032,0.6685710503006492,8.895699627296661,True
TurbOPark 0.04,0.45833332240581515,0.44017094373703003,7.465084488934469,0.6650457202732973,8.908750078570414,True
TurbOPark 0.04,-0.45833332240581515,0.4692307730515798,7.635701920958128,0.6887831884989715,9.02056150998287,True
TurbOPark 0.04,-0.4305555452903112,0.4692307730515798,7.6630431782086355,0.6808226704890741,8.884494771282599,True
TurbOPark 0.04,-0.4027777681748072,0.4692307730515798,7.689626166450394,0.6789921829511499,8.829976493702285,True
TurbOPark 0.04,-0.37499999105930326,0.4692307730515798,7.72168499060863,0.6805630855314942,8.81366031325051,True
TurbOPark 0.04,-0.3472222139437993,0.4692307730515798,7.743916102669729,0.6810601561961453,8.794777050352453,True
TurbOPark 0.04,-0.3194444368282954,0.4692307730515798,7.765069159222481,0.6797563669167317,8.754028495797659,True
TurbOPark 0.04,-0.29166665971279143,0.4692307730515798,7.786959658585579,0.6832669715053042,8.77450252040233,True
TurbOPark 0.04,-0.2638888825972875,0.4692307730515798,7.804297335596081,0.6801325312185742,8.714846474600991,True
TurbOPark 0.04,-0.23611110548178355,0.4692307730515798,7.822410366646901,0.686225177503598,8.772554050980458,True
TurbOPark 0.04,-0.2083333283662796,0.4692307730515798,7.835830620183007,0.6906798204985641,8.814379151069925,True
TurbOPark 0.04,-0.18055555125077566,0.4692307730515798,7.843548036679959,0.6933668660676635,8.839964552077301,True
TurbOPark 0.04,-0.15277777413527172,0.4692307730515798,7.8537089790540024,0.6960935872497677,8.86324651328771,True
TurbOPark 0.04,-0.12499999701976776,0.4692307730515798,7.865444863832506,0.692125329722096,8.799570039638569,True
TurbOPark 0.04,-0.09722221990426382,0.4692307730515798,7.877253595900156,0.679807098129275,8.63000143201041,True
TurbOPark 0.04,-0.06944444278875987,0.4692307730515798,7.875885883051567,0.6809353538157115,8.6458255480954,True
TurbOPark 0.04,-0.04166666567325592,0.4692307730515798,7.87270190588883,0.6848372524763632,8.698884584517302,True
TurbOPark 0.04,-0.013888888557751973,0.4692307730515798,7.869306103196742,0.687940811041151,8.74207715419393,True
TurbOPark 0.04,0.013888888557751973,0.4692307730515798,7.872780603607936,0.6777986446478881,8.609393285229702,True
TurbOPark 0.04,0.04166666567325592,0.4692307730515798,7.87024381499451,0.6779678703113446,8.614318517295102,True
TurbOPark 0.04,0.06944444278875987,0.4692307730515798,7.87557206909719,0.6617935271160114,8.403116894997515,True
TurbOPark 0.04,0.09722221990426382,0.4692307730515798,7.858668933604184,0.6777180380402846,8.623827314347317,True
TurbOPark 0.04,0.12499999701976776,0.4692307730515798,7.85873173413982,0.6591461835617185,8.387437131849946,True
TurbOPark 0.04,0.15277777413527172,0.4692307730515798,7.837770565028608,0.6689817314610481,8.535357419697656,True
TurbOPark 0.04,0.18055555125077566,0.4692307730515798,7.822683172084655,0.6687124607740917,8.548377149676735,True
TurbOPark 0.04,0.2083333283662796,0.4692307730515798,7.802898194726149,0.6729214807196098,8.623994109963224,True
TurbOPark 0.04,0.23611110548178355,0.4692307730515798,7.782029666673779,0.6718782566589807,8.633714923193773,True
TurbOPark 0.04,0.2638888825972875,0.4692307730515798,7.752189676357935,0.6669372700372942,8.603211452259366,True
TurbOPark 0.04,0.29166665971279143,0.4692307730515798,7.723688402072906,0.6714118626120413,8.69289162975355,True
TurbOPark 0.04,0.3194444368282954,0.4692307730515798,7.701622500825078,0.6721006860633424,8.726741488450518,True
TurbOPark 0.04,0.3472222139437993,0.4692307730515798,7.676457947660464,0.6605701785930369,8.605142933067944,True
TurbOPark 0.04,0.37499999105930326,0.4692307730515798,7.630752090871078,0.6698115519517264,8.777792070496487,True
TurbOPark 0.04,0.4027777681748072,0.4692307730515798,7.574666760941702,0.6756562881893825,8.919947365517942,True
TurbOPark 0.04,0.4305555452903112,0.4692307730515798,7.524210166305905,0.6768377381952332,8.995465613469623,True
TurbOPark 0.04,0.45833332240581515,0.4692307730515798,7.4739491003661085,0.669806466395728,8.96188156222415,True
TurbOPark 0.04,-0.45833332240581515,0.49829060236612954,7.656269634778073,0.6738016146711555,8.80065158116243,True
TurbOPark 0.04,-0.4305555452903112,0.49829060236612954,7.692687528814548,0.6817819616692784,8.862727871313158,True
TurbOPark 0.04,-0.4027777681748072,0.49829060236612954,7.714360740766821,0.6856722117749589,8.888257041850519,True
TurbOPark 0.04,-0.37499999105930326,0.49829060236612954,7.737142126285169,0.6839313777908766,8.839586589308942,True
TurbOPark 0.04,-0.3472222139437993,0.49829060236612954,7.767465704037795,0.6870575770760535,8.84532488787041,True
TurbOPark 0.04,-0.3194444368282954,0.49829060236612954,7.7984909115323315,0.6816131632296488,8.740321312956665,True
TurbOPark 0.04,-0.29166665971279143,0.49829060236612954,7.818126874998457,0.6844443229244482,8.754581933342994,True
TurbOPark 0.04,-0.2638888825972875,0.49829060236612954,7.838964863140396,0.6846925971158802,8.734477179957443,True
TurbOPark 0.04,-0.23611110548178355,0.49829060236612954,7.849800514397479,0.6920943729264557,8.816712878971526,True
TurbOPark 0.04,-0.2083333283662796,0.49829060236612954,7.8682243620286485,0.6919711637118741,8.794502188464088,True
TurbOPark 0.04,-0.18055555125077566,0.49829060236612954,7.881533834842691,0.6930552358537982,8.793405577857689,True
TurbOPark 0.04,-0.15277777413527172,0.49829060236612954,7.892295384354121,0.6907610315701508,8.752346407859141,True
TurbOPark 0.04,-0.12499999701976776,0.49829060236612954,7.904602224470361,0.691806427264136,8.751944849577674,True
TurbOPark 0.04,-0.09722221990426382,0.49829060236612954,7.91204603622984,0.6869935674910455,8.682881322293266,True
TurbOPark 0.04,-0.06944444278875987,0.49829060236612954,7.911220537232862,0.691868829536268,8.745411991488556,True
TurbOPark 0.04,-0.04166666567325592,0.49829060236612954,7.912662329624354,0.6896863836775389,8.716236772740952,True
TurbOPark 0.04,-0.013888888557751973,0.49829060236612954,7.909197698344636,0.6835722332583772,8.642750621867073,True
TurbOPark 0.04,0.013888888557751973,0.49829060236612954,7.912422284374061,0.6750772458779425,8.531865737387736,True
TurbOPark 0.04,0.04166666567325592,0.49829060236612954,7.910995156912337,0.6652266609127754,8.408887222380926,True
TurbOPark 0.04,0.06944444278875987,0.49829060236612954,7.906049423236407,0.668653501159614,8.457492046462505,True
TurbOPark 0.04,0.09722221990426382,0.49829060236612954,7.90324559080409,0.6644300370613407,8.40705289273113,True
TurbOPark 0.04,0.12499999701976776,0.49829060236612954,7.90416777176401,0.6389864369498464,8.08417097663959,True
TurbOPark 0.04,0.15277777413527172,0.49829060236612954,7.880298661430939,0.6601440001662802,8.37714442724444,True
TurbOPark 0.04,0.18055555125077566,0.49829060236612954,7.856585425646324,0.674246029973187,8.58192196029893,True
TurbOPark 0.04,0.2083333283662796,0.49829060236612954,7.829986995377801,0.6832664637725907,8.726278398366901,True
TurbOPark 0.04,0.23611110548178355,0.49829060236612954,7.807958194959043,0.6787830348054303,8.693476807338246,True
TurbOPark 0.04,0.2638888825972875,0.49829060236612954,7.774050579428324,0.6853088241281119,8.815337861855113,True
TurbOPark 0.04,0.29166665971279143,0.49829060236612954,7.741141688907912,0.6872111312554556,8.877387326990064,True
TurbOPark 0.04,0.3194444368282954,0.49829060236612954,7.720478691899528,0.6856803216664765,8.881318750169017,True
TurbOPark 0.04,0.3472222139437993,0.49829060236612954,7.694652873629309,0.6739129289600998,8.758197933394724,True
TurbOPark 0.04,0.37499999105930326,0.49829060236612954,7.6508161348485375,0.6720520448101774,8.784056928894971,True
TurbOPark 0.04,0.4027777681748072,0.49829060236612954,7.590915547492015,0.6767177791574712,8.914837412215105,True
TurbOPark 0.04,0.4305555452903112,0.49829060236612954,7.542160428848234,0.6759889038542519,8.962801974731827,True
TurbOPark 0.04,0.45833332240581515,0.49829060236612954,7.5044184060011165,0.6655250112747372,8.868442233211992,True
TurbOPark 0.04,-0.4861110995213191,0.5273504316806793,7.677221556435488,0.6816057407347133,8.878286704691389,True
TurbOPark 0.04,-0.45833332240581515,0.5273504316806793,7.691323013164791,0.6834837985672396,8.886426917675413,True
TurbOPark 0.04,-0.4305555452903112,0.5273504316806793,7.714655304919366,0.6915274916035736,8.963815806036218,True
TurbOPark 0.04,-0.4027777681748072,0.5273504316806793,7.747785568160323,0.6850663207567177,8.842091907809262,True
TurbOPark 0.04,-0.37499999105930326,0.5273504316806793,7.764963041082211,0.6933683382667987,8.929448016666454,True
TurbOPark 0.04,-0.3472222139437993,0.5273504316806793,7.797512468752666,0.6884318613466378,8.828865155463653,True
TurbOPark 0.04,-0.3194444368282954,0.5273504316806793,7.830030568314386,0.6844681499697877,8.741576983614982,True
TurbOPark 0.04,-0.29166665971279143,0.5273504316806793,7.858348181284181,0.6779302245627471,8.626879452571702,True
TurbOPark 0.04,-0.2638888825972875,0.5273504316806793,7.870319426528451,0.6921881929452222,8.794918673974864,True
TurbOPark 0.04,-0.23611110548178355,0.5273504316806793,7.883634250210156,0.6969529684204308,8.840503583760901,True
TurbOPark 0.04,-0.2083333283662796,0.5273504316806793,7.90095540835954,0.6984783416089146,8.84042885332444,True
TurbOPark 0.04,-0.18055555125077566,0.5273504316806793,7.924628590346708,0.6880280655889829,8.682149046418354,True
TurbOPark 0.04,-0.15277777413527172,0.5273504316806793,7.9257450011405925,0.695631841093029,8.776863764768116,True
TurbOPark 0.04,-0.12499999701976776,0.5273504316806793,7.935400441943529,0.6977408169107865,8.792761272925713,True
TurbOPark 0.04,-0.09722221990426382,0.5273504316806793,7.931972844884519,0.7053144580470668,8.89204327649631,True
TurbOPark 0.04,-0.06944444278875987,0.5273504316806793,7.941309054257184,0.7020401562893137,8.840358075636956,True
TurbOPark 0.04,-0.04166666567325592,0.5273504316806793,7.943102682847054,0.6985433530488411,8.794338697865877,True
TurbOPark 0.04,-0.013888888557751973,0.5273504316806793,7.94610707290286,0.6902960709501833,8.687223373872879,True
TurbOPark 0.04,0.013888888557751973,0.5273504316806793,7.947331788809742,0.683644405336928,8.602187797161495,True
TurbOPark 0.04,0.04166666567325592,0.5273504316806793,7.951637816269978,0.672660392243681,8.459394250418944,True
TurbOPark 0.04,0.06944444278875987,0.5273504316806793,7.946676951406152,0.6687872755554536,8.41593636742856,True
TurbOPark 0.04,0.09722221990426382,0.5273504316806793,7.938807645758085,0.6677884864268911,8.411697527193624,True
TurbOPark 0.04,0.12499999701976776,0.5273504316806793,7.928604440410971,0.6637764746849487,8.371920678773861,True
TurbOPark 0.04,0.15277777413527172,0.5273504316806793,7.916452775455784,0.6627199922997432,8.371426080560274,True
TurbOPark 0.04,0.18055555125077566,0.5273504316806793,7.905675661802411,0.6529348005534263,8.259063848371488,True
TurbOPark 0.04,0.2083333283662796,0.5273504316806793,7.873962856716818,0.676740529098062,8.594662451585915,True
TurbOPark 0.04,0.23611110548178355,0.5273504316806793,7.8427457950847845,0.6862928466460476,8.750670550563578,True
TurbOPark 0.04,0.2638888825972875,0.5273504316806793,7.810320780637237,0.687922334616675,8.807862749019485,True
TurbOPark 0.04,0.29166665971279143,0.5273504316806793,7.764975963094471,0.6972876094982418,8.979906864004782,True
TurbOPark 0.04,0.3194444368282954,0.5273504316806793,7.742348864626461,0.6882514714945404,8.889440188352271,True
TurbOPark 0.04,0.3472222139437993,0.5273504316806793,7.706057315453951,0.6876155248188852,8.923052303801596,True
TurbOPark 0.04,0.37499999105930326,0.5273504316806793,7.6693378411895345,0.6650582051533451,8.671650915956947,True
TurbOPark 0.04,0.4027777681748072,0.5273504316806793,7.63180242622074,0.6723790649739346,8.810226305961853,True
TurbOPark 0.04,0.4305555452903112,0.5273504316806793,7.578033444700622,0.6746922868343659,8.903263514971467,True
TurbOPark 0.04,0.45833332240581515,0.5273504316806793,7.52241814741691,0.6687728106137654,8.890396645172036,True
TurbOPark 0.04,0.4861110995213191,0.5273504316806793,7.452743234524257,0.664072751406964,8.910447207287357,True
TurbOPark 0.04,-0.4861110995213191,0.5564102609952291,7.70073710985545,0.6853882312026692,8.90029384752669,True
TurbOPark 0.04,-0.45833332240581515,0.5564102609952291,7.724110987398572,0.695625841642106,9.005901685993095,True
TurbOPark 0.04,-0.4305555452903112,0.5564102609952291,7.749853212238929,0.6952659659687802,8.971343674881272,True
TurbOPark 0.04,-0.4027777681748072,0.5564102609952291,7.774100513458597,0.6994861617564123,8.997647516204031,True
TurbOPark 0.04,-0.37499999105930326,0.5564102609952291,7.80068098168593,0.6955198028068048,8.91614212194696,True
TurbOPark 0.04,-0.3472222139437993,0.5564102609952291,7.830157068597731,0.6995624442224297,8.934207042001411,True
TurbOPark 0.04,-0.3194444368282954,0.5564102609952291,7.85652164818879,0.6966380440002203,8.867003429702512,True
TurbOPark 0.04,-0.29166665971279143,0.5564102609952291,7.883230481732257,0.695876070805563,8.827295769394421,True
TurbOPark 0.04,-0.2638888825972875,0.5564102609952291,7.904245703487508,0.6932791477022147,8.77097162346973,True
TurbOPark 0.04,-0.23611110548178355,0.5564102609952291,7.921568482439131,0.6953409293998037,8.777818823901667,True
TurbOPark 0.04,-0.2083333283662796,0.5564102609952291,7.93723699958958,0.7000109633104408,8.819327977060997,True
TurbOPark 0.04,-0.18055555125077566,0.5564102609952291,7.953786500459834,0.6972313376957034,8.76603033857389,True
TurbOPark 0.04,-0.15277777413527172,0.5564102609952291,7.9603694109052165,0.7026450658201076,8.826789682116097,True
TurbOPark 0.04,-0.12499999701976776,0.5564102609952291,7.959482965304034,0.710452321195389,8.92586018831,True
TurbOPark 0.04,-0.09722221990426382,0.5564102609952291,7.97154070143974,0.7053985753947477,8.848961597440576,True
TurbOPark 0.04,-0.06944444278875987,0.5564102609952291,7.973733102884163,0.7027789180944948,8.813674962863931,True
TurbOPark 0.04,-0.04166666567325592,0.5564102609952291,7.982852924058198,0.697499296663262,8.737468963773395,True
TurbOPark 0.04,-0.013888888557751973,0.5564102609952291,7.989534659033902,0.6829545962443827,8.548114820080972,True
TurbOPark 0.04,0.013888888557751973,0.5564102609952291,7.989977682009541,0.680030974876494,8.511049741824323,True
TurbOPark 0.04,0.04166666567325592,0.5564102609952291,7.980185294519921,0.687495719966592,8.615034546111387,True
TurbOPark 0.04,0.06944444278875987,0.5564102609952291,7.976109420975817,0.6824532297850651,8.556216994595493,True
TurbOPark 0.04,0.09722221990426382,0.5564102609952291,7.963480973732846,0.6872616347662598,8.630166092355324,True
TurbOPark 0.04,0.12499999701976776,0.5564102609952291,7.961632393286679,0.6726056907470667,8.448087747862033,True
TurbOPark 0.04,0.15277777413527172,0.5564102609952291,7.947653662369726,0.6722179269659577,8.45806769548542,True
TurbOPark 0.04,0.18055555125077566,0.5564102609952291,7.929003191062795,0.6786833766424645,8.559504395299587,True
TurbOPark 0.04,0.2083333283662796,0.5564102609952291,7.907327159358682,0.6804054565622466,8.604746494609822,True
TurbOPark 0.04,0.23611110548178355,0.5564102609952291,7.86506053387995,0.6973486529438538,8.866411770639502,True
TurbOPark 0.04,0.2638888825972875,0.5564102609952291,7.832792270990202,0.697786273106566,8.908525197213656,True
TurbOPark 0.04,0.29166665971279143,0.5564102609952291,7.816792988070306,0.6880934289811569,8.80275875325468,True
TurbOPark 0.04,0.3194444368282954,0.5564102609952291,7.787558578312432,0.6795944379623273,8.726668713028104,True
TurbOPark 0.04,0.3472222139437993,0.5564102609952291,7.76018983403233,0.6655164164163087,8.576032682830578,True
TurbOPark 0.04,0.37499999105930326,0.5564102609952291,7.7189290051461095,0.6614936128036808,8.569758995874578,True
TurbOPark 0.04,0.4027777681748072,0.5564102609952291,7.659649629097727,0.6762272564610963,8.828435884224026,True
TurbOPark 0.04,0.4305555452903112,0.5564102609952291,7.603575089714677,0.6690114340500065,8.798643087709825,True
TurbOPark 0.04,0.45833332240581515,0.5564102609952291,7.553386071764236,0.6590691986522889,8.725480101116435,True
TurbOPark 0.04,0.4861110995213191,0.5564102609952291,7.492738638724311,0.6595694600032949,8.802782157574244,True
TurbOPark 0.04,-0.4861110995213191,0.5854700903097788,7.733390390983655,0.6923390898825084,8.952594591496442,True
TurbOPark 0.04,-0.45833332240581515,0.5854700903097788,7.758341409005575,0.6992940121470362,9.013447272832355,True
TurbOPark 0.04,-0.4305555452903112,0.5854700903097788,7.788678308420392,0.7036129012469975,9.033790758649216,True
TurbOPark 0.04,-0.4027777681748072,0.5854700903097788,7.813010701756976,0.7040559921983673,9.011327631229795,True
TurbOPark 0.04,-0.37499999105930326,0.5854700903097788,7.834614929702095,0.705819845861983,9.008992173771343,True
TurbOPark 0.04,-0.3472222139437993,0.5854700903097788,7.861072150351998,0.7056454952381139,8.976453615255485,True
TurbOPark 0.04,-0.3194444368282954,0.5854700903097788,7.888249273623567,0.703279763584195,8.915536758400822,True
TurbOPark 0.04,-0.29166665971279143,0.5854700903097788,7.901596047091651,0.7062658285373998,8.93826796925864,True
TurbOPark 0.04,-0.2638888825972875,0.5854700903097788,7.936302929046302,0.70434953230808,8.875033357537438,True
TurbOPark 0.04,-0.23611110548178355,0.5854700903097788,7.960581569476124,0.6987700178391764,8.777876487297416,True
TurbOPark 0.04,-0.2083333283662796,0.5854700903097788,7.980068530151252,0.6956831652423056,8.7177592850712,True
TurbOPark 0.04,-0.18055555125077566,0.5854700903097788,7.9971991774307485,0.6933058089204173,8.66935777812095,True
TurbOPark 0.04,-0.15277777413527172,0.5854700903097788,7.996522425892889,0.7019608102701768,8.77832603829403,True
TurbOPark 0.04,-0.12499999701976776,0.5854700903097788,8.003705177480038,0.7036611506695627,8.791692535720188,True
TurbOPark 0.04,-0.09722221990426382,0.5854700903097788,8.005572119617186,0.7104628546640894,8.874604388650022,True
TurbOPark 0.04,-0.06944444278875987,0.5854700903097788,8.01609848628492,0.696244920669921,8.685583415188272,True
TurbOPark 0.04,-0.04166666567325592,0.5854700903097788,8.010627779208482,0.7080282697456539,8.838611520352192,True
TurbOPark 0.04,-0.013888888557751973,0.5854700903097788,8.025091096686948,0.6890989985944748,8.586805935186955,True
TurbOPark 0.04,0.013888888557751973,0.5854700903097788,8.024357272928263,0.6836262499535262,8.519389487552765,True
TurbOPark 0.04,0.04166666567325592,0.5854700903097788,8.012450204791278,0.6853075338561895,8.55303329618685,True
TurbOPark 0.04,0.06944444278875987,0.5854700903097788,8.007601275193572,0.6866040765834999,8.574403906829167,True
TurbOPark 0.04,0.09722221990426382,0.5854700903097788,8.001310697522323,0.6843392812944407,8.55283974294802,True
TurbOPark 0.04,0.12499999701976776,0.5854700903097788,7.989754222228588,0.6845119673909952,8.567372016107697,True
TurbOPark 0.04,0.15277777413527172,0.5854700903097788,7.974574610078517,0.6853648593378545,8.594375159167349,True
TurbOPark 0.04,0.18055555125077566,0.5854700903097788,7.961178779589583,0.6854693045793055,8.610148365675101,True
TurbOPark 0.04,0.2083333283662796,0.5854700903097788,7.940573953839226,0.6869292994335054,8.65087717118205,True
TurbOPark 0.04,0.23611110548178355,0.5854700903097788,7.911186389372287,0.6921729235759281,8.749293588958768,True
TurbOPark 0.04,0.2638888825972875,0.5854700903097788,7.899183038922224,0.6701697047695628,8.484038177965829,True
TurbOPark 0.04,0.29166665971279143,0.5854700903097788,7.871375956451022,0.6643024347859717,8.439470283991959,True
TurbOPark 0.04,0.3194444368282954,0.5854700903097788,7.8369455322898345,0.6652423772034597,8.48854154290755,True
TurbOPark 0.04,0.3472222139437993,0.5854700903097788,7.815372488135453,0.6358415712481643,8.135780760461998,True
TurbOPark 0.04,0.37499999105930326,0.5854700903097788,7.761185550567263,0.6463973444879642,8.328590268541113,True
TurbOPark 0.04,0.4027777681748072,0.5854700903097788,7.699029683520941,0.6708579690315206,8.713539194002978,True
TurbOPark 0.04,0.4305555452903112,0.5854700903097788,7.647747867422868,0.6589035514012422,8.615654736840574,True
TurbOPark 0.04,0.45833332240581515,0.5854700903097788,7.586203742203196,0.6498761278925154,8.566552520559874,True
TurbOPark 0.04,0.4861110995213191,0.5854700903097788,7.5247607061963855,0.6491595839287219,8.626979770853856,True
TurbOPark 0.04,-0.4861110995213191,0.6145299196243286,7.779739173390408,0.699994613005265,8.997661713383735,True
TurbOPark 0.04,-0.45833332240581515,0.6145299196243286,7.8080624702694,0.7009067880659559,8.976705690237294,True
TurbOPark 0.04,-0.4305555452903112,0.6145299196243286,7.822939325444685,0.7092983300598736,9.066903123648533,True
TurbOPark 0.04,-0.4027777681748072,0.6145299196243286,7.8492722216827016,0.7072904063918014,9.010904277698433,True
TurbOPark 0.04,-0.37499999105930326,0.6145299196243286,7.866963244679928,0.7129780667648103,9.062938831536618,True
TurbOPark 0.04,-0.3472222139437993,0.6145299196243286,7.8935686466182355,0.7139855290092362,9.045155125307259,True
TurbOPark 0.04,-0.3194444368282954,0.6145299196243286,7.921748236066872,0.7134277386519906,9.005938050439806,True
TurbOPark 0.04,-0.29166665971279143,0.6145299196243286,7.943401254599609,0.7090166395884977,8.925857033571647,True
TurbOPark 0.04,-0.2638888825972875,0.6145299196243286,7.973651496602255,0.7053234842696878,8.845677348329575,True
TurbOPark 0.04,-0.23611110548178355,0.6145299196243286,8.004671108998636,0.6950246650487927,8.68273856083187,True
TurbOPark 0.04,-0.2083333283662796,0.6145299196243286,8.021059784102786,0.6952799974569176,8.668181215092261,True
TurbOPark 0.04,-0.18055555125077566,0.6145299196243286,8.029665711058534,0.6990548476967938,8.705902248633448,True
TurbOPark 0.04,-0.15277777413527172,0.6145299196243286,8.039424638973507,0.7002132495654808,8.709743308880444,True
TurbOPark 0.04,-0.12499999701976776,0.6145299196243286,8.048939247604938,0.7005249625845642,8.703320288981113,True
TurbOPark 0.04,-0.09722221990426382,0.6145299196243286,8.064391087920773,0.6898056849532419,8.553723119733931,True
TurbOPark 0.04,-0.06944444278875987,0.6145299196243286,8.056397635483028,0.7021672134366751,8.715647429616673,True
TurbOPark 0.04,-0.04166666567325592,0.6145299196243286,8.044679979178829,0.7068350315643863,8.786366062960996,True
TurbOPark 0.04,-0.013888888557751973,0.6145299196243286,8.053294265477595,0.7048805372696659,8.752698138590413,True
TurbOPark 0.04,0.013888888557751973,0.6145299196243286,8.065867527735225,0.6821363670009474,8.457073769874834,True
TurbOPark 0.04,0.04166666567325592,0.6145299196243286,8.048928823404331,0.6983448522499559,8.676245840556305,True
TurbOPark 0.04,0.06944444278875987,0.6145299196243286,8.040789953922914,0.6879008345325983,8.555139961055538,True
TurbOPark 0.04,0.09722221990426382,0.6145299196243286,8.04895979626876,0.6671706086836259,8.288904722730816,True
TurbOPark 0.04,0.12499999701976776,0.6145299196243286,8.038046635140889,0.6718487171408665,8.358358039422976,True
TurbOPark 0.04,0.15277777413527172,0.6145299196243286,8.012588039588843,0.6871407481575741,8.575765342764758,True
TurbOPark 0.04,0.18055555125077566,0.6145299196243286,8.002689678276885,0.6742718264829101,8.42556507361775,True
TurbOPark 0.04,0.2083333283662796,0.6145299196243286,7.9820465749505685,0.6770351611917002,8.481974576750611,True
TurbOPark 0.04,0.23611110548178355,0.6145299196243286,7.964465677693695,0.6624029174398669,8.316978743408708,True
TurbOPark 0.04,0.2638888825972875,0.6145299196243286,7.9422460666676,0.6603492692084967,8.314389451869065,True
TurbOPark 0.04,0.29166665971279143,0.6145299196243286,7.913994407026747,0.6506862975066358,8.221970651494253,True
TurbOPark 0.04,0.3194444368282954,0.6145299196243286,7.879128642048431,0.6558447436536136,8.323823273471847,True
TurbOPark 0.04,0.3472222139437993,0.6145299196243286,7.830272212164137,0.6643071799243883,8.48383251469091,True
TurbOPark 0.04,0.37499999105930326,0.6145299196243286,7.787673100201288,0.664137016645899,8.528054633273358,True
TurbOPark 0.04,0.4027777681748072,0.6145299196243286,7.73707087759556,0.6593685092981643,8.522198125488485,True
TurbOPark 0.04,0.4305555452903112,0.6145299196243286,7.690454296475629,0.6496449471847237,8.447419647008916,True
TurbOPark 0.04,0.45833332240581515,0.6145299196243286,7.626880327393712,0.6535870976620435,8.569520821174205,True
TurbOPark 0.04,0.4861110995213191,0.6145299196243286,7.5636803195707385,0.6541161276243114,8.648119698181988,True
TurbOPark 0.04,-0.4861110995213191,0.6435897489388783,7.830574658300115,0.6920941961689323,8.838357673217999,True
TurbOPark 0.04,-0.45833332240581515,0.6435897489388783,7.842365339515613,0.7060861706895315,9.00348479216786,True
TurbOPark 0.04,-0.4305555452903112,0.6435897489388783,7.862335210443088,0.7134357371276226,9.074094630053512,True
TurbOPark 0.04,-0.4027777681748072,0.6435897489388783,7.883824083895589,0.7126389131171773,9.039254371148337,True
TurbOPark 0.04,-0.37499999105930326,0.6435897489388783,7.90594515902742,0.7164022313953994,9.061563380279384,True
TurbOPark 0.04,-0.3472222139437993,0.6435897489388783,7.935636990257539,0.7175085259764293,9.04159964546392,True
TurbOPark 0.04,-0.3194444368282954,0.6435897489388783,7.970034221277161,0.7109353991771566,8.920104725262178,True
TurbOPark 0.04,-0.29166665971279143,0.6435897489388783,7.98631879869312,0.7155108890802088,8.959207704021217,True
TurbOPark 0.04,-0.2638888825972875,0.6435897489388783,8.008700456637703,0.7113372405486573,8.882055764229424,True
TurbOPark 0.04,-0.23611110548178355,0.6435897489388783,8.045478412998852,0.6963923915893868,8.655698963336292,True
TurbOPark 0.04,-0.2083333283662796,0.6435897489388783,8.050884831954185,0.7069682031099058,8.781248494624212,True
TurbOPark 0.04,-0.18055555125077566,0.6435897489388783,8.065727583674455,0.704301771054752,8.732030232217406,True
TurbOPark 0.04,-0.15277777413527172,0.6435897489388783,8.08563419890967,0.6928120819724964,8.568432171540987,True
TurbOPark 0.04,-0.12499999701976776,0.6435897489388783,8.094838013163363,0.6931371813540309,8.562706013719987,True
TurbOPark 0.04,-0.09722221990426382,0.6435897489388783,8.109355927253901,0.6772144452640635,8.351026287896465,True
TurbOPark 0.04,-0.06944444278875987,0.6435897489388783,8.116132012901643,0.6664358298820253,8.211249260394474,True
TurbOPark 0.04,-0.04166666567325592,0.6435897489388783,8.108188394581624,0.6861648862564019,8.462616467014238,True
TurbOPark 0.04,-0.013888888557751973,0.6435897489388783,8.105045115096708,0.6884897753090065,8.494582886733154,True
TurbOPark 0.04,0.013888888557751973,0.6435897489388783,8.099541903164667,0.6929177022772361,8.555023365043622,True
TurbOPark 0.04,0.04166666567325592,0.6435897489388783,8.10293816101353,0.683038665852847,8.429518432452301,True
TurbOPark 0.04,0.06944444278875987,0.6435897489388783,8.098606267325994,0.6681060611969231,8.249642458757524,True
TurbOPark 0.04,0.09722221990426382,0.6435897489388783,8.086853275312986,0.6667540907237038,8.244913911807043,True
TurbOPark 0.04,0.12499999701976776,0.6435897489388783,8.07440570293762,0.6677429216525298,8.269870826649104,True
TurbOPark 0.04,0.15277777413527172,0.6435897489388783,8.050566000173738,0.6777973246931764,8.41925058037595,True
TurbOPark 0.04,0.18055555125077566,0.6435897489388783,8.036472702962403,0.6855453370677379,8.530425752768778,True
TurbOPark 0.04,0.2083333283662796,0.6435897489388783,8.019749032461165,0.6775522087060769,8.448546281979402,True
TurbOPark 0.04,0.23611110548178355,0.6435897489388783,8.004014184534656,0.6638262858975295,8.293667034975694,True
TurbOPark 0.04,0.2638888825972875,0.6435897489388783,7.977060809679967,0.666736724094028,8.35817527283933,True
TurbOPark 0.04,0.29166665971279143,0.6435897489388783,7.953637819609056,0.6595520858056148,8.292458127519234,True
TurbOPark 0.04,0.3194444368282954,0.6435897489388783,7.916046875511912,0.6643798266252589,8.392823300232099,True
TurbOPark 0.04,0.3472222139437993,0.6435897489388783,7.874155132706991,0.6625967865895734,8.414830231593173,True
TurbOPark 0.04,0.37499999105930326,0.6435897489388783,7.824351399428232,0.6709803505708507,8.575539572773828,True
TurbOPark 0.04,0.4027777681748072,0.6435897489388783,7.77250084826941,0.668292490716653,8.598165555240202,True
TurbOPark 0.04,0.4305555452903112,0.6435897489388783,7.733723010684352,0.6457119551567088,8.349302842429704,True
TurbOPark 0.04,0.45833332240581515,0.6435897489388783,7.661253956868646,0.657388694151673,8.580693158752368,True
TurbOPark 0.04,0.4861110995213191,0.6435897489388783,7.597585492796643,0.6601454080518896,8.688884234047526,True
TurbOPark 0.04,-0.4861110995213191,0.6726495782534282,7.880392301614403,0.6990822170449678,8.871160093156167,True
TurbOPark 0.04,-0.45833332240581515,0.6726495782534282,7.892662595970917,0.7052353461537727,8.93532870027644,True
TurbOPark 0.04,-0.4305555452903112,0.6726495782534282,7.901746848307024,0.7133479146423389,9.027724227778522,True
TurbOPark 0.04,-0.4027777681748072,0.6726495782534282,7.920276747470163,0.7141813367117851,9.017126035904031,True
TurbOPark 0.04,-0.37499999105930326,0.6726495782534282,7.947831617573036,0.716415778530026,9.01397781183482,True
TurbOPark 0.04,-0.3472222139437993,0.6726495782534282,7.985833290716564,0.7157863076966114,8.96320122946599,True
TurbOPark 0.04,-0.3194444368282954,0.6726495782534282,8.009985342051982,0.7148058787167217,8.923934916135618,True
TurbOPark 0.04,-0.29166665971279143,0.6726495782534282,8.034297264434397,0.7150153608824859,8.89953828379814,True
TurbOPark 0.04,-0.2638888825972875,0.6726495782534282,8.070469107371236,0.69669136945669,8.632600660355177,True
TurbOPark 0.04,-0.23611110548178355,0.6726495782534282,8.085180829443054,0.7026891238056563,8.691074926200022,True
TurbOPark 0.04,-0.2083333283662796,0.6726495782534282,8.092953120086543,0.7086442251279507,8.756311999004545,True
TurbOPark 0.04,-0.18055555125077566,0.6726495782534282,8.11004102703338,0.7030760925612407,8.669205127540804,True
TurbOPark 0.04,-0.15277777413527172,0.6726495782534282,8.131684309651439,0.6887206567533796,8.46959412745453,True
TurbOPark 0.04,-0.12499999701976776,0.6726495782534282,8.137686062586129,0.6943924168274256,8.533045038686957,True
TurbOPark 0.04,-0.09722221990426382,0.6726495782534282,8.149244003262718,0.6878371914085301,8.440503083882875,True
TurbOPark 0.04,-0.06944444278875987,0.6726495782534282,8.15301229072938,0.6827814773640289,8.374591537662779,True
TurbOPark 0.04,-0.04166666567325592,0.6726495782534282,8.144146580260596,0.6996552403262987,8.59089695195431,True
TurbOPark 0.04,-0.013888888557751973,0.6726495782534282,8.147939357382874,0.6953937498393266,8.53459653217998,True
TurbOPark 0.04,0.013888888557751973,0.6726495782534282,8.147693872453864,0.6903470373376757,8.472913294786833,True
TurbOPark 0.04,0.04166666567325592,0.6726495782534282,8.134227936718018,0.6967512663676116,8.56567177350006,True
TurbOPark 0.04,0.06944444278875987,0.6726495782534282,8.133624809566268,0.6835981356492222,8.40459391297735,True
TurbOPark 0.04,0.09722221990426382,0.6726495782534282,8.124870634713648,0.6789671278277776,8.356651549956734,True
TurbOPark 0.04,0.12499999701976776,0.6726495782534282,8.111622330531503,0.6783593946701825,8.362807919654882,True
TurbOPark 0.04,0.15277777413527172,0.6726495782534282,8.100949791925943,0.6790240973136018,8.382030684727509,True
TurbOPark 0.04,0.18055555125077566,0.6726495782534282,8.074357911474687,0.6854778596521497,8.489564955722345,True
TurbOPark 0.04,0.2083333283662796,0.6726495782534282,8.049225785456075,0.6947169583374686,8.630854405807991,True
TurbOPark 0.04,0.23611110548178355,0.6726495782534282,8.042640155171306,0.6711442605013667,8.344825176218164,True
TurbOPark 0.04,0.2638888825972875,0.6726495782534282,8.02595772631577,0.6545496429308068,8.155408553731204,True
TurbOPark 0.04,0.29166665971279143,0.6726495782534282,7.995030643964285,0.6681226730537978,8.356724355499324,True
TurbOPark 0.04,0.3194444368282954,0.6726495782534282,7.952506100005131,0.6795353182311901,8.54492042742038,True
TurbOPark 0.04,0.3472222139437993,0.6726495782534282,7.9058530730379415,0.6851177848487827,8.665956456809234,True
TurbOPark 0.04,0.37499999105930326,0.6726495782534282,7.854712211226588,0.692905889321149,8.8215312119366,True
TurbOPark 0.04,0.4027777681748072,0.6726495782534282,7.818863451900677,0.6742135481199819,8.622909867496,True
TurbOPark 0.04,0.4305555452903112,0.6726495782534282,7.77139300774492,0.6539841327767971,8.415275512704618,True
TurbOPark 0.04,0.45833332240581515,0.6726495782534282,7.7117703324633,0.6593234524813352,8.54957323749466,True
TurbOPark 0.04,0.4861110995213191,0.6726495782534282,7.647307386664336,0.6576725473569281,8.60005377191719,True
TurbOPark 0.04,-0.4861110995213191,0.701709407567978,7.921677475838165,0.7006873959319836,8.845189646626535,True
TurbOPark 0.04,-0.45833332240581515,0.701709407567978,7.931883822877302,0.7107645241502554,8.960853941156497,True
TurbOPark 0.04,-0.4305555452903112,0.701709407567978,7.935462376571075,0.7159761605564433,9.022488250594135,True
TurbOPark 0.04,-0.4027777681748072,0.701709407567978,7.951929549569322,0.7195409365865495,9.048633191494005,True
TurbOPark 0.04,-0.37499999105930326,0.701709407567978,7.985180040811038,0.720942289096966,9.028503871075417,True
TurbOPark 0.04,-0.3472222139437993,0.701709407567978,8.024589291877142,0.7212513160212121,8.988015333710546,True
TurbOPark 0.04,-0.3194444368282954,0.701709407567978,8.071756168656979,0.6996345980798857,8.667687470498686,True
TurbOPark 0.04,-0.29166665971279143,0.701709407567978,8.091448682578854,0.7024884437461091,8.681862436557115,True
TurbOPark 0.04,-0.2638888825972875,0.701709407567978,8.11312460326915,0.7008938423781805,8.639012423102171,True
TurbOPark 0.04,-0.23611110548178355,0.701709407567978,8.128703088186327,0.7058586686117131,8.683533657879044,True
TurbOPark 0.04,-0.2083333283662796,0.701709407567978,8.142242315266657,0.7076844613488589,8.691518060349969,True
TurbOPark 0.04,-0.18055555125077566,0.701709407567978,8.160944585636576,0.6983685224360955,8.557447181607358,True
TurbOPark 0.04,-0.15277777413527172,0.701709407567978,8.176802015057493,0.6911754021851002,8.452881712340695,True
TurbOPark 0.04,-0.12499999701976776,0.701709407567978,8.171494431733882,0.7075280979564597,8.658490853383984,True
TurbOPark 0.04,-0.09722221990426382,0.701709407567978,8.188502264389841,0.6950436619783692,8.48804383923755,True
TurbOPark 0.04,-0.06944444278875987,0.701709407567978,8.191635030863024,0.699043316099656,8.533623793857045,True
TurbOPark 0.04,-0.04166666567325592,0.701709407567978,8.203245581003664,0.6819086686072616,8.31266919749866,True
TurbOPark 0.04,-0.013888888557751973,0.701709407567978,8.193724378149476,0.6932210116559503,8.460389679503862,True
TurbOPark 0.04,0.013888888557751973,0.701709407567978,8.192146127532192,0.6959886587313083,8.495803760045579,True
TurbOPark 0.04,0.04166666567325592,0.701709407567978,8.18585763692142,0.6956621713680943,8.4983419236414,True
TurbOPark 0.04,0.06944444278875987,0.701709407567978,8.176490554596798,0.6962688345950633,8.515497326706054,True
TurbOPark 0.04,0.09722221990426382,0.701709407567978,8.167803265589516,0.6930648822138352,8.485327813093608,True
TurbOPark 0.04,0.12499999701976776,0.701709407567978,8.15271798190864,0.6852604878470274,8.4053010219127,True
TurbOPark 0.04,0.15277777413527172,0.701709407567978,8.147194254616927,0.6747679475918972,8.28221258146034,True
TurbOPark 0.04,0.18055555125077566,0.701709407567978,8.128106710676715,0.676944757564515,8.328443285264832,True
TurbOPark 0.04,0.2083333283662796,0.701709407567978,8.095082931921803,0.7001035421662322,8.648503641704199,True
TurbOPark 0.04,0.23611110548178355,0.701709407567978,8.076317150527705,0.6962928662217778,8.62141559381781,True
TurbOPark 0.04,0.2638888825972875,0.701709407567978,8.064578257273757,0.6710812371301655,8.321343233601723,True
TurbOPark 0.04,0.29166665971279143,0.701709407567978,8.03812795278685,0.6675214745679021,8.304439522345124,True
TurbOPark 0.04,0.3194444368282954,0.701709407567978,7.991958491053779,0.6887221509325784,8.617689289847236,True
TurbOPark 0.04,0.3472222139437993,0.701709407567978,7.950771997042249,0.6913208764352239,8.695015737998785,True
TurbOPark 0.04,0.37499999105930326,0.701709407567978,7.917192149907018,0.6754841110074425,8.531864557757078,True
TurbOPark 0.04,0.4027777681748072,0.701709407567978,7.862585557778794,0.6813124274844408,8.665246597035615,True
TurbOPark 0.04,0.4305555452903112,0.701709407567978,7.8146445259080926,0.6757340349196573,8.647022045332694,True
TurbOPark 0.04,0.45833332240581515,0.701709407567978,7.760506190203867,0.6686889068662321,8.616563024075957,True
TurbOPark 0.04,0.4861110995213191,0.701709407567978,7.702277138403806,0.6597589546290902,8.565764939040047,True
TurbOPark 0.04,-0.4861110995213191,0.7307692368825277,7.960771491972561,0.7116406569799226,8.939342847581079,True
TurbOPark 0.04,-0.45833332240581515,0.7307692368825277,7.9839444011410885,0.7157515026038206,8.964885858943648,True
TurbOPark 0.04,-0.4305555452903112,0.7307692368825277,7.98943717777115,0.7222788994689064,9.040422790712825,True
TurbOPark 0.04,-0.4027777681748072,0.7307692368825277,8.01054596200017,0.7249518188326908,9.049967658529932,True
TurbOPark 0.04,-0.37499999105930326,0.7307692368825277,8.043016081375422,0.725350276106436,9.018386495410253,True
TurbOPark 0.04,-0.3472222139437993,0.7307692368825277,8.08057883905571,0.7154287700562065,8.85368219660624,True
TurbOPark 0.04,-0.3194444368282954,0.7307692368825277,8.111502635397283,0.7136764854703117,8.798326494476413,True
TurbOPark 0.04,-0.29166665971279143,0.7307692368825277,8.137087853347957,0.7089922971905678,8.713096257143851,True
TurbOPark 0.04,-0.2638888825972875,0.7307692368825277,8.156835707674551,0.7086107178514567,8.687323654008914,True
TurbOPark 0.04,-0.23611110548178355,0.7307692368825277,8.175189450058848,0.7101767008987554,8.686975454662317,True
TurbOPark 0.04,-0.2083333283662796,0.7307692368825277,8.186561387027847,0.7157295319586707,8.742737006685028,True
TurbOPark 0.04,-0.18055555125077566,0.7307692368825277,8.209611537079802,0.6971896772024672,8.492358914347133,True
TurbOPark 0.04,-0.15277777413527172,0.7307692368825277,8.216946943813614,0.7023763678441903,8.547899513614317,True
TurbOPark 0.04,-0.12499999701976776,0.7307692368825277,8.221715288456846,0.7065465916748388,8.593664057752264,True
TurbOPark 0.04,-0.09722221990426382,0.7307692368825277,8.236256926207275,0.6955188634315912,8.44459891991096,True
TurbOPark 0.04,-0.06944444278875987,0.7307692368825277,8.245613428911891,0.6916588013040117,8.388203100557972,True
TurbOPark 0.04,-0.04166666567325592,0.7307692368825277,8.24598451491207,0.6869009514742299,8.330126623837767,True
TurbOPark 0.04,-0.013888888557751973,0.7307692368825277,8.242479407982215,0.6967343134493987,8.45297002228073,True
TurbOPark 0.04,0.013888888557751973,0.7307692368825277,8.230915694585388,0.7108061483417689,8.635808878584001,True
TurbOPark 0.04,0.04166666567325592,0.7307692368825277,8.225801652809816,0.7109660920713001,8.643122239987932,True
TurbOPark 0.04,0.06944444278875987,0.7307692368825277,8.21941369378837,0.7016172848477387,8.536098935839785,True
TurbOPark 0.04,0.09722221990426382,0.7307692368825277,8.208905966346174,0.7030032594266071,8.563909274983661,True
TurbOPark 0.04,0.12499999701976776,0.7307692368825277,8.186693504612053,0.7114807312785555,8.690697054650158,True
TurbOPark 0.04,0.15277777413527172,0.7307692368825277,8.176499357995166,0.7091119128170077,8.67256122418235,True
TurbOPark 0.04,0.18055555125077566,0.7307692368825277,8.174112293762798,0.6904515364450747,8.446807575324348,True
TurbOPark 0.04,0.2083333283662796,0.7307692368825277,8.141616685607366,0.7066730062003918,8.679762674772423,True
TurbOPark 0.04,0.23611110548178355,0.7307692368825277,8.114312407070605,0.7159852103047772,8.823732368017849,True
TurbOPark 0.04,0.2638888825972875,0.7307692368825277,8.094090090645611,0.7105351649559946,8.778443988128625,True
TurbOPark 0.04,0.29166665971279143,0.7307692368825277,8.070048553599015,0.7005818743048571,8.681259717977994,True
TurbOPark 0.04,0.3194444368282954,0.7307692368825277,8.0367064870315,0.7000900263240211,8.711155837950873,True
TurbOPark 0.04,0.3472222139437993,0.7307692368825277,7.993339281334059,0.7046696076647953,8.815709966300698,True
TurbOPark 0.04,0.37499999105930326,0.7307692368825277,7.94258425926366,0.7062978847970098,8.892545067724459,True
TurbOPark 0.04,0.4027777681748072,0.7307692368825277,7.907864499702315,0.693432305392989,8.768894629126391,True
TurbOPark 0.04,0.4305555452903112,0.7307692368825277,7.855382479555482,0.6903136122765178,8.78777849548557,True
TurbOPark 0.04,0.45833332240581515,0.7307692368825277,7.798716436170926,0.6846345095948603,8.77881014392937,True
TurbOPark 0.04,0.4861110995213191,0.7307692368825277,7.753570910693659,0.6670717098708626,8.60341277011916,True
TurbOPark 0.04,-0.45833332240581515,0.7598290661970775,8.030586060289957,0.7208766477486825,8.976638097601734,True
TurbOPark 0.04,-0.4305555452903112,0.7598290661970775,8.060307831955654,0.7213238765720676,8.949085960617145,True
TurbOPark 0.04,-0.4027777681748072,0.7598290661970775,8.060863955842827,0.7307860563763623,9.065852747045312,True
TurbOPark 0.04,-0.37499999105930326,0.7598290661970775,8.098435305995233,0.7275759396813481,8.984154496396695,True
TurbOPark 0.04,-0.3472222139437993,0.7598290661970775,8.134980066660736,0.7168056905125164,8.811400699679309,True
TurbOPark 0.04,-0.3194444368282954,0.7598290661970775,8.159112923701327,0.7181690449413582,8.802048110587561,True
TurbOPark 0.04,-0.29166665971279143,0.7598290661970775,8.192512084692469,0.7047687781647822,8.602596747847677,True
TurbOPark 0.04,-0.2638888825972875,0.7598290661970775,8.210962941993696,0.7051028518279068,8.587334479635363,True
TurbOPark 0.04,-0.23611110548178355,0.7598290661970775,8.231249812973084,0.7019692473799212,8.528100389731382,True
TurbOPark 0.04,-0.2083333283662796,0.7598290661970775,8.239935736509999,0.715229003477691,8.680031329717922,True
TurbOPark 0.04,-0.18055555125077566,0.7598290661970775,8.249050373337214,0.7158773324905442,8.678299926551796,True
TurbOPark 0.04,-0.15277777413527172,0.7598290661970775,8.267546879533969,0.7039967200689511,8.515182681475578,True
TurbOPark 0.04,-0.12499999701976776,0.7598290661970775,8.27359310461746,0.7010465918079694,8.473302746985684,True
TurbOPark 0.04,-0.09722221990426382,0.7598290661970775,8.270180794165773,0.7151837236647853,8.647739891845099,True
TurbOPark 0.04,-0.06944444278875987,0.7598290661970775,8.282923430256039,0.7047731091914863,8.508748331743307,True
TurbOPark 0.04,-0.04166666567325592,0.7598290661970775,8.286671757432272,0.7066073614323946,8.52703452141256,True
TurbOPark 0.04,-0.013888888557751973,0.7598290661970775,8.282367739322817,0.7082507208767228,8.55130734553246,True
TurbOPark 0.04,0.013888888557751973,0.7598290661970775,8.275383325082156,0.7193010302227941,8.692056935207324,True
TurbOPark 0.04,0.04166666567325592,0.7598290661970775,8.27220608646015,0.7128033338087937,8.61684690104012,True
TurbOPark 0.04,0.06944444278875987,0.7598290661970775,8.260541428168493,0.7202639497858626,8.719331003289426,True
TurbOPark 0.04,0.09722221990426382,0.7598290661970775,8.247529072825536,0.7230975365668972,8.767444530136952,True
TurbOPark 0.04,0.12499999701976776,0.7598290661970775,8.226825666775364,0.7301677807966782,8.87544978308601,True
TurbOPark 0.04,0.15277777413527172,0.7598290661970775,8.20604961326093,0.7306051967086332,8.903251029922842,True
TurbOPark 0.04,0.18055555125077566,0.7598290661970775,8.199774089067908,0.7211536474393859,8.794798973801504,True
TurbOPark 0.04,0.2083333283662796,0.7598290661970775,8.177608408570736,0.7261078410975443,8.879219997090223,True
TurbOPark 0.04,0.23611110548178355,0.7598290661970775,8.159813920664238,0.7256097823868941,8.892479527619264,True
TurbOPark 0.04,0.2638888825972875,0.7598290661970775,8.13096593902075,0.726395115288701,8.933687839014414,True
TurbOPark 0.04,0.29166665971279143,0.7598290661970775,8.11151073940838,0.7165370960874523,8.833583768881423,True
TurbOPark 0.04,0.3194444368282954,0.7598290661970775,8.071470285787603,0.7201375363180429,8.922011861780309,True
TurbOPark 0.04,0.3472222139437993,0.7598290661970775,8.03622467581625,0.7180718644301214,8.935437887781378,True
TurbOPark 0.04,0.37499999105930326,0.7598290661970775,7.9919190700352045,0.7177394198304747,8.980814414419653,True
TurbOPark 0.04,0.4027777681748072,0.7598290661970775,7.947298218221227,0.7085867938165631,8.916071529717426,True
TurbOPark 0.04,0.4305555452903112,0.7598290661970775,7.9080142684888175,0.6991102028856798,8.840527838593244,True
TurbOPark 0.04,0.45833332240581515,0.7598290661970775,7.841881496746906,0.6998039760380895,8.923929497383929,True
TurbOPark 0.04,-0.45833332240581515,0.7888888955116272,8.096392473512442,0.7202680286315434,8.896159999504953,True
TurbOPark 0.04,-0.4305555452903112,0.7888888955116272,8.108666287007965,0.7294132311634892,8.995477250459608,True
TurbOPark 0.04,-0.4027777681748072,0.7888888955116272,8.129956967432012,0.7277054815503646,8.950914309454493,True
TurbOPark 0.04,-0.37499999105930326,0.7888888955116272,8.16572950464774,0.7177735763768799,8.790072901243425,True
TurbOPark 0.04,-0.3472222139437993,0.7888888955116272,8.18238326972692,0.725211612686158,8.863085347875195,True
TurbOPark 0.04,-0.3194444368282954,0.7888888955116272,8.209409247640297,0.7239133820708307,8.818093485580727,True
TurbOPark 0.04,-0.29166665971279143,0.7888888955116272,8.2333634611916,0.7245512203561244,8.800185049176262,True
TurbOPark 0.04,-0.2638888825972875,0.7888888955116272,8.252584299462814,0.7216641027695767,8.744704405098316,True
TurbOPark 0.04,-0.23611110548178355,0.7888888955116272,8.270941583188925,0.7210204838201282,8.71751391988593,True
TurbOPark 0.04,-0.2083333283662796,0.7888888955116272,8.27687018909713,0.7316695092302029,8.839929738103287,True
TurbOPark 0.04,-0.18055555125077566,0.7888888955116272,8.29229980443994,0.7269296151854449,8.766320952315612,True
TurbOPark 0.04,-0.15277777413527172,0.7888888955116272,8.30643287791417,0.7290100985625402,8.776452049602332,True
TurbOPark 0.04,-0.12499999701976776,0.7888888955116272,8.314062904307495,0.7244503036546351,8.713553313137663,True
TurbOPark 0.04,-0.09722221990426382,0.7888888955116272,8.308036961454679,0.734661732858946,8.842783635501688,True
TurbOPark 0.04,-0.06944444278875987,0.7888888955116272,8.30527825615274,0.7379279458551238,8.885047834591814,True
TurbOPark 0.04,-0.04166666567325592,0.7888888955116272,8.328012460784386,0.7211795368911859,8.65968369148262,True
TurbOPark 0.04,-0.013888888557751973,0.7888888955116272,8.319364637201229,0.7342564554530551,8.82587177594936,True
TurbOPark 0.04,0.013888888557751973,0.7888888955116272,8.307849314742041,0.7400016969184111,8.907259495009127,True
TurbOPark 0.04,0.04166666567325592,0.7888888955116272,8.305856449593563,0.7341814545737161,8.839322699944354,True
TurbOPark 0.04,0.06944444278875987,0.7888888955116272,8.302280882172413,0.7312456883135355,8.807768596263085,True
TurbOPark 0.04,0.09722221990426382,0.7888888955116272,8.277576470319374,0.7406618733521035,8.947810702901625,True
TurbOPark 0.04,0.12499999701976776,0.7888888955116272,8.263730622982235,0.7383532687176215,8.934866132545386,True
TurbOPark 0.04,0.15277777413527172,0.7888888955116272,8.244754303819505,0.7419984106699526,8.999642479657773,True
TurbOPark 0.04,0.18055555125077566,0.7888888955116272,8.235779011578169,0.73593415367166,8.93581715387283,True
TurbOPark 0.04,0.2083333283662796,0.7888888955116272,8.207631283104835,0.731743426059624,8.915403248753341,True
TurbOPark 0.04,0.23611110548178355,0.7888888955116272,8.197840927168587,0.7342261217236491,8.956335311293238,True
TurbOPark 0.04,0.2638888825972875,0.7888888955116272,8.182012405754463,0.7330948870725602,8.959835926879917,True
TurbOPark 0.04,0.29166665971279143,0.7888888955116272,8.151752205809474,0.73177621735322,8.976919303701456,True
TurbOPark 0.04,0.3194444368282954,0.7888888955116272,8.116846586858534,0.7311985210267732,9.008406321373744,True
TurbOPark 0.04,0.3472222139437993,0.7888888955116272,8.078098789621626,0.7264382273071337,8.992688084483797,True
TurbOPark 0.04,0.37499999105930326,0.7888888955116272,8.046717161056643,0.7190797324923651,8.936311766647707,True
TurbOPark 0.04,0.4027777681748072,0.7888888955116272,8.014083584887047,0.7056806226668714,8.80550614667463,True
TurbOPark 0.04,0.4305555452903112,0.7888888955116272,7.9593913677754555,0.6972929190184884,8.760631143752548,True
TurbOPark 0.04,0.45833332240581515,0.7888888955116272,7.913909892181896,0.6946528761910589,8.777619225577768,True
TurbOPark 0.04,-0.45833332240581515,0.817948724826177,8.145839863430409,0.7328942014274082,8.997159454577947,True
TurbOPark 0.04,-0.4305555452903112,0.817948724826177,8.163828259230614,0.7357952578824213,9.012870365694893,True
TurbOPark 0.04,-0.4027777681748072,0.817948724826177,8.182159454701685,0.7379387625123656,9.018875354333586,True
TurbOPark 0.04,-0.37499999105930326,0.817948724826177,8.204697153715472,0.7373988925877065,8.987521157362616,True
TurbOPark 0.04,-0.3472222139437993,0.817948724826177,8.243644775884425,0.7259839125887881,8.806588982491673,True
TurbOPark 0.04,-0.3194444368282954,0.817948724826177,8.26197649312051,0.7274030667911523,8.804225809609093,True
TurbOPark 0.04,-0.29166665971279143,0.817948724826177,8.282813981700242,0.732785666852957,8.847061740997056,True
TurbOPark 0.04,-0.2638888825972875,0.817948724826177,8.297754103669261,0.735160991891438,8.859758709484417,True
TurbOPark 0.04,-0.23611110548178355,0.817948724826177,8.32198739494098,0.7305441812098109,8.77848218868868,True
TurbOPark 0.04,-0.2083333283662796,0.817948724826177,8.335455095797034,0.7338761736442456,8.804272414763368,True
TurbOPark 0.04,-0.18055555125077566,0.817948724826177,8.345194862721321,0.7331750785723659,8.785595670719685,True
TurbOPark 0.04,-0.15277777413527172,0.817948724826177,8.346960937673279,0.7401712042173658,8.867553229782924,True
TurbOPark 0.04,-0.12499999701976776,0.817948724826177,8.35279558145793,0.7453666372939495,8.923558945325588,True
TurbOPark 0.04,-0.09722221990426382,0.817948724826177,8.35863052497994,0.7455814851890911,8.91990001186086,True
TurbOPark 0.04,-0.06944444278875987,0.817948724826177,8.350120047733368,0.7462739026883196,8.93728351715009,True
TurbOPark 0.04,-0.04166666567325592,0.817948724826177,8.359754351499008,0.7426970171925794,8.884196663738146,True
TurbOPark 0.04,-0.013888888557751973,0.817948724826177,8.34803209922141,0.7492980826084892,8.97574510618345,True
TurbOPark 0.04,0.013888888557751973,0.817948724826177,8.342361400692154,0.7449239245999167,8.929413253879309,True
TurbOPark 0.04,0.04166666567325592,0.817948724826177,8.343349823617006,0.7426775942013134,8.901431797802147,True
TurbOPark 0.04,0.06944444278875987,0.817948724826177,8.341212773678643,0.7368978073229967,8.834420453202393,True
TurbOPark 0.04,0.09722221990426382,0.817948724826177,8.315301108397442,0.749560910375907,9.01423653340637,True
TurbOPark 0.04,0.12499999701976776,0.817948724826177,8.312467080197663,0.7488313058662577,9.008532588960955,True
TurbOPark 0.04,0.15277777413527172,0.817948724826177,8.309512502056853,0.7463560623178992,8.981947642935175,True
TurbOPark 0.04,0.18055555125077566,0.817948724826177,8.292541303971749,0.7412805491805091,8.939123991163838,True
TurbOPark 0.04,0.2083333283662796,0.817948724826177,8.271700007617044,0.7417542621486483,8.96737383446691,True
TurbOPark 0.04,0.23611110548178355,0.817948724826177,8.251730247703346,0.7403578400045291,8.9721527216742,True
TurbOPark 0.04,0.2638888825972875,0.817948724826177,8.231308361678217,0.7387442423851108,8.97480947044115,True
TurbOPark 0.04,0.29166665971279143,0.817948724826177,8.206316046503652,0.733904696166839,8.94316879837358,True
TurbOPark 0.04,0.3194444368282954,0.817948724826177,8.182091947178824,0.7353817161158842,8.987698022257536,True
TurbOPark 0.04,0.3472222139437993,0.817948724826177,8.146566382477756,0.7217156459773362,8.85913907888428,True
TurbOPark 0.04,0.37499999105930326,0.817948724826177,8.108001869108971,0.7190014450413141,8.867800681949383,True
TurbOPark 0.04,0.4027777681748072,0.817948724826177,8.077675005346347,0.7100680343876841,8.790500161466182,True
TurbOPark 0.04,0.4305555452903112,0.817948724826177,8.025393409606316,0.7107549347967699,8.85632514844697,True
TurbOPark 0.04,0.45833332240581515,0.817948724826177,7.9749614600454635,0.708410623327144,8.882934756190101,True
TurbOPark 0.04,-0.4305555452903112,0.8470085541407267,8.233338671798595,0.7355593248342774,8.933913132393867,True
TurbOPark 0.04,-0.4027777681748072,0.8470085541407267,8.247873448893104,0.7406372710963279,8.979736118474566,True
TurbOPark 0.04,-0.37499999105930326,0.8470085541407267,8.271757790326536,0.7325912980123849,8.856537105923469,True
TurbOPark 0.04,-0.3472222139437993,0.8470085541407267,8.295538311606345,0.7300066147739612,8.799990878863206,True
TurbOPark 0.04,-0.3194444368282954,0.8470085541407267,8.333919274673663,0.7170138917873584,8.60356175954722,True
TurbOPark 0.04,-0.29166665971279143,0.8470085541407267,8.34351688836152,0.7318725046456538,8.771750742981682,True
TurbOPark 0.04,-0.2638888825972875,0.8470085541407267,8.362193314706866,0.734171538713515,8.7796527906417,True
TurbOPark 0.04,-0.23611110548178355,0.8470085541407267,8.373981642428667,0.7423166601660347,8.864560395080398,True
TurbOPark 0.04,-0.2083333283662796,0.8470085541407267,8.382073397631583,0.7489437453122667,8.935065463920733,True
TurbOPark 0.04,-0.18055555125077566,0.8470085541407267,8.387473755230682,0.7530125998727146,8.9778236194553,True
TurbOPark 0.04,-0.15277777413527172,0.8470085541407267,8.402392396019529,0.745847330325194,8.876606746889431,True
TurbOPark 0.04,-0.12499999701976776,0.8470085541407267,8.4025256792492,0.75546405863578,8.990916391978034,True
TurbOPark 0.04,-0.09722221990426382,0.8470085541407267,8.405244008813344,0.7552011406672207,8.984880627800361,True
TurbOPark 0.04,-0.06944444278875987,0.8470085541407267,8.405516481209581,0.7507682390298674,8.931851370563603,True
TurbOPark 0.04,-0.04166666567325592,0.8470085541407267,8.405410796023363,0.7476907822330088,8.895350868356662,True
TurbOPark 0.04,-0.013888888557751973,0.8470085541407267,8.405706781153194,0.7444529753488598,8.856518490723833,True
TurbOPark 0.04,0.013888888557751973,0.8470085541407267,8.388759206815616,0.7504899765399954,8.946376431096564,True
TurbOPark 0.04,0.04166666567325592,0.8470085541407267,8.378827663463499,0.7458168445756689,8.901207597667376,True
TurbOPark 0.04,0.06944444278875987,0.8470085541407267,8.381326385427379,0.7478859522487369,8.92324099857377,True
TurbOPark 0.04,0.09722221990426382,0.8470085541407267,8.376289220743708,0.7524325924168258,8.982886963280135,True
TurbOPark 0.04,0.12499999701976776,0.8470085541407267,8.360971407450336,0.7579203390803309,9.064979440127727,True
TurbOPark 0.04,0.15277777413527172,0.8470085541407267,8.358989899018823,0.7518408383489639,8.994398215952083,True
TurbOPark 0.04,0.18055555125077566,0.8470085541407267,8.352493146423338,0.7489568468052421,8.96686574506148,True
TurbOPark 0.04,0.2083333283662796,0.8470085541407267,8.319339992126299,0.7459637323969478,8.966621548139068,True
TurbOPark 0.04,0.23611110548178355,0.8470085541407267,8.302206513993568,0.7475637939321977,9.004398923011141,True
TurbOPark 0.04,0.2638888825972875,0.8470085541407267,8.273884438266933,0.7493797588920609,9.057169754827125,True
TurbOPark 0.04,0.29166665971279143,0.8470085541407267,8.252943995441843,0.7450409887559084,9.027578391025065,True
TurbOPark 0.04,0.3194444368282954,0.8470085541407267,8.233302725513619,0.7371819741492075,8.953660502058362,True
TurbOPark 0.04,0.3472222139437993,0.8470085541407267,8.207426529157802,0.7365248123085815,8.97388249157022,True
TurbOPark 0.04,0.37499999105930326,0.8470085541407267,8.166705294196381,0.7338600132673408,8.985998475895217,True
TurbOPark 0.04,0.4027777681748072,0.8470085541407267,8.133519335306294,0.7242739509978243,8.904803949427746,True
TurbOPark 0.04,0.4305555452903112,0.8470085541407267,8.090455497159818,0.7175797535819728,8.869460487532274,True
TurbOPark 0.04,-0.4305555452903112,0.8760683834552765,8.275947430865193,0.7494898231210522,9.056241951535672,True
TurbOPark 0.04,-0.4027777681748072,0.8760683834552765,8.292351159447522,0.7485814827017857,9.027373157598646,True
TurbOPark 0.04,-0.37499999105930326,0.8760683834552765,8.317340088699586,0.7522933509679665,9.04487904720976,True
TurbOPark 0.04,-0.3472222139437993,0.8760683834552765,8.34270474433085,0.7503954040245017,8.994629763619773,True
TurbOPark 0.04,-0.3194444368282954,0.8760683834552765,8.383367419485802,0.7364020128846713,8.784083722407562,True
TurbOPark 0.04,-0.29166665971279143,0.8760683834552765,8.401566541778276,0.7371603038600373,8.774081597692254,True
TurbOPark 0.04,-0.2638888825972875,0.8760683834552765,8.419068674707782,0.7438847309785664,8.835712829060466,True
TurbOPark 0.04,-0.23611110548178355,0.8760683834552765,8.42794714066803,0.7503001863817682,8.902526010886877,True
TurbOPark 0.04,-0.2083333283662796,0.8760683834552765,8.425004041359488,0.7591487020072102,9.010662763844934,True
TurbOPark 0.04,-0.18055555125077566,0.8760683834552765,8.441968023544321,0.7589011383912463,8.989623465460902,True
TurbOPark 0.04,-0.15277777413527172,0.8760683834552765,8.45682306449787,0.7559975273968921,8.939497984421648,True
TurbOPark 0.04,-0.12499999701976776,0.8760683834552765,8.462872064927693,0.7581996602117308,8.959129411324842,True
TurbOPark 0.04,-0.09722221990426382,0.8760683834552765,8.465391524278957,0.7596027612660967,8.973037562262027,True
TurbOPark 0.04,-0.06944444278875987,0.8760683834552765,8.453553673278122,0.7637104374243271,9.034193984459261,True
TurbOPark 0.04,-0.04166666567325592,0.8760683834552765,8.459158707114494,0.7538479937621088,8.91161899029146,True
TurbOPark 0.04,-0.013888888557751973,0.8760683834552765,8.448192214932506,0.74214917973186,8.784709921965112,True
TurbOPark 0.04,0.013888888557751973,0.8760683834552765,8.445983017092416,0.7505859736624686,8.886898921575888,True
TurbOPark 0.04,0.04166666567325592,0.8760683834552765,8.450343718874265,0.7527827594954143,8.908309348577577,True
TurbOPark 0.04,0.06944444278875987,0.8760683834552765,8.456453199650095,0.7521445122085456,8.89432595972585,True
TurbOPark 0.04,0.09722221990426382,0.8760683834552765,8.435683052072624,0.7580835061794018,8.986628604937245,True
TurbOPark 0.04,0.12499999701976776,0.8760683834552765,8.424211457969417,0.7629089741922178,9.056147011486704,True
TurbOPark 0.04,0.15277777413527172,0.8760683834552765,8.408558160817973,0.760987118665,9.050149908114237,True
TurbOPark 0.04,0.18055555125077566,0.8760683834552765,8.409579432741335,0.7548502417142406,8.976076006552166,True
TurbOPark 0.04,0.2083333283662796,0.8760683834552765,8.387199140267175,0.7548668432806154,9.000225589690352,True
TurbOPark 0.04,0.23611110548178355,0.8760683834552765,8.347883462776176,0.7540662315063231,9.033022979642201,True
TurbOPark 0.04,0.2638888825972875,0.8760683834552765,8.333585478226107,0.7515879504483396,9.018782520585884,True
TurbOPark 0.04,0.29166665971279143,0.8760683834552765,8.322715523689112,0.7520282963557811,9.035852471651443,True
TurbOPark 0.04,0.3194444368282954,0.8760683834552765,8.285891352261718,0.749443135679391,9.044810073147085,True
TurbOPark 0.04,0.3472222139437993,0.8760683834552765,8.26554025976936,0.7467748663364724,9.034798003116983,True
TurbOPark 0.04,0.37499999105930326,0.8760683834552765,8.233642083755166,0.7418894062218603,9.010464611834358,True
TurbOPark 0.04,0.4027777681748072,0.8760683834552765,8.205268153458645,0.7328994792193728,8.932060055958617,True
TurbOPark 0.04,0.4305555452903112,0.8760683834552765,8.17592730362031,0.7175011029226885,8.775776450519295,True
TurbOPark 0.04,-0.4027777681748072,0.9051282127698262,8.341277572463568,0.7498585667354966,8.989732810366464,True
TurbOPark 0.04,-0.37499999105930326,0.9051282127698262,8.37855939849229,0.7576220195481831,9.04239002810574,True
TurbOPark 0.04,-0.3472222139437993,0.9051282127698262,8.397726028700005,0.7597444765748955,9.047026230415216,True
TurbOPark 0.04,-0.3194444368282954,0.9051282127698262,8.429244426329522,0.7553236673093512,8.960751748401412,True
TurbOPark 0.04,-0.29166665971279143,0.9051282127698262,8.455221645289885,0.7555444960038392,8.93583311828055,True
TurbOPark 0.04,-0.2638888825972875,0.9051282127698262,8.481063671582364,0.7517407997568335,8.863756114409368,True
TurbOPark 0.04,-0.23611110548178355,0.9051282127698262,8.47280843738228,0.7628022257011194,9.002944316970671,True
TurbOPark 0.04,-0.2083333283662796,0.9051282127698262,8.465170640019332,0.765716774451305,9.04549721456715,True
TurbOPark 0.04,-0.18055555125077566,0.9051282127698262,8.493215536362468,0.766680131791956,9.026971333878512,True
TurbOPark 0.04,-0.15277777413527172,0.9051282127698262,8.507777089997807,0.7675384421006153,9.021609687011829,True
TurbOPark 0.04,-0.12499999701976776,0.9051282127698262,8.515398934670324,0.767079221162605,9.008141920861194,True
TurbOPark 0.04,-0.09722221990426382,0.9051282127698262,8.515205692859627,0.7676264996458646,9.014773422203447,True
TurbOPark 0.04,-0.06944444278875987,0.9051282127698262,8.522205382606346,0.7636695218911248,8.960937780844374,True
TurbOPark 0.04,-0.04166666567325592,0.9051282127698262,8.520368103370217,0.7637543848800643,8.96386606322751,True
TurbOPark 0.04,-0.013888888557751973,0.9051282127698262,8.528749049655294,0.7565638949433996,8.870748694076976,True
TurbOPark 0.04,0.013888888557751973,0.9051282127698262,8.510399947650061,0.7608591230056678,8.940345079971951,True
TurbOPark 0.04,0.04166666567325592,0.9051282127698262,8.51565027002923,0.7627925783658159,8.957537641610987,True
TurbOPark 0.04,0.06944444278875987,0.9051282127698262,8.503962187815032,0.7659469542169483,9.006942144150655,True
TurbOPark 0.04,0.09722221990426382,0.9051282127698262,8.491752906671126,0.7685332245241934,9.050348414170568,True
TurbOPark 0.04,0.12499999701976776,0.9051282127698262,8.491524362455808,0.7633250765969622,8.989258512545836,True
TurbOPark 0.04,0.15277777413527172,0.9051282127698262,8.465398185110015,0.7618663787065958,8.999770147217177,True
TurbOPark 0.04,0.18055555125077566,0.9051282127698262,8.450652381785924,0.7635882292051004,9.03584947892185,True
TurbOPark 0.04,0.2083333283662796,0.9051282127698262,8.438649097944198,0.762288665065413,9.03330208683662,True
TurbOPark 0.04,0.23611110548178355,0.9051282127698262,8.41283758935935,0.7618897836755809,9.056275906707477,True
TurbOPark 0.04,0.2638888825972875,0.9051282127698262,8.395412999604861,0.7587253599732038,9.037379816918047,True
TurbOPark 0.04,0.29166665971279143,0.9051282127698262,8.37838821513386,0.7582707926731458,9.050318190120187,True
TurbOPark 0.04,0.3194444368282954,0.9051282127698262,8.353822503986404,0.7565754511465568,9.056637853934802,True
TurbOPark 0.04,0.3472222139437993,0.9051282127698262,8.323492609545593,0.7537780861575173,9.056031182067315,True
TurbOPark 0.04,0.37499999105930326,0.9051282127698262,8.300676254664198,0.7524510316724663,9.064936501404446,True
TurbOPark 0.04,0.4027777681748072,0.9051282127698262,8.276270159231856,0.7434998233687702,8.983513213853044,True
TurbOPark 0.04,-0.37499999105930326,0.934188042084376,8.44427400325989,0.765452991044333,9.064757855427615,True
TurbOPark 0.04,-0.3472222139437993,0.934188042084376,8.470493421139196,0.7635478647582314,9.014207635799592,True
TurbOPark 0.04,-0.3194444368282954,0.934188042084376,8.483961999004743,0.7668664614238829,9.039013393905398,True
TurbOPark 0.04,-0.29166665971279143,0.934188042084376,8.50211200876936,0.7669996254825571,9.021283472758865,True
TurbOPark 0.04,-0.2638888825972875,0.934188042084376,8.523856291789143,0.7648986248145996,8.973621781392664,True
TurbOPark 0.04,-0.23611110548178355,0.934188042084376,8.533430181817044,0.76883773114877,9.009714906755814,True
TurbOPark 0.04,-0.2083333283662796,0.934188042084376,8.542233202764136,0.7730829318427835,9.05012674662904,True
TurbOPark 0.04,-0.18055555125077566,0.934188042084376,8.550706379356718,0.7758294863520168,9.073279468758738,True
TurbOPark 0.04,-0.15277777413527172,0.934188042084376,8.571907793543145,0.7673025942083208,8.95136313512725,True
TurbOPark 0.04,-0.12499999701976776,0.934188042084376,8.579016632108187,0.768298990261802,8.955560097486396,True
TurbOPark 0.04,-0.09722221990426382,0.934188042084376,8.58927173643072,0.7697641697562252,8.961925916155746,True
TurbOPark 0.04,-0.06944444278875987,0.934188042084376,8.593677532038987,0.7637555622612096,8.887412396075751,True
TurbOPark 0.04,-0.04166666567325592,0.934188042084376,8.595467630388312,0.7655360154194675,8.906275357410466,True
TurbOPark 0.04,-0.013888888557751973,0.934188042084376,8.605700975996086,0.7544473322865921,8.766831829167373,True
TurbOPark 0.04,0.013888888557751973,0.934188042084376,8.597812931209925,0.7584703050395346,8.821665592261253,True
TurbOPark 0.04,0.04166666567325592,0.934188042084376,8.586741952791307,0.7590226660546884,8.839472179642613,True
TurbOPark 0.04,0.06944444278875987,0.934188042084376,8.55746735601933,0.7705074853756959,9.003919656599335,True
TurbOPark 0.04,0.09722221990426382,0.934188042084376,8.536376111978763,0.767482190875466,8.990726050583552,True
TurbOPark 0.04,0.12499999701976776,0.934188042084376,8.548250120190872,0.7663709257606925,8.965237504580417,True
TurbOPark 0.04,0.15277777413527172,0.934188042084376,8.522850839339489,0.765239496039086,8.978679909625066,True
TurbOPark 0.04,0.18055555125077566,0.934188042084376,8.500957509123285,0.7619024542446148,8.962548670863676,True
TurbOPark 0.04,0.2083333283662796,0.934188042084376,8.493427306384804,0.7604518095421784,8.953415177528163,True
TurbOPark 0.04,0.23611110548178355,0.934188042084376,8.474468083355225,0.7632709503167595,9.006712194903495,True
TurbOPark 0.04,0.2638888825972875,0.934188042084376,8.452312360800352,0.7636374745284499,9.034657522478746,True
TurbOPark 0.04,0.29166665971279143,0.934188042084376,8.447531427186489,0.7633287347845334,9.03611595131722,True
TurbOPark 0.04,0.3194444368282954,0.934188042084376,8.431264112424406,0.7606722652055101,9.022042899647454,True
TurbOPark 0.04,0.3472222139437993,0.934188042084376,8.391639561095445,0.7568437010972275,9.019020604817648,True
TurbOPark 0.04,0.37499999105930326,0.934188042084376,8.361919443536184,0.7533019837795865,9.008720890774589,True
TurbOPark 0.04,-0.3472222139437993,0.9632478713989258,8.536846943924214,0.7693039438669309,9.011570067031068,True
TurbOPark 0.04,-0.3194444368282954,0.9632478713989258,8.537553325058902,0.7675605619216453,8.990404307856545,True
TurbOPark 0.04,-0.29166665971279143,0.9632478713989258,8.568709762026893,0.7732553225839837,9.024174514706322,True
TurbOPark 0.04,-0.2638888825972875,0.9632478713989258,8.590889319255524,0.7758586465390566,9.031179633522406,True
TurbOPark 0.04,-0.23611110548178355,0.9632478713989258,8.607228659804202,0.7750525995175681,9.004670726793485,True
TurbOPark 0.04,-0.2083333283662796,0.9632478713989258,8.604897546552683,0.7800142762003044,9.06477121872062,True
TurbOPark 0.04,-0.18055555125077566,0.9632478713989258,8.61693032677471,0.7779028603978513,9.02760995967131,True
TurbOPark 0.04,-0.15277777413527172,0.9632478713989258,8.62730534825922,0.7786675756135862,9.025617434193428,True
TurbOPark 0.04,-0.12499999701976776,0.9632478713989258,8.646550831605401,0.7753837915862019,8.967550260064067,True
TurbOPark 0.04,-0.09722221990426382,0.9632478713989258,8.649293661926544,0.7750953398755265,8.96137153126654,True
TurbOPark 0.04,-0.06944444278875987,0.9632478713989258,8.661654787816005,0.7690747256469314,8.879073854672173,True
TurbOPark 0.04,-0.04166666567325592,0.9632478713989258,8.677487527756401,0.7536606642885838,8.685240536248235,True
TurbOPark 0.04,-0.013888888557751973,0.9632478713989258,8.676238677438189,0.7508686535086265,8.654310714863064,True
TurbOPark 0.04,0.013888888557751973,0.9632478713989258,8.657067162620988,0.7660529062148802,8.84887331731122,True
TurbOPark 0.04,0.04166666567325592,0.9632478713989258,8.646945841090458,0.7623525773358042,8.81643751847143,True
TurbOPark 0.04,0.06944444278875987,0.9632478713989258,8.613110251346411,0.7739886056345029,8.986168562204485,True
TurbOPark 0.04,0.09722221990426382,0.9632478713989258,8.606205300820324,0.7747644632968967,9.002393461646191,True
TurbOPark 0.04,0.12499999701976776,0.9632478713989258,8.58038458918732,0.7702455607403936,8.9768186114994,True
TurbOPark 0.04,0.15277777413527172,0.9632478713989258,8.579108873517075,0.7727011866187656,9.00677678778531,True
TurbOPark 0.04,0.18055555125077566,0.9632478713989258,8.563756945667214,0.7746840432141829,9.046076951146192,True
TurbOPark 0.04,0.2083333283662796,0.9632478713989258,8.55032120569887,0.7660144843069714,8.958897167470333,True
TurbOPark 0.04,0.23611110548178355,0.9632478713989258,8.529722663332448,0.7646343185090526,8.964351464744109,True
TurbOPark 0.04,0.2638888825972875,0.9632478713989258,8.50434884905848,0.7605042985486261,8.942534132202512,True
TurbOPark 0.04,0.29166665971279143,0.9632478713989258,8.49850033964387,0.7646109348839997,8.997010111504457,True
TurbOPark 0.04,0.3194444368282954,0.9632478713989258,8.481313197415497,0.7688089406928984,9.064739419447179,True
TurbOPark 0.04,0.3472222139437993,0.9632478713989258,8.454496558321274,0.7638358496940701,9.034669828356256,True
TurbOPark 0.04,-0.3194444368282954,0.9923077007134755,8.617259782580684,0.7769472368032657,9.016175169441007,True
TurbOPark 0.04,-0.29166665971279143,0.9923077007134755,8.634154447716789,0.7810412821974725,9.045949860255403,True
TurbOPark 0.04,-0.2638888825972875,0.9923077007134755,8.639555360385119,0.7807631568447215,9.037075685917221,True
TurbOPark 0.04,-0.23611110548178355,0.9923077007134755,8.653085983891996,0.7849370310313913,9.071180299058364,True
TurbOPark 0.04,-0.2083333283662796,0.9923077007134755,8.673642773949089,0.7870905406204868,9.074509535768284,True
TurbOPark 0.04,-0.18055555125077566,0.9923077007134755,8.69329797611564,0.7834165404277554,9.011729985330648,True
TurbOPark 0.04,-0.15277777413527172,0.9923077007134755,8.707901803825497,0.7668736415477484,8.806640897246346,True
TurbOPark 0.04,-0.12499999701976776,0.9923077007134755,8.719112693000694,0.7713713166306784,8.846901557424532,True
TurbOPark 0.04,-0.09722221990426382,0.9923077007134755,8.70183732806487,0.7855348947493705,9.027230286365961,True
TurbOPark 0.04,-0.06944444278875987,0.9923077007134755,8.72057478982551,0.7791536045968366,8.934658819805003,True
TurbOPark 0.04,-0.04166666567325592,0.9923077007134755,8.722255417416312,0.7772069285867441,8.910618772236857,True
TurbOPark 0.04,-0.013888888557751973,0.9923077007134755,8.726357468026444,0.7710706778504702,8.83611152391693,True
TurbOPark 0.04,0.013888888557751973,0.9923077007134755,8.719161916542248,0.7697719459695173,8.828508443100288,True
TurbOPark 0.04,0.04166666567325592,0.9923077007134755,8.700025126857753,0.7742922141938046,8.8998848038208,True
TurbOPark 0.04,0.06944444278875987,0.9923077007134755,8.669076929671734,0.7798202408522418,8.995424163132565,True
TurbOPark 0.04,0.09722221990426382,0.9923077007134755,8.662308015518779,0.7834892786980083,9.04480973540036,True
TurbOPark 0.04,0.12499999701976776,0.9923077007134755,8.653266914266561,0.7800789819480468,9.014849416720727,True
TurbOPark 0.04,0.15277777413527172,0.9923077007134755,8.646350928963644,0.7803472600041045,9.025162943480451,True
TurbOPark 0.04,0.18055555125077566,0.9923077007134755,8.627891390379297,0.7745967625335108,8.977822361060786,True
TurbOPark 0.04,0.2083333283662796,0.9923077007134755,8.621231891478077,0.7741271011431378,8.979309579972528,True
TurbOPark 0.04,0.23611110548178355,0.9923077007134755,8.612053788032206,0.7716090203330144,8.95964005015024,True
TurbOPark 0.04,0.2638888825972875,0.9923077007134755,8.59594739894869,0.778129199697036,9.052279679982727,True
TurbOPark 0.04,0.29166665971279143,0.9923077007134755,8.587883008660148,0.7784981521121924,9.065076356153703,True
TurbOPark 0.04,0.3194444368282954,0.9923077007134755,8.559022615668065,0.7758026944401569,9.064150537702517,True
TurbOPark 0.04,-0.29166665971279143,1.0213675300280254,8.707871885592606,0.7849432378908854,9.014179907602841,True
TurbOPark 0.04,-0.2638888825972875,1.0213675300280254,8.719251327097927,0.7817571661805354,8.965874899728709,True
TurbOPark 0.04,-0.23611110548178355,1.0213675300280254,8.726222663907054,0.7850157970863576,8.996055078141644,True
TurbOPark 0.04,-0.2083333283662796,1.0213675300280254,8.740570349358151,0.7907112807321869,9.046449477867899,True
TurbOPark 0.04,-0.18055555125077566,1.0213675300280254,8.749139464121,0.7903658516796768,9.033641021735415,True
TurbOPark 0.04,-0.15277777413527172,1.0213675300280254,8.77681610531714,0.7796022513657151,8.88251778333853,True
TurbOPark 0.04,-0.12499999701976776,1.0213675300280254,8.790072824349101,0.7706147024563951,8.766875062988555,True
TurbOPark 0.04,-0.09722221990426382,1.0213675300280254,8.788618853738196,0.7801372138536073,8.876675924133174,True
TurbOPark 0.04,-0.06944444278875987,1.0213675300280254,8.791178289177262,0.7809753253342028,8.883625148356442,True
TurbOPark 0.04,-0.04166666567325592,1.0213675300280254,8.783156494903288,0.7869218656853132,8.959442612026214,True
TurbOPark 0.04,-0.013888888557751973,1.0213675300280254,8.79069232604394,0.778929661927204,8.860845460595757,True
TurbOPark 0.04,0.013888888557751973,1.0213675300280254,8.767988639120029,0.7832953883182635,8.93358124146562,True
TurbOPark 0.04,0.04166666567325592,1.0213675300280254,8.75924757500323,0.7852586243122238,8.96490957229205,True
TurbOPark 0.04,0.06944444278875987,1.0213675300280254,8.741174242505608,0.7878819602638769,9.013456755416822,True
TurbOPark 0.04,0.09722221990426382,1.0213675300280254,8.719095508056547,0.7793437142108941,8.93835505633321,True
TurbOPark 0.04,0.12499999701976776,1.0213675300280254,8.718055619110205,0.7827812148319839,8.978850893266925,True
TurbOPark 0.04,0.15277777413527172,1.0213675300280254,8.71935229419557,0.7834829581906533,8.985563740923899,True
TurbOPark 0.04,0.18055555125077566,1.0213675300280254,8.698778052761103,0.7826106629736886,8.996788494049209,True
TurbOPark 0.04,0.2083333283662796,1.0213675300280254,8.695641345296185,0.7803131135319658,8.973611980375292,True
TurbOPark 0.04,0.23611110548178355,1.0213675300280254,8.684375826204842,0.7793924986321229,8.974651883216863,True
TurbOPark 0.04,0.2638888825972875,1.0213675300280254,8.674956711688226,0.7818024496932555,9.012176955763847,True
TurbOPark 0.04,0.29166665971279143,1.0213675300280254,8.641823828520373,0.7816926859243613,9.045459632543798,True
TurbOPark 0.04,-0.23611110548178355,1.050427359342575,8.798107795967196,0.7938850231333128,9.023360949239645,True
TurbOPark 0.04,-0.2083333283662796,1.050427359342575,8.8167847107735,0.7960837412908223,9.029184304773406,True
TurbOPark 0.04,-0.18055555125077566,1.050427359342575,8.822173123282157,0.7972472751525993,9.036858198221296,True
TurbOPark 0.04,-0.15277777413527172,1.050427359342575,8.851641683454782,0.7823924567709633,8.838953097631453,True
TurbOPark 0.04,-0.12499999701976776,1.050427359342575,8.86046700708456,0.7780170205946944,8.78076764997393,True
TurbOPark 0.04,-0.09722221990426382,1.050427359342575,8.864257896971367,0.7725886837179468,8.715773984666168,True
TurbOPark 0.04,-0.06944444278875987,1.050427359342575,8.854041991639663,0.7878520643815476,8.898219198931615,True
TurbOPark 0.04,-0.04166666567325592,1.050427359342575,8.846781763485804,0.7913776422957621,8.945373170185945,True
TurbOPark 0.04,-0.013888888557751973,1.050427359342575,8.859235441622987,0.7790644087292634,8.7938108639603,True
TurbOPark 0.04,0.013888888557751973,1.050427359342575,8.839696804000113,0.7914108523613954,8.952918520952762,True
TurbOPark 0.04,0.04166666567325592,1.050427359342575,8.826230846061513,0.7920793771559703,8.97415205845671,True
TurbOPark 0.04,0.06944444278875987,1.050427359342575,8.818616283897596,0.7956217264983616,9.022069913067106,True
TurbOPark 0.04,0.09722221990426382,1.050427359342575,8.797943639785553,0.7925591954899714,9.008459566686767,True
TurbOPark 0.04,0.12499999701976776,1.050427359342575,8.794060597300957,0.79489243438425,9.038969263279988,True
TurbOPark 0.04,0.15277777413527172,1.050427359342575,8.781810229930688,0.7917415664567528,9.01569887901121,True
TurbOPark 0.04,0.18055555125077566,1.050427359342575,8.782558663112194,0.7909820717934063,9.006282817279962,True
TurbOPark 0.04,0.2083333283662796,1.050427359342575,8.772754397140474,0.7945549212750305,9.057074725972265,True
TurbOPark 0.04,0.23611110548178355,1.050427359342575,8.756025442379885,0.7934558906373542,9.061827148159738,True
TurbOPark 0.04,-0.2083333283662796,1.079487188657125,8.879661701593859,0.7973524846741624,8.979536737655684,True
TurbOPark 0.04,-0.18055555125077566,1.079487188657125,8.879554717545536,0.7908075828872295,8.905937381349034,True
TurbOPark 0.04,-0.15277777413527172,1.079487188657125,8.910404190113717,0.7962453055093237,8.936130039900714,True
TurbOPark 0.04,-0.12499999701976776,1.079487188657125,8.918943741887913,0.7943774274796281,8.906631216304529,True
TurbOPark 0.04,-0.09722221990426382,1.079487188657125,8.93786031339598,0.774445284408151,8.664772744852812,True
TurbOPark 0.04,-0.06944444278875987,1.079487188657125,8.920081644963362,0.7951946565077213,8.9146567056,True
TurbOPark 0.04,-0.04166666567325592,1.079487188657125,8.894584694125715,0.8005923754464366,9.000896646418747,True
TurbOPark 0.04,-0.013888888557751973,1.079487188657125,8.897178144208826,0.7973209951450445,8.961504223269046,True
TurbOPark 0.04,0.013888888557751973,1.079487188657125,8.899754564767006,0.7991235197232426,8.979163570272721,True
TurbOPark 0.04,0.04166666567325592,1.079487188657125,8.90093506385717,0.7987332470116552,8.973588070032818,True
TurbOPark 0.04,0.06944444278875987,1.079487188657125,8.888446549573557,0.8036368853078141,9.041364886717695,True
TurbOPark 0.04,0.09722221990426382,1.079487188657125,8.870819370642153,0.8031520454961774,9.053865397757926,True
TurbOPark 0.04,0.12499999701976776,1.079487188657125,8.853333911993046,0.8018406908246463,9.056934921865354,True
TurbOPark 0.04,0.15277777413527172,1.079487188657125,8.844321163678394,0.8010411608247359,9.05712429478962,True
TurbOPark 0.04,0.18055555125077566,1.079487188657125,8.848515144858617,0.7999087943634554,9.040034189558213,True
TurbOPark 0.04,0.2083333283662796,1.079487188657125,8.840631329700225,0.8010104892723146,9.060557548433318,True
TurbOPark 0.04,-0.12499999701976776,1.1085470179716745,8.992345889325092,0.7943223723158376,8.833316490403089,True
TurbOPark 0.04,-0.09722221990426382,1.1085470179716745,8.97855196316611,0.803515313378827,8.94927507993709,True
TurbOPark 0.04,-0.06944444278875987,1.1085470179716745,8.977903575667268,0.805585445571706,8.97297947992087,True
TurbOPark 0.04,-0.04166666567325592,1.1085470179716745,8.960585104052983,0.8115584258739404,9.056980280304046,True
TurbOPark 0.04,-0.013888888557751973,1.1085470179716745,8.958042154170844,0.8095375084685933,9.036991504797445,True
TurbOPark 0.04,0.013888888557751973,1.1085470179716745,8.943802085546976,0.8089379791780145,9.044676653626356,True
TurbOPark 0.04,0.04166666567325592,1.1085470179716745,8.948413978369766,0.8121337259790753,9.075728145145906,True
TurbOPark 0.04,0.06944444278875987,1.1085470179716745,8.938008794421904,0.8077251450273184,9.03696968312908,True
TurbOPark 0.04,0.09722221990426382,1.1085470179716745,8.930908392909478,0.8059139788650144,9.023874654283254,True
TurbOPark 0.04,0.12499999701976776,1.1085470179716745,8.931043929720344,0.8042446985209574,9.005046944676048,True
