TI_label,TI_input,TI_input_percent,model,model_label,y_rel_m,y_over_D,inside_rotor,U_model_mps,TI_model,TI_model_percent,U_LES_mps,TI_LES,TI_LES_percent
6.4%,0.0642,6.419999999999999,BPA2014,BPA2014,-360.0,-1.5,False,8.584001809351504,0.11714134603409432,11.714134603409432,8.2632875,0.08397083333333333,8.397083333333333
6.4%,0.0642,6.419999999999999,BPA2014,BPA2014,-336.0,-1.4,False,8.633340132955565,0.11714134603409432,11.714134603409432,8.315266666666666,0.08191666666666667,8.191666666666666
6.4%,0.0642,6.419999999999999,BPA2014,BPA2014,-312.0,-1.3,False,8.671119495733967,0.11714134603409432,11.714134603409432,8.355883333333335,0.079275,7.9275
6.4%,0.0642,6.419999999999999,BPA2014,BPA2014,-288.0,-1.2,False,8.699951635727064,0.11714134603409432,11.714134603409432,8.3695875,0.07785,7.785
6.4%,0.0642,6.419999999999999,BPA2014,BPA2014,-264.0,-1.1,False,8.721890854269411,0.11714134603409432,11.714134603409432,8.3759625,0.07729166666666666,7.729166666666666
6.4%,0.0642,6.419999999999999,BPA2014,BPA2014,-240.0,-1.0,False,8.738329103624794,0.11714134603409432,11.714134603409432,8.375008333333334,0.077625,7.7625
6.4%,0.0642,6.419999999999999,BPA2014,BPA2014,-216.0,-0.9,False,8.750010171159154,0.11714134603409432,11.714134603409432,8.3722125,0.07754166666666668,7.754166666666667
6.4%,0.0642,6.419999999999999,BPA2014,BPA2014,-192.0,-0.8,False,8.75712060473875,0.11714134603409432,11.714134603409432,8.372120833333334,0.07950833333333333,7.950833333333334
6.4%,0.0642,6.419999999999999,BPA2014,BPA2014,-168.0,-0.7,False,8.759421403074125,0.11714134603409432,11.714134603409432,8.395104166666666,0.08047499999999999,8.0475
6.4%,0.0642,6.419999999999999,BPA2014,BPA2014,-144.0,-0.6,False,8.756394948270506,0.11714134603409432,11.714134603409432,8.408004166666666,0.0812875,8.12875
6.4%,0.0642,6.419999999999999,BPA2014,BPA2014,-120.0,-0.5,True,8.747391862391575,0.13173955206037646,13.173955206037647,8.398683333333333,0.0823,8.23
6.4%,0.0642,6.419999999999999,BPA2014,BPA2014,-96.0,-0.4,True,8.73176996186122,0.13173955206037646,13.173955206037647,8.3687125,0.08320833333333334,8.320833333333335
6.4%,0.0642,6.419999999999999,BPA2014,BPA2014,-72.0,-0.3,True,8.709021525712231,0.13173955206037646,13.173955206037647,8.326408333333333,0.08410416666666667,8.410416666666668
6.4%,0.0642,6.419999999999999,BPA2014,BPA2014,-48.0,-0.2,True,8.678886152498677,0.13173955206037646,13.173955206037647,8.278204166666667,0.0857875,8.57875
6.4%,0.0642,6.419999999999999,BPA2014,BPA2014,-24.0,-0.1,True,8.641445635719492,0.13173955206037646,13.173955206037647,8.233437499999999,0.08675416666666667,8.675416666666667
6.4%,0.0642,6.419999999999999,BPA2014,BPA2014,0.0,0.0,True,8.597195758772386,0.13173955206037646,13.173955206037647,8.177191666666666,0.086725,8.6725
6.4%,0.0642,6.419999999999999,BPA2014,BPA2014,24.0,0.1,True,8.547088758264962,0.13173955206037646,13.173955206037647,8.11985,0.0876875,8.76875
6.4%,0.0642,6.419999999999999,BPA2014,BPA2014,48.0,0.2,True,8.492540177915508,0.13173955206037646,13.173955206037647,8.045795833333333,0.08802916666666666,8.802916666666667
6.4%,0.0642,6.419999999999999,BPA2014,BPA2014,72.0,0.3,True,8.435395315616171,0.13173955206037646,13.173955206037647,7.992312500000001,0.08847916666666668,8.847916666666668
6.4%,0.0642,6.419999999999999,BPA2014,BPA2014,96.0,0.4,True,8.377853465250945,0.13173955206037646,13.173955206037647,7.971504166666666,0.087875,8.7875
6.4%,0.0642,6.419999999999999,BPA2014,BPA2014,120.0,0.5,True,8.322352346977846,0.13173955206037646,13.173955206037647,7.900383333333333,0.08824166666666666,8.824166666666667
6.4%,0.0642,6.419999999999999,BPA2014,BPA2014,144.0,0.6,False,8.27141990588632,0.13173955206037646,13.173955206037647,7.8137875,0.08926666666666666,8.926666666666666
6.4%,0.0642,6.419999999999999,BPA2014,BPA2014,168.0,0.7,False,8.22750526512545,0.13173955206037646,13.173955206037647,7.7564625,0.08883333333333333,8.883333333333333
6.4%,0.0642,6.419999999999999,BPA2014,BPA2014,192.0,0.8,False,8.19280422660672,0.13173955206037646,13.173955206037647,7.7120999999999995,0.08899166666666665,8.899166666666664
6.4%,0.0642,6.419999999999999,BPA2014,BPA2014,216.0,0.9,False,8.169096603751719,0.13173955206037646,13.173955206037647,7.672833333333334,0.08954166666666667,8.954166666666667
6.4%,0.0642,6.419999999999999,BPA2014,BPA2014,240.0,1.0,False,8.157612373624962,0.13173955206037646,13.173955206037647,7.6561375,0.08814583333333334,8.814583333333333
6.4%,0.0642,6.419999999999999,BPA2014,BPA2014,264.0,1.1,False,8.158941025556501,0.13173955206037646,13.173955206037647,7.682908333333333,0.08612916666666667,8.612916666666667
6.4%,0.0642,6.419999999999999,BPA2014,BPA2014,288.0,1.2,False,8.172993825699558,0.13173955206037646,13.173955206037647,7.7153375,0.08383333333333333,8.383333333333333
6.4%,0.0642,6.419999999999999,BPA2014,BPA2014,312.0,1.3,False,8.199022631549802,0.13173955206037646,13.173955206037647,7.762645833333334,0.08387916666666667,8.387916666666667
6.4%,0.0642,6.419999999999999,BPA2014,BPA2014,336.0,1.4,False,8.23569223516292,0.13173955206037646,13.173955206037647,7.799054166666666,0.083925,8.3925
6.4%,0.0642,6.419999999999999,BPA2014,BPA2014,360.0,1.5,False,8.281196902700504,0.13173955206037646,13.173955206037647,7.8517125,0.0846125,8.46125
6.4%,0.0642,6.419999999999999,NPA2016,NPA2016,-360.0,-1.5,False,8.692030788714836,0.13006038324137856,13.006038324137856,8.2632875,0.08397083333333333,8.397083333333333
6.4%,0.0642,6.419999999999999,NPA2016,NPA2016,-336.0,-1.4,False,8.733614631076463,0.13006038324137856,13.006038324137856,8.315266666666666,0.08191666666666667,8.191666666666666
6.4%,0.0642,6.419999999999999,NPA2016,NPA2016,-312.0,-1.3,False,8.766063900119784,0.10355678384340902,10.355678384340901,8.355883333333335,0.079275,7.9275
6.4%,0.0642,6.419999999999999,NPA2016,NPA2016,-288.0,-1.2,False,8.789983251927572,0.10355678384340902,10.355678384340901,8.3695875,0.07785,7.785
6.4%,0.0642,6.419999999999999,NPA2016,NPA2016,-264.0,-1.1,False,8.806197490577874,0.10355678384340902,10.355678384340901,8.3759625,0.07729166666666666,7.729166666666666
6.4%,0.0642,6.419999999999999,NPA2016,NPA2016,-240.0,-1.0,False,8.815591804310742,0.10355678384340902,10.355678384340901,8.375008333333334,0.077625,7.7625
6.4%,0.0642,6.419999999999999,NPA2016,NPA2016,-216.0,-0.9,False,8.819055342164116,0.11498986012788875,11.498986012788876,8.3722125,0.07754166666666668,7.754166666666667
6.4%,0.0642,6.419999999999999,NPA2016,NPA2016,-192.0,-0.8,False,8.817399163978095,0.11498986012788875,11.498986012788876,8.372120833333334,0.07950833333333333,7.950833333333334
6.4%,0.0642,6.419999999999999,NPA2016,NPA2016,-168.0,-0.7,False,8.81134732934287,0.11498986012788875,11.498986012788876,8.395104166666666,0.08047499999999999,8.0475
6.4%,0.0642,6.419999999999999,NPA2016,NPA2016,-144.0,-0.6,False,8.801531885035468,0.11498986012788875,11.498986012788876,8.408004166666666,0.0812875,8.12875
6.4%,0.0642,6.419999999999999,NPA2016,NPA2016,-120.0,-0.5,True,8.788500513817002,0.11498986012788875,11.498986012788876,8.398683333333333,0.0823,8.23
6.4%,0.0642,6.419999999999999,NPA2016,NPA2016,-96.0,-0.4,True,8.77274100379109,0.11498986012788875,11.498986012788876,8.3687125,0.08320833333333334,8.320833333333335
6.4%,0.0642,6.419999999999999,NPA2016,NPA2016,-72.0,-0.3,True,8.754716827278006,0.11498986012788875,11.498986012788876,8.326408333333333,0.08410416666666667,8.410416666666668
6.4%,0.0642,6.419999999999999,NPA2016,NPA2016,-48.0,-0.2,True,8.734884114728807,0.11498986012788875,11.498986012788876,8.278204166666667,0.0857875,8.57875
6.4%,0.0642,6.419999999999999,NPA2016,NPA2016,-24.0,-0.1,True,8.713720498094084,0.11498986012788875,11.498986012788876,8.233437499999999,0.08675416666666667,8.675416666666667
6.4%,0.0642,6.419999999999999,NPA2016,NPA2016,0.0,0.0,True,8.691732485110169,0.11498986012788875,11.498986012788876,8.177191666666666,0.086725,8.6725
6.4%,0.0642,6.419999999999999,NPA2016,NPA2016,24.0,0.1,True,8.66946728472788,0.11498986012788875,11.498986012788876,8.11985,0.0876875,8.76875
6.4%,0.0642,6.419999999999999,NPA2016,NPA2016,48.0,0.2,True,8.647506809554123,0.11498986012788875,11.498986012788876,8.045795833333333,0.08802916666666666,8.802916666666667
6.4%,0.0642,6.419999999999999,NPA2016,NPA2016,72.0,0.3,True,8.626454386682319,0.11498986012788875,11.498986012788876,7.992312500000001,0.08847916666666668,8.847916666666668
6.4%,0.0642,6.419999999999999,NPA2016,NPA2016,96.0,0.4,True,8.606931439340686,0.11498986012788875,11.498986012788876,7.971504166666666,0.087875,8.7875
6.4%,0.0642,6.419999999999999,NPA2016,NPA2016,120.0,0.5,True,8.589541985582718,0.11498986012788875,11.498986012788876,7.900383333333333,0.08824166666666666,8.824166666666667
6.4%,0.0642,6.419999999999999,NPA2016,NPA2016,144.0,0.6,False,8.574858188265123,0.11498986012788875,11.498986012788876,7.8137875,0.08926666666666666,8.926666666666666
6.4%,0.0642,6.419999999999999,NPA2016,NPA2016,168.0,0.7,False,8.563385808406515,0.11498986012788875,11.498986012788876,7.7564625,0.08883333333333333,8.883333333333333
6.4%,0.0642,6.419999999999999,NPA2016,NPA2016,192.0,0.8,False,8.555555517040704,0.11498986012788875,11.498986012788876,7.7120999999999995,0.08899166666666665,8.899166666666664
6.4%,0.0642,6.419999999999999,NPA2016,NPA2016,216.0,0.9,False,8.551683010965606,0.11498986012788875,11.498986012788876,7.672833333333334,0.08954166666666667,8.954166666666667
6.4%,0.0642,6.419999999999999,NPA2016,NPA2016,240.0,1.0,False,8.551969333779285,0.11498986012788875,11.498986012788876,7.6561375,0.08814583333333334,8.814583333333333
6.4%,0.0642,6.419999999999999,NPA2016,NPA2016,264.0,1.1,False,8.556474734016664,0.11498986012788875,11.498986012788876,7.682908333333333,0.08612916666666667,8.612916666666667
6.4%,0.0642,6.419999999999999,NPA2016,NPA2016,288.0,1.2,False,8.56512864446019,0.11498986012788875,11.498986012788876,7.7153375,0.08383333333333333,8.383333333333333
6.4%,0.0642,6.419999999999999,NPA2016,NPA2016,312.0,1.3,False,8.577717742987225,0.11498986012788875,11.498986012788876,7.762645833333334,0.08387916666666667,8.387916666666667
6.4%,0.0642,6.419999999999999,NPA2016,NPA2016,336.0,1.4,False,8.593894989318688,0.11498986012788875,11.498986012788876,7.799054166666666,0.083925,8.3925
6.4%,0.0642,6.419999999999999,NPA2016,NPA2016,360.0,1.5,False,8.613191154495619,0.11498986012788875,11.498986012788876,7.8517125,0.0846125,8.46125
6.4%,0.0642,6.419999999999999,Nygaard2022,"TurbOPark, A=0.04",-360.0,-1.5,False,7.165825691427106,0.0642,6.419999999999999,8.2632875,0.08397083333333333,8.397083333333333
6.4%,0.0642,6.419999999999999,Nygaard2022,"TurbOPark, A=0.04",-336.0,-1.4,False,7.362887308736697,0.0642,6.419999999999999,8.315266666666666,0.08191666666666667,8.191666666666666
6.4%,0.0642,6.419999999999999,Nygaard2022,"TurbOPark, A=0.04",-312.0,-1.3,False,7.535147228044608,0.0642,6.419999999999999,8.355883333333335,0.079275,7.9275
6.4%,0.0642,6.419999999999999,Nygaard2022,"TurbOPark, A=0.04",-288.0,-1.2,False,7.63608357827812,0.0642,6.419999999999999,8.3695875,0.07785,7.785
6.4%,0.0642,6.419999999999999,Nygaard2022,"TurbOPark, A=0.04",-264.0,-1.1,False,7.648215060493275,0.0642,6.419999999999999,8.3759625,0.07729166666666666,7.729166666666666
6.4%,0.0642,6.419999999999999,Nygaard2022,"TurbOPark, A=0.04",-240.0,-1.0,False,7.593908128164797,0.0642,6.419999999999999,8.375008333333334,0.077625,7.7625
6.4%,0.0642,6.419999999999999,Nygaard2022,"TurbOPark, A=0.04",-216.0,-0.9,False,7.517953145991551,0.0642,6.419999999999999,8.3722125,0.07754166666666668,7.754166666666667
6.4%,0.0642,6.419999999999999,Nygaard2022,"TurbOPark, A=0.04",-192.0,-0.8,False,7.461982563114083,0.0642,6.419999999999999,8.372120833333334,0.07950833333333333,7.950833333333334
6.4%,0.0642,6.419999999999999,Nygaard2022,"TurbOPark, A=0.04",-168.0,-0.7,False,7.451240534713732,0.0642,6.419999999999999,8.395104166666666,0.08047499999999999,8.0475
6.4%,0.0642,6.419999999999999,Nygaard2022,"TurbOPark, A=0.04",-144.0,-0.6,False,7.492651170499912,0.0642,6.419999999999999,8.408004166666666,0.0812875,8.12875
6.4%,0.0642,6.419999999999999,Nygaard2022,"TurbOPark, A=0.04",-120.0,-0.5,True,7.576722213803617,0.0642,6.419999999999999,8.398683333333333,0.0823,8.23
6.4%,0.0642,6.419999999999999,Nygaard2022,"TurbOPark, A=0.04",-96.0,-0.4,True,7.681501531428822,0.0642,6.419999999999999,8.3687125,0.08320833333333334,8.320833333333335
6.4%,0.0642,6.419999999999999,Nygaard2022,"TurbOPark, A=0.04",-72.0,-0.3,True,7.778514703069132,0.0642,6.419999999999999,8.326408333333333,0.08410416666666667,8.410416666666668
6.4%,0.0642,6.419999999999999,Nygaard2022,"TurbOPark, A=0.04",-48.0,-0.2,True,7.842003345407017,0.0642,6.419999999999999,8.278204166666667,0.0857875,8.57875
6.4%,0.0642,6.419999999999999,Nygaard2022,"TurbOPark, A=0.04",-24.0,-0.1,True,7.859451409038925,0.0642,6.419999999999999,8.233437499999999,0.08675416666666667,8.675416666666667
6.4%,0.0642,6.419999999999999,Nygaard2022,"TurbOPark, A=0.04",0.0,0.0,True,7.835712506427,0.0642,6.419999999999999,8.177191666666666,0.086725,8.6725
6.4%,0.0642,6.419999999999999,Nygaard2022,"TurbOPark, A=0.04",24.0,0.1,True,7.785441896022867,0.0642,6.419999999999999,8.11985,0.0876875,8.76875
6.4%,0.0642,6.419999999999999,Nygaard2022,"TurbOPark, A=0.04",48.0,0.2,True,7.719193492653115,0.0642,6.419999999999999,8.045795833333333,0.08802916666666666,8.802916666666667
6.4%,0.0642,6.419999999999999,Nygaard2022,"TurbOPark, A=0.04",72.0,0.3,True,7.633442486805718,0.0642,6.419999999999999,7.992312500000001,0.08847916666666668,8.847916666666668
6.4%,0.0642,6.419999999999999,Nygaard2022,"TurbOPark, A=0.04",96.0,0.4,True,7.510821894308082,0.0642,6.419999999999999,7.971504166666666,0.087875,8.7875
6.4%,0.0642,6.419999999999999,Nygaard2022,"TurbOPark, A=0.04",120.0,0.5,True,7.3330364191141015,0.0642,6.419999999999999,7.900383333333333,0.08824166666666666,8.824166666666667
6.4%,0.0642,6.419999999999999,Nygaard2022,"TurbOPark, A=0.04",144.0,0.6,False,7.100029736275124,0.0642,6.419999999999999,7.8137875,0.08926666666666666,8.926666666666666
6.4%,0.0642,6.419999999999999,Nygaard2022,"TurbOPark, A=0.04",168.0,0.7,False,6.840010820939824,0.0642,6.419999999999999,7.7564625,0.08883333333333333,8.883333333333333
6.4%,0.0642,6.419999999999999,Nygaard2022,"TurbOPark, A=0.04",192.0,0.8,False,6.602298495316929,0.0642,6.419999999999999,7.7120999999999995,0.08899166666666665,8.899166666666664
6.4%,0.0642,6.419999999999999,Nygaard2022,"TurbOPark, A=0.04",216.0,0.9,False,6.440394291915418,0.0642,6.419999999999999,7.672833333333334,0.08954166666666667,8.954166666666667
6.4%,0.0642,6.419999999999999,Nygaard2022,"TurbOPark, A=0.04",240.0,1.0,False,6.395145647737887,0.0642,6.419999999999999,7.6561375,0.08814583333333334,8.814583333333333
6.4%,0.0642,6.419999999999999,Nygaard2022,"TurbOPark, A=0.04",264.0,1.1,False,6.482679111434714,0.0642,6.419999999999999,7.682908333333333,0.08612916666666667,8.612916666666667
6.4%,0.0642,6.419999999999999,Nygaard2022,"TurbOPark, A=0.04",288.0,1.2,False,6.6882499103937665,0.0642,6.419999999999999,7.7153375,0.08383333333333333,8.383333333333333
6.4%,0.0642,6.419999999999999,Nygaard2022,"TurbOPark, A=0.04",312.0,1.3,False,6.965900678819673,0.0642,6.419999999999999,7.762645833333334,0.08387916666666667,8.387916666666667
6.4%,0.0642,6.419999999999999,Nygaard2022,"TurbOPark, A=0.04",336.0,1.4,False,7.244058754428172,0.0642,6.419999999999999,7.799054166666666,0.083925,8.3925
6.4%,0.0642,6.419999999999999,Nygaard2022,"TurbOPark, A=0.04",360.0,1.5,False,7.442147372780402,0.0642,6.419999999999999,7.8517125,0.0846125,8.46125
6.4%,0.0642,6.419999999999999,Nygaard2022_A0.06,"TurbOPark, A=0.06",-360.0,-1.5,False,7.707122167059785,0.0642,6.419999999999999,8.2632875,0.08397083333333333,8.397083333333333
6.4%,0.0642,6.419999999999999,Nygaard2022_A0.06,"TurbOPark, A=0.06",-336.0,-1.4,False,7.806000624052606,0.0642,6.419999999999999,8.315266666666666,0.08191666666666667,8.191666666666666
6.4%,0.0642,6.419999999999999,Nygaard2022_A0.06,"TurbOPark, A=0.06",-312.0,-1.3,False,7.902801607797834,0.0642,6.419999999999999,8.355883333333335,0.079275,7.9275
6.4%,0.0642,6.419999999999999,Nygaard2022_A0.06,"TurbOPark, A=0.06",-288.0,-1.2,False,7.979927986162274,0.0642,6.419999999999999,8.3695875,0.07785,7.785
6.4%,0.0642,6.419999999999999,Nygaard2022_A0.06,"TurbOPark, A=0.06",-264.0,-1.1,False,8.027121076466813,0.0642,6.419999999999999,8.3759625,0.07729166666666666,7.729166666666666
6.4%,0.0642,6.419999999999999,Nygaard2022_A0.06,"TurbOPark, A=0.06",-240.0,-1.0,False,8.045304792237435,0.0642,6.419999999999999,8.375008333333334,0.077625,7.7625
6.4%,0.0642,6.419999999999999,Nygaard2022_A0.06,"TurbOPark, A=0.06",-216.0,-0.9,False,8.044995228335356,0.0642,6.419999999999999,8.3722125,0.07754166666666668,7.754166666666667
6.4%,0.0642,6.419999999999999,Nygaard2022_A0.06,"TurbOPark, A=0.06",-192.0,-0.8,False,8.040313515443675,0.0642,6.419999999999999,8.372120833333334,0.07950833333333333,7.950833333333334
6.4%,0.0642,6.419999999999999,Nygaard2022_A0.06,"TurbOPark, A=0.06",-168.0,-0.7,False,8.043112773037848,0.0642,6.419999999999999,8.395104166666666,0.08047499999999999,8.0475
6.4%,0.0642,6.419999999999999,Nygaard2022_A0.06,"TurbOPark, A=0.06",-144.0,-0.6,False,8.059831345242031,0.0642,6.419999999999999,8.408004166666666,0.0812875,8.12875
6.4%,0.0642,6.419999999999999,Nygaard2022_A0.06,"TurbOPark, A=0.06",-120.0,-0.5,True,8.090974244676948,0.0642,6.419999999999999,8.398683333333333,0.0823,8.23
6.4%,0.0642,6.419999999999999,Nygaard2022_A0.06,"TurbOPark, A=0.06",-96.0,-0.4,True,8.13215915675485,0.0642,6.419999999999999,8.3687125,0.08320833333333334,8.320833333333335
6.4%,0.0642,6.419999999999999,Nygaard2022_A0.06,"TurbOPark, A=0.06",-72.0,-0.3,True,8.17608913672348,0.0642,6.419999999999999,8.326408333333333,0.08410416666666667,8.410416666666668
6.4%,0.0642,6.419999999999999,Nygaard2022_A0.06,"TurbOPark, A=0.06",-48.0,-0.2,True,8.214643355311091,0.0642,6.419999999999999,8.278204166666667,0.0857875,8.57875
6.4%,0.0642,6.419999999999999,Nygaard2022_A0.06,"TurbOPark, A=0.06",-24.0,-0.1,True,8.240528519963355,0.0642,6.419999999999999,8.233437499999999,0.08675416666666667,8.675416666666667
6.4%,0.0642,6.419999999999999,Nygaard2022_A0.06,"TurbOPark, A=0.06",0.0,0.0,True,8.247781090694264,0.0642,6.419999999999999,8.177191666666666,0.086725,8.6725
6.4%,0.0642,6.419999999999999,Nygaard2022_A0.06,"TurbOPark, A=0.06",24.0,0.1,True,8.230753335500664,0.0642,6.419999999999999,8.11985,0.0876875,8.76875
6.4%,0.0642,6.419999999999999,Nygaard2022_A0.06,"TurbOPark, A=0.06",48.0,0.2,True,8.182843575750782,0.0642,6.419999999999999,8.045795833333333,0.08802916666666666,8.802916666666667
6.4%,0.0642,6.419999999999999,Nygaard2022_A0.06,"TurbOPark, A=0.06",72.0,0.3,True,8.09710292723415,0.0642,6.419999999999999,7.992312500000001,0.08847916666666668,8.847916666666668
6.4%,0.0642,6.419999999999999,Nygaard2022_A0.06,"TurbOPark, A=0.06",96.0,0.4,True,7.969939232407161,0.0642,6.419999999999999,7.971504166666666,0.087875,8.7875
6.4%,0.0642,6.419999999999999,Nygaard2022_A0.06,"TurbOPark, A=0.06",120.0,0.5,True,7.806019077360235,0.0642,6.419999999999999,7.900383333333333,0.08824166666666666,8.824166666666667
6.4%,0.0642,6.419999999999999,Nygaard2022_A0.06,"TurbOPark, A=0.06",144.0,0.6,False,7.620507531166796,0.0642,6.419999999999999,7.8137875,0.08926666666666666,8.926666666666666
6.4%,0.0642,6.419999999999999,Nygaard2022_A0.06,"TurbOPark, A=0.06",168.0,0.7,False,7.4369685705861786,0.0642,6.419999999999999,7.7564625,0.08883333333333333,8.883333333333333
6.4%,0.0642,6.419999999999999,Nygaard2022_A0.06,"TurbOPark, A=0.06",192.0,0.8,False,7.282446234759984,0.0642,6.419999999999999,7.7120999999999995,0.08899166666666665,8.899166666666664
6.4%,0.0642,6.419999999999999,Nygaard2022_A0.06,"TurbOPark, A=0.06",216.0,0.9,False,7.18144289181965,0.0642,6.419999999999999,7.672833333333334,0.08954166666666667,8.954166666666667
6.4%,0.0642,6.419999999999999,Nygaard2022_A0.06,"TurbOPark, A=0.06",240.0,1.0,False,7.150603231362652,0.0642,6.419999999999999,7.6561375,0.08814583333333334,8.814583333333333
6.4%,0.0642,6.419999999999999,Nygaard2022_A0.06,"TurbOPark, A=0.06",264.0,1.1,False,7.194757491824366,0.0642,6.419999999999999,7.682908333333333,0.08612916666666667,8.612916666666667
6.4%,0.0642,6.419999999999999,Nygaard2022_A0.06,"TurbOPark, A=0.06",288.0,1.2,False,7.3047044494565725,0.0642,6.419999999999999,7.7153375,0.08383333333333333,8.383333333333333
6.4%,0.0642,6.419999999999999,Nygaard2022_A0.06,"TurbOPark, A=0.06",312.0,1.3,False,7.457841157165424,0.0642,6.419999999999999,7.762645833333334,0.08387916666666667,8.387916666666667
6.4%,0.0642,6.419999999999999,Nygaard2022_A0.06,"TurbOPark, A=0.06",336.0,1.4,False,7.62144701794451,0.0642,6.419999999999999,7.799054166666666,0.083925,8.3925
6.4%,0.0642,6.419999999999999,Nygaard2022_A0.06,"TurbOPark, A=0.06",360.0,1.5,False,7.7599937328601944,0.0642,6.419999999999999,7.8517125,0.0846125,8.46125
7.0%,0.07036741444444444,7.036741444444444,BPA2014,BPA2014,-360.0,-1.5,False,8.584001809351504,0.12039500760774483,12.039500760774482,8.2632875,0.08397083333333333,8.397083333333333
7.0%,0.07036741444444444,7.036741444444444,BPA2014,BPA2014,-336.0,-1.4,False,8.633340132955565,0.12039500760774483,12.039500760774482,8.315266666666666,0.08191666666666667,8.191666666666666
7.0%,0.07036741444444444,7.036741444444444,BPA2014,BPA2014,-312.0,-1.3,False,8.671119495733967,0.12039500760774483,12.039500760774482,8.355883333333335,0.079275,7.9275
7.0%,0.07036741444444444,7.036741444444444,BPA2014,BPA2014,-288.0,-1.2,False,8.699951635727064,0.12039500760774483,12.039500760774482,8.3695875,0.07785,7.785
7.0%,0.07036741444444444,7.036741444444444,BPA2014,BPA2014,-264.0,-1.1,False,8.721890854269411,0.12039500760774483,12.039500760774482,8.3759625,0.07729166666666666,7.729166666666666
7.0%,0.07036741444444444,7.036741444444444,BPA2014,BPA2014,-240.0,-1.0,False,8.738329103624794,0.12039500760774483,12.039500760774482,8.375008333333334,0.077625,7.7625
7.0%,0.07036741444444444,7.036741444444444,BPA2014,BPA2014,-216.0,-0.9,False,8.750010171159154,0.12039500760774483,12.039500760774482,8.3722125,0.07754166666666668,7.754166666666667
7.0%,0.07036741444444444,7.036741444444444,BPA2014,BPA2014,-192.0,-0.8,False,8.75712060473875,0.12039500760774483,12.039500760774482,8.372120833333334,0.07950833333333333,7.950833333333334
7.0%,0.07036741444444444,7.036741444444444,BPA2014,BPA2014,-168.0,-0.7,False,8.759421403074125,0.12039500760774483,12.039500760774482,8.395104166666666,0.08047499999999999,8.0475
7.0%,0.07036741444444444,7.036741444444444,BPA2014,BPA2014,-144.0,-0.6,False,8.756394948270506,0.12039500760774483,12.039500760774482,8.408004166666666,0.0812875,8.12875
7.0%,0.07036741444444444,7.036741444444444,BPA2014,BPA2014,-120.0,-0.5,True,8.747391862391575,0.1345606731602849,13.45606731602849,8.398683333333333,0.0823,8.23
7.0%,0.07036741444444444,7.036741444444444,BPA2014,BPA2014,-96.0,-0.4,True,8.73176996186122,0.1345606731602849,13.45606731602849,8.3687125,0.08320833333333334,8.320833333333335
7.0%,0.07036741444444444,7.036741444444444,BPA2014,BPA2014,-72.0,-0.3,True,8.709021525712231,0.1345606731602849,13.45606731602849,8.326408333333333,0.08410416666666667,8.410416666666668
7.0%,0.07036741444444444,7.036741444444444,BPA2014,BPA2014,-48.0,-0.2,True,8.678886152498677,0.1345606731602849,13.45606731602849,8.278204166666667,0.0857875,8.57875
7.0%,0.07036741444444444,7.036741444444444,BPA2014,BPA2014,-24.0,-0.1,True,8.641445635719492,0.1345606731602849,13.45606731602849,8.233437499999999,0.08675416666666667,8.675416666666667
7.0%,0.07036741444444444,7.036741444444444,BPA2014,BPA2014,0.0,0.0,True,8.597195758772386,0.1345606731602849,13.45606731602849,8.177191666666666,0.086725,8.6725
7.0%,0.07036741444444444,7.036741444444444,BPA2014,BPA2014,24.0,0.1,True,8.547088758264962,0.1345606731602849,13.45606731602849,8.11985,0.0876875,8.76875
7.0%,0.07036741444444444,7.036741444444444,BPA2014,BPA2014,48.0,0.2,True,8.492540177915508,0.1345606731602849,13.45606731602849,8.045795833333333,0.08802916666666666,8.802916666666667
7.0%,0.07036741444444444,7.036741444444444,BPA2014,BPA2014,72.0,0.3,True,8.435395315616171,0.1345606731602849,13.45606731602849,7.992312500000001,0.08847916666666668,8.847916666666668
7.0%,0.07036741444444444,7.036741444444444,BPA2014,BPA2014,96.0,0.4,True,8.377853465250945,0.1345606731602849,13.45606731602849,7.971504166666666,0.087875,8.7875
7.0%,0.07036741444444444,7.036741444444444,BPA2014,BPA2014,120.0,0.5,True,8.322352346977846,0.1345606731602849,13.45606731602849,7.900383333333333,0.08824166666666666,8.824166666666667
7.0%,0.07036741444444444,7.036741444444444,BPA2014,BPA2014,144.0,0.6,False,8.27141990588632,0.1345606731602849,13.45606731602849,7.8137875,0.08926666666666666,8.926666666666666
7.0%,0.07036741444444444,7.036741444444444,BPA2014,BPA2014,168.0,0.7,False,8.22750526512545,0.1345606731602849,13.45606731602849,7.7564625,0.08883333333333333,8.883333333333333
7.0%,0.07036741444444444,7.036741444444444,BPA2014,BPA2014,192.0,0.8,False,8.19280422660672,0.1345606731602849,13.45606731602849,7.7120999999999995,0.08899166666666665,8.899166666666664
7.0%,0.07036741444444444,7.036741444444444,BPA2014,BPA2014,216.0,0.9,False,8.169096603751719,0.1345606731602849,13.45606731602849,7.672833333333334,0.08954166666666667,8.954166666666667
7.0%,0.07036741444444444,7.036741444444444,BPA2014,BPA2014,240.0,1.0,False,8.157612373624962,0.1345606731602849,13.45606731602849,7.6561375,0.08814583333333334,8.814583333333333
7.0%,0.07036741444444444,7.036741444444444,BPA2014,BPA2014,264.0,1.1,False,8.158941025556501,0.1345606731602849,13.45606731602849,7.682908333333333,0.08612916666666667,8.612916666666667
7.0%,0.07036741444444444,7.036741444444444,BPA2014,BPA2014,288.0,1.2,False,8.172993825699558,0.1345606731602849,13.45606731602849,7.7153375,0.08383333333333333,8.383333333333333
7.0%,0.07036741444444444,7.036741444444444,BPA2014,BPA2014,312.0,1.3,False,8.199022631549802,0.1345606731602849,13.45606731602849,7.762645833333334,0.08387916666666667,8.387916666666667
7.0%,0.07036741444444444,7.036741444444444,BPA2014,BPA2014,336.0,1.4,False,8.23569223516292,0.1345606731602849,13.45606731602849,7.799054166666666,0.083925,8.3925
7.0%,0.07036741444444444,7.036741444444444,BPA2014,BPA2014,360.0,1.5,False,8.281196902700504,0.1345606731602849,13.45606731602849,7.8517125,0.0846125,8.46125
7.0%,0.07036741444444444,7.036741444444444,NPA2016,NPA2016,-360.0,-1.5,False,8.714683830098684,0.13349706685276966,13.349706685276965,8.2632875,0.08397083333333333,8.397083333333333
7.0%,0.07036741444444444,7.036741444444444,NPA2016,NPA2016,-336.0,-1.4,False,8.75571381025815,0.13349706685276966,13.349706685276965,8.315266666666666,0.08191666666666667,8.191666666666666
7.0%,0.07036741444444444,7.036741444444444,NPA2016,NPA2016,-312.0,-1.3,False,8.788015984692596,0.10767074527560871,10.767074527560872,8.355883333333335,0.079275,7.9275
7.0%,0.07036741444444444,7.036741444444444,NPA2016,NPA2016,-288.0,-1.2,False,8.81209378059729,0.10767074527560871,10.767074527560872,8.3695875,0.07785,7.785
7.0%,0.07036741444444444,7.036741444444444,NPA2016,NPA2016,-264.0,-1.1,False,8.828644522586993,0.10767074527560871,10.767074527560872,8.3759625,0.07729166666666666,7.729166666666666
7.0%,0.07036741444444444,7.036741444444444,NPA2016,NPA2016,-240.0,-1.0,False,8.83848944126918,0.11877073941051422,11.877073941051423,8.375008333333334,0.077625,7.7625
7.0%,0.07036741444444444,7.036741444444444,NPA2016,NPA2016,-216.0,-0.9,False,8.842456335592978,0.11877073941051422,11.877073941051423,8.3722125,0.07754166666666668,7.754166666666667
7.0%,0.07036741444444444,7.036741444444444,NPA2016,NPA2016,-192.0,-0.8,False,8.84134265026208,0.11877073941051422,11.877073941051423,8.372120833333334,0.07950833333333333,7.950833333333334
7.0%,0.07036741444444444,7.036741444444444,NPA2016,NPA2016,-168.0,-0.7,False,8.8358708459582,0.11877073941051422,11.877073941051423,8.395104166666666,0.08047499999999999,8.0475
7.0%,0.07036741444444444,7.036741444444444,NPA2016,NPA2016,-144.0,-0.6,False,8.826680879461353,0.11877073941051422,11.877073941051423,8.408004166666666,0.0812875,8.12875
7.0%,0.07036741444444444,7.036741444444444,NPA2016,NPA2016,-120.0,-0.5,True,8.814352267636231,0.11877073941051422,11.877073941051423,8.398683333333333,0.0823,8.23
7.0%,0.07036741444444444,7.036741444444444,NPA2016,NPA2016,-96.0,-0.4,True,8.799404924405652,0.11877073941051422,11.877073941051423,8.3687125,0.08320833333333334,8.320833333333335
7.0%,0.07036741444444444,7.036741444444444,NPA2016,NPA2016,-72.0,-0.3,True,8.782319392771704,0.11877073941051422,11.877073941051423,8.326408333333333,0.08410416666666667,8.410416666666668
7.0%,0.07036741444444444,7.036741444444444,NPA2016,NPA2016,-48.0,-0.2,True,8.763565637571979,0.11877073941051422,11.877073941051423,8.278204166666667,0.0857875,8.57875
7.0%,0.07036741444444444,7.036741444444444,NPA2016,NPA2016,-24.0,-0.1,True,8.743619784531225,0.11877073941051422,11.877073941051423,8.233437499999999,0.08675416666666667,8.675416666666667
7.0%,0.07036741444444444,7.036741444444444,NPA2016,NPA2016,0.0,0.0,True,8.72297462961928,0.11877073941051422,11.877073941051423,8.177191666666666,0.086725,8.6725
7.0%,0.07036741444444444,7.036741444444444,NPA2016,NPA2016,24.0,0.1,True,8.702150188168696,0.11877073941051422,11.877073941051423,8.11985,0.0876875,8.76875
7.0%,0.07036741444444444,7.036741444444444,NPA2016,NPA2016,48.0,0.2,True,8.681680633974656,0.11877073941051422,11.877073941051423,8.045795833333333,0.08802916666666666,8.802916666666667
7.0%,0.07036741444444444,7.036741444444444,NPA2016,NPA2016,72.0,0.3,True,8.662122371051588,0.11877073941051422,11.877073941051423,7.992312500000001,0.08847916666666668,8.847916666666668
7.0%,0.07036741444444444,7.036741444444444,NPA2016,NPA2016,96.0,0.4,True,8.644032234416338,0.11877073941051422,11.877073941051423,7.971504166666666,0.087875,8.7875
7.0%,0.07036741444444444,7.036741444444444,NPA2016,NPA2016,120.0,0.5,True,8.627944171599802,0.11877073941051422,11.877073941051423,7.900383333333333,0.08824166666666666,8.824166666666667
7.0%,0.07036741444444444,7.036741444444444,NPA2016,NPA2016,144.0,0.6,False,8.614367536086558,0.11877073941051422,11.877073941051423,7.8137875,0.08926666666666666,8.926666666666666
7.0%,0.07036741444444444,7.036741444444444,NPA2016,NPA2016,168.0,0.7,False,8.603743214230665,0.11877073941051422,11.877073941051423,7.7564625,0.08883333333333333,8.883333333333333
7.0%,0.07036741444444444,7.036741444444444,NPA2016,NPA2016,192.0,0.8,False,8.596447316989872,0.11877073941051422,11.877073941051423,7.7120999999999995,0.08899166666666665,8.899166666666664
7.0%,0.07036741444444444,7.036741444444444,NPA2016,NPA2016,216.0,0.9,False,8.592761453227363,0.11877073941051422,11.877073941051423,7.672833333333334,0.08954166666666667,8.954166666666667
7.0%,0.07036741444444444,7.036741444444444,NPA2016,NPA2016,240.0,1.0,False,8.592848230985982,0.11877073941051422,11.877073941051423,7.6561375,0.08814583333333334,8.814583333333333
7.0%,0.07036741444444444,7.036741444444444,NPA2016,NPA2016,264.0,1.1,False,8.596765630842421,0.11877073941051422,11.877073941051423,7.682908333333333,0.08612916666666667,8.612916666666667
7.0%,0.07036741444444444,7.036741444444444,NPA2016,NPA2016,288.0,1.2,False,8.604441213900731,0.11877073941051422,11.877073941051423,7.7153375,0.08383333333333333,8.383333333333333
7.0%,0.07036741444444444,7.036741444444444,NPA2016,NPA2016,312.0,1.3,False,8.61569372784204,0.11877073941051422,11.877073941051423,7.762645833333334,0.08387916666666667,8.387916666666667
7.0%,0.07036741444444444,7.036741444444444,NPA2016,NPA2016,336.0,1.4,False,8.630210409421963,0.11877073941051422,11.877073941051423,7.799054166666666,0.083925,8.3925
7.0%,0.07036741444444444,7.036741444444444,NPA2016,NPA2016,360.0,1.5,False,8.64757005533984,0.11877073941051422,11.877073941051423,7.8517125,0.0846125,8.46125
7.0%,0.07036741444444444,7.036741444444444,Nygaard2022,"TurbOPark, A=0.04",-360.0,-1.5,False,7.200396223272298,0.07036741444444444,7.036741444444444,8.2632875,0.08397083333333333,8.397083333333333
7.0%,0.07036741444444444,7.036741444444444,Nygaard2022,"TurbOPark, A=0.04",-336.0,-1.4,False,7.390794443531041,0.07036741444444444,7.036741444444444,8.315266666666666,0.08191666666666667,8.191666666666666
7.0%,0.07036741444444444,7.036741444444444,Nygaard2022,"TurbOPark, A=0.04",-312.0,-1.3,False,7.5595308683390305,0.07036741444444444,7.036741444444444,8.355883333333335,0.079275,7.9275
7.0%,0.07036741444444444,7.036741444444444,Nygaard2022,"TurbOPark, A=0.04",-288.0,-1.2,False,7.662717225722826,0.07036741444444444,7.036741444444444,8.3695875,0.07785,7.785
7.0%,0.07036741444444444,7.036741444444444,Nygaard2022,"TurbOPark, A=0.04",-264.0,-1.1,False,7.682853184315954,0.07036741444444444,7.036741444444444,8.3759625,0.07729166666666666,7.729166666666666
7.0%,0.07036741444444444,7.036741444444444,Nygaard2022,"TurbOPark, A=0.04",-240.0,-1.0,False,7.639204892477972,0.07036741444444444,7.036741444444444,8.375008333333334,0.077625,7.7625
7.0%,0.07036741444444444,7.036741444444444,Nygaard2022,"TurbOPark, A=0.04",-216.0,-0.9,False,7.5727218795943365,0.07036741444444444,7.036741444444444,8.3722125,0.07754166666666668,7.754166666666667
7.0%,0.07036741444444444,7.036741444444444,Nygaard2022,"TurbOPark, A=0.04",-192.0,-0.8,False,7.522449988525542,0.07036741444444444,7.036741444444444,8.372120833333334,0.07950833333333333,7.950833333333334
7.0%,0.07036741444444444,7.036741444444444,Nygaard2022,"TurbOPark, A=0.04",-168.0,-0.7,False,7.5126630794842635,0.07036741444444444,7.036741444444444,8.395104166666666,0.08047499999999999,8.0475
7.0%,0.07036741444444444,7.036741444444444,Nygaard2022,"TurbOPark, A=0.04",-144.0,-0.6,False,7.550495182686157,0.07036741444444444,7.036741444444444,8.408004166666666,0.0812875,8.12875
7.0%,0.07036741444444444,7.036741444444444,Nygaard2022,"TurbOPark, A=0.04",-120.0,-0.5,True,7.627914182006845,0.07036741444444444,7.036741444444444,8.398683333333333,0.0823,8.23
7.0%,0.07036741444444444,7.036741444444444,Nygaard2022,"TurbOPark, A=0.04",-96.0,-0.4,True,7.72538861648914,0.07036741444444444,7.036741444444444,8.3687125,0.08320833333333334,8.320833333333335
7.0%,0.07036741444444444,7.036741444444444,Nygaard2022,"TurbOPark, A=0.04",-72.0,-0.3,True,7.817414910555275,0.07036741444444444,7.036741444444444,8.326408333333333,0.08410416666666667,8.410416666666668
7.0%,0.07036741444444444,7.036741444444444,Nygaard2022,"TurbOPark, A=0.04",-48.0,-0.2,True,7.880730714514693,0.07036741444444444,7.036741444444444,8.278204166666667,0.0857875,8.57875
7.0%,0.07036741444444444,7.036741444444444,Nygaard2022,"TurbOPark, A=0.04",-24.0,-0.1,True,7.9032547869875325,0.07036741444444444,7.036741444444444,8.233437499999999,0.08675416666666667,8.675416666666667
7.0%,0.07036741444444444,7.036741444444444,Nygaard2022,"TurbOPark, A=0.04",0.0,0.0,True,7.887650271547504,0.07036741444444444,7.036741444444444,8.177191666666666,0.086725,8.6725
7.0%,0.07036741444444444,7.036741444444444,Nygaard2022,"TurbOPark, A=0.04",24.0,0.1,True,7.8450543789171014,0.07036741444444444,7.036741444444444,8.11985,0.0876875,8.76875
7.0%,0.07036741444444444,7.036741444444444,Nygaard2022,"TurbOPark, A=0.04",48.0,0.2,True,7.78283936412411,0.07036741444444444,7.036741444444444,8.045795833333333,0.08802916666666666,8.802916666666667
7.0%,0.07036741444444444,7.036741444444444,Nygaard2022,"TurbOPark, A=0.04",72.0,0.3,True,7.69581035927404,0.07036741444444444,7.036741444444444,7.992312500000001,0.08847916666666668,8.847916666666668
7.0%,0.07036741444444444,7.036741444444444,Nygaard2022,"TurbOPark, A=0.04",96.0,0.4,True,7.566960202469698,0.07036741444444444,7.036741444444444,7.971504166666666,0.087875,8.7875
7.0%,0.07036741444444444,7.036741444444444,Nygaard2022,"TurbOPark, A=0.04",120.0,0.5,True,7.3805849371360726,0.07036741444444444,7.036741444444444,7.900383333333333,0.08824166666666666,8.824166666666667
7.0%,0.07036741444444444,7.036741444444444,Nygaard2022,"TurbOPark, A=0.04",144.0,0.6,False,7.139948437640463,0.07036741444444444,7.036741444444444,7.8137875,0.08926666666666666,8.926666666666666
7.0%,0.07036741444444444,7.036741444444444,Nygaard2022,"TurbOPark, A=0.04",168.0,0.7,False,6.875218647261228,0.07036741444444444,7.036741444444444,7.7564625,0.08883333333333333,8.883333333333333
7.0%,0.07036741444444444,7.036741444444444,Nygaard2022,"TurbOPark, A=0.04",192.0,0.8,False,6.635501762892128,0.07036741444444444,7.036741444444444,7.7120999999999995,0.08899166666666665,8.899166666666664
7.0%,0.07036741444444444,7.036741444444444,Nygaard2022,"TurbOPark, A=0.04",216.0,0.9,False,6.472768247213866,0.07036741444444444,7.036741444444444,7.672833333333334,0.08954166666666667,8.954166666666667
7.0%,0.07036741444444444,7.036741444444444,Nygaard2022,"TurbOPark, A=0.04",240.0,1.0,False,6.42616557831908,0.07036741444444444,7.036741444444444,7.6561375,0.08814583333333334,8.814583333333333
7.0%,0.07036741444444444,7.036741444444444,Nygaard2022,"TurbOPark, A=0.04",264.0,1.1,False,6.510753502224315,0.07036741444444444,7.036741444444444,7.682908333333333,0.08612916666666667,8.612916666666667
7.0%,0.07036741444444444,7.036741444444444,Nygaard2022,"TurbOPark, A=0.04",288.0,1.2,False,6.711732844312768,0.07036741444444444,7.036741444444444,7.7153375,0.08383333333333333,8.383333333333333
7.0%,0.07036741444444444,7.036741444444444,Nygaard2022,"TurbOPark, A=0.04",312.0,1.3,False,6.984255772256676,0.07036741444444444,7.036741444444444,7.762645833333334,0.08387916666666667,8.387916666666667
7.0%,0.07036741444444444,7.036741444444444,Nygaard2022,"TurbOPark, A=0.04",336.0,1.4,False,7.259035423310326,0.07036741444444444,7.036741444444444,7.799054166666666,0.083925,8.3925
7.0%,0.07036741444444444,7.036741444444444,Nygaard2022,"TurbOPark, A=0.04",360.0,1.5,False,7.4583354034081,0.07036741444444444,7.036741444444444,7.8517125,0.0846125,8.46125
7.0%,0.07036741444444444,7.036741444444444,Nygaard2022_A0.06,"TurbOPark, A=0.06",-360.0,-1.5,False,7.740878393820196,0.07036741444444444,7.036741444444444,8.2632875,0.08397083333333333,8.397083333333333
7.0%,0.07036741444444444,7.036741444444444,Nygaard2022_A0.06,"TurbOPark, A=0.06",-336.0,-1.4,False,7.835779728486325,0.07036741444444444,7.036741444444444,8.315266666666666,0.08191666666666667,8.191666666666666
7.0%,0.07036741444444444,7.036741444444444,Nygaard2022_A0.06,"TurbOPark, A=0.06",-312.0,-1.3,False,7.930301650011368,0.07036741444444444,7.036741444444444,8.355883333333335,0.079275,7.9275
7.0%,0.07036741444444444,7.036741444444444,Nygaard2022_A0.06,"TurbOPark, A=0.06",-288.0,-1.2,False,8.007947426602328,0.07036741444444444,7.036741444444444,8.3695875,0.07785,7.785
7.0%,0.07036741444444444,7.036741444444444,Nygaard2022_A0.06,"TurbOPark, A=0.06",-264.0,-1.1,False,8.058578596037451,0.07036741444444444,7.036741444444444,8.3759625,0.07729166666666666,7.729166666666666
7.0%,0.07036741444444444,7.036741444444444,Nygaard2022_A0.06,"TurbOPark, A=0.06",-240.0,-1.0,False,8.082023604123906,0.07036741444444444,7.036741444444444,8.375008333333334,0.077625,7.7625
7.0%,0.07036741444444444,7.036741444444444,Nygaard2022_A0.06,"TurbOPark, A=0.06",-216.0,-0.9,False,8.087037509551767,0.07036741444444444,7.036741444444444,8.3722125,0.07754166666666668,7.754166666666667
7.0%,0.07036741444444444,7.036741444444444,Nygaard2022_A0.06,"TurbOPark, A=0.06",-192.0,-0.8,False,8.086228641736744,0.07036741444444444,7.036741444444444,8.372120833333334,0.07950833333333333,7.950833333333334
7.0%,0.07036741444444444,7.036741444444444,Nygaard2022_A0.06,"TurbOPark, A=0.06",-168.0,-0.7,False,8.090669966809239,0.07036741444444444,7.036741444444444,8.395104166666666,0.08047499999999999,8.0475
7.0%,0.07036741444444444,7.036741444444444,Nygaard2022_A0.06,"TurbOPark, A=0.06",-144.0,-0.6,False,8.106794044491163,0.07036741444444444,7.036741444444444,8.408004166666666,0.0812875,8.12875
7.0%,0.07036741444444444,7.036741444444444,Nygaard2022_A0.06,"TurbOPark, A=0.06",-120.0,-0.5,True,8.135724256728107,0.07036741444444444,7.036741444444444,8.398683333333333,0.0823,8.23
7.0%,0.07036741444444444,7.036741444444444,Nygaard2022_A0.06,"TurbOPark, A=0.06",-96.0,-0.4,True,8.174130767602941,0.07036741444444444,7.036741444444444,8.3687125,0.08320833333333334,8.320833333333335
7.0%,0.07036741444444444,7.036741444444444,Nygaard2022_A0.06,"TurbOPark, A=0.06",-72.0,-0.3,True,8.215837003262525,0.07036741444444444,7.036741444444444,8.326408333333333,0.08410416666666667,8.410416666666668
7.0%,0.07036741444444444,7.036741444444444,Nygaard2022_A0.06,"TurbOPark, A=0.06",-48.0,-0.2,True,8.253566568648864,0.07036741444444444,7.036741444444444,8.278204166666667,0.0857875,8.57875
7.0%,0.07036741444444444,7.036741444444444,Nygaard2022_A0.06,"TurbOPark, A=0.06",-24.0,-0.1,True,8.280252439434665,0.07036741444444444,7.036741444444444,8.233437499999999,0.08675416666666667,8.675416666666667
7.0%,0.07036741444444444,7.036741444444444,Nygaard2022_A0.06,"TurbOPark, A=0.06",0.0,0.0,True,8.289328440152218,0.07036741444444444,7.036741444444444,8.177191666666666,0.086725,8.6725
7.0%,0.07036741444444444,7.036741444444444,Nygaard2022_A0.06,"TurbOPark, A=0.06",24.0,0.1,True,8.273936522814477,0.07036741444444444,7.036741444444444,8.11985,0.0876875,8.76875
7.0%,0.07036741444444444,7.036741444444444,Nygaard2022_A0.06,"TurbOPark, A=0.06",48.0,0.2,True,8.226269089784092,0.07036741444444444,7.036741444444444,8.045795833333333,0.08802916666666666,8.802916666666667
7.0%,0.07036741444444444,7.036741444444444,Nygaard2022_A0.06,"TurbOPark, A=0.06",72.0,0.3,True,8.1388932375662,0.07036741444444444,7.036741444444444,7.992312500000001,0.08847916666666668,8.847916666666668
7.0%,0.07036741444444444,7.036741444444444,Nygaard2022_A0.06,"TurbOPark, A=0.06",96.0,0.4,True,8.008796137434581,0.07036741444444444,7.036741444444444,7.971504166666666,0.087875,8.7875
7.0%,0.07036741444444444,7.036741444444444,Nygaard2022_A0.06,"TurbOPark, A=0.06",120.0,0.5,True,7.841847090615241,0.07036741444444444,7.036741444444444,7.900383333333333,0.08824166666666666,8.824166666666667
7.0%,0.07036741444444444,7.036741444444444,Nygaard2022_A0.06,"TurbOPark, A=0.06",144.0,0.6,False,7.654170092314291,0.07036741444444444,7.036741444444444,7.8137875,0.08926666666666666,8.926666666666666
7.0%,0.07036741444444444,7.036741444444444,Nygaard2022_A0.06,"TurbOPark, A=0.06",168.0,0.7,False,7.469556344010994,0.07036741444444444,7.036741444444444,7.7564625,0.08883333333333333,8.883333333333333
7.0%,0.07036741444444444,7.036741444444444,Nygaard2022_A0.06,"TurbOPark, A=0.06",192.0,0.8,False,7.31454325533882,0.07036741444444444,7.036741444444444,7.7120999999999995,0.08899166666666665,8.899166666666664
7.0%,0.07036741444444444,7.036741444444444,Nygaard2022_A0.06,"TurbOPark, A=0.06",216.0,0.9,False,7.212880641980437,0.07036741444444444,7.036741444444444,7.672833333333334,0.08954166666666667,8.954166666666667
7.0%,0.07036741444444444,7.036741444444444,Nygaard2022_A0.06,"TurbOPark, A=0.06",240.0,1.0,False,7.180535900864129,0.07036741444444444,7.036741444444444,7.6561375,0.08814583333333334,8.814583333333333
7.0%,0.07036741444444444,7.036741444444444,Nygaard2022_A0.06,"TurbOPark, A=0.06",264.0,1.1,False,7.222021093654922,0.07036741444444444,7.036741444444444,7.682908333333333,0.08612916666666667,8.612916666666667
7.0%,0.07036741444444444,7.036741444444444,Nygaard2022_A0.06,"TurbOPark, A=0.06",288.0,1.2,False,7.328424784733487,0.07036741444444444,7.036741444444444,7.7153375,0.08383333333333333,8.383333333333333
7.0%,0.07036741444444444,7.036741444444444,Nygaard2022_A0.06,"TurbOPark, A=0.06",312.0,1.3,False,7.478017650334893,0.07036741444444444,7.036741444444444,7.762645833333334,0.08387916666666667,8.387916666666667
7.0%,0.07036741444444444,7.036741444444444,Nygaard2022_A0.06,"TurbOPark, A=0.06",336.0,1.4,False,7.63946667101764,0.07036741444444444,7.036741444444444,7.799054166666666,0.083925,8.3925
7.0%,0.07036741444444444,7.036741444444444,Nygaard2022_A0.06,"TurbOPark, A=0.06",360.0,1.5,False,7.778711908170103,0.07036741444444444,7.036741444444444,7.8517125,0.0846125,8.46125
7.7%,0.07653482888888888,7.653482888888888,BPA2014,BPA2014,-360.0,-1.5,False,8.584001809351504,0.12389104224012891,12.389104224012891,8.2632875,0.08397083333333333,8.397083333333333
7.7%,0.07653482888888888,7.653482888888888,BPA2014,BPA2014,-336.0,-1.4,False,8.633340132955565,0.12389104224012891,12.389104224012891,8.315266666666666,0.08191666666666667,8.191666666666666
7.7%,0.07653482888888888,7.653482888888888,BPA2014,BPA2014,-312.0,-1.3,False,8.671119495733967,0.12389104224012891,12.389104224012891,8.355883333333335,0.079275,7.9275
7.7%,0.07653482888888888,7.653482888888888,BPA2014,BPA2014,-288.0,-1.2,False,8.699951635727064,0.12389104224012891,12.389104224012891,8.3695875,0.07785,7.785
7.7%,0.07653482888888888,7.653482888888888,BPA2014,BPA2014,-264.0,-1.1,False,8.721890854269411,0.12389104224012891,12.389104224012891,8.3759625,0.07729166666666666,7.729166666666666
7.7%,0.07653482888888888,7.653482888888888,BPA2014,BPA2014,-240.0,-1.0,False,8.738329103624794,0.12389104224012891,12.389104224012891,8.375008333333334,0.077625,7.7625
7.7%,0.07653482888888888,7.653482888888888,BPA2014,BPA2014,-216.0,-0.9,False,8.750010171159154,0.12389104224012891,12.389104224012891,8.3722125,0.07754166666666668,7.754166666666667
7.7%,0.07653482888888888,7.653482888888888,BPA2014,BPA2014,-192.0,-0.8,False,8.75712060473875,0.12389104224012891,12.389104224012891,8.372120833333334,0.07950833333333333,7.950833333333334
7.7%,0.07653482888888888,7.653482888888888,BPA2014,BPA2014,-168.0,-0.7,False,8.759421403074125,0.12389104224012891,12.389104224012891,8.395104166666666,0.08047499999999999,8.0475
7.7%,0.07653482888888888,7.653482888888888,BPA2014,BPA2014,-144.0,-0.6,False,8.756394948270506,0.12389104224012891,12.389104224012891,8.408004166666666,0.0812875,8.12875
7.7%,0.07653482888888888,7.653482888888888,BPA2014,BPA2014,-120.0,-0.5,True,8.747391862391575,0.1376260800572534,13.76260800572534,8.398683333333333,0.0823,8.23
7.7%,0.07653482888888888,7.653482888888888,BPA2014,BPA2014,-96.0,-0.4,True,8.73176996186122,0.1376260800572534,13.76260800572534,8.3687125,0.08320833333333334,8.320833333333335
7.7%,0.07653482888888888,7.653482888888888,BPA2014,BPA2014,-72.0,-0.3,True,8.709021525712231,0.1376260800572534,13.76260800572534,8.326408333333333,0.08410416666666667,8.410416666666668
7.7%,0.07653482888888888,7.653482888888888,BPA2014,BPA2014,-48.0,-0.2,True,8.678886152498677,0.1376260800572534,13.76260800572534,8.278204166666667,0.0857875,8.57875
7.7%,0.07653482888888888,7.653482888888888,BPA2014,BPA2014,-24.0,-0.1,True,8.641445635719492,0.1376260800572534,13.76260800572534,8.233437499999999,0.08675416666666667,8.675416666666667
7.7%,0.07653482888888888,7.653482888888888,BPA2014,BPA2014,0.0,0.0,True,8.597195758772386,0.1376260800572534,13.76260800572534,8.177191666666666,0.086725,8.6725
7.7%,0.07653482888888888,7.653482888888888,BPA2014,BPA2014,24.0,0.1,True,8.547088758264962,0.1376260800572534,13.76260800572534,8.11985,0.0876875,8.76875
7.7%,0.07653482888888888,7.653482888888888,BPA2014,BPA2014,48.0,0.2,True,8.492540177915508,0.1376260800572534,13.76260800572534,8.045795833333333,0.08802916666666666,8.802916666666667
7.7%,0.07653482888888888,7.653482888888888,BPA2014,BPA2014,72.0,0.3,True,8.435395315616171,0.1376260800572534,13.76260800572534,7.992312500000001,0.08847916666666668,8.847916666666668
7.7%,0.07653482888888888,7.653482888888888,BPA2014,BPA2014,96.0,0.4,True,8.377853465250945,0.1376260800572534,13.76260800572534,7.971504166666666,0.087875,8.7875
7.7%,0.07653482888888888,7.653482888888888,BPA2014,BPA2014,120.0,0.5,True,8.322352346977846,0.1376260800572534,13.76260800572534,7.900383333333333,0.08824166666666666,8.824166666666667
7.7%,0.07653482888888888,7.653482888888888,BPA2014,BPA2014,144.0,0.6,False,8.27141990588632,0.1376260800572534,13.76260800572534,7.8137875,0.08926666666666666,8.926666666666666
7.7%,0.07653482888888888,7.653482888888888,BPA2014,BPA2014,168.0,0.7,False,8.22750526512545,0.1376260800572534,13.76260800572534,7.7564625,0.08883333333333333,8.883333333333333
7.7%,0.07653482888888888,7.653482888888888,BPA2014,BPA2014,192.0,0.8,False,8.19280422660672,0.1376260800572534,13.76260800572534,7.7120999999999995,0.08899166666666665,8.899166666666664
7.7%,0.07653482888888888,7.653482888888888,BPA2014,BPA2014,216.0,0.9,False,8.169096603751719,0.1376260800572534,13.76260800572534,7.672833333333334,0.08954166666666667,8.954166666666667
7.7%,0.07653482888888888,7.653482888888888,BPA2014,BPA2014,240.0,1.0,False,8.157612373624962,0.1376260800572534,13.76260800572534,7.6561375,0.08814583333333334,8.814583333333333
7.7%,0.07653482888888888,7.653482888888888,BPA2014,BPA2014,264.0,1.1,False,8.158941025556501,0.1376260800572534,13.76260800572534,7.682908333333333,0.08612916666666667,8.612916666666667
7.7%,0.07653482888888888,7.653482888888888,BPA2014,BPA2014,288.0,1.2,False,8.172993825699558,0.1376260800572534,13.76260800572534,7.7153375,0.08383333333333333,8.383333333333333
7.7%,0.07653482888888888,7.653482888888888,BPA2014,BPA2014,312.0,1.3,False,8.199022631549802,0.1376260800572534,13.76260800572534,7.762645833333334,0.08387916666666667,8.387916666666667
7.7%,0.07653482888888888,7.653482888888888,BPA2014,BPA2014,336.0,1.4,False,8.23569223516292,0.1376260800572534,13.76260800572534,7.799054166666666,0.083925,8.3925
7.7%,0.07653482888888888,7.653482888888888,BPA2014,BPA2014,360.0,1.5,False,8.281196902700504,0.1376260800572534,13.76260800572534,7.8517125,0.0846125,8.46125
7.7%,0.07653482888888888,7.653482888888888,NPA2016,NPA2016,-360.0,-1.5,False,8.732996450252262,0.13710344724331378,13.710344724331378,8.2632875,0.08397083333333333,8.397083333333333
7.7%,0.07653482888888888,7.653482888888888,NPA2016,NPA2016,-336.0,-1.4,False,8.773268638850261,0.13710344724331378,13.710344724331378,8.315266666666666,0.08191666666666667,8.191666666666666
7.7%,0.07653482888888888,7.653482888888888,NPA2016,NPA2016,-312.0,-1.3,False,8.805263482508705,0.11195985187683646,11.195985187683647,8.355883333333335,0.079275,7.9275
7.7%,0.07653482888888888,7.653482888888888,NPA2016,NPA2016,-288.0,-1.2,False,8.829373581328902,0.11195985187683646,11.195985187683647,8.3695875,0.07785,7.785
7.7%,0.07653482888888888,7.653482888888888,NPA2016,NPA2016,-264.0,-1.1,False,8.846198394063936,0.11195985187683646,11.195985187683647,8.3759625,0.07729166666666666,7.729166666666666
7.7%,0.07653482888888888,7.653482888888888,NPA2016,NPA2016,-240.0,-1.0,False,8.856473596317487,0.12272790581714195,12.272790581714196,8.375008333333334,0.077625,7.7625
7.7%,0.07653482888888888,7.653482888888888,NPA2016,NPA2016,-216.0,-0.9,False,8.860971349498485,0.12272790581714195,12.272790581714196,8.3722125,0.07754166666666668,7.754166666666667
7.7%,0.07653482888888888,7.653482888888888,NPA2016,NPA2016,-192.0,-0.8,False,8.860455345892404,0.12272790581714195,12.272790581714196,8.372120833333334,0.07950833333333333,7.950833333333334
7.7%,0.07653482888888888,7.653482888888888,NPA2016,NPA2016,-168.0,-0.7,False,8.855643406590195,0.12272790581714195,12.272790581714196,8.395104166666666,0.08047499999999999,8.0475
7.7%,0.07653482888888888,7.653482888888888,NPA2016,NPA2016,-144.0,-0.6,False,8.847183223486015,0.12272790581714195,12.272790581714196,8.408004166666666,0.0812875,8.12875
7.7%,0.07653482888888888,7.653482888888888,NPA2016,NPA2016,-120.0,-0.5,True,8.835674430265513,0.12272790581714195,12.272790581714196,8.398683333333333,0.0823,8.23
7.7%,0.07653482888888888,7.653482888888888,NPA2016,NPA2016,-96.0,-0.4,True,8.821643322912038,0.12272790581714195,12.272790581714196,8.3687125,0.08320833333333334,8.320833333333335
7.7%,0.07653482888888888,7.653482888888888,NPA2016,NPA2016,-72.0,-0.3,True,8.805599462717314,0.12272790581714195,12.272790581714196,8.326408333333333,0.08410416666666667,8.410416666666668
7.7%,0.07653482888888888,7.653482888888888,NPA2016,NPA2016,-48.0,-0.2,True,8.788015991258987,0.12272790581714195,12.272790581714196,8.278204166666667,0.0857875,8.57875
7.7%,0.07653482888888888,7.653482888888888,NPA2016,NPA2016,-24.0,-0.1,True,8.769368585843347,0.12272790581714195,12.272790581714196,8.233437499999999,0.08675416666666667,8.675416666666667
7.7%,0.07653482888888888,7.653482888888888,NPA2016,NPA2016,0.0,0.0,True,8.750132382438581,0.12272790581714195,12.272790581714196,8.177191666666666,0.086725,8.6725
7.7%,0.07653482888888888,7.653482888888888,NPA2016,NPA2016,24.0,0.1,True,8.730800406398686,0.12272790581714195,12.272790581714196,8.11985,0.0876875,8.76875
7.7%,0.07653482888888888,7.653482888888888,NPA2016,NPA2016,48.0,0.2,True,8.711863796853565,0.12272790581714195,12.272790581714196,8.045795833333333,0.08802916666666666,8.802916666666667
7.7%,0.07653482888888888,7.653482888888888,NPA2016,NPA2016,72.0,0.3,True,8.693836407975182,0.12272790581714195,12.272790581714196,7.992312500000001,0.08847916666666668,8.847916666666668
7.7%,0.07653482888888888,7.653482888888888,NPA2016,NPA2016,96.0,0.4,True,8.67720597968112,0.12272790581714195,12.272790581714196,7.971504166666666,0.087875,8.7875
7.7%,0.07653482888888888,7.653482888888888,NPA2016,NPA2016,120.0,0.5,True,8.662458486601663,0.12272790581714195,12.272790581714196,7.900383333333333,0.08824166666666666,8.824166666666667
7.7%,0.07653482888888888,7.653482888888888,NPA2016,NPA2016,144.0,0.6,False,8.650032704700116,0.12272790581714195,12.272790581714196,7.8137875,0.08926666666666666,8.926666666666666
7.7%,0.07653482888888888,7.653482888888888,NPA2016,NPA2016,168.0,0.7,False,8.640317473058309,0.12272790581714195,12.272790581714196,7.7564625,0.08883333333333333,8.883333333333333
7.7%,0.07653482888888888,7.653482888888888,NPA2016,NPA2016,192.0,0.8,False,8.633640495232287,0.12272790581714195,12.272790581714196,7.7120999999999995,0.08899166666666665,8.899166666666664
7.7%,0.07653482888888888,7.653482888888888,NPA2016,NPA2016,216.0,0.9,False,8.630232679420164,0.12272790581714195,12.272790581714196,7.672833333333334,0.08954166666666667,8.954166666666667
7.7%,0.07653482888888888,7.653482888888888,NPA2016,NPA2016,240.0,1.0,False,8.630251828546065,0.12272790581714195,12.272790581714196,7.6561375,0.08814583333333334,8.814583333333333
7.7%,0.07653482888888888,7.653482888888888,NPA2016,NPA2016,264.0,1.1,False,8.633726189876302,0.12272790581714195,12.272790581714196,7.682908333333333,0.08612916666666667,8.612916666666667
7.7%,0.07653482888888888,7.653482888888888,NPA2016,NPA2016,288.0,1.2,False,8.640602776540174,0.12272790581714195,12.272790581714196,7.7153375,0.08383333333333333,8.383333333333333
7.7%,0.07653482888888888,7.653482888888888,NPA2016,NPA2016,312.0,1.3,False,8.650707880058542,0.12272790581714195,12.272790581714196,7.762645833333334,0.08387916666666667,8.387916666666667
7.7%,0.07653482888888888,7.653482888888888,NPA2016,NPA2016,336.0,1.4,False,8.663762732651547,0.12272790581714195,12.272790581714196,7.799054166666666,0.083925,8.3925
7.7%,0.07653482888888888,7.653482888888888,NPA2016,NPA2016,360.0,1.5,False,8.679393420916213,0.12272790581714195,12.272790581714196,7.8517125,0.0846125,8.46125
7.7%,0.07653482888888888,7.653482888888888,Nygaard2022,"TurbOPark, A=0.04",-360.0,-1.5,False,7.235742118844426,0.07653482888888888,7.653482888888888,8.2632875,0.08397083333333333,8.397083333333333
7.7%,0.07653482888888888,7.653482888888888,Nygaard2022,"TurbOPark, A=0.04",-336.0,-1.4,False,7.419428006721601,0.07653482888888888,7.653482888888888,8.315266666666666,0.08191666666666667,8.191666666666666
7.7%,0.07653482888888888,7.653482888888888,Nygaard2022,"TurbOPark, A=0.04",-312.0,-1.3,False,7.584480202928278,0.07653482888888888,7.653482888888888,8.355883333333335,0.079275,7.9275
7.7%,0.07653482888888888,7.653482888888888,Nygaard2022,"TurbOPark, A=0.04",-288.0,-1.2,False,7.689507438872203,0.07653482888888888,7.653482888888888,8.3695875,0.07785,7.785
7.7%,0.07653482888888888,7.653482888888888,Nygaard2022,"TurbOPark, A=0.04",-264.0,-1.1,False,7.717042483577883,0.07653482888888888,7.653482888888888,8.3759625,0.07729166666666666,7.729166666666666
7.7%,0.07653482888888888,7.653482888888888,Nygaard2022,"TurbOPark, A=0.04",-240.0,-1.0,False,7.683445284384627,0.07653482888888888,7.653482888888888,8.375008333333334,0.077625,7.7625
7.7%,0.07653482888888888,7.653482888888888,Nygaard2022,"TurbOPark, A=0.04",-216.0,-0.9,False,7.625992630894482,0.07653482888888888,7.653482888888888,8.3722125,0.07754166666666668,7.754166666666667
7.7%,0.07653482888888888,7.653482888888888,Nygaard2022,"TurbOPark, A=0.04",-192.0,-0.8,False,7.581252743877282,0.07653482888888888,7.653482888888888,8.372120833333334,0.07950833333333333,7.950833333333334
7.7%,0.07653482888888888,7.653482888888888,Nygaard2022,"TurbOPark, A=0.04",-168.0,-0.7,False,7.572489745677832,0.07653482888888888,7.653482888888888,8.395104166666666,0.08047499999999999,8.0475
7.7%,0.07653482888888888,7.653482888888888,Nygaard2022,"TurbOPark, A=0.04",-144.0,-0.6,False,7.607084856547868,0.07653482888888888,7.653482888888888,8.408004166666666,0.0812875,8.12875
7.7%,0.07653482888888888,7.653482888888888,Nygaard2022,"TurbOPark, A=0.04",-120.0,-0.5,True,7.678334370294586,0.07653482888888888,7.653482888888888,8.398683333333333,0.0823,8.23
7.7%,0.07653482888888888,7.653482888888888,Nygaard2022,"TurbOPark, A=0.04",-96.0,-0.4,True,7.768952135512647,0.07653482888888888,7.653482888888888,8.3687125,0.08320833333333334,8.320833333333335
7.7%,0.07653482888888888,7.653482888888888,Nygaard2022,"TurbOPark, A=0.04",-72.0,-0.3,True,7.856192686247143,0.07653482888888888,7.653482888888888,8.326408333333333,0.08410416666666667,8.410416666666668
7.7%,0.07653482888888888,7.653482888888888,Nygaard2022,"TurbOPark, A=0.04",-48.0,-0.2,True,7.919037430436354,0.07653482888888888,7.653482888888888,8.278204166666667,0.0857875,8.57875
7.7%,0.07653482888888888,7.653482888888888,Nygaard2022,"TurbOPark, A=0.04",-24.0,-0.1,True,7.945819533705039,0.07653482888888888,7.653482888888888,8.233437499999999,0.08675416666666667,8.675416666666667
7.7%,0.07653482888888888,7.653482888888888,Nygaard2022,"TurbOPark, A=0.04",0.0,0.0,True,7.937335037568161,0.07653482888888888,7.653482888888888,8.177191666666666,0.086725,8.6725
7.7%,0.07653482888888888,7.653482888888888,Nygaard2022,"TurbOPark, A=0.04",24.0,0.1,True,7.901499143851598,0.07653482888888888,7.653482888888888,8.11985,0.0876875,8.76875
7.7%,0.07653482888888888,7.653482888888888,Nygaard2022,"TurbOPark, A=0.04",48.0,0.2,True,7.842801174020806,0.07653482888888888,7.653482888888888,8.045795833333333,0.08802916666666666,8.802916666666667
7.7%,0.07653482888888888,7.653482888888888,Nygaard2022,"TurbOPark, A=0.04",72.0,0.3,True,7.7544171459910975,0.07653482888888888,7.653482888888888,7.992312500000001,0.08847916666666668,8.847916666666668
7.7%,0.07653482888888888,7.653482888888888,Nygaard2022,"TurbOPark, A=0.04",96.0,0.4,True,7.619841016335424,0.07653482888888888,7.653482888888888,7.971504166666666,0.087875,8.7875
7.7%,0.07653482888888888,7.653482888888888,Nygaard2022,"TurbOPark, A=0.04",120.0,0.5,True,7.42585845792799,0.07653482888888888,7.653482888888888,7.900383333333333,0.08824166666666666,8.824166666666667
7.7%,0.07653482888888888,7.653482888888888,Nygaard2022,"TurbOPark, A=0.04",144.0,0.6,False,7.178815433199048,0.07653482888888888,7.653482888888888,7.8137875,0.08926666666666666,8.926666666666666
7.7%,0.07653482888888888,7.653482888888888,Nygaard2022,"TurbOPark, A=0.04",168.0,0.7,False,6.910474636957341,0.07653482888888888,7.653482888888888,7.7564625,0.08883333333333333,8.883333333333333
7.7%,0.07653482888888888,7.653482888888888,Nygaard2022,"TurbOPark, A=0.04",192.0,0.8,False,6.669531610542485,0.07653482888888888,7.653482888888888,7.7120999999999995,0.08899166666666665,8.899166666666664
7.7%,0.07653482888888888,7.653482888888888,Nygaard2022,"TurbOPark, A=0.04",216.0,0.9,False,6.506375696801913,0.07653482888888888,7.653482888888888,7.672833333333334,0.08954166666666667,8.954166666666667
7.7%,0.07653482888888888,7.653482888888888,Nygaard2022,"TurbOPark, A=0.04",240.0,1.0,False,6.458560666118637,0.07653482888888888,7.653482888888888,7.6561375,0.08814583333333334,8.814583333333333
7.7%,0.07653482888888888,7.653482888888888,Nygaard2022,"TurbOPark, A=0.04",264.0,1.1,False,6.540161741413632,0.07653482888888888,7.653482888888888,7.682908333333333,0.08612916666666667,8.612916666666667
7.7%,0.07653482888888888,7.653482888888888,Nygaard2022,"TurbOPark, A=0.04",288.0,1.2,False,6.736394793879402,0.07653482888888888,7.653482888888888,7.7153375,0.08383333333333333,8.383333333333333
7.7%,0.07653482888888888,7.653482888888888,Nygaard2022,"TurbOPark, A=0.04",312.0,1.3,False,7.003584499621175,0.07653482888888888,7.653482888888888,7.762645833333334,0.08387916666666667,8.387916666666667
7.7%,0.07653482888888888,7.653482888888888,Nygaard2022,"TurbOPark, A=0.04",336.0,1.4,False,7.274760605700314,0.07653482888888888,7.653482888888888,7.799054166666666,0.083925,8.3925
7.7%,0.07653482888888888,7.653482888888888,Nygaard2022,"TurbOPark, A=0.04",360.0,1.5,False,7.475020136499129,0.07653482888888888,7.653482888888888,7.8517125,0.0846125,8.46125
7.7%,0.07653482888888888,7.653482888888888,Nygaard2022_A0.06,"TurbOPark, A=0.06",-360.0,-1.5,False,7.775206142875691,0.07653482888888888,7.653482888888888,8.2632875,0.08397083333333333,8.397083333333333
7.7%,0.07653482888888888,7.653482888888888,Nygaard2022_A0.06,"TurbOPark, A=0.06",-336.0,-1.4,False,7.866115905239204,0.07653482888888888,7.653482888888888,8.315266666666666,0.08191666666666667,8.191666666666666
7.7%,0.07653482888888888,7.653482888888888,Nygaard2022_A0.06,"TurbOPark, A=0.06",-312.0,-1.3,False,7.958163156166069,0.07653482888888888,7.653482888888888,8.355883333333335,0.079275,7.9275
7.7%,0.07653482888888888,7.653482888888888,Nygaard2022_A0.06,"TurbOPark, A=0.06",-288.0,-1.2,False,8.035913144330467,0.07653482888888888,7.653482888888888,8.3695875,0.07785,7.785
7.7%,0.07653482888888888,7.653482888888888,Nygaard2022_A0.06,"TurbOPark, A=0.06",-264.0,-1.1,False,8.089402878430047,0.07653482888888888,7.653482888888888,8.3759625,0.07729166666666666,7.729166666666666
7.7%,0.07653482888888888,7.653482888888888,Nygaard2022_A0.06,"TurbOPark, A=0.06",-240.0,-1.0,False,8.117529188971785,0.07653482888888888,7.653482888888888,8.375008333333334,0.077625,7.7625
7.7%,0.07653482888888888,7.653482888888888,Nygaard2022_A0.06,"TurbOPark, A=0.06",-216.0,-0.9,False,8.127445622217902,0.07653482888888888,7.653482888888888,8.3722125,0.07754166666666668,7.754166666666667
7.7%,0.07653482888888888,7.653482888888888,Nygaard2022_A0.06,"TurbOPark, A=0.06",-192.0,-0.8,False,8.130325132564106,0.07653482888888888,7.653482888888888,8.372120833333334,0.07950833333333333,7.950833333333334
7.7%,0.07653482888888888,7.653482888888888,Nygaard2022_A0.06,"TurbOPark, A=0.06",-168.0,-0.7,False,8.13646684039173,0.07653482888888888,7.653482888888888,8.395104166666666,0.08047499999999999,8.0475
7.7%,0.07653482888888888,7.653482888888888,Nygaard2022_A0.06,"TurbOPark, A=0.06",-144.0,-0.6,False,8.152227904042697,0.07653482888888888,7.653482888888888,8.408004166666666,0.0812875,8.12875
7.7%,0.07653482888888888,7.653482888888888,Nygaard2022_A0.06,"TurbOPark, A=0.06",-120.0,-0.5,True,8.179263593184594,0.07653482888888888,7.653482888888888,8.398683333333333,0.0823,8.23
7.7%,0.07653482888888888,7.653482888888888,Nygaard2022_A0.06,"TurbOPark, A=0.06",-96.0,-0.4,True,8.215166356202598,0.07653482888888888,7.653482888888888,8.3687125,0.08320833333333334,8.320833333333335
7.7%,0.07653482888888888,7.653482888888888,Nygaard2022_A0.06,"TurbOPark, A=0.06",-72.0,-0.3,True,8.254721048478933,0.07653482888888888,7.653482888888888,8.326408333333333,0.08410416666666667,8.410416666666668
7.7%,0.07653482888888888,7.653482888888888,Nygaard2022_A0.06,"TurbOPark, A=0.06",-48.0,-0.2,True,8.291415602672815,0.07653482888888888,7.653482888888888,8.278204166666667,0.0857875,8.57875
7.7%,0.07653482888888888,7.653482888888888,Nygaard2022_A0.06,"TurbOPark, A=0.06",-24.0,-0.1,True,8.318404432753011,0.07653482888888888,7.653482888888888,8.233437499999999,0.08675416666666667,8.675416666666667
7.7%,0.07653482888888888,7.653482888888888,Nygaard2022_A0.06,"TurbOPark, A=0.06",0.0,0.0,True,8.328630536220198,0.07653482888888888,7.653482888888888,8.177191666666666,0.086725,8.6725
7.7%,0.07653482888888888,7.653482888888888,Nygaard2022_A0.06,"TurbOPark, A=0.06",24.0,0.1,True,8.314250372652978,0.07653482888888888,7.653482888888888,8.11985,0.0876875,8.76875
7.7%,0.07653482888888888,7.653482888888888,Nygaard2022_A0.06,"TurbOPark, A=0.06",48.0,0.2,True,8.266453819492495,0.07653482888888888,7.653482888888888,8.045795833333333,0.08802916666666666,8.802916666666667
7.7%,0.07653482888888888,7.653482888888888,Nygaard2022_A0.06,"TurbOPark, A=0.06",72.0,0.3,True,8.177475729816486,0.07653482888888888,7.653482888888888,7.992312500000001,0.08847916666666668,8.847916666666668
7.7%,0.07653482888888888,7.653482888888888,Nygaard2022_A0.06,"TurbOPark, A=0.06",96.0,0.4,True,8.044928906020163,0.07653482888888888,7.653482888888888,7.971504166666666,0.087875,8.7875
7.7%,0.07653482888888888,7.653482888888888,Nygaard2022_A0.06,"TurbOPark, A=0.06",120.0,0.5,True,7.875747596526243,0.07653482888888888,7.653482888888888,7.900383333333333,0.08824166666666666,8.824166666666667
7.7%,0.07653482888888888,7.653482888888888,Nygaard2022_A0.06,"TurbOPark, A=0.06",144.0,0.6,False,7.68679267231,0.07653482888888888,7.653482888888888,7.8137875,0.08926666666666666,8.926666666666666
7.7%,0.07653482888888888,7.653482888888888,Nygaard2022_A0.06,"TurbOPark, A=0.06",168.0,0.7,False,7.501890283553978,0.07653482888888888,7.653482888888888,7.7564625,0.08883333333333333,8.883333333333333
7.7%,0.07653482888888888,7.653482888888888,Nygaard2022_A0.06,"TurbOPark, A=0.06",192.0,0.8,False,7.347014194984894,0.07653482888888888,7.653482888888888,7.7120999999999995,0.08899166666666665,8.899166666666664
7.7%,0.07653482888888888,7.653482888888888,Nygaard2022_A0.06,"TurbOPark, A=0.06",216.0,0.9,False,7.245122320507141,0.07653482888888888,7.653482888888888,7.672833333333334,0.08954166666666667,8.954166666666667
7.7%,0.07653482888888888,7.653482888888888,Nygaard2022_A0.06,"TurbOPark, A=0.06",240.0,1.0,False,7.211524584268975,0.07653482888888888,7.653482888888888,7.6561375,0.08814583333333334,8.814583333333333
7.7%,0.07653482888888888,7.653482888888888,Nygaard2022_A0.06,"TurbOPark, A=0.06",264.0,1.1,False,7.25043727322204,0.07653482888888888,7.653482888888888,7.682908333333333,0.08612916666666667,8.612916666666667
7.7%,0.07653482888888888,7.653482888888888,Nygaard2022_A0.06,"TurbOPark, A=0.06",288.0,1.2,False,7.3532743419816375,0.07653482888888888,7.653482888888888,7.7153375,0.08383333333333333,8.383333333333333
7.7%,0.07653482888888888,7.653482888888888,Nygaard2022_A0.06,"TurbOPark, A=0.06",312.0,1.3,False,7.49921569567541,0.07653482888888888,7.653482888888888,7.762645833333334,0.08387916666666667,8.387916666666667
7.7%,0.07653482888888888,7.653482888888888,Nygaard2022_A0.06,"TurbOPark, A=0.06",336.0,1.4,False,7.658303872798397,0.07653482888888888,7.653482888888888,7.799054166666666,0.083925,8.3925
7.7%,0.07653482888888888,7.653482888888888,Nygaard2022_A0.06,"TurbOPark, A=0.06",360.0,1.5,False,7.797901787326319,0.07653482888888888,7.653482888888888,7.8517125,0.0846125,8.46125
8.3%,0.08270224333333333,8.270224333333333,BPA2014,BPA2014,-360.0,-1.5,False,8.584001809351504,0.12760634042378247,12.760634042378246,8.2632875,0.08397083333333333,8.397083333333333
8.3%,0.08270224333333333,8.270224333333333,BPA2014,BPA2014,-336.0,-1.4,False,8.633340132955565,0.12760634042378247,12.760634042378246,8.315266666666666,0.08191666666666667,8.191666666666666
8.3%,0.08270224333333333,8.270224333333333,BPA2014,BPA2014,-312.0,-1.3,False,8.671119495733967,0.12760634042378247,12.760634042378246,8.355883333333335,0.079275,7.9275
8.3%,0.08270224333333333,8.270224333333333,BPA2014,BPA2014,-288.0,-1.2,False,8.699951635727064,0.12760634042378247,12.760634042378246,8.3695875,0.07785,7.785
8.3%,0.08270224333333333,8.270224333333333,BPA2014,BPA2014,-264.0,-1.1,False,8.721890854269411,0.12760634042378247,12.760634042378246,8.3759625,0.07729166666666666,7.729166666666666
8.3%,0.08270224333333333,8.270224333333333,BPA2014,BPA2014,-240.0,-1.0,False,8.738329103624794,0.12760634042378247,12.760634042378246,8.375008333333334,0.077625,7.7625
8.3%,0.08270224333333333,8.270224333333333,BPA2014,BPA2014,-216.0,-0.9,False,8.750010171159154,0.12760634042378247,12.760634042378246,8.3722125,0.07754166666666668,7.754166666666667
8.3%,0.08270224333333333,8.270224333333333,BPA2014,BPA2014,-192.0,-0.8,False,8.75712060473875,0.12760634042378247,12.760634042378246,8.372120833333334,0.07950833333333333,7.950833333333334
8.3%,0.08270224333333333,8.270224333333333,BPA2014,BPA2014,-168.0,-0.7,False,8.759421403074125,0.12760634042378247,12.760634042378246,8.395104166666666,0.08047499999999999,8.0475
8.3%,0.08270224333333333,8.270224333333333,BPA2014,BPA2014,-144.0,-0.6,False,8.756394948270506,0.12760634042378247,12.760634042378246,8.408004166666666,0.0812875,8.12875
8.3%,0.08270224333333333,8.270224333333333,BPA2014,BPA2014,-120.0,-0.5,True,8.747391862391575,0.1409158491994531,14.09158491994531,8.398683333333333,0.0823,8.23
8.3%,0.08270224333333333,8.270224333333333,BPA2014,BPA2014,-96.0,-0.4,True,8.73176996186122,0.1409158491994531,14.09158491994531,8.3687125,0.08320833333333334,8.320833333333335
8.3%,0.08270224333333333,8.270224333333333,BPA2014,BPA2014,-72.0,-0.3,True,8.709021525712231,0.1409158491994531,14.09158491994531,8.326408333333333,0.08410416666666667,8.410416666666668
8.3%,0.08270224333333333,8.270224333333333,BPA2014,BPA2014,-48.0,-0.2,True,8.678886152498677,0.1409158491994531,14.09158491994531,8.278204166666667,0.0857875,8.57875
8.3%,0.08270224333333333,8.270224333333333,BPA2014,BPA2014,-24.0,-0.1,True,8.641445635719492,0.1409158491994531,14.09158491994531,8.233437499999999,0.08675416666666667,8.675416666666667
8.3%,0.08270224333333333,8.270224333333333,BPA2014,BPA2014,0.0,0.0,True,8.597195758772386,0.1409158491994531,14.09158491994531,8.177191666666666,0.086725,8.6725
8.3%,0.08270224333333333,8.270224333333333,BPA2014,BPA2014,24.0,0.1,True,8.547088758264962,0.1409158491994531,14.09158491994531,8.11985,0.0876875,8.76875
8.3%,0.08270224333333333,8.270224333333333,BPA2014,BPA2014,48.0,0.2,True,8.492540177915508,0.1409158491994531,14.09158491994531,8.045795833333333,0.08802916666666666,8.802916666666667
8.3%,0.08270224333333333,8.270224333333333,BPA2014,BPA2014,72.0,0.3,True,8.435395315616171,0.1409158491994531,14.09158491994531,7.992312500000001,0.08847916666666668,8.847916666666668
8.3%,0.08270224333333333,8.270224333333333,BPA2014,BPA2014,96.0,0.4,True,8.377853465250945,0.1409158491994531,14.09158491994531,7.971504166666666,0.087875,8.7875
8.3%,0.08270224333333333,8.270224333333333,BPA2014,BPA2014,120.0,0.5,True,8.322352346977846,0.1409158491994531,14.09158491994531,7.900383333333333,0.08824166666666666,8.824166666666667
8.3%,0.08270224333333333,8.270224333333333,BPA2014,BPA2014,144.0,0.6,False,8.27141990588632,0.1409158491994531,14.09158491994531,7.8137875,0.08926666666666666,8.926666666666666
8.3%,0.08270224333333333,8.270224333333333,BPA2014,BPA2014,168.0,0.7,False,8.22750526512545,0.1409158491994531,14.09158491994531,7.7564625,0.08883333333333333,8.883333333333333
8.3%,0.08270224333333333,8.270224333333333,BPA2014,BPA2014,192.0,0.8,False,8.19280422660672,0.1409158491994531,14.09158491994531,7.7120999999999995,0.08899166666666665,8.899166666666664
8.3%,0.08270224333333333,8.270224333333333,BPA2014,BPA2014,216.0,0.9,False,8.169096603751719,0.1409158491994531,14.09158491994531,7.672833333333334,0.08954166666666667,8.954166666666667
8.3%,0.08270224333333333,8.270224333333333,BPA2014,BPA2014,240.0,1.0,False,8.157612373624962,0.1409158491994531,14.09158491994531,7.6561375,0.08814583333333334,8.814583333333333
8.3%,0.08270224333333333,8.270224333333333,BPA2014,BPA2014,264.0,1.1,False,8.158941025556501,0.1409158491994531,14.09158491994531,7.682908333333333,0.08612916666666667,8.612916666666667
8.3%,0.08270224333333333,8.270224333333333,BPA2014,BPA2014,288.0,1.2,False,8.172993825699558,0.1409158491994531,14.09158491994531,7.7153375,0.08383333333333333,8.383333333333333
8.3%,0.08270224333333333,8.270224333333333,BPA2014,BPA2014,312.0,1.3,False,8.199022631549802,0.1409158491994531,14.09158491994531,7.762645833333334,0.08387916666666667,8.387916666666667
8.3%,0.08270224333333333,8.270224333333333,BPA2014,BPA2014,336.0,1.4,False,8.23569223516292,0.1409158491994531,14.09158491994531,7.799054166666666,0.083925,8.3925
8.3%,0.08270224333333333,8.270224333333333,BPA2014,BPA2014,360.0,1.5,False,8.281196902700504,0.1409158491994531,14.09158491994531,7.8517125,0.0846125,8.46125
8.3%,0.08270224333333333,8.270224333333333,NPA2016,NPA2016,-360.0,-1.5,False,8.749458515080217,0.14086950163727324,14.086950163727325,8.2632875,0.08397083333333333,8.397083333333333
8.3%,0.08270224333333333,8.270224333333333,NPA2016,NPA2016,-336.0,-1.4,False,8.788836226156526,0.14086950163727324,14.086950163727325,8.315266666666666,0.08191666666666667,8.191666666666666
8.3%,0.08270224333333333,8.270224333333333,NPA2016,NPA2016,-312.0,-1.3,False,8.820413626803244,0.14086950163727324,14.086950163727325,8.355883333333335,0.079275,7.9275
8.3%,0.08270224333333333,8.270224333333333,NPA2016,NPA2016,-288.0,-1.2,False,8.844471434539576,0.11640652290273178,11.640652290273177,8.3695875,0.07785,7.785
8.3%,0.08270224333333333,8.270224333333333,NPA2016,NPA2016,-264.0,-1.1,False,8.8615214455256,0.12684730775965583,12.684730775965583,8.3759625,0.07729166666666666,7.729166666666666
8.3%,0.08270224333333333,8.270224333333333,NPA2016,NPA2016,-240.0,-1.0,False,8.87221194069484,0.12684730775965583,12.684730775965583,8.375008333333334,0.077625,7.7625
8.3%,0.08270224333333333,8.270224333333333,NPA2016,NPA2016,-216.0,-0.9,False,8.87726045715215,0.12684730775965583,12.684730775965583,8.3722125,0.07754166666666668,7.754166666666667
8.3%,0.08270224333333333,8.270224333333333,NPA2016,NPA2016,-192.0,-0.8,False,8.877390226330121,0.12684730775965583,12.684730775965583,8.372120833333334,0.07950833333333333,7.950833333333334
8.3%,0.08270224333333333,8.270224333333333,NPA2016,NPA2016,-168.0,-0.7,False,8.873298382090548,0.12684730775965583,12.684730775965583,8.395104166666666,0.08047499999999999,8.0475
8.3%,0.08270224333333333,8.270224333333333,NPA2016,NPA2016,-144.0,-0.6,False,8.865645123108733,0.12684730775965583,12.684730775965583,8.408004166666666,0.0812875,8.12875
8.3%,0.08270224333333333,8.270224333333333,NPA2016,NPA2016,-120.0,-0.5,True,8.855021024950052,0.12684730775965583,12.684730775965583,8.398683333333333,0.0823,8.23
8.3%,0.08270224333333333,8.270224333333333,NPA2016,NPA2016,-96.0,-0.4,True,8.841977869965675,0.12684730775965583,12.684730775965583,8.3687125,0.08320833333333334,8.320833333333335
8.3%,0.08270224333333333,8.270224333333333,NPA2016,NPA2016,-72.0,-0.3,True,8.827025204174843,0.12684730775965583,12.684730775965583,8.326408333333333,0.08410416666666667,8.410416666666668
8.3%,0.08270224333333333,8.270224333333333,NPA2016,NPA2016,-48.0,-0.2,True,8.810645880126948,0.12684730775965583,12.684730775965583,8.278204166666667,0.0857875,8.57875
8.3%,0.08270224333333333,8.270224333333333,NPA2016,NPA2016,-24.0,-0.1,True,8.793307956612706,0.12684730775965583,12.684730775965583,8.233437499999999,0.08675416666666667,8.675416666666667
8.3%,0.08270224333333333,8.270224333333333,NPA2016,NPA2016,0.0,0.0,True,8.775473006588406,0.12684730775965583,12.684730775965583,8.177191666666666,0.086725,8.6725
8.3%,0.08270224333333333,8.270224333333333,NPA2016,NPA2016,24.0,0.1,True,8.757604453335778,0.12684730775965583,12.684730775965583,8.11985,0.0876875,8.76875
8.3%,0.08270224333333333,8.270224333333333,NPA2016,NPA2016,48.0,0.2,True,8.740161811064723,0.12684730775965583,12.684730775965583,8.045795833333333,0.08802916666666666,8.802916666666667
8.3%,0.08270224333333333,8.270224333333333,NPA2016,NPA2016,72.0,0.3,True,8.72360653588513,0.12684730775965583,12.684730775965583,7.992312500000001,0.08847916666666668,8.847916666666668
8.3%,0.08270224333333333,8.270224333333333,NPA2016,NPA2016,96.0,0.4,True,8.70838387678851,0.12684730775965583,12.684730775965583,7.971504166666666,0.087875,8.7875
8.3%,0.08270224333333333,8.270224333333333,NPA2016,NPA2016,120.0,0.5,True,8.694914899565012,0.12684730775965583,12.684730775965583,7.900383333333333,0.08824166666666666,8.824166666666667
8.3%,0.08270224333333333,8.270224333333333,NPA2016,NPA2016,144.0,0.6,False,8.683591451526455,0.12684730775965583,12.684730775965583,7.8137875,0.08926666666666666,8.926666666666666
8.3%,0.08270224333333333,8.270224333333333,NPA2016,NPA2016,168.0,0.7,False,8.674754252047714,0.12684730775965583,12.684730775965583,7.7564625,0.08883333333333333,8.883333333333333
8.3%,0.08270224333333333,8.270224333333333,NPA2016,NPA2016,192.0,0.8,False,8.668675848773209,0.12684730775965583,12.684730775965583,7.7120999999999995,0.08899166666666665,8.899166666666664
8.3%,0.08270224333333333,8.270224333333333,NPA2016,NPA2016,216.0,0.9,False,8.665568220639337,0.12684730775965583,12.684730775965583,7.672833333333334,0.08954166666666667,8.954166666666667
8.3%,0.08270224333333333,8.270224333333333,NPA2016,NPA2016,240.0,1.0,False,8.665549322814341,0.12684730775965583,12.684730775965583,7.6561375,0.08814583333333334,8.814583333333333
8.3%,0.08270224333333333,8.270224333333333,NPA2016,NPA2016,264.0,1.1,False,8.668650673169282,0.12684730775965583,12.684730775965583,7.682908333333333,0.08612916666666667,8.612916666666667
8.3%,0.08270224333333333,8.270224333333333,NPA2016,NPA2016,288.0,1.2,False,8.67482016749732,0.12684730775965583,12.684730775965583,7.7153375,0.08383333333333333,8.383333333333333
8.3%,0.08270224333333333,8.270224333333333,NPA2016,NPA2016,312.0,1.3,False,8.683898567812875,0.12684730775965583,12.684730775965583,7.762645833333334,0.08387916666666667,8.387916666666667
8.3%,0.08270224333333333,8.270224333333333,NPA2016,NPA2016,336.0,1.4,False,8.695633741854605,0.12684730775965583,12.684730775965583,7.799054166666666,0.083925,8.3925
8.3%,0.08270224333333333,8.270224333333333,NPA2016,NPA2016,360.0,1.5,False,8.70968927263676,0.12684730775965583,12.684730775965583,7.8517125,0.0846125,8.46125
8.3%,0.08270224333333333,8.270224333333333,Nygaard2022,"TurbOPark, A=0.04",-360.0,-1.5,False,7.271562834335099,0.08270224333333333,8.270224333333333,8.2632875,0.08397083333333333,8.397083333333333
8.3%,0.08270224333333333,8.270224333333333,Nygaard2022,"TurbOPark, A=0.04",-336.0,-1.4,False,7.448595071291543,0.08270224333333333,8.270224333333333,8.315266666666666,0.08191666666666667,8.191666666666666
8.3%,0.08270224333333333,8.270224333333333,Nygaard2022,"TurbOPark, A=0.04",-312.0,-1.3,False,7.6098518174770895,0.08270224333333333,8.270224333333333,8.355883333333335,0.079275,7.9275
8.3%,0.08270224333333333,8.270224333333333,Nygaard2022,"TurbOPark, A=0.04",-288.0,-1.2,False,7.716317230720842,0.08270224333333333,8.270224333333333,8.3695875,0.07785,7.785
8.3%,0.08270224333333333,8.270224333333333,Nygaard2022,"TurbOPark, A=0.04",-264.0,-1.1,False,7.75062941159444,0.08270224333333333,8.270224333333333,8.3759625,0.07729166666666666,7.729166666666666
8.3%,0.08270224333333333,8.270224333333333,Nygaard2022,"TurbOPark, A=0.04",-240.0,-1.0,False,7.7264561141070285,0.08270224333333333,8.270224333333333,8.375008333333334,0.077625,7.7625
8.3%,0.08270224333333333,8.270224333333333,Nygaard2022,"TurbOPark, A=0.04",-216.0,-0.9,False,7.677608473682343,0.08270224333333333,8.270224333333333,8.3722125,0.07754166666666668,7.754166666666667
8.3%,0.08270224333333333,8.270224333333333,Nygaard2022,"TurbOPark, A=0.04",-192.0,-0.8,False,7.638158596515897,0.08270224333333333,8.270224333333333,8.372120833333334,0.07950833333333333,7.950833333333334
8.3%,0.08270224333333333,8.270224333333333,Nygaard2022,"TurbOPark, A=0.04",-168.0,-0.7,False,7.630479040421662,0.08270224333333333,8.270224333333333,8.395104166666666,0.08047499999999999,8.0475
8.3%,0.08270224333333333,8.270224333333333,Nygaard2022,"TurbOPark, A=0.04",-144.0,-0.6,False,7.662137732508511,0.08270224333333333,8.270224333333333,8.408004166666666,0.0812875,8.12875
8.3%,0.08270224333333333,8.270224333333333,Nygaard2022,"TurbOPark, A=0.04",-120.0,-0.5,True,7.7277176244089025,0.08270224333333333,8.270224333333333,8.398683333333333,0.0823,8.23
8.3%,0.08270224333333333,8.270224333333333,Nygaard2022,"TurbOPark, A=0.04",-96.0,-0.4,True,7.811975829591172,0.08270224333333333,8.270224333333333,8.3687125,0.08320833333333334,8.320833333333335
8.3%,0.08270224333333333,8.270224333333333,Nygaard2022,"TurbOPark, A=0.04",-72.0,-0.3,True,7.894652143641064,0.08270224333333333,8.270224333333333,8.326408333333333,0.08410416666666667,8.410416666666668
8.3%,0.08270224333333333,8.270224333333333,Nygaard2022,"TurbOPark, A=0.04",-48.0,-0.2,True,7.956754502669877,0.08270224333333333,8.270224333333333,8.278204166666667,0.0857875,8.57875
8.3%,0.08270224333333333,8.270224333333333,Nygaard2022,"TurbOPark, A=0.04",-24.0,-0.1,True,7.9870518136553805,0.08270224333333333,8.270224333333333,8.233437499999999,0.08675416666666667,8.675416666666667
8.3%,0.08270224333333333,8.270224333333333,Nygaard2022,"TurbOPark, A=0.04",0.0,0.0,True,7.9847213113570294,0.08270224333333333,8.270224333333333,8.177191666666666,0.086725,8.6725
8.3%,0.08270224333333333,8.270224333333333,Nygaard2022,"TurbOPark, A=0.04",24.0,0.1,True,7.9548143563059,0.08270224333333333,8.270224333333333,8.11985,0.0876875,8.76875
8.3%,0.08270224333333333,8.270224333333333,Nygaard2022,"TurbOPark, A=0.04",48.0,0.2,True,7.899083581892972,0.08270224333333333,8.270224333333333,8.045795833333333,0.08802916666666666,8.802916666666667
8.3%,0.08270224333333333,8.270224333333333,Nygaard2022,"TurbOPark, A=0.04",72.0,0.3,True,7.8092740044761335,0.08270224333333333,8.270224333333333,7.992312500000001,0.08847916666666668,8.847916666666668
8.3%,0.08270224333333333,8.270224333333333,Nygaard2022,"TurbOPark, A=0.04",96.0,0.4,True,7.669461796198996,0.08270224333333333,8.270224333333333,7.971504166666666,0.087875,8.7875
8.3%,0.08270224333333333,8.270224333333333,Nygaard2022,"TurbOPark, A=0.04",120.0,0.5,True,7.4688631329589015,0.08270224333333333,8.270224333333333,7.900383333333333,0.08824166666666666,8.824166666666667
8.3%,0.08270224333333333,8.270224333333333,Nygaard2022,"TurbOPark, A=0.04",144.0,0.6,False,7.216560676696341,0.08270224333333333,8.270224333333333,7.8137875,0.08926666666666666,8.926666666666666
8.3%,0.08270224333333333,8.270224333333333,Nygaard2022,"TurbOPark, A=0.04",168.0,0.7,False,6.945613145433699,0.08270224333333333,8.270224333333333,7.7564625,0.08883333333333333,8.883333333333333
8.3%,0.08270224333333333,8.270224333333333,Nygaard2022,"TurbOPark, A=0.04",192.0,0.8,False,6.704150731031645,0.08270224333333333,8.270224333333333,7.7120999999999995,0.08899166666666665,8.899166666666664
8.3%,0.08270224333333333,8.270224333333333,Nygaard2022,"TurbOPark, A=0.04",216.0,0.9,False,6.540986284377915,0.08270224333333333,8.270224333333333,7.672833333333334,0.08954166666666667,8.954166666666667
8.3%,0.08270224333333333,8.270224333333333,Nygaard2022,"TurbOPark, A=0.04",240.0,1.0,False,6.492100016279261,0.08270224333333333,8.270224333333333,7.6561375,0.08814583333333334,8.814583333333333
8.3%,0.08270224333333333,8.270224333333333,Nygaard2022,"TurbOPark, A=0.04",264.0,1.1,False,6.570701065099944,0.08270224333333333,8.270224333333333,7.682908333333333,0.08612916666666667,8.612916666666667
8.3%,0.08270224333333333,8.270224333333333,Nygaard2022,"TurbOPark, A=0.04",288.0,1.2,False,6.762073123174208,0.08270224333333333,8.270224333333333,7.7153375,0.08383333333333333,8.383333333333333
8.3%,0.08270224333333333,8.270224333333333,Nygaard2022,"TurbOPark, A=0.04",312.0,1.3,False,7.023771072010883,0.08270224333333333,8.270224333333333,7.762645833333334,0.08387916666666667,8.387916666666667
8.3%,0.08270224333333333,8.270224333333333,Nygaard2022,"TurbOPark, A=0.04",336.0,1.4,False,7.291157491472623,0.08270224333333333,8.270224333333333,7.799054166666666,0.083925,8.3925
8.3%,0.08270224333333333,8.270224333333333,Nygaard2022,"TurbOPark, A=0.04",360.0,1.5,False,7.492102771399902,0.08270224333333333,8.270224333333333,7.8517125,0.0846125,8.46125
8.3%,0.08270224333333333,8.270224333333333,Nygaard2022_A0.06,"TurbOPark, A=0.06",-360.0,-1.5,False,7.809803978498859,0.08270224333333333,8.270224333333333,8.2632875,0.08397083333333333,8.397083333333333
8.3%,0.08270224333333333,8.270224333333333,Nygaard2022_A0.06,"TurbOPark, A=0.06",-336.0,-1.4,False,7.896776578136377,0.08270224333333333,8.270224333333333,8.315266666666666,0.08191666666666667,8.191666666666666
8.3%,0.08270224333333333,8.270224333333333,Nygaard2022_A0.06,"TurbOPark, A=0.06",-312.0,-1.3,False,7.98620953094089,0.08270224333333333,8.270224333333333,8.355883333333335,0.079275,7.9275
8.3%,0.08270224333333333,8.270224333333333,Nygaard2022_A0.06,"TurbOPark, A=0.06",-288.0,-1.2,False,8.063695462616334,0.08270224333333333,8.270224333333333,8.3695875,0.07785,7.785
8.3%,0.08270224333333333,8.270224333333333,Nygaard2022_A0.06,"TurbOPark, A=0.06",-264.0,-1.1,False,8.119491949745981,0.08270224333333333,8.270224333333333,8.3759625,0.07729166666666666,7.729166666666666
8.3%,0.08270224333333333,8.270224333333333,Nygaard2022_A0.06,"TurbOPark, A=0.06",-240.0,-1.0,False,8.151721736163651,0.08270224333333333,8.270224333333333,8.375008333333334,0.077625,7.7625
8.3%,0.08270224333333333,8.270224333333333,Nygaard2022_A0.06,"TurbOPark, A=0.06",-216.0,-0.9,False,8.166119289390942,0.08270224333333333,8.270224333333333,8.3722125,0.07754166666666668,7.754166666666667
8.3%,0.08270224333333333,8.270224333333333,Nygaard2022_A0.06,"TurbOPark, A=0.06",-192.0,-0.8,False,8.172487282327117,0.08270224333333333,8.270224333333333,8.372120833333334,0.07950833333333333,7.950833333333334
8.3%,0.08270224333333333,8.270224333333333,Nygaard2022_A0.06,"TurbOPark, A=0.06",-168.0,-0.7,False,8.180357074492736,0.08270224333333333,8.270224333333333,8.395104166666666,0.08047499999999999,8.0475
8.3%,0.08270224333333333,8.270224333333333,Nygaard2022_A0.06,"TurbOPark, A=0.06",-144.0,-0.6,False,8.19596398386809,0.08270224333333333,8.270224333333333,8.408004166666666,0.0812875,8.12875
8.3%,0.08270224333333333,8.270224333333333,Nygaard2022_A0.06,"TurbOPark, A=0.06",-120.0,-0.5,True,8.221430192268084,0.08270224333333333,8.270224333333333,8.398683333333333,0.0823,8.23
8.3%,0.08270224333333333,8.270224333333333,Nygaard2022_A0.06,"TurbOPark, A=0.06",-96.0,-0.4,True,8.255070368988418,0.08270224333333333,8.270224333333333,8.3687125,0.08320833333333334,8.320833333333335
8.3%,0.08270224333333333,8.270224333333333,Nygaard2022_A0.06,"TurbOPark, A=0.06",-72.0,-0.3,True,8.292565220573557,0.08270224333333333,8.270224333333333,8.326408333333333,0.08410416666666667,8.410416666666668
8.3%,0.08270224333333333,8.270224333333333,Nygaard2022_A0.06,"TurbOPark, A=0.06",-48.0,-0.2,True,8.32806320484474,0.08270224333333333,8.270224333333333,8.278204166666667,0.0857875,8.57875
8.3%,0.08270224333333333,8.270224333333333,Nygaard2022_A0.06,"TurbOPark, A=0.06",-24.0,-0.1,True,8.354925200952666,0.08270224333333333,8.270224333333333,8.233437499999999,0.08675416666666667,8.675416666666667
8.3%,0.08270224333333333,8.270224333333333,Nygaard2022_A0.06,"TurbOPark, A=0.06",0.0,0.0,True,8.365723522934736,0.08270224333333333,8.270224333333333,8.177191666666666,0.086725,8.6725
8.3%,0.08270224333333333,8.270224333333333,Nygaard2022_A0.06,"TurbOPark, A=0.06",24.0,0.1,True,8.351785560777504,0.08270224333333333,8.270224333333333,8.11985,0.0876875,8.76875
8.3%,0.08270224333333333,8.270224333333333,Nygaard2022_A0.06,"TurbOPark, A=0.06",48.0,0.2,True,8.303539705951069,0.08270224333333333,8.270224333333333,8.045795833333333,0.08802916666666666,8.802916666666667
8.3%,0.08270224333333333,8.270224333333333,Nygaard2022_A0.06,"TurbOPark, A=0.06",72.0,0.3,True,8.21302851363359,0.08270224333333333,8.270224333333333,7.992312500000001,0.08847916666666668,8.847916666666668
8.3%,0.08270224333333333,8.270224333333333,Nygaard2022_A0.06,"TurbOPark, A=0.06",96.0,0.4,True,8.078495314468906,0.08270224333333333,8.270224333333333,7.971504166666666,0.087875,8.7875
8.3%,0.08270224333333333,8.270224333333333,Nygaard2022_A0.06,"TurbOPark, A=0.06",120.0,0.5,True,7.907802398755704,0.08270224333333333,8.270224333333333,7.900383333333333,0.08824166666666666,8.824166666666667
8.3%,0.08270224333333333,8.270224333333333,Nygaard2022_A0.06,"TurbOPark, A=0.06",144.0,0.6,False,7.718358800563119,0.08270224333333333,8.270224333333333,7.8137875,0.08926666666666666,8.926666666666666
8.3%,0.08270224333333333,8.270224333333333,Nygaard2022_A0.06,"TurbOPark, A=0.06",168.0,0.7,False,7.533879082286554,0.08270224333333333,8.270224333333333,7.7564625,0.08883333333333333,8.883333333333333
8.3%,0.08270224333333333,8.270224333333333,Nygaard2022_A0.06,"TurbOPark, A=0.06",192.0,0.8,False,7.3796957966971455,0.08270224333333333,8.270224333333333,7.7120999999999995,0.08899166666666665,8.899166666666664
8.3%,0.08270224333333333,8.270224333333333,Nygaard2022_A0.06,"TurbOPark, A=0.06",216.0,0.9,False,7.277964930131008,0.08270224333333333,8.270224333333333,7.672833333333334,0.08954166666666667,8.954166666666667
8.3%,0.08270224333333333,8.270224333333333,Nygaard2022_A0.06,"TurbOPark, A=0.06",240.0,1.0,False,7.243341704705976,0.08270224333333333,8.270224333333333,7.6561375,0.08814583333333334,8.814583333333333
8.3%,0.08270224333333333,8.270224333333333,Nygaard2022_A0.06,"TurbOPark, A=0.06",264.0,1.1,False,7.2797916218173455,0.08270224333333333,8.270224333333333,7.682908333333333,0.08612916666666667,8.612916666666667
8.3%,0.08270224333333333,8.270224333333333,Nygaard2022_A0.06,"TurbOPark, A=0.06",288.0,1.2,False,7.379070827346213,0.08270224333333333,8.270224333333333,7.7153375,0.08383333333333333,8.383333333333333
8.3%,0.08270224333333333,8.270224333333333,Nygaard2022_A0.06,"TurbOPark, A=0.06",312.0,1.3,False,7.52127287916833,0.08270224333333333,8.270224333333333,7.762645833333334,0.08387916666666667,8.387916666666667
8.3%,0.08270224333333333,8.270224333333333,Nygaard2022_A0.06,"TurbOPark, A=0.06",336.0,1.4,False,7.677813179865302,0.08270224333333333,8.270224333333333,7.799054166666666,0.083925,8.3925
8.3%,0.08270224333333333,8.270224333333333,Nygaard2022_A0.06,"TurbOPark, A=0.06",360.0,1.5,False,7.817452257856288,0.08270224333333333,8.270224333333333,7.8517125,0.0846125,8.46125
8.9%,0.08886965777777778,8.886965777777778,BPA2014,BPA2014,-360.0,-1.5,False,8.584001809351504,0.13151990801702323,13.151990801702324,8.2632875,0.08397083333333333,8.397083333333333
8.9%,0.08886965777777778,8.886965777777778,BPA2014,BPA2014,-336.0,-1.4,False,8.633340132955565,0.13151990801702323,13.151990801702324,8.315266666666666,0.08191666666666667,8.191666666666666
8.9%,0.08886965777777778,8.886965777777778,BPA2014,BPA2014,-312.0,-1.3,False,8.671119495733967,0.13151990801702323,13.151990801702324,8.355883333333335,0.079275,7.9275
8.9%,0.08886965777777778,8.886965777777778,BPA2014,BPA2014,-288.0,-1.2,False,8.699951635727064,0.13151990801702323,13.151990801702324,8.3695875,0.07785,7.785
8.9%,0.08886965777777778,8.886965777777778,BPA2014,BPA2014,-264.0,-1.1,False,8.721890854269411,0.13151990801702323,13.151990801702324,8.3759625,0.07729166666666666,7.729166666666666
8.9%,0.08886965777777778,8.886965777777778,BPA2014,BPA2014,-240.0,-1.0,False,8.738329103624794,0.13151990801702323,13.151990801702324,8.375008333333334,0.077625,7.7625
8.9%,0.08886965777777778,8.886965777777778,BPA2014,BPA2014,-216.0,-0.9,False,8.750010171159154,0.13151990801702323,13.151990801702324,8.3722125,0.07754166666666668,7.754166666666667
8.9%,0.08886965777777778,8.886965777777778,BPA2014,BPA2014,-192.0,-0.8,False,8.75712060473875,0.13151990801702323,13.151990801702324,8.372120833333334,0.07950833333333333,7.950833333333334
8.9%,0.08886965777777778,8.886965777777778,BPA2014,BPA2014,-168.0,-0.7,False,8.759421403074125,0.13151990801702323,13.151990801702324,8.395104166666666,0.08047499999999999,8.0475
8.9%,0.08886965777777778,8.886965777777778,BPA2014,BPA2014,-144.0,-0.6,False,8.756394948270506,0.13151990801702323,13.151990801702324,8.408004166666666,0.0812875,8.12875
8.9%,0.08886965777777778,8.886965777777778,BPA2014,BPA2014,-120.0,-0.5,True,8.747391862391575,0.14441161808583977,14.441161808583978,8.398683333333333,0.0823,8.23
8.9%,0.08886965777777778,8.886965777777778,BPA2014,BPA2014,-96.0,-0.4,True,8.73176996186122,0.14441161808583977,14.441161808583978,8.3687125,0.08320833333333334,8.320833333333335
8.9%,0.08886965777777778,8.886965777777778,BPA2014,BPA2014,-72.0,-0.3,True,8.709021525712231,0.14441161808583977,14.441161808583978,8.326408333333333,0.08410416666666667,8.410416666666668
8.9%,0.08886965777777778,8.886965777777778,BPA2014,BPA2014,-48.0,-0.2,True,8.678886152498677,0.14441161808583977,14.441161808583978,8.278204166666667,0.0857875,8.57875
8.9%,0.08886965777777778,8.886965777777778,BPA2014,BPA2014,-24.0,-0.1,True,8.641445635719492,0.14441161808583977,14.441161808583978,8.233437499999999,0.08675416666666667,8.675416666666667
8.9%,0.08886965777777778,8.886965777777778,BPA2014,BPA2014,0.0,0.0,True,8.597195758772386,0.14441161808583977,14.441161808583978,8.177191666666666,0.086725,8.6725
8.9%,0.08886965777777778,8.886965777777778,BPA2014,BPA2014,24.0,0.1,True,8.547088758264962,0.14441161808583977,14.441161808583978,8.11985,0.0876875,8.76875
8.9%,0.08886965777777778,8.886965777777778,BPA2014,BPA2014,48.0,0.2,True,8.492540177915508,0.14441161808583977,14.441161808583978,8.045795833333333,0.08802916666666666,8.802916666666667
8.9%,0.08886965777777778,8.886965777777778,BPA2014,BPA2014,72.0,0.3,True,8.435395315616171,0.14441161808583977,14.441161808583978,7.992312500000001,0.08847916666666668,8.847916666666668
8.9%,0.08886965777777778,8.886965777777778,BPA2014,BPA2014,96.0,0.4,True,8.377853465250945,0.14441161808583977,14.441161808583978,7.971504166666666,0.087875,8.7875
8.9%,0.08886965777777778,8.886965777777778,BPA2014,BPA2014,120.0,0.5,True,8.322352346977846,0.14441161808583977,14.441161808583978,7.900383333333333,0.08824166666666666,8.824166666666667
8.9%,0.08886965777777778,8.886965777777778,BPA2014,BPA2014,144.0,0.6,False,8.27141990588632,0.14441161808583977,14.441161808583978,7.8137875,0.08926666666666666,8.926666666666666
8.9%,0.08886965777777778,8.886965777777778,BPA2014,BPA2014,168.0,0.7,False,8.22750526512545,0.14441161808583977,14.441161808583978,7.7564625,0.08883333333333333,8.883333333333333
8.9%,0.08886965777777778,8.886965777777778,BPA2014,BPA2014,192.0,0.8,False,8.19280422660672,0.14441161808583977,14.441161808583978,7.7120999999999995,0.08899166666666665,8.899166666666664
8.9%,0.08886965777777778,8.886965777777778,BPA2014,BPA2014,216.0,0.9,False,8.169096603751719,0.14441161808583977,14.441161808583978,7.672833333333334,0.08954166666666667,8.954166666666667
8.9%,0.08886965777777778,8.886965777777778,BPA2014,BPA2014,240.0,1.0,False,8.157612373624962,0.14441161808583977,14.441161808583978,7.6561375,0.08814583333333334,8.814583333333333
8.9%,0.08886965777777778,8.886965777777778,BPA2014,BPA2014,264.0,1.1,False,8.158941025556501,0.14441161808583977,14.441161808583978,7.682908333333333,0.08612916666666667,8.612916666666667
8.9%,0.08886965777777778,8.886965777777778,BPA2014,BPA2014,288.0,1.2,False,8.172993825699558,0.14441161808583977,14.441161808583978,7.7153375,0.08383333333333333,8.383333333333333
8.9%,0.08886965777777778,8.886965777777778,BPA2014,BPA2014,312.0,1.3,False,8.199022631549802,0.14441161808583977,14.441161808583978,7.762645833333334,0.08387916666666667,8.387916666666667
8.9%,0.08886965777777778,8.886965777777778,BPA2014,BPA2014,336.0,1.4,False,8.23569223516292,0.14441161808583977,14.441161808583978,7.799054166666666,0.083925,8.3925
8.9%,0.08886965777777778,8.886965777777778,BPA2014,BPA2014,360.0,1.5,False,8.281196902700504,0.14441161808583977,14.441161808583978,7.8517125,0.0846125,8.46125
8.9%,0.08886965777777778,8.886965777777778,NPA2016,NPA2016,-360.0,-1.5,False,8.764479970755188,0.14478522435140326,14.478522435140325,8.2632875,0.08397083333333333,8.397083333333333
8.9%,0.08886965777777778,8.886965777777778,NPA2016,NPA2016,-336.0,-1.4,False,8.802846805981655,0.14478522435140326,14.478522435140325,8.315266666666666,0.08191666666666667,8.191666666666666
8.9%,0.08886965777777778,8.886965777777778,NPA2016,NPA2016,-312.0,-1.3,False,8.833905616928089,0.14478522435140326,14.478522435140325,8.355883333333335,0.079275,7.9275
8.9%,0.08886965777777778,8.886965777777778,NPA2016,NPA2016,-288.0,-1.2,False,8.857839549093738,0.1209949071653364,12.099490716533639,8.3695875,0.07785,7.785
8.9%,0.08886965777777778,8.886965777777778,NPA2016,NPA2016,-264.0,-1.1,False,8.875063057991012,0.13111558815117286,13.111558815117286,8.3759625,0.07729166666666666,7.729166666666666
8.9%,0.08886965777777778,8.886965777777778,NPA2016,NPA2016,-240.0,-1.0,False,8.886154577184769,0.13111558815117286,13.111558815117286,8.375008333333334,0.077625,7.7625
8.9%,0.08886965777777778,8.886965777777778,NPA2016,NPA2016,-216.0,-0.9,False,8.891762562001865,0.13111558815117286,13.111558815117286,8.3722125,0.07754166666666668,7.754166666666667
8.9%,0.08886965777777778,8.886965777777778,NPA2016,NPA2016,-192.0,-0.8,False,8.892571579693234,0.13111558815117286,13.111558815117286,8.372120833333334,0.07950833333333333,7.950833333333334
8.9%,0.08886965777777778,8.886965777777778,NPA2016,NPA2016,-168.0,-0.7,False,8.88925975288297,0.13111558815117286,13.111558815117286,8.395104166666666,0.08047499999999999,8.0475
8.9%,0.08886965777777778,8.886965777777778,NPA2016,NPA2016,-144.0,-0.6,False,8.882463897542342,0.13111558815117286,13.111558815117286,8.408004166666666,0.0812875,8.12875
8.9%,0.08886965777777778,8.886965777777778,NPA2016,NPA2016,-120.0,-0.5,True,8.872783447229628,0.13111558815117286,13.111558815117286,8.398683333333333,0.0823,8.23
8.9%,0.08886965777777778,8.886965777777778,NPA2016,NPA2016,-96.0,-0.4,True,8.860772417120328,0.13111558815117286,13.111558815117286,8.3687125,0.08320833333333334,8.320833333333335
8.9%,0.08886965777777778,8.886965777777778,NPA2016,NPA2016,-72.0,-0.3,True,8.846943685428924,0.13111558815117286,13.111558815117286,8.326408333333333,0.08410416666666667,8.410416666666668
8.9%,0.08886965777777778,8.886965777777778,NPA2016,NPA2016,-48.0,-0.2,True,8.831778392752431,0.13111558815117286,13.111558815117286,8.278204166666667,0.0857875,8.57875
8.9%,0.08886965777777778,8.886965777777778,NPA2016,NPA2016,-24.0,-0.1,True,8.815741255420928,0.13111558815117286,13.111558815117286,8.233437499999999,0.08675416666666667,8.675416666666667
8.9%,0.08886965777777778,8.886965777777778,NPA2016,NPA2016,0.0,0.0,True,8.799276854572733,0.13111558815117286,13.111558815117286,8.177191666666666,0.086725,8.6725
8.9%,0.08886965777777778,8.886965777777778,NPA2016,NPA2016,24.0,0.1,True,8.782824157159109,0.13111558815117286,13.111558815117286,8.11985,0.0876875,8.76875
8.9%,0.08886965777777778,8.886965777777778,NPA2016,NPA2016,48.0,0.2,True,8.7668106395015,0.13111558815117286,13.111558815117286,8.045795833333333,0.08802916666666666,8.802916666666667
8.9%,0.08886965777777778,8.886965777777778,NPA2016,NPA2016,72.0,0.3,True,8.751652717796146,0.13111558815117286,13.111558815117286,7.992312500000001,0.08847916666666668,8.847916666666668
8.9%,0.08886965777777778,8.886965777777778,NPA2016,NPA2016,96.0,0.4,True,8.737752453515329,0.13111558815117286,13.111558815117286,7.971504166666666,0.087875,8.7875
8.9%,0.08886965777777778,8.886965777777778,NPA2016,NPA2016,120.0,0.5,True,8.72548500459606,0.13111558815117286,13.111558815117286,7.900383333333333,0.08824166666666666,8.824166666666667
8.9%,0.08886965777777778,8.886965777777778,NPA2016,NPA2016,144.0,0.6,False,8.715194289387025,0.13111558815117286,13.111558815117286,7.8137875,0.08926666666666666,8.926666666666666
8.9%,0.08886965777777778,8.886965777777778,NPA2016,NPA2016,168.0,0.7,False,8.707174819336466,0.13111558815117286,13.111558815117286,7.7564625,0.08883333333333333,8.883333333333333
8.9%,0.08886965777777778,8.886965777777778,NPA2016,NPA2016,192.0,0.8,False,8.701666094287885,0.13111558815117286,13.111558815117286,7.7120999999999995,0.08899166666666665,8.899166666666664
8.9%,0.08886965777777778,8.886965777777778,NPA2016,NPA2016,216.0,0.9,False,8.698842705967351,0.13111558815117286,13.111558815117286,7.672833333333334,0.08954166666666667,8.954166666666667
8.9%,0.08886965777777778,8.886965777777778,NPA2016,NPA2016,240.0,1.0,False,8.698807254194355,0.13111558815117286,13.111558815117286,7.6561375,0.08814583333333334,8.814583333333333
8.9%,0.08886965777777778,8.886965777777778,NPA2016,NPA2016,264.0,1.1,False,8.701585126796203,0.13111558815117286,13.111558815117286,7.682908333333333,0.08612916666666667,8.612916666666667
8.9%,0.08886965777777778,8.886965777777778,NPA2016,NPA2016,288.0,1.2,False,8.707118732178293,0.13111558815117286,13.111558815117286,7.7153375,0.08383333333333333,8.383333333333333
8.9%,0.08886965777777778,8.886965777777778,NPA2016,NPA2016,312.0,1.3,False,8.715268699179443,0.13111558815117286,13.111558815117286,7.762645833333334,0.08387916666666667,8.387916666666667
8.9%,0.08886965777777778,8.886965777777778,NPA2016,NPA2016,336.0,1.4,False,8.725810359125035,0.13111558815117286,13.111558815117286,7.799054166666666,0.083925,8.3925
8.9%,0.08886965777777778,8.886965777777778,NPA2016,NPA2016,360.0,1.5,False,8.73843071547099,0.13111558815117286,13.111558815117286,7.8517125,0.0846125,8.46125
8.9%,0.08886965777777778,8.886965777777778,Nygaard2022,"TurbOPark, A=0.04",-360.0,-1.5,False,7.307707349734979,0.08886965777777778,8.886965777777778,8.2632875,0.08397083333333333,8.397083333333333
8.9%,0.08886965777777778,8.886965777777778,Nygaard2022,"TurbOPark, A=0.04",-336.0,-1.4,False,7.478170231270937,0.08886965777777778,8.886965777777778,8.315266666666666,0.08191666666666667,8.191666666666666
8.9%,0.08886965777777778,8.886965777777778,Nygaard2022,"TurbOPark, A=0.04",-312.0,-1.3,False,7.6355232093513346,0.08886965777777778,8.886965777777778,8.355883333333335,0.079275,7.9275
8.9%,0.08886965777777778,8.886965777777778,Nygaard2022,"TurbOPark, A=0.04",-288.0,-1.2,False,7.743041514873403,0.08886965777777778,8.886965777777778,8.3695875,0.07785,7.785
8.9%,0.08886965777777778,8.886965777777778,Nygaard2022,"TurbOPark, A=0.04",-264.0,-1.1,False,7.783503894819423,0.08886965777777778,8.886965777777778,8.3759625,0.07729166666666666,7.729166666666666
8.9%,0.08886965777777778,8.886965777777778,Nygaard2022,"TurbOPark, A=0.04",-240.0,-1.0,False,7.768124417297884,0.08886965777777778,8.886965777777778,8.375008333333334,0.077625,7.7625
8.9%,0.08886965777777778,8.886965777777778,Nygaard2022,"TurbOPark, A=0.04",-216.0,-0.9,False,7.727359980323511,0.08886965777777778,8.886965777777778,8.3722125,0.07754166666666668,7.754166666666667
8.9%,0.08886965777777778,8.886965777777778,Nygaard2022,"TurbOPark, A=0.04",-192.0,-0.8,False,7.693034332515947,0.08886965777777778,8.886965777777778,8.372120833333334,0.07950833333333333,7.950833333333334
8.9%,0.08886965777777778,8.886965777777778,Nygaard2022,"TurbOPark, A=0.04",-168.0,-0.7,False,7.686481762782266,0.08886965777777778,8.886965777777778,8.395104166666666,0.08047499999999999,8.0475
8.9%,0.08886965777777778,8.886965777777778,Nygaard2022,"TurbOPark, A=0.04",-144.0,-0.6,False,7.715535368550429,0.08886965777777778,8.886965777777778,8.408004166666666,0.0812875,8.12875
8.9%,0.08886965777777778,8.886965777777778,Nygaard2022,"TurbOPark, A=0.04",-120.0,-0.5,True,7.775907145413759,0.08886965777777778,8.886965777777778,8.398683333333333,0.0823,8.23
8.9%,0.08886965777777778,8.886965777777778,Nygaard2022,"TurbOPark, A=0.04",-96.0,-0.4,True,7.854290037319151,0.08886965777777778,8.886965777777778,8.3687125,0.08320833333333334,8.320833333333335
8.9%,0.08886965777777778,8.886965777777778,Nygaard2022,"TurbOPark, A=0.04",-72.0,-0.3,True,7.93262948839621,0.08886965777777778,8.886965777777778,8.326408333333333,0.08410416666666667,8.410416666666668
8.9%,0.08886965777777778,8.886965777777778,Nygaard2022,"TurbOPark, A=0.04",-48.0,-0.2,True,7.993762915285741,0.08886965777777778,8.886965777777778,8.278204166666667,0.0857875,8.57875
8.9%,0.08886965777777778,8.886965777777778,Nygaard2022,"TurbOPark, A=0.04",-24.0,-0.1,True,8.026904623478451,0.08886965777777778,8.886965777777778,8.233437499999999,0.08675416666666667,8.675416666666667
8.9%,0.08886965777777778,8.886965777777778,Nygaard2022,"TurbOPark, A=0.04",0.0,0.0,True,8.029822469315963,0.08886965777777778,8.886965777777778,8.177191666666666,0.086725,8.6725
8.9%,0.08886965777777778,8.886965777777778,Nygaard2022,"TurbOPark, A=0.04",24.0,0.1,True,8.005007125808602,0.08886965777777778,8.886965777777778,8.11985,0.0876875,8.76875
8.9%,0.08886965777777778,8.886965777777778,Nygaard2022,"TurbOPark, A=0.04",48.0,0.2,True,7.951756286884425,0.08886965777777778,8.886965777777778,8.045795833333333,0.08802916666666666,8.802916666666667
8.9%,0.08886965777777778,8.886965777777778,Nygaard2022,"TurbOPark, A=0.04",72.0,0.3,True,7.860495228766715,0.08886965777777778,8.886965777777778,7.992312500000001,0.08847916666666668,8.847916666666668
8.9%,0.08886965777777778,8.886965777777778,Nygaard2022,"TurbOPark, A=0.04",96.0,0.4,True,7.7159633398526335,0.08886965777777778,8.886965777777778,7.971504166666666,0.087875,8.7875
8.9%,0.08886965777777778,8.886965777777778,Nygaard2022,"TurbOPark, A=0.04",120.0,0.5,True,7.509645230108853,0.08886965777777778,8.886965777777778,7.900383333333333,0.08824166666666666,8.824166666666667
8.9%,0.08886965777777778,8.886965777777778,Nygaard2022,"TurbOPark, A=0.04",144.0,0.6,False,7.253165349878632,0.08886965777777778,8.886965777777778,7.8137875,0.08926666666666666,8.926666666666666
8.9%,0.08886965777777778,8.886965777777778,Nygaard2022,"TurbOPark, A=0.04",168.0,0.7,False,6.980522885814677,0.08886965777777778,8.886965777777778,7.7564625,0.08883333333333333,8.883333333333333
8.9%,0.08886965777777778,8.886965777777778,Nygaard2022,"TurbOPark, A=0.04",192.0,0.8,False,6.739185576796929,0.08886965777777778,8.886965777777778,7.7120999999999995,0.08899166666666665,8.899166666666664
8.9%,0.08886965777777778,8.886965777777778,Nygaard2022,"TurbOPark, A=0.04",216.0,0.9,False,6.576382586787162,0.08886965777777778,8.886965777777778,7.672833333333334,0.08954166666666667,8.954166666666667
8.9%,0.08886965777777778,8.886965777777778,Nygaard2022,"TurbOPark, A=0.04",240.0,1.0,False,6.526579060302062,0.08886965777777778,8.886965777777778,7.6561375,0.08814583333333334,8.814583333333333
8.9%,0.08886965777777778,8.886965777777778,Nygaard2022,"TurbOPark, A=0.04",264.0,1.1,False,6.60218514969624,0.08886965777777778,8.886965777777778,7.682908333333333,0.08612916666666667,8.612916666666667
8.9%,0.08886965777777778,8.886965777777778,Nygaard2022,"TurbOPark, A=0.04",288.0,1.2,False,6.788615100189402,0.08886965777777778,8.886965777777778,7.7153375,0.08383333333333333,8.383333333333333
8.9%,0.08886965777777778,8.886965777777778,Nygaard2022,"TurbOPark, A=0.04",312.0,1.3,False,7.044721271989675,0.08886965777777778,8.886965777777778,7.762645833333334,0.08387916666666667,8.387916666666667
8.9%,0.08886965777777778,8.886965777777778,Nygaard2022,"TurbOPark, A=0.04",336.0,1.4,False,7.3081481217232565,0.08886965777777778,8.886965777777778,7.799054166666666,0.083925,8.3925
8.9%,0.08886965777777778,8.886965777777778,Nygaard2022,"TurbOPark, A=0.04",360.0,1.5,False,7.509512727091208,0.08886965777777778,8.886965777777778,7.8517125,0.0846125,8.46125
8.9%,0.08886965777777778,8.886965777777778,Nygaard2022_A0.06,"TurbOPark, A=0.06",-360.0,-1.5,False,7.844497374494988,0.08886965777777778,8.886965777777778,8.2632875,0.08397083333333333,8.397083333333333
8.9%,0.08886965777777778,8.886965777777778,Nygaard2022_A0.06,"TurbOPark, A=0.06",-336.0,-1.4,False,7.927585726037164,0.08886965777777778,8.886965777777778,8.315266666666666,0.08191666666666667,8.191666666666666
8.9%,0.08886965777777778,8.886965777777778,Nygaard2022_A0.06,"TurbOPark, A=0.06",-312.0,-1.3,False,8.014298045554742,0.08886965777777778,8.886965777777778,8.355883333333335,0.079275,7.9275
8.9%,0.08886965777777778,8.886965777777778,Nygaard2022_A0.06,"TurbOPark, A=0.06",-288.0,-1.2,False,8.091183934063622,0.08886965777777778,8.886965777777778,8.3695875,0.07785,7.785
8.9%,0.08886965777777778,8.886965777777778,Nygaard2022_A0.06,"TurbOPark, A=0.06",-264.0,-1.1,False,8.148782506898169,0.08886965777777778,8.886965777777778,8.3759625,0.07729166666666666,7.729166666666666
8.9%,0.08886965777777778,8.886965777777778,Nygaard2022_A0.06,"TurbOPark, A=0.06",-240.0,-1.0,False,8.184560117691394,0.08886965777777778,8.886965777777778,8.375008333333334,0.077625,7.7625
8.9%,0.08886965777777778,8.886965777777778,Nygaard2022_A0.06,"TurbOPark, A=0.06",-216.0,-0.9,False,8.203003645685458,0.08886965777777778,8.886965777777778,8.3722125,0.07754166666666668,7.754166666666667
8.9%,0.08886965777777778,8.886965777777778,Nygaard2022_A0.06,"TurbOPark, A=0.06",-192.0,-0.8,False,8.212663119298316,0.08886965777777778,8.886965777777778,8.372120833333334,0.07950833333333333,7.950833333333334
8.9%,0.08886965777777778,8.886965777777778,Nygaard2022_A0.06,"TurbOPark, A=0.06",-168.0,-0.7,False,8.22226491719173,0.08886965777777778,8.886965777777778,8.395104166666666,0.08047499999999999,8.0475
8.9%,0.08886965777777778,8.886965777777778,Nygaard2022_A0.06,"TurbOPark, A=0.06",-144.0,-0.6,False,8.237923272519325,0.08886965777777778,8.886965777777778,8.408004166666666,0.0812875,8.12875
8.9%,0.08886965777777778,8.886965777777778,Nygaard2022_A0.06,"TurbOPark, A=0.06",-120.0,-0.5,True,8.262072731132932,0.08886965777777778,8.886965777777778,8.398683333333333,0.0823,8.23
8.9%,0.08886965777777778,8.886965777777778,Nygaard2022_A0.06,"TurbOPark, A=0.06",-96.0,-0.4,True,8.293707681919443,0.08886965777777778,8.886965777777778,8.3687125,0.08320833333333334,8.320833333333335
8.9%,0.08886965777777778,8.886965777777778,Nygaard2022_A0.06,"TurbOPark, A=0.06",-72.0,-0.3,True,8.32924746079302,0.08886965777777778,8.886965777777778,8.326408333333333,0.08410416666666667,8.410416666666668
8.9%,0.08886965777777778,8.886965777777778,Nygaard2022_A0.06,"TurbOPark, A=0.06",-48.0,-0.2,True,8.363427981366401,0.08886965777777778,8.886965777777778,8.278204166666667,0.0857875,8.57875
8.9%,0.08886965777777778,8.886965777777778,Nygaard2022_A0.06,"TurbOPark, A=0.06",-24.0,-0.1,True,8.389806819103008,0.08886965777777778,8.886965777777778,8.233437499999999,0.08675416666666667,8.675416666666667
8.9%,0.08886965777777778,8.886965777777778,Nygaard2022_A0.06,"TurbOPark, A=0.06",0.0,0.0,True,8.400674639490871,0.08886965777777778,8.886965777777778,8.177191666666666,0.086725,8.6725
8.9%,0.08886965777777778,8.886965777777778,Nygaard2022_A0.06,"TurbOPark, A=0.06",24.0,0.1,True,8.386711233455422,0.08886965777777778,8.886965777777778,8.11985,0.0876875,8.76875
8.9%,0.08886965777777778,8.886965777777778,Nygaard2022_A0.06,"TurbOPark, A=0.06",48.0,0.2,True,8.33772987480265,0.08886965777777778,8.886965777777778,8.045795833333333,0.08802916666666666,8.802916666666667
8.9%,0.08886965777777778,8.886965777777778,Nygaard2022_A0.06,"TurbOPark, A=0.06",72.0,0.3,True,8.245762741145935,0.08886965777777778,8.886965777777778,7.992312500000001,0.08847916666666668,8.847916666666668
8.9%,0.08886965777777778,8.886965777777778,Nygaard2022_A0.06,"TurbOPark, A=0.06",96.0,0.4,True,8.109675282456843,0.08886965777777778,8.886965777777778,7.971504166666666,0.087875,8.7875
8.9%,0.08886965777777778,8.886965777777778,Nygaard2022_A0.06,"TurbOPark, A=0.06",120.0,0.5,True,7.938128078835571,0.08886965777777778,8.886965777777778,7.900383333333333,0.08824166666666666,8.824166666666667
8.9%,0.08886965777777778,8.886965777777778,Nygaard2022_A0.06,"TurbOPark, A=0.06",144.0,0.6,False,7.748909916402293,0.08886965777777778,8.886965777777778,7.8137875,0.08926666666666666,8.926666666666666
8.9%,0.08886965777777778,8.886965777777778,Nygaard2022_A0.06,"TurbOPark, A=0.06",168.0,0.7,False,7.565478706153379,0.08886965777777778,8.886965777777778,7.7564625,0.08883333333333333,8.883333333333333
8.9%,0.08886965777777778,8.886965777777778,Nygaard2022_A0.06,"TurbOPark, A=0.06",192.0,0.8,False,7.4124732620950144,0.08886965777777778,8.886965777777778,7.7120999999999995,0.08899166666666665,8.899166666666664
8.9%,0.08886965777777778,8.886965777777778,Nygaard2022_A0.06,"TurbOPark, A=0.06",216.0,0.9,False,7.311233838688542,0.08886965777777778,8.886965777777778,7.672833333333334,0.08954166666666667,8.954166666666667
8.9%,0.08886965777777778,8.886965777777778,Nygaard2022_A0.06,"TurbOPark, A=0.06",240.0,1.0,False,7.275786512334177,0.08886965777777778,8.886965777777778,7.6561375,0.08814583333333334,8.814583333333333
8.9%,0.08886965777777778,8.886965777777778,Nygaard2022_A0.06,"TurbOPark, A=0.06",264.0,1.1,False,7.30990625954877,0.08886965777777778,8.886965777777778,7.682908333333333,0.08612916666666667,8.612916666666667
8.9%,0.08886965777777778,8.886965777777778,Nygaard2022_A0.06,"TurbOPark, A=0.06",288.0,1.2,False,7.40567718161531,0.08886965777777778,8.886965777777778,7.7153375,0.08383333333333333,8.383333333333333
8.9%,0.08886965777777778,8.886965777777778,Nygaard2022_A0.06,"TurbOPark, A=0.06",312.0,1.3,False,7.544090754068302,0.08886965777777778,8.886965777777778,7.762645833333334,0.08387916666666667,8.387916666666667
8.9%,0.08886965777777778,8.886965777777778,Nygaard2022_A0.06,"TurbOPark, A=0.06",336.0,1.4,False,7.697906149419335,0.08886965777777778,8.886965777777778,7.799054166666666,0.083925,8.3925
8.9%,0.08886965777777778,8.886965777777778,Nygaard2022_A0.06,"TurbOPark, A=0.06",360.0,1.5,False,7.837264985847381,0.08886965777777778,8.886965777777778,7.8517125,0.0846125,8.46125
9.5%,0.09503707222222221,9.503707222222221,BPA2014,BPA2014,-360.0,-1.5,False,8.584001809351504,0.13561272103944536,13.561272103944535,8.2632875,0.08397083333333333,8.397083333333333
9.5%,0.09503707222222221,9.503707222222221,BPA2014,BPA2014,-336.0,-1.4,False,8.633340132955565,0.13561272103944536,13.561272103944535,8.315266666666666,0.08191666666666667,8.191666666666666
9.5%,0.09503707222222221,9.503707222222221,BPA2014,BPA2014,-312.0,-1.3,False,8.671119495733967,0.13561272103944536,13.561272103944535,8.355883333333335,0.079275,7.9275
9.5%,0.09503707222222221,9.503707222222221,BPA2014,BPA2014,-288.0,-1.2,False,8.699951635727064,0.13561272103944536,13.561272103944535,8.3695875,0.07785,7.785
9.5%,0.09503707222222221,9.503707222222221,BPA2014,BPA2014,-264.0,-1.1,False,8.721890854269411,0.13561272103944536,13.561272103944535,8.3759625,0.07729166666666666,7.729166666666666
9.5%,0.09503707222222221,9.503707222222221,BPA2014,BPA2014,-240.0,-1.0,False,8.738329103624794,0.13561272103944536,13.561272103944535,8.375008333333334,0.077625,7.7625
9.5%,0.09503707222222221,9.503707222222221,BPA2014,BPA2014,-216.0,-0.9,False,8.750010171159154,0.13561272103944536,13.561272103944535,8.3722125,0.07754166666666668,7.754166666666667
9.5%,0.09503707222222221,9.503707222222221,BPA2014,BPA2014,-192.0,-0.8,False,8.75712060473875,0.13561272103944536,13.561272103944535,8.372120833333334,0.07950833333333333,7.950833333333334
9.5%,0.09503707222222221,9.503707222222221,BPA2014,BPA2014,-168.0,-0.7,False,8.759421403074125,0.13561272103944536,13.561272103944535,8.395104166666666,0.08047499999999999,8.0475
9.5%,0.09503707222222221,9.503707222222221,BPA2014,BPA2014,-144.0,-0.6,False,8.756394948270506,0.13561272103944536,13.561272103944535,8.408004166666666,0.0812875,8.12875
9.5%,0.09503707222222221,9.503707222222221,BPA2014,BPA2014,-120.0,-0.5,True,8.747391862391575,0.1480964521141485,14.809645211414852,8.398683333333333,0.0823,8.23
9.5%,0.09503707222222221,9.503707222222221,BPA2014,BPA2014,-96.0,-0.4,True,8.73176996186122,0.1480964521141485,14.809645211414852,8.3687125,0.08320833333333334,8.320833333333335
9.5%,0.09503707222222221,9.503707222222221,BPA2014,BPA2014,-72.0,-0.3,True,8.709021525712231,0.1480964521141485,14.809645211414852,8.326408333333333,0.08410416666666667,8.410416666666668
9.5%,0.09503707222222221,9.503707222222221,BPA2014,BPA2014,-48.0,-0.2,True,8.678886152498677,0.1480964521141485,14.809645211414852,8.278204166666667,0.0857875,8.57875
9.5%,0.09503707222222221,9.503707222222221,BPA2014,BPA2014,-24.0,-0.1,True,8.641445635719492,0.1480964521141485,14.809645211414852,8.233437499999999,0.08675416666666667,8.675416666666667
9.5%,0.09503707222222221,9.503707222222221,BPA2014,BPA2014,0.0,0.0,True,8.597195758772386,0.1480964521141485,14.809645211414852,8.177191666666666,0.086725,8.6725
9.5%,0.09503707222222221,9.503707222222221,BPA2014,BPA2014,24.0,0.1,True,8.547088758264962,0.1480964521141485,14.809645211414852,8.11985,0.0876875,8.76875
9.5%,0.09503707222222221,9.503707222222221,BPA2014,BPA2014,48.0,0.2,True,8.492540177915508,0.1480964521141485,14.809645211414852,8.045795833333333,0.08802916666666666,8.802916666666667
9.5%,0.09503707222222221,9.503707222222221,BPA2014,BPA2014,72.0,0.3,True,8.435395315616171,0.1480964521141485,14.809645211414852,7.992312500000001,0.08847916666666668,8.847916666666668
9.5%,0.09503707222222221,9.503707222222221,BPA2014,BPA2014,96.0,0.4,True,8.377853465250945,0.1480964521141485,14.809645211414852,7.971504166666666,0.087875,8.7875
9.5%,0.09503707222222221,9.503707222222221,BPA2014,BPA2014,120.0,0.5,True,8.322352346977846,0.1480964521141485,14.809645211414852,7.900383333333333,0.08824166666666666,8.824166666666667
9.5%,0.09503707222222221,9.503707222222221,BPA2014,BPA2014,144.0,0.6,False,8.27141990588632,0.1480964521141485,14.809645211414852,7.8137875,0.08926666666666666,8.926666666666666
9.5%,0.09503707222222221,9.503707222222221,BPA2014,BPA2014,168.0,0.7,False,8.22750526512545,0.1480964521141485,14.809645211414852,7.7564625,0.08883333333333333,8.883333333333333
9.5%,0.09503707222222221,9.503707222222221,BPA2014,BPA2014,192.0,0.8,False,8.19280422660672,0.1480964521141485,14.809645211414852,7.7120999999999995,0.08899166666666665,8.899166666666664
9.5%,0.09503707222222221,9.503707222222221,BPA2014,BPA2014,216.0,0.9,False,8.169096603751719,0.1480964521141485,14.809645211414852,7.672833333333334,0.08954166666666667,8.954166666666667
9.5%,0.09503707222222221,9.503707222222221,BPA2014,BPA2014,240.0,1.0,False,8.157612373624962,0.1480964521141485,14.809645211414852,7.6561375,0.08814583333333334,8.814583333333333
9.5%,0.09503707222222221,9.503707222222221,BPA2014,BPA2014,264.0,1.1,False,8.158941025556501,0.1480964521141485,14.809645211414852,7.682908333333333,0.08612916666666667,8.612916666666667
9.5%,0.09503707222222221,9.503707222222221,BPA2014,BPA2014,288.0,1.2,False,8.172993825699558,0.1480964521141485,14.809645211414852,7.7153375,0.08383333333333333,8.383333333333333
9.5%,0.09503707222222221,9.503707222222221,BPA2014,BPA2014,312.0,1.3,False,8.199022631549802,0.1480964521141485,14.809645211414852,7.762645833333334,0.08387916666666667,8.387916666666667
9.5%,0.09503707222222221,9.503707222222221,BPA2014,BPA2014,336.0,1.4,False,8.23569223516292,0.1480964521141485,14.809645211414852,7.799054166666666,0.083925,8.3925
9.5%,0.09503707222222221,9.503707222222221,BPA2014,BPA2014,360.0,1.5,False,8.281196902700504,0.1480964521141485,14.809645211414852,7.8517125,0.0846125,8.46125
9.5%,0.09503707222222221,9.503707222222221,NPA2016,NPA2016,-360.0,-1.5,False,8.778357674182438,0.14884072466883352,14.884072466883353,8.2632875,0.08397083333333333,8.397083333333333
9.5%,0.09503707222222221,9.503707222222221,NPA2016,NPA2016,-336.0,-1.4,False,8.815634972740005,0.14884072466883352,14.884072466883353,8.315266666666666,0.08191666666666667,8.191666666666666
9.5%,0.09503707222222221,9.503707222222221,NPA2016,NPA2016,-312.0,-1.3,False,8.846089970214512,0.14884072466883352,14.884072466883353,8.355883333333335,0.079275,7.9275
9.5%,0.09503707222222221,9.503707222222221,NPA2016,NPA2016,-288.0,-1.2,False,8.869829257730519,0.13552018532552795,13.552018532552795,8.3695875,0.07785,7.785
9.5%,0.09503707222222221,9.503707222222221,NPA2016,NPA2016,-264.0,-1.1,False,8.887186475848262,0.13552018532552795,13.552018532552795,8.3759625,0.07729166666666666,7.729166666666666
9.5%,0.09503707222222221,9.503707222222221,NPA2016,NPA2016,-240.0,-1.0,False,8.898656848182934,0.13552018532552795,13.552018532552795,8.375008333333334,0.077625,7.7625
9.5%,0.09503707222222221,9.503707222222221,NPA2016,NPA2016,-216.0,-0.9,False,8.904830255745948,0.13552018532552795,13.552018532552795,8.3722125,0.07754166666666668,7.754166666666667
9.5%,0.09503707222222221,9.503707222222221,NPA2016,NPA2016,-192.0,-0.8,False,8.906343778980967,0.13552018532552795,13.552018532552795,8.372120833333334,0.07950833333333333,7.950833333333334
9.5%,0.09503707222222221,9.503707222222221,NPA2016,NPA2016,-168.0,-0.7,False,8.90384122456344,0.13552018532552795,13.552018532552795,8.395104166666666,0.08047499999999999,8.0475
9.5%,0.09503707222222221,9.503707222222221,NPA2016,NPA2016,-144.0,-0.6,False,8.89794495297644,0.13552018532552795,13.552018532552795,8.408004166666666,0.0812875,8.12875
9.5%,0.09503707222222221,9.503707222222221,NPA2016,NPA2016,-120.0,-0.5,True,8.88924667907009,0.13552018532552795,13.552018532552795,8.398683333333333,0.0823,8.23
9.5%,0.09503707222222221,9.503707222222221,NPA2016,NPA2016,-96.0,-0.4,True,8.878295774056221,0.13552018532552795,13.552018532552795,8.3687125,0.08320833333333334,8.320833333333335
9.5%,0.09503707222222221,9.503707222222221,NPA2016,NPA2016,-72.0,-0.3,True,8.865604735303338,0.13552018532552795,13.552018532552795,8.326408333333333,0.08410416666666667,8.410416666666668
9.5%,0.09503707222222221,9.503707222222221,NPA2016,NPA2016,-48.0,-0.2,True,8.851651780107488,0.13552018532552795,13.552018532552795,8.278204166666667,0.0857875,8.57875
9.5%,0.09503707222222221,9.503707222222221,NPA2016,NPA2016,-24.0,-0.1,True,8.83688994481535,0.13552018532552795,13.552018532552795,8.233437499999999,0.08675416666666667,8.675416666666667
9.5%,0.09503707222222221,9.503707222222221,NPA2016,NPA2016,0.0,0.0,True,8.821752159367074,0.13552018532552795,13.552018532552795,8.177191666666666,0.086725,8.6725
9.5%,0.09503707222222221,9.503707222222221,NPA2016,NPA2016,24.0,0.1,True,8.806651039792603,0.13552018532552795,13.552018532552795,8.11985,0.0876875,8.76875
9.5%,0.09503707222222221,9.503707222222221,NPA2016,NPA2016,48.0,0.2,True,8.791986551243896,0.13552018532552795,13.552018532552795,8.045795833333333,0.08802916666666666,8.802916666666667
9.5%,0.09503707222222221,9.503707222222221,NPA2016,NPA2016,72.0,0.3,True,8.77813902463706,0.13552018532552795,13.552018532552795,7.992312500000001,0.08847916666666668,8.847916666666668
9.5%,0.09503707222222221,9.503707222222221,NPA2016,NPA2016,96.0,0.4,True,8.765470162079666,0.13552018532552795,13.552018532552795,7.971504166666666,0.087875,8.7875
9.5%,0.09503707222222221,9.503707222222221,NPA2016,NPA2016,120.0,0.5,True,8.75431515611401,0.13552018532552795,13.552018532552795,7.900383333333333,0.08824166666666666,8.824166666666667
9.5%,0.09503707222222221,9.503707222222221,NPA2016,NPA2016,144.0,0.6,False,8.74497341955422,0.13552018532552795,13.552018532552795,7.8137875,0.08926666666666666,8.926666666666666
9.5%,0.09503707222222221,9.503707222222221,NPA2016,NPA2016,168.0,0.7,False,8.737705473128356,0.13552018532552795,13.552018532552795,7.7564625,0.08883333333333333,8.883333333333333
9.5%,0.09503707222222221,9.503707222222221,NPA2016,NPA2016,192.0,0.8,False,8.732717044026302,0.13552018532552795,13.552018532552795,7.7120999999999995,0.08899166666666665,8.899166666666664
9.5%,0.09503707222222221,9.503707222222221,NPA2016,NPA2016,216.0,0.9,False,8.730157749112024,0.13552018532552795,13.552018532552795,7.672833333333334,0.08954166666666667,8.954166666666667
9.5%,0.09503707222222221,9.503707222222221,NPA2016,NPA2016,240.0,1.0,False,8.730112218353534,0.13552018532552795,13.552018532552795,7.6561375,0.08814583333333334,8.814583333333333
9.5%,0.09503707222222221,9.503707222222221,NPA2016,NPA2016,264.0,1.1,False,8.732598380133368,0.13552018532552795,13.552018532552795,7.682908333333333,0.08612916666666667,8.612916666666667
9.5%,0.09503707222222221,9.503707222222221,NPA2016,NPA2016,288.0,1.2,False,8.737561927432136,0.13552018532552795,13.552018532552795,7.7153375,0.08383333333333333,8.383333333333333
9.5%,0.09503707222222221,9.503707222222221,NPA2016,NPA2016,312.0,1.3,False,8.744874483587008,0.13552018532552795,13.552018532552795,7.762645833333334,0.08387916666666667,8.387916666666667
9.5%,0.09503707222222221,9.503707222222221,NPA2016,NPA2016,336.0,1.4,False,8.754330480101878,0.13552018532552795,13.552018532552795,7.799054166666666,0.083925,8.3925
9.5%,0.09503707222222221,9.503707222222221,NPA2016,NPA2016,360.0,1.5,False,8.765636762445917,0.13552018532552795,13.552018532552795,7.8517125,0.0846125,8.46125
9.5%,0.09503707222222221,9.503707222222221,Nygaard2022,"TurbOPark, A=0.04",-360.0,-1.5,False,7.343980055041763,0.09503707222222221,9.503707222222221,8.2632875,0.08397083333333333,8.397083333333333
9.5%,0.09503707222222221,9.503707222222221,Nygaard2022,"TurbOPark, A=0.04",-336.0,-1.4,False,7.507993212090511,0.09503707222222221,9.503707222222221,8.315266666666666,0.08191666666666667,8.191666666666666
9.5%,0.09503707222222221,9.503707222222221,Nygaard2022,"TurbOPark, A=0.04",-312.0,-1.3,False,7.661390585466116,0.09503707222222221,9.503707222222221,8.355883333333335,0.079275,7.9275
9.5%,0.09503707222222221,9.503707222222221,Nygaard2022,"TurbOPark, A=0.04",-288.0,-1.2,False,7.769596709062519,0.09503707222222221,9.503707222222221,8.3695875,0.07785,7.785
9.5%,0.09503707222222221,9.503707222222221,Nygaard2022,"TurbOPark, A=0.04",-264.0,-1.1,False,7.815589476116311,0.09503707222222221,9.503707222222221,8.3759625,0.07729166666666666,7.729166666666666
9.5%,0.09503707222222221,9.503707222222221,Nygaard2022,"TurbOPark, A=0.04",-240.0,-1.0,False,7.808340672281764,0.09503707222222221,9.503707222222221,8.375008333333334,0.077625,7.7625
9.5%,0.09503707222222221,9.503707222222221,Nygaard2022,"TurbOPark, A=0.04",-216.0,-0.9,False,7.77522766275848,0.09503707222222221,9.503707222222221,8.3722125,0.07754166666666668,7.754166666666667
9.5%,0.09503707222222221,9.503707222222221,Nygaard2022,"TurbOPark, A=0.04",-192.0,-0.8,False,7.745771877394018,0.09503707222222221,9.503707222222221,8.372120833333334,0.07950833333333333,7.950833333333334
9.5%,0.09503707222222221,9.503707222222221,Nygaard2022,"TurbOPark, A=0.04",-168.0,-0.7,False,7.74041007805724,0.09503707222222221,9.503707222222221,8.395104166666666,0.08047499999999999,8.0475
9.5%,0.09503707222222221,9.503707222222221,Nygaard2022,"TurbOPark, A=0.04",-144.0,-0.6,False,7.767169860115813,0.09503707222222221,9.503707222222221,8.408004166666666,0.0812875,8.12875
9.5%,0.09503707222222221,9.503707222222221,Nygaard2022,"TurbOPark, A=0.04",-120.0,-0.5,True,7.822821966913591,0.09503707222222221,9.503707222222221,8.398683333333333,0.0823,8.23
9.5%,0.09503707222222221,9.503707222222221,Nygaard2022,"TurbOPark, A=0.04",-96.0,-0.4,True,7.895764394511544,0.09503707222222221,9.503707222222221,8.3687125,0.08320833333333334,8.320833333333335
9.5%,0.09503707222222221,9.503707222222221,Nygaard2022,"TurbOPark, A=0.04",-72.0,-0.3,True,7.96999428362062,0.09503707222222221,9.503707222222221,8.326408333333333,0.08410416666666667,8.410416666666668
9.5%,0.09503707222222221,9.503707222222221,Nygaard2022,"TurbOPark, A=0.04",-48.0,-0.2,True,8.029978719418233,0.09503707222222221,9.503707222222221,8.278204166666667,0.0857875,8.57875
9.5%,0.09503707222222221,9.503707222222221,Nygaard2022,"TurbOPark, A=0.04",-24.0,-0.1,True,8.065347058896101,0.09503707222222221,9.503707222222221,8.233437499999999,0.08675416666666667,8.675416666666667
9.5%,0.09503707222222221,9.503707222222221,Nygaard2022,"TurbOPark, A=0.04",0.0,0.0,True,8.07268720986863,0.09503707222222221,9.503707222222221,8.177191666666666,0.086725,8.6725
9.5%,0.09503707222222221,9.503707222222221,Nygaard2022,"TurbOPark, A=0.04",24.0,0.1,True,8.052210998433274,0.09503707222222221,9.503707222222221,8.11985,0.0876875,8.76875
9.5%,0.09503707222222221,9.503707222222221,Nygaard2022,"TurbOPark, A=0.04",48.0,0.2,True,8.000953868703297,0.09503707222222221,9.503707222222221,8.045795833333333,0.08802916666666666,8.802916666666667
9.5%,0.09503707222222221,9.503707222222221,Nygaard2022,"TurbOPark, A=0.04",72.0,0.3,True,7.908232344763379,0.09503707222222221,9.503707222222221,7.992312500000001,0.08847916666666668,8.847916666666668
9.5%,0.09503707222222221,9.503707222222221,Nygaard2022,"TurbOPark, A=0.04",96.0,0.4,True,7.759429210948834,0.09503707222222221,9.503707222222221,7.971504166666666,0.087875,8.7875
9.5%,0.09503707222222221,9.503707222222221,Nygaard2022,"TurbOPark, A=0.04",120.0,0.5,True,7.548300847161979,0.09503707222222221,9.503707222222221,7.900383333333333,0.08824166666666666,8.824166666666667
9.5%,0.09503707222222221,9.503707222222221,Nygaard2022,"TurbOPark, A=0.04",144.0,0.6,False,7.2886225132986535,0.09503707222222221,9.503707222222221,7.8137875,0.08926666666666666,8.926666666666666
9.5%,0.09503707222222221,9.503707222222221,Nygaard2022,"TurbOPark, A=0.04",168.0,0.7,False,7.015153315472005,0.09503707222222221,9.503707222222221,7.7564625,0.08883333333333333,8.883333333333333
9.5%,0.09503707222222221,9.503707222222221,Nygaard2022,"TurbOPark, A=0.04",192.0,0.8,False,6.774484921639567,0.09503707222222221,9.503707222222221,7.7120999999999995,0.08899166666666665,8.899166666666664
9.5%,0.09503707222222221,9.503707222222221,Nygaard2022,"TurbOPark, A=0.04",216.0,0.9,False,6.61237940957195,0.09503707222222221,9.503707222222221,7.672833333333334,0.08954166666666667,8.954166666666667
9.5%,0.09503707222222221,9.503707222222221,Nygaard2022,"TurbOPark, A=0.04",240.0,1.0,False,6.561807858958693,0.09503707222222221,9.503707222222221,7.6561375,0.08814583333333334,8.814583333333333
9.5%,0.09503707222222221,9.503707222222221,Nygaard2022,"TurbOPark, A=0.04",264.0,1.1,False,6.634444200160994,0.09503707222222221,9.503707222222221,7.682908333333333,0.08612916666666667,8.612916666666667
9.5%,0.09503707222222221,9.503707222222221,Nygaard2022,"TurbOPark, A=0.04",288.0,1.2,False,6.815894954634535,0.09503707222222221,9.503707222222221,7.7153375,0.08383333333333333,8.383333333333333
9.5%,0.09503707222222221,9.503707222222221,Nygaard2022,"TurbOPark, A=0.04",312.0,1.3,False,7.0663384361212795,0.09503707222222221,9.503707222222221,7.762645833333334,0.08387916666666667,8.387916666666667
9.5%,0.09503707222222221,9.503707222222221,Nygaard2022,"TurbOPark, A=0.04",336.0,1.4,False,7.325647651365063,0.09503707222222221,9.503707222222221,7.799054166666666,0.083925,8.3925
9.5%,0.09503707222222221,9.503707222222221,Nygaard2022,"TurbOPark, A=0.04",360.0,1.5,False,7.5271718618247085,0.09503707222222221,9.503707222222221,7.8517125,0.0846125,8.46125
9.5%,0.09503707222222221,9.503707222222221,Nygaard2022_A0.06,"TurbOPark, A=0.06",-360.0,-1.5,False,7.879059198577221,0.09503707222222221,9.503707222222221,8.2632875,0.08397083333333333,8.397083333333333
9.5%,0.09503707222222221,9.503707222222221,Nygaard2022_A0.06,"TurbOPark, A=0.06",-336.0,-1.4,False,7.958388530215428,0.09503707222222221,9.503707222222221,8.315266666666666,0.08191666666666667,8.191666666666666
9.5%,0.09503707222222221,9.503707222222221,Nygaard2022_A0.06,"TurbOPark, A=0.06",-312.0,-1.3,False,8.042301516199533,0.09503707222222221,9.503707222222221,8.355883333333335,0.079275,7.9275
9.5%,0.09503707222222221,9.503707222222221,Nygaard2022_A0.06,"TurbOPark, A=0.06",-288.0,-1.2,False,8.118302209104975,0.09503707222222221,9.503707222222221,8.3695875,0.07785,7.785
9.5%,0.09503707222222221,9.503707222222221,Nygaard2022_A0.06,"TurbOPark, A=0.06",-264.0,-1.1,False,8.177235541907146,0.09503707222222221,9.503707222222221,8.3759625,0.07729166666666666,7.729166666666666
9.5%,0.09503707222222221,9.503707222222221,Nygaard2022_A0.06,"TurbOPark, A=0.06",-240.0,-1.0,False,8.216059872345323,0.09503707222222221,9.503707222222221,8.375008333333334,0.077625,7.7625
9.5%,0.09503707222222221,9.503707222222221,Nygaard2022_A0.06,"TurbOPark, A=0.06",-216.0,-0.9,False,8.23813093577477,0.09503707222222221,9.503707222222221,8.3722125,0.07754166666666668,7.754166666666667
9.5%,0.09503707222222221,9.503707222222221,Nygaard2022_A0.06,"TurbOPark, A=0.06",-192.0,-0.8,False,8.250842939401734,0.09503707222222221,9.503707222222221,8.372120833333334,0.07950833333333333,7.950833333333334
9.5%,0.09503707222222221,9.503707222222221,Nygaard2022_A0.06,"TurbOPark, A=0.06",-168.0,-0.7,False,8.26217252780946,0.09503707222222221,9.503707222222221,8.395104166666666,0.08047499999999999,8.0475
9.5%,0.09503707222222221,9.503707222222221,Nygaard2022_A0.06,"TurbOPark, A=0.06",-144.0,-0.6,False,8.278031698127934,0.09503707222222221,9.503707222222221,8.408004166666666,0.0812875,8.12875
9.5%,0.09503707222222221,9.503707222222221,Nygaard2022_A0.06,"TurbOPark, A=0.06",-120.0,-0.5,True,8.301117434297131,0.09503707222222221,9.503707222222221,8.398683333333333,0.0823,8.23
9.5%,0.09503707222222221,9.503707222222221,Nygaard2022_A0.06,"TurbOPark, A=0.06",-96.0,-0.4,True,8.330990319519373,0.09503707222222221,9.503707222222221,8.3687125,0.08320833333333334,8.320833333333335
9.5%,0.09503707222222221,9.503707222222221,Nygaard2022_A0.06,"TurbOPark, A=0.06",-72.0,-0.3,True,8.364691043070723,0.09503707222222221,9.503707222222221,8.326408333333333,0.08410416666666667,8.410416666666668
9.5%,0.09503707222222221,9.503707222222221,Nygaard2022_A0.06,"TurbOPark, A=0.06",-48.0,-0.2,True,8.397469642380312,0.09503707222222221,9.503707222222221,8.278204166666667,0.0857875,8.57875
9.5%,0.09503707222222221,9.503707222222221,Nygaard2022_A0.06,"TurbOPark, A=0.06",-24.0,-0.1,True,8.423078357170214,0.09503707222222221,9.503707222222221,8.233437499999999,0.08675416666666667,8.675416666666667
9.5%,0.09503707222222221,9.503707222222221,Nygaard2022_A0.06,"TurbOPark, A=0.06",0.0,0.0,True,8.43358531290208,0.09503707222222221,9.503707222222221,8.177191666666666,0.086725,8.6725
9.5%,0.09503707222222221,9.503707222222221,Nygaard2022_A0.06,"TurbOPark, A=0.06",24.0,0.1,True,8.419174862061572,0.09503707222222221,9.503707222222221,8.11985,0.0876875,8.76875
9.5%,0.09503707222222221,9.503707222222221,Nygaard2022_A0.06,"TurbOPark, A=0.06",48.0,0.2,True,8.369245997370811,0.09503707222222221,9.503707222222221,8.045795833333333,0.08802916666666666,8.802916666666667
9.5%,0.09503707222222221,9.503707222222221,Nygaard2022_A0.06,"TurbOPark, A=0.06",72.0,0.3,True,8.275913669809425,0.09503707222222221,9.503707222222221,7.992312500000001,0.08847916666666668,8.847916666666668
9.5%,0.09503707222222221,9.503707222222221,Nygaard2022_A0.06,"TurbOPark, A=0.06",96.0,0.4,True,8.138667109027589,0.09503707222222221,9.503707222222221,7.971504166666666,0.087875,8.7875
9.5%,0.09503707222222221,9.503707222222221,Nygaard2022_A0.06,"TurbOPark, A=0.06",120.0,0.5,True,7.966852466680184,0.09503707222222221,9.503707222222221,7.900383333333333,0.08824166666666666,8.824166666666667
9.5%,0.09503707222222221,9.503707222222221,Nygaard2022_A0.06,"TurbOPark, A=0.06",144.0,0.6,False,7.778465710533906,0.09503707222222221,9.503707222222221,7.8137875,0.08926666666666666,8.926666666666666
9.5%,0.09503707222222221,9.503707222222221,Nygaard2022_A0.06,"TurbOPark, A=0.06",168.0,0.7,False,7.596608208904817,0.09503707222222221,9.503707222222221,7.7564625,0.08883333333333333,8.883333333333333
9.5%,0.09503707222222221,9.503707222222221,Nygaard2022_A0.06,"TurbOPark, A=0.06",192.0,0.8,False,7.445197088922564,0.09503707222222221,9.503707222222221,7.7120999999999995,0.08899166666666665,8.899166666666664
9.5%,0.09503707222222221,9.503707222222221,Nygaard2022_A0.06,"TurbOPark, A=0.06",216.0,0.9,False,7.344749508570732,0.09503707222222221,9.503707222222221,7.672833333333334,0.08954166666666667,8.954166666666667
9.5%,0.09503707222222221,9.503707222222221,Nygaard2022_A0.06,"TurbOPark, A=0.06",240.0,1.0,False,7.308682380664953,0.09503707222222221,9.503707222222221,7.6561375,0.08814583333333334,8.814583333333333
9.5%,0.09503707222222221,9.503707222222221,Nygaard2022_A0.06,"TurbOPark, A=0.06",264.0,1.1,False,7.340599863544584,0.09503707222222221,9.503707222222221,7.682908333333333,0.08612916666666667,8.612916666666667
9.5%,0.09503707222222221,9.503707222222221,Nygaard2022_A0.06,"TurbOPark, A=0.06",288.0,1.2,False,7.432911645814659,0.09503707222222221,9.503707222222221,7.7153375,0.08383333333333333,8.383333333333333
9.5%,0.09503707222222221,9.503707222222221,Nygaard2022_A0.06,"TurbOPark, A=0.06",312.0,1.3,False,7.567506464840483,0.09503707222222221,9.503707222222221,7.762645833333334,0.08387916666666667,8.387916666666667
9.5%,0.09503707222222221,9.503707222222221,Nygaard2022_A0.06,"TurbOPark, A=0.06",336.0,1.4,False,7.7184593212529355,0.09503707222222221,9.503707222222221,7.799054166666666,0.083925,8.3925
9.5%,0.09503707222222221,9.503707222222221,Nygaard2022_A0.06,"TurbOPark, A=0.06",360.0,1.5,False,7.857258099022891,0.09503707222222221,9.503707222222221,7.8517125,0.0846125,8.46125
10.1%,0.10120448666666666,10.120448666666666,BPA2014,BPA2014,-360.0,-1.5,False,8.584001809351504,0.1398675889916906,13.986758899169061,8.2632875,0.08397083333333333,8.397083333333333
10.1%,0.10120448666666666,10.120448666666666,BPA2014,BPA2014,-336.0,-1.4,False,8.633340132955565,0.1398675889916906,13.986758899169061,8.315266666666666,0.08191666666666667,8.191666666666666
10.1%,0.10120448666666666,10.120448666666666,BPA2014,BPA2014,-312.0,-1.3,False,8.671119495733967,0.1398675889916906,13.986758899169061,8.355883333333335,0.079275,7.9275
10.1%,0.10120448666666666,10.120448666666666,BPA2014,BPA2014,-288.0,-1.2,False,8.699951635727064,0.1398675889916906,13.986758899169061,8.3695875,0.07785,7.785
10.1%,0.10120448666666666,10.120448666666666,BPA2014,BPA2014,-264.0,-1.1,False,8.721890854269411,0.1398675889916906,13.986758899169061,8.3759625,0.07729166666666666,7.729166666666666
10.1%,0.10120448666666666,10.120448666666666,BPA2014,BPA2014,-240.0,-1.0,False,8.738329103624794,0.1398675889916906,13.986758899169061,8.375008333333334,0.077625,7.7625
10.1%,0.10120448666666666,10.120448666666666,BPA2014,BPA2014,-216.0,-0.9,False,8.750010171159154,0.1398675889916906,13.986758899169061,8.3722125,0.07754166666666668,7.754166666666667
10.1%,0.10120448666666666,10.120448666666666,BPA2014,BPA2014,-192.0,-0.8,False,8.75712060473875,0.1398675889916906,13.986758899169061,8.372120833333334,0.07950833333333333,7.950833333333334
10.1%,0.10120448666666666,10.120448666666666,BPA2014,BPA2014,-168.0,-0.7,False,8.759421403074125,0.1398675889916906,13.986758899169061,8.395104166666666,0.08047499999999999,8.0475
10.1%,0.10120448666666666,10.120448666666666,BPA2014,BPA2014,-144.0,-0.6,False,8.756394948270506,0.1398675889916906,13.986758899169061,8.408004166666666,0.0812875,8.12875
10.1%,0.10120448666666666,10.120448666666666,BPA2014,BPA2014,-120.0,-0.5,True,8.747391862391575,0.1519547501233597,15.19547501233597,8.398683333333333,0.0823,8.23
10.1%,0.10120448666666666,10.120448666666666,BPA2014,BPA2014,-96.0,-0.4,True,8.73176996186122,0.1519547501233597,15.19547501233597,8.3687125,0.08320833333333334,8.320833333333335
10.1%,0.10120448666666666,10.120448666666666,BPA2014,BPA2014,-72.0,-0.3,True,8.709021525712231,0.1519547501233597,15.19547501233597,8.326408333333333,0.08410416666666667,8.410416666666668
10.1%,0.10120448666666666,10.120448666666666,BPA2014,BPA2014,-48.0,-0.2,True,8.678886152498677,0.1519547501233597,15.19547501233597,8.278204166666667,0.0857875,8.57875
10.1%,0.10120448666666666,10.120448666666666,BPA2014,BPA2014,-24.0,-0.1,True,8.641445635719492,0.1519547501233597,15.19547501233597,8.233437499999999,0.08675416666666667,8.675416666666667
10.1%,0.10120448666666666,10.120448666666666,BPA2014,BPA2014,0.0,0.0,True,8.597195758772386,0.1519547501233597,15.19547501233597,8.177191666666666,0.086725,8.6725
10.1%,0.10120448666666666,10.120448666666666,BPA2014,BPA2014,24.0,0.1,True,8.547088758264962,0.1519547501233597,15.19547501233597,8.11985,0.0876875,8.76875
10.1%,0.10120448666666666,10.120448666666666,BPA2014,BPA2014,48.0,0.2,True,8.492540177915508,0.1519547501233597,15.19547501233597,8.045795833333333,0.08802916666666666,8.802916666666667
10.1%,0.10120448666666666,10.120448666666666,BPA2014,BPA2014,72.0,0.3,True,8.435395315616171,0.1519547501233597,15.19547501233597,7.992312500000001,0.08847916666666668,8.847916666666668
10.1%,0.10120448666666666,10.120448666666666,BPA2014,BPA2014,96.0,0.4,True,8.377853465250945,0.1519547501233597,15.19547501233597,7.971504166666666,0.087875,8.7875
10.1%,0.10120448666666666,10.120448666666666,BPA2014,BPA2014,120.0,0.5,True,8.322352346977846,0.1519547501233597,15.19547501233597,7.900383333333333,0.08824166666666666,8.824166666666667
10.1%,0.10120448666666666,10.120448666666666,BPA2014,BPA2014,144.0,0.6,False,8.27141990588632,0.1519547501233597,15.19547501233597,7.8137875,0.08926666666666666,8.926666666666666
10.1%,0.10120448666666666,10.120448666666666,BPA2014,BPA2014,168.0,0.7,False,8.22750526512545,0.1519547501233597,15.19547501233597,7.7564625,0.08883333333333333,8.883333333333333
10.1%,0.10120448666666666,10.120448666666666,BPA2014,BPA2014,192.0,0.8,False,8.19280422660672,0.1519547501233597,15.19547501233597,7.7120999999999995,0.08899166666666665,8.899166666666664
10.1%,0.10120448666666666,10.120448666666666,BPA2014,BPA2014,216.0,0.9,False,8.169096603751719,0.1519547501233597,15.19547501233597,7.672833333333334,0.08954166666666667,8.954166666666667
10.1%,0.10120448666666666,10.120448666666666,BPA2014,BPA2014,240.0,1.0,False,8.157612373624962,0.1519547501233597,15.19547501233597,7.6561375,0.08814583333333334,8.814583333333333
10.1%,0.10120448666666666,10.120448666666666,BPA2014,BPA2014,264.0,1.1,False,8.158941025556501,0.1519547501233597,15.19547501233597,7.682908333333333,0.08612916666666667,8.612916666666667
10.1%,0.10120448666666666,10.120448666666666,BPA2014,BPA2014,288.0,1.2,False,8.172993825699558,0.1519547501233597,15.19547501233597,7.7153375,0.08383333333333333,8.383333333333333
10.1%,0.10120448666666666,10.120448666666666,BPA2014,BPA2014,312.0,1.3,False,8.199022631549802,0.1519547501233597,15.19547501233597,7.762645833333334,0.08387916666666667,8.387916666666667
10.1%,0.10120448666666666,10.120448666666666,BPA2014,BPA2014,336.0,1.4,False,8.23569223516292,0.1519547501233597,15.19547501233597,7.799054166666666,0.083925,8.3925
10.1%,0.10120448666666666,10.120448666666666,BPA2014,BPA2014,360.0,1.5,False,8.281196902700504,0.1519547501233597,15.19547501233597,7.8517125,0.0846125,8.46125
10.1%,0.10120448666666666,10.120448666666666,NPA2016,NPA2016,-360.0,-1.5,False,8.791332279401777,0.15302641559603056,15.302641559603055,8.2632875,0.08397083333333333,8.397083333333333
10.1%,0.10120448666666666,10.120448666666666,NPA2016,NPA2016,-336.0,-1.4,False,8.827457135654267,0.15302641559603056,15.302641559603055,8.315266666666666,0.08191666666666667,8.191666666666666
10.1%,0.10120448666666666,10.120448666666666,NPA2016,NPA2016,-312.0,-1.3,False,8.857243078162236,0.15302641559603056,15.302641559603055,8.355883333333335,0.079275,7.9275
10.1%,0.10120448666666666,10.120448666666666,NPA2016,NPA2016,-288.0,-1.2,False,8.88072708555291,0.15302641559603056,15.302641559603055,8.3695875,0.07785,7.785
10.1%,0.10120448666666666,10.120448666666666,NPA2016,NPA2016,-264.0,-1.1,False,8.898172188737583,0.14004942589449418,14.004942589449417,8.3759625,0.07729166666666666,7.729166666666666
10.1%,0.10120448666666666,10.120448666666666,NPA2016,NPA2016,-240.0,-1.0,False,8.90999832179749,0.14004942589449418,14.004942589449417,8.375008333333334,0.077625,7.7625
10.1%,0.10120448666666666,10.120448666666666,NPA2016,NPA2016,-216.0,-0.9,False,8.91673090984474,0.14004942589449418,14.004942589449417,8.3722125,0.07754166666666668,7.754166666666667
10.1%,0.10120448666666666,10.120448666666666,NPA2016,NPA2016,-192.0,-0.8,False,8.918959530702505,0.14004942589449418,14.004942589449417,8.372120833333334,0.07950833333333333,7.950833333333334
10.1%,0.10120448666666666,10.120448666666666,NPA2016,NPA2016,-168.0,-0.7,False,8.91728716431046,0.14004942589449418,14.004942589449417,8.395104166666666,0.08047499999999999,8.0475
10.1%,0.10120448666666666,10.120448666666666,NPA2016,NPA2016,-144.0,-0.6,False,8.912316750454355,0.14004942589449418,14.004942589449417,8.408004166666666,0.0812875,8.12875
10.1%,0.10120448666666666,10.120448666666666,NPA2016,NPA2016,-120.0,-0.5,True,8.904624318754788,0.14004942589449418,14.004942589449417,8.398683333333333,0.0823,8.23
10.1%,0.10120448666666666,10.120448666666666,NPA2016,NPA2016,-96.0,-0.4,True,8.894748256379303,0.14004942589449418,14.004942589449417,8.3687125,0.08320833333333334,8.320833333333335
10.1%,0.10120448666666666,10.120448666666666,NPA2016,NPA2016,-72.0,-0.3,True,8.883194377539034,0.14004942589449418,14.004942589449417,8.326408333333333,0.08410416666666667,8.410416666666668
10.1%,0.10120448666666666,10.120448666666666,NPA2016,NPA2016,-48.0,-0.2,True,8.870436390213976,0.14004942589449418,14.004942589449417,8.278204166666667,0.0857875,8.57875
10.1%,0.10120448666666666,10.120448666666666,NPA2016,NPA2016,-24.0,-0.1,True,8.856916527049144,0.14004942589449418,14.004942589449417,8.233437499999999,0.08675416666666667,8.675416666666667
10.1%,0.10120448666666666,10.120448666666666,NPA2016,NPA2016,0.0,0.0,True,8.843049909684003,0.14004942589449418,14.004942589449417,8.177191666666666,0.086725,8.6725
10.1%,0.10120448666666666,10.120448666666666,NPA2016,NPA2016,24.0,0.1,True,8.829230731329972,0.14004942589449418,14.004942589449417,8.11985,0.0876875,8.76875
10.1%,0.10120448666666666,10.120448666666666,NPA2016,NPA2016,48.0,0.2,True,8.815829714179555,0.14004942589449418,14.004942589449417,8.045795833333333,0.08802916666666666,8.802916666666667
10.1%,0.10120448666666666,10.120448666666666,NPA2016,NPA2016,72.0,0.3,True,8.803200797296501,0.14004942589449418,14.004942589449417,7.992312500000001,0.08847916666666668,8.847916666666668
10.1%,0.10120448666666666,10.120448666666666,NPA2016,NPA2016,96.0,0.4,True,8.791670186406607,0.14004942589449418,14.004942589449417,7.971504166666666,0.087875,8.7875
10.1%,0.10120448666666666,10.120448666666666,NPA2016,NPA2016,120.0,0.5,True,8.781533051998345,0.14004942589449418,14.004942589449417,7.900383333333333,0.08824166666666666,8.824166666666667
10.1%,0.10120448666666666,10.120448666666666,NPA2016,NPA2016,144.0,0.6,False,8.773059364821338,0.14004942589449418,14.004942589449417,7.8137875,0.08926666666666666,8.926666666666666
10.1%,0.10120448666666666,10.120448666666666,NPA2016,NPA2016,168.0,0.7,False,8.766474568471875,0.14004942589449418,14.004942589449417,7.7564625,0.08883333333333333,8.883333333333333
10.1%,0.10120448666666666,10.120448666666666,NPA2016,NPA2016,192.0,0.8,False,8.761952922124541,0.14004942589449418,14.004942589449417,7.7120999999999995,0.08899166666666665,8.899166666666664
10.1%,0.10120448666666666,10.120448666666666,NPA2016,NPA2016,216.0,0.9,False,8.759626138840298,0.14004942589449418,14.004942589449417,7.672833333333334,0.08954166666666667,8.954166666666667
10.1%,0.10120448666666666,10.120448666666666,NPA2016,NPA2016,240.0,1.0,False,8.759570447717516,0.14004942589449418,14.004942589449417,7.6561375,0.08814583333333334,8.814583333333333
10.1%,0.10120448666666666,10.120448666666666,NPA2016,NPA2016,264.0,1.1,False,8.761789350404696,0.14004942589449418,14.004942589449417,7.682908333333333,0.08612916666666667,8.612916666666667
10.1%,0.10120448666666666,10.120448666666666,NPA2016,NPA2016,288.0,1.2,False,8.76623221328069,0.14004942589449418,14.004942589449417,7.7153375,0.08383333333333333,8.383333333333333
10.1%,0.10120448666666666,10.120448666666666,NPA2016,NPA2016,312.0,1.3,False,8.7727870592661,0.14004942589449418,14.004942589449417,7.762645833333334,0.08387916666666667,8.387916666666667
10.1%,0.10120448666666666,10.120448666666666,NPA2016,NPA2016,336.0,1.4,False,8.781254864210965,0.14004942589449418,14.004942589449417,7.799054166666666,0.083925,8.3925
10.1%,0.10120448666666666,10.120448666666666,NPA2016,NPA2016,360.0,1.5,False,8.791363706273355,0.14004942589449418,14.004942589449417,7.8517125,0.0846125,8.46125
10.1%,0.10120448666666666,10.120448666666666,Nygaard2022,"TurbOPark, A=0.04",-360.0,-1.5,False,7.380251408130869,0.10120448666666666,10.120448666666666,8.2632875,0.08397083333333333,8.397083333333333
10.1%,0.10120448666666666,10.120448666666666,Nygaard2022,"TurbOPark, A=0.04",-336.0,-1.4,False,7.537951104730113,0.10120448666666666,10.120448666666666,8.315266666666666,0.08191666666666667,8.191666666666666
10.1%,0.10120448666666666,10.120448666666666,Nygaard2022,"TurbOPark, A=0.04",-312.0,-1.3,False,7.687359246812538,0.10120448666666666,10.120448666666666,8.355883333333335,0.079275,7.9275
10.1%,0.10120448666666666,10.120448666666666,Nygaard2022,"TurbOPark, A=0.04",-288.0,-1.2,False,7.79591093690798,0.10120448666666666,10.120448666666666,8.3695875,0.07785,7.785
10.1%,0.10120448666666666,10.120448666666666,Nygaard2022,"TurbOPark, A=0.04",-264.0,-1.1,False,7.84683769778474,0.10120448666666666,10.120448666666666,8.3759625,0.07729166666666666,7.729166666666666
10.1%,0.10120448666666666,10.120448666666666,Nygaard2022,"TurbOPark, A=0.04",-240.0,-1.0,False,7.847077166231807,0.10120448666666666,10.120448666666666,8.375008333333334,0.077625,7.7625
10.1%,0.10120448666666666,10.120448666666666,Nygaard2022,"TurbOPark, A=0.04",-216.0,-0.9,False,7.821120865069002,0.10120448666666666,10.120448666666666,8.3722125,0.07754166666666668,7.754166666666667
10.1%,0.10120448666666666,10.120448666666666,Nygaard2022,"TurbOPark, A=0.04",-192.0,-0.8,False,7.796338305450121,0.10120448666666666,10.120448666666666,8.372120833333334,0.07950833333333333,7.950833333333334
10.1%,0.10120448666666666,10.120448666666666,Nygaard2022,"TurbOPark, A=0.04",-168.0,-0.7,False,7.792222853075285,0.10120448666666666,10.120448666666666,8.395104166666666,0.08047499999999999,8.0475
10.1%,0.10120448666666666,10.120448666666666,Nygaard2022,"TurbOPark, A=0.04",-144.0,-0.6,False,7.816966021335424,0.10120448666666666,10.120448666666666,8.408004166666666,0.0812875,8.12875
10.1%,0.10120448666666666,10.120448666666666,Nygaard2022,"TurbOPark, A=0.04",-120.0,-0.5,True,7.868344697757005,0.10120448666666666,10.120448666666666,8.398683333333333,0.0823,8.23
10.1%,0.10120448666666666,10.120448666666666,Nygaard2022,"TurbOPark, A=0.04",-96.0,-0.4,True,7.936303145239563,0.10120448666666666,10.120448666666666,8.3687125,0.08320833333333334,8.320833333333335
10.1%,0.10120448666666666,10.120448666666666,Nygaard2022,"TurbOPark, A=0.04",-72.0,-0.3,True,8.006649019879573,0.10120448666666666,10.120448666666666,8.326408333333333,0.08410416666666667,8.410416666666668
10.1%,0.10120448666666666,10.120448666666666,Nygaard2022,"TurbOPark, A=0.04",-48.0,-0.2,True,8.065328018370765,0.10120448666666666,10.120448666666666,8.278204166666667,0.0857875,8.57875
10.1%,0.10120448666666666,10.120448666666666,Nygaard2022,"TurbOPark, A=0.04",-24.0,-0.1,True,8.102382227084435,0.10120448666666666,10.120448666666666,8.233437499999999,0.08675416666666667,8.675416666666667
10.1%,0.10120448666666666,10.120448666666666,Nygaard2022,"TurbOPark, A=0.04",0.0,0.0,True,8.113388655329338,0.10120448666666666,10.120448666666666,8.177191666666666,0.086725,8.6725
10.1%,0.10120448666666666,10.120448666666666,Nygaard2022,"TurbOPark, A=0.04",24.0,0.1,True,8.096545383471987,0.10120448666666666,10.120448666666666,8.11985,0.0876875,8.76875
10.1%,0.10120448666666666,10.120448666666666,Nygaard2022,"TurbOPark, A=0.04",48.0,0.2,True,8.046856638015113,0.10120448666666666,10.120448666666666,8.045795833333333,0.08802916666666666,8.802916666666667
10.1%,0.10120448666666666,10.120448666666666,Nygaard2022,"TurbOPark, A=0.04",72.0,0.3,True,7.952662265336878,0.10120448666666666,10.120448666666666,7.992312500000001,0.08847916666666668,8.847916666666668
10.1%,0.10120448666666666,10.120448666666666,Nygaard2022,"TurbOPark, A=0.04",96.0,0.4,True,7.8000592624362675,0.10120448666666666,10.120448666666666,7.971504166666666,0.087875,8.7875
10.1%,0.10120448666666666,10.120448666666666,Nygaard2022,"TurbOPark, A=0.04",120.0,0.5,True,7.584928456777437,0.10120448666666666,10.120448666666666,7.900383333333333,0.08824166666666666,8.824166666666667
10.1%,0.10120448666666666,10.120448666666666,Nygaard2022,"TurbOPark, A=0.04",144.0,0.6,False,7.322956943872395,0.10120448666666666,10.120448666666666,7.8137875,0.08926666666666666,8.926666666666666
10.1%,0.10120448666666666,10.120448666666666,Nygaard2022,"TurbOPark, A=0.04",168.0,0.7,False,7.049396559479819,0.10120448666666666,10.120448666666666,7.7564625,0.08883333333333333,8.883333333333333
10.1%,0.10120448666666666,10.120448666666666,Nygaard2022,"TurbOPark, A=0.04",192.0,0.8,False,6.809938878272192,0.10120448666666666,10.120448666666666,7.7120999999999995,0.08899166666666665,8.899166666666664
10.1%,0.10120448666666666,10.120448666666666,Nygaard2022,"TurbOPark, A=0.04",216.0,0.9,False,6.648814885960271,0.10120448666666666,10.120448666666666,7.672833333333334,0.08954166666666667,8.954166666666667
10.1%,0.10120448666666666,10.120448666666666,Nygaard2022,"TurbOPark, A=0.04",240.0,1.0,False,6.597617061296968,0.10120448666666666,10.120448666666666,7.6561375,0.08814583333333334,8.814583333333333
10.1%,0.10120448666666666,10.120448666666666,Nygaard2022,"TurbOPark, A=0.04",264.0,1.1,False,6.667322588989402,0.10120448666666666,10.120448666666666,7.682908333333333,0.08612916666666667,8.612916666666667
10.1%,0.10120448666666666,10.120448666666666,Nygaard2022,"TurbOPark, A=0.04",288.0,1.2,False,6.843814688437681,0.10120448666666666,10.120448666666666,7.7153375,0.08383333333333333,8.383333333333333
10.1%,0.10120448666666666,10.120448666666666,Nygaard2022,"TurbOPark, A=0.04",312.0,1.3,False,7.08850518258815,0.10120448666666666,10.120448666666666,7.762645833333334,0.08387916666666667,8.387916666666667
10.1%,0.10120448666666666,10.120448666666666,Nygaard2022,"TurbOPark, A=0.04",336.0,1.4,False,7.343608952345308,0.10120448666666666,10.120448666666666,7.799054166666666,0.083925,8.3925
10.1%,0.10120448666666666,10.120448666666666,Nygaard2022,"TurbOPark, A=0.04",360.0,1.5,False,7.545032006409755,0.10120448666666666,10.120448666666666,7.8517125,0.0846125,8.46125
10.1%,0.10120448666666666,10.120448666666666,Nygaard2022_A0.06,"TurbOPark, A=0.06",-360.0,-1.5,False,7.913384136212702,0.10120448666666666,10.120448666666666,8.2632875,0.08397083333333333,8.397083333333333
10.1%,0.10120448666666666,10.120448666666666,Nygaard2022_A0.06,"TurbOPark, A=0.06",-336.0,-1.4,False,7.989040440442414,0.10120448666666666,10.120448666666666,8.315266666666666,0.08191666666666667,8.191666666666666
10.1%,0.10120448666666666,10.120448666666666,Nygaard2022_A0.06,"TurbOPark, A=0.06",-312.0,-1.3,False,8.070122541008967,0.10120448666666666,10.120448666666666,8.355883333333335,0.079275,7.9275
10.1%,0.10120448666666666,10.120448666666666,Nygaard2022_A0.06,"TurbOPark, A=0.06",-288.0,-1.2,False,8.144999157296832,0.10120448666666666,10.120448666666666,8.3695875,0.07785,7.785
10.1%,0.10120448666666666,10.120448666666666,Nygaard2022_A0.06,"TurbOPark, A=0.06",-264.0,-1.1,False,8.2048455765313,0.10120448666666666,10.120448666666666,8.3759625,0.07729166666666666,7.729166666666666
10.1%,0.10120448666666666,10.120448666666666,Nygaard2022_A0.06,"TurbOPark, A=0.06",-240.0,-1.0,False,8.246228032122072,0.10120448666666666,10.120448666666666,8.375008333333334,0.077625,7.7625
10.1%,0.10120448666666666,10.120448666666666,Nygaard2022_A0.06,"TurbOPark, A=0.06",-216.0,-0.9,False,8.271516698643303,0.10120448666666666,10.120448666666666,8.3722125,0.07754166666666668,7.754166666666667
10.1%,0.10120448666666666,10.120448666666666,Nygaard2022_A0.06,"TurbOPark, A=0.06",-192.0,-0.8,False,8.287064741991532,0.10120448666666666,10.120448666666666,8.372120833333334,0.07950833333333333,7.950833333333334
10.1%,0.10120448666666666,10.120448666666666,Nygaard2022_A0.06,"TurbOPark, A=0.06",-168.0,-0.7,False,8.300099452285288,0.10120448666666666,10.120448666666666,8.395104166666666,0.08047499999999999,8.0475
10.1%,0.10120448666666666,10.120448666666666,Nygaard2022_A0.06,"TurbOPark, A=0.06",-144.0,-0.6,False,8.316304280703513,0.10120448666666666,10.120448666666666,8.408004166666666,0.0812875,8.12875
10.1%,0.10120448666666666,10.120448666666666,Nygaard2022_A0.06,"TurbOPark, A=0.06",-120.0,-0.5,True,8.338557269800095,0.10120448666666666,10.120448666666666,8.398683333333333,0.0823,8.23
10.1%,0.10120448666666666,10.120448666666666,Nygaard2022_A0.06,"TurbOPark, A=0.06",-96.0,-0.4,True,8.366863329726481,0.10120448666666666,10.120448666666666,8.3687125,0.08320833333333334,8.320833333333335
10.1%,0.10120448666666666,10.120448666666666,Nygaard2022_A0.06,"TurbOPark, A=0.06",-72.0,-0.3,True,8.39884039963057,0.10120448666666666,10.120448666666666,8.326408333333333,0.08410416666666667,8.410416666666668
10.1%,0.10120448666666666,10.120448666666666,Nygaard2022_A0.06,"TurbOPark, A=0.06",-48.0,-0.2,True,8.430162762341348,0.10120448666666666,10.120448666666666,8.278204166666667,0.0857875,8.57875
10.1%,0.10120448666666666,10.120448666666666,Nygaard2022_A0.06,"TurbOPark, A=0.06",-24.0,-0.1,True,8.454769228342657,0.10120448666666666,10.120448666666666,8.233437499999999,0.08675416666666667,8.675416666666667
10.1%,0.10120448666666666,10.120448666666666,Nygaard2022_A0.06,"TurbOPark, A=0.06",0.0,0.0,True,8.464568822570197,0.10120448666666666,10.120448666666666,8.177191666666666,0.086725,8.6725
10.1%,0.10120448666666666,10.120448666666666,Nygaard2022_A0.06,"TurbOPark, A=0.06",24.0,0.1,True,8.449373235457578,0.10120448666666666,10.120448666666666,8.11985,0.0876875,8.76875
10.1%,0.10120448666666666,10.120448666666666,Nygaard2022_A0.06,"TurbOPark, A=0.06",48.0,0.2,True,8.39831667129636,0.10120448666666666,10.120448666666666,8.045795833333333,0.08802916666666666,8.802916666666667
10.1%,0.10120448666666666,10.120448666666666,Nygaard2022_A0.06,"TurbOPark, A=0.06",72.0,0.3,True,8.303720846583909,0.10120448666666666,10.120448666666666,7.992312500000001,0.08847916666666668,8.847916666666668
10.1%,0.10120448666666666,10.120448666666666,Nygaard2022_A0.06,"TurbOPark, A=0.06",96.0,0.4,True,8.165690140985774,0.10120448666666666,10.120448666666666,7.971504166666666,0.087875,8.7875
10.1%,0.10120448666666666,10.120448666666666,Nygaard2022_A0.06,"TurbOPark, A=0.06",120.0,0.5,True,7.994117819574084,0.10120448666666666,10.120448666666666,7.900383333333333,0.08824166666666666,8.824166666666667
10.1%,0.10120448666666666,10.120448666666666,Nygaard2022_A0.06,"TurbOPark, A=0.06",144.0,0.6,False,7.807090423227701,0.10120448666666666,10.120448666666666,7.8137875,0.08926666666666666,8.926666666666666
10.1%,0.10120448666666666,10.120448666666666,Nygaard2022_A0.06,"TurbOPark, A=0.06",168.0,0.7,False,7.627257416299489,0.10120448666666666,10.120448666666666,7.7564625,0.08883333333333333,8.883333333333333
10.1%,0.10120448666666666,10.120448666666666,Nygaard2022_A0.06,"TurbOPark, A=0.06",192.0,0.8,False,7.477769777838979,0.10120448666666666,10.120448666666666,7.7120999999999995,0.08899166666666665,8.899166666666664
10.1%,0.10120448666666666,10.120448666666666,Nygaard2022_A0.06,"TurbOPark, A=0.06",216.0,0.9,False,7.378375316380879,0.10120448666666666,10.120448666666666,7.672833333333334,0.08954166666666667,8.954166666666667
10.1%,0.10120448666666666,10.120448666666666,Nygaard2022_A0.06,"TurbOPark, A=0.06",240.0,1.0,False,7.341870784259083,0.10120448666666666,10.120448666666666,7.6561375,0.08814583333333334,8.814583333333333
10.1%,0.10120448666666666,10.120448666666666,Nygaard2022_A0.06,"TurbOPark, A=0.06",264.0,1.1,False,7.3717100379741325,0.10120448666666666,10.120448666666666,7.682908333333333,0.08612916666666667,8.612916666666667
10.1%,0.10120448666666666,10.120448666666666,Nygaard2022_A0.06,"TurbOPark, A=0.06",288.0,1.2,False,7.460627098461924,0.10120448666666666,10.120448666666666,7.7153375,0.08383333333333333,8.383333333333333
10.1%,0.10120448666666666,10.120448666666666,Nygaard2022_A0.06,"TurbOPark, A=0.06",312.0,1.3,False,7.591409665254963,0.10120448666666666,10.120448666666666,7.762645833333334,0.08387916666666667,8.387916666666667
10.1%,0.10120448666666666,10.120448666666666,Nygaard2022_A0.06,"TurbOPark, A=0.06",336.0,1.4,False,7.739403114093667,0.10120448666666666,10.120448666666666,7.799054166666666,0.083925,8.3925
10.1%,0.10120448666666666,10.120448666666666,Nygaard2022_A0.06,"TurbOPark, A=0.06",360.0,1.5,False,7.877361424730838,0.10120448666666666,10.120448666666666,7.8517125,0.0846125,8.46125
10.7%,0.10737190111111111,10.737190111111111,BPA2014,BPA2014,-360.0,-1.5,False,8.584001809351504,0.14426901831788205,14.426901831788205,8.2632875,0.08397083333333333,8.397083333333333
10.7%,0.10737190111111111,10.737190111111111,BPA2014,BPA2014,-336.0,-1.4,False,8.633340132955565,0.14426901831788205,14.426901831788205,8.315266666666666,0.08191666666666667,8.191666666666666
10.7%,0.10737190111111111,10.737190111111111,BPA2014,BPA2014,-312.0,-1.3,False,8.671119495733967,0.14426901831788205,14.426901831788205,8.355883333333335,0.079275,7.9275
10.7%,0.10737190111111111,10.737190111111111,BPA2014,BPA2014,-288.0,-1.2,False,8.699951635727064,0.14426901831788205,14.426901831788205,8.3695875,0.07785,7.785
10.7%,0.10737190111111111,10.737190111111111,BPA2014,BPA2014,-264.0,-1.1,False,8.721890854269411,0.14426901831788205,14.426901831788205,8.3759625,0.07729166666666666,7.729166666666666
10.7%,0.10737190111111111,10.737190111111111,BPA2014,BPA2014,-240.0,-1.0,False,8.738329103624794,0.14426901831788205,14.426901831788205,8.375008333333334,0.077625,7.7625
10.7%,0.10737190111111111,10.737190111111111,BPA2014,BPA2014,-216.0,-0.9,False,8.750010171159154,0.14426901831788205,14.426901831788205,8.3722125,0.07754166666666668,7.754166666666667
10.7%,0.10737190111111111,10.737190111111111,BPA2014,BPA2014,-192.0,-0.8,False,8.75712060473875,0.14426901831788205,14.426901831788205,8.372120833333334,0.07950833333333333,7.950833333333334
10.7%,0.10737190111111111,10.737190111111111,BPA2014,BPA2014,-168.0,-0.7,False,8.759421403074125,0.14426901831788205,14.426901831788205,8.395104166666666,0.08047499999999999,8.0475
10.7%,0.10737190111111111,10.737190111111111,BPA2014,BPA2014,-144.0,-0.6,False,8.756394948270506,0.14426901831788205,14.426901831788205,8.408004166666666,0.0812875,8.12875
10.7%,0.10737190111111111,10.737190111111111,BPA2014,BPA2014,-120.0,-0.5,True,8.747391862391575,0.15597216571434097,15.597216571434098,8.398683333333333,0.0823,8.23
10.7%,0.10737190111111111,10.737190111111111,BPA2014,BPA2014,-96.0,-0.4,True,8.73176996186122,0.15597216571434097,15.597216571434098,8.3687125,0.08320833333333334,8.320833333333335
10.7%,0.10737190111111111,10.737190111111111,BPA2014,BPA2014,-72.0,-0.3,True,8.709021525712231,0.15597216571434097,15.597216571434098,8.326408333333333,0.08410416666666667,8.410416666666668
10.7%,0.10737190111111111,10.737190111111111,BPA2014,BPA2014,-48.0,-0.2,True,8.678886152498677,0.15597216571434097,15.597216571434098,8.278204166666667,0.0857875,8.57875
10.7%,0.10737190111111111,10.737190111111111,BPA2014,BPA2014,-24.0,-0.1,True,8.641445635719492,0.15597216571434097,15.597216571434098,8.233437499999999,0.08675416666666667,8.675416666666667
10.7%,0.10737190111111111,10.737190111111111,BPA2014,BPA2014,0.0,0.0,True,8.597195758772386,0.15597216571434097,15.597216571434098,8.177191666666666,0.086725,8.6725
10.7%,0.10737190111111111,10.737190111111111,BPA2014,BPA2014,24.0,0.1,True,8.547088758264962,0.15597216571434097,15.597216571434098,8.11985,0.0876875,8.76875
10.7%,0.10737190111111111,10.737190111111111,BPA2014,BPA2014,48.0,0.2,True,8.492540177915508,0.15597216571434097,15.597216571434098,8.045795833333333,0.08802916666666666,8.802916666666667
10.7%,0.10737190111111111,10.737190111111111,BPA2014,BPA2014,72.0,0.3,True,8.435395315616171,0.15597216571434097,15.597216571434098,7.992312500000001,0.08847916666666668,8.847916666666668
10.7%,0.10737190111111111,10.737190111111111,BPA2014,BPA2014,96.0,0.4,True,8.377853465250945,0.15597216571434097,15.597216571434098,7.971504166666666,0.087875,8.7875
10.7%,0.10737190111111111,10.737190111111111,BPA2014,BPA2014,120.0,0.5,True,8.322352346977846,0.15597216571434097,15.597216571434098,7.900383333333333,0.08824166666666666,8.824166666666667
10.7%,0.10737190111111111,10.737190111111111,BPA2014,BPA2014,144.0,0.6,False,8.27141990588632,0.15597216571434097,15.597216571434098,7.8137875,0.08926666666666666,8.926666666666666
10.7%,0.10737190111111111,10.737190111111111,BPA2014,BPA2014,168.0,0.7,False,8.22750526512545,0.15597216571434097,15.597216571434098,7.7564625,0.08883333333333333,8.883333333333333
10.7%,0.10737190111111111,10.737190111111111,BPA2014,BPA2014,192.0,0.8,False,8.19280422660672,0.15597216571434097,15.597216571434098,7.7120999999999995,0.08899166666666665,8.899166666666664
10.7%,0.10737190111111111,10.737190111111111,BPA2014,BPA2014,216.0,0.9,False,8.169096603751719,0.15597216571434097,15.597216571434098,7.672833333333334,0.08954166666666667,8.954166666666667
10.7%,0.10737190111111111,10.737190111111111,BPA2014,BPA2014,240.0,1.0,False,8.157612373624962,0.15597216571434097,15.597216571434098,7.6561375,0.08814583333333334,8.814583333333333
10.7%,0.10737190111111111,10.737190111111111,BPA2014,BPA2014,264.0,1.1,False,8.158941025556501,0.15597216571434097,15.597216571434098,7.682908333333333,0.08612916666666667,8.612916666666667
10.7%,0.10737190111111111,10.737190111111111,BPA2014,BPA2014,288.0,1.2,False,8.172993825699558,0.15597216571434097,15.597216571434098,7.7153375,0.08383333333333333,8.383333333333333
10.7%,0.10737190111111111,10.737190111111111,BPA2014,BPA2014,312.0,1.3,False,8.199022631549802,0.15597216571434097,15.597216571434098,7.762645833333334,0.08387916666666667,8.387916666666667
10.7%,0.10737190111111111,10.737190111111111,BPA2014,BPA2014,336.0,1.4,False,8.23569223516292,0.15597216571434097,15.597216571434098,7.799054166666666,0.083925,8.3925
10.7%,0.10737190111111111,10.737190111111111,BPA2014,BPA2014,360.0,1.5,False,8.281196902700504,0.15597216571434097,15.597216571434098,7.8517125,0.0846125,8.46125
10.7%,0.10737190111111111,10.737190111111111,NPA2016,NPA2016,-360.0,-1.5,False,8.803589726691046,0.15733313513259953,15.733313513259953,8.2632875,0.08397083333333333,8.397083333333333
10.7%,0.10737190111111111,10.737190111111111,NPA2016,NPA2016,-336.0,-1.4,False,8.838506419525107,0.15733313513259953,15.733313513259953,8.315266666666666,0.08191666666666667,8.191666666666666
10.7%,0.10737190111111111,10.737190111111111,NPA2016,NPA2016,-312.0,-1.3,False,8.867575620823942,0.15733313513259953,15.733313513259953,8.355883333333335,0.079275,7.9275
10.7%,0.10737190111111111,10.737190111111111,NPA2016,NPA2016,-288.0,-1.2,False,8.890757476849792,0.15733313513259953,15.733313513259953,8.3695875,0.07785,7.785
10.7%,0.10737190111111111,10.737190111111111,NPA2016,NPA2016,-264.0,-1.1,False,8.908247017345438,0.14469255530143094,14.469255530143094,8.3759625,0.07729166666666666,7.729166666666666
10.7%,0.10737190111111111,10.737190111111111,NPA2016,NPA2016,-240.0,-1.0,False,8.920400118105505,0.14469255530143094,14.469255530143094,8.375008333333334,0.077625,7.7625
10.7%,0.10737190111111111,10.737190111111111,NPA2016,NPA2016,-216.0,-0.9,False,8.927675119949354,0.14469255530143094,14.469255530143094,8.3722125,0.07754166666666668,7.754166666666667
10.7%,0.10737190111111111,10.737190111111111,NPA2016,NPA2016,-192.0,-0.8,False,8.930617302558693,0.14469255530143094,14.469255530143094,8.372120833333334,0.07950833333333333,7.950833333333334
10.7%,0.10737190111111111,10.737190111111111,NPA2016,NPA2016,-168.0,-0.7,False,8.929784218315021,0.14469255530143094,14.469255530143094,8.395104166666666,0.08047499999999999,8.0475
10.7%,0.10737190111111111,10.737190111111111,NPA2016,NPA2016,-144.0,-0.6,False,8.92575120549272,0.14469255530143094,14.469255530143094,8.408004166666666,0.0812875,8.12875
10.7%,0.10737190111111111,10.737190111111111,NPA2016,NPA2016,-120.0,-0.5,True,8.919070469777242,0.14469255530143094,14.469255530143094,8.398683333333333,0.0823,8.23
10.7%,0.10737190111111111,10.737190111111111,NPA2016,NPA2016,-96.0,-0.4,True,8.910270632789443,0.14469255530143094,14.469255530143094,8.3687125,0.08320833333333334,8.320833333333335
10.7%,0.10737190111111111,10.737190111111111,NPA2016,NPA2016,-72.0,-0.3,True,8.899845550630909,0.14469255530143094,14.469255530143094,8.326408333333333,0.08410416666666667,8.410416666666668
10.7%,0.10737190111111111,10.737190111111111,NPA2016,NPA2016,-48.0,-0.2,True,8.88825845899082,0.14469255530143094,14.469255530143094,8.278204166666667,0.0857875,8.57875
10.7%,0.10737190111111111,10.737190111111111,NPA2016,NPA2016,-24.0,-0.1,True,8.875937495471902,0.14469255530143094,14.469255530143094,8.233437499999999,0.08675416666666667,8.675416666666667
10.7%,0.10737190111111111,10.737190111111111,NPA2016,NPA2016,0.0,0.0,True,8.86328471030804,0.14469255530143094,14.469255530143094,8.177191666666666,0.086725,8.6725
10.7%,0.10737190111111111,10.737190111111111,NPA2016,NPA2016,24.0,0.1,True,8.850674248902575,0.14469255530143094,14.469255530143094,8.11985,0.0876875,8.76875
10.7%,0.10737190111111111,10.737190111111111,NPA2016,NPA2016,48.0,0.2,True,8.838455849184578,0.14469255530143094,14.469255530143094,8.045795833333333,0.08802916666666666,8.802916666666667
10.7%,0.10737190111111111,10.737190111111111,NPA2016,NPA2016,72.0,0.3,True,8.826952191209505,0.14469255530143094,14.469255530143094,7.992312500000001,0.08847916666666668,8.847916666666668
10.7%,0.10737190111111111,10.737190111111111,NPA2016,NPA2016,96.0,0.4,True,8.8164638201835,0.14469255530143094,14.469255530143094,7.971504166666666,0.087875,8.7875
10.7%,0.10737190111111111,10.737190111111111,NPA2016,NPA2016,120.0,0.5,True,8.807254991624198,0.14469255530143094,14.469255530143094,7.900383333333333,0.08824166666666666,8.824166666666667
10.7%,0.10737190111111111,10.737190111111111,NPA2016,NPA2016,144.0,0.6,False,8.79956658024508,0.14469255530143094,14.469255530143094,7.8137875,0.08926666666666666,8.926666666666666
10.7%,0.10737190111111111,10.737190111111111,NPA2016,NPA2016,168.0,0.7,False,8.793592686154664,0.14469255530143094,14.469255530143094,7.7564625,0.08883333333333333,8.883333333333333
10.7%,0.10737190111111111,10.737190111111111,NPA2016,NPA2016,192.0,0.8,False,8.789492026704657,0.14469255530143094,14.469255530143094,7.7120999999999995,0.08899166666666665,8.899166666666664
10.7%,0.10737190111111111,10.737190111111111,NPA2016,NPA2016,216.0,0.9,False,8.787372496594505,0.14469255530143094,14.469255530143094,7.672833333333334,0.08954166666666667,8.954166666666667
10.7%,0.10737190111111111,10.737190111111111,NPA2016,NPA2016,240.0,1.0,False,8.787297805628137,0.14469255530143094,14.469255530143094,7.6561375,0.08814583333333334,8.814583333333333
10.7%,0.10737190111111111,10.737190111111111,NPA2016,NPA2016,264.0,1.1,False,8.789268080350809,0.14469255530143094,14.469255530143094,7.682908333333333,0.08612916666666667,8.612916666666667
10.7%,0.10737190111111111,10.737190111111111,NPA2016,NPA2016,288.0,1.2,False,8.793243773530268,0.14469255530143094,14.469255530143094,7.7153375,0.08383333333333333,8.383333333333333
10.7%,0.10737190111111111,10.737190111111111,NPA2016,NPA2016,312.0,1.3,False,8.799098458618303,0.14469255530143094,14.469255530143094,7.762645833333334,0.08387916666666667,8.387916666666667
10.7%,0.10737190111111111,10.737190111111111,NPA2016,NPA2016,336.0,1.4,False,8.80666786448533,0.14469255530143094,14.469255530143094,7.799054166666666,0.083925,8.3925
10.7%,0.10737190111111111,10.737190111111111,NPA2016,NPA2016,360.0,1.5,False,8.815678361173715,0.14469255530143094,14.469255530143094,7.8517125,0.0846125,8.46125
10.7%,0.10737190111111111,10.737190111111111,Nygaard2022,"TurbOPark, A=0.04",-360.0,-1.5,False,7.4164044749813005,0.10737190111111111,10.737190111111111,8.2632875,0.08397083333333333,8.397083333333333
10.7%,0.10737190111111111,10.737190111111111,Nygaard2022,"TurbOPark, A=0.04",-336.0,-1.4,False,7.567963966483288,0.10737190111111111,10.737190111111111,8.315266666666666,0.08191666666666667,8.191666666666666
10.7%,0.10737190111111111,10.737190111111111,Nygaard2022,"TurbOPark, A=0.04",-312.0,-1.3,False,7.713350566285884,0.10737190111111111,10.737190111111111,8.355883333333335,0.079275,7.9275
10.7%,0.10737190111111111,10.737190111111111,Nygaard2022,"TurbOPark, A=0.04",-288.0,-1.2,False,7.821930534406849,0.10737190111111111,10.737190111111111,8.3695875,0.07785,7.785
10.7%,0.10737190111111111,10.737190111111111,Nygaard2022,"TurbOPark, A=0.04",-264.0,-1.1,False,7.877214318037211,0.10737190111111111,10.737190111111111,8.3759625,0.07729166666666666,7.729166666666666
10.7%,0.10737190111111111,10.737190111111111,Nygaard2022,"TurbOPark, A=0.04",-240.0,-1.0,False,7.884338716196354,0.10737190111111111,10.737190111111111,8.375008333333334,0.077625,7.7625
10.7%,0.10737190111111111,10.737190111111111,Nygaard2022,"TurbOPark, A=0.04",-216.0,-0.9,False,7.865078156294834,0.10737190111111111,10.737190111111111,8.3722125,0.07754166666666668,7.754166666666667
10.7%,0.10737190111111111,10.737190111111111,Nygaard2022,"TurbOPark, A=0.04",-192.0,-0.8,False,7.844729210355646,0.10737190111111111,10.737190111111111,8.372120833333334,0.07950833333333333,7.950833333333334
10.7%,0.10737190111111111,10.737190111111111,Nygaard2022,"TurbOPark, A=0.04",-168.0,-0.7,False,7.841914654083251,0.10737190111111111,10.737190111111111,8.395104166666666,0.08047499999999999,8.0475
10.7%,0.10737190111111111,10.737190111111111,Nygaard2022,"TurbOPark, A=0.04",-144.0,-0.6,False,7.864948566008774,0.10737190111111111,10.737190111111111,8.408004166666666,0.0812875,8.12875
10.7%,0.10737190111111111,10.737190111111111,Nygaard2022,"TurbOPark, A=0.04",-120.0,-0.5,True,7.9124522368177335,0.10737190111111111,10.737190111111111,8.398683333333333,0.0823,8.23
10.7%,0.10737190111111111,10.737190111111111,Nygaard2022,"TurbOPark, A=0.04",-96.0,-0.4,True,7.975834410930966,0.10737190111111111,10.737190111111111,8.3687125,0.08320833333333334,8.320833333333335
10.7%,0.10737190111111111,10.737190111111111,Nygaard2022,"TurbOPark, A=0.04",-72.0,-0.3,True,8.042517356553079,0.10737190111111111,10.737190111111111,8.326408333333333,0.08410416666666667,8.410416666666668
10.7%,0.10737190111111111,10.737190111111111,Nygaard2022,"TurbOPark, A=0.04",-48.0,-0.2,True,8.099773921427472,0.10737190111111111,10.737190111111111,8.278204166666667,0.0857875,8.57875
10.7%,0.10737190111111111,10.737190111111111,Nygaard2022,"TurbOPark, A=0.04",-24.0,-0.1,True,8.13802870397244,0.10737190111111111,10.737190111111111,8.233437499999999,0.08675416666666667,8.675416666666667
10.7%,0.10737190111111111,10.737190111111111,Nygaard2022,"TurbOPark, A=0.04",0.0,0.0,True,8.152014249910936,0.10737190111111111,10.737190111111111,8.177191666666666,0.086725,8.6725
10.7%,0.10737190111111111,10.737190111111111,Nygaard2022,"TurbOPark, A=0.04",24.0,0.1,True,8.138157756091298,0.10737190111111111,10.737190111111111,8.11985,0.0876875,8.76875
10.7%,0.10737190111111111,10.737190111111111,Nygaard2022,"TurbOPark, A=0.04",48.0,0.2,True,8.089646768848539,0.10737190111111111,10.737190111111111,8.045795833333333,0.08802916666666666,8.802916666666667
10.7%,0.10737190111111111,10.737190111111111,Nygaard2022,"TurbOPark, A=0.04",72.0,0.3,True,7.9939670432771575,0.10737190111111111,10.737190111111111,7.992312500000001,0.08847916666666668,8.847916666666668
10.7%,0.10737190111111111,10.737190111111111,Nygaard2022,"TurbOPark, A=0.04",96.0,0.4,True,7.838009104058404,0.10737190111111111,10.737190111111111,7.971504166666666,0.087875,8.7875
10.7%,0.10737190111111111,10.737190111111111,Nygaard2022,"TurbOPark, A=0.04",120.0,0.5,True,7.619630727379572,0.10737190111111111,10.737190111111111,7.900383333333333,0.08824166666666666,8.824166666666667
10.7%,0.10737190111111111,10.737190111111111,Nygaard2022,"TurbOPark, A=0.04",144.0,0.6,False,7.356194313309228,0.10737190111111111,10.737190111111111,7.8137875,0.08926666666666666,8.926666666666666
10.7%,0.10737190111111111,10.737190111111111,Nygaard2022,"TurbOPark, A=0.04",168.0,0.7,False,7.083215665288545,0.10737190111111111,10.737190111111111,7.7564625,0.08883333333333333,8.883333333333333
10.7%,0.10737190111111111,10.737190111111111,Nygaard2022,"TurbOPark, A=0.04",192.0,0.8,False,6.845439753444198,0.10737190111111111,10.737190111111111,7.7120999999999995,0.08899166666666665,8.899166666666664
10.7%,0.10737190111111111,10.737190111111111,Nygaard2022,"TurbOPark, A=0.04",216.0,0.9,False,6.6855430557489015,0.10737190111111111,10.737190111111111,7.672833333333334,0.08954166666666667,8.954166666666667
10.7%,0.10737190111111111,10.737190111111111,Nygaard2022,"TurbOPark, A=0.04",240.0,1.0,False,6.633854408613333,0.10737190111111111,10.737190111111111,7.6561375,0.08814583333333334,8.814583333333333
10.7%,0.10737190111111111,10.737190111111111,Nygaard2022,"TurbOPark, A=0.04",264.0,1.1,False,6.700682460789679,0.10737190111111111,10.737190111111111,7.682908333333333,0.08612916666666667,8.612916666666667
10.7%,0.10737190111111111,10.737190111111111,Nygaard2022,"TurbOPark, A=0.04",288.0,1.2,False,6.872225177711779,0.10737190111111111,10.737190111111111,7.7153375,0.08383333333333333,8.383333333333333
10.7%,0.10737190111111111,10.737190111111111,Nygaard2022,"TurbOPark, A=0.04",312.0,1.3,False,7.111166589541967,0.10737190111111111,10.737190111111111,7.762645833333334,0.08387916666666667,8.387916666666667
10.7%,0.10737190111111111,10.737190111111111,Nygaard2022,"TurbOPark, A=0.04",336.0,1.4,False,7.361949694930189,0.10737190111111111,10.737190111111111,7.799054166666666,0.083925,8.3925
10.7%,0.10737190111111111,10.737190111111111,Nygaard2022,"TurbOPark, A=0.04",360.0,1.5,False,7.5630316096015235,0.10737190111111111,10.737190111111111,7.8517125,0.0846125,8.46125
10.7%,0.10737190111111111,10.737190111111111,Nygaard2022_A0.06,"TurbOPark, A=0.06",-360.0,-1.5,False,7.947301638125603,0.10737190111111111,10.737190111111111,8.2632875,0.08397083333333333,8.397083333333333
10.7%,0.10737190111111111,10.737190111111111,Nygaard2022_A0.06,"TurbOPark, A=0.06",-336.0,-1.4,False,8.019433022540394,0.10737190111111111,10.737190111111111,8.315266666666666,0.08191666666666667,8.191666666666666
10.7%,0.10737190111111111,10.737190111111111,Nygaard2022_A0.06,"TurbOPark, A=0.06",-312.0,-1.3,False,8.09767916494781,0.10737190111111111,10.737190111111111,8.355883333333335,0.079275,7.9275
10.7%,0.10737190111111111,10.737190111111111,Nygaard2022_A0.06,"TurbOPark, A=0.06",-288.0,-1.2,False,8.171225568438773,0.10737190111111111,10.737190111111111,8.3695875,0.07785,7.785
10.7%,0.10737190111111111,10.737190111111111,Nygaard2022_A0.06,"TurbOPark, A=0.06",-264.0,-1.1,False,8.231617354262664,0.10737190111111111,10.737190111111111,8.3759625,0.07729166666666666,7.729166666666666
10.7%,0.10737190111111111,10.737190111111111,Nygaard2022_A0.06,"TurbOPark, A=0.06",-240.0,-1.0,False,8.275107959471205,0.10737190111111111,10.737190111111111,8.375008333333334,0.077625,7.7625
10.7%,0.10737190111111111,10.737190111111111,Nygaard2022_A0.06,"TurbOPark, A=0.06",-216.0,-0.9,False,8.303248565170378,0.10737190111111111,10.737190111111111,8.3722125,0.07754166666666668,7.754166666666667
10.7%,0.10737190111111111,10.737190111111111,Nygaard2022_A0.06,"TurbOPark, A=0.06",-192.0,-0.8,False,8.321394499944205,0.10737190111111111,10.737190111111111,8.372120833333334,0.07950833333333333,7.950833333333334
10.7%,0.10737190111111111,10.737190111111111,Nygaard2022_A0.06,"TurbOPark, A=0.06",-168.0,-0.7,False,8.336093468905341,0.10737190111111111,10.737190111111111,8.395104166666666,0.08047499999999999,8.0475
10.7%,0.10737190111111111,10.737190111111111,Nygaard2022_A0.06,"TurbOPark, A=0.06",-144.0,-0.6,False,8.352752555864386,0.10737190111111111,10.737190111111111,8.408004166666666,0.0812875,8.12875
10.7%,0.10737190111111111,10.737190111111111,Nygaard2022_A0.06,"TurbOPark, A=0.06",-120.0,-0.5,True,8.374359940842696,0.10737190111111111,10.737190111111111,8.398683333333333,0.0823,8.23
10.7%,0.10737190111111111,10.737190111111111,Nygaard2022_A0.06,"TurbOPark, A=0.06",-96.0,-0.4,True,8.401306173568686,0.10737190111111111,10.737190111111111,8.3687125,0.08320833333333334,8.320833333333335
10.7%,0.10737190111111111,10.737190111111111,Nygaard2022_A0.06,"TurbOPark, A=0.06",-72.0,-0.3,True,8.431673080732468,0.10737190111111111,10.737190111111111,8.326408333333333,0.08410416666666667,8.410416666666668
10.7%,0.10737190111111111,10.737190111111111,Nygaard2022_A0.06,"TurbOPark, A=0.06",-48.0,-0.2,True,8.461511305121553,0.10737190111111111,10.737190111111111,8.278204166666667,0.0857875,8.57875
10.7%,0.10737190111111111,10.737190111111111,Nygaard2022_A0.06,"TurbOPark, A=0.06",-24.0,-0.1,True,8.484930878073012,0.10737190111111111,10.737190111111111,8.233437499999999,0.08675416666666667,8.675416666666667
10.7%,0.10737190111111111,10.737190111111111,Nygaard2022_A0.06,"TurbOPark, A=0.06",0.0,0.0,True,8.493731827374216,0.10737190111111111,10.737190111111111,8.177191666666666,0.086725,8.6725
10.7%,0.10737190111111111,10.737190111111111,Nygaard2022_A0.06,"TurbOPark, A=0.06",24.0,0.1,True,8.477462844824961,0.10737190111111111,10.737190111111111,8.11985,0.0876875,8.76875
10.7%,0.10737190111111111,10.737190111111111,Nygaard2022_A0.06,"TurbOPark, A=0.06",48.0,0.2,True,8.425153558468509,0.10737190111111111,10.737190111111111,8.045795833333333,0.08802916666666666,8.802916666666667
10.7%,0.10737190111111111,10.737190111111111,Nygaard2022_A0.06,"TurbOPark, A=0.06",72.0,0.3,True,8.329405609705937,0.10737190111111111,10.737190111111111,7.992312500000001,0.08847916666666668,8.847916666666668
10.7%,0.10737190111111111,10.737190111111111,Nygaard2022_A0.06,"TurbOPark, A=0.06",96.0,0.4,True,8.190920979298987,0.10737190111111111,10.737190111111111,7.971504166666666,0.087875,8.7875
10.7%,0.10737190111111111,10.737190111111111,Nygaard2022_A0.06,"TurbOPark, A=0.06",120.0,0.5,True,8.02004589001558,0.10737190111111111,10.737190111111111,7.900383333333333,0.08824166666666666,8.824166666666667
10.7%,0.10737190111111111,10.737190111111111,Nygaard2022_A0.06,"TurbOPark, A=0.06",144.0,0.6,False,7.834820521280357,0.10737190111111111,10.737190111111111,7.8137875,0.08926666666666666,8.926666666666666
10.7%,0.10737190111111111,10.737190111111111,Nygaard2022_A0.06,"TurbOPark, A=0.06",168.0,0.7,False,7.657395635336453,0.10737190111111111,10.737190111111111,7.7564625,0.08883333333333333,8.883333333333333
10.7%,0.10737190111111111,10.737190111111111,Nygaard2022_A0.06,"TurbOPark, A=0.06",192.0,0.8,False,7.510128628886353,0.10737190111111111,10.737190111111111,7.7120999999999995,0.08899166666666665,8.899166666666664
10.7%,0.10737190111111111,10.737190111111111,Nygaard2022_A0.06,"TurbOPark, A=0.06",216.0,0.9,False,7.411993139002729,0.10737190111111111,10.737190111111111,7.672833333333334,0.08954166666666667,8.954166666666667
10.7%,0.10737190111111111,10.737190111111111,Nygaard2022_A0.06,"TurbOPark, A=0.06",240.0,1.0,False,7.375217624584103,0.10737190111111111,10.737190111111111,7.6561375,0.08814583333333334,8.814583333333333
10.7%,0.10737190111111111,10.737190111111111,Nygaard2022_A0.06,"TurbOPark, A=0.06",264.0,1.1,False,7.403097630945041,0.10737190111111111,10.737190111111111,7.682908333333333,0.08612916666666667,8.612916666666667
10.7%,0.10737190111111111,10.737190111111111,Nygaard2022_A0.06,"TurbOPark, A=0.06",288.0,1.2,False,7.488697092903532,0.10737190111111111,10.737190111111111,7.7153375,0.08383333333333333,8.383333333333333
10.7%,0.10737190111111111,10.737190111111111,Nygaard2022_A0.06,"TurbOPark, A=0.06",312.0,1.3,False,7.615710556482845,0.10737190111111111,10.737190111111111,7.762645833333334,0.08387916666666667,8.387916666666667
10.7%,0.10737190111111111,10.737190111111111,Nygaard2022_A0.06,"TurbOPark, A=0.06",336.0,1.4,False,7.760629534514798,0.10737190111111111,10.737190111111111,7.799054166666666,0.083925,8.3925
10.7%,0.10737190111111111,10.737190111111111,Nygaard2022_A0.06,"TurbOPark, A=0.06",360.0,1.5,False,7.8975193752481445,0.10737190111111111,10.737190111111111,7.8517125,0.0846125,8.46125
11.4%,0.11353931555555555,11.353931555555555,BPA2014,BPA2014,-360.0,-1.5,False,8.584001809351504,0.14880307509272853,14.880307509272853,8.2632875,0.08397083333333333,8.397083333333333
11.4%,0.11353931555555555,11.353931555555555,BPA2014,BPA2014,-336.0,-1.4,False,8.633340132955565,0.14880307509272853,14.880307509272853,8.315266666666666,0.08191666666666667,8.191666666666666
11.4%,0.11353931555555555,11.353931555555555,BPA2014,BPA2014,-312.0,-1.3,False,8.671119495733967,0.14880307509272853,14.880307509272853,8.355883333333335,0.079275,7.9275
11.4%,0.11353931555555555,11.353931555555555,BPA2014,BPA2014,-288.0,-1.2,False,8.699951635727064,0.14880307509272853,14.880307509272853,8.3695875,0.07785,7.785
11.4%,0.11353931555555555,11.353931555555555,BPA2014,BPA2014,-264.0,-1.1,False,8.721890854269411,0.14880307509272853,14.880307509272853,8.3759625,0.07729166666666666,7.729166666666666
11.4%,0.11353931555555555,11.353931555555555,BPA2014,BPA2014,-240.0,-1.0,False,8.738329103624794,0.14880307509272853,14.880307509272853,8.375008333333334,0.077625,7.7625
11.4%,0.11353931555555555,11.353931555555555,BPA2014,BPA2014,-216.0,-0.9,False,8.750010171159154,0.14880307509272853,14.880307509272853,8.3722125,0.07754166666666668,7.754166666666667
11.4%,0.11353931555555555,11.353931555555555,BPA2014,BPA2014,-192.0,-0.8,False,8.75712060473875,0.14880307509272853,14.880307509272853,8.372120833333334,0.07950833333333333,7.950833333333334
11.4%,0.11353931555555555,11.353931555555555,BPA2014,BPA2014,-168.0,-0.7,False,8.759421403074125,0.14880307509272853,14.880307509272853,8.395104166666666,0.08047499999999999,8.0475
11.4%,0.11353931555555555,11.353931555555555,BPA2014,BPA2014,-144.0,-0.6,False,8.756394948270506,0.14880307509272853,14.880307509272853,8.408004166666666,0.0812875,8.12875
11.4%,0.11353931555555555,11.353931555555555,BPA2014,BPA2014,-120.0,-0.5,True,8.747391862391575,0.16013553357632504,16.013553357632503,8.398683333333333,0.0823,8.23
11.4%,0.11353931555555555,11.353931555555555,BPA2014,BPA2014,-96.0,-0.4,True,8.73176996186122,0.16013553357632504,16.013553357632503,8.3687125,0.08320833333333334,8.320833333333335
11.4%,0.11353931555555555,11.353931555555555,BPA2014,BPA2014,-72.0,-0.3,True,8.709021525712231,0.16013553357632504,16.013553357632503,8.326408333333333,0.08410416666666667,8.410416666666668
11.4%,0.11353931555555555,11.353931555555555,BPA2014,BPA2014,-48.0,-0.2,True,8.678886152498677,0.16013553357632504,16.013553357632503,8.278204166666667,0.0857875,8.57875
11.4%,0.11353931555555555,11.353931555555555,BPA2014,BPA2014,-24.0,-0.1,True,8.641445635719492,0.16013553357632504,16.013553357632503,8.233437499999999,0.08675416666666667,8.675416666666667
11.4%,0.11353931555555555,11.353931555555555,BPA2014,BPA2014,0.0,0.0,True,8.597195758772386,0.16013553357632504,16.013553357632503,8.177191666666666,0.086725,8.6725
11.4%,0.11353931555555555,11.353931555555555,BPA2014,BPA2014,24.0,0.1,True,8.547088758264962,0.16013553357632504,16.013553357632503,8.11985,0.0876875,8.76875
11.4%,0.11353931555555555,11.353931555555555,BPA2014,BPA2014,48.0,0.2,True,8.492540177915508,0.16013553357632504,16.013553357632503,8.045795833333333,0.08802916666666666,8.802916666666667
11.4%,0.11353931555555555,11.353931555555555,BPA2014,BPA2014,72.0,0.3,True,8.435395315616171,0.16013553357632504,16.013553357632503,7.992312500000001,0.08847916666666668,8.847916666666668
11.4%,0.11353931555555555,11.353931555555555,BPA2014,BPA2014,96.0,0.4,True,8.377853465250945,0.16013553357632504,16.013553357632503,7.971504166666666,0.087875,8.7875
11.4%,0.11353931555555555,11.353931555555555,BPA2014,BPA2014,120.0,0.5,True,8.322352346977846,0.16013553357632504,16.013553357632503,7.900383333333333,0.08824166666666666,8.824166666666667
11.4%,0.11353931555555555,11.353931555555555,BPA2014,BPA2014,144.0,0.6,False,8.27141990588632,0.16013553357632504,16.013553357632503,7.8137875,0.08926666666666666,8.926666666666666
11.4%,0.11353931555555555,11.353931555555555,BPA2014,BPA2014,168.0,0.7,False,8.22750526512545,0.16013553357632504,16.013553357632503,7.7564625,0.08883333333333333,8.883333333333333
11.4%,0.11353931555555555,11.353931555555555,BPA2014,BPA2014,192.0,0.8,False,8.19280422660672,0.16013553357632504,16.013553357632503,7.7120999999999995,0.08899166666666665,8.899166666666664
11.4%,0.11353931555555555,11.353931555555555,BPA2014,BPA2014,216.0,0.9,False,8.169096603751719,0.16013553357632504,16.013553357632503,7.672833333333334,0.08954166666666667,8.954166666666667
11.4%,0.11353931555555555,11.353931555555555,BPA2014,BPA2014,240.0,1.0,False,8.157612373624962,0.16013553357632504,16.013553357632503,7.6561375,0.08814583333333334,8.814583333333333
11.4%,0.11353931555555555,11.353931555555555,BPA2014,BPA2014,264.0,1.1,False,8.158941025556501,0.16013553357632504,16.013553357632503,7.682908333333333,0.08612916666666667,8.612916666666667
11.4%,0.11353931555555555,11.353931555555555,BPA2014,BPA2014,288.0,1.2,False,8.172993825699558,0.16013553357632504,16.013553357632503,7.7153375,0.08383333333333333,8.383333333333333
11.4%,0.11353931555555555,11.353931555555555,BPA2014,BPA2014,312.0,1.3,False,8.199022631549802,0.16013553357632504,16.013553357632503,7.762645833333334,0.08387916666666667,8.387916666666667
11.4%,0.11353931555555555,11.353931555555555,BPA2014,BPA2014,336.0,1.4,False,8.23569223516292,0.16013553357632504,16.013553357632503,7.799054166666666,0.083925,8.3925
11.4%,0.11353931555555555,11.353931555555555,BPA2014,BPA2014,360.0,1.5,False,8.281196902700504,0.16013553357632504,16.013553357632503,7.8517125,0.0846125,8.46125
11.4%,0.11353931555555555,11.353931555555555,NPA2016,NPA2016,-360.0,-1.5,False,8.81525733907917,0.16175221559764302,16.175221559764303,8.2632875,0.08397083333333333,8.397083333333333
11.4%,0.11353931555555555,11.353931555555555,NPA2016,NPA2016,-336.0,-1.4,False,8.848956359730234,0.16175221559764302,16.175221559764303,8.315266666666666,0.08191666666666667,8.191666666666666
11.4%,0.11353931555555555,11.353931555555555,NPA2016,NPA2016,-312.0,-1.3,False,8.877255107370145,0.16175221559764302,16.175221559764303,8.355883333333335,0.079275,7.9275
11.4%,0.11353931555555555,11.353931555555555,NPA2016,NPA2016,-288.0,-1.2,False,8.900089687779202,0.16175221559764302,16.175221559764303,8.3695875,0.07785,7.785
11.4%,0.11353931555555555,11.353931555555555,NPA2016,NPA2016,-264.0,-1.1,False,8.917585628028942,0.1494397266382405,14.94397266382405,8.3759625,0.07729166666666666,7.729166666666666
11.4%,0.11353931555555555,11.353931555555555,NPA2016,NPA2016,-240.0,-1.0,False,8.930031720122663,0.1494397266382405,14.94397266382405,8.375008333333334,0.077625,7.7625
11.4%,0.11353931555555555,11.353931555555555,NPA2016,NPA2016,-216.0,-0.9,False,8.937827906955743,0.1494397266382405,14.94397266382405,8.3722125,0.07754166666666668,7.754166666666667
11.4%,0.11353931555555555,11.353931555555555,NPA2016,NPA2016,-192.0,-0.8,False,8.941468141904725,0.1494397266382405,14.94397266382405,8.372120833333334,0.07950833333333333,7.950833333333334
11.4%,0.11353931555555555,11.353931555555555,NPA2016,NPA2016,-168.0,-0.7,False,8.941472421764129,0.1494397266382405,14.94397266382405,8.395104166666666,0.08047499999999999,8.0475
11.4%,0.11353931555555555,11.353931555555555,NPA2016,NPA2016,-144.0,-0.6,False,8.938373337151974,0.1494397266382405,14.94397266382405,8.408004166666666,0.0812875,8.12875
11.4%,0.11353931555555555,11.353931555555555,NPA2016,NPA2016,-120.0,-0.5,True,8.932702224126663,0.1494397266382405,14.94397266382405,8.398683333333333,0.0823,8.23
11.4%,0.11353931555555555,11.353931555555555,NPA2016,NPA2016,-96.0,-0.4,True,8.924970547637814,0.1494397266382405,14.94397266382405,8.3687125,0.08320833333333334,8.320833333333335
11.4%,0.11353931555555555,11.353931555555555,NPA2016,NPA2016,-72.0,-0.3,True,8.915656925785722,0.1494397266382405,14.94397266382405,8.326408333333333,0.08410416666666667,8.410416666666668
11.4%,0.11353931555555555,11.353931555555555,NPA2016,NPA2016,-48.0,-0.2,True,8.905207072273567,0.1494397266382405,14.94397266382405,8.278204166666667,0.0857875,8.57875
11.4%,0.11353931555555555,11.353931555555555,NPA2016,NPA2016,-24.0,-0.1,True,8.894040469949957,0.1494397266382405,14.94397266382405,8.233437499999999,0.08675416666666667,8.675416666666667
11.4%,0.11353931555555555,11.353931555555555,NPA2016,NPA2016,0.0,0.0,True,8.882542450931837,0.1494397266382405,14.94397266382405,8.177191666666666,0.086725,8.6725
11.4%,0.11353931555555555,11.353931555555555,NPA2016,NPA2016,24.0,0.1,True,8.871069948512947,0.1494397266382405,14.94397266382405,8.11985,0.0876875,8.76875
11.4%,0.11353931555555555,11.353931555555555,NPA2016,NPA2016,48.0,0.2,True,8.859951378373422,0.1494397266382405,14.94397266382405,8.045795833333333,0.08802916666666666,8.802916666666667
11.4%,0.11353931555555555,11.353931555555555,NPA2016,NPA2016,72.0,0.3,True,8.849487351083575,0.1494397266382405,14.94397266382405,7.992312500000001,0.08847916666666668,8.847916666666668
11.4%,0.11353931555555555,11.353931555555555,NPA2016,NPA2016,96.0,0.4,True,8.839950602756668,0.1494397266382405,14.94397266382405,7.971504166666666,0.087875,8.7875
11.4%,0.11353931555555555,11.353931555555555,NPA2016,NPA2016,120.0,0.5,True,8.831587338083926,0.1494397266382405,14.94397266382405,7.900383333333333,0.08824166666666666,8.824166666666667
11.4%,0.11353931555555555,11.353931555555555,NPA2016,NPA2016,144.0,0.6,False,8.824605730705521,0.1494397266382405,14.94397266382405,7.8137875,0.08926666666666666,8.926666666666666
11.4%,0.11353931555555555,11.353931555555555,NPA2016,NPA2016,168.0,0.7,False,8.819179718504211,0.1494397266382405,14.94397266382405,7.7564625,0.08883333333333333,8.883333333333333
11.4%,0.11353931555555555,11.353931555555555,NPA2016,NPA2016,192.0,0.8,False,8.815449146109033,0.1494397266382405,14.94397266382405,7.7120999999999995,0.08899166666666665,8.899166666666664
11.4%,0.11353931555555555,11.353931555555555,NPA2016,NPA2016,216.0,0.9,False,8.813511824838786,0.1494397266382405,14.94397266382405,7.672833333333334,0.08954166666666667,8.954166666666667
11.4%,0.11353931555555555,11.353931555555555,NPA2016,NPA2016,240.0,1.0,False,8.813413401744928,0.1494397266382405,14.94397266382405,7.6561375,0.08814583333333334,8.814583333333333
11.4%,0.11353931555555555,11.353931555555555,NPA2016,NPA2016,264.0,1.1,False,8.815154293241156,0.1494397266382405,14.94397266382405,7.682908333333333,0.08612916666666667,8.612916666666667
11.4%,0.11353931555555555,11.353931555555555,NPA2016,NPA2016,288.0,1.2,False,8.818692893241783,0.1494397266382405,14.94397266382405,7.7153375,0.08383333333333333,8.383333333333333
11.4%,0.11353931555555555,11.353931555555555,NPA2016,NPA2016,312.0,1.3,False,8.823917172675458,0.1494397266382405,14.94397266382405,7.762645833333334,0.08387916666666667,8.387916666666667
11.4%,0.11353931555555555,11.353931555555555,NPA2016,NPA2016,336.0,1.4,False,8.830656443056176,0.1494397266382405,14.94397266382405,7.799054166666666,0.083925,8.3925
11.4%,0.11353931555555555,11.353931555555555,NPA2016,NPA2016,360.0,1.5,False,8.838660099597725,0.1494397266382405,14.94397266382405,7.8517125,0.0846125,8.46125
11.4%,0.11353931555555555,11.353931555555555,Nygaard2022,"TurbOPark, A=0.04",-360.0,-1.5,False,7.452323692246719,0.11353931555555555,11.353931555555555,8.2632875,0.08397083333333333,8.397083333333333
11.4%,0.11353931555555555,11.353931555555555,Nygaard2022,"TurbOPark, A=0.04",-336.0,-1.4,False,7.597919908954002,0.11353931555555555,11.353931555555555,8.315266666666666,0.08191666666666667,8.191666666666666
11.4%,0.11353931555555555,11.353931555555555,Nygaard2022,"TurbOPark, A=0.04",-312.0,-1.3,False,7.739297270117207,0.11353931555555555,11.353931555555555,8.355883333333335,0.079275,7.9275
11.4%,0.11353931555555555,11.353931555555555,Nygaard2022,"TurbOPark, A=0.04",-288.0,-1.2,False,7.847616449635655,0.11353931555555555,11.353931555555555,8.3695875,0.07785,7.785
11.4%,0.11353931555555555,11.353931555555555,Nygaard2022,"TurbOPark, A=0.04",-264.0,-1.1,False,7.906715689846031,0.11353931555555555,11.353931555555555,8.3759625,0.07729166666666666,7.729166666666666
11.4%,0.11353931555555555,11.353931555555555,Nygaard2022,"TurbOPark, A=0.04",-240.0,-1.0,False,7.920121128783016,0.11353931555555555,11.353931555555555,8.375008333333334,0.077625,7.7625
11.4%,0.11353931555555555,11.353931555555555,Nygaard2022,"TurbOPark, A=0.04",-216.0,-0.9,False,7.907095515502547,0.11353931555555555,11.353931555555555,8.3722125,0.07754166666666668,7.754166666666667
11.4%,0.11353931555555555,11.353931555555555,Nygaard2022,"TurbOPark, A=0.04",-192.0,-0.8,False,7.890973002102728,0.11353931555555555,11.353931555555555,8.372120833333334,0.07950833333333333,7.950833333333334
11.4%,0.11353931555555555,11.353931555555555,Nygaard2022,"TurbOPark, A=0.04",-168.0,-0.7,False,7.889506745181002,0.11353931555555555,11.353931555555555,8.395104166666666,0.08047499999999999,8.0475
11.4%,0.11353931555555555,11.353931555555555,Nygaard2022,"TurbOPark, A=0.04",-144.0,-0.6,False,7.911083661786368,0.11353931555555555,11.353931555555555,8.408004166666666,0.0812875,8.12875
11.4%,0.11353931555555555,11.353931555555555,Nygaard2022,"TurbOPark, A=0.04",-120.0,-0.5,True,7.955123860953432,0.11353931555555555,11.353931555555555,8.398683333333333,0.0823,8.23
11.4%,0.11353931555555555,11.353931555555555,Nygaard2022,"TurbOPark, A=0.04",-96.0,-0.4,True,8.014307859853599,0.11353931555555555,11.353931555555555,8.3687125,0.08320833333333334,8.320833333333335
11.4%,0.11353931555555555,11.353931555555555,Nygaard2022,"TurbOPark, A=0.04",-72.0,-0.3,True,8.077544429039548,0.11353931555555555,11.353931555555555,8.326408333333333,0.08410416666666667,8.410416666666668
11.4%,0.11353931555555555,11.353931555555555,Nygaard2022,"TurbOPark, A=0.04",-48.0,-0.2,True,8.133279190740486,0.11353931555555555,11.353931555555555,8.278204166666667,0.0857875,8.57875
11.4%,0.11353931555555555,11.353931555555555,Nygaard2022,"TurbOPark, A=0.04",-24.0,-0.1,True,8.172312332573686,0.11353931555555555,11.353931555555555,8.233437499999999,0.08675416666666667,8.675416666666667
11.4%,0.11353931555555555,11.353931555555555,Nygaard2022,"TurbOPark, A=0.04",0.0,0.0,True,8.18866016870661,0.11353931555555555,11.353931555555555,8.177191666666666,0.086725,8.6725
11.4%,0.11353931555555555,11.353931555555555,Nygaard2022,"TurbOPark, A=0.04",24.0,0.1,True,8.17720262551202,0.11353931555555555,11.353931555555555,8.11985,0.0876875,8.76875
11.4%,0.11353931555555555,11.353931555555555,Nygaard2022,"TurbOPark, A=0.04",48.0,0.2,True,8.129504943470971,0.11353931555555555,11.353931555555555,8.045795833333333,0.08802916666666666,8.802916666666667
11.4%,0.11353931555555555,11.353931555555555,Nygaard2022,"TurbOPark, A=0.04",72.0,0.3,True,8.032344730443777,0.11353931555555555,11.353931555555555,7.992312500000001,0.08847916666666668,8.847916666666668
11.4%,0.11353931555555555,11.353931555555555,Nygaard2022,"TurbOPark, A=0.04",96.0,0.4,True,7.873461743777282,0.11353931555555555,11.353931555555555,7.971504166666666,0.087875,8.7875
11.4%,0.11353931555555555,11.353931555555555,Nygaard2022,"TurbOPark, A=0.04",120.0,0.5,True,7.6525395689010764,0.11353931555555555,11.353931555555555,7.900383333333333,0.08824166666666666,8.824166666666667
11.4%,0.11353931555555555,11.353931555555555,Nygaard2022,"TurbOPark, A=0.04",144.0,0.6,False,7.388376613258789,0.11353931555555555,11.353931555555555,7.8137875,0.08926666666666666,8.926666666666666
11.4%,0.11353931555555555,11.353931555555555,Nygaard2022,"TurbOPark, A=0.04",168.0,0.7,False,7.1165899146491265,0.11353931555555555,11.353931555555555,7.7564625,0.08883333333333333,8.883333333333333
11.4%,0.11353931555555555,11.353931555555555,Nygaard2022,"TurbOPark, A=0.04",192.0,0.8,False,6.880868118015314,0.11353931555555555,11.353931555555555,7.7120999999999995,0.08899166666666665,8.899166666666664
11.4%,0.11353931555555555,11.353931555555555,Nygaard2022,"TurbOPark, A=0.04",216.0,0.9,False,6.722438759037628,0.11353931555555555,11.353931555555555,7.672833333333334,0.08954166666666667,8.954166666666667
11.4%,0.11353931555555555,11.353931555555555,Nygaard2022,"TurbOPark, A=0.04",240.0,1.0,False,6.67038692555397,0.11353931555555555,11.353931555555555,7.6561375,0.08814583333333334,8.814583333333333
11.4%,0.11353931555555555,11.353931555555555,Nygaard2022,"TurbOPark, A=0.04",264.0,1.1,False,6.734400181838723,0.11353931555555555,11.353931555555555,7.682908333333333,0.08612916666666667,8.612916666666667
11.4%,0.11353931555555555,11.353931555555555,Nygaard2022,"TurbOPark, A=0.04",288.0,1.2,False,6.90102387764078,0.11353931555555555,11.353931555555555,7.7153375,0.08383333333333333,8.383333333333333
11.4%,0.11353931555555555,11.353931555555555,Nygaard2022,"TurbOPark, A=0.04",312.0,1.3,False,7.134235605035219,0.11353931555555555,11.353931555555555,7.762645833333334,0.08387916666666667,8.387916666666667
11.4%,0.11353931555555555,11.353931555555555,Nygaard2022,"TurbOPark, A=0.04",336.0,1.4,False,7.380629549796312,0.11353931555555555,11.353931555555555,7.799054166666666,0.083925,8.3925
11.4%,0.11353931555555555,11.353931555555555,Nygaard2022,"TurbOPark, A=0.04",360.0,1.5,False,7.581134309342599,0.11353931555555555,11.353931555555555,7.8517125,0.0846125,8.46125
11.4%,0.11353931555555555,11.353931555555555,Nygaard2022_A0.06,"TurbOPark, A=0.06",-360.0,-1.5,False,7.980756894816494,0.11353931555555555,11.353931555555555,8.2632875,0.08397083333333333,8.397083333333333
11.4%,0.11353931555555555,11.353931555555555,Nygaard2022_A0.06,"TurbOPark, A=0.06",-336.0,-1.4,False,8.049492882672668,0.11353931555555555,11.353931555555555,8.315266666666666,0.08191666666666667,8.191666666666666
11.4%,0.11353931555555555,11.353931555555555,Nygaard2022_A0.06,"TurbOPark, A=0.06",-312.0,-1.3,False,8.12490088951214,0.11353931555555555,11.353931555555555,8.355883333333335,0.079275,7.9275
11.4%,0.11353931555555555,11.353931555555555,Nygaard2022_A0.06,"TurbOPark, A=0.06",-288.0,-1.2,False,8.196952933345443,0.11353931555555555,11.353931555555555,8.3695875,0.07785,7.785
11.4%,0.11353931555555555,11.353931555555555,Nygaard2022_A0.06,"TurbOPark, A=0.06",-264.0,-1.1,False,8.257565468828176,0.11353931555555555,11.353931555555555,8.3759625,0.07729166666666666,7.729166666666666
11.4%,0.11353931555555555,11.353931555555555,Nygaard2022_A0.06,"TurbOPark, A=0.06",-240.0,-1.0,False,8.302763090420324,0.11353931555555555,11.353931555555555,8.375008333333334,0.077625,7.7625
11.4%,0.11353931555555555,11.353931555555555,Nygaard2022_A0.06,"TurbOPark, A=0.06",-216.0,-0.9,False,8.33338233211992,0.11353931555555555,11.353931555555555,8.3722125,0.07754166666666668,7.754166666666667
11.4%,0.11353931555555555,11.353931555555555,Nygaard2022_A0.06,"TurbOPark, A=0.06",-192.0,-0.8,False,8.353910907447306,0.11353931555555555,11.353931555555555,8.372120833333334,0.07950833333333333,7.950833333333334
11.4%,0.11353931555555555,11.353931555555555,Nygaard2022_A0.06,"TurbOPark, A=0.06",-168.0,-0.7,False,8.370220468216797,0.11353931555555555,11.353931555555555,8.395104166666666,0.08047499999999999,8.0475
11.4%,0.11353931555555555,11.353931555555555,Nygaard2022_A0.06,"TurbOPark, A=0.06",-144.0,-0.6,False,8.3874107170371,0.11353931555555555,11.353931555555555,8.408004166666666,0.0812875,8.12875
11.4%,0.11353931555555555,11.353931555555555,Nygaard2022_A0.06,"TurbOPark, A=0.06",-120.0,-0.5,True,8.408547840005522,0.11353931555555555,11.353931555555555,8.398683333333333,0.0823,8.23
11.4%,0.11353931555555555,11.353931555555555,Nygaard2022_A0.06,"TurbOPark, A=0.06",-96.0,-0.4,True,8.434320886444153,0.11353931555555555,11.353931555555555,8.3687125,0.08320833333333334,8.320833333333335
11.4%,0.11353931555555555,11.353931555555555,Nygaard2022_A0.06,"TurbOPark, A=0.06",-72.0,-0.3,True,8.463183699204615,0.11353931555555555,11.353931555555555,8.326408333333333,0.08410416666666667,8.410416666666668
11.4%,0.11353931555555555,11.353931555555555,Nygaard2022_A0.06,"TurbOPark, A=0.06",-48.0,-0.2,True,8.491535667421749,0.11353931555555555,11.353931555555555,8.278204166666667,0.0857875,8.57875
11.4%,0.11353931555555555,11.353931555555555,Nygaard2022_A0.06,"TurbOPark, A=0.06",-24.0,-0.1,True,8.513620663312949,0.11353931555555555,11.353931555555555,8.233437499999999,0.08675416666666667,8.675416666666667
11.4%,0.11353931555555555,11.353931555555555,Nygaard2022_A0.06,"TurbOPark, A=0.06",0.0,0.0,True,8.521187972656241,0.11353931555555555,11.353931555555555,8.177191666666666,0.086725,8.6725
11.4%,0.11353931555555555,11.353931555555555,Nygaard2022_A0.06,"TurbOPark, A=0.06",24.0,0.1,True,8.503629198417777,0.11353931555555555,11.353931555555555,8.11985,0.0876875,8.76875
11.4%,0.11353931555555555,11.353931555555555,Nygaard2022_A0.06,"TurbOPark, A=0.06",48.0,0.2,True,8.449961820573206,0.11353931555555555,11.353931555555555,8.045795833333333,0.08802916666666666,8.802916666666667
11.4%,0.11353931555555555,11.353931555555555,Nygaard2022_A0.06,"TurbOPark, A=0.06",72.0,0.3,True,8.353183881259868,0.11353931555555555,11.353931555555555,7.992312500000001,0.08847916666666668,8.847916666666668
11.4%,0.11353931555555555,11.353931555555555,Nygaard2022_A0.06,"TurbOPark, A=0.06",96.0,0.4,True,8.214553350381145,0.11353931555555555,11.353931555555555,7.971504166666666,0.087875,8.7875
11.4%,0.11353931555555555,11.353931555555555,Nygaard2022_A0.06,"TurbOPark, A=0.06",120.0,0.5,True,8.044756816470336,0.11353931555555555,11.353931555555555,7.900383333333333,0.08824166666666666,8.824166666666667
11.4%,0.11353931555555555,11.353931555555555,Nygaard2022_A0.06,"TurbOPark, A=0.06",144.0,0.6,False,7.8617162443362805,0.11353931555555555,11.353931555555555,7.8137875,0.08926666666666666,8.926666666666666
11.4%,0.11353931555555555,11.353931555555555,Nygaard2022_A0.06,"TurbOPark, A=0.06",168.0,0.7,False,7.686996420587466,0.11353931555555555,11.353931555555555,7.7564625,0.08883333333333333,8.883333333333333
11.4%,0.11353931555555555,11.353931555555555,Nygaard2022_A0.06,"TurbOPark, A=0.06",192.0,0.8,False,7.542212768467263,0.11353931555555555,11.353931555555555,7.7120999999999995,0.08899166666666665,8.899166666666664
11.4%,0.11353931555555555,11.353931555555555,Nygaard2022_A0.06,"TurbOPark, A=0.06",216.0,0.9,False,7.445500438896175,0.11353931555555555,11.353931555555555,7.672833333333334,0.08954166666666667,8.954166666666667
11.4%,0.11353931555555555,11.353931555555555,Nygaard2022_A0.06,"TurbOPark, A=0.06",240.0,1.0,False,7.408601522004215,0.11353931555555555,11.353931555555555,7.6561375,0.08814583333333334,8.814583333333333
11.4%,0.11353931555555555,11.353931555555555,Nygaard2022_A0.06,"TurbOPark, A=0.06",264.0,1.1,False,7.434641629848986,0.11353931555555555,11.353931555555555,7.682908333333333,0.08612916666666667,8.612916666666667
11.4%,0.11353931555555555,11.353931555555555,Nygaard2022_A0.06,"TurbOPark, A=0.06",288.0,1.2,False,7.517046385923077,0.11353931555555555,11.353931555555555,7.7153375,0.08383333333333333,8.383333333333333
11.4%,0.11353931555555555,11.353931555555555,Nygaard2022_A0.06,"TurbOPark, A=0.06",312.0,1.3,False,7.640282412522867,0.11353931555555555,11.353931555555555,7.762645833333334,0.08387916666666667,8.387916666666667
11.4%,0.11353931555555555,11.353931555555555,Nygaard2022_A0.06,"TurbOPark, A=0.06",336.0,1.4,False,7.782086197949269,0.11353931555555555,11.353931555555555,7.799054166666666,0.083925,8.3925
11.4%,0.11353931555555555,11.353931555555555,Nygaard2022_A0.06,"TurbOPark, A=0.06",360.0,1.5,False,7.9176747569652175,0.11353931555555555,11.353931555555555,7.8517125,0.0846125,8.46125
12.0%,0.11970673,11.970673,BPA2014,BPA2014,-360.0,-1.5,False,8.584001809351504,0.15345724887797477,15.345724887797477,8.2632875,0.08397083333333333,8.397083333333333
12.0%,0.11970673,11.970673,BPA2014,BPA2014,-336.0,-1.4,False,8.633340132955565,0.15345724887797477,15.345724887797477,8.315266666666666,0.08191666666666667,8.191666666666666
12.0%,0.11970673,11.970673,BPA2014,BPA2014,-312.0,-1.3,False,8.671119495733967,0.15345724887797477,15.345724887797477,8.355883333333335,0.079275,7.9275
12.0%,0.11970673,11.970673,BPA2014,BPA2014,-288.0,-1.2,False,8.699951635727064,0.15345724887797477,15.345724887797477,8.3695875,0.07785,7.785
12.0%,0.11970673,11.970673,BPA2014,BPA2014,-264.0,-1.1,False,8.721890854269411,0.15345724887797477,15.345724887797477,8.3759625,0.07729166666666666,7.729166666666666
12.0%,0.11970673,11.970673,BPA2014,BPA2014,-240.0,-1.0,False,8.738329103624794,0.15345724887797477,15.345724887797477,8.375008333333334,0.077625,7.7625
12.0%,0.11970673,11.970673,BPA2014,BPA2014,-216.0,-0.9,False,8.750010171159154,0.15345724887797477,15.345724887797477,8.3722125,0.07754166666666668,7.754166666666667
12.0%,0.11970673,11.970673,BPA2014,BPA2014,-192.0,-0.8,False,8.75712060473875,0.15345724887797477,15.345724887797477,8.372120833333334,0.07950833333333333,7.950833333333334
12.0%,0.11970673,11.970673,BPA2014,BPA2014,-168.0,-0.7,False,8.759421403074125,0.15345724887797477,15.345724887797477,8.395104166666666,0.08047499999999999,8.0475
12.0%,0.11970673,11.970673,BPA2014,BPA2014,-144.0,-0.6,False,8.756394948270506,0.15345724887797477,15.345724887797477,8.408004166666666,0.0812875,8.12875
12.0%,0.11970673,11.970673,BPA2014,BPA2014,-120.0,-0.5,True,8.747391862391575,0.16443279642712977,16.443279642712977,8.398683333333333,0.0823,8.23
12.0%,0.11970673,11.970673,BPA2014,BPA2014,-96.0,-0.4,True,8.73176996186122,0.16443279642712977,16.443279642712977,8.3687125,0.08320833333333334,8.320833333333335
12.0%,0.11970673,11.970673,BPA2014,BPA2014,-72.0,-0.3,True,8.709021525712231,0.16443279642712977,16.443279642712977,8.326408333333333,0.08410416666666667,8.410416666666668
12.0%,0.11970673,11.970673,BPA2014,BPA2014,-48.0,-0.2,True,8.678886152498677,0.16443279642712977,16.443279642712977,8.278204166666667,0.0857875,8.57875
12.0%,0.11970673,11.970673,BPA2014,BPA2014,-24.0,-0.1,True,8.641445635719492,0.16443279642712977,16.443279642712977,8.233437499999999,0.08675416666666667,8.675416666666667
12.0%,0.11970673,11.970673,BPA2014,BPA2014,0.0,0.0,True,8.597195758772386,0.16443279642712977,16.443279642712977,8.177191666666666,0.086725,8.6725
12.0%,0.11970673,11.970673,BPA2014,BPA2014,24.0,0.1,True,8.547088758264962,0.16443279642712977,16.443279642712977,8.11985,0.0876875,8.76875
12.0%,0.11970673,11.970673,BPA2014,BPA2014,48.0,0.2,True,8.492540177915508,0.16443279642712977,16.443279642712977,8.045795833333333,0.08802916666666666,8.802916666666667
12.0%,0.11970673,11.970673,BPA2014,BPA2014,72.0,0.3,True,8.435395315616171,0.16443279642712977,16.443279642712977,7.992312500000001,0.08847916666666668,8.847916666666668
12.0%,0.11970673,11.970673,BPA2014,BPA2014,96.0,0.4,True,8.377853465250945,0.16443279642712977,16.443279642712977,7.971504166666666,0.087875,8.7875
12.0%,0.11970673,11.970673,BPA2014,BPA2014,120.0,0.5,True,8.322352346977846,0.16443279642712977,16.443279642712977,7.900383333333333,0.08824166666666666,8.824166666666667
12.0%,0.11970673,11.970673,BPA2014,BPA2014,144.0,0.6,False,8.27141990588632,0.16443279642712977,16.443279642712977,7.8137875,0.08926666666666666,8.926666666666666
12.0%,0.11970673,11.970673,BPA2014,BPA2014,168.0,0.7,False,8.22750526512545,0.16443279642712977,16.443279642712977,7.7564625,0.08883333333333333,8.883333333333333
12.0%,0.11970673,11.970673,BPA2014,BPA2014,192.0,0.8,False,8.19280422660672,0.16443279642712977,16.443279642712977,7.7120999999999995,0.08899166666666665,8.899166666666664
12.0%,0.11970673,11.970673,BPA2014,BPA2014,216.0,0.9,False,8.169096603751719,0.16443279642712977,16.443279642712977,7.672833333333334,0.08954166666666667,8.954166666666667
12.0%,0.11970673,11.970673,BPA2014,BPA2014,240.0,1.0,False,8.157612373624962,0.16443279642712977,16.443279642712977,7.6561375,0.08814583333333334,8.814583333333333
12.0%,0.11970673,11.970673,BPA2014,BPA2014,264.0,1.1,False,8.158941025556501,0.16443279642712977,16.443279642712977,7.682908333333333,0.08612916666666667,8.612916666666667
12.0%,0.11970673,11.970673,BPA2014,BPA2014,288.0,1.2,False,8.172993825699558,0.16443279642712977,16.443279642712977,7.7153375,0.08383333333333333,8.383333333333333
12.0%,0.11970673,11.970673,BPA2014,BPA2014,312.0,1.3,False,8.199022631549802,0.16443279642712977,16.443279642712977,7.762645833333334,0.08387916666666667,8.387916666666667
12.0%,0.11970673,11.970673,BPA2014,BPA2014,336.0,1.4,False,8.23569223516292,0.16443279642712977,16.443279642712977,7.799054166666666,0.083925,8.3925
12.0%,0.11970673,11.970673,BPA2014,BPA2014,360.0,1.5,False,8.281196902700504,0.16443279642712977,16.443279642712977,7.8517125,0.0846125,8.46125
12.0%,0.11970673,11.970673,NPA2016,NPA2016,-360.0,-1.5,False,8.826450243159785,0.16627552045278907,16.627552045278907,8.2632875,0.08397083333333333,8.397083333333333
12.0%,0.11970673,11.970673,NPA2016,NPA2016,-336.0,-1.4,False,8.858905817137297,0.16627552045278907,16.627552045278907,8.315266666666666,0.08191666666666667,8.191666666666666
12.0%,0.11970673,11.970673,NPA2016,NPA2016,-312.0,-1.3,False,8.886419507697031,0.16627552045278907,16.627552045278907,8.355883333333335,0.079275,7.9275
12.0%,0.11970673,11.970673,NPA2016,NPA2016,-288.0,-1.2,False,8.908866670463954,0.16627552045278907,16.627552045278907,8.3695875,0.07785,7.785
12.0%,0.11970673,11.970673,NPA2016,NPA2016,-264.0,-1.1,False,8.926325326026749,0.16627552045278907,16.627552045278907,8.3759625,0.07729166666666666,7.729166666666666
12.0%,0.11970673,11.970673,NPA2016,NPA2016,-240.0,-1.0,False,8.939026710133696,0.1542819640257853,15.428196402578532,8.375008333333334,0.077625,7.7625
12.0%,0.11970673,11.970673,NPA2016,NPA2016,-216.0,-0.9,False,8.947319985652134,0.1542819640257853,15.428196402578532,8.3722125,0.07754166666666668,7.754166666666667
12.0%,0.11970673,11.970673,NPA2016,NPA2016,-192.0,-0.8,False,8.951636170027486,0.1542819640257853,15.428196402578532,8.372120833333334,0.07950833333333333,7.950833333333334
12.0%,0.11970673,11.970673,NPA2016,NPA2016,-168.0,-0.7,False,8.952456734155163,0.1542819640257853,15.428196402578532,8.395104166666666,0.08047499999999999,8.0475
12.0%,0.11970673,11.970673,NPA2016,NPA2016,-144.0,-0.6,False,8.950280094538334,0.1542819640257853,15.428196402578532,8.408004166666666,0.0812875,8.12875
12.0%,0.11970673,11.970673,NPA2016,NPA2016,-120.0,-0.5,True,8.945606241893387,0.1542819640257853,15.428196402578532,8.398683333333333,0.0823,8.23
12.0%,0.11970673,11.970673,NPA2016,NPA2016,-96.0,-0.4,True,8.93892428200722,0.1542819640257853,15.428196402578532,8.3687125,0.08320833333333334,8.320833333333335
12.0%,0.11970673,11.970673,NPA2016,NPA2016,-72.0,-0.3,True,8.930693202845001,0.1542819640257853,15.428196402578532,8.326408333333333,0.08410416666666667,8.410416666666668
12.0%,0.11970673,11.970673,NPA2016,NPA2016,-48.0,-0.2,True,8.921347551969346,0.1542819640257853,15.428196402578532,8.278204166666667,0.0857875,8.57875
12.0%,0.11970673,11.970673,NPA2016,NPA2016,-24.0,-0.1,True,8.911289103091915,0.1542819640257853,15.428196402578532,8.233437499999999,0.08675416666666667,8.675416666666667
12.0%,0.11970673,11.970673,NPA2016,NPA2016,0.0,0.0,True,8.900887987065671,0.1542819640257853,15.428196402578532,8.177191666666666,0.086725,8.6725
12.0%,0.11970673,11.970673,NPA2016,NPA2016,24.0,0.1,True,8.89048453071379,0.1542819640257853,15.428196402578532,8.11985,0.0876875,8.76875
12.0%,0.11970673,11.970673,NPA2016,NPA2016,48.0,0.2,True,8.880388731293053,0.1542819640257853,15.428196402578532,8.045795833333333,0.08802916666666666,8.802916666666667
12.0%,0.11970673,11.970673,NPA2016,NPA2016,72.0,0.3,True,8.870884296558728,0.1542819640257853,15.428196402578532,7.992312500000001,0.08847916666666668,8.847916666666668
12.0%,0.11970673,11.970673,NPA2016,NPA2016,96.0,0.4,True,8.862221838400936,0.1542819640257853,15.428196402578532,7.971504166666666,0.087875,8.7875
12.0%,0.11970673,11.970673,NPA2016,NPA2016,120.0,0.5,True,8.854622935599757,0.1542819640257853,15.428196402578532,7.900383333333333,0.08824166666666666,8.824166666666667
12.0%,0.11970673,11.970673,NPA2016,NPA2016,144.0,0.6,False,8.848278688205758,0.1542819640257853,15.428196402578532,7.8137875,0.08926666666666666,8.926666666666666
12.0%,0.11970673,11.970673,NPA2016,NPA2016,168.0,0.7,False,8.843345376891499,0.1542819640257853,15.428196402578532,7.7564625,0.08883333333333333,8.883333333333333
12.0%,0.11970673,11.970673,NPA2016,NPA2016,192.0,0.8,False,8.839943034425415,0.1542819640257853,15.428196402578532,7.7120999999999995,0.08899166666666665,8.899166666666664
12.0%,0.11970673,11.970673,NPA2016,NPA2016,216.0,0.9,False,8.838157808050461,0.1542819640257853,15.428196402578532,7.672833333333334,0.08954166666666667,8.954166666666667
12.0%,0.11970673,11.970673,NPA2016,NPA2016,240.0,1.0,False,8.838030710901943,0.1542819640257853,15.428196402578532,7.6561375,0.08814583333333334,8.814583333333333
12.0%,0.11970673,11.970673,NPA2016,NPA2016,264.0,1.1,False,8.839557918511943,0.1542819640257853,15.428196402578532,7.682908333333333,0.08612916666666667,8.612916666666667
12.0%,0.11970673,11.970673,NPA2016,NPA2016,288.0,1.2,False,8.842694158875702,0.1542819640257853,15.428196402578532,7.7153375,0.08383333333333333,8.383333333333333
12.0%,0.11970673,11.970673,NPA2016,NPA2016,312.0,1.3,False,8.84733558992842,0.1542819640257853,15.428196402578532,7.762645833333334,0.08387916666666667,8.387916666666667
12.0%,0.11970673,11.970673,NPA2016,NPA2016,336.0,1.4,False,8.853315672925236,0.1542819640257853,15.428196402578532,7.799054166666666,0.083925,8.3925
12.0%,0.11970673,11.970673,NPA2016,NPA2016,360.0,1.5,False,8.86039274287874,0.1542819640257853,15.428196402578532,7.8517125,0.0846125,8.46125
12.0%,0.11970673,11.970673,Nygaard2022,"TurbOPark, A=0.04",-360.0,-1.5,False,7.487951869980304,0.11970673,11.970673,8.2632875,0.08397083333333333,8.397083333333333
12.0%,0.11970673,11.970673,Nygaard2022,"TurbOPark, A=0.04",-336.0,-1.4,False,7.627759358495,0.11970673,11.970673,8.315266666666666,0.08191666666666667,8.191666666666666
12.0%,0.11970673,11.970673,Nygaard2022,"TurbOPark, A=0.04",-312.0,-1.3,False,7.765140168399676,0.11970673,11.970673,8.355883333333335,0.079275,7.9275
12.0%,0.11970673,11.970673,Nygaard2022,"TurbOPark, A=0.04",-288.0,-1.2,False,7.872939365271938,0.11970673,11.970673,8.3695875,0.07785,7.785
12.0%,0.11970673,11.970673,Nygaard2022,"TurbOPark, A=0.04",-264.0,-1.1,False,7.935339958942705,0.11970673,11.970673,8.3759625,0.07729166666666666,7.729166666666666
12.0%,0.11970673,11.970673,Nygaard2022,"TurbOPark, A=0.04",-240.0,-1.0,False,7.9544500874458555,0.11970673,11.970673,8.375008333333334,0.077625,7.7625
12.0%,0.11970673,11.970673,Nygaard2022,"TurbOPark, A=0.04",-216.0,-0.9,False,7.947221413121119,0.11970673,11.970673,8.3722125,0.07754166666666668,7.754166666666667
12.0%,0.11970673,11.970673,Nygaard2022,"TurbOPark, A=0.04",-192.0,-0.8,False,7.935129968279374,0.11970673,11.970673,8.372120833333334,0.07950833333333333,7.950833333333334
12.0%,0.11970673,11.970673,Nygaard2022,"TurbOPark, A=0.04",-168.0,-0.7,False,7.935038897887925,0.11970673,11.970673,8.395104166666666,0.08047499999999999,8.0475
12.0%,0.11970673,11.970673,Nygaard2022,"TurbOPark, A=0.04",-144.0,-0.6,False,7.9553857622033375,0.11970673,11.970673,8.408004166666666,0.0812875,8.12875
12.0%,0.11970673,11.970673,Nygaard2022,"TurbOPark, A=0.04",-120.0,-0.5,True,7.996325300629673,0.11970673,11.970673,8.398683333333333,0.0823,8.23
12.0%,0.11970673,11.970673,Nygaard2022,"TurbOPark, A=0.04",-96.0,-0.4,True,8.051689184119624,0.11970673,11.970673,8.3687125,0.08320833333333334,8.320833333333335
12.0%,0.11970673,11.970673,Nygaard2022,"TurbOPark, A=0.04",-72.0,-0.3,True,8.111688486322638,0.11970673,11.970673,8.326408333333333,0.08410416666666667,8.410416666666668
12.0%,0.11970673,11.970673,Nygaard2022,"TurbOPark, A=0.04",-48.0,-0.2,True,8.165826548734659,0.11970673,11.970673,8.278204166666667,0.0857875,8.57875
12.0%,0.11970673,11.970673,Nygaard2022,"TurbOPark, A=0.04",-24.0,-0.1,True,8.205272563280479,0.11970673,11.970673,8.233437499999999,0.08675416666666667,8.675416666666667
12.0%,0.11970673,11.970673,Nygaard2022,"TurbOPark, A=0.04",0.0,0.0,True,8.223437737416408,0.11970673,11.970673,8.177191666666666,0.086725,8.6725
12.0%,0.11970673,11.970673,Nygaard2022,"TurbOPark, A=0.04",24.0,0.1,True,8.213835324008643,0.11970673,11.970673,8.11985,0.0876875,8.76875
12.0%,0.11970673,11.970673,Nygaard2022,"TurbOPark, A=0.04",48.0,0.2,True,8.166614759820577,0.11970673,11.970673,8.045795833333333,0.08802916666666666,8.802916666666667
12.0%,0.11970673,11.970673,Nygaard2022,"TurbOPark, A=0.04",72.0,0.3,True,8.068004017941925,0.11970673,11.970673,7.992312500000001,0.08847916666666668,8.847916666666668
12.0%,0.11970673,11.970673,Nygaard2022,"TurbOPark, A=0.04",96.0,0.4,True,7.906595389196273,0.11970673,11.970673,7.971504166666666,0.087875,8.7875
12.0%,0.11970673,11.970673,Nygaard2022,"TurbOPark, A=0.04",120.0,0.5,True,7.683778735021774,0.11970673,11.970673,7.900383333333333,0.08824166666666666,8.824166666666667
12.0%,0.11970673,11.970673,Nygaard2022,"TurbOPark, A=0.04",144.0,0.6,False,7.41954435844977,0.11970673,11.970673,7.8137875,0.08926666666666666,8.926666666666666
12.0%,0.11970673,11.970673,Nygaard2022,"TurbOPark, A=0.04",168.0,0.7,False,7.149457797562237,0.11970673,11.970673,7.7564625,0.08883333333333333,8.883333333333333
12.0%,0.11970673,11.970673,Nygaard2022,"TurbOPark, A=0.04",192.0,0.8,False,6.916140132435426,0.11970673,11.970673,7.7120999999999995,0.08899166666666665,8.899166666666664
12.0%,0.11970673,11.970673,Nygaard2022,"TurbOPark, A=0.04",216.0,0.9,False,6.75939014328033,0.11970673,11.970673,7.672833333333334,0.08954166666666667,8.954166666666667
12.0%,0.11970673,11.970673,Nygaard2022,"TurbOPark, A=0.04",240.0,1.0,False,6.707094674208008,0.11970673,11.970673,7.6561375,0.08814583333333334,8.814583333333333
12.0%,0.11970673,11.970673,Nygaard2022,"TurbOPark, A=0.04",264.0,1.1,False,6.768367647539295,0.11970673,11.970673,7.682908333333333,0.08612916666666667,8.612916666666667
12.0%,0.11970673,11.970673,Nygaard2022,"TurbOPark, A=0.04",288.0,1.2,False,6.930117352758067,0.11970673,11.970673,7.7153375,0.08383333333333333,8.383333333333333
12.0%,0.11970673,11.970673,Nygaard2022,"TurbOPark, A=0.04",312.0,1.3,False,7.157621627405343,0.11970673,11.970673,7.762645833333334,0.08387916666666667,8.387916666666667
12.0%,0.11970673,11.970673,Nygaard2022,"TurbOPark, A=0.04",336.0,1.4,False,7.399585287097305,0.11970673,11.970673,7.799054166666666,0.083925,8.3925
12.0%,0.11970673,11.970673,Nygaard2022,"TurbOPark, A=0.04",360.0,1.5,False,7.599296577586961,0.11970673,11.970673,7.8517125,0.0846125,8.46125
12.0%,0.11970673,11.970673,Nygaard2022_A0.06,"TurbOPark, A=0.06",-360.0,-1.5,False,8.013624173447283,0.11970673,11.970673,8.2632875,0.08397083333333333,8.397083333333333
12.0%,0.11970673,11.970673,Nygaard2022_A0.06,"TurbOPark, A=0.06",-336.0,-1.4,False,8.079126096898296,0.11970673,11.970673,8.315266666666666,0.08191666666666667,8.191666666666666
12.0%,0.11970673,11.970673,Nygaard2022_A0.06,"TurbOPark, A=0.06",-312.0,-1.3,False,8.151733711636957,0.11970673,11.970673,8.355883333333335,0.079275,7.9275
12.0%,0.11970673,11.970673,Nygaard2022_A0.06,"TurbOPark, A=0.06",-288.0,-1.2,False,8.222161977902138,0.11970673,11.970673,8.3695875,0.07785,7.785
12.0%,0.11970673,11.970673,Nygaard2022_A0.06,"TurbOPark, A=0.06",-264.0,-1.1,False,8.282711653799865,0.11970673,11.970673,8.3759625,0.07729166666666666,7.729166666666666
12.0%,0.11970673,11.970673,Nygaard2022_A0.06,"TurbOPark, A=0.06",-240.0,-1.0,False,8.329260719108607,0.11970673,11.970673,8.375008333333334,0.077625,7.7625
12.0%,0.11970673,11.970673,Nygaard2022_A0.06,"TurbOPark, A=0.06",-216.0,-0.9,False,8.362030235586413,0.11970673,11.970673,8.3722125,0.07754166666666668,7.754166666666667
12.0%,0.11970673,11.970673,Nygaard2022_A0.06,"TurbOPark, A=0.06",-192.0,-0.8,False,8.38471690381834,0.11970673,11.970673,8.372120833333334,0.07950833333333333,7.950833333333334
12.0%,0.11970673,11.970673,Nygaard2022_A0.06,"TurbOPark, A=0.06",-168.0,-0.7,False,8.402566462878402,0.11970673,11.970673,8.395104166666666,0.08047499999999999,8.0475
12.0%,0.11970673,11.970673,Nygaard2022_A0.06,"TurbOPark, A=0.06",-144.0,-0.6,False,8.420359480267644,0.11970673,11.970673,8.408004166666666,0.0812875,8.12875
12.0%,0.11970673,11.970673,Nygaard2022_A0.06,"TurbOPark, A=0.06",-120.0,-0.5,True,8.441167807322875,0.11970673,11.970673,8.398683333333333,0.0823,8.23
12.0%,0.11970673,11.970673,Nygaard2022_A0.06,"TurbOPark, A=0.06",-96.0,-0.4,True,8.465915958632955,0.11970673,11.970673,8.3687125,0.08320833333333334,8.320833333333335
12.0%,0.11970673,11.970673,Nygaard2022_A0.06,"TurbOPark, A=0.06",-72.0,-0.3,True,8.49338259860697,0.11970673,11.970673,8.326408333333333,0.08410416666666667,8.410416666666668
12.0%,0.11970673,11.970673,Nygaard2022_A0.06,"TurbOPark, A=0.06",-48.0,-0.2,True,8.52025180377144,0.11970673,11.970673,8.278204166666667,0.0857875,8.57875
12.0%,0.11970673,11.970673,Nygaard2022_A0.06,"TurbOPark, A=0.06",-24.0,-0.1,True,8.540901015259722,0.11970673,11.970673,8.233437499999999,0.08675416666666667,8.675416666666667
12.0%,0.11970673,11.970673,Nygaard2022_A0.06,"TurbOPark, A=0.06",0.0,0.0,True,8.547048039183156,0.11970673,11.970673,8.177191666666666,0.086725,8.6725
12.0%,0.11970673,11.970673,Nygaard2022_A0.06,"TurbOPark, A=0.06",24.0,0.1,True,8.528008190670679,0.11970673,11.970673,8.11985,0.0876875,8.76875
12.0%,0.11970673,11.970673,Nygaard2022_A0.06,"TurbOPark, A=0.06",48.0,0.2,True,8.47293973101393,0.11970673,11.970673,8.045795833333333,0.08802916666666666,8.802916666666667
12.0%,0.11970673,11.970673,Nygaard2022_A0.06,"TurbOPark, A=0.06",72.0,0.3,True,8.37525320407046,0.11970673,11.970673,7.992312500000001,0.08847916666666668,8.847916666666668
12.0%,0.11970673,11.970673,Nygaard2022_A0.06,"TurbOPark, A=0.06",96.0,0.4,True,8.236749198385194,0.11970673,11.970673,7.971504166666666,0.087875,8.7875
12.0%,0.11970673,11.970673,Nygaard2022_A0.06,"TurbOPark, A=0.06",120.0,0.5,True,8.068370464206788,0.11970673,11.970673,7.900383333333333,0.08824166666666666,8.824166666666667
12.0%,0.11970673,11.970673,Nygaard2022_A0.06,"TurbOPark, A=0.06",144.0,0.6,False,7.88782374675937,0.11970673,11.970673,7.8137875,0.08926666666666666,8.926666666666666
12.0%,0.11970673,11.970673,Nygaard2022_A0.06,"TurbOPark, A=0.06",168.0,0.7,False,7.7160847125187155,0.11970673,11.970673,7.7564625,0.08883333333333333,8.883333333333333
12.0%,0.11970673,11.970673,Nygaard2022_A0.06,"TurbOPark, A=0.06",192.0,0.8,False,7.573943442460131,0.11970673,11.970673,7.7120999999999995,0.08899166666666665,8.899166666666664
12.0%,0.11970673,11.970673,Nygaard2022_A0.06,"TurbOPark, A=0.06",216.0,0.9,False,7.478813310483652,0.11970673,11.970673,7.672833333333334,0.08954166666666667,8.954166666666667
12.0%,0.11970673,11.970673,Nygaard2022_A0.06,"TurbOPark, A=0.06",240.0,1.0,False,7.441921927027709,0.11970673,11.970673,7.6561375,0.08814583333333334,8.814583333333333
12.0%,0.11970673,11.970673,Nygaard2022_A0.06,"TurbOPark, A=0.06",264.0,1.1,False,7.466235780021927,0.11970673,11.970673,7.682908333333333,0.08612916666666667,8.612916666666667
12.0%,0.11970673,11.970673,Nygaard2022_A0.06,"TurbOPark, A=0.06",288.0,1.2,False,7.54553840945286,0.11970673,11.970673,7.7153375,0.08383333333333333,8.383333333333333
12.0%,0.11970673,11.970673,Nygaard2022_A0.06,"TurbOPark, A=0.06",312.0,1.3,False,7.6650712554506795,0.11970673,11.970673,7.762645833333334,0.08387916666666667,8.387916666666667
12.0%,0.11970673,11.970673,Nygaard2022_A0.06,"TurbOPark, A=0.06",336.0,1.4,False,7.803685308948864,0.11970673,11.970673,7.799054166666666,0.083925,8.3925
12.0%,0.11970673,11.970673,Nygaard2022_A0.06,"TurbOPark, A=0.06",360.0,1.5,False,7.937784550762598,0.11970673,11.970673,7.8517125,0.0846125,8.46125
