TI_label,TI_input,TI_input_percent,model,model_label,y_rel_m,y_over_D,inside_rotor,U_model_mps,TI_model,TI_model_percent,U_LES_mps,TI_LES,TI_LES_percent
6.4%,0.0642,6.419999999999999,BPA2014,BPA,-360.0,-1.5,False,8.584001982335053,0.11714134603409423,11.714134603409423,8.250525,0.08638749999999999,8.63875
6.4%,0.0642,6.419999999999999,BPA2014,BPA,-336.0,-1.4,False,8.633340277205034,0.11714134603409423,11.714134603409423,8.309354166666667,0.08389166666666667,8.389166666666666
6.4%,0.0642,6.419999999999999,BPA2014,BPA,-312.0,-1.3,False,8.671119615832032,0.11714134603409423,11.714134603409423,8.357579166666667,0.08269166666666666,8.269166666666667
6.4%,0.0642,6.419999999999999,BPA2014,BPA,-288.0,-1.2,False,8.699951735555238,0.11714134603409423,11.714134603409423,8.401245833333334,0.08210833333333334,8.210833333333333
6.4%,0.0642,6.419999999999999,BPA2014,BPA,-264.0,-1.1,False,8.721890937113889,0.11714134603409423,11.714134603409423,8.435758333333332,0.08051666666666667,8.051666666666666
6.4%,0.0642,6.419999999999999,BPA2014,BPA,-240.0,-1.0,False,8.738329172264683,0.11714134603409423,11.714134603409423,8.459054166666666,0.08015833333333333,8.015833333333333
6.4%,0.0642,6.419999999999999,BPA2014,BPA,-216.0,-0.9,False,8.750010227940882,0.11714134603409423,11.714134603409423,8.46605,0.08128333333333333,8.128333333333334
6.4%,0.0642,6.419999999999999,BPA2014,BPA,-192.0,-0.8,False,8.757120651639463,0.11714134603409423,11.714134603409423,8.452408333333334,0.08303333333333333,8.303333333333333
6.4%,0.0642,6.419999999999999,BPA2014,BPA,-168.0,-0.7,False,8.75942144175614,0.11714134603409423,11.714134603409423,8.4568625,0.08290416666666667,8.290416666666667
6.4%,0.0642,6.419999999999999,BPA2014,BPA,-144.0,-0.6,False,8.756394980128311,0.11714134603409423,11.714134603409423,8.445329166666667,0.08455833333333333,8.455833333333333
6.4%,0.0642,6.419999999999999,BPA2014,BPA,-120.0,-0.5,True,8.747391888592398,0.13173955206037644,13.173955206037643,8.404791666666668,0.0869875,8.69875
6.4%,0.0642,6.419999999999999,BPA2014,BPA,-96.0,-0.4,True,8.731769983380039,0.13173955206037644,13.173955206037643,8.363116666666667,0.08736250000000001,8.736250000000002
6.4%,0.0642,6.419999999999999,BPA2014,BPA,-72.0,-0.3,True,8.709021543361846,0.13173955206037644,13.173955206037643,8.333958333333333,0.0874625,8.74625
6.4%,0.0642,6.419999999999999,BPA2014,BPA,-48.0,-0.2,True,8.67888616695546,0.13173955206037644,13.173955206037643,8.311120833333334,0.08767916666666667,8.767916666666666
6.4%,0.0642,6.419999999999999,BPA2014,BPA,-24.0,-0.1,True,8.641445647545329,0.13173955206037644,13.173955206037643,8.278716666666666,0.08851666666666666,8.851666666666667
6.4%,0.0642,6.419999999999999,BPA2014,BPA,0.0,0.0,True,8.59719576843331,0.13173955206037644,13.173955206037643,8.230699999999999,0.08897083333333333,8.897083333333333
6.4%,0.0642,6.419999999999999,BPA2014,BPA,24.0,0.1,True,8.547088766146908,0.13173955206037644,13.173955206037643,8.165491666666668,0.08792916666666667,8.792916666666667
6.4%,0.0642,6.419999999999999,BPA2014,BPA,48.0,0.2,True,8.492540184337614,0.13173955206037644,13.173955206037643,8.1139125,0.08850833333333334,8.850833333333334
6.4%,0.0642,6.419999999999999,BPA2014,BPA,72.0,0.3,True,8.43539532084195,0.13173955206037644,13.173955206037643,8.055716666666665,0.08889583333333334,8.889583333333334
6.4%,0.0642,6.419999999999999,BPA2014,BPA,96.0,0.4,True,8.377853469497676,0.13173955206037644,13.173955206037643,8.002949999999998,0.09015000000000001,9.015
6.4%,0.0642,6.419999999999999,BPA2014,BPA,120.0,0.5,True,8.322352350424428,0.13173955206037644,13.173955206037643,7.941433333333333,0.08989583333333334,8.989583333333334
6.4%,0.0642,6.419999999999999,BPA2014,BPA,144.0,0.6,False,8.271419908679846,0.13173955206037644,13.173955206037643,7.907,0.08852916666666667,8.852916666666667
6.4%,0.0642,6.419999999999999,BPA2014,BPA,168.0,0.7,False,8.22750526738669,0.13173955206037644,13.173955206037643,7.879566666666667,0.08496666666666666,8.496666666666666
6.4%,0.0642,6.419999999999999,BPA2014,BPA,192.0,0.8,False,8.192804228434696,0.13173955206037644,13.173955206037643,7.8612416666666665,0.08377916666666665,8.377916666666666
6.4%,0.0642,6.419999999999999,BPA2014,BPA,216.0,0.9,False,8.16909660522751,0.13173955206037644,13.173955206037643,7.863154166666666,0.0841375,8.41375
6.4%,0.0642,6.419999999999999,BPA2014,BPA,240.0,1.0,False,8.15761237481486,0.13173955206037644,13.173955206037643,7.876083333333334,0.08429583333333333,8.429583333333333
6.4%,0.0642,6.419999999999999,BPA2014,BPA,264.0,1.1,False,8.158941026514631,0.13173955206037644,13.173955206037643,7.912141666666667,0.08600833333333334,8.600833333333334
6.4%,0.0642,6.419999999999999,BPA2014,BPA,288.0,1.2,False,8.172993826470055,0.13173955206037644,13.173955206037643,7.944470833333332,0.08690833333333334,8.690833333333334
6.4%,0.0642,6.419999999999999,BPA2014,BPA,312.0,1.3,False,8.199022632168594,0.13173955206037644,13.173955206037643,7.973508333333332,0.08917916666666667,8.917916666666667
6.4%,0.0642,6.419999999999999,BPA2014,BPA,336.0,1.4,False,8.235692235659227,0.13173955206037644,13.173955206037643,8.019754166666667,0.09156249999999999,9.15625
6.4%,0.0642,6.419999999999999,BPA2014,BPA,360.0,1.5,False,8.281196903098051,0.13173955206037644,13.173955206037643,8.084033333333332,0.092575,9.2575
6.4%,0.0642,6.419999999999999,NPA2016,NPA,-360.0,-1.5,False,8.692031120795559,0.13006038323004018,13.006038323004018,8.250525,0.08638749999999999,8.63875
6.4%,0.0642,6.419999999999999,NPA2016,NPA,-336.0,-1.4,False,8.73361491443375,0.13006038323004018,13.006038323004018,8.309354166666667,0.08389166666666667,8.389166666666666
6.4%,0.0642,6.419999999999999,NPA2016,NPA,-312.0,-1.3,False,8.766064141632347,0.10355678384340902,10.355678384340901,8.357579166666667,0.08269166666666666,8.269166666666667
6.4%,0.0642,6.419999999999999,NPA2016,NPA,-288.0,-1.2,False,8.789983457538613,0.10355678384340902,10.355678384340901,8.401245833333334,0.08210833333333334,8.210833333333333
6.4%,0.0642,6.419999999999999,NPA2016,NPA,-264.0,-1.1,False,8.80619766552544,0.10355678384340902,10.355678384340901,8.435758333333332,0.08051666666666667,8.051666666666666
6.4%,0.0642,6.419999999999999,NPA2016,NPA,-240.0,-1.0,False,8.81559195299174,0.10355678384340902,10.355678384340901,8.459054166666666,0.08015833333333333,8.015833333333333
6.4%,0.0642,6.419999999999999,NPA2016,NPA,-216.0,-0.9,False,8.819055468367571,0.11498986012788875,11.498986012788876,8.46605,0.08128333333333333,8.128333333333334
6.4%,0.0642,6.419999999999999,NPA2016,NPA,-192.0,-0.8,False,8.817399270972027,0.11498986012788875,11.498986012788876,8.452408333333334,0.08303333333333333,8.303333333333333
6.4%,0.0642,6.419999999999999,NPA2016,NPA,-168.0,-0.7,False,8.811347419994592,0.11498986012788875,11.498986012788876,8.4568625,0.08290416666666667,8.290416666666667
6.4%,0.0642,6.419999999999999,NPA2016,NPA,-144.0,-0.6,False,8.801531961743967,0.11498986012788875,11.498986012788876,8.445329166666667,0.08455833333333333,8.455833333333333
6.4%,0.0642,6.419999999999999,NPA2016,NPA,-120.0,-0.5,True,8.78850057864561,0.11498986012788875,11.498986012788876,8.404791666666668,0.0869875,8.69875
6.4%,0.0642,6.419999999999999,NPA2016,NPA,-96.0,-0.4,True,8.772741058515054,0.11498986012788875,11.498986012788876,8.363116666666667,0.08736250000000001,8.736250000000002
6.4%,0.0642,6.419999999999999,NPA2016,NPA,-72.0,-0.3,True,8.754716873442426,0.11498986012788875,11.498986012788876,8.333958333333333,0.0874625,8.74625
6.4%,0.0642,6.419999999999999,NPA2016,NPA,-48.0,-0.2,True,8.734884153624227,0.11498986012788875,11.498986012788876,8.311120833333334,0.08767916666666667,8.767916666666666
6.4%,0.0642,6.419999999999999,NPA2016,NPA,-24.0,-0.1,True,8.713720530824268,0.11498986012788875,11.498986012788876,8.278716666666666,0.08851666666666666,8.851666666666667
6.4%,0.0642,6.419999999999999,NPA2016,NPA,0.0,0.0,True,8.691732512621797,0.11498986012788875,11.498986012788876,8.230699999999999,0.08897083333333333,8.897083333333333
6.4%,0.0642,6.419999999999999,NPA2016,NPA,24.0,0.1,True,8.669467307837536,0.11498986012788875,11.498986012788876,8.165491666666668,0.08792916666666667,8.792916666666667
6.4%,0.0642,6.419999999999999,NPA2016,NPA,48.0,0.2,True,8.647506828942253,0.11498986012788875,11.498986012788876,8.1139125,0.08850833333333334,8.850833333333334
6.4%,0.0642,6.419999999999999,NPA2016,NPA,72.0,0.3,True,8.626454402928035,0.11498986012788875,11.498986012788876,8.055716666666665,0.08889583333333334,8.889583333333334
6.4%,0.0642,6.419999999999999,NPA2016,NPA,96.0,0.4,True,8.606931452938968,0.11498986012788875,11.498986012788876,8.002949999999998,0.09015000000000001,9.015
6.4%,0.0642,6.419999999999999,NPA2016,NPA,120.0,0.5,True,8.589541996957268,0.11498986012788875,11.498986012788876,7.941433333333333,0.08989583333333334,8.989583333333334
6.4%,0.0642,6.419999999999999,NPA2016,NPA,144.0,0.6,False,8.574858197767922,0.11498986012788875,11.498986012788876,7.907,0.08852916666666667,8.852916666666667
6.4%,0.0642,6.419999999999999,NPA2016,NPA,168.0,0.7,False,8.563385816335476,0.11498986012788875,11.498986012788876,7.879566666666667,0.08496666666666666,8.496666666666666
6.4%,0.0642,6.419999999999999,NPA2016,NPA,192.0,0.8,False,8.555555523649874,0.11498986012788875,11.498986012788876,7.8612416666666665,0.08377916666666665,8.377916666666666
6.4%,0.0642,6.419999999999999,NPA2016,NPA,216.0,0.9,False,8.551683016470696,0.11498986012788875,11.498986012788876,7.863154166666666,0.0841375,8.41375
6.4%,0.0642,6.419999999999999,NPA2016,NPA,240.0,1.0,False,8.551969338358997,0.11498986012788875,11.498986012788876,7.876083333333334,0.08429583333333333,8.429583333333333
6.4%,0.0642,6.419999999999999,NPA2016,NPA,264.0,1.1,False,8.556474737821732,0.11498986012788875,11.498986012788876,7.912141666666667,0.08600833333333334,8.600833333333334
6.4%,0.0642,6.419999999999999,NPA2016,NPA,288.0,1.2,False,8.565128647618657,0.11498986012788875,11.498986012788876,7.944470833333332,0.08690833333333334,8.690833333333334
6.4%,0.0642,6.419999999999999,NPA2016,NPA,312.0,1.3,False,8.577717745606982,0.11498986012788875,11.498986012788876,7.973508333333332,0.08917916666666667,8.917916666666667
6.4%,0.0642,6.419999999999999,NPA2016,NPA,336.0,1.4,False,8.593894991488831,0.11498986012788875,11.498986012788876,8.019754166666667,0.09156249999999999,9.15625
6.4%,0.0642,6.419999999999999,NPA2016,NPA,360.0,1.5,False,8.61319115629101,0.11498986012788875,11.498986012788876,8.084033333333332,0.092575,9.2575
6.4%,0.0642,6.419999999999999,Nygaard2022,"TurbOPark, A=0.04",-360.0,-1.5,False,7.165825691427116,0.0642,6.419999999999999,8.250525,0.08638749999999999,8.63875
6.4%,0.0642,6.419999999999999,Nygaard2022,"TurbOPark, A=0.04",-336.0,-1.4,False,7.36288730873671,0.0642,6.419999999999999,8.309354166666667,0.08389166666666667,8.389166666666666
6.4%,0.0642,6.419999999999999,Nygaard2022,"TurbOPark, A=0.04",-312.0,-1.3,False,7.53514722804462,0.0642,6.419999999999999,8.357579166666667,0.08269166666666666,8.269166666666667
6.4%,0.0642,6.419999999999999,Nygaard2022,"TurbOPark, A=0.04",-288.0,-1.2,False,7.636083578278129,0.0642,6.419999999999999,8.401245833333334,0.08210833333333334,8.210833333333333
6.4%,0.0642,6.419999999999999,Nygaard2022,"TurbOPark, A=0.04",-264.0,-1.1,False,7.64821506049328,0.0642,6.419999999999999,8.435758333333332,0.08051666666666667,8.051666666666666
6.4%,0.0642,6.419999999999999,Nygaard2022,"TurbOPark, A=0.04",-240.0,-1.0,False,7.593908128164799,0.0642,6.419999999999999,8.459054166666666,0.08015833333333333,8.015833333333333
6.4%,0.0642,6.419999999999999,Nygaard2022,"TurbOPark, A=0.04",-216.0,-0.9,False,7.517953145991552,0.0642,6.419999999999999,8.46605,0.08128333333333333,8.128333333333334
6.4%,0.0642,6.419999999999999,Nygaard2022,"TurbOPark, A=0.04",-192.0,-0.8,False,7.461982563114083,0.0642,6.419999999999999,8.452408333333334,0.08303333333333333,8.303333333333333
6.4%,0.0642,6.419999999999999,Nygaard2022,"TurbOPark, A=0.04",-168.0,-0.7,False,7.451240534713732,0.0642,6.419999999999999,8.4568625,0.08290416666666667,8.290416666666667
6.4%,0.0642,6.419999999999999,Nygaard2022,"TurbOPark, A=0.04",-144.0,-0.6,False,7.4926511704999115,0.0642,6.419999999999999,8.445329166666667,0.08455833333333333,8.455833333333333
6.4%,0.0642,6.419999999999999,Nygaard2022,"TurbOPark, A=0.04",-120.0,-0.5,True,7.576722213803617,0.0642,6.419999999999999,8.404791666666668,0.0869875,8.69875
6.4%,0.0642,6.419999999999999,Nygaard2022,"TurbOPark, A=0.04",-96.0,-0.4,True,7.681501531428819,0.0642,6.419999999999999,8.363116666666667,0.08736250000000001,8.736250000000002
6.4%,0.0642,6.419999999999999,Nygaard2022,"TurbOPark, A=0.04",-72.0,-0.3,True,7.778514703069128,0.0642,6.419999999999999,8.333958333333333,0.0874625,8.74625
6.4%,0.0642,6.419999999999999,Nygaard2022,"TurbOPark, A=0.04",-48.0,-0.2,True,7.8420033454070115,0.0642,6.419999999999999,8.311120833333334,0.08767916666666667,8.767916666666666
6.4%,0.0642,6.419999999999999,Nygaard2022,"TurbOPark, A=0.04",-24.0,-0.1,True,7.859451409038921,0.0642,6.419999999999999,8.278716666666666,0.08851666666666666,8.851666666666667
6.4%,0.0642,6.419999999999999,Nygaard2022,"TurbOPark, A=0.04",0.0,0.0,True,7.8357125064269955,0.0642,6.419999999999999,8.230699999999999,0.08897083333333333,8.897083333333333
6.4%,0.0642,6.419999999999999,Nygaard2022,"TurbOPark, A=0.04",24.0,0.1,True,7.785441896022863,0.0642,6.419999999999999,8.165491666666668,0.08792916666666667,8.792916666666667
6.4%,0.0642,6.419999999999999,Nygaard2022,"TurbOPark, A=0.04",48.0,0.2,True,7.719193492653112,0.0642,6.419999999999999,8.1139125,0.08850833333333334,8.850833333333334
6.4%,0.0642,6.419999999999999,Nygaard2022,"TurbOPark, A=0.04",72.0,0.3,True,7.633442486805714,0.0642,6.419999999999999,8.055716666666665,0.08889583333333334,8.889583333333334
6.4%,0.0642,6.419999999999999,Nygaard2022,"TurbOPark, A=0.04",96.0,0.4,True,7.510821894308076,0.0642,6.419999999999999,8.002949999999998,0.09015000000000001,9.015
6.4%,0.0642,6.419999999999999,Nygaard2022,"TurbOPark, A=0.04",120.0,0.5,True,7.3330364191140935,0.0642,6.419999999999999,7.941433333333333,0.08989583333333334,8.989583333333334
6.4%,0.0642,6.419999999999999,Nygaard2022,"TurbOPark, A=0.04",144.0,0.6,False,7.100029736275115,0.0642,6.419999999999999,7.907,0.08852916666666667,8.852916666666667
6.4%,0.0642,6.419999999999999,Nygaard2022,"TurbOPark, A=0.04",168.0,0.7,False,6.840010820939814,0.0642,6.419999999999999,7.879566666666667,0.08496666666666666,8.496666666666666
6.4%,0.0642,6.419999999999999,Nygaard2022,"TurbOPark, A=0.04",192.0,0.8,False,6.602298495316921,0.0642,6.419999999999999,7.8612416666666665,0.08377916666666665,8.377916666666666
6.4%,0.0642,6.419999999999999,Nygaard2022,"TurbOPark, A=0.04",216.0,0.9,False,6.440394291915413,0.0642,6.419999999999999,7.863154166666666,0.0841375,8.41375
6.4%,0.0642,6.419999999999999,Nygaard2022,"TurbOPark, A=0.04",240.0,1.0,False,6.395145647737888,0.0642,6.419999999999999,7.876083333333334,0.08429583333333333,8.429583333333333
6.4%,0.0642,6.419999999999999,Nygaard2022,"TurbOPark, A=0.04",264.0,1.1,False,6.482679111434718,0.0642,6.419999999999999,7.912141666666667,0.08600833333333334,8.600833333333334
6.4%,0.0642,6.419999999999999,Nygaard2022,"TurbOPark, A=0.04",288.0,1.2,False,6.6882499103937745,0.0642,6.419999999999999,7.944470833333332,0.08690833333333334,8.690833333333334
6.4%,0.0642,6.419999999999999,Nygaard2022,"TurbOPark, A=0.04",312.0,1.3,False,6.965900678819681,0.0642,6.419999999999999,7.973508333333332,0.08917916666666667,8.917916666666667
6.4%,0.0642,6.419999999999999,Nygaard2022,"TurbOPark, A=0.04",336.0,1.4,False,7.244058754428176,0.0642,6.419999999999999,8.019754166666667,0.09156249999999999,9.15625
6.4%,0.0642,6.419999999999999,Nygaard2022,"TurbOPark, A=0.04",360.0,1.5,False,7.4421473727804,0.0642,6.419999999999999,8.084033333333332,0.092575,9.2575
6.4%,0.0642,6.419999999999999,Nygaard2022_A0.06,"TurbOPark, A=0.06",-360.0,-1.5,False,7.707122167059791,0.0642,6.419999999999999,8.250525,0.08638749999999999,8.63875
6.4%,0.0642,6.419999999999999,Nygaard2022_A0.06,"TurbOPark, A=0.06",-336.0,-1.4,False,7.806000624052612,0.0642,6.419999999999999,8.309354166666667,0.08389166666666667,8.389166666666666
6.4%,0.0642,6.419999999999999,Nygaard2022_A0.06,"TurbOPark, A=0.06",-312.0,-1.3,False,7.902801607797841,0.0642,6.419999999999999,8.357579166666667,0.08269166666666666,8.269166666666667
6.4%,0.0642,6.419999999999999,Nygaard2022_A0.06,"TurbOPark, A=0.06",-288.0,-1.2,False,7.97992798616228,0.0642,6.419999999999999,8.401245833333334,0.08210833333333334,8.210833333333333
6.4%,0.0642,6.419999999999999,Nygaard2022_A0.06,"TurbOPark, A=0.06",-264.0,-1.1,False,8.027121076466818,0.0642,6.419999999999999,8.435758333333332,0.08051666666666667,8.051666666666666
6.4%,0.0642,6.419999999999999,Nygaard2022_A0.06,"TurbOPark, A=0.06",-240.0,-1.0,False,8.045304792237438,0.0642,6.419999999999999,8.459054166666666,0.08015833333333333,8.015833333333333
6.4%,0.0642,6.419999999999999,Nygaard2022_A0.06,"TurbOPark, A=0.06",-216.0,-0.9,False,8.044995228335358,0.0642,6.419999999999999,8.46605,0.08128333333333333,8.128333333333334
6.4%,0.0642,6.419999999999999,Nygaard2022_A0.06,"TurbOPark, A=0.06",-192.0,-0.8,False,8.040313515443675,0.0642,6.419999999999999,8.452408333333334,0.08303333333333333,8.303333333333333
6.4%,0.0642,6.419999999999999,Nygaard2022_A0.06,"TurbOPark, A=0.06",-168.0,-0.7,False,8.043112773037848,0.0642,6.419999999999999,8.4568625,0.08290416666666667,8.290416666666667
6.4%,0.0642,6.419999999999999,Nygaard2022_A0.06,"TurbOPark, A=0.06",-144.0,-0.6,False,8.059831345242031,0.0642,6.419999999999999,8.445329166666667,0.08455833333333333,8.455833333333333
6.4%,0.0642,6.419999999999999,Nygaard2022_A0.06,"TurbOPark, A=0.06",-120.0,-0.5,True,8.090974244676946,0.0642,6.419999999999999,8.404791666666668,0.0869875,8.69875
6.4%,0.0642,6.419999999999999,Nygaard2022_A0.06,"TurbOPark, A=0.06",-96.0,-0.4,True,8.132159156754849,0.0642,6.419999999999999,8.363116666666667,0.08736250000000001,8.736250000000002
6.4%,0.0642,6.419999999999999,Nygaard2022_A0.06,"TurbOPark, A=0.06",-72.0,-0.3,True,8.176089136723476,0.0642,6.419999999999999,8.333958333333333,0.0874625,8.74625
6.4%,0.0642,6.419999999999999,Nygaard2022_A0.06,"TurbOPark, A=0.06",-48.0,-0.2,True,8.21464335531109,0.0642,6.419999999999999,8.311120833333334,0.08767916666666667,8.767916666666666
6.4%,0.0642,6.419999999999999,Nygaard2022_A0.06,"TurbOPark, A=0.06",-24.0,-0.1,True,8.240528519963354,0.0642,6.419999999999999,8.278716666666666,0.08851666666666666,8.851666666666667
6.4%,0.0642,6.419999999999999,Nygaard2022_A0.06,"TurbOPark, A=0.06",0.0,0.0,True,8.24778109069426,0.0642,6.419999999999999,8.230699999999999,0.08897083333333333,8.897083333333333
6.4%,0.0642,6.419999999999999,Nygaard2022_A0.06,"TurbOPark, A=0.06",24.0,0.1,True,8.230753335500662,0.0642,6.419999999999999,8.165491666666668,0.08792916666666667,8.792916666666667
6.4%,0.0642,6.419999999999999,Nygaard2022_A0.06,"TurbOPark, A=0.06",48.0,0.2,True,8.182843575750779,0.0642,6.419999999999999,8.1139125,0.08850833333333334,8.850833333333334
6.4%,0.0642,6.419999999999999,Nygaard2022_A0.06,"TurbOPark, A=0.06",72.0,0.3,True,8.097102927234145,0.0642,6.419999999999999,8.055716666666665,0.08889583333333334,8.889583333333334
6.4%,0.0642,6.419999999999999,Nygaard2022_A0.06,"TurbOPark, A=0.06",96.0,0.4,True,7.969939232407155,0.0642,6.419999999999999,8.002949999999998,0.09015000000000001,9.015
6.4%,0.0642,6.419999999999999,Nygaard2022_A0.06,"TurbOPark, A=0.06",120.0,0.5,True,7.806019077360228,0.0642,6.419999999999999,7.941433333333333,0.08989583333333334,8.989583333333334
6.4%,0.0642,6.419999999999999,Nygaard2022_A0.06,"TurbOPark, A=0.06",144.0,0.6,False,7.620507531166788,0.0642,6.419999999999999,7.907,0.08852916666666667,8.852916666666667
6.4%,0.0642,6.419999999999999,Nygaard2022_A0.06,"TurbOPark, A=0.06",168.0,0.7,False,7.436968570586172,0.0642,6.419999999999999,7.879566666666667,0.08496666666666666,8.496666666666666
6.4%,0.0642,6.419999999999999,Nygaard2022_A0.06,"TurbOPark, A=0.06",192.0,0.8,False,7.282446234759979,0.0642,6.419999999999999,7.8612416666666665,0.08377916666666665,8.377916666666666
6.4%,0.0642,6.419999999999999,Nygaard2022_A0.06,"TurbOPark, A=0.06",216.0,0.9,False,7.181442891819646,0.0642,6.419999999999999,7.863154166666666,0.0841375,8.41375
6.4%,0.0642,6.419999999999999,Nygaard2022_A0.06,"TurbOPark, A=0.06",240.0,1.0,False,7.150603231362652,0.0642,6.419999999999999,7.876083333333334,0.08429583333333333,8.429583333333333
6.4%,0.0642,6.419999999999999,Nygaard2022_A0.06,"TurbOPark, A=0.06",264.0,1.1,False,7.194757491824369,0.0642,6.419999999999999,7.912141666666667,0.08600833333333334,8.600833333333334
6.4%,0.0642,6.419999999999999,Nygaard2022_A0.06,"TurbOPark, A=0.06",288.0,1.2,False,7.304704449456576,0.0642,6.419999999999999,7.944470833333332,0.08690833333333334,8.690833333333334
6.4%,0.0642,6.419999999999999,Nygaard2022_A0.06,"TurbOPark, A=0.06",312.0,1.3,False,7.4578411571654275,0.0642,6.419999999999999,7.973508333333332,0.08917916666666667,8.917916666666667
6.4%,0.0642,6.419999999999999,Nygaard2022_A0.06,"TurbOPark, A=0.06",336.0,1.4,False,7.621447017944513,0.0642,6.419999999999999,8.019754166666667,0.09156249999999999,9.15625
6.4%,0.0642,6.419999999999999,Nygaard2022_A0.06,"TurbOPark, A=0.06",360.0,1.5,False,7.759993732860195,0.0642,6.419999999999999,8.084033333333332,0.092575,9.2575
7.0%,0.07036741444444444,7.036741444444444,BPA2014,BPA,-360.0,-1.5,False,8.584001982335053,0.12039500760774476,12.039500760774475,8.250525,0.08638749999999999,8.63875
7.0%,0.07036741444444444,7.036741444444444,BPA2014,BPA,-336.0,-1.4,False,8.633340277205034,0.12039500760774476,12.039500760774475,8.309354166666667,0.08389166666666667,8.389166666666666
7.0%,0.07036741444444444,7.036741444444444,BPA2014,BPA,-312.0,-1.3,False,8.671119615832032,0.12039500760774476,12.039500760774475,8.357579166666667,0.08269166666666666,8.269166666666667
7.0%,0.07036741444444444,7.036741444444444,BPA2014,BPA,-288.0,-1.2,False,8.699951735555238,0.12039500760774476,12.039500760774475,8.401245833333334,0.08210833333333334,8.210833333333333
7.0%,0.07036741444444444,7.036741444444444,BPA2014,BPA,-264.0,-1.1,False,8.721890937113889,0.12039500760774476,12.039500760774475,8.435758333333332,0.08051666666666667,8.051666666666666
7.0%,0.07036741444444444,7.036741444444444,BPA2014,BPA,-240.0,-1.0,False,8.738329172264683,0.12039500760774476,12.039500760774475,8.459054166666666,0.08015833333333333,8.015833333333333
7.0%,0.07036741444444444,7.036741444444444,BPA2014,BPA,-216.0,-0.9,False,8.750010227940882,0.12039500760774476,12.039500760774475,8.46605,0.08128333333333333,8.128333333333334
7.0%,0.07036741444444444,7.036741444444444,BPA2014,BPA,-192.0,-0.8,False,8.757120651639463,0.12039500760774476,12.039500760774475,8.452408333333334,0.08303333333333333,8.303333333333333
7.0%,0.07036741444444444,7.036741444444444,BPA2014,BPA,-168.0,-0.7,False,8.75942144175614,0.12039500760774476,12.039500760774475,8.4568625,0.08290416666666667,8.290416666666667
7.0%,0.07036741444444444,7.036741444444444,BPA2014,BPA,-144.0,-0.6,False,8.756394980128311,0.12039500760774476,12.039500760774475,8.445329166666667,0.08455833333333333,8.455833333333333
7.0%,0.07036741444444444,7.036741444444444,BPA2014,BPA,-120.0,-0.5,True,8.747391888592398,0.1345606731602848,13.45606731602848,8.404791666666668,0.0869875,8.69875
7.0%,0.07036741444444444,7.036741444444444,BPA2014,BPA,-96.0,-0.4,True,8.731769983380039,0.1345606731602848,13.45606731602848,8.363116666666667,0.08736250000000001,8.736250000000002
7.0%,0.07036741444444444,7.036741444444444,BPA2014,BPA,-72.0,-0.3,True,8.709021543361846,0.1345606731602848,13.45606731602848,8.333958333333333,0.0874625,8.74625
7.0%,0.07036741444444444,7.036741444444444,BPA2014,BPA,-48.0,-0.2,True,8.67888616695546,0.1345606731602848,13.45606731602848,8.311120833333334,0.08767916666666667,8.767916666666666
7.0%,0.07036741444444444,7.036741444444444,BPA2014,BPA,-24.0,-0.1,True,8.641445647545329,0.1345606731602848,13.45606731602848,8.278716666666666,0.08851666666666666,8.851666666666667
7.0%,0.07036741444444444,7.036741444444444,BPA2014,BPA,0.0,0.0,True,8.59719576843331,0.1345606731602848,13.45606731602848,8.230699999999999,0.08897083333333333,8.897083333333333
7.0%,0.07036741444444444,7.036741444444444,BPA2014,BPA,24.0,0.1,True,8.547088766146908,0.1345606731602848,13.45606731602848,8.165491666666668,0.08792916666666667,8.792916666666667
7.0%,0.07036741444444444,7.036741444444444,BPA2014,BPA,48.0,0.2,True,8.492540184337614,0.1345606731602848,13.45606731602848,8.1139125,0.08850833333333334,8.850833333333334
7.0%,0.07036741444444444,7.036741444444444,BPA2014,BPA,72.0,0.3,True,8.43539532084195,0.1345606731602848,13.45606731602848,8.055716666666665,0.08889583333333334,8.889583333333334
7.0%,0.07036741444444444,7.036741444444444,BPA2014,BPA,96.0,0.4,True,8.377853469497676,0.1345606731602848,13.45606731602848,8.002949999999998,0.09015000000000001,9.015
7.0%,0.07036741444444444,7.036741444444444,BPA2014,BPA,120.0,0.5,True,8.322352350424428,0.1345606731602848,13.45606731602848,7.941433333333333,0.08989583333333334,8.989583333333334
7.0%,0.07036741444444444,7.036741444444444,BPA2014,BPA,144.0,0.6,False,8.271419908679846,0.1345606731602848,13.45606731602848,7.907,0.08852916666666667,8.852916666666667
7.0%,0.07036741444444444,7.036741444444444,BPA2014,BPA,168.0,0.7,False,8.22750526738669,0.1345606731602848,13.45606731602848,7.879566666666667,0.08496666666666666,8.496666666666666
7.0%,0.07036741444444444,7.036741444444444,BPA2014,BPA,192.0,0.8,False,8.192804228434696,0.1345606731602848,13.45606731602848,7.8612416666666665,0.08377916666666665,8.377916666666666
7.0%,0.07036741444444444,7.036741444444444,BPA2014,BPA,216.0,0.9,False,8.16909660522751,0.1345606731602848,13.45606731602848,7.863154166666666,0.0841375,8.41375
7.0%,0.07036741444444444,7.036741444444444,BPA2014,BPA,240.0,1.0,False,8.15761237481486,0.1345606731602848,13.45606731602848,7.876083333333334,0.08429583333333333,8.429583333333333
7.0%,0.07036741444444444,7.036741444444444,BPA2014,BPA,264.0,1.1,False,8.158941026514631,0.1345606731602848,13.45606731602848,7.912141666666667,0.08600833333333334,8.600833333333334
7.0%,0.07036741444444444,7.036741444444444,BPA2014,BPA,288.0,1.2,False,8.172993826470055,0.1345606731602848,13.45606731602848,7.944470833333332,0.08690833333333334,8.690833333333334
7.0%,0.07036741444444444,7.036741444444444,BPA2014,BPA,312.0,1.3,False,8.199022632168594,0.1345606731602848,13.45606731602848,7.973508333333332,0.08917916666666667,8.917916666666667
7.0%,0.07036741444444444,7.036741444444444,BPA2014,BPA,336.0,1.4,False,8.235692235659227,0.1345606731602848,13.45606731602848,8.019754166666667,0.09156249999999999,9.15625
7.0%,0.07036741444444444,7.036741444444444,BPA2014,BPA,360.0,1.5,False,8.281196903098051,0.1345606731602848,13.45606731602848,8.084033333333332,0.092575,9.2575
7.0%,0.07036741444444444,7.036741444444444,NPA2016,NPA,-360.0,-1.5,False,8.714684626385765,0.13349706682181361,13.349706682181361,8.250525,0.08638749999999999,8.63875
7.0%,0.07036741444444444,7.036741444444444,NPA2016,NPA,-336.0,-1.4,False,8.755714496673134,0.13349706682181361,13.349706682181361,8.309354166666667,0.08389166666666667,8.389166666666666
7.0%,0.07036741444444444,7.036741444444444,NPA2016,NPA,-312.0,-1.3,False,8.788016575914376,0.10767074527560869,10.767074527560869,8.357579166666667,0.08269166666666666,8.269166666666667
7.0%,0.07036741444444444,7.036741444444444,NPA2016,NPA,-288.0,-1.2,False,8.812094289387058,0.10767074527560869,10.767074527560869,8.401245833333334,0.08210833333333334,8.210833333333333
7.0%,0.07036741444444444,7.036741444444444,NPA2016,NPA,-264.0,-1.1,False,8.828644960036605,0.10767074527560869,10.767074527560869,8.435758333333332,0.08051666666666667,8.051666666666666
7.0%,0.07036741444444444,7.036741444444444,NPA2016,NPA,-240.0,-1.0,False,8.838489817020488,0.11877073941051418,11.877073941051417,8.459054166666666,0.08015833333333333,8.015833333333333
7.0%,0.07036741444444444,7.036741444444444,NPA2016,NPA,-216.0,-0.9,False,8.842456658035715,0.11877073941051418,11.877073941051417,8.46605,0.08128333333333333,8.128333333333334
7.0%,0.07036741444444444,7.036741444444444,NPA2016,NPA,-192.0,-0.8,False,8.841342926736845,0.11877073941051418,11.877073941051417,8.452408333333334,0.08303333333333333,8.303333333333333
7.0%,0.07036741444444444,7.036741444444444,NPA2016,NPA,-168.0,-0.7,False,8.835871082811423,0.11877073941051418,11.877073941051417,8.4568625,0.08290416666666667,8.290416666666667
7.0%,0.07036741444444444,7.036741444444444,NPA2016,NPA,-144.0,-0.6,False,8.8266810821702,0.11877073941051418,11.877073941051417,8.445329166666667,0.08455833333333333,8.455833333333333
7.0%,0.07036741444444444,7.036741444444444,NPA2016,NPA,-120.0,-0.5,True,8.814352440953048,0.11877073941051418,11.877073941051417,8.404791666666668,0.0869875,8.69875
7.0%,0.07036741444444444,7.036741444444444,NPA2016,NPA,-96.0,-0.4,True,8.799405072441283,0.11877073941051418,11.877073941051417,8.363116666666667,0.08736250000000001,8.736250000000002
7.0%,0.07036741444444444,7.036741444444444,NPA2016,NPA,-72.0,-0.3,True,8.782319519089354,0.11877073941051418,11.877073941051417,8.333958333333333,0.0874625,8.74625
7.0%,0.07036741444444444,7.036741444444444,NPA2016,NPA,-48.0,-0.2,True,8.763565745254105,0.11877073941051418,11.877073941051417,8.311120833333334,0.08767916666666667,8.767916666666666
7.0%,0.07036741444444444,7.036741444444444,NPA2016,NPA,-24.0,-0.1,True,8.7436198762372,0.11877073941051418,11.877073941051417,8.278716666666666,0.08851666666666666,8.851666666666667
7.0%,0.07036741444444444,7.036741444444444,NPA2016,NPA,0.0,0.0,True,8.722974707660407,0.11877073941051418,11.877073941051417,8.230699999999999,0.08897083333333333,8.897083333333333
7.0%,0.07036741444444444,7.036741444444444,NPA2016,NPA,24.0,0.1,True,8.702150254523119,0.11877073941051418,11.877073941051417,8.165491666666668,0.08792916666666667,8.792916666666667
7.0%,0.07036741444444444,7.036741444444444,NPA2016,NPA,48.0,0.2,True,8.681680690338723,0.11877073941051418,11.877073941051417,8.1139125,0.08850833333333334,8.850833333333334
7.0%,0.07036741444444444,7.036741444444444,NPA2016,NPA,72.0,0.3,True,8.662122418882735,0.11877073941051418,11.877073941051417,8.055716666666665,0.08889583333333334,8.889583333333334
7.0%,0.07036741444444444,7.036741444444444,NPA2016,NPA,96.0,0.4,True,8.644032274967474,0.11877073941051418,11.877073941051417,8.002949999999998,0.09015000000000001,9.015
7.0%,0.07036741444444444,7.036741444444444,NPA2016,NPA,120.0,0.5,True,8.627944205945765,0.11877073941051418,11.877073941051417,7.941433333333333,0.08989583333333334,8.989583333333334
7.0%,0.07036741444444444,7.036741444444444,NPA2016,NPA,144.0,0.6,False,8.614367565148575,0.11877073941051418,11.877073941051417,7.907,0.08852916666666667,8.852916666666667
7.0%,0.07036741444444444,7.036741444444444,NPA2016,NPA,168.0,0.7,False,8.6037432387974,0.11877073941051418,11.877073941051417,7.879566666666667,0.08496666666666666,8.496666666666666
7.0%,0.07036741444444444,7.036741444444444,NPA2016,NPA,192.0,0.8,False,8.596447337742985,0.11877073941051418,11.877073941051417,7.8612416666666665,0.08377916666666665,8.377916666666666
7.0%,0.07036741444444444,7.036741444444444,NPA2016,NPA,216.0,0.9,False,8.592761470742857,0.11877073941051418,11.877073941051417,7.863154166666666,0.0841375,8.41375
7.0%,0.07036741444444444,7.036741444444444,NPA2016,NPA,240.0,1.0,False,8.59284824575427,0.11877073941051418,11.877073941051417,7.876083333333334,0.08429583333333333,8.429583333333333
7.0%,0.07036741444444444,7.036741444444444,NPA2016,NPA,264.0,1.1,False,8.596765643282211,0.11877073941051418,11.877073941051417,7.912141666666667,0.08600833333333334,8.600833333333334
7.0%,0.07036741444444444,7.036741444444444,NPA2016,NPA,288.0,1.2,False,8.604441224368944,0.11877073941051418,11.877073941051417,7.944470833333332,0.08690833333333334,8.690833333333334
7.0%,0.07036741444444444,7.036741444444444,NPA2016,NPA,312.0,1.3,False,8.615693736642246,0.11877073941051418,11.877073941051417,7.973508333333332,0.08917916666666667,8.917916666666667
7.0%,0.07036741444444444,7.036741444444444,NPA2016,NPA,336.0,1.4,False,8.630210416812648,0.11877073941051418,11.877073941051417,8.019754166666667,0.09156249999999999,9.15625
7.0%,0.07036741444444444,7.036741444444444,NPA2016,NPA,360.0,1.5,False,8.647570061540597,0.11877073941051418,11.877073941051417,8.084033333333332,0.092575,9.2575
7.0%,0.07036741444444444,7.036741444444444,Nygaard2022,"TurbOPark, A=0.04",-360.0,-1.5,False,7.200396223272309,0.07036741444444444,7.036741444444444,8.250525,0.08638749999999999,8.63875
7.0%,0.07036741444444444,7.036741444444444,Nygaard2022,"TurbOPark, A=0.04",-336.0,-1.4,False,7.390794443531053,0.07036741444444444,7.036741444444444,8.309354166666667,0.08389166666666667,8.389166666666666
7.0%,0.07036741444444444,7.036741444444444,Nygaard2022,"TurbOPark, A=0.04",-312.0,-1.3,False,7.559530868339042,0.07036741444444444,7.036741444444444,8.357579166666667,0.08269166666666666,8.269166666666667
7.0%,0.07036741444444444,7.036741444444444,Nygaard2022,"TurbOPark, A=0.04",-288.0,-1.2,False,7.662717225722835,0.07036741444444444,7.036741444444444,8.401245833333334,0.08210833333333334,8.210833333333333
7.0%,0.07036741444444444,7.036741444444444,Nygaard2022,"TurbOPark, A=0.04",-264.0,-1.1,False,7.68285318431596,0.07036741444444444,7.036741444444444,8.435758333333332,0.08051666666666667,8.051666666666666
7.0%,0.07036741444444444,7.036741444444444,Nygaard2022,"TurbOPark, A=0.04",-240.0,-1.0,False,7.6392048924779745,0.07036741444444444,7.036741444444444,8.459054166666666,0.08015833333333333,8.015833333333333
7.0%,0.07036741444444444,7.036741444444444,Nygaard2022,"TurbOPark, A=0.04",-216.0,-0.9,False,7.572721879594337,0.07036741444444444,7.036741444444444,8.46605,0.08128333333333333,8.128333333333334
7.0%,0.07036741444444444,7.036741444444444,Nygaard2022,"TurbOPark, A=0.04",-192.0,-0.8,False,7.522449988525542,0.07036741444444444,7.036741444444444,8.452408333333334,0.08303333333333333,8.303333333333333
7.0%,0.07036741444444444,7.036741444444444,Nygaard2022,"TurbOPark, A=0.04",-168.0,-0.7,False,7.512663079484263,0.07036741444444444,7.036741444444444,8.4568625,0.08290416666666667,8.290416666666667
7.0%,0.07036741444444444,7.036741444444444,Nygaard2022,"TurbOPark, A=0.04",-144.0,-0.6,False,7.550495182686157,0.07036741444444444,7.036741444444444,8.445329166666667,0.08455833333333333,8.455833333333333
7.0%,0.07036741444444444,7.036741444444444,Nygaard2022,"TurbOPark, A=0.04",-120.0,-0.5,True,7.627914182006843,0.07036741444444444,7.036741444444444,8.404791666666668,0.0869875,8.69875
7.0%,0.07036741444444444,7.036741444444444,Nygaard2022,"TurbOPark, A=0.04",-96.0,-0.4,True,7.725388616489138,0.07036741444444444,7.036741444444444,8.363116666666667,0.08736250000000001,8.736250000000002
7.0%,0.07036741444444444,7.036741444444444,Nygaard2022,"TurbOPark, A=0.04",-72.0,-0.3,True,7.8174149105552715,0.07036741444444444,7.036741444444444,8.333958333333333,0.0874625,8.74625
7.0%,0.07036741444444444,7.036741444444444,Nygaard2022,"TurbOPark, A=0.04",-48.0,-0.2,True,7.880730714514689,0.07036741444444444,7.036741444444444,8.311120833333334,0.08767916666666667,8.767916666666666
7.0%,0.07036741444444444,7.036741444444444,Nygaard2022,"TurbOPark, A=0.04",-24.0,-0.1,True,7.903254786987528,0.07036741444444444,7.036741444444444,8.278716666666666,0.08851666666666666,8.851666666666667
7.0%,0.07036741444444444,7.036741444444444,Nygaard2022,"TurbOPark, A=0.04",0.0,0.0,True,7.8876502715475,0.07036741444444444,7.036741444444444,8.230699999999999,0.08897083333333333,8.897083333333333
7.0%,0.07036741444444444,7.036741444444444,Nygaard2022,"TurbOPark, A=0.04",24.0,0.1,True,7.845054378917098,0.07036741444444444,7.036741444444444,8.165491666666668,0.08792916666666667,8.792916666666667
7.0%,0.07036741444444444,7.036741444444444,Nygaard2022,"TurbOPark, A=0.04",48.0,0.2,True,7.782839364124106,0.07036741444444444,7.036741444444444,8.1139125,0.08850833333333334,8.850833333333334
7.0%,0.07036741444444444,7.036741444444444,Nygaard2022,"TurbOPark, A=0.04",72.0,0.3,True,7.695810359274034,0.07036741444444444,7.036741444444444,8.055716666666665,0.08889583333333334,8.889583333333334
7.0%,0.07036741444444444,7.036741444444444,Nygaard2022,"TurbOPark, A=0.04",96.0,0.4,True,7.566960202469692,0.07036741444444444,7.036741444444444,8.002949999999998,0.09015000000000001,9.015
7.0%,0.07036741444444444,7.036741444444444,Nygaard2022,"TurbOPark, A=0.04",120.0,0.5,True,7.380584937136065,0.07036741444444444,7.036741444444444,7.941433333333333,0.08989583333333334,8.989583333333334
7.0%,0.07036741444444444,7.036741444444444,Nygaard2022,"TurbOPark, A=0.04",144.0,0.6,False,7.139948437640453,0.07036741444444444,7.036741444444444,7.907,0.08852916666666667,8.852916666666667
7.0%,0.07036741444444444,7.036741444444444,Nygaard2022,"TurbOPark, A=0.04",168.0,0.7,False,6.875218647261218,0.07036741444444444,7.036741444444444,7.879566666666667,0.08496666666666666,8.496666666666666
7.0%,0.07036741444444444,7.036741444444444,Nygaard2022,"TurbOPark, A=0.04",192.0,0.8,False,6.63550176289212,0.07036741444444444,7.036741444444444,7.8612416666666665,0.08377916666666665,8.377916666666666
7.0%,0.07036741444444444,7.036741444444444,Nygaard2022,"TurbOPark, A=0.04",216.0,0.9,False,6.472768247213862,0.07036741444444444,7.036741444444444,7.863154166666666,0.0841375,8.41375
7.0%,0.07036741444444444,7.036741444444444,Nygaard2022,"TurbOPark, A=0.04",240.0,1.0,False,6.426165578319081,0.07036741444444444,7.036741444444444,7.876083333333334,0.08429583333333333,8.429583333333333
7.0%,0.07036741444444444,7.036741444444444,Nygaard2022,"TurbOPark, A=0.04",264.0,1.1,False,6.510753502224319,0.07036741444444444,7.036741444444444,7.912141666666667,0.08600833333333334,8.600833333333334
7.0%,0.07036741444444444,7.036741444444444,Nygaard2022,"TurbOPark, A=0.04",288.0,1.2,False,6.711732844312776,0.07036741444444444,7.036741444444444,7.944470833333332,0.08690833333333334,8.690833333333334
7.0%,0.07036741444444444,7.036741444444444,Nygaard2022,"TurbOPark, A=0.04",312.0,1.3,False,6.984255772256683,0.07036741444444444,7.036741444444444,7.973508333333332,0.08917916666666667,8.917916666666667
7.0%,0.07036741444444444,7.036741444444444,Nygaard2022,"TurbOPark, A=0.04",336.0,1.4,False,7.259035423310332,0.07036741444444444,7.036741444444444,8.019754166666667,0.09156249999999999,9.15625
7.0%,0.07036741444444444,7.036741444444444,Nygaard2022,"TurbOPark, A=0.04",360.0,1.5,False,7.458335403408099,0.07036741444444444,7.036741444444444,8.084033333333332,0.092575,9.2575
7.0%,0.07036741444444444,7.036741444444444,Nygaard2022_A0.06,"TurbOPark, A=0.06",-360.0,-1.5,False,7.740878393820202,0.07036741444444444,7.036741444444444,8.250525,0.08638749999999999,8.63875
7.0%,0.07036741444444444,7.036741444444444,Nygaard2022_A0.06,"TurbOPark, A=0.06",-336.0,-1.4,False,7.835779728486331,0.07036741444444444,7.036741444444444,8.309354166666667,0.08389166666666667,8.389166666666666
7.0%,0.07036741444444444,7.036741444444444,Nygaard2022_A0.06,"TurbOPark, A=0.06",-312.0,-1.3,False,7.930301650011375,0.07036741444444444,7.036741444444444,8.357579166666667,0.08269166666666666,8.269166666666667
7.0%,0.07036741444444444,7.036741444444444,Nygaard2022_A0.06,"TurbOPark, A=0.06",-288.0,-1.2,False,8.007947426602335,0.07036741444444444,7.036741444444444,8.401245833333334,0.08210833333333334,8.210833333333333
7.0%,0.07036741444444444,7.036741444444444,Nygaard2022_A0.06,"TurbOPark, A=0.06",-264.0,-1.1,False,8.058578596037455,0.07036741444444444,7.036741444444444,8.435758333333332,0.08051666666666667,8.051666666666666
7.0%,0.07036741444444444,7.036741444444444,Nygaard2022_A0.06,"TurbOPark, A=0.06",-240.0,-1.0,False,8.082023604123908,0.07036741444444444,7.036741444444444,8.459054166666666,0.08015833333333333,8.015833333333333
7.0%,0.07036741444444444,7.036741444444444,Nygaard2022_A0.06,"TurbOPark, A=0.06",-216.0,-0.9,False,8.087037509551768,0.07036741444444444,7.036741444444444,8.46605,0.08128333333333333,8.128333333333334
7.0%,0.07036741444444444,7.036741444444444,Nygaard2022_A0.06,"TurbOPark, A=0.06",-192.0,-0.8,False,8.086228641736746,0.07036741444444444,7.036741444444444,8.452408333333334,0.08303333333333333,8.303333333333333
7.0%,0.07036741444444444,7.036741444444444,Nygaard2022_A0.06,"TurbOPark, A=0.06",-168.0,-0.7,False,8.090669966809239,0.07036741444444444,7.036741444444444,8.4568625,0.08290416666666667,8.290416666666667
7.0%,0.07036741444444444,7.036741444444444,Nygaard2022_A0.06,"TurbOPark, A=0.06",-144.0,-0.6,False,8.106794044491163,0.07036741444444444,7.036741444444444,8.445329166666667,0.08455833333333333,8.455833333333333
7.0%,0.07036741444444444,7.036741444444444,Nygaard2022_A0.06,"TurbOPark, A=0.06",-120.0,-0.5,True,8.135724256728105,0.07036741444444444,7.036741444444444,8.404791666666668,0.0869875,8.69875
7.0%,0.07036741444444444,7.036741444444444,Nygaard2022_A0.06,"TurbOPark, A=0.06",-96.0,-0.4,True,8.17413076760294,0.07036741444444444,7.036741444444444,8.363116666666667,0.08736250000000001,8.736250000000002
7.0%,0.07036741444444444,7.036741444444444,Nygaard2022_A0.06,"TurbOPark, A=0.06",-72.0,-0.3,True,8.215837003262523,0.07036741444444444,7.036741444444444,8.333958333333333,0.0874625,8.74625
7.0%,0.07036741444444444,7.036741444444444,Nygaard2022_A0.06,"TurbOPark, A=0.06",-48.0,-0.2,True,8.253566568648862,0.07036741444444444,7.036741444444444,8.311120833333334,0.08767916666666667,8.767916666666666
7.0%,0.07036741444444444,7.036741444444444,Nygaard2022_A0.06,"TurbOPark, A=0.06",-24.0,-0.1,True,8.280252439434662,0.07036741444444444,7.036741444444444,8.278716666666666,0.08851666666666666,8.851666666666667
7.0%,0.07036741444444444,7.036741444444444,Nygaard2022_A0.06,"TurbOPark, A=0.06",0.0,0.0,True,8.289328440152214,0.07036741444444444,7.036741444444444,8.230699999999999,0.08897083333333333,8.897083333333333
7.0%,0.07036741444444444,7.036741444444444,Nygaard2022_A0.06,"TurbOPark, A=0.06",24.0,0.1,True,8.273936522814473,0.07036741444444444,7.036741444444444,8.165491666666668,0.08792916666666667,8.792916666666667
7.0%,0.07036741444444444,7.036741444444444,Nygaard2022_A0.06,"TurbOPark, A=0.06",48.0,0.2,True,8.226269089784086,0.07036741444444444,7.036741444444444,8.1139125,0.08850833333333334,8.850833333333334
7.0%,0.07036741444444444,7.036741444444444,Nygaard2022_A0.06,"TurbOPark, A=0.06",72.0,0.3,True,8.138893237566197,0.07036741444444444,7.036741444444444,8.055716666666665,0.08889583333333334,8.889583333333334
7.0%,0.07036741444444444,7.036741444444444,Nygaard2022_A0.06,"TurbOPark, A=0.06",96.0,0.4,True,8.008796137434576,0.07036741444444444,7.036741444444444,8.002949999999998,0.09015000000000001,9.015
7.0%,0.07036741444444444,7.036741444444444,Nygaard2022_A0.06,"TurbOPark, A=0.06",120.0,0.5,True,7.841847090615234,0.07036741444444444,7.036741444444444,7.941433333333333,0.08989583333333334,8.989583333333334
7.0%,0.07036741444444444,7.036741444444444,Nygaard2022_A0.06,"TurbOPark, A=0.06",144.0,0.6,False,7.654170092314283,0.07036741444444444,7.036741444444444,7.907,0.08852916666666667,8.852916666666667
7.0%,0.07036741444444444,7.036741444444444,Nygaard2022_A0.06,"TurbOPark, A=0.06",168.0,0.7,False,7.469556344010988,0.07036741444444444,7.036741444444444,7.879566666666667,0.08496666666666666,8.496666666666666
7.0%,0.07036741444444444,7.036741444444444,Nygaard2022_A0.06,"TurbOPark, A=0.06",192.0,0.8,False,7.314543255338815,0.07036741444444444,7.036741444444444,7.8612416666666665,0.08377916666666665,8.377916666666666
7.0%,0.07036741444444444,7.036741444444444,Nygaard2022_A0.06,"TurbOPark, A=0.06",216.0,0.9,False,7.212880641980433,0.07036741444444444,7.036741444444444,7.863154166666666,0.0841375,8.41375
7.0%,0.07036741444444444,7.036741444444444,Nygaard2022_A0.06,"TurbOPark, A=0.06",240.0,1.0,False,7.180535900864129,0.07036741444444444,7.036741444444444,7.876083333333334,0.08429583333333333,8.429583333333333
7.0%,0.07036741444444444,7.036741444444444,Nygaard2022_A0.06,"TurbOPark, A=0.06",264.0,1.1,False,7.222021093654924,0.07036741444444444,7.036741444444444,7.912141666666667,0.08600833333333334,8.600833333333334
7.0%,0.07036741444444444,7.036741444444444,Nygaard2022_A0.06,"TurbOPark, A=0.06",288.0,1.2,False,7.32842478473349,0.07036741444444444,7.036741444444444,7.944470833333332,0.08690833333333334,8.690833333333334
7.0%,0.07036741444444444,7.036741444444444,Nygaard2022_A0.06,"TurbOPark, A=0.06",312.0,1.3,False,7.478017650334898,0.07036741444444444,7.036741444444444,7.973508333333332,0.08917916666666667,8.917916666666667
7.0%,0.07036741444444444,7.036741444444444,Nygaard2022_A0.06,"TurbOPark, A=0.06",336.0,1.4,False,7.639466671017643,0.07036741444444444,7.036741444444444,8.019754166666667,0.09156249999999999,9.15625
7.0%,0.07036741444444444,7.036741444444444,Nygaard2022_A0.06,"TurbOPark, A=0.06",360.0,1.5,False,7.778711908170104,0.07036741444444444,7.036741444444444,8.084033333333332,0.092575,9.2575
7.7%,0.07653482888888888,7.653482888888888,BPA2014,BPA,-360.0,-1.5,False,8.584001982335053,0.12389104224012884,12.389104224012884,8.250525,0.08638749999999999,8.63875
7.7%,0.07653482888888888,7.653482888888888,BPA2014,BPA,-336.0,-1.4,False,8.633340277205034,0.12389104224012884,12.389104224012884,8.309354166666667,0.08389166666666667,8.389166666666666
7.7%,0.07653482888888888,7.653482888888888,BPA2014,BPA,-312.0,-1.3,False,8.671119615832032,0.12389104224012884,12.389104224012884,8.357579166666667,0.08269166666666666,8.269166666666667
7.7%,0.07653482888888888,7.653482888888888,BPA2014,BPA,-288.0,-1.2,False,8.699951735555238,0.12389104224012884,12.389104224012884,8.401245833333334,0.08210833333333334,8.210833333333333
7.7%,0.07653482888888888,7.653482888888888,BPA2014,BPA,-264.0,-1.1,False,8.721890937113889,0.12389104224012884,12.389104224012884,8.435758333333332,0.08051666666666667,8.051666666666666
7.7%,0.07653482888888888,7.653482888888888,BPA2014,BPA,-240.0,-1.0,False,8.738329172264683,0.12389104224012884,12.389104224012884,8.459054166666666,0.08015833333333333,8.015833333333333
7.7%,0.07653482888888888,7.653482888888888,BPA2014,BPA,-216.0,-0.9,False,8.750010227940882,0.12389104224012884,12.389104224012884,8.46605,0.08128333333333333,8.128333333333334
7.7%,0.07653482888888888,7.653482888888888,BPA2014,BPA,-192.0,-0.8,False,8.757120651639463,0.12389104224012884,12.389104224012884,8.452408333333334,0.08303333333333333,8.303333333333333
7.7%,0.07653482888888888,7.653482888888888,BPA2014,BPA,-168.0,-0.7,False,8.75942144175614,0.12389104224012884,12.389104224012884,8.4568625,0.08290416666666667,8.290416666666667
7.7%,0.07653482888888888,7.653482888888888,BPA2014,BPA,-144.0,-0.6,False,8.756394980128311,0.12389104224012884,12.389104224012884,8.445329166666667,0.08455833333333333,8.455833333333333
7.7%,0.07653482888888888,7.653482888888888,BPA2014,BPA,-120.0,-0.5,True,8.747391888592398,0.13762608005725338,13.762608005725339,8.404791666666668,0.0869875,8.69875
7.7%,0.07653482888888888,7.653482888888888,BPA2014,BPA,-96.0,-0.4,True,8.731769983380039,0.13762608005725338,13.762608005725339,8.363116666666667,0.08736250000000001,8.736250000000002
7.7%,0.07653482888888888,7.653482888888888,BPA2014,BPA,-72.0,-0.3,True,8.709021543361846,0.13762608005725338,13.762608005725339,8.333958333333333,0.0874625,8.74625
7.7%,0.07653482888888888,7.653482888888888,BPA2014,BPA,-48.0,-0.2,True,8.67888616695546,0.13762608005725338,13.762608005725339,8.311120833333334,0.08767916666666667,8.767916666666666
7.7%,0.07653482888888888,7.653482888888888,BPA2014,BPA,-24.0,-0.1,True,8.641445647545329,0.13762608005725338,13.762608005725339,8.278716666666666,0.08851666666666666,8.851666666666667
7.7%,0.07653482888888888,7.653482888888888,BPA2014,BPA,0.0,0.0,True,8.59719576843331,0.13762608005725338,13.762608005725339,8.230699999999999,0.08897083333333333,8.897083333333333
7.7%,0.07653482888888888,7.653482888888888,BPA2014,BPA,24.0,0.1,True,8.547088766146908,0.13762608005725338,13.762608005725339,8.165491666666668,0.08792916666666667,8.792916666666667
7.7%,0.07653482888888888,7.653482888888888,BPA2014,BPA,48.0,0.2,True,8.492540184337614,0.13762608005725338,13.762608005725339,8.1139125,0.08850833333333334,8.850833333333334
7.7%,0.07653482888888888,7.653482888888888,BPA2014,BPA,72.0,0.3,True,8.43539532084195,0.13762608005725338,13.762608005725339,8.055716666666665,0.08889583333333334,8.889583333333334
7.7%,0.07653482888888888,7.653482888888888,BPA2014,BPA,96.0,0.4,True,8.377853469497676,0.13762608005725338,13.762608005725339,8.002949999999998,0.09015000000000001,9.015
7.7%,0.07653482888888888,7.653482888888888,BPA2014,BPA,120.0,0.5,True,8.322352350424428,0.13762608005725338,13.762608005725339,7.941433333333333,0.08989583333333334,8.989583333333334
7.7%,0.07653482888888888,7.653482888888888,BPA2014,BPA,144.0,0.6,False,8.271419908679846,0.13762608005725338,13.762608005725339,7.907,0.08852916666666667,8.852916666666667
7.7%,0.07653482888888888,7.653482888888888,BPA2014,BPA,168.0,0.7,False,8.22750526738669,0.13762608005725338,13.762608005725339,7.879566666666667,0.08496666666666666,8.496666666666666
7.7%,0.07653482888888888,7.653482888888888,BPA2014,BPA,192.0,0.8,False,8.192804228434696,0.13762608005725338,13.762608005725339,7.8612416666666665,0.08377916666666665,8.377916666666666
7.7%,0.07653482888888888,7.653482888888888,BPA2014,BPA,216.0,0.9,False,8.16909660522751,0.13762608005725338,13.762608005725339,7.863154166666666,0.0841375,8.41375
7.7%,0.07653482888888888,7.653482888888888,BPA2014,BPA,240.0,1.0,False,8.15761237481486,0.13762608005725338,13.762608005725339,7.876083333333334,0.08429583333333333,8.429583333333333
7.7%,0.07653482888888888,7.653482888888888,BPA2014,BPA,264.0,1.1,False,8.158941026514631,0.13762608005725338,13.762608005725339,7.912141666666667,0.08600833333333334,8.600833333333334
7.7%,0.07653482888888888,7.653482888888888,BPA2014,BPA,288.0,1.2,False,8.172993826470055,0.13762608005725338,13.762608005725339,7.944470833333332,0.08690833333333334,8.690833333333334
7.7%,0.07653482888888888,7.653482888888888,BPA2014,BPA,312.0,1.3,False,8.199022632168594,0.13762608005725338,13.762608005725339,7.973508333333332,0.08917916666666667,8.917916666666667
7.7%,0.07653482888888888,7.653482888888888,BPA2014,BPA,336.0,1.4,False,8.235692235659227,0.13762608005725338,13.762608005725339,8.019754166666667,0.09156249999999999,9.15625
7.7%,0.07653482888888888,7.653482888888888,BPA2014,BPA,360.0,1.5,False,8.281196903098051,0.13762608005725338,13.762608005725339,8.084033333333332,0.092575,9.2575
7.7%,0.07653482888888888,7.653482888888888,NPA2016,NPA,-360.0,-1.5,False,8.732998000593687,0.1371034471727493,13.71034471727493,8.250525,0.08638749999999999,8.63875
7.7%,0.07653482888888888,7.653482888888888,NPA2016,NPA,-336.0,-1.4,False,8.773269982315501,0.1371034471727493,13.71034471727493,8.309354166666667,0.08389166666666667,8.389166666666666
7.7%,0.07653482888888888,7.653482888888888,NPA2016,NPA,-312.0,-1.3,False,8.805264645909087,0.11195985187683624,11.195985187683624,8.357579166666667,0.08269166666666666,8.269166666666667
7.7%,0.07653482888888888,7.653482888888888,NPA2016,NPA,-288.0,-1.2,False,8.82937458802259,0.11195985187683624,11.195985187683624,8.401245833333334,0.08210833333333334,8.210833333333333
7.7%,0.07653482888888888,7.653482888888888,NPA2016,NPA,-264.0,-1.1,False,8.846199264438791,0.11195985187683624,11.195985187683624,8.435758333333332,0.08051666666666667,8.051666666666666
7.7%,0.07653482888888888,7.653482888888888,NPA2016,NPA,-240.0,-1.0,False,8.856474348223351,0.12272790581714169,12.272790581714169,8.459054166666666,0.08015833333333333,8.015833333333333
7.7%,0.07653482888888888,7.653482888888888,NPA2016,NPA,-216.0,-0.9,False,8.860971998467576,0.12272790581714169,12.272790581714169,8.46605,0.08128333333333333,8.128333333333334
7.7%,0.07653482888888888,7.653482888888888,NPA2016,NPA,-192.0,-0.8,False,8.860455905559508,0.12272790581714169,12.272790581714169,8.452408333333334,0.08303333333333333,8.303333333333333
7.7%,0.07653482888888888,7.653482888888888,NPA2016,NPA,-168.0,-0.7,False,8.855643888788745,0.12272790581714169,12.272790581714169,8.4568625,0.08290416666666667,8.290416666666667
7.7%,0.07653482888888888,7.653482888888888,NPA2016,NPA,-144.0,-0.6,False,8.847183638589886,0.12272790581714169,12.272790581714169,8.445329166666667,0.08455833333333333,8.455833333333333
7.7%,0.07653482888888888,7.653482888888888,NPA2016,NPA,-120.0,-0.5,True,8.83567478728201,0.12272790581714169,12.272790581714169,8.404791666666668,0.0869875,8.69875
7.7%,0.07653482888888888,7.653482888888888,NPA2016,NPA,-96.0,-0.4,True,8.821643629705745,0.12272790581714169,12.272790581714169,8.363116666666667,0.08736250000000001,8.736250000000002
7.7%,0.07653482888888888,7.653482888888888,NPA2016,NPA,-72.0,-0.3,True,8.805599726122354,0.12272790581714169,12.272790581714169,8.333958333333333,0.0874625,8.74625
7.7%,0.07653482888888888,7.653482888888888,NPA2016,NPA,-48.0,-0.2,True,8.78801621721079,0.12272790581714169,12.272790581714169,8.311120833333334,0.08767916666666667,8.767916666666666
7.7%,0.07653482888888888,7.653482888888888,NPA2016,NPA,-24.0,-0.1,True,8.76936877951401,0.12272790581714169,12.272790581714169,8.278716666666666,0.08851666666666666,8.851666666666667
7.7%,0.07653482888888888,7.653482888888888,NPA2016,NPA,0.0,0.0,True,8.750132548289306,0.12272790581714169,12.272790581714169,8.230699999999999,0.08897083333333333,8.897083333333333
7.7%,0.07653482888888888,7.653482888888888,NPA2016,NPA,24.0,0.1,True,8.730800548316854,0.12272790581714169,12.272790581714169,8.165491666666668,0.08792916666666667,8.792916666666667
7.7%,0.07653482888888888,7.653482888888888,NPA2016,NPA,48.0,0.2,True,8.71186391818495,0.12272790581714169,12.272790581714169,8.1139125,0.08850833333333334,8.850833333333334
7.7%,0.07653482888888888,7.653482888888888,NPA2016,NPA,72.0,0.3,True,8.693836511623037,0.12272790581714169,12.272790581714169,8.055716666666665,0.08889583333333334,8.889583333333334
7.7%,0.07653482888888888,7.653482888888888,NPA2016,NPA,96.0,0.4,True,8.677206068150346,0.12272790581714169,12.272790581714169,8.002949999999998,0.09015000000000001,9.015
7.7%,0.07653482888888888,7.653482888888888,NPA2016,NPA,120.0,0.5,True,8.662458562050976,0.12272790581714169,12.272790581714169,7.941433333333333,0.08989583333333334,8.989583333333334
7.7%,0.07653482888888888,7.653482888888888,NPA2016,NPA,144.0,0.6,False,8.650032768995178,0.12272790581714169,12.272790581714169,7.907,0.08852916666666667,8.852916666666667
7.7%,0.07653482888888888,7.653482888888888,NPA2016,NPA,168.0,0.7,False,8.640317527800521,0.12272790581714169,12.272790581714169,7.879566666666667,0.08496666666666666,8.496666666666666
7.7%,0.07653482888888888,7.653482888888888,NPA2016,NPA,192.0,0.8,False,8.63364054180507,0.12272790581714169,12.272790581714169,7.8612416666666665,0.08377916666666665,8.377916666666666
7.7%,0.07653482888888888,7.653482888888888,NPA2016,NPA,216.0,0.9,False,8.630232719008637,0.12272790581714169,12.272790581714169,7.863154166666666,0.0841375,8.41375
7.7%,0.07653482888888888,7.653482888888888,NPA2016,NPA,240.0,1.0,False,8.63025186217022,0.12272790581714169,12.272790581714169,7.876083333333334,0.08429583333333333,8.429583333333333
7.7%,0.07653482888888888,7.653482888888888,NPA2016,NPA,264.0,1.1,False,8.633726218410864,0.12272790581714169,12.272790581714169,7.912141666666667,0.08600833333333334,8.600833333333334
7.7%,0.07653482888888888,7.653482888888888,NPA2016,NPA,288.0,1.2,False,8.640602800737057,0.12272790581714169,12.272790581714169,7.944470833333332,0.08690833333333334,8.690833333333334
7.7%,0.07653482888888888,7.653482888888888,NPA2016,NPA,312.0,1.3,False,8.65070790056089,0.12272790581714169,12.272790581714169,7.973508333333332,0.08917916666666667,8.917916666666667
7.7%,0.07653482888888888,7.653482888888888,NPA2016,NPA,336.0,1.4,False,8.663762750008646,0.12272790581714169,12.272790581714169,8.019754166666667,0.09156249999999999,9.15625
7.7%,0.07653482888888888,7.653482888888888,NPA2016,NPA,360.0,1.5,False,8.679393435598595,0.12272790581714169,12.272790581714169,8.084033333333332,0.092575,9.2575
7.7%,0.07653482888888888,7.653482888888888,Nygaard2022,"TurbOPark, A=0.04",-360.0,-1.5,False,7.235742118844435,0.07653482888888888,7.653482888888888,8.250525,0.08638749999999999,8.63875
7.7%,0.07653482888888888,7.653482888888888,Nygaard2022,"TurbOPark, A=0.04",-336.0,-1.4,False,7.419428006721613,0.07653482888888888,7.653482888888888,8.309354166666667,0.08389166666666667,8.389166666666666
7.7%,0.07653482888888888,7.653482888888888,Nygaard2022,"TurbOPark, A=0.04",-312.0,-1.3,False,7.584480202928289,0.07653482888888888,7.653482888888888,8.357579166666667,0.08269166666666666,8.269166666666667
7.7%,0.07653482888888888,7.653482888888888,Nygaard2022,"TurbOPark, A=0.04",-288.0,-1.2,False,7.689507438872212,0.07653482888888888,7.653482888888888,8.401245833333334,0.08210833333333334,8.210833333333333
7.7%,0.07653482888888888,7.653482888888888,Nygaard2022,"TurbOPark, A=0.04",-264.0,-1.1,False,7.717042483577888,0.07653482888888888,7.653482888888888,8.435758333333332,0.08051666666666667,8.051666666666666
7.7%,0.07653482888888888,7.653482888888888,Nygaard2022,"TurbOPark, A=0.04",-240.0,-1.0,False,7.68344528438463,0.07653482888888888,7.653482888888888,8.459054166666666,0.08015833333333333,8.015833333333333
7.7%,0.07653482888888888,7.653482888888888,Nygaard2022,"TurbOPark, A=0.04",-216.0,-0.9,False,7.6259926308944825,0.07653482888888888,7.653482888888888,8.46605,0.08128333333333333,8.128333333333334
7.7%,0.07653482888888888,7.653482888888888,Nygaard2022,"TurbOPark, A=0.04",-192.0,-0.8,False,7.581252743877282,0.07653482888888888,7.653482888888888,8.452408333333334,0.08303333333333333,8.303333333333333
7.7%,0.07653482888888888,7.653482888888888,Nygaard2022,"TurbOPark, A=0.04",-168.0,-0.7,False,7.572489745677832,0.07653482888888888,7.653482888888888,8.4568625,0.08290416666666667,8.290416666666667
7.7%,0.07653482888888888,7.653482888888888,Nygaard2022,"TurbOPark, A=0.04",-144.0,-0.6,False,7.607084856547868,0.07653482888888888,7.653482888888888,8.445329166666667,0.08455833333333333,8.455833333333333
7.7%,0.07653482888888888,7.653482888888888,Nygaard2022,"TurbOPark, A=0.04",-120.0,-0.5,True,7.678334370294585,0.07653482888888888,7.653482888888888,8.404791666666668,0.0869875,8.69875
7.7%,0.07653482888888888,7.653482888888888,Nygaard2022,"TurbOPark, A=0.04",-96.0,-0.4,True,7.768952135512644,0.07653482888888888,7.653482888888888,8.363116666666667,0.08736250000000001,8.736250000000002
7.7%,0.07653482888888888,7.653482888888888,Nygaard2022,"TurbOPark, A=0.04",-72.0,-0.3,True,7.856192686247139,0.07653482888888888,7.653482888888888,8.333958333333333,0.0874625,8.74625
7.7%,0.07653482888888888,7.653482888888888,Nygaard2022,"TurbOPark, A=0.04",-48.0,-0.2,True,7.91903743043635,0.07653482888888888,7.653482888888888,8.311120833333334,0.08767916666666667,8.767916666666666
7.7%,0.07653482888888888,7.653482888888888,Nygaard2022,"TurbOPark, A=0.04",-24.0,-0.1,True,7.945819533705034,0.07653482888888888,7.653482888888888,8.278716666666666,0.08851666666666666,8.851666666666667
7.7%,0.07653482888888888,7.653482888888888,Nygaard2022,"TurbOPark, A=0.04",0.0,0.0,True,7.9373350375681575,0.07653482888888888,7.653482888888888,8.230699999999999,0.08897083333333333,8.897083333333333
7.7%,0.07653482888888888,7.653482888888888,Nygaard2022,"TurbOPark, A=0.04",24.0,0.1,True,7.901499143851594,0.07653482888888888,7.653482888888888,8.165491666666668,0.08792916666666667,8.792916666666667
7.7%,0.07653482888888888,7.653482888888888,Nygaard2022,"TurbOPark, A=0.04",48.0,0.2,True,7.842801174020803,0.07653482888888888,7.653482888888888,8.1139125,0.08850833333333334,8.850833333333334
7.7%,0.07653482888888888,7.653482888888888,Nygaard2022,"TurbOPark, A=0.04",72.0,0.3,True,7.754417145991093,0.07653482888888888,7.653482888888888,8.055716666666665,0.08889583333333334,8.889583333333334
7.7%,0.07653482888888888,7.653482888888888,Nygaard2022,"TurbOPark, A=0.04",96.0,0.4,True,7.6198410163354175,0.07653482888888888,7.653482888888888,8.002949999999998,0.09015000000000001,9.015
7.7%,0.07653482888888888,7.653482888888888,Nygaard2022,"TurbOPark, A=0.04",120.0,0.5,True,7.42585845792798,0.07653482888888888,7.653482888888888,7.941433333333333,0.08989583333333334,8.989583333333334
7.7%,0.07653482888888888,7.653482888888888,Nygaard2022,"TurbOPark, A=0.04",144.0,0.6,False,7.178815433199039,0.07653482888888888,7.653482888888888,7.907,0.08852916666666667,8.852916666666667
7.7%,0.07653482888888888,7.653482888888888,Nygaard2022,"TurbOPark, A=0.04",168.0,0.7,False,6.91047463695733,0.07653482888888888,7.653482888888888,7.879566666666667,0.08496666666666666,8.496666666666666
7.7%,0.07653482888888888,7.653482888888888,Nygaard2022,"TurbOPark, A=0.04",192.0,0.8,False,6.669531610542478,0.07653482888888888,7.653482888888888,7.8612416666666665,0.08377916666666665,8.377916666666666
7.7%,0.07653482888888888,7.653482888888888,Nygaard2022,"TurbOPark, A=0.04",216.0,0.9,False,6.506375696801909,0.07653482888888888,7.653482888888888,7.863154166666666,0.0841375,8.41375
7.7%,0.07653482888888888,7.653482888888888,Nygaard2022,"TurbOPark, A=0.04",240.0,1.0,False,6.458560666118638,0.07653482888888888,7.653482888888888,7.876083333333334,0.08429583333333333,8.429583333333333
7.7%,0.07653482888888888,7.653482888888888,Nygaard2022,"TurbOPark, A=0.04",264.0,1.1,False,6.540161741413637,0.07653482888888888,7.653482888888888,7.912141666666667,0.08600833333333334,8.600833333333334
7.7%,0.07653482888888888,7.653482888888888,Nygaard2022,"TurbOPark, A=0.04",288.0,1.2,False,6.73639479387941,0.07653482888888888,7.653482888888888,7.944470833333332,0.08690833333333334,8.690833333333334
7.7%,0.07653482888888888,7.653482888888888,Nygaard2022,"TurbOPark, A=0.04",312.0,1.3,False,7.003584499621184,0.07653482888888888,7.653482888888888,7.973508333333332,0.08917916666666667,8.917916666666667
7.7%,0.07653482888888888,7.653482888888888,Nygaard2022,"TurbOPark, A=0.04",336.0,1.4,False,7.274760605700318,0.07653482888888888,7.653482888888888,8.019754166666667,0.09156249999999999,9.15625
7.7%,0.07653482888888888,7.653482888888888,Nygaard2022,"TurbOPark, A=0.04",360.0,1.5,False,7.475020136499127,0.07653482888888888,7.653482888888888,8.084033333333332,0.092575,9.2575
7.7%,0.07653482888888888,7.653482888888888,Nygaard2022_A0.06,"TurbOPark, A=0.06",-360.0,-1.5,False,7.775206142875696,0.07653482888888888,7.653482888888888,8.250525,0.08638749999999999,8.63875
7.7%,0.07653482888888888,7.653482888888888,Nygaard2022_A0.06,"TurbOPark, A=0.06",-336.0,-1.4,False,7.8661159052392104,0.07653482888888888,7.653482888888888,8.309354166666667,0.08389166666666667,8.389166666666666
7.7%,0.07653482888888888,7.653482888888888,Nygaard2022_A0.06,"TurbOPark, A=0.06",-312.0,-1.3,False,7.9581631561660755,0.07653482888888888,7.653482888888888,8.357579166666667,0.08269166666666666,8.269166666666667
7.7%,0.07653482888888888,7.653482888888888,Nygaard2022_A0.06,"TurbOPark, A=0.06",-288.0,-1.2,False,8.035913144330472,0.07653482888888888,7.653482888888888,8.401245833333334,0.08210833333333334,8.210833333333333
7.7%,0.07653482888888888,7.653482888888888,Nygaard2022_A0.06,"TurbOPark, A=0.06",-264.0,-1.1,False,8.089402878430052,0.07653482888888888,7.653482888888888,8.435758333333332,0.08051666666666667,8.051666666666666
7.7%,0.07653482888888888,7.653482888888888,Nygaard2022_A0.06,"TurbOPark, A=0.06",-240.0,-1.0,False,8.117529188971789,0.07653482888888888,7.653482888888888,8.459054166666666,0.08015833333333333,8.015833333333333
7.7%,0.07653482888888888,7.653482888888888,Nygaard2022_A0.06,"TurbOPark, A=0.06",-216.0,-0.9,False,8.127445622217904,0.07653482888888888,7.653482888888888,8.46605,0.08128333333333333,8.128333333333334
7.7%,0.07653482888888888,7.653482888888888,Nygaard2022_A0.06,"TurbOPark, A=0.06",-192.0,-0.8,False,8.130325132564106,0.07653482888888888,7.653482888888888,8.452408333333334,0.08303333333333333,8.303333333333333
7.7%,0.07653482888888888,7.653482888888888,Nygaard2022_A0.06,"TurbOPark, A=0.06",-168.0,-0.7,False,8.13646684039173,0.07653482888888888,7.653482888888888,8.4568625,0.08290416666666667,8.290416666666667
7.7%,0.07653482888888888,7.653482888888888,Nygaard2022_A0.06,"TurbOPark, A=0.06",-144.0,-0.6,False,8.152227904042697,0.07653482888888888,7.653482888888888,8.445329166666667,0.08455833333333333,8.455833333333333
7.7%,0.07653482888888888,7.653482888888888,Nygaard2022_A0.06,"TurbOPark, A=0.06",-120.0,-0.5,True,8.179263593184594,0.07653482888888888,7.653482888888888,8.404791666666668,0.0869875,8.69875
7.7%,0.07653482888888888,7.653482888888888,Nygaard2022_A0.06,"TurbOPark, A=0.06",-96.0,-0.4,True,8.215166356202596,0.07653482888888888,7.653482888888888,8.363116666666667,0.08736250000000001,8.736250000000002
7.7%,0.07653482888888888,7.653482888888888,Nygaard2022_A0.06,"TurbOPark, A=0.06",-72.0,-0.3,True,8.254721048478931,0.07653482888888888,7.653482888888888,8.333958333333333,0.0874625,8.74625
7.7%,0.07653482888888888,7.653482888888888,Nygaard2022_A0.06,"TurbOPark, A=0.06",-48.0,-0.2,True,8.291415602672814,0.07653482888888888,7.653482888888888,8.311120833333334,0.08767916666666667,8.767916666666666
7.7%,0.07653482888888888,7.653482888888888,Nygaard2022_A0.06,"TurbOPark, A=0.06",-24.0,-0.1,True,8.31840443275301,0.07653482888888888,7.653482888888888,8.278716666666666,0.08851666666666666,8.851666666666667
7.7%,0.07653482888888888,7.653482888888888,Nygaard2022_A0.06,"TurbOPark, A=0.06",0.0,0.0,True,8.328630536220196,0.07653482888888888,7.653482888888888,8.230699999999999,0.08897083333333333,8.897083333333333
7.7%,0.07653482888888888,7.653482888888888,Nygaard2022_A0.06,"TurbOPark, A=0.06",24.0,0.1,True,8.314250372652976,0.07653482888888888,7.653482888888888,8.165491666666668,0.08792916666666667,8.792916666666667
7.7%,0.07653482888888888,7.653482888888888,Nygaard2022_A0.06,"TurbOPark, A=0.06",48.0,0.2,True,8.266453819492492,0.07653482888888888,7.653482888888888,8.1139125,0.08850833333333334,8.850833333333334
7.7%,0.07653482888888888,7.653482888888888,Nygaard2022_A0.06,"TurbOPark, A=0.06",72.0,0.3,True,8.177475729816479,0.07653482888888888,7.653482888888888,8.055716666666665,0.08889583333333334,8.889583333333334
7.7%,0.07653482888888888,7.653482888888888,Nygaard2022_A0.06,"TurbOPark, A=0.06",96.0,0.4,True,8.044928906020157,0.07653482888888888,7.653482888888888,8.002949999999998,0.09015000000000001,9.015
7.7%,0.07653482888888888,7.653482888888888,Nygaard2022_A0.06,"TurbOPark, A=0.06",120.0,0.5,True,7.875747596526235,0.07653482888888888,7.653482888888888,7.941433333333333,0.08989583333333334,8.989583333333334
7.7%,0.07653482888888888,7.653482888888888,Nygaard2022_A0.06,"TurbOPark, A=0.06",144.0,0.6,False,7.686792672309993,0.07653482888888888,7.653482888888888,7.907,0.08852916666666667,8.852916666666667
7.7%,0.07653482888888888,7.653482888888888,Nygaard2022_A0.06,"TurbOPark, A=0.06",168.0,0.7,False,7.501890283553971,0.07653482888888888,7.653482888888888,7.879566666666667,0.08496666666666666,8.496666666666666
7.7%,0.07653482888888888,7.653482888888888,Nygaard2022_A0.06,"TurbOPark, A=0.06",192.0,0.8,False,7.347014194984888,0.07653482888888888,7.653482888888888,7.8612416666666665,0.08377916666666665,8.377916666666666
7.7%,0.07653482888888888,7.653482888888888,Nygaard2022_A0.06,"TurbOPark, A=0.06",216.0,0.9,False,7.2451223205071384,0.07653482888888888,7.653482888888888,7.863154166666666,0.0841375,8.41375
7.7%,0.07653482888888888,7.653482888888888,Nygaard2022_A0.06,"TurbOPark, A=0.06",240.0,1.0,False,7.211524584268975,0.07653482888888888,7.653482888888888,7.876083333333334,0.08429583333333333,8.429583333333333
7.7%,0.07653482888888888,7.653482888888888,Nygaard2022_A0.06,"TurbOPark, A=0.06",264.0,1.1,False,7.250437273222042,0.07653482888888888,7.653482888888888,7.912141666666667,0.08600833333333334,8.600833333333334
7.7%,0.07653482888888888,7.653482888888888,Nygaard2022_A0.06,"TurbOPark, A=0.06",288.0,1.2,False,7.353274341981641,0.07653482888888888,7.653482888888888,7.944470833333332,0.08690833333333334,8.690833333333334
7.7%,0.07653482888888888,7.653482888888888,Nygaard2022_A0.06,"TurbOPark, A=0.06",312.0,1.3,False,7.499215695675414,0.07653482888888888,7.653482888888888,7.973508333333332,0.08917916666666667,8.917916666666667
7.7%,0.07653482888888888,7.653482888888888,Nygaard2022_A0.06,"TurbOPark, A=0.06",336.0,1.4,False,7.6583038727984,0.07653482888888888,7.653482888888888,8.019754166666667,0.09156249999999999,9.15625
7.7%,0.07653482888888888,7.653482888888888,Nygaard2022_A0.06,"TurbOPark, A=0.06",360.0,1.5,False,7.79790178732632,0.07653482888888888,7.653482888888888,8.084033333333332,0.092575,9.2575
8.3%,0.08270224333333333,8.270224333333333,BPA2014,BPA,-360.0,-1.5,False,8.584001982335053,0.12760634042378238,12.76063404237824,8.250525,0.08638749999999999,8.63875
8.3%,0.08270224333333333,8.270224333333333,BPA2014,BPA,-336.0,-1.4,False,8.633340277205034,0.12760634042378238,12.76063404237824,8.309354166666667,0.08389166666666667,8.389166666666666
8.3%,0.08270224333333333,8.270224333333333,BPA2014,BPA,-312.0,-1.3,False,8.671119615832032,0.12760634042378238,12.76063404237824,8.357579166666667,0.08269166666666666,8.269166666666667
8.3%,0.08270224333333333,8.270224333333333,BPA2014,BPA,-288.0,-1.2,False,8.699951735555238,0.12760634042378238,12.76063404237824,8.401245833333334,0.08210833333333334,8.210833333333333
8.3%,0.08270224333333333,8.270224333333333,BPA2014,BPA,-264.0,-1.1,False,8.721890937113889,0.12760634042378238,12.76063404237824,8.435758333333332,0.08051666666666667,8.051666666666666
8.3%,0.08270224333333333,8.270224333333333,BPA2014,BPA,-240.0,-1.0,False,8.738329172264683,0.12760634042378238,12.76063404237824,8.459054166666666,0.08015833333333333,8.015833333333333
8.3%,0.08270224333333333,8.270224333333333,BPA2014,BPA,-216.0,-0.9,False,8.750010227940882,0.12760634042378238,12.76063404237824,8.46605,0.08128333333333333,8.128333333333334
8.3%,0.08270224333333333,8.270224333333333,BPA2014,BPA,-192.0,-0.8,False,8.757120651639463,0.12760634042378238,12.76063404237824,8.452408333333334,0.08303333333333333,8.303333333333333
8.3%,0.08270224333333333,8.270224333333333,BPA2014,BPA,-168.0,-0.7,False,8.75942144175614,0.12760634042378238,12.76063404237824,8.4568625,0.08290416666666667,8.290416666666667
8.3%,0.08270224333333333,8.270224333333333,BPA2014,BPA,-144.0,-0.6,False,8.756394980128311,0.12760634042378238,12.76063404237824,8.445329166666667,0.08455833333333333,8.455833333333333
8.3%,0.08270224333333333,8.270224333333333,BPA2014,BPA,-120.0,-0.5,True,8.747391888592398,0.14091584919945305,14.091584919945305,8.404791666666668,0.0869875,8.69875
8.3%,0.08270224333333333,8.270224333333333,BPA2014,BPA,-96.0,-0.4,True,8.731769983380039,0.14091584919945305,14.091584919945305,8.363116666666667,0.08736250000000001,8.736250000000002
8.3%,0.08270224333333333,8.270224333333333,BPA2014,BPA,-72.0,-0.3,True,8.709021543361846,0.14091584919945305,14.091584919945305,8.333958333333333,0.0874625,8.74625
8.3%,0.08270224333333333,8.270224333333333,BPA2014,BPA,-48.0,-0.2,True,8.67888616695546,0.14091584919945305,14.091584919945305,8.311120833333334,0.08767916666666667,8.767916666666666
8.3%,0.08270224333333333,8.270224333333333,BPA2014,BPA,-24.0,-0.1,True,8.641445647545329,0.14091584919945305,14.091584919945305,8.278716666666666,0.08851666666666666,8.851666666666667
8.3%,0.08270224333333333,8.270224333333333,BPA2014,BPA,0.0,0.0,True,8.59719576843331,0.14091584919945305,14.091584919945305,8.230699999999999,0.08897083333333333,8.897083333333333
8.3%,0.08270224333333333,8.270224333333333,BPA2014,BPA,24.0,0.1,True,8.547088766146908,0.14091584919945305,14.091584919945305,8.165491666666668,0.08792916666666667,8.792916666666667
8.3%,0.08270224333333333,8.270224333333333,BPA2014,BPA,48.0,0.2,True,8.492540184337614,0.14091584919945305,14.091584919945305,8.1139125,0.08850833333333334,8.850833333333334
8.3%,0.08270224333333333,8.270224333333333,BPA2014,BPA,72.0,0.3,True,8.43539532084195,0.14091584919945305,14.091584919945305,8.055716666666665,0.08889583333333334,8.889583333333334
8.3%,0.08270224333333333,8.270224333333333,BPA2014,BPA,96.0,0.4,True,8.377853469497676,0.14091584919945305,14.091584919945305,8.002949999999998,0.09015000000000001,9.015
8.3%,0.08270224333333333,8.270224333333333,BPA2014,BPA,120.0,0.5,True,8.322352350424428,0.14091584919945305,14.091584919945305,7.941433333333333,0.08989583333333334,8.989583333333334
8.3%,0.08270224333333333,8.270224333333333,BPA2014,BPA,144.0,0.6,False,8.271419908679846,0.14091584919945305,14.091584919945305,7.907,0.08852916666666667,8.852916666666667
8.3%,0.08270224333333333,8.270224333333333,BPA2014,BPA,168.0,0.7,False,8.22750526738669,0.14091584919945305,14.091584919945305,7.879566666666667,0.08496666666666666,8.496666666666666
8.3%,0.08270224333333333,8.270224333333333,BPA2014,BPA,192.0,0.8,False,8.192804228434696,0.14091584919945305,14.091584919945305,7.8612416666666665,0.08377916666666665,8.377916666666666
8.3%,0.08270224333333333,8.270224333333333,BPA2014,BPA,216.0,0.9,False,8.16909660522751,0.14091584919945305,14.091584919945305,7.863154166666666,0.0841375,8.41375
8.3%,0.08270224333333333,8.270224333333333,BPA2014,BPA,240.0,1.0,False,8.15761237481486,0.14091584919945305,14.091584919945305,7.876083333333334,0.08429583333333333,8.429583333333333
8.3%,0.08270224333333333,8.270224333333333,BPA2014,BPA,264.0,1.1,False,8.158941026514631,0.14091584919945305,14.091584919945305,7.912141666666667,0.08600833333333334,8.600833333333334
8.3%,0.08270224333333333,8.270224333333333,BPA2014,BPA,288.0,1.2,False,8.172993826470055,0.14091584919945305,14.091584919945305,7.944470833333332,0.08690833333333334,8.690833333333334
8.3%,0.08270224333333333,8.270224333333333,BPA2014,BPA,312.0,1.3,False,8.199022632168594,0.14091584919945305,14.091584919945305,7.973508333333332,0.08917916666666667,8.917916666666667
8.3%,0.08270224333333333,8.270224333333333,BPA2014,BPA,336.0,1.4,False,8.235692235659227,0.14091584919945305,14.091584919945305,8.019754166666667,0.09156249999999999,9.15625
8.3%,0.08270224333333333,8.270224333333333,BPA2014,BPA,360.0,1.5,False,8.281196903098051,0.14091584919945305,14.091584919945305,8.084033333333332,0.092575,9.2575
8.3%,0.08270224333333333,8.270224333333333,NPA2016,NPA,-360.0,-1.5,False,8.749461667057906,0.1408695014675066,14.08695014675066,8.250525,0.08638749999999999,8.63875
8.3%,0.08270224333333333,8.270224333333333,NPA2016,NPA,-336.0,-1.4,False,8.788838975027012,0.1408695014675066,14.08695014675066,8.309354166666667,0.08389166666666667,8.389166666666666
8.3%,0.08270224333333333,8.270224333333333,NPA2016,NPA,-312.0,-1.3,False,8.8204160221556,0.1408695014675066,14.08695014675066,8.357579166666667,0.08269166666666666,8.269166666666667
8.3%,0.08270224333333333,8.270224333333333,NPA2016,NPA,-288.0,-1.2,False,8.844473520319806,0.11640652290272903,11.640652290272904,8.401245833333334,0.08210833333333334,8.210833333333333
8.3%,0.08270224333333333,8.270224333333333,NPA2016,NPA,-264.0,-1.1,False,8.861523260217206,0.12684730775965428,12.684730775965427,8.435758333333332,0.08051666666666667,8.051666666666666
8.3%,0.08270224333333333,8.270224333333333,NPA2016,NPA,-240.0,-1.0,False,8.872213518032009,0.12684730775965428,12.684730775965427,8.459054166666666,0.08015833333333333,8.015833333333333
8.3%,0.08270224333333333,8.270224333333333,NPA2016,NPA,-216.0,-0.9,False,8.877261827090196,0.12684730775965428,12.684730775965427,8.46605,0.08128333333333333,8.128333333333334
8.3%,0.08270224333333333,8.270224333333333,NPA2016,NPA,-192.0,-0.8,False,8.877391415019428,0.12684730775965428,12.684730775965427,8.452408333333334,0.08303333333333333,8.303333333333333
8.3%,0.08270224333333333,8.270224333333333,NPA2016,NPA,-168.0,-0.7,False,8.87329941249305,0.12684730775965428,12.684730775965427,8.4568625,0.08290416666666667,8.290416666666667
8.3%,0.08270224333333333,8.270224333333333,NPA2016,NPA,-144.0,-0.6,False,8.865646015583646,0.12684730775965428,12.684730775965427,8.445329166666667,0.08455833333333333,8.455833333333333
8.3%,0.08270224333333333,8.270224333333333,NPA2016,NPA,-120.0,-0.5,True,8.855021797222726,0.12684730775965428,12.684730775965427,8.404791666666668,0.0869875,8.69875
8.3%,0.08270224333333333,8.270224333333333,NPA2016,NPA,-96.0,-0.4,True,8.841978537573791,0.12684730775965428,12.684730775965427,8.363116666666667,0.08736250000000001,8.736250000000002
8.3%,0.08270224333333333,8.270224333333333,NPA2016,NPA,-72.0,-0.3,True,8.827025780871969,0.12684730775965428,12.684730775965427,8.333958333333333,0.0874625,8.74625
8.3%,0.08270224333333333,8.270224333333333,NPA2016,NPA,-48.0,-0.2,True,8.810646377822636,0.12684730775965428,12.684730775965427,8.311120833333334,0.08767916666666667,8.767916666666666
8.3%,0.08270224333333333,8.270224333333333,NPA2016,NPA,-24.0,-0.1,True,8.793308385742037,0.12684730775965428,12.684730775965427,8.278716666666666,0.08851666666666666,8.851666666666667
8.3%,0.08270224333333333,8.270224333333333,NPA2016,NPA,0.0,0.0,True,8.775473376325609,0.12684730775965428,12.684730775965427,8.230699999999999,0.08897083333333333,8.897083333333333
8.3%,0.08270224333333333,8.270224333333333,NPA2016,NPA,24.0,0.1,True,8.757604771615854,0.12684730775965428,12.684730775965427,8.165491666666668,0.08792916666666667,8.792916666666667
8.3%,0.08270224333333333,8.270224333333333,NPA2016,NPA,48.0,0.2,True,8.740162084816529,0.12684730775965428,12.684730775965427,8.1139125,0.08850833333333334,8.850833333333334
8.3%,0.08270224333333333,8.270224333333333,NPA2016,NPA,72.0,0.3,True,8.723606771169095,0.12684730775965428,12.684730775965427,8.055716666666665,0.08889583333333334,8.889583333333334
8.3%,0.08270224333333333,8.270224333333333,NPA2016,NPA,96.0,0.4,True,8.708384078833918,0.12684730775965428,12.684730775965427,8.002949999999998,0.09015000000000001,9.015
8.3%,0.08270224333333333,8.270224333333333,NPA2016,NPA,120.0,0.5,True,8.694915072928765,0.12684730775965428,12.684730775965427,7.941433333333333,0.08989583333333334,8.989583333333334
8.3%,0.08270224333333333,8.270224333333333,NPA2016,NPA,144.0,0.6,False,8.683591600172102,0.12684730775965428,12.684730775965427,7.907,0.08852916666666667,8.852916666666667
8.3%,0.08270224333333333,8.270224333333333,NPA2016,NPA,168.0,0.7,False,8.67475437940337,0.12684730775965428,12.684730775965427,7.879566666666667,0.08496666666666666,8.496666666666666
8.3%,0.08270224333333333,8.270224333333333,NPA2016,NPA,192.0,0.8,False,8.668675957803853,0.12684730775965428,12.684730775965427,7.8612416666666665,0.08377916666666665,8.377916666666666
8.3%,0.08270224333333333,8.270224333333333,NPA2016,NPA,216.0,0.9,False,8.665568313913225,0.12684730775965428,12.684730775965427,7.863154166666666,0.0841375,8.41375
8.3%,0.08270224333333333,8.270224333333333,NPA2016,NPA,240.0,1.0,False,8.665549402541282,0.12684730775965428,12.684730775965427,7.876083333333334,0.08429583333333333,8.429583333333333
8.3%,0.08270224333333333,8.270224333333333,NPA2016,NPA,264.0,1.1,False,8.668650741265921,0.12684730775965428,12.684730775965427,7.912141666666667,0.08600833333333334,8.600833333333334
8.3%,0.08270224333333333,8.270224333333333,NPA2016,NPA,288.0,1.2,False,8.674820225616273,0.12684730775965428,12.684730775965427,7.944470833333332,0.08690833333333334,8.690833333333334
8.3%,0.08270224333333333,8.270224333333333,NPA2016,NPA,312.0,1.3,False,8.683898617374693,0.12684730775965428,12.684730775965427,7.973508333333332,0.08917916666666667,8.917916666666667
8.3%,0.08270224333333333,8.270224333333333,NPA2016,NPA,336.0,1.4,False,8.695633784088116,0.12684730775965428,12.684730775965427,8.019754166666667,0.09156249999999999,9.15625
8.3%,0.08270224333333333,8.270224333333333,NPA2016,NPA,360.0,1.5,False,8.709689308597834,0.12684730775965428,12.684730775965427,8.084033333333332,0.092575,9.2575
8.3%,0.08270224333333333,8.270224333333333,Nygaard2022,"TurbOPark, A=0.04",-360.0,-1.5,False,7.271562834335109,0.08270224333333333,8.270224333333333,8.250525,0.08638749999999999,8.63875
8.3%,0.08270224333333333,8.270224333333333,Nygaard2022,"TurbOPark, A=0.04",-336.0,-1.4,False,7.448595071291555,0.08270224333333333,8.270224333333333,8.309354166666667,0.08389166666666667,8.389166666666666
8.3%,0.08270224333333333,8.270224333333333,Nygaard2022,"TurbOPark, A=0.04",-312.0,-1.3,False,7.6098518174771,0.08270224333333333,8.270224333333333,8.357579166666667,0.08269166666666666,8.269166666666667
8.3%,0.08270224333333333,8.270224333333333,Nygaard2022,"TurbOPark, A=0.04",-288.0,-1.2,False,7.71631723072085,0.08270224333333333,8.270224333333333,8.401245833333334,0.08210833333333334,8.210833333333333
8.3%,0.08270224333333333,8.270224333333333,Nygaard2022,"TurbOPark, A=0.04",-264.0,-1.1,False,7.7506294115944465,0.08270224333333333,8.270224333333333,8.435758333333332,0.08051666666666667,8.051666666666666
8.3%,0.08270224333333333,8.270224333333333,Nygaard2022,"TurbOPark, A=0.04",-240.0,-1.0,False,7.726456114107031,0.08270224333333333,8.270224333333333,8.459054166666666,0.08015833333333333,8.015833333333333
8.3%,0.08270224333333333,8.270224333333333,Nygaard2022,"TurbOPark, A=0.04",-216.0,-0.9,False,7.677608473682344,0.08270224333333333,8.270224333333333,8.46605,0.08128333333333333,8.128333333333334
8.3%,0.08270224333333333,8.270224333333333,Nygaard2022,"TurbOPark, A=0.04",-192.0,-0.8,False,7.638158596515897,0.08270224333333333,8.270224333333333,8.452408333333334,0.08303333333333333,8.303333333333333
8.3%,0.08270224333333333,8.270224333333333,Nygaard2022,"TurbOPark, A=0.04",-168.0,-0.7,False,7.630479040421662,0.08270224333333333,8.270224333333333,8.4568625,0.08290416666666667,8.290416666666667
8.3%,0.08270224333333333,8.270224333333333,Nygaard2022,"TurbOPark, A=0.04",-144.0,-0.6,False,7.66213773250851,0.08270224333333333,8.270224333333333,8.445329166666667,0.08455833333333333,8.455833333333333
8.3%,0.08270224333333333,8.270224333333333,Nygaard2022,"TurbOPark, A=0.04",-120.0,-0.5,True,7.727717624408902,0.08270224333333333,8.270224333333333,8.404791666666668,0.0869875,8.69875
8.3%,0.08270224333333333,8.270224333333333,Nygaard2022,"TurbOPark, A=0.04",-96.0,-0.4,True,7.811975829591169,0.08270224333333333,8.270224333333333,8.363116666666667,0.08736250000000001,8.736250000000002
8.3%,0.08270224333333333,8.270224333333333,Nygaard2022,"TurbOPark, A=0.04",-72.0,-0.3,True,7.894652143641061,0.08270224333333333,8.270224333333333,8.333958333333333,0.0874625,8.74625
8.3%,0.08270224333333333,8.270224333333333,Nygaard2022,"TurbOPark, A=0.04",-48.0,-0.2,True,7.956754502669874,0.08270224333333333,8.270224333333333,8.311120833333334,0.08767916666666667,8.767916666666666
8.3%,0.08270224333333333,8.270224333333333,Nygaard2022,"TurbOPark, A=0.04",-24.0,-0.1,True,7.987051813655377,0.08270224333333333,8.270224333333333,8.278716666666666,0.08851666666666666,8.851666666666667
8.3%,0.08270224333333333,8.270224333333333,Nygaard2022,"TurbOPark, A=0.04",0.0,0.0,True,7.984721311357026,0.08270224333333333,8.270224333333333,8.230699999999999,0.08897083333333333,8.897083333333333
8.3%,0.08270224333333333,8.270224333333333,Nygaard2022,"TurbOPark, A=0.04",24.0,0.1,True,7.954814356305896,0.08270224333333333,8.270224333333333,8.165491666666668,0.08792916666666667,8.792916666666667
8.3%,0.08270224333333333,8.270224333333333,Nygaard2022,"TurbOPark, A=0.04",48.0,0.2,True,7.8990835818929686,0.08270224333333333,8.270224333333333,8.1139125,0.08850833333333334,8.850833333333334
8.3%,0.08270224333333333,8.270224333333333,Nygaard2022,"TurbOPark, A=0.04",72.0,0.3,True,7.809274004476129,0.08270224333333333,8.270224333333333,8.055716666666665,0.08889583333333334,8.889583333333334
8.3%,0.08270224333333333,8.270224333333333,Nygaard2022,"TurbOPark, A=0.04",96.0,0.4,True,7.669461796198989,0.08270224333333333,8.270224333333333,8.002949999999998,0.09015000000000001,9.015
8.3%,0.08270224333333333,8.270224333333333,Nygaard2022,"TurbOPark, A=0.04",120.0,0.5,True,7.468863132958893,0.08270224333333333,8.270224333333333,7.941433333333333,0.08989583333333334,8.989583333333334
8.3%,0.08270224333333333,8.270224333333333,Nygaard2022,"TurbOPark, A=0.04",144.0,0.6,False,7.216560676696332,0.08270224333333333,8.270224333333333,7.907,0.08852916666666667,8.852916666666667
8.3%,0.08270224333333333,8.270224333333333,Nygaard2022,"TurbOPark, A=0.04",168.0,0.7,False,6.94561314543369,0.08270224333333333,8.270224333333333,7.879566666666667,0.08496666666666666,8.496666666666666
8.3%,0.08270224333333333,8.270224333333333,Nygaard2022,"TurbOPark, A=0.04",192.0,0.8,False,6.704150731031637,0.08270224333333333,8.270224333333333,7.8612416666666665,0.08377916666666665,8.377916666666666
8.3%,0.08270224333333333,8.270224333333333,Nygaard2022,"TurbOPark, A=0.04",216.0,0.9,False,6.540986284377912,0.08270224333333333,8.270224333333333,7.863154166666666,0.0841375,8.41375
8.3%,0.08270224333333333,8.270224333333333,Nygaard2022,"TurbOPark, A=0.04",240.0,1.0,False,6.492100016279261,0.08270224333333333,8.270224333333333,7.876083333333334,0.08429583333333333,8.429583333333333
8.3%,0.08270224333333333,8.270224333333333,Nygaard2022,"TurbOPark, A=0.04",264.0,1.1,False,6.570701065099948,0.08270224333333333,8.270224333333333,7.912141666666667,0.08600833333333334,8.600833333333334
8.3%,0.08270224333333333,8.270224333333333,Nygaard2022,"TurbOPark, A=0.04",288.0,1.2,False,6.762073123174216,0.08270224333333333,8.270224333333333,7.944470833333332,0.08690833333333334,8.690833333333334
8.3%,0.08270224333333333,8.270224333333333,Nygaard2022,"TurbOPark, A=0.04",312.0,1.3,False,7.023771072010891,0.08270224333333333,8.270224333333333,7.973508333333332,0.08917916666666667,8.917916666666667
8.3%,0.08270224333333333,8.270224333333333,Nygaard2022,"TurbOPark, A=0.04",336.0,1.4,False,7.291157491472628,0.08270224333333333,8.270224333333333,8.019754166666667,0.09156249999999999,9.15625
8.3%,0.08270224333333333,8.270224333333333,Nygaard2022,"TurbOPark, A=0.04",360.0,1.5,False,7.492102771399901,0.08270224333333333,8.270224333333333,8.084033333333332,0.092575,9.2575
8.3%,0.08270224333333333,8.270224333333333,Nygaard2022_A0.06,"TurbOPark, A=0.06",-360.0,-1.5,False,7.809803978498865,0.08270224333333333,8.270224333333333,8.250525,0.08638749999999999,8.63875
8.3%,0.08270224333333333,8.270224333333333,Nygaard2022_A0.06,"TurbOPark, A=0.06",-336.0,-1.4,False,7.896776578136382,0.08270224333333333,8.270224333333333,8.309354166666667,0.08389166666666667,8.389166666666666
8.3%,0.08270224333333333,8.270224333333333,Nygaard2022_A0.06,"TurbOPark, A=0.06",-312.0,-1.3,False,7.986209530940895,0.08270224333333333,8.270224333333333,8.357579166666667,0.08269166666666666,8.269166666666667
8.3%,0.08270224333333333,8.270224333333333,Nygaard2022_A0.06,"TurbOPark, A=0.06",-288.0,-1.2,False,8.063695462616339,0.08270224333333333,8.270224333333333,8.401245833333334,0.08210833333333334,8.210833333333333
8.3%,0.08270224333333333,8.270224333333333,Nygaard2022_A0.06,"TurbOPark, A=0.06",-264.0,-1.1,False,8.119491949745985,0.08270224333333333,8.270224333333333,8.435758333333332,0.08051666666666667,8.051666666666666
8.3%,0.08270224333333333,8.270224333333333,Nygaard2022_A0.06,"TurbOPark, A=0.06",-240.0,-1.0,False,8.151721736163655,0.08270224333333333,8.270224333333333,8.459054166666666,0.08015833333333333,8.015833333333333
8.3%,0.08270224333333333,8.270224333333333,Nygaard2022_A0.06,"TurbOPark, A=0.06",-216.0,-0.9,False,8.166119289390943,0.08270224333333333,8.270224333333333,8.46605,0.08128333333333333,8.128333333333334
8.3%,0.08270224333333333,8.270224333333333,Nygaard2022_A0.06,"TurbOPark, A=0.06",-192.0,-0.8,False,8.172487282327118,0.08270224333333333,8.270224333333333,8.452408333333334,0.08303333333333333,8.303333333333333
8.3%,0.08270224333333333,8.270224333333333,Nygaard2022_A0.06,"TurbOPark, A=0.06",-168.0,-0.7,False,8.180357074492736,0.08270224333333333,8.270224333333333,8.4568625,0.08290416666666667,8.290416666666667
8.3%,0.08270224333333333,8.270224333333333,Nygaard2022_A0.06,"TurbOPark, A=0.06",-144.0,-0.6,False,8.19596398386809,0.08270224333333333,8.270224333333333,8.445329166666667,0.08455833333333333,8.455833333333333
8.3%,0.08270224333333333,8.270224333333333,Nygaard2022_A0.06,"TurbOPark, A=0.06",-120.0,-0.5,True,8.221430192268082,0.08270224333333333,8.270224333333333,8.404791666666668,0.0869875,8.69875
8.3%,0.08270224333333333,8.270224333333333,Nygaard2022_A0.06,"TurbOPark, A=0.06",-96.0,-0.4,True,8.255070368988417,0.08270224333333333,8.270224333333333,8.363116666666667,0.08736250000000001,8.736250000000002
8.3%,0.08270224333333333,8.270224333333333,Nygaard2022_A0.06,"TurbOPark, A=0.06",-72.0,-0.3,True,8.292565220573556,0.08270224333333333,8.270224333333333,8.333958333333333,0.0874625,8.74625
8.3%,0.08270224333333333,8.270224333333333,Nygaard2022_A0.06,"TurbOPark, A=0.06",-48.0,-0.2,True,8.328063204844739,0.08270224333333333,8.270224333333333,8.311120833333334,0.08767916666666667,8.767916666666666
8.3%,0.08270224333333333,8.270224333333333,Nygaard2022_A0.06,"TurbOPark, A=0.06",-24.0,-0.1,True,8.354925200952664,0.08270224333333333,8.270224333333333,8.278716666666666,0.08851666666666666,8.851666666666667
8.3%,0.08270224333333333,8.270224333333333,Nygaard2022_A0.06,"TurbOPark, A=0.06",0.0,0.0,True,8.365723522934733,0.08270224333333333,8.270224333333333,8.230699999999999,0.08897083333333333,8.897083333333333
8.3%,0.08270224333333333,8.270224333333333,Nygaard2022_A0.06,"TurbOPark, A=0.06",24.0,0.1,True,8.3517855607775,0.08270224333333333,8.270224333333333,8.165491666666668,0.08792916666666667,8.792916666666667
8.3%,0.08270224333333333,8.270224333333333,Nygaard2022_A0.06,"TurbOPark, A=0.06",48.0,0.2,True,8.303539705951065,0.08270224333333333,8.270224333333333,8.1139125,0.08850833333333334,8.850833333333334
8.3%,0.08270224333333333,8.270224333333333,Nygaard2022_A0.06,"TurbOPark, A=0.06",72.0,0.3,True,8.213028513633585,0.08270224333333333,8.270224333333333,8.055716666666665,0.08889583333333334,8.889583333333334
8.3%,0.08270224333333333,8.270224333333333,Nygaard2022_A0.06,"TurbOPark, A=0.06",96.0,0.4,True,8.078495314468901,0.08270224333333333,8.270224333333333,8.002949999999998,0.09015000000000001,9.015
8.3%,0.08270224333333333,8.270224333333333,Nygaard2022_A0.06,"TurbOPark, A=0.06",120.0,0.5,True,7.907802398755697,0.08270224333333333,8.270224333333333,7.941433333333333,0.08989583333333334,8.989583333333334
8.3%,0.08270224333333333,8.270224333333333,Nygaard2022_A0.06,"TurbOPark, A=0.06",144.0,0.6,False,7.718358800563112,0.08270224333333333,8.270224333333333,7.907,0.08852916666666667,8.852916666666667
8.3%,0.08270224333333333,8.270224333333333,Nygaard2022_A0.06,"TurbOPark, A=0.06",168.0,0.7,False,7.533879082286547,0.08270224333333333,8.270224333333333,7.879566666666667,0.08496666666666666,8.496666666666666
8.3%,0.08270224333333333,8.270224333333333,Nygaard2022_A0.06,"TurbOPark, A=0.06",192.0,0.8,False,7.37969579669714,0.08270224333333333,8.270224333333333,7.8612416666666665,0.08377916666666665,8.377916666666666
8.3%,0.08270224333333333,8.270224333333333,Nygaard2022_A0.06,"TurbOPark, A=0.06",216.0,0.9,False,7.277964930131004,0.08270224333333333,8.270224333333333,7.863154166666666,0.0841375,8.41375
8.3%,0.08270224333333333,8.270224333333333,Nygaard2022_A0.06,"TurbOPark, A=0.06",240.0,1.0,False,7.243341704705975,0.08270224333333333,8.270224333333333,7.876083333333334,0.08429583333333333,8.429583333333333
8.3%,0.08270224333333333,8.270224333333333,Nygaard2022_A0.06,"TurbOPark, A=0.06",264.0,1.1,False,7.279791621817347,0.08270224333333333,8.270224333333333,7.912141666666667,0.08600833333333334,8.600833333333334
8.3%,0.08270224333333333,8.270224333333333,Nygaard2022_A0.06,"TurbOPark, A=0.06",288.0,1.2,False,7.379070827346217,0.08270224333333333,8.270224333333333,7.944470833333332,0.08690833333333334,8.690833333333334
8.3%,0.08270224333333333,8.270224333333333,Nygaard2022_A0.06,"TurbOPark, A=0.06",312.0,1.3,False,7.521272879168334,0.08270224333333333,8.270224333333333,7.973508333333332,0.08917916666666667,8.917916666666667
8.3%,0.08270224333333333,8.270224333333333,Nygaard2022_A0.06,"TurbOPark, A=0.06",336.0,1.4,False,7.677813179865304,0.08270224333333333,8.270224333333333,8.019754166666667,0.09156249999999999,9.15625
8.3%,0.08270224333333333,8.270224333333333,Nygaard2022_A0.06,"TurbOPark, A=0.06",360.0,1.5,False,7.8174522578562895,0.08270224333333333,8.270224333333333,8.084033333333332,0.092575,9.2575
8.9%,0.08886965777777778,8.886965777777778,BPA2014,BPA,-360.0,-1.5,False,8.584001982335053,0.13151990801702318,13.151990801702318,8.250525,0.08638749999999999,8.63875
8.9%,0.08886965777777778,8.886965777777778,BPA2014,BPA,-336.0,-1.4,False,8.633340277205034,0.13151990801702318,13.151990801702318,8.309354166666667,0.08389166666666667,8.389166666666666
8.9%,0.08886965777777778,8.886965777777778,BPA2014,BPA,-312.0,-1.3,False,8.671119615832032,0.13151990801702318,13.151990801702318,8.357579166666667,0.08269166666666666,8.269166666666667
8.9%,0.08886965777777778,8.886965777777778,BPA2014,BPA,-288.0,-1.2,False,8.699951735555238,0.13151990801702318,13.151990801702318,8.401245833333334,0.08210833333333334,8.210833333333333
8.9%,0.08886965777777778,8.886965777777778,BPA2014,BPA,-264.0,-1.1,False,8.721890937113889,0.13151990801702318,13.151990801702318,8.435758333333332,0.08051666666666667,8.051666666666666
8.9%,0.08886965777777778,8.886965777777778,BPA2014,BPA,-240.0,-1.0,False,8.738329172264683,0.13151990801702318,13.151990801702318,8.459054166666666,0.08015833333333333,8.015833333333333
8.9%,0.08886965777777778,8.886965777777778,BPA2014,BPA,-216.0,-0.9,False,8.750010227940882,0.13151990801702318,13.151990801702318,8.46605,0.08128333333333333,8.128333333333334
8.9%,0.08886965777777778,8.886965777777778,BPA2014,BPA,-192.0,-0.8,False,8.757120651639463,0.13151990801702318,13.151990801702318,8.452408333333334,0.08303333333333333,8.303333333333333
8.9%,0.08886965777777778,8.886965777777778,BPA2014,BPA,-168.0,-0.7,False,8.75942144175614,0.13151990801702318,13.151990801702318,8.4568625,0.08290416666666667,8.290416666666667
8.9%,0.08886965777777778,8.886965777777778,BPA2014,BPA,-144.0,-0.6,False,8.756394980128311,0.13151990801702318,13.151990801702318,8.445329166666667,0.08455833333333333,8.455833333333333
8.9%,0.08886965777777778,8.886965777777778,BPA2014,BPA,-120.0,-0.5,True,8.747391888592398,0.14441161808583974,14.441161808583974,8.404791666666668,0.0869875,8.69875
8.9%,0.08886965777777778,8.886965777777778,BPA2014,BPA,-96.0,-0.4,True,8.731769983380039,0.14441161808583974,14.441161808583974,8.363116666666667,0.08736250000000001,8.736250000000002
8.9%,0.08886965777777778,8.886965777777778,BPA2014,BPA,-72.0,-0.3,True,8.709021543361846,0.14441161808583974,14.441161808583974,8.333958333333333,0.0874625,8.74625
8.9%,0.08886965777777778,8.886965777777778,BPA2014,BPA,-48.0,-0.2,True,8.67888616695546,0.14441161808583974,14.441161808583974,8.311120833333334,0.08767916666666667,8.767916666666666
8.9%,0.08886965777777778,8.886965777777778,BPA2014,BPA,-24.0,-0.1,True,8.641445647545329,0.14441161808583974,14.441161808583974,8.278716666666666,0.08851666666666666,8.851666666666667
8.9%,0.08886965777777778,8.886965777777778,BPA2014,BPA,0.0,0.0,True,8.59719576843331,0.14441161808583974,14.441161808583974,8.230699999999999,0.08897083333333333,8.897083333333333
8.9%,0.08886965777777778,8.886965777777778,BPA2014,BPA,24.0,0.1,True,8.547088766146908,0.14441161808583974,14.441161808583974,8.165491666666668,0.08792916666666667,8.792916666666667
8.9%,0.08886965777777778,8.886965777777778,BPA2014,BPA,48.0,0.2,True,8.492540184337614,0.14441161808583974,14.441161808583974,8.1139125,0.08850833333333334,8.850833333333334
8.9%,0.08886965777777778,8.886965777777778,BPA2014,BPA,72.0,0.3,True,8.43539532084195,0.14441161808583974,14.441161808583974,8.055716666666665,0.08889583333333334,8.889583333333334
8.9%,0.08886965777777778,8.886965777777778,BPA2014,BPA,96.0,0.4,True,8.377853469497676,0.14441161808583974,14.441161808583974,8.002949999999998,0.09015000000000001,9.015
8.9%,0.08886965777777778,8.886965777777778,BPA2014,BPA,120.0,0.5,True,8.322352350424428,0.14441161808583974,14.441161808583974,7.941433333333333,0.08989583333333334,8.989583333333334
8.9%,0.08886965777777778,8.886965777777778,BPA2014,BPA,144.0,0.6,False,8.271419908679846,0.14441161808583974,14.441161808583974,7.907,0.08852916666666667,8.852916666666667
8.9%,0.08886965777777778,8.886965777777778,BPA2014,BPA,168.0,0.7,False,8.22750526738669,0.14441161808583974,14.441161808583974,7.879566666666667,0.08496666666666666,8.496666666666666
8.9%,0.08886965777777778,8.886965777777778,BPA2014,BPA,192.0,0.8,False,8.192804228434696,0.14441161808583974,14.441161808583974,7.8612416666666665,0.08377916666666665,8.377916666666666
8.9%,0.08886965777777778,8.886965777777778,BPA2014,BPA,216.0,0.9,False,8.16909660522751,0.14441161808583974,14.441161808583974,7.863154166666666,0.0841375,8.41375
8.9%,0.08886965777777778,8.886965777777778,BPA2014,BPA,240.0,1.0,False,8.15761237481486,0.14441161808583974,14.441161808583974,7.876083333333334,0.08429583333333333,8.429583333333333
8.9%,0.08886965777777778,8.886965777777778,BPA2014,BPA,264.0,1.1,False,8.158941026514631,0.14441161808583974,14.441161808583974,7.912141666666667,0.08600833333333334,8.600833333333334
8.9%,0.08886965777777778,8.886965777777778,BPA2014,BPA,288.0,1.2,False,8.172993826470055,0.14441161808583974,14.441161808583974,7.944470833333332,0.08690833333333334,8.690833333333334
8.9%,0.08886965777777778,8.886965777777778,BPA2014,BPA,312.0,1.3,False,8.199022632168594,0.14441161808583974,14.441161808583974,7.973508333333332,0.08917916666666667,8.917916666666667
8.9%,0.08886965777777778,8.886965777777778,BPA2014,BPA,336.0,1.4,False,8.235692235659227,0.14441161808583974,14.441161808583974,8.019754166666667,0.09156249999999999,9.15625
8.9%,0.08886965777777778,8.886965777777778,BPA2014,BPA,360.0,1.5,False,8.281196903098051,0.14441161808583974,14.441161808583974,8.084033333333332,0.092575,9.2575
8.9%,0.08886965777777778,8.886965777777778,NPA2016,NPA,-360.0,-1.5,False,8.764486446740595,0.14478522395137353,14.478522395137352,8.250525,0.08638749999999999,8.63875
8.9%,0.08886965777777778,8.886965777777778,NPA2016,NPA,-336.0,-1.4,False,8.802852500670307,0.14478522395137353,14.478522395137352,8.309354166666667,0.08389166666666667,8.389166666666666
8.9%,0.08886965777777778,8.886965777777778,NPA2016,NPA,-312.0,-1.3,False,8.833910620509032,0.14478522395137353,14.478522395137352,8.357579166666667,0.08269166666666666,8.269166666666667
8.9%,0.08886965777777778,8.886965777777778,NPA2016,NPA,-288.0,-1.2,False,8.857843941948476,0.12099490716531283,12.099490716531283,8.401245833333334,0.08210833333333334,8.210833333333333
8.9%,0.08886965777777778,8.886965777777778,NPA2016,NPA,-264.0,-1.1,False,8.875066911363948,0.13111558815116148,13.111558815116148,8.435758333333332,0.08051666666666667,8.051666666666666
8.9%,0.08886965777777778,8.886965777777778,NPA2016,NPA,-240.0,-1.0,False,8.886157954282332,0.13111558815116148,13.111558815116148,8.459054166666666,0.08015833333333333,8.015833333333333
8.9%,0.08886965777777778,8.886965777777778,NPA2016,NPA,-216.0,-0.9,False,8.891765519006388,0.13111558815116148,13.111558815116148,8.46605,0.08128333333333333,8.128333333333334
8.9%,0.08886965777777778,8.886965777777778,NPA2016,NPA,-192.0,-0.8,False,8.8925741662972,0.13111558815116148,13.111558815116148,8.452408333333334,0.08303333333333333,8.303333333333333
8.9%,0.08886965777777778,8.886965777777778,NPA2016,NPA,-168.0,-0.7,False,8.889262013197186,0.13111558815116148,13.111558815116148,8.4568625,0.08290416666666667,8.290416666666667
8.9%,0.08886965777777778,8.886965777777778,NPA2016,NPA,-144.0,-0.6,False,8.882465870731886,0.13111558815116148,13.111558815116148,8.445329166666667,0.08455833333333333,8.455833333333333
8.9%,0.08886965777777778,8.886965777777778,NPA2016,NPA,-120.0,-0.5,True,8.872785168053888,0.13111558815116148,13.111558815116148,8.404791666666668,0.0869875,8.69875
8.9%,0.08886965777777778,8.886965777777778,NPA2016,NPA,-96.0,-0.4,True,8.860773916592716,0.13111558815116148,13.111558815116148,8.363116666666667,0.08736250000000001,8.736250000000002
8.9%,0.08886965777777778,8.886965777777778,NPA2016,NPA,-72.0,-0.3,True,8.846944990894132,0.13111558815116148,13.111558815116148,8.333958333333333,0.0874625,8.74625
8.9%,0.08886965777777778,8.886965777777778,NPA2016,NPA,-48.0,-0.2,True,8.831779528249806,0.13111558815116148,13.111558815116148,8.311120833333334,0.08767916666666667,8.767916666666666
8.9%,0.08886965777777778,8.886965777777778,NPA2016,NPA,-24.0,-0.1,True,8.815742242150206,0.13111558815116148,13.111558815116148,8.278716666666666,0.08851666666666666,8.851666666666667
8.9%,0.08886965777777778,8.886965777777778,NPA2016,NPA,0.0,0.0,True,8.799277711233525,0.13111558815116148,13.111558815116148,8.230699999999999,0.08897083333333333,8.897083333333333
8.9%,0.08886965777777778,8.886965777777778,NPA2016,NPA,24.0,0.1,True,8.782824900210636,0.13111558815116148,13.111558815116148,8.165491666666668,0.08792916666666667,8.792916666666667
8.9%,0.08886965777777778,8.886965777777778,NPA2016,NPA,48.0,0.2,True,8.76681128343488,0.13111558815116148,13.111558815116148,8.1139125,0.08850833333333334,8.850833333333334
8.9%,0.08886965777777778,8.886965777777778,NPA2016,NPA,72.0,0.3,True,8.751653275401148,0.13111558815116148,13.111558815116148,8.055716666666665,0.08889583333333334,8.889583333333334
8.9%,0.08886965777777778,8.886965777777778,NPA2016,NPA,96.0,0.4,True,8.737752936040607,0.13111558815116148,13.111558815116148,8.002949999999998,0.09015000000000001,9.015
8.9%,0.08886965777777778,8.886965777777778,NPA2016,NPA,120.0,0.5,True,8.725485421790683,0.13111558815116148,13.111558815116148,7.941433333333333,0.08989583333333334,8.989583333333334
8.9%,0.08886965777777778,8.886965777777778,NPA2016,NPA,144.0,0.6,False,8.715194649781427,0.13111558815116148,13.111558815116148,7.907,0.08852916666666667,8.852916666666667
8.9%,0.08886965777777778,8.886965777777778,NPA2016,NPA,168.0,0.7,False,8.707175130399364,0.13111558815116148,13.111558815116148,7.879566666666667,0.08496666666666666,8.496666666666666
8.9%,0.08886965777777778,8.886965777777778,NPA2016,NPA,192.0,0.8,False,8.70166636254126,0.13111558815116148,13.111558815116148,7.8612416666666665,0.08377916666666665,8.377916666666666
8.9%,0.08886965777777778,8.886965777777778,NPA2016,NPA,216.0,0.9,False,8.698842937106098,0.13111558815116148,13.111558815116148,7.863154166666666,0.0841375,8.41375
8.9%,0.08886965777777778,8.886965777777778,NPA2016,NPA,240.0,1.0,False,8.698807453203372,0.13111558815116148,13.111558815116148,7.876083333333334,0.08429583333333333,8.429583333333333
8.9%,0.08886965777777778,8.886965777777778,NPA2016,NPA,264.0,1.1,False,8.701585298035962,0.13111558815116148,13.111558815116148,7.912141666666667,0.08600833333333334,8.600833333333334
8.9%,0.08886965777777778,8.886965777777778,NPA2016,NPA,288.0,1.2,False,8.707118879403602,0.13111558815116148,13.111558815116148,7.944470833333332,0.08690833333333334,8.690833333333334
8.9%,0.08886965777777778,8.886965777777778,NPA2016,NPA,312.0,1.3,False,8.715268825651119,0.13111558815116148,13.111558815116148,7.973508333333332,0.08917916666666667,8.917916666666667
8.9%,0.08886965777777778,8.886965777777778,NPA2016,NPA,336.0,1.4,False,8.725810467677576,0.13111558815116148,13.111558815116148,8.019754166666667,0.09156249999999999,9.15625
8.9%,0.08886965777777778,8.886965777777778,NPA2016,NPA,360.0,1.5,False,8.738430808565463,0.13111558815116148,13.111558815116148,8.084033333333332,0.092575,9.2575
8.9%,0.08886965777777778,8.886965777777778,Nygaard2022,"TurbOPark, A=0.04",-360.0,-1.5,False,7.307707349734989,0.08886965777777778,8.886965777777778,8.250525,0.08638749999999999,8.63875
8.9%,0.08886965777777778,8.886965777777778,Nygaard2022,"TurbOPark, A=0.04",-336.0,-1.4,False,7.478170231270948,0.08886965777777778,8.886965777777778,8.309354166666667,0.08389166666666667,8.389166666666666
8.9%,0.08886965777777778,8.886965777777778,Nygaard2022,"TurbOPark, A=0.04",-312.0,-1.3,False,7.635523209351345,0.08886965777777778,8.886965777777778,8.357579166666667,0.08269166666666666,8.269166666666667
8.9%,0.08886965777777778,8.886965777777778,Nygaard2022,"TurbOPark, A=0.04",-288.0,-1.2,False,7.743041514873411,0.08886965777777778,8.886965777777778,8.401245833333334,0.08210833333333334,8.210833333333333
8.9%,0.08886965777777778,8.886965777777778,Nygaard2022,"TurbOPark, A=0.04",-264.0,-1.1,False,7.783503894819429,0.08886965777777778,8.886965777777778,8.435758333333332,0.08051666666666667,8.051666666666666
8.9%,0.08886965777777778,8.886965777777778,Nygaard2022,"TurbOPark, A=0.04",-240.0,-1.0,False,7.768124417297887,0.08886965777777778,8.886965777777778,8.459054166666666,0.08015833333333333,8.015833333333333
8.9%,0.08886965777777778,8.886965777777778,Nygaard2022,"TurbOPark, A=0.04",-216.0,-0.9,False,7.727359980323512,0.08886965777777778,8.886965777777778,8.46605,0.08128333333333333,8.128333333333334
8.9%,0.08886965777777778,8.886965777777778,Nygaard2022,"TurbOPark, A=0.04",-192.0,-0.8,False,7.693034332515948,0.08886965777777778,8.886965777777778,8.452408333333334,0.08303333333333333,8.303333333333333
8.9%,0.08886965777777778,8.886965777777778,Nygaard2022,"TurbOPark, A=0.04",-168.0,-0.7,False,7.6864817627822655,0.08886965777777778,8.886965777777778,8.4568625,0.08290416666666667,8.290416666666667
8.9%,0.08886965777777778,8.886965777777778,Nygaard2022,"TurbOPark, A=0.04",-144.0,-0.6,False,7.715535368550428,0.08886965777777778,8.886965777777778,8.445329166666667,0.08455833333333333,8.455833333333333
8.9%,0.08886965777777778,8.886965777777778,Nygaard2022,"TurbOPark, A=0.04",-120.0,-0.5,True,7.7759071454137585,0.08886965777777778,8.886965777777778,8.404791666666668,0.0869875,8.69875
8.9%,0.08886965777777778,8.886965777777778,Nygaard2022,"TurbOPark, A=0.04",-96.0,-0.4,True,7.854290037319148,0.08886965777777778,8.886965777777778,8.363116666666667,0.08736250000000001,8.736250000000002
8.9%,0.08886965777777778,8.886965777777778,Nygaard2022,"TurbOPark, A=0.04",-72.0,-0.3,True,7.932629488396207,0.08886965777777778,8.886965777777778,8.333958333333333,0.0874625,8.74625
8.9%,0.08886965777777778,8.886965777777778,Nygaard2022,"TurbOPark, A=0.04",-48.0,-0.2,True,7.993762915285737,0.08886965777777778,8.886965777777778,8.311120833333334,0.08767916666666667,8.767916666666666
8.9%,0.08886965777777778,8.886965777777778,Nygaard2022,"TurbOPark, A=0.04",-24.0,-0.1,True,8.026904623478448,0.08886965777777778,8.886965777777778,8.278716666666666,0.08851666666666666,8.851666666666667
8.9%,0.08886965777777778,8.886965777777778,Nygaard2022,"TurbOPark, A=0.04",0.0,0.0,True,8.029822469315958,0.08886965777777778,8.886965777777778,8.230699999999999,0.08897083333333333,8.897083333333333
8.9%,0.08886965777777778,8.886965777777778,Nygaard2022,"TurbOPark, A=0.04",24.0,0.1,True,8.0050071258086,0.08886965777777778,8.886965777777778,8.165491666666668,0.08792916666666667,8.792916666666667
8.9%,0.08886965777777778,8.886965777777778,Nygaard2022,"TurbOPark, A=0.04",48.0,0.2,True,7.951756286884422,0.08886965777777778,8.886965777777778,8.1139125,0.08850833333333334,8.850833333333334
8.9%,0.08886965777777778,8.886965777777778,Nygaard2022,"TurbOPark, A=0.04",72.0,0.3,True,7.860495228766711,0.08886965777777778,8.886965777777778,8.055716666666665,0.08889583333333334,8.889583333333334
8.9%,0.08886965777777778,8.886965777777778,Nygaard2022,"TurbOPark, A=0.04",96.0,0.4,True,7.715963339852626,0.08886965777777778,8.886965777777778,8.002949999999998,0.09015000000000001,9.015
8.9%,0.08886965777777778,8.886965777777778,Nygaard2022,"TurbOPark, A=0.04",120.0,0.5,True,7.509645230108844,0.08886965777777778,8.886965777777778,7.941433333333333,0.08989583333333334,8.989583333333334
8.9%,0.08886965777777778,8.886965777777778,Nygaard2022,"TurbOPark, A=0.04",144.0,0.6,False,7.253165349878621,0.08886965777777778,8.886965777777778,7.907,0.08852916666666667,8.852916666666667
8.9%,0.08886965777777778,8.886965777777778,Nygaard2022,"TurbOPark, A=0.04",168.0,0.7,False,6.980522885814667,0.08886965777777778,8.886965777777778,7.879566666666667,0.08496666666666666,8.496666666666666
8.9%,0.08886965777777778,8.886965777777778,Nygaard2022,"TurbOPark, A=0.04",192.0,0.8,False,6.739185576796922,0.08886965777777778,8.886965777777778,7.8612416666666665,0.08377916666666665,8.377916666666666
8.9%,0.08886965777777778,8.886965777777778,Nygaard2022,"TurbOPark, A=0.04",216.0,0.9,False,6.576382586787158,0.08886965777777778,8.886965777777778,7.863154166666666,0.0841375,8.41375
8.9%,0.08886965777777778,8.886965777777778,Nygaard2022,"TurbOPark, A=0.04",240.0,1.0,False,6.526579060302062,0.08886965777777778,8.886965777777778,7.876083333333334,0.08429583333333333,8.429583333333333
8.9%,0.08886965777777778,8.886965777777778,Nygaard2022,"TurbOPark, A=0.04",264.0,1.1,False,6.602185149696243,0.08886965777777778,8.886965777777778,7.912141666666667,0.08600833333333334,8.600833333333334
8.9%,0.08886965777777778,8.886965777777778,Nygaard2022,"TurbOPark, A=0.04",288.0,1.2,False,6.788615100189409,0.08886965777777778,8.886965777777778,7.944470833333332,0.08690833333333334,8.690833333333334
8.9%,0.08886965777777778,8.886965777777778,Nygaard2022,"TurbOPark, A=0.04",312.0,1.3,False,7.044721271989683,0.08886965777777778,8.886965777777778,7.973508333333332,0.08917916666666667,8.917916666666667
8.9%,0.08886965777777778,8.886965777777778,Nygaard2022,"TurbOPark, A=0.04",336.0,1.4,False,7.308148121723262,0.08886965777777778,8.886965777777778,8.019754166666667,0.09156249999999999,9.15625
8.9%,0.08886965777777778,8.886965777777778,Nygaard2022,"TurbOPark, A=0.04",360.0,1.5,False,7.509512727091208,0.08886965777777778,8.886965777777778,8.084033333333332,0.092575,9.2575
8.9%,0.08886965777777778,8.886965777777778,Nygaard2022_A0.06,"TurbOPark, A=0.06",-360.0,-1.5,False,7.844497374494994,0.08886965777777778,8.886965777777778,8.250525,0.08638749999999999,8.63875
8.9%,0.08886965777777778,8.886965777777778,Nygaard2022_A0.06,"TurbOPark, A=0.06",-336.0,-1.4,False,7.9275857260371705,0.08886965777777778,8.886965777777778,8.309354166666667,0.08389166666666667,8.389166666666666
8.9%,0.08886965777777778,8.886965777777778,Nygaard2022_A0.06,"TurbOPark, A=0.06",-312.0,-1.3,False,8.014298045554748,0.08886965777777778,8.886965777777778,8.357579166666667,0.08269166666666666,8.269166666666667
8.9%,0.08886965777777778,8.886965777777778,Nygaard2022_A0.06,"TurbOPark, A=0.06",-288.0,-1.2,False,8.091183934063627,0.08886965777777778,8.886965777777778,8.401245833333334,0.08210833333333334,8.210833333333333
8.9%,0.08886965777777778,8.886965777777778,Nygaard2022_A0.06,"TurbOPark, A=0.06",-264.0,-1.1,False,8.148782506898174,0.08886965777777778,8.886965777777778,8.435758333333332,0.08051666666666667,8.051666666666666
8.9%,0.08886965777777778,8.886965777777778,Nygaard2022_A0.06,"TurbOPark, A=0.06",-240.0,-1.0,False,8.184560117691397,0.08886965777777778,8.886965777777778,8.459054166666666,0.08015833333333333,8.015833333333333
8.9%,0.08886965777777778,8.886965777777778,Nygaard2022_A0.06,"TurbOPark, A=0.06",-216.0,-0.9,False,8.20300364568546,0.08886965777777778,8.886965777777778,8.46605,0.08128333333333333,8.128333333333334
8.9%,0.08886965777777778,8.886965777777778,Nygaard2022_A0.06,"TurbOPark, A=0.06",-192.0,-0.8,False,8.212663119298316,0.08886965777777778,8.886965777777778,8.452408333333334,0.08303333333333333,8.303333333333333
8.9%,0.08886965777777778,8.886965777777778,Nygaard2022_A0.06,"TurbOPark, A=0.06",-168.0,-0.7,False,8.22226491719173,0.08886965777777778,8.886965777777778,8.4568625,0.08290416666666667,8.290416666666667
8.9%,0.08886965777777778,8.886965777777778,Nygaard2022_A0.06,"TurbOPark, A=0.06",-144.0,-0.6,False,8.237923272519323,0.08886965777777778,8.886965777777778,8.445329166666667,0.08455833333333333,8.455833333333333
8.9%,0.08886965777777778,8.886965777777778,Nygaard2022_A0.06,"TurbOPark, A=0.06",-120.0,-0.5,True,8.262072731132932,0.08886965777777778,8.886965777777778,8.404791666666668,0.0869875,8.69875
8.9%,0.08886965777777778,8.886965777777778,Nygaard2022_A0.06,"TurbOPark, A=0.06",-96.0,-0.4,True,8.293707681919443,0.08886965777777778,8.886965777777778,8.363116666666667,0.08736250000000001,8.736250000000002
8.9%,0.08886965777777778,8.886965777777778,Nygaard2022_A0.06,"TurbOPark, A=0.06",-72.0,-0.3,True,8.329247460793018,0.08886965777777778,8.886965777777778,8.333958333333333,0.0874625,8.74625
8.9%,0.08886965777777778,8.886965777777778,Nygaard2022_A0.06,"TurbOPark, A=0.06",-48.0,-0.2,True,8.3634279813664,0.08886965777777778,8.886965777777778,8.311120833333334,0.08767916666666667,8.767916666666666
8.9%,0.08886965777777778,8.886965777777778,Nygaard2022_A0.06,"TurbOPark, A=0.06",-24.0,-0.1,True,8.389806819103006,0.08886965777777778,8.886965777777778,8.278716666666666,0.08851666666666666,8.851666666666667
8.9%,0.08886965777777778,8.886965777777778,Nygaard2022_A0.06,"TurbOPark, A=0.06",0.0,0.0,True,8.400674639490868,0.08886965777777778,8.886965777777778,8.230699999999999,0.08897083333333333,8.897083333333333
8.9%,0.08886965777777778,8.886965777777778,Nygaard2022_A0.06,"TurbOPark, A=0.06",24.0,0.1,True,8.386711233455419,0.08886965777777778,8.886965777777778,8.165491666666668,0.08792916666666667,8.792916666666667
8.9%,0.08886965777777778,8.886965777777778,Nygaard2022_A0.06,"TurbOPark, A=0.06",48.0,0.2,True,8.337729874802644,0.08886965777777778,8.886965777777778,8.1139125,0.08850833333333334,8.850833333333334
8.9%,0.08886965777777778,8.886965777777778,Nygaard2022_A0.06,"TurbOPark, A=0.06",72.0,0.3,True,8.24576274114593,0.08886965777777778,8.886965777777778,8.055716666666665,0.08889583333333334,8.889583333333334
8.9%,0.08886965777777778,8.886965777777778,Nygaard2022_A0.06,"TurbOPark, A=0.06",96.0,0.4,True,8.109675282456836,0.08886965777777778,8.886965777777778,8.002949999999998,0.09015000000000001,9.015
8.9%,0.08886965777777778,8.886965777777778,Nygaard2022_A0.06,"TurbOPark, A=0.06",120.0,0.5,True,7.938128078835564,0.08886965777777778,8.886965777777778,7.941433333333333,0.08989583333333334,8.989583333333334
8.9%,0.08886965777777778,8.886965777777778,Nygaard2022_A0.06,"TurbOPark, A=0.06",144.0,0.6,False,7.748909916402286,0.08886965777777778,8.886965777777778,7.907,0.08852916666666667,8.852916666666667
8.9%,0.08886965777777778,8.886965777777778,Nygaard2022_A0.06,"TurbOPark, A=0.06",168.0,0.7,False,7.565478706153372,0.08886965777777778,8.886965777777778,7.879566666666667,0.08496666666666666,8.496666666666666
8.9%,0.08886965777777778,8.886965777777778,Nygaard2022_A0.06,"TurbOPark, A=0.06",192.0,0.8,False,7.412473262095009,0.08886965777777778,8.886965777777778,7.8612416666666665,0.08377916666666665,8.377916666666666
8.9%,0.08886965777777778,8.886965777777778,Nygaard2022_A0.06,"TurbOPark, A=0.06",216.0,0.9,False,7.31123383868854,0.08886965777777778,8.886965777777778,7.863154166666666,0.0841375,8.41375
8.9%,0.08886965777777778,8.886965777777778,Nygaard2022_A0.06,"TurbOPark, A=0.06",240.0,1.0,False,7.275786512334176,0.08886965777777778,8.886965777777778,7.876083333333334,0.08429583333333333,8.429583333333333
8.9%,0.08886965777777778,8.886965777777778,Nygaard2022_A0.06,"TurbOPark, A=0.06",264.0,1.1,False,7.309906259548772,0.08886965777777778,8.886965777777778,7.912141666666667,0.08600833333333334,8.600833333333334
8.9%,0.08886965777777778,8.886965777777778,Nygaard2022_A0.06,"TurbOPark, A=0.06",288.0,1.2,False,7.405677181615312,0.08886965777777778,8.886965777777778,7.944470833333332,0.08690833333333334,8.690833333333334
8.9%,0.08886965777777778,8.886965777777778,Nygaard2022_A0.06,"TurbOPark, A=0.06",312.0,1.3,False,7.544090754068306,0.08886965777777778,8.886965777777778,7.973508333333332,0.08917916666666667,8.917916666666667
8.9%,0.08886965777777778,8.886965777777778,Nygaard2022_A0.06,"TurbOPark, A=0.06",336.0,1.4,False,7.697906149419338,0.08886965777777778,8.886965777777778,8.019754166666667,0.09156249999999999,9.15625
8.9%,0.08886965777777778,8.886965777777778,Nygaard2022_A0.06,"TurbOPark, A=0.06",360.0,1.5,False,7.837264985847383,0.08886965777777778,8.886965777777778,8.084033333333332,0.092575,9.2575
9.5%,0.09503707222222221,9.503707222222221,BPA2014,BPA,-360.0,-1.5,False,8.584001982335053,0.13561272103944527,13.561272103944527,8.250525,0.08638749999999999,8.63875
9.5%,0.09503707222222221,9.503707222222221,BPA2014,BPA,-336.0,-1.4,False,8.633340277205034,0.13561272103944527,13.561272103944527,8.309354166666667,0.08389166666666667,8.389166666666666
9.5%,0.09503707222222221,9.503707222222221,BPA2014,BPA,-312.0,-1.3,False,8.671119615832032,0.13561272103944527,13.561272103944527,8.357579166666667,0.08269166666666666,8.269166666666667
9.5%,0.09503707222222221,9.503707222222221,BPA2014,BPA,-288.0,-1.2,False,8.699951735555238,0.13561272103944527,13.561272103944527,8.401245833333334,0.08210833333333334,8.210833333333333
9.5%,0.09503707222222221,9.503707222222221,BPA2014,BPA,-264.0,-1.1,False,8.721890937113889,0.13561272103944527,13.561272103944527,8.435758333333332,0.08051666666666667,8.051666666666666
9.5%,0.09503707222222221,9.503707222222221,BPA2014,BPA,-240.0,-1.0,False,8.738329172264683,0.13561272103944527,13.561272103944527,8.459054166666666,0.08015833333333333,8.015833333333333
9.5%,0.09503707222222221,9.503707222222221,BPA2014,BPA,-216.0,-0.9,False,8.750010227940882,0.13561272103944527,13.561272103944527,8.46605,0.08128333333333333,8.128333333333334
9.5%,0.09503707222222221,9.503707222222221,BPA2014,BPA,-192.0,-0.8,False,8.757120651639463,0.13561272103944527,13.561272103944527,8.452408333333334,0.08303333333333333,8.303333333333333
9.5%,0.09503707222222221,9.503707222222221,BPA2014,BPA,-168.0,-0.7,False,8.75942144175614,0.13561272103944527,13.561272103944527,8.4568625,0.08290416666666667,8.290416666666667
9.5%,0.09503707222222221,9.503707222222221,BPA2014,BPA,-144.0,-0.6,False,8.756394980128311,0.13561272103944527,13.561272103944527,8.445329166666667,0.08455833333333333,8.455833333333333
9.5%,0.09503707222222221,9.503707222222221,BPA2014,BPA,-120.0,-0.5,True,8.747391888592398,0.14809645211414849,14.809645211414848,8.404791666666668,0.0869875,8.69875
9.5%,0.09503707222222221,9.503707222222221,BPA2014,BPA,-96.0,-0.4,True,8.731769983380039,0.14809645211414849,14.809645211414848,8.363116666666667,0.08736250000000001,8.736250000000002
9.5%,0.09503707222222221,9.503707222222221,BPA2014,BPA,-72.0,-0.3,True,8.709021543361846,0.14809645211414849,14.809645211414848,8.333958333333333,0.0874625,8.74625
9.5%,0.09503707222222221,9.503707222222221,BPA2014,BPA,-48.0,-0.2,True,8.67888616695546,0.14809645211414849,14.809645211414848,8.311120833333334,0.08767916666666667,8.767916666666666
9.5%,0.09503707222222221,9.503707222222221,BPA2014,BPA,-24.0,-0.1,True,8.641445647545329,0.14809645211414849,14.809645211414848,8.278716666666666,0.08851666666666666,8.851666666666667
9.5%,0.09503707222222221,9.503707222222221,BPA2014,BPA,0.0,0.0,True,8.59719576843331,0.14809645211414849,14.809645211414848,8.230699999999999,0.08897083333333333,8.897083333333333
9.5%,0.09503707222222221,9.503707222222221,BPA2014,BPA,24.0,0.1,True,8.547088766146908,0.14809645211414849,14.809645211414848,8.165491666666668,0.08792916666666667,8.792916666666667
9.5%,0.09503707222222221,9.503707222222221,BPA2014,BPA,48.0,0.2,True,8.492540184337614,0.14809645211414849,14.809645211414848,8.1139125,0.08850833333333334,8.850833333333334
9.5%,0.09503707222222221,9.503707222222221,BPA2014,BPA,72.0,0.3,True,8.43539532084195,0.14809645211414849,14.809645211414848,8.055716666666665,0.08889583333333334,8.889583333333334
9.5%,0.09503707222222221,9.503707222222221,BPA2014,BPA,96.0,0.4,True,8.377853469497676,0.14809645211414849,14.809645211414848,8.002949999999998,0.09015000000000001,9.015
9.5%,0.09503707222222221,9.503707222222221,BPA2014,BPA,120.0,0.5,True,8.322352350424428,0.14809645211414849,14.809645211414848,7.941433333333333,0.08989583333333334,8.989583333333334
9.5%,0.09503707222222221,9.503707222222221,BPA2014,BPA,144.0,0.6,False,8.271419908679846,0.14809645211414849,14.809645211414848,7.907,0.08852916666666667,8.852916666666667
9.5%,0.09503707222222221,9.503707222222221,BPA2014,BPA,168.0,0.7,False,8.22750526738669,0.14809645211414849,14.809645211414848,7.879566666666667,0.08496666666666666,8.496666666666666
9.5%,0.09503707222222221,9.503707222222221,BPA2014,BPA,192.0,0.8,False,8.192804228434696,0.14809645211414849,14.809645211414848,7.8612416666666665,0.08377916666666665,8.377916666666666
9.5%,0.09503707222222221,9.503707222222221,BPA2014,BPA,216.0,0.9,False,8.16909660522751,0.14809645211414849,14.809645211414848,7.863154166666666,0.0841375,8.41375
9.5%,0.09503707222222221,9.503707222222221,BPA2014,BPA,240.0,1.0,False,8.15761237481486,0.14809645211414849,14.809645211414848,7.876083333333334,0.08429583333333333,8.429583333333333
9.5%,0.09503707222222221,9.503707222222221,BPA2014,BPA,264.0,1.1,False,8.158941026514631,0.14809645211414849,14.809645211414848,7.912141666666667,0.08600833333333334,8.600833333333334
9.5%,0.09503707222222221,9.503707222222221,BPA2014,BPA,288.0,1.2,False,8.172993826470055,0.14809645211414849,14.809645211414848,7.944470833333332,0.08690833333333334,8.690833333333334
9.5%,0.09503707222222221,9.503707222222221,BPA2014,BPA,312.0,1.3,False,8.199022632168594,0.14809645211414849,14.809645211414848,7.973508333333332,0.08917916666666667,8.917916666666667
9.5%,0.09503707222222221,9.503707222222221,BPA2014,BPA,336.0,1.4,False,8.235692235659227,0.14809645211414849,14.809645211414848,8.019754166666667,0.09156249999999999,9.15625
9.5%,0.09503707222222221,9.503707222222221,BPA2014,BPA,360.0,1.5,False,8.281196903098051,0.14809645211414849,14.809645211414848,8.084033333333332,0.092575,9.2575
9.5%,0.09503707222222221,9.503707222222221,NPA2016,NPA,-360.0,-1.5,False,8.778370566242845,0.14884072379304344,14.884072379304344,8.250525,0.08638749999999999,8.63875
9.5%,0.09503707222222221,9.503707222222221,NPA2016,NPA,-336.0,-1.4,False,8.815646420592492,0.14884072379304344,14.884072379304344,8.309354166666667,0.08389166666666667,8.389166666666666
9.5%,0.09503707222222221,9.503707222222221,NPA2016,NPA,-312.0,-1.3,False,8.846100127436493,0.14884072379304344,14.884072379304344,8.357579166666667,0.08269166666666666,8.269166666666667
9.5%,0.09503707222222221,9.503707222222221,NPA2016,NPA,-288.0,-1.2,False,8.86983826198968,0.1355201853254564,13.55201853254564,8.401245833333334,0.08210833333333334,8.210833333333333
9.5%,0.09503707222222221,9.503707222222221,NPA2016,NPA,-264.0,-1.1,False,8.887194450688725,0.1355201853254564,13.55201853254564,8.435758333333332,0.08051666666666667,8.051666666666666
9.5%,0.09503707222222221,9.503707222222221,NPA2016,NPA,-240.0,-1.0,False,8.898663905042724,0.1355201853254564,13.55201853254564,8.459054166666666,0.08015833333333333,8.015833333333333
9.5%,0.09503707222222221,9.503707222222221,NPA2016,NPA,-216.0,-0.9,False,8.904836494783876,0.1355201853254564,13.55201853254564,8.46605,0.08128333333333333,8.128333333333334
9.5%,0.09503707222222221,9.503707222222221,NPA2016,NPA,-192.0,-0.8,False,8.906349289373564,0.1355201853254564,13.55201853254564,8.452408333333334,0.08303333333333333,8.303333333333333
9.5%,0.09503707222222221,9.503707222222221,NPA2016,NPA,-168.0,-0.7,False,8.903846086461874,0.1355201853254564,13.55201853254564,8.4568625,0.08290416666666667,8.290416666666667
9.5%,0.09503707222222221,9.503707222222221,NPA2016,NPA,-144.0,-0.6,False,8.897949238321502,0.1355201853254564,13.55201853254564,8.445329166666667,0.08455833333333333,8.455833333333333
9.5%,0.09503707222222221,9.503707222222221,NPA2016,NPA,-120.0,-0.5,True,8.889250452922084,0.1355201853254564,13.55201853254564,8.404791666666668,0.0869875,8.69875
9.5%,0.09503707222222221,9.503707222222221,NPA2016,NPA,-96.0,-0.4,True,8.878299094284,0.1355201853254564,13.55201853254564,8.363116666666667,0.08736250000000001,8.736250000000002
9.5%,0.09503707222222221,9.503707222222221,NPA2016,NPA,-72.0,-0.3,True,8.865607653544036,0.1355201853254564,13.55201853254564,8.333958333333333,0.0874625,8.74625
9.5%,0.09503707222222221,9.503707222222221,NPA2016,NPA,-48.0,-0.2,True,8.851654342518989,0.1355201853254564,13.55201853254564,8.311120833333334,0.08767916666666667,8.767916666666666
9.5%,0.09503707222222221,9.503707222222221,NPA2016,NPA,-24.0,-0.1,True,8.836892192675851,0.1355201853254564,13.55201853254564,8.278716666666666,0.08851666666666666,8.851666666666667
9.5%,0.09503707222222221,9.503707222222221,NPA2016,NPA,0.0,0.0,True,8.821754129800569,0.1355201853254564,13.55201853254564,8.230699999999999,0.08897083333333333,8.897083333333333
9.5%,0.09503707222222221,9.503707222222221,NPA2016,NPA,24.0,0.1,True,8.806652765436395,0.1355201853254564,13.55201853254564,8.165491666666668,0.08792916666666667,8.792916666666667
9.5%,0.09503707222222221,9.503707222222221,NPA2016,NPA,48.0,0.2,True,8.791988061149413,0.1355201853254564,13.55201853254564,8.1139125,0.08850833333333334,8.850833333333334
9.5%,0.09503707222222221,9.503707222222221,NPA2016,NPA,72.0,0.3,True,8.778140344592476,0.1355201853254564,13.55201853254564,8.055716666666665,0.08889583333333334,8.889583333333334
9.5%,0.09503707222222221,9.503707222222221,NPA2016,NPA,96.0,0.4,True,8.765471315069098,0.1355201853254564,13.55201853254564,8.002949999999998,0.09015000000000001,9.015
9.5%,0.09503707222222221,9.503707222222221,NPA2016,NPA,120.0,0.5,True,8.754316162485512,0.1355201853254564,13.55201853254564,7.941433333333333,0.08989583333333334,8.989583333333334
9.5%,0.09503707222222221,9.503707222222221,NPA2016,NPA,144.0,0.6,False,8.744974297184427,0.1355201853254564,13.55201853254564,7.907,0.08852916666666667,8.852916666666667
9.5%,0.09503707222222221,9.503707222222221,NPA2016,NPA,168.0,0.7,False,8.73770623781956,0.1355201853254564,13.55201853254564,7.879566666666667,0.08496666666666666,8.496666666666666
9.5%,0.09503707222222221,9.503707222222221,NPA2016,NPA,192.0,0.8,False,8.732717709728638,0.1355201853254564,13.55201853254564,7.8612416666666665,0.08377916666666665,8.377916666666666
9.5%,0.09503707222222221,9.503707222222221,NPA2016,NPA,216.0,0.9,False,8.730158328249392,0.1355201853254564,13.55201853254564,7.863154166666666,0.0841375,8.41375
9.5%,0.09503707222222221,9.503707222222221,NPA2016,NPA,240.0,1.0,False,8.730112721773091,0.1355201853254564,13.55201853254564,7.876083333333334,0.08429583333333333,8.429583333333333
9.5%,0.09503707222222221,9.503707222222221,NPA2016,NPA,264.0,1.1,False,8.732598817355571,0.1355201853254564,13.55201853254564,7.912141666666667,0.08600833333333334,8.600833333333334
9.5%,0.09503707222222221,9.503707222222221,NPA2016,NPA,288.0,1.2,False,8.737562306833608,0.1355201853254564,13.55201853254564,7.944470833333332,0.08690833333333334,8.690833333333334
9.5%,0.09503707222222221,9.503707222222221,NPA2016,NPA,312.0,1.3,False,8.744874812542447,0.1355201853254564,13.55201853254564,7.973508333333332,0.08917916666666667,8.917916666666667
9.5%,0.09503707222222221,9.503707222222221,NPA2016,NPA,336.0,1.4,False,8.75433076513834,0.1355201853254564,13.55201853254564,8.019754166666667,0.09156249999999999,9.15625
9.5%,0.09503707222222221,9.503707222222221,NPA2016,NPA,360.0,1.5,False,8.765637009212696,0.1355201853254564,13.55201853254564,8.084033333333332,0.092575,9.2575
9.5%,0.09503707222222221,9.503707222222221,Nygaard2022,"TurbOPark, A=0.04",-360.0,-1.5,False,7.343980055041773,0.09503707222222221,9.503707222222221,8.250525,0.08638749999999999,8.63875
9.5%,0.09503707222222221,9.503707222222221,Nygaard2022,"TurbOPark, A=0.04",-336.0,-1.4,False,7.507993212090522,0.09503707222222221,9.503707222222221,8.309354166666667,0.08389166666666667,8.389166666666666
9.5%,0.09503707222222221,9.503707222222221,Nygaard2022,"TurbOPark, A=0.04",-312.0,-1.3,False,7.661390585466127,0.09503707222222221,9.503707222222221,8.357579166666667,0.08269166666666666,8.269166666666667
9.5%,0.09503707222222221,9.503707222222221,Nygaard2022,"TurbOPark, A=0.04",-288.0,-1.2,False,7.769596709062528,0.09503707222222221,9.503707222222221,8.401245833333334,0.08210833333333334,8.210833333333333
9.5%,0.09503707222222221,9.503707222222221,Nygaard2022,"TurbOPark, A=0.04",-264.0,-1.1,False,7.815589476116316,0.09503707222222221,9.503707222222221,8.435758333333332,0.08051666666666667,8.051666666666666
9.5%,0.09503707222222221,9.503707222222221,Nygaard2022,"TurbOPark, A=0.04",-240.0,-1.0,False,7.808340672281767,0.09503707222222221,9.503707222222221,8.459054166666666,0.08015833333333333,8.015833333333333
9.5%,0.09503707222222221,9.503707222222221,Nygaard2022,"TurbOPark, A=0.04",-216.0,-0.9,False,7.775227662758482,0.09503707222222221,9.503707222222221,8.46605,0.08128333333333333,8.128333333333334
9.5%,0.09503707222222221,9.503707222222221,Nygaard2022,"TurbOPark, A=0.04",-192.0,-0.8,False,7.745771877394018,0.09503707222222221,9.503707222222221,8.452408333333334,0.08303333333333333,8.303333333333333
9.5%,0.09503707222222221,9.503707222222221,Nygaard2022,"TurbOPark, A=0.04",-168.0,-0.7,False,7.74041007805724,0.09503707222222221,9.503707222222221,8.4568625,0.08290416666666667,8.290416666666667
9.5%,0.09503707222222221,9.503707222222221,Nygaard2022,"TurbOPark, A=0.04",-144.0,-0.6,False,7.767169860115812,0.09503707222222221,9.503707222222221,8.445329166666667,0.08455833333333333,8.455833333333333
9.5%,0.09503707222222221,9.503707222222221,Nygaard2022,"TurbOPark, A=0.04",-120.0,-0.5,True,7.82282196691359,0.09503707222222221,9.503707222222221,8.404791666666668,0.0869875,8.69875
9.5%,0.09503707222222221,9.503707222222221,Nygaard2022,"TurbOPark, A=0.04",-96.0,-0.4,True,7.895764394511541,0.09503707222222221,9.503707222222221,8.363116666666667,0.08736250000000001,8.736250000000002
9.5%,0.09503707222222221,9.503707222222221,Nygaard2022,"TurbOPark, A=0.04",-72.0,-0.3,True,7.9699942836206175,0.09503707222222221,9.503707222222221,8.333958333333333,0.0874625,8.74625
9.5%,0.09503707222222221,9.503707222222221,Nygaard2022,"TurbOPark, A=0.04",-48.0,-0.2,True,8.02997871941823,0.09503707222222221,9.503707222222221,8.311120833333334,0.08767916666666667,8.767916666666666
9.5%,0.09503707222222221,9.503707222222221,Nygaard2022,"TurbOPark, A=0.04",-24.0,-0.1,True,8.065347058896098,0.09503707222222221,9.503707222222221,8.278716666666666,0.08851666666666666,8.851666666666667
9.5%,0.09503707222222221,9.503707222222221,Nygaard2022,"TurbOPark, A=0.04",0.0,0.0,True,8.072687209868626,0.09503707222222221,9.503707222222221,8.230699999999999,0.08897083333333333,8.897083333333333
9.5%,0.09503707222222221,9.503707222222221,Nygaard2022,"TurbOPark, A=0.04",24.0,0.1,True,8.05221099843327,0.09503707222222221,9.503707222222221,8.165491666666668,0.08792916666666667,8.792916666666667
9.5%,0.09503707222222221,9.503707222222221,Nygaard2022,"TurbOPark, A=0.04",48.0,0.2,True,8.000953868703293,0.09503707222222221,9.503707222222221,8.1139125,0.08850833333333334,8.850833333333334
9.5%,0.09503707222222221,9.503707222222221,Nygaard2022,"TurbOPark, A=0.04",72.0,0.3,True,7.908232344763374,0.09503707222222221,9.503707222222221,8.055716666666665,0.08889583333333334,8.889583333333334
9.5%,0.09503707222222221,9.503707222222221,Nygaard2022,"TurbOPark, A=0.04",96.0,0.4,True,7.759429210948827,0.09503707222222221,9.503707222222221,8.002949999999998,0.09015000000000001,9.015
9.5%,0.09503707222222221,9.503707222222221,Nygaard2022,"TurbOPark, A=0.04",120.0,0.5,True,7.54830084716197,0.09503707222222221,9.503707222222221,7.941433333333333,0.08989583333333334,8.989583333333334
9.5%,0.09503707222222221,9.503707222222221,Nygaard2022,"TurbOPark, A=0.04",144.0,0.6,False,7.288622513298644,0.09503707222222221,9.503707222222221,7.907,0.08852916666666667,8.852916666666667
9.5%,0.09503707222222221,9.503707222222221,Nygaard2022,"TurbOPark, A=0.04",168.0,0.7,False,7.015153315471995,0.09503707222222221,9.503707222222221,7.879566666666667,0.08496666666666666,8.496666666666666
9.5%,0.09503707222222221,9.503707222222221,Nygaard2022,"TurbOPark, A=0.04",192.0,0.8,False,6.774484921639559,0.09503707222222221,9.503707222222221,7.8612416666666665,0.08377916666666665,8.377916666666666
9.5%,0.09503707222222221,9.503707222222221,Nygaard2022,"TurbOPark, A=0.04",216.0,0.9,False,6.612379409571947,0.09503707222222221,9.503707222222221,7.863154166666666,0.0841375,8.41375
9.5%,0.09503707222222221,9.503707222222221,Nygaard2022,"TurbOPark, A=0.04",240.0,1.0,False,6.561807858958693,0.09503707222222221,9.503707222222221,7.876083333333334,0.08429583333333333,8.429583333333333
9.5%,0.09503707222222221,9.503707222222221,Nygaard2022,"TurbOPark, A=0.04",264.0,1.1,False,6.6344442001609965,0.09503707222222221,9.503707222222221,7.912141666666667,0.08600833333333334,8.600833333333334
9.5%,0.09503707222222221,9.503707222222221,Nygaard2022,"TurbOPark, A=0.04",288.0,1.2,False,6.815894954634542,0.09503707222222221,9.503707222222221,7.944470833333332,0.08690833333333334,8.690833333333334
9.5%,0.09503707222222221,9.503707222222221,Nygaard2022,"TurbOPark, A=0.04",312.0,1.3,False,7.066338436121287,0.09503707222222221,9.503707222222221,7.973508333333332,0.08917916666666667,8.917916666666667
9.5%,0.09503707222222221,9.503707222222221,Nygaard2022,"TurbOPark, A=0.04",336.0,1.4,False,7.325647651365069,0.09503707222222221,9.503707222222221,8.019754166666667,0.09156249999999999,9.15625
9.5%,0.09503707222222221,9.503707222222221,Nygaard2022,"TurbOPark, A=0.04",360.0,1.5,False,7.5271718618247085,0.09503707222222221,9.503707222222221,8.084033333333332,0.092575,9.2575
9.5%,0.09503707222222221,9.503707222222221,Nygaard2022_A0.06,"TurbOPark, A=0.06",-360.0,-1.5,False,7.879059198577226,0.09503707222222221,9.503707222222221,8.250525,0.08638749999999999,8.63875
9.5%,0.09503707222222221,9.503707222222221,Nygaard2022_A0.06,"TurbOPark, A=0.06",-336.0,-1.4,False,7.9583885302154345,0.09503707222222221,9.503707222222221,8.309354166666667,0.08389166666666667,8.389166666666666
9.5%,0.09503707222222221,9.503707222222221,Nygaard2022_A0.06,"TurbOPark, A=0.06",-312.0,-1.3,False,8.04230151619954,0.09503707222222221,9.503707222222221,8.357579166666667,0.08269166666666666,8.269166666666667
9.5%,0.09503707222222221,9.503707222222221,Nygaard2022_A0.06,"TurbOPark, A=0.06",-288.0,-1.2,False,8.118302209104982,0.09503707222222221,9.503707222222221,8.401245833333334,0.08210833333333334,8.210833333333333
9.5%,0.09503707222222221,9.503707222222221,Nygaard2022_A0.06,"TurbOPark, A=0.06",-264.0,-1.1,False,8.177235541907152,0.09503707222222221,9.503707222222221,8.435758333333332,0.08051666666666667,8.051666666666666
9.5%,0.09503707222222221,9.503707222222221,Nygaard2022_A0.06,"TurbOPark, A=0.06",-240.0,-1.0,False,8.216059872345326,0.09503707222222221,9.503707222222221,8.459054166666666,0.08015833333333333,8.015833333333333
9.5%,0.09503707222222221,9.503707222222221,Nygaard2022_A0.06,"TurbOPark, A=0.06",-216.0,-0.9,False,8.238130935774771,0.09503707222222221,9.503707222222221,8.46605,0.08128333333333333,8.128333333333334
9.5%,0.09503707222222221,9.503707222222221,Nygaard2022_A0.06,"TurbOPark, A=0.06",-192.0,-0.8,False,8.250842939401734,0.09503707222222221,9.503707222222221,8.452408333333334,0.08303333333333333,8.303333333333333
9.5%,0.09503707222222221,9.503707222222221,Nygaard2022_A0.06,"TurbOPark, A=0.06",-168.0,-0.7,False,8.262172527809462,0.09503707222222221,9.503707222222221,8.4568625,0.08290416666666667,8.290416666666667
9.5%,0.09503707222222221,9.503707222222221,Nygaard2022_A0.06,"TurbOPark, A=0.06",-144.0,-0.6,False,8.278031698127934,0.09503707222222221,9.503707222222221,8.445329166666667,0.08455833333333333,8.455833333333333
9.5%,0.09503707222222221,9.503707222222221,Nygaard2022_A0.06,"TurbOPark, A=0.06",-120.0,-0.5,True,8.301117434297131,0.09503707222222221,9.503707222222221,8.404791666666668,0.0869875,8.69875
9.5%,0.09503707222222221,9.503707222222221,Nygaard2022_A0.06,"TurbOPark, A=0.06",-96.0,-0.4,True,8.330990319519373,0.09503707222222221,9.503707222222221,8.363116666666667,0.08736250000000001,8.736250000000002
9.5%,0.09503707222222221,9.503707222222221,Nygaard2022_A0.06,"TurbOPark, A=0.06",-72.0,-0.3,True,8.36469104307072,0.09503707222222221,9.503707222222221,8.333958333333333,0.0874625,8.74625
9.5%,0.09503707222222221,9.503707222222221,Nygaard2022_A0.06,"TurbOPark, A=0.06",-48.0,-0.2,True,8.39746964238031,0.09503707222222221,9.503707222222221,8.311120833333334,0.08767916666666667,8.767916666666666
9.5%,0.09503707222222221,9.503707222222221,Nygaard2022_A0.06,"TurbOPark, A=0.06",-24.0,-0.1,True,8.423078357170212,0.09503707222222221,9.503707222222221,8.278716666666666,0.08851666666666666,8.851666666666667
9.5%,0.09503707222222221,9.503707222222221,Nygaard2022_A0.06,"TurbOPark, A=0.06",0.0,0.0,True,8.433585312902078,0.09503707222222221,9.503707222222221,8.230699999999999,0.08897083333333333,8.897083333333333
9.5%,0.09503707222222221,9.503707222222221,Nygaard2022_A0.06,"TurbOPark, A=0.06",24.0,0.1,True,8.419174862061569,0.09503707222222221,9.503707222222221,8.165491666666668,0.08792916666666667,8.792916666666667
9.5%,0.09503707222222221,9.503707222222221,Nygaard2022_A0.06,"TurbOPark, A=0.06",48.0,0.2,True,8.369245997370808,0.09503707222222221,9.503707222222221,8.1139125,0.08850833333333334,8.850833333333334
9.5%,0.09503707222222221,9.503707222222221,Nygaard2022_A0.06,"TurbOPark, A=0.06",72.0,0.3,True,8.27591366980942,0.09503707222222221,9.503707222222221,8.055716666666665,0.08889583333333334,8.889583333333334
9.5%,0.09503707222222221,9.503707222222221,Nygaard2022_A0.06,"TurbOPark, A=0.06",96.0,0.4,True,8.138667109027583,0.09503707222222221,9.503707222222221,8.002949999999998,0.09015000000000001,9.015
9.5%,0.09503707222222221,9.503707222222221,Nygaard2022_A0.06,"TurbOPark, A=0.06",120.0,0.5,True,7.966852466680176,0.09503707222222221,9.503707222222221,7.941433333333333,0.08989583333333334,8.989583333333334
9.5%,0.09503707222222221,9.503707222222221,Nygaard2022_A0.06,"TurbOPark, A=0.06",144.0,0.6,False,7.778465710533899,0.09503707222222221,9.503707222222221,7.907,0.08852916666666667,8.852916666666667
9.5%,0.09503707222222221,9.503707222222221,Nygaard2022_A0.06,"TurbOPark, A=0.06",168.0,0.7,False,7.59660820890481,0.09503707222222221,9.503707222222221,7.879566666666667,0.08496666666666666,8.496666666666666
9.5%,0.09503707222222221,9.503707222222221,Nygaard2022_A0.06,"TurbOPark, A=0.06",192.0,0.8,False,7.4451970889225585,0.09503707222222221,9.503707222222221,7.8612416666666665,0.08377916666666665,8.377916666666666
9.5%,0.09503707222222221,9.503707222222221,Nygaard2022_A0.06,"TurbOPark, A=0.06",216.0,0.9,False,7.344749508570731,0.09503707222222221,9.503707222222221,7.863154166666666,0.0841375,8.41375
9.5%,0.09503707222222221,9.503707222222221,Nygaard2022_A0.06,"TurbOPark, A=0.06",240.0,1.0,False,7.308682380664953,0.09503707222222221,9.503707222222221,7.876083333333334,0.08429583333333333,8.429583333333333
9.5%,0.09503707222222221,9.503707222222221,Nygaard2022_A0.06,"TurbOPark, A=0.06",264.0,1.1,False,7.340599863544586,0.09503707222222221,9.503707222222221,7.912141666666667,0.08600833333333334,8.600833333333334
9.5%,0.09503707222222221,9.503707222222221,Nygaard2022_A0.06,"TurbOPark, A=0.06",288.0,1.2,False,7.432911645814663,0.09503707222222221,9.503707222222221,7.944470833333332,0.08690833333333334,8.690833333333334
9.5%,0.09503707222222221,9.503707222222221,Nygaard2022_A0.06,"TurbOPark, A=0.06",312.0,1.3,False,7.567506464840488,0.09503707222222221,9.503707222222221,7.973508333333332,0.08917916666666667,8.917916666666667
9.5%,0.09503707222222221,9.503707222222221,Nygaard2022_A0.06,"TurbOPark, A=0.06",336.0,1.4,False,7.718459321252939,0.09503707222222221,9.503707222222221,8.019754166666667,0.09156249999999999,9.15625
9.5%,0.09503707222222221,9.503707222222221,Nygaard2022_A0.06,"TurbOPark, A=0.06",360.0,1.5,False,7.857258099022893,0.09503707222222221,9.503707222222221,8.084033333333332,0.092575,9.2575
10.1%,0.10120448666666666,10.120448666666666,BPA2014,BPA,-360.0,-1.5,False,8.584001982335053,0.13986758899169058,13.986758899169057,8.250525,0.08638749999999999,8.63875
10.1%,0.10120448666666666,10.120448666666666,BPA2014,BPA,-336.0,-1.4,False,8.633340277205034,0.13986758899169058,13.986758899169057,8.309354166666667,0.08389166666666667,8.389166666666666
10.1%,0.10120448666666666,10.120448666666666,BPA2014,BPA,-312.0,-1.3,False,8.671119615832032,0.13986758899169058,13.986758899169057,8.357579166666667,0.08269166666666666,8.269166666666667
10.1%,0.10120448666666666,10.120448666666666,BPA2014,BPA,-288.0,-1.2,False,8.699951735555238,0.13986758899169058,13.986758899169057,8.401245833333334,0.08210833333333334,8.210833333333333
10.1%,0.10120448666666666,10.120448666666666,BPA2014,BPA,-264.0,-1.1,False,8.721890937113889,0.13986758899169058,13.986758899169057,8.435758333333332,0.08051666666666667,8.051666666666666
10.1%,0.10120448666666666,10.120448666666666,BPA2014,BPA,-240.0,-1.0,False,8.738329172264683,0.13986758899169058,13.986758899169057,8.459054166666666,0.08015833333333333,8.015833333333333
10.1%,0.10120448666666666,10.120448666666666,BPA2014,BPA,-216.0,-0.9,False,8.750010227940882,0.13986758899169058,13.986758899169057,8.46605,0.08128333333333333,8.128333333333334
10.1%,0.10120448666666666,10.120448666666666,BPA2014,BPA,-192.0,-0.8,False,8.757120651639463,0.13986758899169058,13.986758899169057,8.452408333333334,0.08303333333333333,8.303333333333333
10.1%,0.10120448666666666,10.120448666666666,BPA2014,BPA,-168.0,-0.7,False,8.75942144175614,0.13986758899169058,13.986758899169057,8.4568625,0.08290416666666667,8.290416666666667
10.1%,0.10120448666666666,10.120448666666666,BPA2014,BPA,-144.0,-0.6,False,8.756394980128311,0.13986758899169058,13.986758899169057,8.445329166666667,0.08455833333333333,8.455833333333333
10.1%,0.10120448666666666,10.120448666666666,BPA2014,BPA,-120.0,-0.5,True,8.747391888592398,0.15195475012335966,15.195475012335965,8.404791666666668,0.0869875,8.69875
10.1%,0.10120448666666666,10.120448666666666,BPA2014,BPA,-96.0,-0.4,True,8.731769983380039,0.15195475012335966,15.195475012335965,8.363116666666667,0.08736250000000001,8.736250000000002
10.1%,0.10120448666666666,10.120448666666666,BPA2014,BPA,-72.0,-0.3,True,8.709021543361846,0.15195475012335966,15.195475012335965,8.333958333333333,0.0874625,8.74625
10.1%,0.10120448666666666,10.120448666666666,BPA2014,BPA,-48.0,-0.2,True,8.67888616695546,0.15195475012335966,15.195475012335965,8.311120833333334,0.08767916666666667,8.767916666666666
10.1%,0.10120448666666666,10.120448666666666,BPA2014,BPA,-24.0,-0.1,True,8.641445647545329,0.15195475012335966,15.195475012335965,8.278716666666666,0.08851666666666666,8.851666666666667
10.1%,0.10120448666666666,10.120448666666666,BPA2014,BPA,0.0,0.0,True,8.59719576843331,0.15195475012335966,15.195475012335965,8.230699999999999,0.08897083333333333,8.897083333333333
10.1%,0.10120448666666666,10.120448666666666,BPA2014,BPA,24.0,0.1,True,8.547088766146908,0.15195475012335966,15.195475012335965,8.165491666666668,0.08792916666666667,8.792916666666667
10.1%,0.10120448666666666,10.120448666666666,BPA2014,BPA,48.0,0.2,True,8.492540184337614,0.15195475012335966,15.195475012335965,8.1139125,0.08850833333333334,8.850833333333334
10.1%,0.10120448666666666,10.120448666666666,BPA2014,BPA,72.0,0.3,True,8.43539532084195,0.15195475012335966,15.195475012335965,8.055716666666665,0.08889583333333334,8.889583333333334
10.1%,0.10120448666666666,10.120448666666666,BPA2014,BPA,96.0,0.4,True,8.377853469497676,0.15195475012335966,15.195475012335965,8.002949999999998,0.09015000000000001,9.015
10.1%,0.10120448666666666,10.120448666666666,BPA2014,BPA,120.0,0.5,True,8.322352350424428,0.15195475012335966,15.195475012335965,7.941433333333333,0.08989583333333334,8.989583333333334
10.1%,0.10120448666666666,10.120448666666666,BPA2014,BPA,144.0,0.6,False,8.271419908679846,0.15195475012335966,15.195475012335965,7.907,0.08852916666666667,8.852916666666667
10.1%,0.10120448666666666,10.120448666666666,BPA2014,BPA,168.0,0.7,False,8.22750526738669,0.15195475012335966,15.195475012335965,7.879566666666667,0.08496666666666666,8.496666666666666
10.1%,0.10120448666666666,10.120448666666666,BPA2014,BPA,192.0,0.8,False,8.192804228434696,0.15195475012335966,15.195475012335965,7.8612416666666665,0.08377916666666665,8.377916666666666
10.1%,0.10120448666666666,10.120448666666666,BPA2014,BPA,216.0,0.9,False,8.16909660522751,0.15195475012335966,15.195475012335965,7.863154166666666,0.0841375,8.41375
10.1%,0.10120448666666666,10.120448666666666,BPA2014,BPA,240.0,1.0,False,8.15761237481486,0.15195475012335966,15.195475012335965,7.876083333333334,0.08429583333333333,8.429583333333333
10.1%,0.10120448666666666,10.120448666666666,BPA2014,BPA,264.0,1.1,False,8.158941026514631,0.15195475012335966,15.195475012335965,7.912141666666667,0.08600833333333334,8.600833333333334
10.1%,0.10120448666666666,10.120448666666666,BPA2014,BPA,288.0,1.2,False,8.172993826470055,0.15195475012335966,15.195475012335965,7.944470833333332,0.08690833333333334,8.690833333333334
10.1%,0.10120448666666666,10.120448666666666,BPA2014,BPA,312.0,1.3,False,8.199022632168594,0.15195475012335966,15.195475012335965,7.973508333333332,0.08917916666666667,8.917916666666667
10.1%,0.10120448666666666,10.120448666666666,BPA2014,BPA,336.0,1.4,False,8.235692235659227,0.15195475012335966,15.195475012335965,8.019754166666667,0.09156249999999999,9.15625
10.1%,0.10120448666666666,10.120448666666666,BPA2014,BPA,360.0,1.5,False,8.281196903098051,0.15195475012335966,15.195475012335965,8.084033333333332,0.092575,9.2575
10.1%,0.10120448666666666,10.120448666666666,NPA2016,NPA,-360.0,-1.5,False,8.79135649755225,0.15302641384649365,15.302641384649366,8.250525,0.08638749999999999,8.63875
10.1%,0.10120448666666666,10.120448666666666,NPA2016,NPA,-336.0,-1.4,False,8.827478855292014,0.15302641384649365,15.302641384649366,8.309354166666667,0.08389166666666667,8.389166666666666
10.1%,0.10120448666666666,10.120448666666666,NPA2016,NPA,-312.0,-1.3,False,8.857262541318685,0.15302641384649365,15.302641384649366,8.357579166666667,0.08269166666666666,8.269166666666667
10.1%,0.10120448666666666,10.120448666666666,NPA2016,NPA,-288.0,-1.2,False,8.880744511329139,0.15302641384649365,15.302641384649366,8.401245833333334,0.08210833333333334,8.210833333333333
10.1%,0.10120448666666666,10.120448666666666,NPA2016,NPA,-264.0,-1.1,False,8.89818777741135,0.14004942589413724,14.004942589413725,8.435758333333332,0.08051666666666667,8.051666666666666
10.1%,0.10120448666666666,10.120448666666666,NPA2016,NPA,-240.0,-1.0,False,8.910012255452674,0.14004942589413724,14.004942589413725,8.459054166666666,0.08015833333333333,8.015833333333333
10.1%,0.10120448666666666,10.120448666666666,NPA2016,NPA,-216.0,-0.9,False,8.916743353144394,0.14004942589413724,14.004942589413725,8.46605,0.08128333333333333,8.128333333333334
10.1%,0.10120448666666666,10.120448666666666,NPA2016,NPA,-192.0,-0.8,False,8.91897063189597,0.14004942589413724,14.004942589413725,8.452408333333334,0.08303333333333333,8.303333333333333
10.1%,0.10120448666666666,10.120448666666666,NPA2016,NPA,-168.0,-0.7,False,8.917297059509425,0.14004942589413724,14.004942589413725,8.4568625,0.08290416666666667,8.290416666666667
10.1%,0.10120448666666666,10.120448666666666,NPA2016,NPA,-144.0,-0.6,False,8.912325561494354,0.14004942589413724,14.004942589413725,8.445329166666667,0.08455833333333333,8.455833333333333
10.1%,0.10120448666666666,10.120448666666666,NPA2016,NPA,-120.0,-0.5,True,8.90463215629521,0.14004942589413724,14.004942589413725,8.404791666666668,0.0869875,8.69875
10.1%,0.10120448666666666,10.120448666666666,NPA2016,NPA,-96.0,-0.4,True,8.894755222558834,0.14004942589413724,14.004942589413725,8.363116666666667,0.08736250000000001,8.736250000000002
10.1%,0.10120448666666666,10.120448666666666,NPA2016,NPA,-72.0,-0.3,True,8.883200563805785,0.14004942589413724,14.004942589413725,8.333958333333333,0.0874625,8.74625
10.1%,0.10120448666666666,10.120448666666666,NPA2016,NPA,-48.0,-0.2,True,8.870441878412368,0.14004942589413724,14.004942589413725,8.311120833333334,0.08767916666666667,8.767916666666666
10.1%,0.10120448666666666,10.120448666666666,NPA2016,NPA,-24.0,-0.1,True,8.85692139153961,0.14004942589413724,14.004942589413725,8.278716666666666,0.08851666666666666,8.851666666666667
10.1%,0.10120448666666666,10.120448666666666,NPA2016,NPA,0.0,0.0,True,8.84305421778292,0.14004942589413724,14.004942589413725,8.230699999999999,0.08897083333333333,8.897083333333333
10.1%,0.10120448666666666,10.120448666666666,NPA2016,NPA,24.0,0.1,True,8.82923454304492,0.14004942589413724,14.004942589413725,8.165491666666668,0.08792916666666667,8.792916666666667
10.1%,0.10120448666666666,10.120448666666666,NPA2016,NPA,48.0,0.2,True,8.815833084076813,0.14004942589413724,14.004942589413725,8.1139125,0.08850833333333334,8.850833333333334
10.1%,0.10120448666666666,10.120448666666666,NPA2016,NPA,72.0,0.3,True,8.803203774594225,0.14004942589413724,14.004942589413725,8.055716666666665,0.08889583333333334,8.889583333333334
10.1%,0.10120448666666666,10.120448666666666,NPA2016,NPA,96.0,0.4,True,8.791672814467887,0.14004942589413724,14.004942589413725,8.002949999999998,0.09015000000000001,9.015
10.1%,0.10120448666666666,10.120448666666666,NPA2016,NPA,120.0,0.5,True,8.781535369684937,0.14004942589413724,14.004942589413725,7.941433333333333,0.08989583333333334,8.989583333333334
10.1%,0.10120448666666666,10.120448666666666,NPA2016,NPA,144.0,0.6,False,8.773061407203233,0.14004942589413724,14.004942589413725,7.907,0.08852916666666667,8.852916666666667
10.1%,0.10120448666666666,10.120448666666666,NPA2016,NPA,168.0,0.7,False,8.766476366821593,0.14004942589413724,14.004942589413725,7.879566666666667,0.08496666666666666,8.496666666666666
10.1%,0.10120448666666666,10.120448666666666,NPA2016,NPA,192.0,0.8,False,8.761954504522052,0.14004942589413724,14.004942589413725,7.8612416666666665,0.08377916666666665,8.377916666666666
10.1%,0.10120448666666666,10.120448666666666,NPA2016,NPA,216.0,0.9,False,8.759627530033049,0.14004942589413724,14.004942589413725,7.863154166666666,0.0841375,8.41375
10.1%,0.10120448666666666,10.120448666666666,NPA2016,NPA,240.0,1.0,False,8.759571669966634,0.14004942589413724,14.004942589413725,7.876083333333334,0.08429583333333333,8.429583333333333
10.1%,0.10120448666666666,10.120448666666666,NPA2016,NPA,264.0,1.1,False,8.761790423265285,0.14004942589413724,14.004942589413725,7.912141666666667,0.08600833333333334,8.600833333333334
10.1%,0.10120448666666666,10.120448666666666,NPA2016,NPA,288.0,1.2,False,8.766233154175145,0.14004942589413724,14.004942589413725,7.944470833333332,0.08690833333333334,8.690833333333334
10.1%,0.10120448666666666,10.120448666666666,NPA2016,NPA,312.0,1.3,False,8.772787883896674,0.14004942589413724,14.004942589413725,7.973508333333332,0.08917916666666667,8.917916666666667
10.1%,0.10120448666666666,10.120448666666666,NPA2016,NPA,336.0,1.4,False,8.78125558646892,0.14004942589413724,14.004942589413725,8.019754166666667,0.09156249999999999,9.15625
10.1%,0.10120448666666666,10.120448666666666,NPA2016,NPA,360.0,1.5,False,8.791364338302449,0.14004942589413724,14.004942589413725,8.084033333333332,0.092575,9.2575
10.1%,0.10120448666666666,10.120448666666666,Nygaard2022,"TurbOPark, A=0.04",-360.0,-1.5,False,7.380251408130878,0.10120448666666666,10.120448666666666,8.250525,0.08638749999999999,8.63875
10.1%,0.10120448666666666,10.120448666666666,Nygaard2022,"TurbOPark, A=0.04",-336.0,-1.4,False,7.537951104730123,0.10120448666666666,10.120448666666666,8.309354166666667,0.08389166666666667,8.389166666666666
10.1%,0.10120448666666666,10.120448666666666,Nygaard2022,"TurbOPark, A=0.04",-312.0,-1.3,False,7.687359246812549,0.10120448666666666,10.120448666666666,8.357579166666667,0.08269166666666666,8.269166666666667
10.1%,0.10120448666666666,10.120448666666666,Nygaard2022,"TurbOPark, A=0.04",-288.0,-1.2,False,7.795910936907988,0.10120448666666666,10.120448666666666,8.401245833333334,0.08210833333333334,8.210833333333333
10.1%,0.10120448666666666,10.120448666666666,Nygaard2022,"TurbOPark, A=0.04",-264.0,-1.1,False,7.846837697784746,0.10120448666666666,10.120448666666666,8.435758333333332,0.08051666666666667,8.051666666666666
10.1%,0.10120448666666666,10.120448666666666,Nygaard2022,"TurbOPark, A=0.04",-240.0,-1.0,False,7.847077166231809,0.10120448666666666,10.120448666666666,8.459054166666666,0.08015833333333333,8.015833333333333
10.1%,0.10120448666666666,10.120448666666666,Nygaard2022,"TurbOPark, A=0.04",-216.0,-0.9,False,7.821120865069004,0.10120448666666666,10.120448666666666,8.46605,0.08128333333333333,8.128333333333334
10.1%,0.10120448666666666,10.120448666666666,Nygaard2022,"TurbOPark, A=0.04",-192.0,-0.8,False,7.796338305450121,0.10120448666666666,10.120448666666666,8.452408333333334,0.08303333333333333,8.303333333333333
10.1%,0.10120448666666666,10.120448666666666,Nygaard2022,"TurbOPark, A=0.04",-168.0,-0.7,False,7.792222853075285,0.10120448666666666,10.120448666666666,8.4568625,0.08290416666666667,8.290416666666667
10.1%,0.10120448666666666,10.120448666666666,Nygaard2022,"TurbOPark, A=0.04",-144.0,-0.6,False,7.816966021335423,0.10120448666666666,10.120448666666666,8.445329166666667,0.08455833333333333,8.455833333333333
10.1%,0.10120448666666666,10.120448666666666,Nygaard2022,"TurbOPark, A=0.04",-120.0,-0.5,True,7.868344697757003,0.10120448666666666,10.120448666666666,8.404791666666668,0.0869875,8.69875
10.1%,0.10120448666666666,10.120448666666666,Nygaard2022,"TurbOPark, A=0.04",-96.0,-0.4,True,7.9363031452395605,0.10120448666666666,10.120448666666666,8.363116666666667,0.08736250000000001,8.736250000000002
10.1%,0.10120448666666666,10.120448666666666,Nygaard2022,"TurbOPark, A=0.04",-72.0,-0.3,True,8.006649019879571,0.10120448666666666,10.120448666666666,8.333958333333333,0.0874625,8.74625
10.1%,0.10120448666666666,10.120448666666666,Nygaard2022,"TurbOPark, A=0.04",-48.0,-0.2,True,8.065328018370762,0.10120448666666666,10.120448666666666,8.311120833333334,0.08767916666666667,8.767916666666666
10.1%,0.10120448666666666,10.120448666666666,Nygaard2022,"TurbOPark, A=0.04",-24.0,-0.1,True,8.102382227084432,0.10120448666666666,10.120448666666666,8.278716666666666,0.08851666666666666,8.851666666666667
10.1%,0.10120448666666666,10.120448666666666,Nygaard2022,"TurbOPark, A=0.04",0.0,0.0,True,8.113388655329334,0.10120448666666666,10.120448666666666,8.230699999999999,0.08897083333333333,8.897083333333333
10.1%,0.10120448666666666,10.120448666666666,Nygaard2022,"TurbOPark, A=0.04",24.0,0.1,True,8.096545383471984,0.10120448666666666,10.120448666666666,8.165491666666668,0.08792916666666667,8.792916666666667
10.1%,0.10120448666666666,10.120448666666666,Nygaard2022,"TurbOPark, A=0.04",48.0,0.2,True,8.04685663801511,0.10120448666666666,10.120448666666666,8.1139125,0.08850833333333334,8.850833333333334
10.1%,0.10120448666666666,10.120448666666666,Nygaard2022,"TurbOPark, A=0.04",72.0,0.3,True,7.952662265336872,0.10120448666666666,10.120448666666666,8.055716666666665,0.08889583333333334,8.889583333333334
10.1%,0.10120448666666666,10.120448666666666,Nygaard2022,"TurbOPark, A=0.04",96.0,0.4,True,7.80005926243626,0.10120448666666666,10.120448666666666,8.002949999999998,0.09015000000000001,9.015
10.1%,0.10120448666666666,10.120448666666666,Nygaard2022,"TurbOPark, A=0.04",120.0,0.5,True,7.584928456777427,0.10120448666666666,10.120448666666666,7.941433333333333,0.08989583333333334,8.989583333333334
10.1%,0.10120448666666666,10.120448666666666,Nygaard2022,"TurbOPark, A=0.04",144.0,0.6,False,7.322956943872384,0.10120448666666666,10.120448666666666,7.907,0.08852916666666667,8.852916666666667
10.1%,0.10120448666666666,10.120448666666666,Nygaard2022,"TurbOPark, A=0.04",168.0,0.7,False,7.049396559479809,0.10120448666666666,10.120448666666666,7.879566666666667,0.08496666666666666,8.496666666666666
10.1%,0.10120448666666666,10.120448666666666,Nygaard2022,"TurbOPark, A=0.04",192.0,0.8,False,6.809938878272184,0.10120448666666666,10.120448666666666,7.8612416666666665,0.08377916666666665,8.377916666666666
10.1%,0.10120448666666666,10.120448666666666,Nygaard2022,"TurbOPark, A=0.04",216.0,0.9,False,6.648814885960267,0.10120448666666666,10.120448666666666,7.863154166666666,0.0841375,8.41375
10.1%,0.10120448666666666,10.120448666666666,Nygaard2022,"TurbOPark, A=0.04",240.0,1.0,False,6.597617061296968,0.10120448666666666,10.120448666666666,7.876083333333334,0.08429583333333333,8.429583333333333
10.1%,0.10120448666666666,10.120448666666666,Nygaard2022,"TurbOPark, A=0.04",264.0,1.1,False,6.667322588989405,0.10120448666666666,10.120448666666666,7.912141666666667,0.08600833333333334,8.600833333333334
10.1%,0.10120448666666666,10.120448666666666,Nygaard2022,"TurbOPark, A=0.04",288.0,1.2,False,6.843814688437687,0.10120448666666666,10.120448666666666,7.944470833333332,0.08690833333333334,8.690833333333334
10.1%,0.10120448666666666,10.120448666666666,Nygaard2022,"TurbOPark, A=0.04",312.0,1.3,False,7.088505182588158,0.10120448666666666,10.120448666666666,7.973508333333332,0.08917916666666667,8.917916666666667
10.1%,0.10120448666666666,10.120448666666666,Nygaard2022,"TurbOPark, A=0.04",336.0,1.4,False,7.343608952345313,0.10120448666666666,10.120448666666666,8.019754166666667,0.09156249999999999,9.15625
10.1%,0.10120448666666666,10.120448666666666,Nygaard2022,"TurbOPark, A=0.04",360.0,1.5,False,7.545032006409755,0.10120448666666666,10.120448666666666,8.084033333333332,0.092575,9.2575
10.1%,0.10120448666666666,10.120448666666666,Nygaard2022_A0.06,"TurbOPark, A=0.06",-360.0,-1.5,False,7.913384136212706,0.10120448666666666,10.120448666666666,8.250525,0.08638749999999999,8.63875
10.1%,0.10120448666666666,10.120448666666666,Nygaard2022_A0.06,"TurbOPark, A=0.06",-336.0,-1.4,False,7.98904044044242,0.10120448666666666,10.120448666666666,8.309354166666667,0.08389166666666667,8.389166666666666
10.1%,0.10120448666666666,10.120448666666666,Nygaard2022_A0.06,"TurbOPark, A=0.06",-312.0,-1.3,False,8.070122541008972,0.10120448666666666,10.120448666666666,8.357579166666667,0.08269166666666666,8.269166666666667
10.1%,0.10120448666666666,10.120448666666666,Nygaard2022_A0.06,"TurbOPark, A=0.06",-288.0,-1.2,False,8.144999157296837,0.10120448666666666,10.120448666666666,8.401245833333334,0.08210833333333334,8.210833333333333
10.1%,0.10120448666666666,10.120448666666666,Nygaard2022_A0.06,"TurbOPark, A=0.06",-264.0,-1.1,False,8.204845576531305,0.10120448666666666,10.120448666666666,8.435758333333332,0.08051666666666667,8.051666666666666
10.1%,0.10120448666666666,10.120448666666666,Nygaard2022_A0.06,"TurbOPark, A=0.06",-240.0,-1.0,False,8.246228032122076,0.10120448666666666,10.120448666666666,8.459054166666666,0.08015833333333333,8.015833333333333
10.1%,0.10120448666666666,10.120448666666666,Nygaard2022_A0.06,"TurbOPark, A=0.06",-216.0,-0.9,False,8.271516698643305,0.10120448666666666,10.120448666666666,8.46605,0.08128333333333333,8.128333333333334
10.1%,0.10120448666666666,10.120448666666666,Nygaard2022_A0.06,"TurbOPark, A=0.06",-192.0,-0.8,False,8.287064741991534,0.10120448666666666,10.120448666666666,8.452408333333334,0.08303333333333333,8.303333333333333
10.1%,0.10120448666666666,10.120448666666666,Nygaard2022_A0.06,"TurbOPark, A=0.06",-168.0,-0.7,False,8.300099452285288,0.10120448666666666,10.120448666666666,8.4568625,0.08290416666666667,8.290416666666667
10.1%,0.10120448666666666,10.120448666666666,Nygaard2022_A0.06,"TurbOPark, A=0.06",-144.0,-0.6,False,8.316304280703513,0.10120448666666666,10.120448666666666,8.445329166666667,0.08455833333333333,8.455833333333333
10.1%,0.10120448666666666,10.120448666666666,Nygaard2022_A0.06,"TurbOPark, A=0.06",-120.0,-0.5,True,8.338557269800095,0.10120448666666666,10.120448666666666,8.404791666666668,0.0869875,8.69875
10.1%,0.10120448666666666,10.120448666666666,Nygaard2022_A0.06,"TurbOPark, A=0.06",-96.0,-0.4,True,8.36686332972648,0.10120448666666666,10.120448666666666,8.363116666666667,0.08736250000000001,8.736250000000002
10.1%,0.10120448666666666,10.120448666666666,Nygaard2022_A0.06,"TurbOPark, A=0.06",-72.0,-0.3,True,8.398840399630568,0.10120448666666666,10.120448666666666,8.333958333333333,0.0874625,8.74625
10.1%,0.10120448666666666,10.120448666666666,Nygaard2022_A0.06,"TurbOPark, A=0.06",-48.0,-0.2,True,8.430162762341347,0.10120448666666666,10.120448666666666,8.311120833333334,0.08767916666666667,8.767916666666666
10.1%,0.10120448666666666,10.120448666666666,Nygaard2022_A0.06,"TurbOPark, A=0.06",-24.0,-0.1,True,8.454769228342656,0.10120448666666666,10.120448666666666,8.278716666666666,0.08851666666666666,8.851666666666667
10.1%,0.10120448666666666,10.120448666666666,Nygaard2022_A0.06,"TurbOPark, A=0.06",0.0,0.0,True,8.464568822570195,0.10120448666666666,10.120448666666666,8.230699999999999,0.08897083333333333,8.897083333333333
10.1%,0.10120448666666666,10.120448666666666,Nygaard2022_A0.06,"TurbOPark, A=0.06",24.0,0.1,True,8.449373235457575,0.10120448666666666,10.120448666666666,8.165491666666668,0.08792916666666667,8.792916666666667
10.1%,0.10120448666666666,10.120448666666666,Nygaard2022_A0.06,"TurbOPark, A=0.06",48.0,0.2,True,8.398316671296357,0.10120448666666666,10.120448666666666,8.1139125,0.08850833333333334,8.850833333333334
10.1%,0.10120448666666666,10.120448666666666,Nygaard2022_A0.06,"TurbOPark, A=0.06",72.0,0.3,True,8.303720846583904,0.10120448666666666,10.120448666666666,8.055716666666665,0.08889583333333334,8.889583333333334
10.1%,0.10120448666666666,10.120448666666666,Nygaard2022_A0.06,"TurbOPark, A=0.06",96.0,0.4,True,8.165690140985767,0.10120448666666666,10.120448666666666,8.002949999999998,0.09015000000000001,9.015
10.1%,0.10120448666666666,10.120448666666666,Nygaard2022_A0.06,"TurbOPark, A=0.06",120.0,0.5,True,7.994117819574077,0.10120448666666666,10.120448666666666,7.941433333333333,0.08989583333333334,8.989583333333334
10.1%,0.10120448666666666,10.120448666666666,Nygaard2022_A0.06,"TurbOPark, A=0.06",144.0,0.6,False,7.807090423227694,0.10120448666666666,10.120448666666666,7.907,0.08852916666666667,8.852916666666667
10.1%,0.10120448666666666,10.120448666666666,Nygaard2022_A0.06,"TurbOPark, A=0.06",168.0,0.7,False,7.627257416299482,0.10120448666666666,10.120448666666666,7.879566666666667,0.08496666666666666,8.496666666666666
10.1%,0.10120448666666666,10.120448666666666,Nygaard2022_A0.06,"TurbOPark, A=0.06",192.0,0.8,False,7.477769777838974,0.10120448666666666,10.120448666666666,7.8612416666666665,0.08377916666666665,8.377916666666666
10.1%,0.10120448666666666,10.120448666666666,Nygaard2022_A0.06,"TurbOPark, A=0.06",216.0,0.9,False,7.378375316380876,0.10120448666666666,10.120448666666666,7.863154166666666,0.0841375,8.41375
10.1%,0.10120448666666666,10.120448666666666,Nygaard2022_A0.06,"TurbOPark, A=0.06",240.0,1.0,False,7.341870784259082,0.10120448666666666,10.120448666666666,7.876083333333334,0.08429583333333333,8.429583333333333
10.1%,0.10120448666666666,10.120448666666666,Nygaard2022_A0.06,"TurbOPark, A=0.06",264.0,1.1,False,7.371710037974134,0.10120448666666666,10.120448666666666,7.912141666666667,0.08600833333333334,8.600833333333334
10.1%,0.10120448666666666,10.120448666666666,Nygaard2022_A0.06,"TurbOPark, A=0.06",288.0,1.2,False,7.460627098461927,0.10120448666666666,10.120448666666666,7.944470833333332,0.08690833333333334,8.690833333333334
10.1%,0.10120448666666666,10.120448666666666,Nygaard2022_A0.06,"TurbOPark, A=0.06",312.0,1.3,False,7.591409665254966,0.10120448666666666,10.120448666666666,7.973508333333332,0.08917916666666667,8.917916666666667
10.1%,0.10120448666666666,10.120448666666666,Nygaard2022_A0.06,"TurbOPark, A=0.06",336.0,1.4,False,7.73940311409367,0.10120448666666666,10.120448666666666,8.019754166666667,0.09156249999999999,9.15625
10.1%,0.10120448666666666,10.120448666666666,Nygaard2022_A0.06,"TurbOPark, A=0.06",360.0,1.5,False,7.8773614247308394,0.10120448666666666,10.120448666666666,8.084033333333332,0.092575,9.2575
10.7%,0.10737190111111111,10.737190111111111,BPA2014,BPA,-360.0,-1.5,False,8.584001982335053,0.144269018317882,14.4269018317882,8.250525,0.08638749999999999,8.63875
10.7%,0.10737190111111111,10.737190111111111,BPA2014,BPA,-336.0,-1.4,False,8.633340277205034,0.144269018317882,14.4269018317882,8.309354166666667,0.08389166666666667,8.389166666666666
10.7%,0.10737190111111111,10.737190111111111,BPA2014,BPA,-312.0,-1.3,False,8.671119615832032,0.144269018317882,14.4269018317882,8.357579166666667,0.08269166666666666,8.269166666666667
10.7%,0.10737190111111111,10.737190111111111,BPA2014,BPA,-288.0,-1.2,False,8.699951735555238,0.144269018317882,14.4269018317882,8.401245833333334,0.08210833333333334,8.210833333333333
10.7%,0.10737190111111111,10.737190111111111,BPA2014,BPA,-264.0,-1.1,False,8.721890937113889,0.144269018317882,14.4269018317882,8.435758333333332,0.08051666666666667,8.051666666666666
10.7%,0.10737190111111111,10.737190111111111,BPA2014,BPA,-240.0,-1.0,False,8.738329172264683,0.144269018317882,14.4269018317882,8.459054166666666,0.08015833333333333,8.015833333333333
10.7%,0.10737190111111111,10.737190111111111,BPA2014,BPA,-216.0,-0.9,False,8.750010227940882,0.144269018317882,14.4269018317882,8.46605,0.08128333333333333,8.128333333333334
10.7%,0.10737190111111111,10.737190111111111,BPA2014,BPA,-192.0,-0.8,False,8.757120651639463,0.144269018317882,14.4269018317882,8.452408333333334,0.08303333333333333,8.303333333333333
10.7%,0.10737190111111111,10.737190111111111,BPA2014,BPA,-168.0,-0.7,False,8.75942144175614,0.144269018317882,14.4269018317882,8.4568625,0.08290416666666667,8.290416666666667
10.7%,0.10737190111111111,10.737190111111111,BPA2014,BPA,-144.0,-0.6,False,8.756394980128311,0.144269018317882,14.4269018317882,8.445329166666667,0.08455833333333333,8.455833333333333
10.7%,0.10737190111111111,10.737190111111111,BPA2014,BPA,-120.0,-0.5,True,8.747391888592398,0.15597216571434092,15.597216571434092,8.404791666666668,0.0869875,8.69875
10.7%,0.10737190111111111,10.737190111111111,BPA2014,BPA,-96.0,-0.4,True,8.731769983380039,0.15597216571434092,15.597216571434092,8.363116666666667,0.08736250000000001,8.736250000000002
10.7%,0.10737190111111111,10.737190111111111,BPA2014,BPA,-72.0,-0.3,True,8.709021543361846,0.15597216571434092,15.597216571434092,8.333958333333333,0.0874625,8.74625
10.7%,0.10737190111111111,10.737190111111111,BPA2014,BPA,-48.0,-0.2,True,8.67888616695546,0.15597216571434092,15.597216571434092,8.311120833333334,0.08767916666666667,8.767916666666666
10.7%,0.10737190111111111,10.737190111111111,BPA2014,BPA,-24.0,-0.1,True,8.641445647545329,0.15597216571434092,15.597216571434092,8.278716666666666,0.08851666666666666,8.851666666666667
10.7%,0.10737190111111111,10.737190111111111,BPA2014,BPA,0.0,0.0,True,8.59719576843331,0.15597216571434092,15.597216571434092,8.230699999999999,0.08897083333333333,8.897083333333333
10.7%,0.10737190111111111,10.737190111111111,BPA2014,BPA,24.0,0.1,True,8.547088766146908,0.15597216571434092,15.597216571434092,8.165491666666668,0.08792916666666667,8.792916666666667
10.7%,0.10737190111111111,10.737190111111111,BPA2014,BPA,48.0,0.2,True,8.492540184337614,0.15597216571434092,15.597216571434092,8.1139125,0.08850833333333334,8.850833333333334
10.7%,0.10737190111111111,10.737190111111111,BPA2014,BPA,72.0,0.3,True,8.43539532084195,0.15597216571434092,15.597216571434092,8.055716666666665,0.08889583333333334,8.889583333333334
10.7%,0.10737190111111111,10.737190111111111,BPA2014,BPA,96.0,0.4,True,8.377853469497676,0.15597216571434092,15.597216571434092,8.002949999999998,0.09015000000000001,9.015
10.7%,0.10737190111111111,10.737190111111111,BPA2014,BPA,120.0,0.5,True,8.322352350424428,0.15597216571434092,15.597216571434092,7.941433333333333,0.08989583333333334,8.989583333333334
10.7%,0.10737190111111111,10.737190111111111,BPA2014,BPA,144.0,0.6,False,8.271419908679846,0.15597216571434092,15.597216571434092,7.907,0.08852916666666667,8.852916666666667
10.7%,0.10737190111111111,10.737190111111111,BPA2014,BPA,168.0,0.7,False,8.22750526738669,0.15597216571434092,15.597216571434092,7.879566666666667,0.08496666666666666,8.496666666666666
10.7%,0.10737190111111111,10.737190111111111,BPA2014,BPA,192.0,0.8,False,8.192804228434696,0.15597216571434092,15.597216571434092,7.8612416666666665,0.08377916666666665,8.377916666666666
10.7%,0.10737190111111111,10.737190111111111,BPA2014,BPA,216.0,0.9,False,8.16909660522751,0.15597216571434092,15.597216571434092,7.863154166666666,0.0841375,8.41375
10.7%,0.10737190111111111,10.737190111111111,BPA2014,BPA,240.0,1.0,False,8.15761237481486,0.15597216571434092,15.597216571434092,7.876083333333334,0.08429583333333333,8.429583333333333
10.7%,0.10737190111111111,10.737190111111111,BPA2014,BPA,264.0,1.1,False,8.158941026514631,0.15597216571434092,15.597216571434092,7.912141666666667,0.08600833333333334,8.600833333333334
10.7%,0.10737190111111111,10.737190111111111,BPA2014,BPA,288.0,1.2,False,8.172993826470055,0.15597216571434092,15.597216571434092,7.944470833333332,0.08690833333333334,8.690833333333334
10.7%,0.10737190111111111,10.737190111111111,BPA2014,BPA,312.0,1.3,False,8.199022632168594,0.15597216571434092,15.597216571434092,7.973508333333332,0.08917916666666667,8.917916666666667
10.7%,0.10737190111111111,10.737190111111111,BPA2014,BPA,336.0,1.4,False,8.235692235659227,0.15597216571434092,15.597216571434092,8.019754166666667,0.09156249999999999,9.15625
10.7%,0.10737190111111111,10.737190111111111,BPA2014,BPA,360.0,1.5,False,8.281196903098051,0.15597216571434092,15.597216571434092,8.084033333333332,0.092575,9.2575
10.7%,0.10737190111111111,10.737190111111111,NPA2016,NPA,-360.0,-1.5,False,8.803632244445739,0.15733313193992507,15.733313193992506,8.250525,0.08638749999999999,8.63875
10.7%,0.10737190111111111,10.737190111111111,NPA2016,NPA,-336.0,-1.4,False,8.838544902591464,0.15733313193992507,15.733313193992506,8.309354166666667,0.08389166666666667,8.389166666666666
10.7%,0.10737190111111111,10.737190111111111,NPA2016,NPA,-312.0,-1.3,False,8.8676104341784,0.15733313193992507,15.733313193992506,8.357579166666667,0.08269166666666666,8.269166666666667
10.7%,0.10737190111111111,10.737190111111111,NPA2016,NPA,-288.0,-1.2,False,8.89078894621601,0.15733313193992507,15.733313193992506,8.401245833333334,0.08210833333333334,8.210833333333333
10.7%,0.10737190111111111,10.737190111111111,NPA2016,NPA,-264.0,-1.1,False,8.908275436940446,0.14469255530000313,14.469255530000314,8.435758333333332,0.08051666666666667,8.051666666666666
10.7%,0.10737190111111111,10.737190111111111,NPA2016,NPA,-240.0,-1.0,False,8.920425765671002,0.14469255530000313,14.469255530000314,8.459054166666666,0.08015833333333333,8.015833333333333
10.7%,0.10737190111111111,10.737190111111111,NPA2016,NPA,-216.0,-0.9,False,8.927698245670609,0.14469255530000313,14.469255530000314,8.46605,0.08128333333333333,8.128333333333334
10.7%,0.10737190111111111,10.737190111111111,NPA2016,NPA,-192.0,-0.8,False,8.930638133883557,0.14469255530000313,14.469255530000314,8.452408333333334,0.08303333333333333,8.303333333333333
10.7%,0.10737190111111111,10.737190111111111,NPA2016,NPA,-168.0,-0.7,False,8.929802966374146,0.14469255530000313,14.469255530000314,8.4568625,0.08290416666666667,8.290416666666667
10.7%,0.10737190111111111,10.737190111111111,NPA2016,NPA,-144.0,-0.6,False,8.925768064559055,0.14469255530000313,14.469255530000314,8.445329166666667,0.08455833333333333,8.455833333333333
10.7%,0.10737190111111111,10.737190111111111,NPA2016,NPA,-120.0,-0.5,True,8.919085615991078,0.14469255530000313,14.469255530000314,8.404791666666668,0.0869875,8.69875
10.7%,0.10737190111111111,10.737190111111111,NPA2016,NPA,-96.0,-0.4,True,8.910284226705445,0.14469255530000313,14.469255530000314,8.363116666666667,0.08736250000000001,8.736250000000002
10.7%,0.10737190111111111,10.737190111111111,NPA2016,NPA,-72.0,-0.3,True,8.899857742437378,0.14469255530000313,14.469255530000314,8.333958333333333,0.0874625,8.74625
10.7%,0.10737190111111111,10.737190111111111,NPA2016,NPA,-48.0,-0.2,True,8.888269384179964,0.14469255530000313,14.469255530000314,8.311120833333334,0.08767916666666667,8.767916666666666
10.7%,0.10737190111111111,10.737190111111111,NPA2016,NPA,-24.0,-0.1,True,8.875947275648999,0.14469255530000313,14.469255530000314,8.278716666666666,0.08851666666666666,8.851666666666667
10.7%,0.10737190111111111,10.737190111111111,NPA2016,NPA,0.0,0.0,True,8.86329345987704,0.14469255530000313,14.469255530000314,8.230699999999999,0.08897083333333333,8.897083333333333
10.7%,0.10737190111111111,10.737190111111111,NPA2016,NPA,24.0,0.1,True,8.850682070249482,0.14469255530000313,14.469255530000314,8.165491666666668,0.08792916666666667,8.792916666666667
10.7%,0.10737190111111111,10.737190111111111,NPA2016,NPA,48.0,0.2,True,8.83846283396642,0.14469255530000313,14.469255530000314,8.1139125,0.08850833333333334,8.850833333333334
10.7%,0.10737190111111111,10.737190111111111,NPA2016,NPA,72.0,0.3,True,8.826958425184293,0.14469255530000313,14.469255530000314,8.055716666666665,0.08889583333333334,8.889583333333334
10.7%,0.10737190111111111,10.737190111111111,NPA2016,NPA,96.0,0.4,True,8.816469379910917,0.14469255530000313,14.469255530000314,8.002949999999998,0.09015000000000001,9.015
10.7%,0.10737190111111111,10.737190111111111,NPA2016,NPA,120.0,0.5,True,8.807259945318174,0.14469255530000313,14.469255530000314,7.941433333333333,0.08989583333333334,8.989583333333334
10.7%,0.10737190111111111,10.737190111111111,NPA2016,NPA,144.0,0.6,False,8.799570991443419,0.14469255530000313,14.469255530000314,7.907,0.08852916666666667,8.852916666666667
10.7%,0.10737190111111111,10.737190111111111,NPA2016,NPA,168.0,0.7,False,8.793596611474342,0.14469255530000313,14.469255530000314,7.879566666666667,0.08496666666666666,8.496666666666666
10.7%,0.10737190111111111,10.737190111111111,NPA2016,NPA,192.0,0.8,False,8.789495516594226,0.14469255530000313,14.469255530000314,7.8612416666666665,0.08377916666666665,8.377916666666666
10.7%,0.10737190111111111,10.737190111111111,NPA2016,NPA,216.0,0.9,False,8.787375597242075,0.14469255530000313,14.469255530000314,7.863154166666666,0.0841375,8.41375
10.7%,0.10737190111111111,10.737190111111111,NPA2016,NPA,240.0,1.0,False,8.787300558720252,0.14469255530000313,14.469255530000314,7.876083333333334,0.08429583333333333,8.429583333333333
10.7%,0.10737190111111111,10.737190111111111,NPA2016,NPA,264.0,1.1,False,8.789270522879503,0.14469255530000313,14.469255530000314,7.912141666666667,0.08600833333333334,8.600833333333334
10.7%,0.10737190111111111,10.737190111111111,NPA2016,NPA,288.0,1.2,False,8.793245938727885,0.14469255530000313,14.469255530000314,7.944470833333332,0.08690833333333334,8.690833333333334
10.7%,0.10737190111111111,10.737190111111111,NPA2016,NPA,312.0,1.3,False,8.799100376952211,0.14469255530000313,14.469255530000314,7.973508333333332,0.08917916666666667,8.917916666666667
10.7%,0.10737190111111111,10.737190111111111,NPA2016,NPA,336.0,1.4,False,8.806669562860673,0.14469255530000313,14.469255530000314,8.019754166666667,0.09156249999999999,9.15625
10.7%,0.10737190111111111,10.737190111111111,NPA2016,NPA,360.0,1.5,False,8.815679863436678,0.14469255530000313,14.469255530000314,8.084033333333332,0.092575,9.2575
10.7%,0.10737190111111111,10.737190111111111,Nygaard2022,"TurbOPark, A=0.04",-360.0,-1.5,False,7.4164044749813085,0.10737190111111111,10.737190111111111,8.250525,0.08638749999999999,8.63875
10.7%,0.10737190111111111,10.737190111111111,Nygaard2022,"TurbOPark, A=0.04",-336.0,-1.4,False,7.5679639664832985,0.10737190111111111,10.737190111111111,8.309354166666667,0.08389166666666667,8.389166666666666
10.7%,0.10737190111111111,10.737190111111111,Nygaard2022,"TurbOPark, A=0.04",-312.0,-1.3,False,7.713350566285893,0.10737190111111111,10.737190111111111,8.357579166666667,0.08269166666666666,8.269166666666667
10.7%,0.10737190111111111,10.737190111111111,Nygaard2022,"TurbOPark, A=0.04",-288.0,-1.2,False,7.821930534406857,0.10737190111111111,10.737190111111111,8.401245833333334,0.08210833333333334,8.210833333333333
10.7%,0.10737190111111111,10.737190111111111,Nygaard2022,"TurbOPark, A=0.04",-264.0,-1.1,False,7.8772143180372165,0.10737190111111111,10.737190111111111,8.435758333333332,0.08051666666666667,8.051666666666666
10.7%,0.10737190111111111,10.737190111111111,Nygaard2022,"TurbOPark, A=0.04",-240.0,-1.0,False,7.884338716196357,0.10737190111111111,10.737190111111111,8.459054166666666,0.08015833333333333,8.015833333333333
10.7%,0.10737190111111111,10.737190111111111,Nygaard2022,"TurbOPark, A=0.04",-216.0,-0.9,False,7.865078156294837,0.10737190111111111,10.737190111111111,8.46605,0.08128333333333333,8.128333333333334
10.7%,0.10737190111111111,10.737190111111111,Nygaard2022,"TurbOPark, A=0.04",-192.0,-0.8,False,7.844729210355647,0.10737190111111111,10.737190111111111,8.452408333333334,0.08303333333333333,8.303333333333333
10.7%,0.10737190111111111,10.737190111111111,Nygaard2022,"TurbOPark, A=0.04",-168.0,-0.7,False,7.84191465408325,0.10737190111111111,10.737190111111111,8.4568625,0.08290416666666667,8.290416666666667
10.7%,0.10737190111111111,10.737190111111111,Nygaard2022,"TurbOPark, A=0.04",-144.0,-0.6,False,7.864948566008774,0.10737190111111111,10.737190111111111,8.445329166666667,0.08455833333333333,8.455833333333333
10.7%,0.10737190111111111,10.737190111111111,Nygaard2022,"TurbOPark, A=0.04",-120.0,-0.5,True,7.912452236817733,0.10737190111111111,10.737190111111111,8.404791666666668,0.0869875,8.69875
10.7%,0.10737190111111111,10.737190111111111,Nygaard2022,"TurbOPark, A=0.04",-96.0,-0.4,True,7.975834410930964,0.10737190111111111,10.737190111111111,8.363116666666667,0.08736250000000001,8.736250000000002
10.7%,0.10737190111111111,10.737190111111111,Nygaard2022,"TurbOPark, A=0.04",-72.0,-0.3,True,8.042517356553077,0.10737190111111111,10.737190111111111,8.333958333333333,0.0874625,8.74625
10.7%,0.10737190111111111,10.737190111111111,Nygaard2022,"TurbOPark, A=0.04",-48.0,-0.2,True,8.099773921427468,0.10737190111111111,10.737190111111111,8.311120833333334,0.08767916666666667,8.767916666666666
10.7%,0.10737190111111111,10.737190111111111,Nygaard2022,"TurbOPark, A=0.04",-24.0,-0.1,True,8.138028703972438,0.10737190111111111,10.737190111111111,8.278716666666666,0.08851666666666666,8.851666666666667
10.7%,0.10737190111111111,10.737190111111111,Nygaard2022,"TurbOPark, A=0.04",0.0,0.0,True,8.152014249910934,0.10737190111111111,10.737190111111111,8.230699999999999,0.08897083333333333,8.897083333333333
10.7%,0.10737190111111111,10.737190111111111,Nygaard2022,"TurbOPark, A=0.04",24.0,0.1,True,8.138157756091294,0.10737190111111111,10.737190111111111,8.165491666666668,0.08792916666666667,8.792916666666667
10.7%,0.10737190111111111,10.737190111111111,Nygaard2022,"TurbOPark, A=0.04",48.0,0.2,True,8.089646768848533,0.10737190111111111,10.737190111111111,8.1139125,0.08850833333333334,8.850833333333334
10.7%,0.10737190111111111,10.737190111111111,Nygaard2022,"TurbOPark, A=0.04",72.0,0.3,True,7.993967043277153,0.10737190111111111,10.737190111111111,8.055716666666665,0.08889583333333334,8.889583333333334
10.7%,0.10737190111111111,10.737190111111111,Nygaard2022,"TurbOPark, A=0.04",96.0,0.4,True,7.838009104058396,0.10737190111111111,10.737190111111111,8.002949999999998,0.09015000000000001,9.015
10.7%,0.10737190111111111,10.737190111111111,Nygaard2022,"TurbOPark, A=0.04",120.0,0.5,True,7.619630727379562,0.10737190111111111,10.737190111111111,7.941433333333333,0.08989583333333334,8.989583333333334
10.7%,0.10737190111111111,10.737190111111111,Nygaard2022,"TurbOPark, A=0.04",144.0,0.6,False,7.356194313309217,0.10737190111111111,10.737190111111111,7.907,0.08852916666666667,8.852916666666667
10.7%,0.10737190111111111,10.737190111111111,Nygaard2022,"TurbOPark, A=0.04",168.0,0.7,False,7.083215665288535,0.10737190111111111,10.737190111111111,7.879566666666667,0.08496666666666666,8.496666666666666
10.7%,0.10737190111111111,10.737190111111111,Nygaard2022,"TurbOPark, A=0.04",192.0,0.8,False,6.8454397534441895,0.10737190111111111,10.737190111111111,7.8612416666666665,0.08377916666666665,8.377916666666666
10.7%,0.10737190111111111,10.737190111111111,Nygaard2022,"TurbOPark, A=0.04",216.0,0.9,False,6.685543055748896,0.10737190111111111,10.737190111111111,7.863154166666666,0.0841375,8.41375
10.7%,0.10737190111111111,10.737190111111111,Nygaard2022,"TurbOPark, A=0.04",240.0,1.0,False,6.633854408613333,0.10737190111111111,10.737190111111111,7.876083333333334,0.08429583333333333,8.429583333333333
10.7%,0.10737190111111111,10.737190111111111,Nygaard2022,"TurbOPark, A=0.04",264.0,1.1,False,6.700682460789682,0.10737190111111111,10.737190111111111,7.912141666666667,0.08600833333333334,8.600833333333334
10.7%,0.10737190111111111,10.737190111111111,Nygaard2022,"TurbOPark, A=0.04",288.0,1.2,False,6.872225177711785,0.10737190111111111,10.737190111111111,7.944470833333332,0.08690833333333334,8.690833333333334
10.7%,0.10737190111111111,10.737190111111111,Nygaard2022,"TurbOPark, A=0.04",312.0,1.3,False,7.111166589541973,0.10737190111111111,10.737190111111111,7.973508333333332,0.08917916666666667,8.917916666666667
10.7%,0.10737190111111111,10.737190111111111,Nygaard2022,"TurbOPark, A=0.04",336.0,1.4,False,7.361949694930194,0.10737190111111111,10.737190111111111,8.019754166666667,0.09156249999999999,9.15625
10.7%,0.10737190111111111,10.737190111111111,Nygaard2022,"TurbOPark, A=0.04",360.0,1.5,False,7.563031609601524,0.10737190111111111,10.737190111111111,8.084033333333332,0.092575,9.2575
10.7%,0.10737190111111111,10.737190111111111,Nygaard2022_A0.06,"TurbOPark, A=0.06",-360.0,-1.5,False,7.947301638125607,0.10737190111111111,10.737190111111111,8.250525,0.08638749999999999,8.63875
10.7%,0.10737190111111111,10.737190111111111,Nygaard2022_A0.06,"TurbOPark, A=0.06",-336.0,-1.4,False,8.0194330225404,0.10737190111111111,10.737190111111111,8.309354166666667,0.08389166666666667,8.389166666666666
10.7%,0.10737190111111111,10.737190111111111,Nygaard2022_A0.06,"TurbOPark, A=0.06",-312.0,-1.3,False,8.097679164947815,0.10737190111111111,10.737190111111111,8.357579166666667,0.08269166666666666,8.269166666666667
10.7%,0.10737190111111111,10.737190111111111,Nygaard2022_A0.06,"TurbOPark, A=0.06",-288.0,-1.2,False,8.171225568438778,0.10737190111111111,10.737190111111111,8.401245833333334,0.08210833333333334,8.210833333333333
10.7%,0.10737190111111111,10.737190111111111,Nygaard2022_A0.06,"TurbOPark, A=0.06",-264.0,-1.1,False,8.231617354262667,0.10737190111111111,10.737190111111111,8.435758333333332,0.08051666666666667,8.051666666666666
10.7%,0.10737190111111111,10.737190111111111,Nygaard2022_A0.06,"TurbOPark, A=0.06",-240.0,-1.0,False,8.275107959471208,0.10737190111111111,10.737190111111111,8.459054166666666,0.08015833333333333,8.015833333333333
10.7%,0.10737190111111111,10.737190111111111,Nygaard2022_A0.06,"TurbOPark, A=0.06",-216.0,-0.9,False,8.30324856517038,0.10737190111111111,10.737190111111111,8.46605,0.08128333333333333,8.128333333333334
10.7%,0.10737190111111111,10.737190111111111,Nygaard2022_A0.06,"TurbOPark, A=0.06",-192.0,-0.8,False,8.321394499944205,0.10737190111111111,10.737190111111111,8.452408333333334,0.08303333333333333,8.303333333333333
10.7%,0.10737190111111111,10.737190111111111,Nygaard2022_A0.06,"TurbOPark, A=0.06",-168.0,-0.7,False,8.336093468905341,0.10737190111111111,10.737190111111111,8.4568625,0.08290416666666667,8.290416666666667
10.7%,0.10737190111111111,10.737190111111111,Nygaard2022_A0.06,"TurbOPark, A=0.06",-144.0,-0.6,False,8.352752555864386,0.10737190111111111,10.737190111111111,8.445329166666667,0.08455833333333333,8.455833333333333
10.7%,0.10737190111111111,10.737190111111111,Nygaard2022_A0.06,"TurbOPark, A=0.06",-120.0,-0.5,True,8.374359940842696,0.10737190111111111,10.737190111111111,8.404791666666668,0.0869875,8.69875
10.7%,0.10737190111111111,10.737190111111111,Nygaard2022_A0.06,"TurbOPark, A=0.06",-96.0,-0.4,True,8.401306173568685,0.10737190111111111,10.737190111111111,8.363116666666667,0.08736250000000001,8.736250000000002
10.7%,0.10737190111111111,10.737190111111111,Nygaard2022_A0.06,"TurbOPark, A=0.06",-72.0,-0.3,True,8.431673080732468,0.10737190111111111,10.737190111111111,8.333958333333333,0.0874625,8.74625
10.7%,0.10737190111111111,10.737190111111111,Nygaard2022_A0.06,"TurbOPark, A=0.06",-48.0,-0.2,True,8.461511305121551,0.10737190111111111,10.737190111111111,8.311120833333334,0.08767916666666667,8.767916666666666
10.7%,0.10737190111111111,10.737190111111111,Nygaard2022_A0.06,"TurbOPark, A=0.06",-24.0,-0.1,True,8.48493087807301,0.10737190111111111,10.737190111111111,8.278716666666666,0.08851666666666666,8.851666666666667
10.7%,0.10737190111111111,10.737190111111111,Nygaard2022_A0.06,"TurbOPark, A=0.06",0.0,0.0,True,8.493731827374212,0.10737190111111111,10.737190111111111,8.230699999999999,0.08897083333333333,8.897083333333333
10.7%,0.10737190111111111,10.737190111111111,Nygaard2022_A0.06,"TurbOPark, A=0.06",24.0,0.1,True,8.47746284482496,0.10737190111111111,10.737190111111111,8.165491666666668,0.08792916666666667,8.792916666666667
10.7%,0.10737190111111111,10.737190111111111,Nygaard2022_A0.06,"TurbOPark, A=0.06",48.0,0.2,True,8.425153558468503,0.10737190111111111,10.737190111111111,8.1139125,0.08850833333333334,8.850833333333334
10.7%,0.10737190111111111,10.737190111111111,Nygaard2022_A0.06,"TurbOPark, A=0.06",72.0,0.3,True,8.329405609705931,0.10737190111111111,10.737190111111111,8.055716666666665,0.08889583333333334,8.889583333333334
10.7%,0.10737190111111111,10.737190111111111,Nygaard2022_A0.06,"TurbOPark, A=0.06",96.0,0.4,True,8.190920979298982,0.10737190111111111,10.737190111111111,8.002949999999998,0.09015000000000001,9.015
10.7%,0.10737190111111111,10.737190111111111,Nygaard2022_A0.06,"TurbOPark, A=0.06",120.0,0.5,True,8.020045890015574,0.10737190111111111,10.737190111111111,7.941433333333333,0.08989583333333334,8.989583333333334
10.7%,0.10737190111111111,10.737190111111111,Nygaard2022_A0.06,"TurbOPark, A=0.06",144.0,0.6,False,7.83482052128035,0.10737190111111111,10.737190111111111,7.907,0.08852916666666667,8.852916666666667
10.7%,0.10737190111111111,10.737190111111111,Nygaard2022_A0.06,"TurbOPark, A=0.06",168.0,0.7,False,7.657395635336446,0.10737190111111111,10.737190111111111,7.879566666666667,0.08496666666666666,8.496666666666666
10.7%,0.10737190111111111,10.737190111111111,Nygaard2022_A0.06,"TurbOPark, A=0.06",192.0,0.8,False,7.510128628886347,0.10737190111111111,10.737190111111111,7.8612416666666665,0.08377916666666665,8.377916666666666
10.7%,0.10737190111111111,10.737190111111111,Nygaard2022_A0.06,"TurbOPark, A=0.06",216.0,0.9,False,7.4119931390027265,0.10737190111111111,10.737190111111111,7.863154166666666,0.0841375,8.41375
10.7%,0.10737190111111111,10.737190111111111,Nygaard2022_A0.06,"TurbOPark, A=0.06",240.0,1.0,False,7.375217624584102,0.10737190111111111,10.737190111111111,7.876083333333334,0.08429583333333333,8.429583333333333
10.7%,0.10737190111111111,10.737190111111111,Nygaard2022_A0.06,"TurbOPark, A=0.06",264.0,1.1,False,7.403097630945043,0.10737190111111111,10.737190111111111,7.912141666666667,0.08600833333333334,8.600833333333334
10.7%,0.10737190111111111,10.737190111111111,Nygaard2022_A0.06,"TurbOPark, A=0.06",288.0,1.2,False,7.488697092903535,0.10737190111111111,10.737190111111111,7.944470833333332,0.08690833333333334,8.690833333333334
10.7%,0.10737190111111111,10.737190111111111,Nygaard2022_A0.06,"TurbOPark, A=0.06",312.0,1.3,False,7.615710556482848,0.10737190111111111,10.737190111111111,7.973508333333332,0.08917916666666667,8.917916666666667
10.7%,0.10737190111111111,10.737190111111111,Nygaard2022_A0.06,"TurbOPark, A=0.06",336.0,1.4,False,7.760629534514801,0.10737190111111111,10.737190111111111,8.019754166666667,0.09156249999999999,9.15625
10.7%,0.10737190111111111,10.737190111111111,Nygaard2022_A0.06,"TurbOPark, A=0.06",360.0,1.5,False,7.897519375248146,0.10737190111111111,10.737190111111111,8.084033333333332,0.092575,9.2575
11.4%,0.11353931555555555,11.353931555555555,BPA2014,BPA,-360.0,-1.5,False,8.584001982335053,0.1488030750927285,14.88030750927285,8.250525,0.08638749999999999,8.63875
11.4%,0.11353931555555555,11.353931555555555,BPA2014,BPA,-336.0,-1.4,False,8.633340277205034,0.1488030750927285,14.88030750927285,8.309354166666667,0.08389166666666667,8.389166666666666
11.4%,0.11353931555555555,11.353931555555555,BPA2014,BPA,-312.0,-1.3,False,8.671119615832032,0.1488030750927285,14.88030750927285,8.357579166666667,0.08269166666666666,8.269166666666667
11.4%,0.11353931555555555,11.353931555555555,BPA2014,BPA,-288.0,-1.2,False,8.699951735555238,0.1488030750927285,14.88030750927285,8.401245833333334,0.08210833333333334,8.210833333333333
11.4%,0.11353931555555555,11.353931555555555,BPA2014,BPA,-264.0,-1.1,False,8.721890937113889,0.1488030750927285,14.88030750927285,8.435758333333332,0.08051666666666667,8.051666666666666
11.4%,0.11353931555555555,11.353931555555555,BPA2014,BPA,-240.0,-1.0,False,8.738329172264683,0.1488030750927285,14.88030750927285,8.459054166666666,0.08015833333333333,8.015833333333333
11.4%,0.11353931555555555,11.353931555555555,BPA2014,BPA,-216.0,-0.9,False,8.750010227940882,0.1488030750927285,14.88030750927285,8.46605,0.08128333333333333,8.128333333333334
11.4%,0.11353931555555555,11.353931555555555,BPA2014,BPA,-192.0,-0.8,False,8.757120651639463,0.1488030750927285,14.88030750927285,8.452408333333334,0.08303333333333333,8.303333333333333
11.4%,0.11353931555555555,11.353931555555555,BPA2014,BPA,-168.0,-0.7,False,8.75942144175614,0.1488030750927285,14.88030750927285,8.4568625,0.08290416666666667,8.290416666666667
11.4%,0.11353931555555555,11.353931555555555,BPA2014,BPA,-144.0,-0.6,False,8.756394980128311,0.1488030750927285,14.88030750927285,8.445329166666667,0.08455833333333333,8.455833333333333
11.4%,0.11353931555555555,11.353931555555555,BPA2014,BPA,-120.0,-0.5,True,8.747391888592398,0.160135533576325,16.0135533576325,8.404791666666668,0.0869875,8.69875
11.4%,0.11353931555555555,11.353931555555555,BPA2014,BPA,-96.0,-0.4,True,8.731769983380039,0.160135533576325,16.0135533576325,8.363116666666667,0.08736250000000001,8.736250000000002
11.4%,0.11353931555555555,11.353931555555555,BPA2014,BPA,-72.0,-0.3,True,8.709021543361846,0.160135533576325,16.0135533576325,8.333958333333333,0.0874625,8.74625
11.4%,0.11353931555555555,11.353931555555555,BPA2014,BPA,-48.0,-0.2,True,8.67888616695546,0.160135533576325,16.0135533576325,8.311120833333334,0.08767916666666667,8.767916666666666
11.4%,0.11353931555555555,11.353931555555555,BPA2014,BPA,-24.0,-0.1,True,8.641445647545329,0.160135533576325,16.0135533576325,8.278716666666666,0.08851666666666666,8.851666666666667
11.4%,0.11353931555555555,11.353931555555555,BPA2014,BPA,0.0,0.0,True,8.59719576843331,0.160135533576325,16.0135533576325,8.230699999999999,0.08897083333333333,8.897083333333333
11.4%,0.11353931555555555,11.353931555555555,BPA2014,BPA,24.0,0.1,True,8.547088766146908,0.160135533576325,16.0135533576325,8.165491666666668,0.08792916666666667,8.792916666666667
11.4%,0.11353931555555555,11.353931555555555,BPA2014,BPA,48.0,0.2,True,8.492540184337614,0.160135533576325,16.0135533576325,8.1139125,0.08850833333333334,8.850833333333334
11.4%,0.11353931555555555,11.353931555555555,BPA2014,BPA,72.0,0.3,True,8.43539532084195,0.160135533576325,16.0135533576325,8.055716666666665,0.08889583333333334,8.889583333333334
11.4%,0.11353931555555555,11.353931555555555,BPA2014,BPA,96.0,0.4,True,8.377853469497676,0.160135533576325,16.0135533576325,8.002949999999998,0.09015000000000001,9.015
11.4%,0.11353931555555555,11.353931555555555,BPA2014,BPA,120.0,0.5,True,8.322352350424428,0.160135533576325,16.0135533576325,7.941433333333333,0.08989583333333334,8.989583333333334
11.4%,0.11353931555555555,11.353931555555555,BPA2014,BPA,144.0,0.6,False,8.271419908679846,0.160135533576325,16.0135533576325,7.907,0.08852916666666667,8.852916666666667
11.4%,0.11353931555555555,11.353931555555555,BPA2014,BPA,168.0,0.7,False,8.22750526738669,0.160135533576325,16.0135533576325,7.879566666666667,0.08496666666666666,8.496666666666666
11.4%,0.11353931555555555,11.353931555555555,BPA2014,BPA,192.0,0.8,False,8.192804228434696,0.160135533576325,16.0135533576325,7.8612416666666665,0.08377916666666665,8.377916666666666
11.4%,0.11353931555555555,11.353931555555555,BPA2014,BPA,216.0,0.9,False,8.16909660522751,0.160135533576325,16.0135533576325,7.863154166666666,0.0841375,8.41375
11.4%,0.11353931555555555,11.353931555555555,BPA2014,BPA,240.0,1.0,False,8.15761237481486,0.160135533576325,16.0135533576325,7.876083333333334,0.08429583333333333,8.429583333333333
11.4%,0.11353931555555555,11.353931555555555,BPA2014,BPA,264.0,1.1,False,8.158941026514631,0.160135533576325,16.0135533576325,7.912141666666667,0.08600833333333334,8.600833333333334
11.4%,0.11353931555555555,11.353931555555555,BPA2014,BPA,288.0,1.2,False,8.172993826470055,0.160135533576325,16.0135533576325,7.944470833333332,0.08690833333333334,8.690833333333334
11.4%,0.11353931555555555,11.353931555555555,BPA2014,BPA,312.0,1.3,False,8.199022632168594,0.160135533576325,16.0135533576325,7.973508333333332,0.08917916666666667,8.917916666666667
11.4%,0.11353931555555555,11.353931555555555,BPA2014,BPA,336.0,1.4,False,8.235692235659227,0.160135533576325,16.0135533576325,8.019754166666667,0.09156249999999999,9.15625
11.4%,0.11353931555555555,11.353931555555555,BPA2014,BPA,360.0,1.5,False,8.281196903098051,0.160135533576325,16.0135533576325,8.084033333333332,0.092575,9.2575
11.4%,0.11353931555555555,11.353931555555555,NPA2016,NPA,-360.0,-1.5,False,8.815327132858565,0.1617522102295313,16.175221022953128,8.250525,0.08638749999999999,8.63875
11.4%,0.11353931555555555,11.353931555555555,NPA2016,NPA,-336.0,-1.4,False,8.849020083187671,0.1617522102295313,16.175221022953128,8.309354166666667,0.08389166666666667,8.389166666666666
11.4%,0.11353931555555555,11.353931555555555,NPA2016,NPA,-312.0,-1.3,False,8.877313245361222,0.1617522102295313,16.175221022953128,8.357579166666667,0.08269166666666666,8.269166666666667
11.4%,0.11353931555555555,11.353931555555555,NPA2016,NPA,-288.0,-1.2,False,8.900142699701872,0.1617522102295313,16.175221022953128,8.401245833333334,0.08210833333333334,8.210833333333333
11.4%,0.11353931555555555,11.353931555555555,NPA2016,NPA,-264.0,-1.1,False,8.917633925333767,0.1494397266335231,14.943972663352309,8.435758333333332,0.08051666666666667,8.051666666666666
11.4%,0.11353931555555555,11.353931555555555,NPA2016,NPA,-240.0,-1.0,False,8.930075690055817,0.1494397266335231,14.943972663352309,8.459054166666666,0.08015833333333333,8.015833333333333
11.4%,0.11353931555555555,11.353931555555555,NPA2016,NPA,-216.0,-0.9,False,8.93786790347163,0.1494397266335231,14.943972663352309,8.46605,0.08128333333333333,8.128333333333334
11.4%,0.11353931555555555,11.353931555555555,NPA2016,NPA,-192.0,-0.8,False,8.941504492688038,0.1494397266335231,14.943972663352309,8.452408333333334,0.08303333333333333,8.303333333333333
11.4%,0.11353931555555555,11.353931555555555,NPA2016,NPA,-168.0,-0.7,False,8.941505432785668,0.1494397266335231,14.943972663352309,8.4568625,0.08290416666666667,8.290416666666667
11.4%,0.11353931555555555,11.353931555555555,NPA2016,NPA,-144.0,-0.6,False,8.938403286685437,0.1494397266335231,14.943972663352309,8.445329166666667,0.08455833333333333,8.455833333333333
11.4%,0.11353931555555555,11.353931555555555,NPA2016,NPA,-120.0,-0.5,True,8.932729376715576,0.1494397266335231,14.943972663352309,8.404791666666668,0.0869875,8.69875
11.4%,0.11353931555555555,11.353931555555555,NPA2016,NPA,-96.0,-0.4,True,8.924995140067274,0.1494397266335231,14.943972663352309,8.363116666666667,0.08736250000000001,8.736250000000002
11.4%,0.11353931555555555,11.353931555555555,NPA2016,NPA,-72.0,-0.3,True,8.915679184903006,0.1494397266335231,14.943972663352309,8.333958333333333,0.0874625,8.74625
11.4%,0.11353931555555555,11.353931555555555,NPA2016,NPA,-48.0,-0.2,True,8.905227201560793,0.1494397266335231,14.943972663352309,8.311120833333334,0.08767916666666667,8.767916666666666
11.4%,0.11353931555555555,11.353931555555555,NPA2016,NPA,-24.0,-0.1,True,8.894058659251566,0.1494397266335231,14.943972663352309,8.278716666666666,0.08851666666666666,8.851666666666667
11.4%,0.11353931555555555,11.353931555555555,NPA2016,NPA,0.0,0.0,True,8.88255887532245,0.1494397266335231,14.943972663352309,8.230699999999999,0.08897083333333333,8.897083333333333
11.4%,0.11353931555555555,11.353931555555555,NPA2016,NPA,24.0,0.1,True,8.87108476676308,0.1494397266335231,14.943972663352309,8.165491666666668,0.08792916666666667,8.792916666666667
11.4%,0.11353931555555555,11.353931555555555,NPA2016,NPA,48.0,0.2,True,8.859964739549378,0.1494397266335231,14.943972663352309,8.1139125,0.08850833333333334,8.850833333333334
11.4%,0.11353931555555555,11.353931555555555,NPA2016,NPA,72.0,0.3,True,8.849499387538243,0.1494397266335231,14.943972663352309,8.055716666666665,0.08889583333333334,8.889583333333334
11.4%,0.11353931555555555,11.353931555555555,NPA2016,NPA,96.0,0.4,True,8.839961440670924,0.1494397266335231,14.943972663352309,8.002949999999998,0.09015000000000001,9.015
11.4%,0.11353931555555555,11.353931555555555,NPA2016,NPA,120.0,0.5,True,8.831597088148001,0.1494397266335231,14.943972663352309,7.941433333333333,0.08989583333333334,8.989583333333334
11.4%,0.11353931555555555,11.353931555555555,NPA2016,NPA,144.0,0.6,False,8.824614497253062,0.1494397266335231,14.943972663352309,7.907,0.08852916666666667,8.852916666666667
11.4%,0.11353931555555555,11.353931555555555,NPA2016,NPA,168.0,0.7,False,8.819187595023207,0.1494397266335231,14.943972663352309,7.879566666666667,0.08496666666666666,8.496666666666666
11.4%,0.11353931555555555,11.353931555555555,NPA2016,NPA,192.0,0.8,False,8.815456217852889,0.1494397266335231,14.943972663352309,7.8612416666666665,0.08377916666666665,8.377916666666666
11.4%,0.11353931555555555,11.353931555555555,NPA2016,NPA,216.0,0.9,False,8.81351817054566,0.1494397266335231,14.943972663352309,7.863154166666666,0.0841375,8.41375
11.4%,0.11353931555555555,11.353931555555555,NPA2016,NPA,240.0,1.0,False,8.813419091091754,0.1494397266335231,14.943972663352309,7.876083333333334,0.08429583333333333,8.429583333333333
11.4%,0.11353931555555555,11.353931555555555,NPA2016,NPA,264.0,1.1,False,8.81515939190548,0.1494397266335231,14.943972663352309,7.912141666666667,0.08600833333333334,8.600833333333334
11.4%,0.11353931555555555,11.353931555555555,NPA2016,NPA,288.0,1.2,False,8.818697458274478,0.1494397266335231,14.943972663352309,7.944470833333332,0.08690833333333334,8.690833333333334
11.4%,0.11353931555555555,11.353931555555555,NPA2016,NPA,312.0,1.3,False,8.823921258426694,0.1494397266335231,14.943972663352309,7.973508333333332,0.08917916666666667,8.917916666666667
11.4%,0.11353931555555555,11.353931555555555,NPA2016,NPA,336.0,1.4,False,8.830660096694727,0.1494397266335231,14.943972663352309,8.019754166666667,0.09156249999999999,9.15625
11.4%,0.11353931555555555,11.353931555555555,NPA2016,NPA,360.0,1.5,False,8.838663364949463,0.1494397266335231,14.943972663352309,8.084033333333332,0.092575,9.2575
11.4%,0.11353931555555555,11.353931555555555,Nygaard2022,"TurbOPark, A=0.04",-360.0,-1.5,False,7.452323692246727,0.11353931555555555,11.353931555555555,8.250525,0.08638749999999999,8.63875
11.4%,0.11353931555555555,11.353931555555555,Nygaard2022,"TurbOPark, A=0.04",-336.0,-1.4,False,7.597919908954012,0.11353931555555555,11.353931555555555,8.309354166666667,0.08389166666666667,8.389166666666666
11.4%,0.11353931555555555,11.353931555555555,Nygaard2022,"TurbOPark, A=0.04",-312.0,-1.3,False,7.739297270117217,0.11353931555555555,11.353931555555555,8.357579166666667,0.08269166666666666,8.269166666666667
11.4%,0.11353931555555555,11.353931555555555,Nygaard2022,"TurbOPark, A=0.04",-288.0,-1.2,False,7.847616449635663,0.11353931555555555,11.353931555555555,8.401245833333334,0.08210833333333334,8.210833333333333
11.4%,0.11353931555555555,11.353931555555555,Nygaard2022,"TurbOPark, A=0.04",-264.0,-1.1,False,7.9067156898460365,0.11353931555555555,11.353931555555555,8.435758333333332,0.08051666666666667,8.051666666666666
11.4%,0.11353931555555555,11.353931555555555,Nygaard2022,"TurbOPark, A=0.04",-240.0,-1.0,False,7.92012112878302,0.11353931555555555,11.353931555555555,8.459054166666666,0.08015833333333333,8.015833333333333
11.4%,0.11353931555555555,11.353931555555555,Nygaard2022,"TurbOPark, A=0.04",-216.0,-0.9,False,7.907095515502549,0.11353931555555555,11.353931555555555,8.46605,0.08128333333333333,8.128333333333334
11.4%,0.11353931555555555,11.353931555555555,Nygaard2022,"TurbOPark, A=0.04",-192.0,-0.8,False,7.8909730021027285,0.11353931555555555,11.353931555555555,8.452408333333334,0.08303333333333333,8.303333333333333
11.4%,0.11353931555555555,11.353931555555555,Nygaard2022,"TurbOPark, A=0.04",-168.0,-0.7,False,7.889506745181002,0.11353931555555555,11.353931555555555,8.4568625,0.08290416666666667,8.290416666666667
11.4%,0.11353931555555555,11.353931555555555,Nygaard2022,"TurbOPark, A=0.04",-144.0,-0.6,False,7.911083661786368,0.11353931555555555,11.353931555555555,8.445329166666667,0.08455833333333333,8.455833333333333
11.4%,0.11353931555555555,11.353931555555555,Nygaard2022,"TurbOPark, A=0.04",-120.0,-0.5,True,7.955123860953431,0.11353931555555555,11.353931555555555,8.404791666666668,0.0869875,8.69875
11.4%,0.11353931555555555,11.353931555555555,Nygaard2022,"TurbOPark, A=0.04",-96.0,-0.4,True,8.014307859853597,0.11353931555555555,11.353931555555555,8.363116666666667,0.08736250000000001,8.736250000000002
11.4%,0.11353931555555555,11.353931555555555,Nygaard2022,"TurbOPark, A=0.04",-72.0,-0.3,True,8.077544429039547,0.11353931555555555,11.353931555555555,8.333958333333333,0.0874625,8.74625
11.4%,0.11353931555555555,11.353931555555555,Nygaard2022,"TurbOPark, A=0.04",-48.0,-0.2,True,8.133279190740483,0.11353931555555555,11.353931555555555,8.311120833333334,0.08767916666666667,8.767916666666666
11.4%,0.11353931555555555,11.353931555555555,Nygaard2022,"TurbOPark, A=0.04",-24.0,-0.1,True,8.172312332573682,0.11353931555555555,11.353931555555555,8.278716666666666,0.08851666666666666,8.851666666666667
11.4%,0.11353931555555555,11.353931555555555,Nygaard2022,"TurbOPark, A=0.04",0.0,0.0,True,8.188660168706608,0.11353931555555555,11.353931555555555,8.230699999999999,0.08897083333333333,8.897083333333333
11.4%,0.11353931555555555,11.353931555555555,Nygaard2022,"TurbOPark, A=0.04",24.0,0.1,True,8.177202625512017,0.11353931555555555,11.353931555555555,8.165491666666668,0.08792916666666667,8.792916666666667
11.4%,0.11353931555555555,11.353931555555555,Nygaard2022,"TurbOPark, A=0.04",48.0,0.2,True,8.129504943470966,0.11353931555555555,11.353931555555555,8.1139125,0.08850833333333334,8.850833333333334
11.4%,0.11353931555555555,11.353931555555555,Nygaard2022,"TurbOPark, A=0.04",72.0,0.3,True,8.032344730443771,0.11353931555555555,11.353931555555555,8.055716666666665,0.08889583333333334,8.889583333333334
11.4%,0.11353931555555555,11.353931555555555,Nygaard2022,"TurbOPark, A=0.04",96.0,0.4,True,7.873461743777275,0.11353931555555555,11.353931555555555,8.002949999999998,0.09015000000000001,9.015
11.4%,0.11353931555555555,11.353931555555555,Nygaard2022,"TurbOPark, A=0.04",120.0,0.5,True,7.652539568901068,0.11353931555555555,11.353931555555555,7.941433333333333,0.08989583333333334,8.989583333333334
11.4%,0.11353931555555555,11.353931555555555,Nygaard2022,"TurbOPark, A=0.04",144.0,0.6,False,7.388376613258778,0.11353931555555555,11.353931555555555,7.907,0.08852916666666667,8.852916666666667
11.4%,0.11353931555555555,11.353931555555555,Nygaard2022,"TurbOPark, A=0.04",168.0,0.7,False,7.116589914649117,0.11353931555555555,11.353931555555555,7.879566666666667,0.08496666666666666,8.496666666666666
11.4%,0.11353931555555555,11.353931555555555,Nygaard2022,"TurbOPark, A=0.04",192.0,0.8,False,6.880868118015306,0.11353931555555555,11.353931555555555,7.8612416666666665,0.08377916666666665,8.377916666666666
11.4%,0.11353931555555555,11.353931555555555,Nygaard2022,"TurbOPark, A=0.04",216.0,0.9,False,6.722438759037623,0.11353931555555555,11.353931555555555,7.863154166666666,0.0841375,8.41375
11.4%,0.11353931555555555,11.353931555555555,Nygaard2022,"TurbOPark, A=0.04",240.0,1.0,False,6.67038692555397,0.11353931555555555,11.353931555555555,7.876083333333334,0.08429583333333333,8.429583333333333
11.4%,0.11353931555555555,11.353931555555555,Nygaard2022,"TurbOPark, A=0.04",264.0,1.1,False,6.734400181838727,0.11353931555555555,11.353931555555555,7.912141666666667,0.08600833333333334,8.600833333333334
11.4%,0.11353931555555555,11.353931555555555,Nygaard2022,"TurbOPark, A=0.04",288.0,1.2,False,6.901023877640786,0.11353931555555555,11.353931555555555,7.944470833333332,0.08690833333333334,8.690833333333334
11.4%,0.11353931555555555,11.353931555555555,Nygaard2022,"TurbOPark, A=0.04",312.0,1.3,False,7.134235605035226,0.11353931555555555,11.353931555555555,7.973508333333332,0.08917916666666667,8.917916666666667
11.4%,0.11353931555555555,11.353931555555555,Nygaard2022,"TurbOPark, A=0.04",336.0,1.4,False,7.380629549796318,0.11353931555555555,11.353931555555555,8.019754166666667,0.09156249999999999,9.15625
11.4%,0.11353931555555555,11.353931555555555,Nygaard2022,"TurbOPark, A=0.04",360.0,1.5,False,7.5811343093426,0.11353931555555555,11.353931555555555,8.084033333333332,0.092575,9.2575
11.4%,0.11353931555555555,11.353931555555555,Nygaard2022_A0.06,"TurbOPark, A=0.06",-360.0,-1.5,False,7.980756894816499,0.11353931555555555,11.353931555555555,8.250525,0.08638749999999999,8.63875
11.4%,0.11353931555555555,11.353931555555555,Nygaard2022_A0.06,"TurbOPark, A=0.06",-336.0,-1.4,False,8.049492882672673,0.11353931555555555,11.353931555555555,8.309354166666667,0.08389166666666667,8.389166666666666
11.4%,0.11353931555555555,11.353931555555555,Nygaard2022_A0.06,"TurbOPark, A=0.06",-312.0,-1.3,False,8.124900889512146,0.11353931555555555,11.353931555555555,8.357579166666667,0.08269166666666666,8.269166666666667
11.4%,0.11353931555555555,11.353931555555555,Nygaard2022_A0.06,"TurbOPark, A=0.06",-288.0,-1.2,False,8.196952933345448,0.11353931555555555,11.353931555555555,8.401245833333334,0.08210833333333334,8.210833333333333
11.4%,0.11353931555555555,11.353931555555555,Nygaard2022_A0.06,"TurbOPark, A=0.06",-264.0,-1.1,False,8.25756546882818,0.11353931555555555,11.353931555555555,8.435758333333332,0.08051666666666667,8.051666666666666
11.4%,0.11353931555555555,11.353931555555555,Nygaard2022_A0.06,"TurbOPark, A=0.06",-240.0,-1.0,False,8.302763090420328,0.11353931555555555,11.353931555555555,8.459054166666666,0.08015833333333333,8.015833333333333
11.4%,0.11353931555555555,11.353931555555555,Nygaard2022_A0.06,"TurbOPark, A=0.06",-216.0,-0.9,False,8.333382332119921,0.11353931555555555,11.353931555555555,8.46605,0.08128333333333333,8.128333333333334
11.4%,0.11353931555555555,11.353931555555555,Nygaard2022_A0.06,"TurbOPark, A=0.06",-192.0,-0.8,False,8.353910907447307,0.11353931555555555,11.353931555555555,8.452408333333334,0.08303333333333333,8.303333333333333
11.4%,0.11353931555555555,11.353931555555555,Nygaard2022_A0.06,"TurbOPark, A=0.06",-168.0,-0.7,False,8.370220468216798,0.11353931555555555,11.353931555555555,8.4568625,0.08290416666666667,8.290416666666667
11.4%,0.11353931555555555,11.353931555555555,Nygaard2022_A0.06,"TurbOPark, A=0.06",-144.0,-0.6,False,8.3874107170371,0.11353931555555555,11.353931555555555,8.445329166666667,0.08455833333333333,8.455833333333333
11.4%,0.11353931555555555,11.353931555555555,Nygaard2022_A0.06,"TurbOPark, A=0.06",-120.0,-0.5,True,8.408547840005522,0.11353931555555555,11.353931555555555,8.404791666666668,0.0869875,8.69875
11.4%,0.11353931555555555,11.353931555555555,Nygaard2022_A0.06,"TurbOPark, A=0.06",-96.0,-0.4,True,8.434320886444151,0.11353931555555555,11.353931555555555,8.363116666666667,0.08736250000000001,8.736250000000002
11.4%,0.11353931555555555,11.353931555555555,Nygaard2022_A0.06,"TurbOPark, A=0.06",-72.0,-0.3,True,8.463183699204613,0.11353931555555555,11.353931555555555,8.333958333333333,0.0874625,8.74625
11.4%,0.11353931555555555,11.353931555555555,Nygaard2022_A0.06,"TurbOPark, A=0.06",-48.0,-0.2,True,8.491535667421747,0.11353931555555555,11.353931555555555,8.311120833333334,0.08767916666666667,8.767916666666666
11.4%,0.11353931555555555,11.353931555555555,Nygaard2022_A0.06,"TurbOPark, A=0.06",-24.0,-0.1,True,8.513620663312947,0.11353931555555555,11.353931555555555,8.278716666666666,0.08851666666666666,8.851666666666667
11.4%,0.11353931555555555,11.353931555555555,Nygaard2022_A0.06,"TurbOPark, A=0.06",0.0,0.0,True,8.52118797265624,0.11353931555555555,11.353931555555555,8.230699999999999,0.08897083333333333,8.897083333333333
11.4%,0.11353931555555555,11.353931555555555,Nygaard2022_A0.06,"TurbOPark, A=0.06",24.0,0.1,True,8.503629198417775,0.11353931555555555,11.353931555555555,8.165491666666668,0.08792916666666667,8.792916666666667
11.4%,0.11353931555555555,11.353931555555555,Nygaard2022_A0.06,"TurbOPark, A=0.06",48.0,0.2,True,8.449961820573202,0.11353931555555555,11.353931555555555,8.1139125,0.08850833333333334,8.850833333333334
11.4%,0.11353931555555555,11.353931555555555,Nygaard2022_A0.06,"TurbOPark, A=0.06",72.0,0.3,True,8.353183881259863,0.11353931555555555,11.353931555555555,8.055716666666665,0.08889583333333334,8.889583333333334
11.4%,0.11353931555555555,11.353931555555555,Nygaard2022_A0.06,"TurbOPark, A=0.06",96.0,0.4,True,8.21455335038114,0.11353931555555555,11.353931555555555,8.002949999999998,0.09015000000000001,9.015
11.4%,0.11353931555555555,11.353931555555555,Nygaard2022_A0.06,"TurbOPark, A=0.06",120.0,0.5,True,8.04475681647033,0.11353931555555555,11.353931555555555,7.941433333333333,0.08989583333333334,8.989583333333334
11.4%,0.11353931555555555,11.353931555555555,Nygaard2022_A0.06,"TurbOPark, A=0.06",144.0,0.6,False,7.861716244336273,0.11353931555555555,11.353931555555555,7.907,0.08852916666666667,8.852916666666667
11.4%,0.11353931555555555,11.353931555555555,Nygaard2022_A0.06,"TurbOPark, A=0.06",168.0,0.7,False,7.686996420587459,0.11353931555555555,11.353931555555555,7.879566666666667,0.08496666666666666,8.496666666666666
11.4%,0.11353931555555555,11.353931555555555,Nygaard2022_A0.06,"TurbOPark, A=0.06",192.0,0.8,False,7.542212768467259,0.11353931555555555,11.353931555555555,7.8612416666666665,0.08377916666666665,8.377916666666666
11.4%,0.11353931555555555,11.353931555555555,Nygaard2022_A0.06,"TurbOPark, A=0.06",216.0,0.9,False,7.445500438896174,0.11353931555555555,11.353931555555555,7.863154166666666,0.0841375,8.41375
11.4%,0.11353931555555555,11.353931555555555,Nygaard2022_A0.06,"TurbOPark, A=0.06",240.0,1.0,False,7.408601522004213,0.11353931555555555,11.353931555555555,7.876083333333334,0.08429583333333333,8.429583333333333
11.4%,0.11353931555555555,11.353931555555555,Nygaard2022_A0.06,"TurbOPark, A=0.06",264.0,1.1,False,7.434641629848988,0.11353931555555555,11.353931555555555,7.912141666666667,0.08600833333333334,8.600833333333334
11.4%,0.11353931555555555,11.353931555555555,Nygaard2022_A0.06,"TurbOPark, A=0.06",288.0,1.2,False,7.51704638592308,0.11353931555555555,11.353931555555555,7.944470833333332,0.08690833333333334,8.690833333333334
11.4%,0.11353931555555555,11.353931555555555,Nygaard2022_A0.06,"TurbOPark, A=0.06",312.0,1.3,False,7.640282412522871,0.11353931555555555,11.353931555555555,7.973508333333332,0.08917916666666667,8.917916666666667
11.4%,0.11353931555555555,11.353931555555555,Nygaard2022_A0.06,"TurbOPark, A=0.06",336.0,1.4,False,7.782086197949273,0.11353931555555555,11.353931555555555,8.019754166666667,0.09156249999999999,9.15625
11.4%,0.11353931555555555,11.353931555555555,Nygaard2022_A0.06,"TurbOPark, A=0.06",360.0,1.5,False,7.917674756965219,0.11353931555555555,11.353931555555555,8.084033333333332,0.092575,9.2575
12.0%,0.11970673,11.970673,BPA2014,BPA,-360.0,-1.5,False,8.584001982335053,0.1534572488779747,15.345724887797472,8.250525,0.08638749999999999,8.63875
12.0%,0.11970673,11.970673,BPA2014,BPA,-336.0,-1.4,False,8.633340277205034,0.1534572488779747,15.345724887797472,8.309354166666667,0.08389166666666667,8.389166666666666
12.0%,0.11970673,11.970673,BPA2014,BPA,-312.0,-1.3,False,8.671119615832032,0.1534572488779747,15.345724887797472,8.357579166666667,0.08269166666666666,8.269166666666667
12.0%,0.11970673,11.970673,BPA2014,BPA,-288.0,-1.2,False,8.699951735555238,0.1534572488779747,15.345724887797472,8.401245833333334,0.08210833333333334,8.210833333333333
12.0%,0.11970673,11.970673,BPA2014,BPA,-264.0,-1.1,False,8.721890937113889,0.1534572488779747,15.345724887797472,8.435758333333332,0.08051666666666667,8.051666666666666
12.0%,0.11970673,11.970673,BPA2014,BPA,-240.0,-1.0,False,8.738329172264683,0.1534572488779747,15.345724887797472,8.459054166666666,0.08015833333333333,8.015833333333333
12.0%,0.11970673,11.970673,BPA2014,BPA,-216.0,-0.9,False,8.750010227940882,0.1534572488779747,15.345724887797472,8.46605,0.08128333333333333,8.128333333333334
12.0%,0.11970673,11.970673,BPA2014,BPA,-192.0,-0.8,False,8.757120651639463,0.1534572488779747,15.345724887797472,8.452408333333334,0.08303333333333333,8.303333333333333
12.0%,0.11970673,11.970673,BPA2014,BPA,-168.0,-0.7,False,8.75942144175614,0.1534572488779747,15.345724887797472,8.4568625,0.08290416666666667,8.290416666666667
12.0%,0.11970673,11.970673,BPA2014,BPA,-144.0,-0.6,False,8.756394980128311,0.1534572488779747,15.345724887797472,8.445329166666667,0.08455833333333333,8.455833333333333
12.0%,0.11970673,11.970673,BPA2014,BPA,-120.0,-0.5,True,8.747391888592398,0.16443279642712974,16.443279642712973,8.404791666666668,0.0869875,8.69875
12.0%,0.11970673,11.970673,BPA2014,BPA,-96.0,-0.4,True,8.731769983380039,0.16443279642712974,16.443279642712973,8.363116666666667,0.08736250000000001,8.736250000000002
12.0%,0.11970673,11.970673,BPA2014,BPA,-72.0,-0.3,True,8.709021543361846,0.16443279642712974,16.443279642712973,8.333958333333333,0.0874625,8.74625
12.0%,0.11970673,11.970673,BPA2014,BPA,-48.0,-0.2,True,8.67888616695546,0.16443279642712974,16.443279642712973,8.311120833333334,0.08767916666666667,8.767916666666666
12.0%,0.11970673,11.970673,BPA2014,BPA,-24.0,-0.1,True,8.641445647545329,0.16443279642712974,16.443279642712973,8.278716666666666,0.08851666666666666,8.851666666666667
12.0%,0.11970673,11.970673,BPA2014,BPA,0.0,0.0,True,8.59719576843331,0.16443279642712974,16.443279642712973,8.230699999999999,0.08897083333333333,8.897083333333333
12.0%,0.11970673,11.970673,BPA2014,BPA,24.0,0.1,True,8.547088766146908,0.16443279642712974,16.443279642712973,8.165491666666668,0.08792916666666667,8.792916666666667
12.0%,0.11970673,11.970673,BPA2014,BPA,48.0,0.2,True,8.492540184337614,0.16443279642712974,16.443279642712973,8.1139125,0.08850833333333334,8.850833333333334
12.0%,0.11970673,11.970673,BPA2014,BPA,72.0,0.3,True,8.43539532084195,0.16443279642712974,16.443279642712973,8.055716666666665,0.08889583333333334,8.889583333333334
12.0%,0.11970673,11.970673,BPA2014,BPA,96.0,0.4,True,8.377853469497676,0.16443279642712974,16.443279642712973,8.002949999999998,0.09015000000000001,9.015
12.0%,0.11970673,11.970673,BPA2014,BPA,120.0,0.5,True,8.322352350424428,0.16443279642712974,16.443279642712973,7.941433333333333,0.08989583333333334,8.989583333333334
12.0%,0.11970673,11.970673,BPA2014,BPA,144.0,0.6,False,8.271419908679846,0.16443279642712974,16.443279642712973,7.907,0.08852916666666667,8.852916666666667
12.0%,0.11970673,11.970673,BPA2014,BPA,168.0,0.7,False,8.22750526738669,0.16443279642712974,16.443279642712973,7.879566666666667,0.08496666666666666,8.496666666666666
12.0%,0.11970673,11.970673,BPA2014,BPA,192.0,0.8,False,8.192804228434696,0.16443279642712974,16.443279642712973,7.8612416666666665,0.08377916666666665,8.377916666666666
12.0%,0.11970673,11.970673,BPA2014,BPA,216.0,0.9,False,8.16909660522751,0.16443279642712974,16.443279642712973,7.863154166666666,0.0841375,8.41375
12.0%,0.11970673,11.970673,BPA2014,BPA,240.0,1.0,False,8.15761237481486,0.16443279642712974,16.443279642712973,7.876083333333334,0.08429583333333333,8.429583333333333
12.0%,0.11970673,11.970673,BPA2014,BPA,264.0,1.1,False,8.158941026514631,0.16443279642712974,16.443279642712973,7.912141666666667,0.08600833333333334,8.600833333333334
12.0%,0.11970673,11.970673,BPA2014,BPA,288.0,1.2,False,8.172993826470055,0.16443279642712974,16.443279642712973,7.944470833333332,0.08690833333333334,8.690833333333334
12.0%,0.11970673,11.970673,BPA2014,BPA,312.0,1.3,False,8.199022632168594,0.16443279642712974,16.443279642712973,7.973508333333332,0.08917916666666667,8.917916666666667
12.0%,0.11970673,11.970673,BPA2014,BPA,336.0,1.4,False,8.235692235659227,0.16443279642712974,16.443279642712973,8.019754166666667,0.09156249999999999,9.15625
12.0%,0.11970673,11.970673,BPA2014,BPA,360.0,1.5,False,8.281196903098051,0.16443279642712974,16.443279642712973,8.084033333333332,0.092575,9.2575
12.0%,0.11970673,11.970673,NPA2016,NPA,-360.0,-1.5,False,8.826557974093312,0.1662755120477234,16.627551204772338,8.250525,0.08638749999999999,8.63875
12.0%,0.11970673,11.970673,NPA2016,NPA,-336.0,-1.4,False,8.859004934567663,0.1662755120477234,16.627551204772338,8.309354166666667,0.08389166666666667,8.389166666666666
12.0%,0.11970673,11.970673,NPA2016,NPA,-312.0,-1.3,False,8.886510649719932,0.1662755120477234,16.627551204772338,8.357579166666667,0.08269166666666666,8.269166666666667
12.0%,0.11970673,11.970673,NPA2016,NPA,-288.0,-1.2,False,8.908950416453541,0.1662755120477234,16.627551204772338,8.401245833333334,0.08210833333333334,8.210833333333333
12.0%,0.11970673,11.970673,NPA2016,NPA,-264.0,-1.1,False,8.92640223327541,0.1662755120477234,16.627551204772338,8.435758333333332,0.08051666666666667,8.051666666666666
12.0%,0.11970673,11.970673,NPA2016,NPA,-240.0,-1.0,False,8.939097271343476,0.15428196401252262,15.428196401252261,8.459054166666666,0.08015833333333333,8.015833333333333
12.0%,0.11970673,11.970673,NPA2016,NPA,-216.0,-0.9,False,8.947384689582524,0.15428196401252262,15.428196401252261,8.46605,0.08128333333333333,8.128333333333334
12.0%,0.11970673,11.970673,NPA2016,NPA,-192.0,-0.8,False,8.951695441109118,0.15428196401252262,15.428196401252261,8.452408333333334,0.08303333333333333,8.303333333333333
12.0%,0.11970673,11.970673,NPA2016,NPA,-168.0,-0.7,False,8.952510999573644,0.15428196401252262,15.428196401252261,8.4568625,0.08290416666666667,8.290416666666667
12.0%,0.11970673,11.970673,NPA2016,NPA,-144.0,-0.6,False,8.950329726594976,0.15428196401252262,15.428196401252261,8.445329166666667,0.08455833333333333,8.455833333333333
12.0%,0.11970673,11.970673,NPA2016,NPA,-120.0,-0.5,True,8.945651607366152,0.15428196401252262,15.428196401252261,8.404791666666668,0.0869875,8.69875
12.0%,0.11970673,11.970673,NPA2016,NPA,-96.0,-0.4,True,8.938965710706132,0.15428196401252262,15.428196401252261,8.363116666666667,0.08736250000000001,8.736250000000002
12.0%,0.11970673,11.970673,NPA2016,NPA,-72.0,-0.3,True,8.930731009238794,0.15428196401252262,15.428196401252261,8.333958333333333,0.0874625,8.74625
12.0%,0.11970673,11.970673,NPA2016,NPA,-48.0,-0.2,True,8.921382027087715,0.15428196401252262,15.428196401252261,8.311120833333334,0.08767916666666667,8.767916666666666
12.0%,0.11970673,11.970673,NPA2016,NPA,-24.0,-0.1,True,8.911320515287983,0.15428196401252262,15.428196401252261,8.278716666666666,0.08851666666666666,8.851666666666667
12.0%,0.11970673,11.970673,NPA2016,NPA,0.0,0.0,True,8.900916591677706,0.15428196401252262,15.428196401252261,8.230699999999999,0.08897083333333333,8.897083333333333
12.0%,0.11970673,11.970673,NPA2016,NPA,24.0,0.1,True,8.890510555519516,0.15428196401252262,15.428196401252261,8.165491666666668,0.08792916666666667,8.792916666666667
12.0%,0.11970673,11.970673,NPA2016,NPA,48.0,0.2,True,8.880412398839514,0.15428196401252262,15.428196401252261,8.1139125,0.08850833333333334,8.850833333333334
12.0%,0.11970673,11.970673,NPA2016,NPA,72.0,0.3,True,8.87090580155058,0.15428196401252262,15.428196401252261,8.055716666666665,0.08889583333333334,8.889583333333334
12.0%,0.11970673,11.970673,NPA2016,NPA,96.0,0.4,True,8.862241368808576,0.15428196401252262,15.428196401252261,8.002949999999998,0.09015000000000001,9.015
12.0%,0.11970673,11.970673,NPA2016,NPA,120.0,0.5,True,8.85464065929864,0.15428196401252262,15.428196401252261,7.941433333333333,0.08989583333333334,8.989583333333334
12.0%,0.11970673,11.970673,NPA2016,NPA,144.0,0.6,False,8.84829476315193,0.15428196401252262,15.428196401252261,7.907,0.08852916666666667,8.852916666666667
12.0%,0.11970673,11.970673,NPA2016,NPA,168.0,0.7,False,8.843359947124897,0.15428196401252262,15.428196401252261,7.879566666666667,0.08496666666666666,8.496666666666666
12.0%,0.11970673,11.970673,NPA2016,NPA,192.0,0.8,False,8.839956232038444,0.15428196401252262,15.428196401252261,7.8612416666666665,0.08377916666666665,8.377916666666666
12.0%,0.11970673,11.970673,NPA2016,NPA,216.0,0.9,False,8.838169756125215,0.15428196401252262,15.428196401252261,7.863154166666666,0.0841375,8.41375
12.0%,0.11970673,11.970673,NPA2016,NPA,240.0,1.0,False,8.838041519451572,0.15428196401252262,15.428196401252261,7.876083333333334,0.08429583333333333,8.429583333333333
12.0%,0.11970673,11.970673,NPA2016,NPA,264.0,1.1,False,8.83956769230205,0.15428196401252262,15.428196401252261,7.912141666666667,0.08600833333333334,8.600833333333334
12.0%,0.11970673,11.970673,NPA2016,NPA,288.0,1.2,False,8.842702990043408,0.15428196401252262,15.428196401252261,7.944470833333332,0.08690833333333334,8.690833333333334
12.0%,0.11970673,11.970673,NPA2016,NPA,312.0,1.3,False,8.847343565685751,0.15428196401252262,15.428196401252261,7.973508333333332,0.08917916666666667,8.917916666666667
12.0%,0.11970673,11.970673,NPA2016,NPA,336.0,1.4,False,8.85332287126554,0.15428196401252262,15.428196401252261,8.019754166666667,0.09156249999999999,9.15625
12.0%,0.11970673,11.970673,NPA2016,NPA,360.0,1.5,False,8.860399235662355,0.15428196401252262,15.428196401252261,8.084033333333332,0.092575,9.2575
12.0%,0.11970673,11.970673,Nygaard2022,"TurbOPark, A=0.04",-360.0,-1.5,False,7.487951869980311,0.11970673,11.970673,8.250525,0.08638749999999999,8.63875
12.0%,0.11970673,11.970673,Nygaard2022,"TurbOPark, A=0.04",-336.0,-1.4,False,7.62775935849501,0.11970673,11.970673,8.309354166666667,0.08389166666666667,8.389166666666666
12.0%,0.11970673,11.970673,Nygaard2022,"TurbOPark, A=0.04",-312.0,-1.3,False,7.765140168399686,0.11970673,11.970673,8.357579166666667,0.08269166666666666,8.269166666666667
12.0%,0.11970673,11.970673,Nygaard2022,"TurbOPark, A=0.04",-288.0,-1.2,False,7.872939365271945,0.11970673,11.970673,8.401245833333334,0.08210833333333334,8.210833333333333
12.0%,0.11970673,11.970673,Nygaard2022,"TurbOPark, A=0.04",-264.0,-1.1,False,7.93533995894271,0.11970673,11.970673,8.435758333333332,0.08051666666666667,8.051666666666666
12.0%,0.11970673,11.970673,Nygaard2022,"TurbOPark, A=0.04",-240.0,-1.0,False,7.954450087445859,0.11970673,11.970673,8.459054166666666,0.08015833333333333,8.015833333333333
12.0%,0.11970673,11.970673,Nygaard2022,"TurbOPark, A=0.04",-216.0,-0.9,False,7.94722141312112,0.11970673,11.970673,8.46605,0.08128333333333333,8.128333333333334
12.0%,0.11970673,11.970673,Nygaard2022,"TurbOPark, A=0.04",-192.0,-0.8,False,7.935129968279375,0.11970673,11.970673,8.452408333333334,0.08303333333333333,8.303333333333333
12.0%,0.11970673,11.970673,Nygaard2022,"TurbOPark, A=0.04",-168.0,-0.7,False,7.935038897887925,0.11970673,11.970673,8.4568625,0.08290416666666667,8.290416666666667
12.0%,0.11970673,11.970673,Nygaard2022,"TurbOPark, A=0.04",-144.0,-0.6,False,7.955385762203337,0.11970673,11.970673,8.445329166666667,0.08455833333333333,8.455833333333333
12.0%,0.11970673,11.970673,Nygaard2022,"TurbOPark, A=0.04",-120.0,-0.5,True,7.996325300629673,0.11970673,11.970673,8.404791666666668,0.0869875,8.69875
12.0%,0.11970673,11.970673,Nygaard2022,"TurbOPark, A=0.04",-96.0,-0.4,True,8.051689184119622,0.11970673,11.970673,8.363116666666667,0.08736250000000001,8.736250000000002
12.0%,0.11970673,11.970673,Nygaard2022,"TurbOPark, A=0.04",-72.0,-0.3,True,8.111688486322636,0.11970673,11.970673,8.333958333333333,0.0874625,8.74625
12.0%,0.11970673,11.970673,Nygaard2022,"TurbOPark, A=0.04",-48.0,-0.2,True,8.165826548734655,0.11970673,11.970673,8.311120833333334,0.08767916666666667,8.767916666666666
12.0%,0.11970673,11.970673,Nygaard2022,"TurbOPark, A=0.04",-24.0,-0.1,True,8.205272563280475,0.11970673,11.970673,8.278716666666666,0.08851666666666666,8.851666666666667
12.0%,0.11970673,11.970673,Nygaard2022,"TurbOPark, A=0.04",0.0,0.0,True,8.223437737416404,0.11970673,11.970673,8.230699999999999,0.08897083333333333,8.897083333333333
12.0%,0.11970673,11.970673,Nygaard2022,"TurbOPark, A=0.04",24.0,0.1,True,8.21383532400864,0.11970673,11.970673,8.165491666666668,0.08792916666666667,8.792916666666667
12.0%,0.11970673,11.970673,Nygaard2022,"TurbOPark, A=0.04",48.0,0.2,True,8.166614759820572,0.11970673,11.970673,8.1139125,0.08850833333333334,8.850833333333334
12.0%,0.11970673,11.970673,Nygaard2022,"TurbOPark, A=0.04",72.0,0.3,True,8.06800401794192,0.11970673,11.970673,8.055716666666665,0.08889583333333334,8.889583333333334
12.0%,0.11970673,11.970673,Nygaard2022,"TurbOPark, A=0.04",96.0,0.4,True,7.906595389196265,0.11970673,11.970673,8.002949999999998,0.09015000000000001,9.015
12.0%,0.11970673,11.970673,Nygaard2022,"TurbOPark, A=0.04",120.0,0.5,True,7.6837787350217654,0.11970673,11.970673,7.941433333333333,0.08989583333333334,8.989583333333334
12.0%,0.11970673,11.970673,Nygaard2022,"TurbOPark, A=0.04",144.0,0.6,False,7.419544358449759,0.11970673,11.970673,7.907,0.08852916666666667,8.852916666666667
12.0%,0.11970673,11.970673,Nygaard2022,"TurbOPark, A=0.04",168.0,0.7,False,7.149457797562226,0.11970673,11.970673,7.879566666666667,0.08496666666666666,8.496666666666666
12.0%,0.11970673,11.970673,Nygaard2022,"TurbOPark, A=0.04",192.0,0.8,False,6.916140132435418,0.11970673,11.970673,7.8612416666666665,0.08377916666666665,8.377916666666666
12.0%,0.11970673,11.970673,Nygaard2022,"TurbOPark, A=0.04",216.0,0.9,False,6.759390143280326,0.11970673,11.970673,7.863154166666666,0.0841375,8.41375
12.0%,0.11970673,11.970673,Nygaard2022,"TurbOPark, A=0.04",240.0,1.0,False,6.707094674208008,0.11970673,11.970673,7.876083333333334,0.08429583333333333,8.429583333333333
12.0%,0.11970673,11.970673,Nygaard2022,"TurbOPark, A=0.04",264.0,1.1,False,6.768367647539298,0.11970673,11.970673,7.912141666666667,0.08600833333333334,8.600833333333334
12.0%,0.11970673,11.970673,Nygaard2022,"TurbOPark, A=0.04",288.0,1.2,False,6.930117352758073,0.11970673,11.970673,7.944470833333332,0.08690833333333334,8.690833333333334
12.0%,0.11970673,11.970673,Nygaard2022,"TurbOPark, A=0.04",312.0,1.3,False,7.15762162740535,0.11970673,11.970673,7.973508333333332,0.08917916666666667,8.917916666666667
12.0%,0.11970673,11.970673,Nygaard2022,"TurbOPark, A=0.04",336.0,1.4,False,7.3995852870973104,0.11970673,11.970673,8.019754166666667,0.09156249999999999,9.15625
12.0%,0.11970673,11.970673,Nygaard2022,"TurbOPark, A=0.04",360.0,1.5,False,7.599296577586963,0.11970673,11.970673,8.084033333333332,0.092575,9.2575
12.0%,0.11970673,11.970673,Nygaard2022_A0.06,"TurbOPark, A=0.06",-360.0,-1.5,False,8.013624173447287,0.11970673,11.970673,8.250525,0.08638749999999999,8.63875
12.0%,0.11970673,11.970673,Nygaard2022_A0.06,"TurbOPark, A=0.06",-336.0,-1.4,False,8.079126096898301,0.11970673,11.970673,8.309354166666667,0.08389166666666667,8.389166666666666
12.0%,0.11970673,11.970673,Nygaard2022_A0.06,"TurbOPark, A=0.06",-312.0,-1.3,False,8.151733711636963,0.11970673,11.970673,8.357579166666667,0.08269166666666666,8.269166666666667
12.0%,0.11970673,11.970673,Nygaard2022_A0.06,"TurbOPark, A=0.06",-288.0,-1.2,False,8.222161977902143,0.11970673,11.970673,8.401245833333334,0.08210833333333334,8.210833333333333
12.0%,0.11970673,11.970673,Nygaard2022_A0.06,"TurbOPark, A=0.06",-264.0,-1.1,False,8.282711653799868,0.11970673,11.970673,8.435758333333332,0.08051666666666667,8.051666666666666
12.0%,0.11970673,11.970673,Nygaard2022_A0.06,"TurbOPark, A=0.06",-240.0,-1.0,False,8.329260719108609,0.11970673,11.970673,8.459054166666666,0.08015833333333333,8.015833333333333
12.0%,0.11970673,11.970673,Nygaard2022_A0.06,"TurbOPark, A=0.06",-216.0,-0.9,False,8.362030235586415,0.11970673,11.970673,8.46605,0.08128333333333333,8.128333333333334
12.0%,0.11970673,11.970673,Nygaard2022_A0.06,"TurbOPark, A=0.06",-192.0,-0.8,False,8.384716903818342,0.11970673,11.970673,8.452408333333334,0.08303333333333333,8.303333333333333
12.0%,0.11970673,11.970673,Nygaard2022_A0.06,"TurbOPark, A=0.06",-168.0,-0.7,False,8.402566462878404,0.11970673,11.970673,8.4568625,0.08290416666666667,8.290416666666667
12.0%,0.11970673,11.970673,Nygaard2022_A0.06,"TurbOPark, A=0.06",-144.0,-0.6,False,8.420359480267644,0.11970673,11.970673,8.445329166666667,0.08455833333333333,8.455833333333333
12.0%,0.11970673,11.970673,Nygaard2022_A0.06,"TurbOPark, A=0.06",-120.0,-0.5,True,8.441167807322875,0.11970673,11.970673,8.404791666666668,0.0869875,8.69875
12.0%,0.11970673,11.970673,Nygaard2022_A0.06,"TurbOPark, A=0.06",-96.0,-0.4,True,8.465915958632955,0.11970673,11.970673,8.363116666666667,0.08736250000000001,8.736250000000002
12.0%,0.11970673,11.970673,Nygaard2022_A0.06,"TurbOPark, A=0.06",-72.0,-0.3,True,8.49338259860697,0.11970673,11.970673,8.333958333333333,0.0874625,8.74625
12.0%,0.11970673,11.970673,Nygaard2022_A0.06,"TurbOPark, A=0.06",-48.0,-0.2,True,8.52025180377144,0.11970673,11.970673,8.311120833333334,0.08767916666666667,8.767916666666666
12.0%,0.11970673,11.970673,Nygaard2022_A0.06,"TurbOPark, A=0.06",-24.0,-0.1,True,8.540901015259722,0.11970673,11.970673,8.278716666666666,0.08851666666666666,8.851666666666667
12.0%,0.11970673,11.970673,Nygaard2022_A0.06,"TurbOPark, A=0.06",0.0,0.0,True,8.547048039183155,0.11970673,11.970673,8.230699999999999,0.08897083333333333,8.897083333333333
12.0%,0.11970673,11.970673,Nygaard2022_A0.06,"TurbOPark, A=0.06",24.0,0.1,True,8.528008190670676,0.11970673,11.970673,8.165491666666668,0.08792916666666667,8.792916666666667
12.0%,0.11970673,11.970673,Nygaard2022_A0.06,"TurbOPark, A=0.06",48.0,0.2,True,8.472939731013927,0.11970673,11.970673,8.1139125,0.08850833333333334,8.850833333333334
12.0%,0.11970673,11.970673,Nygaard2022_A0.06,"TurbOPark, A=0.06",72.0,0.3,True,8.375253204070455,0.11970673,11.970673,8.055716666666665,0.08889583333333334,8.889583333333334
12.0%,0.11970673,11.970673,Nygaard2022_A0.06,"TurbOPark, A=0.06",96.0,0.4,True,8.236749198385189,0.11970673,11.970673,8.002949999999998,0.09015000000000001,9.015
12.0%,0.11970673,11.970673,Nygaard2022_A0.06,"TurbOPark, A=0.06",120.0,0.5,True,8.068370464206781,0.11970673,11.970673,7.941433333333333,0.08989583333333334,8.989583333333334
12.0%,0.11970673,11.970673,Nygaard2022_A0.06,"TurbOPark, A=0.06",144.0,0.6,False,7.887823746759363,0.11970673,11.970673,7.907,0.08852916666666667,8.852916666666667
12.0%,0.11970673,11.970673,Nygaard2022_A0.06,"TurbOPark, A=0.06",168.0,0.7,False,7.716084712518709,0.11970673,11.970673,7.879566666666667,0.08496666666666666,8.496666666666666
12.0%,0.11970673,11.970673,Nygaard2022_A0.06,"TurbOPark, A=0.06",192.0,0.8,False,7.573943442460125,0.11970673,11.970673,7.8612416666666665,0.08377916666666665,8.377916666666666
12.0%,0.11970673,11.970673,Nygaard2022_A0.06,"TurbOPark, A=0.06",216.0,0.9,False,7.478813310483648,0.11970673,11.970673,7.863154166666666,0.0841375,8.41375
12.0%,0.11970673,11.970673,Nygaard2022_A0.06,"TurbOPark, A=0.06",240.0,1.0,False,7.441921927027707,0.11970673,11.970673,7.876083333333334,0.08429583333333333,8.429583333333333
12.0%,0.11970673,11.970673,Nygaard2022_A0.06,"TurbOPark, A=0.06",264.0,1.1,False,7.466235780021927,0.11970673,11.970673,7.912141666666667,0.08600833333333334,8.600833333333334
12.0%,0.11970673,11.970673,Nygaard2022_A0.06,"TurbOPark, A=0.06",288.0,1.2,False,7.545538409452862,0.11970673,11.970673,7.944470833333332,0.08690833333333334,8.690833333333334
12.0%,0.11970673,11.970673,Nygaard2022_A0.06,"TurbOPark, A=0.06",312.0,1.3,False,7.665071255450683,0.11970673,11.970673,7.973508333333332,0.08917916666666667,8.917916666666667
12.0%,0.11970673,11.970673,Nygaard2022_A0.06,"TurbOPark, A=0.06",336.0,1.4,False,7.803685308948866,0.11970673,11.970673,8.019754166666667,0.09156249999999999,9.15625
12.0%,0.11970673,11.970673,Nygaard2022_A0.06,"TurbOPark, A=0.06",360.0,1.5,False,7.937784550762601,0.11970673,11.970673,8.084033333333332,0.092575,9.2575
