TI_label,TI_input,TI_input_percent,model,model_label,y_rel_m,y_over_D,inside_rotor,U_model_mps,TI_model,TI_model_percent,U_LES_mps,TI_LES,TI_LES_percent
6.4%,0.0642,6.419999999999999,BPA2014,BPA,-360.0,-1.5,False,9.50463125,0.0642,6.419999999999999,9.5561375,0.06622499999999999,6.6225
6.4%,0.0642,6.419999999999999,BPA2014,BPA,-336.0,-1.4,False,9.50463125,0.0642,6.419999999999999,9.544583333333334,0.06564166666666667,6.564166666666667
6.4%,0.0642,6.419999999999999,BPA2014,BPA,-312.0,-1.3,False,9.50463125,0.0642,6.419999999999999,9.537,0.06584166666666666,6.584166666666666
6.4%,0.0642,6.419999999999999,BPA2014,BPA,-288.0,-1.2,False,9.50463125,0.0642,6.419999999999999,9.536170833333333,0.066025,6.6025
6.4%,0.0642,6.419999999999999,BPA2014,BPA,-264.0,-1.1,False,9.50463125,0.0642,6.419999999999999,9.536595833333333,0.0656625,6.56625
6.4%,0.0642,6.419999999999999,BPA2014,BPA,-240.0,-1.0,False,9.50463125,0.0642,6.419999999999999,9.535829166666666,0.06449583333333334,6.449583333333334
6.4%,0.0642,6.419999999999999,BPA2014,BPA,-216.0,-0.9,False,9.50463125,0.0642,6.419999999999999,9.533254166666666,0.0630875,6.308750000000001
6.4%,0.0642,6.419999999999999,BPA2014,BPA,-192.0,-0.8,False,9.50463125,0.0642,6.419999999999999,9.527916666666666,0.0619625,6.19625
6.4%,0.0642,6.419999999999999,BPA2014,BPA,-168.0,-0.7,False,9.50463125,0.0642,6.419999999999999,9.5134,0.06199166666666667,6.199166666666667
6.4%,0.0642,6.419999999999999,BPA2014,BPA,-144.0,-0.6,False,9.50463125,0.0642,6.419999999999999,9.500870833333334,0.061575,6.1575
6.4%,0.0642,6.419999999999999,BPA2014,BPA,-120.0,-0.5,True,9.50463125,0.0642,6.419999999999999,9.4931625,0.061516666666666664,6.151666666666666
6.4%,0.0642,6.419999999999999,BPA2014,BPA,-96.0,-0.4,True,9.50463125,0.0642,6.419999999999999,9.484958333333333,0.060795833333333334,6.079583333333334
6.4%,0.0642,6.419999999999999,BPA2014,BPA,-72.0,-0.3,True,9.50463125,0.0642,6.419999999999999,9.477504166666666,0.0607125,6.07125
6.4%,0.0642,6.419999999999999,BPA2014,BPA,-48.0,-0.2,True,9.50463125,0.0642,6.419999999999999,9.466725,0.061924999999999994,6.192499999999999
6.4%,0.0642,6.419999999999999,BPA2014,BPA,-24.0,-0.1,True,9.50463125,0.0642,6.419999999999999,9.468233333333334,0.06235416666666667,6.235416666666667
6.4%,0.0642,6.419999999999999,BPA2014,BPA,0.0,0.0,True,9.50463125,0.0642,6.419999999999999,9.479191666666667,0.06285833333333334,6.285833333333334
6.4%,0.0642,6.419999999999999,BPA2014,BPA,24.0,0.1,True,9.504631249999997,0.0642,6.419999999999999,9.4898,0.06325416666666667,6.3254166666666665
6.4%,0.0642,6.419999999999999,BPA2014,BPA,48.0,0.2,True,9.50463124999999,0.0642,6.419999999999999,9.5025,0.063425,6.342499999999999
6.4%,0.0642,6.419999999999999,BPA2014,BPA,72.0,0.3,True,9.504631249999946,0.0642,6.419999999999999,9.5124375,0.0633,6.329999999999999
6.4%,0.0642,6.419999999999999,BPA2014,BPA,96.0,0.4,True,9.50463124999967,0.0642,6.419999999999999,9.529116666666667,0.06318750000000001,6.3187500000000005
6.4%,0.0642,6.419999999999999,BPA2014,BPA,120.0,0.5,True,9.504631249998098,0.0642,6.419999999999999,9.541683333333333,0.06333333333333334,6.333333333333334
6.4%,0.0642,6.419999999999999,BPA2014,BPA,144.0,0.6,False,9.504631249989576,0.0642,6.419999999999999,9.551766666666667,0.06339166666666667,6.339166666666666
6.4%,0.0642,6.419999999999999,BPA2014,BPA,168.0,0.7,False,9.504631249945772,0.0642,6.419999999999999,9.563825,0.0641375,6.41375
6.4%,0.0642,6.419999999999999,BPA2014,BPA,192.0,0.8,False,9.504631249732514,0.0642,6.419999999999999,9.578729166666665,0.06456666666666666,6.456666666666666
6.4%,0.0642,6.419999999999999,BPA2014,BPA,216.0,0.9,False,9.504631248748936,0.0642,6.419999999999999,9.598324999999999,0.064325,6.432499999999999
6.4%,0.0642,6.419999999999999,BPA2014,BPA,240.0,1.0,False,9.504631244451737,0.0642,6.419999999999999,9.614283333333333,0.06465,6.465
6.4%,0.0642,6.419999999999999,BPA2014,BPA,264.0,1.1,False,9.504631226669085,0.0642,6.419999999999999,9.629591666666666,0.06487083333333332,6.487083333333333
6.4%,0.0642,6.419999999999999,BPA2014,BPA,288.0,1.2,False,9.504631156974131,0.0642,6.419999999999999,9.646229166666666,0.06504166666666666,6.504166666666666
6.4%,0.0642,6.419999999999999,BPA2014,BPA,312.0,1.3,False,9.504630898299542,0.0642,6.419999999999999,9.660554166666667,0.06515833333333333,6.515833333333333
6.4%,0.0642,6.419999999999999,BPA2014,BPA,336.0,1.4,False,9.504629989219842,0.0642,6.419999999999999,9.668187500000002,0.06537916666666667,6.537916666666667
6.4%,0.0642,6.419999999999999,BPA2014,BPA,360.0,1.5,False,9.504626964484896,0.0642,6.419999999999999,9.676920833333334,0.06509166666666666,6.509166666666665
6.4%,0.0642,6.419999999999999,NPA2016,NPA,-360.0,-1.5,False,9.50463125,0.0642,6.419999999999999,9.5561375,0.06622499999999999,6.6225
6.4%,0.0642,6.419999999999999,NPA2016,NPA,-336.0,-1.4,False,9.50463125,0.0642,6.419999999999999,9.544583333333334,0.06564166666666667,6.564166666666667
6.4%,0.0642,6.419999999999999,NPA2016,NPA,-312.0,-1.3,False,9.50463125,0.0642,6.419999999999999,9.537,0.06584166666666666,6.584166666666666
6.4%,0.0642,6.419999999999999,NPA2016,NPA,-288.0,-1.2,False,9.50463125,0.0642,6.419999999999999,9.536170833333333,0.066025,6.6025
6.4%,0.0642,6.419999999999999,NPA2016,NPA,-264.0,-1.1,False,9.50463125,0.0642,6.419999999999999,9.536595833333333,0.0656625,6.56625
6.4%,0.0642,6.419999999999999,NPA2016,NPA,-240.0,-1.0,False,9.50463125,0.0642,6.419999999999999,9.535829166666666,0.06449583333333334,6.449583333333334
6.4%,0.0642,6.419999999999999,NPA2016,NPA,-216.0,-0.9,False,9.50463125,0.0642,6.419999999999999,9.533254166666666,0.0630875,6.308750000000001
6.4%,0.0642,6.419999999999999,NPA2016,NPA,-192.0,-0.8,False,9.50463125,0.0642,6.419999999999999,9.527916666666666,0.0619625,6.19625
6.4%,0.0642,6.419999999999999,NPA2016,NPA,-168.0,-0.7,False,9.50463125,0.0642,6.419999999999999,9.5134,0.06199166666666667,6.199166666666667
6.4%,0.0642,6.419999999999999,NPA2016,NPA,-144.0,-0.6,False,9.50463125,0.0642,6.419999999999999,9.500870833333334,0.061575,6.1575
6.4%,0.0642,6.419999999999999,NPA2016,NPA,-120.0,-0.5,True,9.50463125,0.0642,6.419999999999999,9.4931625,0.061516666666666664,6.151666666666666
6.4%,0.0642,6.419999999999999,NPA2016,NPA,-96.0,-0.4,True,9.50463125,0.0642,6.419999999999999,9.484958333333333,0.060795833333333334,6.079583333333334
6.4%,0.0642,6.419999999999999,NPA2016,NPA,-72.0,-0.3,True,9.50463125,0.0642,6.419999999999999,9.477504166666666,0.0607125,6.07125
6.4%,0.0642,6.419999999999999,NPA2016,NPA,-48.0,-0.2,True,9.50463125,0.0642,6.419999999999999,9.466725,0.061924999999999994,6.192499999999999
6.4%,0.0642,6.419999999999999,NPA2016,NPA,-24.0,-0.1,True,9.50463125,0.0642,6.419999999999999,9.468233333333334,0.06235416666666667,6.235416666666667
6.4%,0.0642,6.419999999999999,NPA2016,NPA,0.0,0.0,True,9.50463125,0.0642,6.419999999999999,9.479191666666667,0.06285833333333334,6.285833333333334
6.4%,0.0642,6.419999999999999,NPA2016,NPA,24.0,0.1,True,9.50463125,0.0642,6.419999999999999,9.4898,0.06325416666666667,6.3254166666666665
6.4%,0.0642,6.419999999999999,NPA2016,NPA,48.0,0.2,True,9.50463125,0.0642,6.419999999999999,9.5025,0.063425,6.342499999999999
6.4%,0.0642,6.419999999999999,NPA2016,NPA,72.0,0.3,True,9.504631249999997,0.0642,6.419999999999999,9.5124375,0.0633,6.329999999999999
6.4%,0.0642,6.419999999999999,NPA2016,NPA,96.0,0.4,True,9.504631249999987,0.0642,6.419999999999999,9.529116666666667,0.06318750000000001,6.3187500000000005
6.4%,0.0642,6.419999999999999,NPA2016,NPA,120.0,0.5,True,9.50463124999991,0.0642,6.419999999999999,9.541683333333333,0.06333333333333334,6.333333333333334
6.4%,0.0642,6.419999999999999,NPA2016,NPA,144.0,0.6,False,9.50463124999941,0.0642,6.419999999999999,9.551766666666667,0.06339166666666667,6.339166666666666
6.4%,0.0642,6.419999999999999,NPA2016,NPA,168.0,0.7,False,9.504631249996292,0.0642,6.419999999999999,9.563825,0.0641375,6.41375
6.4%,0.0642,6.419999999999999,NPA2016,NPA,192.0,0.8,False,9.504631249978072,0.0642,6.419999999999999,9.578729166666665,0.06456666666666666,6.456666666666666
6.4%,0.0642,6.419999999999999,NPA2016,NPA,216.0,0.9,False,9.504631249877717,0.0642,6.419999999999999,9.598324999999999,0.064325,6.432499999999999
6.4%,0.0642,6.419999999999999,NPA2016,NPA,240.0,1.0,False,9.504631249357315,0.0642,6.419999999999999,9.614283333333333,0.06465,6.465
6.4%,0.0642,6.419999999999999,NPA2016,NPA,264.0,1.1,False,9.504631246818148,0.0642,6.419999999999999,9.629591666666666,0.06487083333333332,6.487083333333333
6.4%,0.0642,6.419999999999999,NPA2016,NPA,288.0,1.2,False,9.504631235144657,0.0642,6.419999999999999,9.646229166666666,0.06504166666666666,6.504166666666666
6.4%,0.0642,6.419999999999999,NPA2016,NPA,312.0,1.3,False,9.504631184644659,0.0642,6.419999999999999,9.660554166666667,0.06515833333333333,6.515833333333333
6.4%,0.0642,6.419999999999999,NPA2016,NPA,336.0,1.4,False,9.504630979118469,0.0642,6.419999999999999,9.668187500000002,0.06537916666666667,6.537916666666667
6.4%,0.0642,6.419999999999999,NPA2016,NPA,360.0,1.5,False,9.50463019128252,0.0642,6.419999999999999,9.676920833333334,0.06509166666666666,6.509166666666665
6.4%,0.0642,6.419999999999999,Nygaard2022,"TurbOPark, A=0.04",-360.0,-1.5,False,9.50463125,0.0642,6.419999999999999,9.5561375,0.06622499999999999,6.6225
6.4%,0.0642,6.419999999999999,Nygaard2022,"TurbOPark, A=0.04",-336.0,-1.4,False,9.50463125,0.0642,6.419999999999999,9.544583333333334,0.06564166666666667,6.564166666666667
6.4%,0.0642,6.419999999999999,Nygaard2022,"TurbOPark, A=0.04",-312.0,-1.3,False,9.50463125,0.0642,6.419999999999999,9.537,0.06584166666666666,6.584166666666666
6.4%,0.0642,6.419999999999999,Nygaard2022,"TurbOPark, A=0.04",-288.0,-1.2,False,9.50463125,0.0642,6.419999999999999,9.536170833333333,0.066025,6.6025
6.4%,0.0642,6.419999999999999,Nygaard2022,"TurbOPark, A=0.04",-264.0,-1.1,False,9.50463125,0.0642,6.419999999999999,9.536595833333333,0.0656625,6.56625
6.4%,0.0642,6.419999999999999,Nygaard2022,"TurbOPark, A=0.04",-240.0,-1.0,False,9.50463125,0.0642,6.419999999999999,9.535829166666666,0.06449583333333334,6.449583333333334
6.4%,0.0642,6.419999999999999,Nygaard2022,"TurbOPark, A=0.04",-216.0,-0.9,False,9.50463125,0.0642,6.419999999999999,9.533254166666666,0.0630875,6.308750000000001
6.4%,0.0642,6.419999999999999,Nygaard2022,"TurbOPark, A=0.04",-192.0,-0.8,False,9.50463125,0.0642,6.419999999999999,9.527916666666666,0.0619625,6.19625
6.4%,0.0642,6.419999999999999,Nygaard2022,"TurbOPark, A=0.04",-168.0,-0.7,False,9.50463125,0.0642,6.419999999999999,9.5134,0.06199166666666667,6.199166666666667
6.4%,0.0642,6.419999999999999,Nygaard2022,"TurbOPark, A=0.04",-144.0,-0.6,False,9.50463125,0.0642,6.419999999999999,9.500870833333334,0.061575,6.1575
6.4%,0.0642,6.419999999999999,Nygaard2022,"TurbOPark, A=0.04",-120.0,-0.5,True,9.50463125,0.0642,6.419999999999999,9.4931625,0.061516666666666664,6.151666666666666
6.4%,0.0642,6.419999999999999,Nygaard2022,"TurbOPark, A=0.04",-96.0,-0.4,True,9.50463125,0.0642,6.419999999999999,9.484958333333333,0.060795833333333334,6.079583333333334
6.4%,0.0642,6.419999999999999,Nygaard2022,"TurbOPark, A=0.04",-72.0,-0.3,True,9.50463125,0.0642,6.419999999999999,9.477504166666666,0.0607125,6.07125
6.4%,0.0642,6.419999999999999,Nygaard2022,"TurbOPark, A=0.04",-48.0,-0.2,True,9.50463125,0.0642,6.419999999999999,9.466725,0.061924999999999994,6.192499999999999
6.4%,0.0642,6.419999999999999,Nygaard2022,"TurbOPark, A=0.04",-24.0,-0.1,True,9.50463125,0.0642,6.419999999999999,9.468233333333334,0.06235416666666667,6.235416666666667
6.4%,0.0642,6.419999999999999,Nygaard2022,"TurbOPark, A=0.04",0.0,0.0,True,9.50463125,0.0642,6.419999999999999,9.479191666666667,0.06285833333333334,6.285833333333334
6.4%,0.0642,6.419999999999999,Nygaard2022,"TurbOPark, A=0.04",24.0,0.1,True,9.50463125,0.0642,6.419999999999999,9.4898,0.06325416666666667,6.3254166666666665
6.4%,0.0642,6.419999999999999,Nygaard2022,"TurbOPark, A=0.04",48.0,0.2,True,9.50463125,0.0642,6.419999999999999,9.5025,0.063425,6.342499999999999
6.4%,0.0642,6.419999999999999,Nygaard2022,"TurbOPark, A=0.04",72.0,0.3,True,9.50463125,0.0642,6.419999999999999,9.5124375,0.0633,6.329999999999999
6.4%,0.0642,6.419999999999999,Nygaard2022,"TurbOPark, A=0.04",96.0,0.4,True,9.50463125,0.0642,6.419999999999999,9.529116666666667,0.06318750000000001,6.3187500000000005
6.4%,0.0642,6.419999999999999,Nygaard2022,"TurbOPark, A=0.04",120.0,0.5,True,9.504631249999997,0.0642,6.419999999999999,9.541683333333333,0.06333333333333334,6.333333333333334
6.4%,0.0642,6.419999999999999,Nygaard2022,"TurbOPark, A=0.04",144.0,0.6,False,9.504631249999985,0.0642,6.419999999999999,9.551766666666667,0.06339166666666667,6.339166666666666
6.4%,0.0642,6.419999999999999,Nygaard2022,"TurbOPark, A=0.04",168.0,0.7,False,9.504631249999889,0.0642,6.419999999999999,9.563825,0.0641375,6.41375
6.4%,0.0642,6.419999999999999,Nygaard2022,"TurbOPark, A=0.04",192.0,0.8,False,9.504631249999171,0.0642,6.419999999999999,9.578729166666665,0.06456666666666666,6.456666666666666
6.4%,0.0642,6.419999999999999,Nygaard2022,"TurbOPark, A=0.04",216.0,0.9,False,9.504631249994196,0.0642,6.419999999999999,9.598324999999999,0.064325,6.432499999999999
6.4%,0.0642,6.419999999999999,Nygaard2022,"TurbOPark, A=0.04",240.0,1.0,False,9.504631249961935,0.0642,6.419999999999999,9.614283333333333,0.06465,6.465
6.4%,0.0642,6.419999999999999,Nygaard2022,"TurbOPark, A=0.04",264.0,1.1,False,9.504631249766597,0.0642,6.419999999999999,9.629591666666666,0.06487083333333332,6.487083333333333
6.4%,0.0642,6.419999999999999,Nygaard2022,"TurbOPark, A=0.04",288.0,1.2,False,9.504631248661786,0.0642,6.419999999999999,9.646229166666666,0.06504166666666666,6.504166666666666
6.4%,0.0642,6.419999999999999,Nygaard2022,"TurbOPark, A=0.04",312.0,1.3,False,9.504631242825885,0.0642,6.419999999999999,9.660554166666667,0.06515833333333333,6.515833333333333
6.4%,0.0642,6.419999999999999,Nygaard2022,"TurbOPark, A=0.04",336.0,1.4,False,9.504631214030177,0.0642,6.419999999999999,9.668187500000002,0.06537916666666667,6.537916666666667
6.4%,0.0642,6.419999999999999,Nygaard2022,"TurbOPark, A=0.04",360.0,1.5,False,9.50463108136475,0.0642,6.419999999999999,9.676920833333334,0.06509166666666666,6.509166666666665
6.4%,0.0642,6.419999999999999,Nygaard2022_A0.06,"TurbOPark, A=0.06",-360.0,-1.5,False,9.50463125,0.0642,6.419999999999999,9.5561375,0.06622499999999999,6.6225
6.4%,0.0642,6.419999999999999,Nygaard2022_A0.06,"TurbOPark, A=0.06",-336.0,-1.4,False,9.50463125,0.0642,6.419999999999999,9.544583333333334,0.06564166666666667,6.564166666666667
6.4%,0.0642,6.419999999999999,Nygaard2022_A0.06,"TurbOPark, A=0.06",-312.0,-1.3,False,9.50463125,0.0642,6.419999999999999,9.537,0.06584166666666666,6.584166666666666
6.4%,0.0642,6.419999999999999,Nygaard2022_A0.06,"TurbOPark, A=0.06",-288.0,-1.2,False,9.50463125,0.0642,6.419999999999999,9.536170833333333,0.066025,6.6025
6.4%,0.0642,6.419999999999999,Nygaard2022_A0.06,"TurbOPark, A=0.06",-264.0,-1.1,False,9.50463125,0.0642,6.419999999999999,9.536595833333333,0.0656625,6.56625
6.4%,0.0642,6.419999999999999,Nygaard2022_A0.06,"TurbOPark, A=0.06",-240.0,-1.0,False,9.50463125,0.0642,6.419999999999999,9.535829166666666,0.06449583333333334,6.449583333333334
6.4%,0.0642,6.419999999999999,Nygaard2022_A0.06,"TurbOPark, A=0.06",-216.0,-0.9,False,9.50463125,0.0642,6.419999999999999,9.533254166666666,0.0630875,6.308750000000001
6.4%,0.0642,6.419999999999999,Nygaard2022_A0.06,"TurbOPark, A=0.06",-192.0,-0.8,False,9.50463125,0.0642,6.419999999999999,9.527916666666666,0.0619625,6.19625
6.4%,0.0642,6.419999999999999,Nygaard2022_A0.06,"TurbOPark, A=0.06",-168.0,-0.7,False,9.50463125,0.0642,6.419999999999999,9.5134,0.06199166666666667,6.199166666666667
6.4%,0.0642,6.419999999999999,Nygaard2022_A0.06,"TurbOPark, A=0.06",-144.0,-0.6,False,9.50463125,0.0642,6.419999999999999,9.500870833333334,0.061575,6.1575
6.4%,0.0642,6.419999999999999,Nygaard2022_A0.06,"TurbOPark, A=0.06",-120.0,-0.5,True,9.50463125,0.0642,6.419999999999999,9.4931625,0.061516666666666664,6.151666666666666
6.4%,0.0642,6.419999999999999,Nygaard2022_A0.06,"TurbOPark, A=0.06",-96.0,-0.4,True,9.50463125,0.0642,6.419999999999999,9.484958333333333,0.060795833333333334,6.079583333333334
6.4%,0.0642,6.419999999999999,Nygaard2022_A0.06,"TurbOPark, A=0.06",-72.0,-0.3,True,9.50463125,0.0642,6.419999999999999,9.477504166666666,0.0607125,6.07125
6.4%,0.0642,6.419999999999999,Nygaard2022_A0.06,"TurbOPark, A=0.06",-48.0,-0.2,True,9.50463125,0.0642,6.419999999999999,9.466725,0.061924999999999994,6.192499999999999
6.4%,0.0642,6.419999999999999,Nygaard2022_A0.06,"TurbOPark, A=0.06",-24.0,-0.1,True,9.50463125,0.0642,6.419999999999999,9.468233333333334,0.06235416666666667,6.235416666666667
6.4%,0.0642,6.419999999999999,Nygaard2022_A0.06,"TurbOPark, A=0.06",0.0,0.0,True,9.50463125,0.0642,6.419999999999999,9.479191666666667,0.06285833333333334,6.285833333333334
6.4%,0.0642,6.419999999999999,Nygaard2022_A0.06,"TurbOPark, A=0.06",24.0,0.1,True,9.50463125,0.0642,6.419999999999999,9.4898,0.06325416666666667,6.3254166666666665
6.4%,0.0642,6.419999999999999,Nygaard2022_A0.06,"TurbOPark, A=0.06",48.0,0.2,True,9.50463125,0.0642,6.419999999999999,9.5025,0.063425,6.342499999999999
6.4%,0.0642,6.419999999999999,Nygaard2022_A0.06,"TurbOPark, A=0.06",72.0,0.3,True,9.504631249999992,0.0642,6.419999999999999,9.5124375,0.0633,6.329999999999999
6.4%,0.0642,6.419999999999999,Nygaard2022_A0.06,"TurbOPark, A=0.06",96.0,0.4,True,9.504631249999955,0.0642,6.419999999999999,9.529116666666667,0.06318750000000001,6.3187500000000005
6.4%,0.0642,6.419999999999999,Nygaard2022_A0.06,"TurbOPark, A=0.06",120.0,0.5,True,9.504631249999706,0.0642,6.419999999999999,9.541683333333333,0.06333333333333334,6.333333333333334
6.4%,0.0642,6.419999999999999,Nygaard2022_A0.06,"TurbOPark, A=0.06",144.0,0.6,False,9.504631249998187,0.0642,6.419999999999999,9.551766666666667,0.06339166666666667,6.339166666666666
6.4%,0.0642,6.419999999999999,Nygaard2022_A0.06,"TurbOPark, A=0.06",168.0,0.7,False,9.504631249989432,0.0642,6.419999999999999,9.563825,0.0641375,6.41375
6.4%,0.0642,6.419999999999999,Nygaard2022_A0.06,"TurbOPark, A=0.06",192.0,0.8,False,9.504631249941765,0.0642,6.419999999999999,9.578729166666665,0.06456666666666666,6.456666666666666
6.4%,0.0642,6.419999999999999,Nygaard2022_A0.06,"TurbOPark, A=0.06",216.0,0.9,False,9.504631249696851,0.0642,6.419999999999999,9.598324999999999,0.064325,6.432499999999999
6.4%,0.0642,6.419999999999999,Nygaard2022_A0.06,"TurbOPark, A=0.06",240.0,1.0,False,9.504631248509307,0.0642,6.419999999999999,9.614283333333333,0.06465,6.465
6.4%,0.0642,6.419999999999999,Nygaard2022_A0.06,"TurbOPark, A=0.06",264.0,1.1,False,9.504631243073028,0.0642,6.419999999999999,9.629591666666666,0.06487083333333332,6.487083333333333
6.4%,0.0642,6.419999999999999,Nygaard2022_A0.06,"TurbOPark, A=0.06",288.0,1.2,False,9.504631219588125,0.0642,6.419999999999999,9.646229166666666,0.06504166666666666,6.504166666666666
6.4%,0.0642,6.419999999999999,Nygaard2022_A0.06,"TurbOPark, A=0.06",312.0,1.3,False,9.504631123877715,0.0642,6.419999999999999,9.660554166666667,0.06515833333333333,6.515833333333333
6.4%,0.0642,6.419999999999999,Nygaard2022_A0.06,"TurbOPark, A=0.06",336.0,1.4,False,9.504630755920237,0.0642,6.419999999999999,9.668187500000002,0.06537916666666667,6.537916666666667
6.4%,0.0642,6.419999999999999,Nygaard2022_A0.06,"TurbOPark, A=0.06",360.0,1.5,False,9.504629421621189,0.0642,6.419999999999999,9.676920833333334,0.06509166666666666,6.509166666666665
7.0%,0.07036741444444444,7.036741444444444,BPA2014,BPA,-360.0,-1.5,False,9.50463125,0.07036741444444444,7.036741444444444,9.5561375,0.06622499999999999,6.6225
7.0%,0.07036741444444444,7.036741444444444,BPA2014,BPA,-336.0,-1.4,False,9.50463125,0.07036741444444444,7.036741444444444,9.544583333333334,0.06564166666666667,6.564166666666667
7.0%,0.07036741444444444,7.036741444444444,BPA2014,BPA,-312.0,-1.3,False,9.50463125,0.07036741444444444,7.036741444444444,9.537,0.06584166666666666,6.584166666666666
7.0%,0.07036741444444444,7.036741444444444,BPA2014,BPA,-288.0,-1.2,False,9.50463125,0.07036741444444444,7.036741444444444,9.536170833333333,0.066025,6.6025
7.0%,0.07036741444444444,7.036741444444444,BPA2014,BPA,-264.0,-1.1,False,9.50463125,0.07036741444444444,7.036741444444444,9.536595833333333,0.0656625,6.56625
7.0%,0.07036741444444444,7.036741444444444,BPA2014,BPA,-240.0,-1.0,False,9.50463125,0.07036741444444444,7.036741444444444,9.535829166666666,0.06449583333333334,6.449583333333334
7.0%,0.07036741444444444,7.036741444444444,BPA2014,BPA,-216.0,-0.9,False,9.50463125,0.07036741444444444,7.036741444444444,9.533254166666666,0.0630875,6.308750000000001
7.0%,0.07036741444444444,7.036741444444444,BPA2014,BPA,-192.0,-0.8,False,9.50463125,0.07036741444444444,7.036741444444444,9.527916666666666,0.0619625,6.19625
7.0%,0.07036741444444444,7.036741444444444,BPA2014,BPA,-168.0,-0.7,False,9.50463125,0.07036741444444444,7.036741444444444,9.5134,0.06199166666666667,6.199166666666667
7.0%,0.07036741444444444,7.036741444444444,BPA2014,BPA,-144.0,-0.6,False,9.50463125,0.07036741444444444,7.036741444444444,9.500870833333334,0.061575,6.1575
7.0%,0.07036741444444444,7.036741444444444,BPA2014,BPA,-120.0,-0.5,True,9.50463125,0.07036741444444444,7.036741444444444,9.4931625,0.061516666666666664,6.151666666666666
7.0%,0.07036741444444444,7.036741444444444,BPA2014,BPA,-96.0,-0.4,True,9.50463125,0.07036741444444444,7.036741444444444,9.484958333333333,0.060795833333333334,6.079583333333334
7.0%,0.07036741444444444,7.036741444444444,BPA2014,BPA,-72.0,-0.3,True,9.50463125,0.07036741444444444,7.036741444444444,9.477504166666666,0.0607125,6.07125
7.0%,0.07036741444444444,7.036741444444444,BPA2014,BPA,-48.0,-0.2,True,9.50463125,0.07036741444444444,7.036741444444444,9.466725,0.061924999999999994,6.192499999999999
7.0%,0.07036741444444444,7.036741444444444,BPA2014,BPA,-24.0,-0.1,True,9.50463125,0.07036741444444444,7.036741444444444,9.468233333333334,0.06235416666666667,6.235416666666667
7.0%,0.07036741444444444,7.036741444444444,BPA2014,BPA,0.0,0.0,True,9.50463125,0.07036741444444444,7.036741444444444,9.479191666666667,0.06285833333333334,6.285833333333334
7.0%,0.07036741444444444,7.036741444444444,BPA2014,BPA,24.0,0.1,True,9.504631249999997,0.07036741444444444,7.036741444444444,9.4898,0.06325416666666667,6.3254166666666665
7.0%,0.07036741444444444,7.036741444444444,BPA2014,BPA,48.0,0.2,True,9.50463124999999,0.07036741444444444,7.036741444444444,9.5025,0.063425,6.342499999999999
7.0%,0.07036741444444444,7.036741444444444,BPA2014,BPA,72.0,0.3,True,9.504631249999946,0.07036741444444444,7.036741444444444,9.5124375,0.0633,6.329999999999999
7.0%,0.07036741444444444,7.036741444444444,BPA2014,BPA,96.0,0.4,True,9.50463124999967,0.07036741444444444,7.036741444444444,9.529116666666667,0.06318750000000001,6.3187500000000005
7.0%,0.07036741444444444,7.036741444444444,BPA2014,BPA,120.0,0.5,True,9.504631249998098,0.07036741444444444,7.036741444444444,9.541683333333333,0.06333333333333334,6.333333333333334
7.0%,0.07036741444444444,7.036741444444444,BPA2014,BPA,144.0,0.6,False,9.504631249989576,0.07036741444444444,7.036741444444444,9.551766666666667,0.06339166666666667,6.339166666666666
7.0%,0.07036741444444444,7.036741444444444,BPA2014,BPA,168.0,0.7,False,9.504631249945772,0.07036741444444444,7.036741444444444,9.563825,0.0641375,6.41375
7.0%,0.07036741444444444,7.036741444444444,BPA2014,BPA,192.0,0.8,False,9.504631249732514,0.07036741444444444,7.036741444444444,9.578729166666665,0.06456666666666666,6.456666666666666
7.0%,0.07036741444444444,7.036741444444444,BPA2014,BPA,216.0,0.9,False,9.504631248748936,0.07036741444444444,7.036741444444444,9.598324999999999,0.064325,6.432499999999999
7.0%,0.07036741444444444,7.036741444444444,BPA2014,BPA,240.0,1.0,False,9.504631244451737,0.07036741444444444,7.036741444444444,9.614283333333333,0.06465,6.465
7.0%,0.07036741444444444,7.036741444444444,BPA2014,BPA,264.0,1.1,False,9.504631226669085,0.07036741444444444,7.036741444444444,9.629591666666666,0.06487083333333332,6.487083333333333
7.0%,0.07036741444444444,7.036741444444444,BPA2014,BPA,288.0,1.2,False,9.504631156974131,0.07036741444444444,7.036741444444444,9.646229166666666,0.06504166666666666,6.504166666666666
7.0%,0.07036741444444444,7.036741444444444,BPA2014,BPA,312.0,1.3,False,9.504630898299542,0.07036741444444444,7.036741444444444,9.660554166666667,0.06515833333333333,6.515833333333333
7.0%,0.07036741444444444,7.036741444444444,BPA2014,BPA,336.0,1.4,False,9.504629989219842,0.07036741444444444,7.036741444444444,9.668187500000002,0.06537916666666667,6.537916666666667
7.0%,0.07036741444444444,7.036741444444444,BPA2014,BPA,360.0,1.5,False,9.504626964484896,0.07036741444444444,7.036741444444444,9.676920833333334,0.06509166666666666,6.509166666666665
7.0%,0.07036741444444444,7.036741444444444,NPA2016,NPA,-360.0,-1.5,False,9.50463125,0.07036741444444444,7.036741444444444,9.5561375,0.06622499999999999,6.6225
7.0%,0.07036741444444444,7.036741444444444,NPA2016,NPA,-336.0,-1.4,False,9.50463125,0.07036741444444444,7.036741444444444,9.544583333333334,0.06564166666666667,6.564166666666667
7.0%,0.07036741444444444,7.036741444444444,NPA2016,NPA,-312.0,-1.3,False,9.50463125,0.07036741444444444,7.036741444444444,9.537,0.06584166666666666,6.584166666666666
7.0%,0.07036741444444444,7.036741444444444,NPA2016,NPA,-288.0,-1.2,False,9.50463125,0.07036741444444444,7.036741444444444,9.536170833333333,0.066025,6.6025
7.0%,0.07036741444444444,7.036741444444444,NPA2016,NPA,-264.0,-1.1,False,9.50463125,0.07036741444444444,7.036741444444444,9.536595833333333,0.0656625,6.56625
7.0%,0.07036741444444444,7.036741444444444,NPA2016,NPA,-240.0,-1.0,False,9.50463125,0.07036741444444444,7.036741444444444,9.535829166666666,0.06449583333333334,6.449583333333334
7.0%,0.07036741444444444,7.036741444444444,NPA2016,NPA,-216.0,-0.9,False,9.50463125,0.07036741444444444,7.036741444444444,9.533254166666666,0.0630875,6.308750000000001
7.0%,0.07036741444444444,7.036741444444444,NPA2016,NPA,-192.0,-0.8,False,9.50463125,0.07036741444444444,7.036741444444444,9.527916666666666,0.0619625,6.19625
7.0%,0.07036741444444444,7.036741444444444,NPA2016,NPA,-168.0,-0.7,False,9.50463125,0.07036741444444444,7.036741444444444,9.5134,0.06199166666666667,6.199166666666667
7.0%,0.07036741444444444,7.036741444444444,NPA2016,NPA,-144.0,-0.6,False,9.50463125,0.07036741444444444,7.036741444444444,9.500870833333334,0.061575,6.1575
7.0%,0.07036741444444444,7.036741444444444,NPA2016,NPA,-120.0,-0.5,True,9.50463125,0.07036741444444444,7.036741444444444,9.4931625,0.061516666666666664,6.151666666666666
7.0%,0.07036741444444444,7.036741444444444,NPA2016,NPA,-96.0,-0.4,True,9.50463125,0.07036741444444444,7.036741444444444,9.484958333333333,0.060795833333333334,6.079583333333334
7.0%,0.07036741444444444,7.036741444444444,NPA2016,NPA,-72.0,-0.3,True,9.50463125,0.07036741444444444,7.036741444444444,9.477504166666666,0.0607125,6.07125
7.0%,0.07036741444444444,7.036741444444444,NPA2016,NPA,-48.0,-0.2,True,9.50463125,0.07036741444444444,7.036741444444444,9.466725,0.061924999999999994,6.192499999999999
7.0%,0.07036741444444444,7.036741444444444,NPA2016,NPA,-24.0,-0.1,True,9.50463125,0.07036741444444444,7.036741444444444,9.468233333333334,0.06235416666666667,6.235416666666667
7.0%,0.07036741444444444,7.036741444444444,NPA2016,NPA,0.0,0.0,True,9.50463125,0.07036741444444444,7.036741444444444,9.479191666666667,0.06285833333333334,6.285833333333334
7.0%,0.07036741444444444,7.036741444444444,NPA2016,NPA,24.0,0.1,True,9.50463125,0.07036741444444444,7.036741444444444,9.4898,0.06325416666666667,6.3254166666666665
7.0%,0.07036741444444444,7.036741444444444,NPA2016,NPA,48.0,0.2,True,9.504631249999997,0.07036741444444444,7.036741444444444,9.5025,0.063425,6.342499999999999
7.0%,0.07036741444444444,7.036741444444444,NPA2016,NPA,72.0,0.3,True,9.504631249999987,0.07036741444444444,7.036741444444444,9.5124375,0.0633,6.329999999999999
7.0%,0.07036741444444444,7.036741444444444,NPA2016,NPA,96.0,0.4,True,9.504631249999912,0.07036741444444444,7.036741444444444,9.529116666666667,0.06318750000000001,6.3187500000000005
7.0%,0.07036741444444444,7.036741444444444,NPA2016,NPA,120.0,0.5,True,9.504631249999456,0.07036741444444444,7.036741444444444,9.541683333333333,0.06333333333333334,6.333333333333334
7.0%,0.07036741444444444,7.036741444444444,NPA2016,NPA,144.0,0.6,False,9.504631249996775,0.07036741444444444,7.036741444444444,9.551766666666667,0.06339166666666667,6.339166666666666
7.0%,0.07036741444444444,7.036741444444444,NPA2016,NPA,168.0,0.7,False,9.504631249981886,0.07036741444444444,7.036741444444444,9.563825,0.0641375,6.41375
7.0%,0.07036741444444444,7.036741444444444,NPA2016,NPA,192.0,0.8,False,9.504631249903785,0.07036741444444444,7.036741444444444,9.578729166666665,0.06456666666666666,6.456666666666666
7.0%,0.07036741444444444,7.036741444444444,NPA2016,NPA,216.0,0.9,False,9.504631249516239,0.07036741444444444,7.036741444444444,9.598324999999999,0.064325,6.432499999999999
7.0%,0.07036741444444444,7.036741444444444,NPA2016,NPA,240.0,1.0,False,9.504631247701091,0.07036741444444444,7.036741444444444,9.614283333333333,0.06465,6.465
7.0%,0.07036741444444444,7.036741444444444,NPA2016,NPA,264.0,1.1,False,9.504631239661466,0.07036741444444444,7.036741444444444,9.629591666666666,0.06487083333333332,6.487083333333333
7.0%,0.07036741444444444,7.036741444444444,NPA2016,NPA,288.0,1.2,False,9.504631206032375,0.07036741444444444,7.036741444444444,9.646229166666666,0.06504166666666666,6.504166666666666
7.0%,0.07036741444444444,7.036741444444444,NPA2016,NPA,312.0,1.3,False,9.504631073180127,0.07036741444444444,7.036741444444444,9.660554166666667,0.06515833333333333,6.515833333333333
7.0%,0.07036741444444444,7.036741444444444,NPA2016,NPA,336.0,1.4,False,9.504630577100054,0.07036741444444444,7.036741444444444,9.668187500000002,0.06537916666666667,6.537916666666667
7.0%,0.07036741444444444,7.036741444444444,NPA2016,NPA,360.0,1.5,False,9.504628829086988,0.07036741444444444,7.036741444444444,9.676920833333334,0.06509166666666666,6.509166666666665
7.0%,0.07036741444444444,7.036741444444444,Nygaard2022,"TurbOPark, A=0.04",-360.0,-1.5,False,9.50463125,0.07036741444444444,7.036741444444444,9.5561375,0.06622499999999999,6.6225
7.0%,0.07036741444444444,7.036741444444444,Nygaard2022,"TurbOPark, A=0.04",-336.0,-1.4,False,9.50463125,0.07036741444444444,7.036741444444444,9.544583333333334,0.06564166666666667,6.564166666666667
7.0%,0.07036741444444444,7.036741444444444,Nygaard2022,"TurbOPark, A=0.04",-312.0,-1.3,False,9.50463125,0.07036741444444444,7.036741444444444,9.537,0.06584166666666666,6.584166666666666
7.0%,0.07036741444444444,7.036741444444444,Nygaard2022,"TurbOPark, A=0.04",-288.0,-1.2,False,9.50463125,0.07036741444444444,7.036741444444444,9.536170833333333,0.066025,6.6025
7.0%,0.07036741444444444,7.036741444444444,Nygaard2022,"TurbOPark, A=0.04",-264.0,-1.1,False,9.50463125,0.07036741444444444,7.036741444444444,9.536595833333333,0.0656625,6.56625
7.0%,0.07036741444444444,7.036741444444444,Nygaard2022,"TurbOPark, A=0.04",-240.0,-1.0,False,9.50463125,0.07036741444444444,7.036741444444444,9.535829166666666,0.06449583333333334,6.449583333333334
7.0%,0.07036741444444444,7.036741444444444,Nygaard2022,"TurbOPark, A=0.04",-216.0,-0.9,False,9.50463125,0.07036741444444444,7.036741444444444,9.533254166666666,0.0630875,6.308750000000001
7.0%,0.07036741444444444,7.036741444444444,Nygaard2022,"TurbOPark, A=0.04",-192.0,-0.8,False,9.50463125,0.07036741444444444,7.036741444444444,9.527916666666666,0.0619625,6.19625
7.0%,0.07036741444444444,7.036741444444444,Nygaard2022,"TurbOPark, A=0.04",-168.0,-0.7,False,9.50463125,0.07036741444444444,7.036741444444444,9.5134,0.06199166666666667,6.199166666666667
7.0%,0.07036741444444444,7.036741444444444,Nygaard2022,"TurbOPark, A=0.04",-144.0,-0.6,False,9.50463125,0.07036741444444444,7.036741444444444,9.500870833333334,0.061575,6.1575
7.0%,0.07036741444444444,7.036741444444444,Nygaard2022,"TurbOPark, A=0.04",-120.0,-0.5,True,9.50463125,0.07036741444444444,7.036741444444444,9.4931625,0.061516666666666664,6.151666666666666
7.0%,0.07036741444444444,7.036741444444444,Nygaard2022,"TurbOPark, A=0.04",-96.0,-0.4,True,9.50463125,0.07036741444444444,7.036741444444444,9.484958333333333,0.060795833333333334,6.079583333333334
7.0%,0.07036741444444444,7.036741444444444,Nygaard2022,"TurbOPark, A=0.04",-72.0,-0.3,True,9.50463125,0.07036741444444444,7.036741444444444,9.477504166666666,0.0607125,6.07125
7.0%,0.07036741444444444,7.036741444444444,Nygaard2022,"TurbOPark, A=0.04",-48.0,-0.2,True,9.50463125,0.07036741444444444,7.036741444444444,9.466725,0.061924999999999994,6.192499999999999
7.0%,0.07036741444444444,7.036741444444444,Nygaard2022,"TurbOPark, A=0.04",-24.0,-0.1,True,9.50463125,0.07036741444444444,7.036741444444444,9.468233333333334,0.06235416666666667,6.235416666666667
7.0%,0.07036741444444444,7.036741444444444,Nygaard2022,"TurbOPark, A=0.04",0.0,0.0,True,9.50463125,0.07036741444444444,7.036741444444444,9.479191666666667,0.06285833333333334,6.285833333333334
7.0%,0.07036741444444444,7.036741444444444,Nygaard2022,"TurbOPark, A=0.04",24.0,0.1,True,9.50463125,0.07036741444444444,7.036741444444444,9.4898,0.06325416666666667,6.3254166666666665
7.0%,0.07036741444444444,7.036741444444444,Nygaard2022,"TurbOPark, A=0.04",48.0,0.2,True,9.50463125,0.07036741444444444,7.036741444444444,9.5025,0.063425,6.342499999999999
7.0%,0.07036741444444444,7.036741444444444,Nygaard2022,"TurbOPark, A=0.04",72.0,0.3,True,9.50463125,0.07036741444444444,7.036741444444444,9.5124375,0.0633,6.329999999999999
7.0%,0.07036741444444444,7.036741444444444,Nygaard2022,"TurbOPark, A=0.04",96.0,0.4,True,9.50463125,0.07036741444444444,7.036741444444444,9.529116666666667,0.06318750000000001,6.3187500000000005
7.0%,0.07036741444444444,7.036741444444444,Nygaard2022,"TurbOPark, A=0.04",120.0,0.5,True,9.504631249999997,0.07036741444444444,7.036741444444444,9.541683333333333,0.06333333333333334,6.333333333333334
7.0%,0.07036741444444444,7.036741444444444,Nygaard2022,"TurbOPark, A=0.04",144.0,0.6,False,9.504631249999985,0.07036741444444444,7.036741444444444,9.551766666666667,0.06339166666666667,6.339166666666666
7.0%,0.07036741444444444,7.036741444444444,Nygaard2022,"TurbOPark, A=0.04",168.0,0.7,False,9.504631249999884,0.07036741444444444,7.036741444444444,9.563825,0.0641375,6.41375
7.0%,0.07036741444444444,7.036741444444444,Nygaard2022,"TurbOPark, A=0.04",192.0,0.8,False,9.50463124999913,0.07036741444444444,7.036741444444444,9.578729166666665,0.06456666666666666,6.456666666666666
7.0%,0.07036741444444444,7.036741444444444,Nygaard2022,"TurbOPark, A=0.04",216.0,0.9,False,9.504631249993924,0.07036741444444444,7.036741444444444,9.598324999999999,0.064325,6.432499999999999
7.0%,0.07036741444444444,7.036741444444444,Nygaard2022,"TurbOPark, A=0.04",240.0,1.0,False,9.504631249960282,0.07036741444444444,7.036741444444444,9.614283333333333,0.06465,6.465
7.0%,0.07036741444444444,7.036741444444444,Nygaard2022,"TurbOPark, A=0.04",264.0,1.1,False,9.50463124975717,0.07036741444444444,7.036741444444444,9.629591666666666,0.06487083333333332,6.487083333333333
7.0%,0.07036741444444444,7.036741444444444,Nygaard2022,"TurbOPark, A=0.04",288.0,1.2,False,9.504631248611734,0.07036741444444444,7.036741444444444,9.646229166666666,0.06504166666666666,6.504166666666666
7.0%,0.07036741444444444,7.036741444444444,Nygaard2022,"TurbOPark, A=0.04",312.0,1.3,False,9.50463124257843,0.07036741444444444,7.036741444444444,9.660554166666667,0.06515833333333333,6.515833333333333
7.0%,0.07036741444444444,7.036741444444444,Nygaard2022,"TurbOPark, A=0.04",336.0,1.4,False,9.504631212899701,0.07036741444444444,7.036741444444444,9.668187500000002,0.06537916666666667,6.537916666666667
7.0%,0.07036741444444444,7.036741444444444,Nygaard2022,"TurbOPark, A=0.04",360.0,1.5,False,9.504631076570801,0.07036741444444444,7.036741444444444,9.676920833333334,0.06509166666666666,6.509166666666665
7.0%,0.07036741444444444,7.036741444444444,Nygaard2022_A0.06,"TurbOPark, A=0.06",-360.0,-1.5,False,9.50463125,0.07036741444444444,7.036741444444444,9.5561375,0.06622499999999999,6.6225
7.0%,0.07036741444444444,7.036741444444444,Nygaard2022_A0.06,"TurbOPark, A=0.06",-336.0,-1.4,False,9.50463125,0.07036741444444444,7.036741444444444,9.544583333333334,0.06564166666666667,6.564166666666667
7.0%,0.07036741444444444,7.036741444444444,Nygaard2022_A0.06,"TurbOPark, A=0.06",-312.0,-1.3,False,9.50463125,0.07036741444444444,7.036741444444444,9.537,0.06584166666666666,6.584166666666666
7.0%,0.07036741444444444,7.036741444444444,Nygaard2022_A0.06,"TurbOPark, A=0.06",-288.0,-1.2,False,9.50463125,0.07036741444444444,7.036741444444444,9.536170833333333,0.066025,6.6025
7.0%,0.07036741444444444,7.036741444444444,Nygaard2022_A0.06,"TurbOPark, A=0.06",-264.0,-1.1,False,9.50463125,0.07036741444444444,7.036741444444444,9.536595833333333,0.0656625,6.56625
7.0%,0.07036741444444444,7.036741444444444,Nygaard2022_A0.06,"TurbOPark, A=0.06",-240.0,-1.0,False,9.50463125,0.07036741444444444,7.036741444444444,9.535829166666666,0.06449583333333334,6.449583333333334
7.0%,0.07036741444444444,7.036741444444444,Nygaard2022_A0.06,"TurbOPark, A=0.06",-216.0,-0.9,False,9.50463125,0.07036741444444444,7.036741444444444,9.533254166666666,0.0630875,6.308750000000001
7.0%,0.07036741444444444,7.036741444444444,Nygaard2022_A0.06,"TurbOPark, A=0.06",-192.0,-0.8,False,9.50463125,0.07036741444444444,7.036741444444444,9.527916666666666,0.0619625,6.19625
7.0%,0.07036741444444444,7.036741444444444,Nygaard2022_A0.06,"TurbOPark, A=0.06",-168.0,-0.7,False,9.50463125,0.07036741444444444,7.036741444444444,9.5134,0.06199166666666667,6.199166666666667
7.0%,0.07036741444444444,7.036741444444444,Nygaard2022_A0.06,"TurbOPark, A=0.06",-144.0,-0.6,False,9.50463125,0.07036741444444444,7.036741444444444,9.500870833333334,0.061575,6.1575
7.0%,0.07036741444444444,7.036741444444444,Nygaard2022_A0.06,"TurbOPark, A=0.06",-120.0,-0.5,True,9.50463125,0.07036741444444444,7.036741444444444,9.4931625,0.061516666666666664,6.151666666666666
7.0%,0.07036741444444444,7.036741444444444,Nygaard2022_A0.06,"TurbOPark, A=0.06",-96.0,-0.4,True,9.50463125,0.07036741444444444,7.036741444444444,9.484958333333333,0.060795833333333334,6.079583333333334
7.0%,0.07036741444444444,7.036741444444444,Nygaard2022_A0.06,"TurbOPark, A=0.06",-72.0,-0.3,True,9.50463125,0.07036741444444444,7.036741444444444,9.477504166666666,0.0607125,6.07125
7.0%,0.07036741444444444,7.036741444444444,Nygaard2022_A0.06,"TurbOPark, A=0.06",-48.0,-0.2,True,9.50463125,0.07036741444444444,7.036741444444444,9.466725,0.061924999999999994,6.192499999999999
7.0%,0.07036741444444444,7.036741444444444,Nygaard2022_A0.06,"TurbOPark, A=0.06",-24.0,-0.1,True,9.50463125,0.07036741444444444,7.036741444444444,9.468233333333334,0.06235416666666667,6.235416666666667
7.0%,0.07036741444444444,7.036741444444444,Nygaard2022_A0.06,"TurbOPark, A=0.06",0.0,0.0,True,9.50463125,0.07036741444444444,7.036741444444444,9.479191666666667,0.06285833333333334,6.285833333333334
7.0%,0.07036741444444444,7.036741444444444,Nygaard2022_A0.06,"TurbOPark, A=0.06",24.0,0.1,True,9.50463125,0.07036741444444444,7.036741444444444,9.4898,0.06325416666666667,6.3254166666666665
7.0%,0.07036741444444444,7.036741444444444,Nygaard2022_A0.06,"TurbOPark, A=0.06",48.0,0.2,True,9.504631249999997,0.07036741444444444,7.036741444444444,9.5025,0.063425,6.342499999999999
7.0%,0.07036741444444444,7.036741444444444,Nygaard2022_A0.06,"TurbOPark, A=0.06",72.0,0.3,True,9.504631249999992,0.07036741444444444,7.036741444444444,9.5124375,0.0633,6.329999999999999
7.0%,0.07036741444444444,7.036741444444444,Nygaard2022_A0.06,"TurbOPark, A=0.06",96.0,0.4,True,9.504631249999951,0.07036741444444444,7.036741444444444,9.529116666666667,0.06318750000000001,6.3187500000000005
7.0%,0.07036741444444444,7.036741444444444,Nygaard2022_A0.06,"TurbOPark, A=0.06",120.0,0.5,True,9.504631249999685,0.07036741444444444,7.036741444444444,9.541683333333333,0.06333333333333334,6.333333333333334
7.0%,0.07036741444444444,7.036741444444444,Nygaard2022_A0.06,"TurbOPark, A=0.06",144.0,0.6,False,9.504631249998063,0.07036741444444444,7.036741444444444,9.551766666666667,0.06339166666666667,6.339166666666666
7.0%,0.07036741444444444,7.036741444444444,Nygaard2022_A0.06,"TurbOPark, A=0.06",168.0,0.7,False,9.504631249988757,0.07036741444444444,7.036741444444444,9.563825,0.0641375,6.41375
7.0%,0.07036741444444444,7.036741444444444,Nygaard2022_A0.06,"TurbOPark, A=0.06",192.0,0.8,False,9.50463124993831,0.07036741444444444,7.036741444444444,9.578729166666665,0.06456666666666666,6.456666666666666
7.0%,0.07036741444444444,7.036741444444444,Nygaard2022_A0.06,"TurbOPark, A=0.06",216.0,0.9,False,9.504631249680216,0.07036741444444444,7.036741444444444,9.598324999999999,0.064325,6.432499999999999
7.0%,0.07036741444444444,7.036741444444444,Nygaard2022_A0.06,"TurbOPark, A=0.06",240.0,1.0,False,9.504631248433007,0.07036741444444444,7.036741444444444,9.614283333333333,0.06465,6.465
7.0%,0.07036741444444444,7.036741444444444,Nygaard2022_A0.06,"TurbOPark, A=0.06",264.0,1.1,False,9.504631242744992,0.07036741444444444,7.036741444444444,9.629591666666666,0.06487083333333332,6.487083333333333
7.0%,0.07036741444444444,7.036741444444444,Nygaard2022_A0.06,"TurbOPark, A=0.06",288.0,1.2,False,9.504631218267743,0.07036741444444444,7.036741444444444,9.646229166666666,0.06504166666666666,6.504166666666666
7.0%,0.07036741444444444,7.036741444444444,Nygaard2022_A0.06,"TurbOPark, A=0.06",312.0,1.3,False,9.504631118880553,0.07036741444444444,7.036741444444444,9.660554166666667,0.06515833333333333,6.515833333333333
7.0%,0.07036741444444444,7.036741444444444,Nygaard2022_A0.06,"TurbOPark, A=0.06",336.0,1.4,False,9.504630738145021,0.07036741444444444,7.036741444444444,9.668187500000002,0.06537916666666667,6.537916666666667
7.0%,0.07036741444444444,7.036741444444444,Nygaard2022_A0.06,"TurbOPark, A=0.06",360.0,1.5,False,9.504629362116916,0.07036741444444444,7.036741444444444,9.676920833333334,0.06509166666666666,6.509166666666665
7.7%,0.07653482888888888,7.653482888888888,BPA2014,BPA,-360.0,-1.5,False,9.50463125,0.07653482888888888,7.653482888888888,9.5561375,0.06622499999999999,6.6225
7.7%,0.07653482888888888,7.653482888888888,BPA2014,BPA,-336.0,-1.4,False,9.50463125,0.07653482888888888,7.653482888888888,9.544583333333334,0.06564166666666667,6.564166666666667
7.7%,0.07653482888888888,7.653482888888888,BPA2014,BPA,-312.0,-1.3,False,9.50463125,0.07653482888888888,7.653482888888888,9.537,0.06584166666666666,6.584166666666666
7.7%,0.07653482888888888,7.653482888888888,BPA2014,BPA,-288.0,-1.2,False,9.50463125,0.07653482888888888,7.653482888888888,9.536170833333333,0.066025,6.6025
7.7%,0.07653482888888888,7.653482888888888,BPA2014,BPA,-264.0,-1.1,False,9.50463125,0.07653482888888888,7.653482888888888,9.536595833333333,0.0656625,6.56625
7.7%,0.07653482888888888,7.653482888888888,BPA2014,BPA,-240.0,-1.0,False,9.50463125,0.07653482888888888,7.653482888888888,9.535829166666666,0.06449583333333334,6.449583333333334
7.7%,0.07653482888888888,7.653482888888888,BPA2014,BPA,-216.0,-0.9,False,9.50463125,0.07653482888888888,7.653482888888888,9.533254166666666,0.0630875,6.308750000000001
7.7%,0.07653482888888888,7.653482888888888,BPA2014,BPA,-192.0,-0.8,False,9.50463125,0.07653482888888888,7.653482888888888,9.527916666666666,0.0619625,6.19625
7.7%,0.07653482888888888,7.653482888888888,BPA2014,BPA,-168.0,-0.7,False,9.50463125,0.07653482888888888,7.653482888888888,9.5134,0.06199166666666667,6.199166666666667
7.7%,0.07653482888888888,7.653482888888888,BPA2014,BPA,-144.0,-0.6,False,9.50463125,0.07653482888888888,7.653482888888888,9.500870833333334,0.061575,6.1575
7.7%,0.07653482888888888,7.653482888888888,BPA2014,BPA,-120.0,-0.5,True,9.50463125,0.07653482888888888,7.653482888888888,9.4931625,0.061516666666666664,6.151666666666666
7.7%,0.07653482888888888,7.653482888888888,BPA2014,BPA,-96.0,-0.4,True,9.50463125,0.07653482888888888,7.653482888888888,9.484958333333333,0.060795833333333334,6.079583333333334
7.7%,0.07653482888888888,7.653482888888888,BPA2014,BPA,-72.0,-0.3,True,9.50463125,0.07653482888888888,7.653482888888888,9.477504166666666,0.0607125,6.07125
7.7%,0.07653482888888888,7.653482888888888,BPA2014,BPA,-48.0,-0.2,True,9.50463125,0.07653482888888888,7.653482888888888,9.466725,0.061924999999999994,6.192499999999999
7.7%,0.07653482888888888,7.653482888888888,BPA2014,BPA,-24.0,-0.1,True,9.50463125,0.07653482888888888,7.653482888888888,9.468233333333334,0.06235416666666667,6.235416666666667
7.7%,0.07653482888888888,7.653482888888888,BPA2014,BPA,0.0,0.0,True,9.50463125,0.07653482888888888,7.653482888888888,9.479191666666667,0.06285833333333334,6.285833333333334
7.7%,0.07653482888888888,7.653482888888888,BPA2014,BPA,24.0,0.1,True,9.504631249999997,0.07653482888888888,7.653482888888888,9.4898,0.06325416666666667,6.3254166666666665
7.7%,0.07653482888888888,7.653482888888888,BPA2014,BPA,48.0,0.2,True,9.50463124999999,0.07653482888888888,7.653482888888888,9.5025,0.063425,6.342499999999999
7.7%,0.07653482888888888,7.653482888888888,BPA2014,BPA,72.0,0.3,True,9.504631249999946,0.07653482888888888,7.653482888888888,9.5124375,0.0633,6.329999999999999
7.7%,0.07653482888888888,7.653482888888888,BPA2014,BPA,96.0,0.4,True,9.50463124999967,0.07653482888888888,7.653482888888888,9.529116666666667,0.06318750000000001,6.3187500000000005
7.7%,0.07653482888888888,7.653482888888888,BPA2014,BPA,120.0,0.5,True,9.504631249998098,0.07653482888888888,7.653482888888888,9.541683333333333,0.06333333333333334,6.333333333333334
7.7%,0.07653482888888888,7.653482888888888,BPA2014,BPA,144.0,0.6,False,9.504631249989576,0.07653482888888888,7.653482888888888,9.551766666666667,0.06339166666666667,6.339166666666666
7.7%,0.07653482888888888,7.653482888888888,BPA2014,BPA,168.0,0.7,False,9.504631249945772,0.07653482888888888,7.653482888888888,9.563825,0.0641375,6.41375
7.7%,0.07653482888888888,7.653482888888888,BPA2014,BPA,192.0,0.8,False,9.504631249732514,0.07653482888888888,7.653482888888888,9.578729166666665,0.06456666666666666,6.456666666666666
7.7%,0.07653482888888888,7.653482888888888,BPA2014,BPA,216.0,0.9,False,9.504631248748936,0.07653482888888888,7.653482888888888,9.598324999999999,0.064325,6.432499999999999
7.7%,0.07653482888888888,7.653482888888888,BPA2014,BPA,240.0,1.0,False,9.504631244451737,0.07653482888888888,7.653482888888888,9.614283333333333,0.06465,6.465
7.7%,0.07653482888888888,7.653482888888888,BPA2014,BPA,264.0,1.1,False,9.504631226669085,0.07653482888888888,7.653482888888888,9.629591666666666,0.06487083333333332,6.487083333333333
7.7%,0.07653482888888888,7.653482888888888,BPA2014,BPA,288.0,1.2,False,9.504631156974131,0.07653482888888888,7.653482888888888,9.646229166666666,0.06504166666666666,6.504166666666666
7.7%,0.07653482888888888,7.653482888888888,BPA2014,BPA,312.0,1.3,False,9.504630898299542,0.07653482888888888,7.653482888888888,9.660554166666667,0.06515833333333333,6.515833333333333
7.7%,0.07653482888888888,7.653482888888888,BPA2014,BPA,336.0,1.4,False,9.504629989219842,0.07653482888888888,7.653482888888888,9.668187500000002,0.06537916666666667,6.537916666666667
7.7%,0.07653482888888888,7.653482888888888,BPA2014,BPA,360.0,1.5,False,9.504626964484896,0.07653482888888888,7.653482888888888,9.676920833333334,0.06509166666666666,6.509166666666665
7.7%,0.07653482888888888,7.653482888888888,NPA2016,NPA,-360.0,-1.5,False,9.50463125,0.07653482888888888,7.653482888888888,9.5561375,0.06622499999999999,6.6225
7.7%,0.07653482888888888,7.653482888888888,NPA2016,NPA,-336.0,-1.4,False,9.50463125,0.07653482888888888,7.653482888888888,9.544583333333334,0.06564166666666667,6.564166666666667
7.7%,0.07653482888888888,7.653482888888888,NPA2016,NPA,-312.0,-1.3,False,9.50463125,0.07653482888888888,7.653482888888888,9.537,0.06584166666666666,6.584166666666666
7.7%,0.07653482888888888,7.653482888888888,NPA2016,NPA,-288.0,-1.2,False,9.50463125,0.07653482888888888,7.653482888888888,9.536170833333333,0.066025,6.6025
7.7%,0.07653482888888888,7.653482888888888,NPA2016,NPA,-264.0,-1.1,False,9.50463125,0.07653482888888888,7.653482888888888,9.536595833333333,0.0656625,6.56625
7.7%,0.07653482888888888,7.653482888888888,NPA2016,NPA,-240.0,-1.0,False,9.50463125,0.07653482888888888,7.653482888888888,9.535829166666666,0.06449583333333334,6.449583333333334
7.7%,0.07653482888888888,7.653482888888888,NPA2016,NPA,-216.0,-0.9,False,9.50463125,0.07653482888888888,7.653482888888888,9.533254166666666,0.0630875,6.308750000000001
7.7%,0.07653482888888888,7.653482888888888,NPA2016,NPA,-192.0,-0.8,False,9.50463125,0.07653482888888888,7.653482888888888,9.527916666666666,0.0619625,6.19625
7.7%,0.07653482888888888,7.653482888888888,NPA2016,NPA,-168.0,-0.7,False,9.50463125,0.07653482888888888,7.653482888888888,9.5134,0.06199166666666667,6.199166666666667
7.7%,0.07653482888888888,7.653482888888888,NPA2016,NPA,-144.0,-0.6,False,9.50463125,0.07653482888888888,7.653482888888888,9.500870833333334,0.061575,6.1575
7.7%,0.07653482888888888,7.653482888888888,NPA2016,NPA,-120.0,-0.5,True,9.50463125,0.07653482888888888,7.653482888888888,9.4931625,0.061516666666666664,6.151666666666666
7.7%,0.07653482888888888,7.653482888888888,NPA2016,NPA,-96.0,-0.4,True,9.50463125,0.07653482888888888,7.653482888888888,9.484958333333333,0.060795833333333334,6.079583333333334
7.7%,0.07653482888888888,7.653482888888888,NPA2016,NPA,-72.0,-0.3,True,9.50463125,0.07653482888888888,7.653482888888888,9.477504166666666,0.0607125,6.07125
7.7%,0.07653482888888888,7.653482888888888,NPA2016,NPA,-48.0,-0.2,True,9.50463125,0.07653482888888888,7.653482888888888,9.466725,0.061924999999999994,6.192499999999999
7.7%,0.07653482888888888,7.653482888888888,NPA2016,NPA,-24.0,-0.1,True,9.50463125,0.07653482888888888,7.653482888888888,9.468233333333334,0.06235416666666667,6.235416666666667
7.7%,0.07653482888888888,7.653482888888888,NPA2016,NPA,0.0,0.0,True,9.50463125,0.07653482888888888,7.653482888888888,9.479191666666667,0.06285833333333334,6.285833333333334
7.7%,0.07653482888888888,7.653482888888888,NPA2016,NPA,24.0,0.1,True,9.504631249999997,0.07653482888888888,7.653482888888888,9.4898,0.06325416666666667,6.3254166666666665
7.7%,0.07653482888888888,7.653482888888888,NPA2016,NPA,48.0,0.2,True,9.504631249999985,0.07653482888888888,7.653482888888888,9.5025,0.063425,6.342499999999999
7.7%,0.07653482888888888,7.653482888888888,NPA2016,NPA,72.0,0.3,True,9.504631249999916,0.07653482888888888,7.653482888888888,9.5124375,0.0633,6.329999999999999
7.7%,0.07653482888888888,7.653482888888888,NPA2016,NPA,96.0,0.4,True,9.504631249999498,0.07653482888888888,7.653482888888888,9.529116666666667,0.06318750000000001,6.3187500000000005
7.7%,0.07653482888888888,7.653482888888888,NPA2016,NPA,120.0,0.5,True,9.504631249997175,0.07653482888888888,7.653482888888888,9.541683333333333,0.06333333333333334,6.333333333333334
7.7%,0.07653482888888888,7.653482888888888,NPA2016,NPA,144.0,0.6,False,9.504631249984884,0.07653482888888888,7.653482888888888,9.551766666666667,0.06339166666666667,6.339166666666666
7.7%,0.07653482888888888,7.653482888888888,NPA2016,NPA,168.0,0.7,False,9.504631249923246,0.07653482888888888,7.653482888888888,9.563825,0.0641375,6.41375
7.7%,0.07653482888888888,7.653482888888888,NPA2016,NPA,192.0,0.8,False,9.504631249630188,0.07653482888888888,7.653482888888888,9.578729166666665,0.06456666666666666,6.456666666666666
7.7%,0.07653482888888888,7.653482888888888,NPA2016,NPA,216.0,0.9,False,9.504631248309275,0.07653482888888888,7.653482888888888,9.598324999999999,0.064325,6.432499999999999
7.7%,0.07653482888888888,7.653482888888888,NPA2016,NPA,240.0,1.0,False,9.504631242665292,0.07653482888888888,7.653482888888888,9.614283333333333,0.06465,6.465
7.7%,0.07653482888888888,7.653482888888888,NPA2016,NPA,264.0,1.1,False,9.504631219806441,0.07653482888888888,7.653482888888888,9.629591666666666,0.06487083333333332,6.487083333333333
7.7%,0.07653482888888888,7.653482888888888,NPA2016,NPA,288.0,1.2,False,9.504631132057302,0.07653482888888888,7.653482888888888,9.646229166666666,0.06504166666666666,6.504166666666666
7.7%,0.07653482888888888,7.653482888888888,NPA2016,NPA,312.0,1.3,False,9.504630812823883,0.07653482888888888,7.653482888888888,9.660554166666667,0.06515833333333333,6.515833333333333
7.7%,0.07653482888888888,7.653482888888888,NPA2016,NPA,336.0,1.4,False,9.50462971229076,0.07653482888888888,7.653482888888888,9.668187500000002,0.06537916666666667,6.537916666666667
7.7%,0.07653482888888888,7.653482888888888,NPA2016,NPA,360.0,1.5,False,9.50462611618414,0.07653482888888888,7.653482888888888,9.676920833333334,0.06509166666666666,6.509166666666665
7.7%,0.07653482888888888,7.653482888888888,Nygaard2022,"TurbOPark, A=0.04",-360.0,-1.5,False,9.50463125,0.07653482888888888,7.653482888888888,9.5561375,0.06622499999999999,6.6225
7.7%,0.07653482888888888,7.653482888888888,Nygaard2022,"TurbOPark, A=0.04",-336.0,-1.4,False,9.50463125,0.07653482888888888,7.653482888888888,9.544583333333334,0.06564166666666667,6.564166666666667
7.7%,0.07653482888888888,7.653482888888888,Nygaard2022,"TurbOPark, A=0.04",-312.0,-1.3,False,9.50463125,0.07653482888888888,7.653482888888888,9.537,0.06584166666666666,6.584166666666666
7.7%,0.07653482888888888,7.653482888888888,Nygaard2022,"TurbOPark, A=0.04",-288.0,-1.2,False,9.50463125,0.07653482888888888,7.653482888888888,9.536170833333333,0.066025,6.6025
7.7%,0.07653482888888888,7.653482888888888,Nygaard2022,"TurbOPark, A=0.04",-264.0,-1.1,False,9.50463125,0.07653482888888888,7.653482888888888,9.536595833333333,0.0656625,6.56625
7.7%,0.07653482888888888,7.653482888888888,Nygaard2022,"TurbOPark, A=0.04",-240.0,-1.0,False,9.50463125,0.07653482888888888,7.653482888888888,9.535829166666666,0.06449583333333334,6.449583333333334
7.7%,0.07653482888888888,7.653482888888888,Nygaard2022,"TurbOPark, A=0.04",-216.0,-0.9,False,9.50463125,0.07653482888888888,7.653482888888888,9.533254166666666,0.0630875,6.308750000000001
7.7%,0.07653482888888888,7.653482888888888,Nygaard2022,"TurbOPark, A=0.04",-192.0,-0.8,False,9.50463125,0.07653482888888888,7.653482888888888,9.527916666666666,0.0619625,6.19625
7.7%,0.07653482888888888,7.653482888888888,Nygaard2022,"TurbOPark, A=0.04",-168.0,-0.7,False,9.50463125,0.07653482888888888,7.653482888888888,9.5134,0.06199166666666667,6.199166666666667
7.7%,0.07653482888888888,7.653482888888888,Nygaard2022,"TurbOPark, A=0.04",-144.0,-0.6,False,9.50463125,0.07653482888888888,7.653482888888888,9.500870833333334,0.061575,6.1575
7.7%,0.07653482888888888,7.653482888888888,Nygaard2022,"TurbOPark, A=0.04",-120.0,-0.5,True,9.50463125,0.07653482888888888,7.653482888888888,9.4931625,0.061516666666666664,6.151666666666666
7.7%,0.07653482888888888,7.653482888888888,Nygaard2022,"TurbOPark, A=0.04",-96.0,-0.4,True,9.50463125,0.07653482888888888,7.653482888888888,9.484958333333333,0.060795833333333334,6.079583333333334
7.7%,0.07653482888888888,7.653482888888888,Nygaard2022,"TurbOPark, A=0.04",-72.0,-0.3,True,9.50463125,0.07653482888888888,7.653482888888888,9.477504166666666,0.0607125,6.07125
7.7%,0.07653482888888888,7.653482888888888,Nygaard2022,"TurbOPark, A=0.04",-48.0,-0.2,True,9.50463125,0.07653482888888888,7.653482888888888,9.466725,0.061924999999999994,6.192499999999999
7.7%,0.07653482888888888,7.653482888888888,Nygaard2022,"TurbOPark, A=0.04",-24.0,-0.1,True,9.50463125,0.07653482888888888,7.653482888888888,9.468233333333334,0.06235416666666667,6.235416666666667
7.7%,0.07653482888888888,7.653482888888888,Nygaard2022,"TurbOPark, A=0.04",0.0,0.0,True,9.50463125,0.07653482888888888,7.653482888888888,9.479191666666667,0.06285833333333334,6.285833333333334
7.7%,0.07653482888888888,7.653482888888888,Nygaard2022,"TurbOPark, A=0.04",24.0,0.1,True,9.50463125,0.07653482888888888,7.653482888888888,9.4898,0.06325416666666667,6.3254166666666665
7.7%,0.07653482888888888,7.653482888888888,Nygaard2022,"TurbOPark, A=0.04",48.0,0.2,True,9.50463125,0.07653482888888888,7.653482888888888,9.5025,0.063425,6.342499999999999
7.7%,0.07653482888888888,7.653482888888888,Nygaard2022,"TurbOPark, A=0.04",72.0,0.3,True,9.50463125,0.07653482888888888,7.653482888888888,9.5124375,0.0633,6.329999999999999
7.7%,0.07653482888888888,7.653482888888888,Nygaard2022,"TurbOPark, A=0.04",96.0,0.4,True,9.50463125,0.07653482888888888,7.653482888888888,9.529116666666667,0.06318750000000001,6.3187500000000005
7.7%,0.07653482888888888,7.653482888888888,Nygaard2022,"TurbOPark, A=0.04",120.0,0.5,True,9.504631249999997,0.07653482888888888,7.653482888888888,9.541683333333333,0.06333333333333334,6.333333333333334
7.7%,0.07653482888888888,7.653482888888888,Nygaard2022,"TurbOPark, A=0.04",144.0,0.6,False,9.504631249999983,0.07653482888888888,7.653482888888888,9.551766666666667,0.06339166666666667,6.339166666666666
7.7%,0.07653482888888888,7.653482888888888,Nygaard2022,"TurbOPark, A=0.04",168.0,0.7,False,9.504631249999877,0.07653482888888888,7.653482888888888,9.563825,0.0641375,6.41375
7.7%,0.07653482888888888,7.653482888888888,Nygaard2022,"TurbOPark, A=0.04",192.0,0.8,False,9.504631249999083,0.07653482888888888,7.653482888888888,9.578729166666665,0.06456666666666666,6.456666666666666
7.7%,0.07653482888888888,7.653482888888888,Nygaard2022,"TurbOPark, A=0.04",216.0,0.9,False,9.504631249993611,0.07653482888888888,7.653482888888888,9.598324999999999,0.064325,6.432499999999999
7.7%,0.07653482888888888,7.653482888888888,Nygaard2022,"TurbOPark, A=0.04",240.0,1.0,False,9.504631249958386,0.07653482888888888,7.653482888888888,9.614283333333333,0.06465,6.465
7.7%,0.07653482888888888,7.653482888888888,Nygaard2022,"TurbOPark, A=0.04",264.0,1.1,False,9.504631249746515,0.07653482888888888,7.653482888888888,9.629591666666666,0.06487083333333332,6.487083333333333
7.7%,0.07653482888888888,7.653482888888888,Nygaard2022,"TurbOPark, A=0.04",288.0,1.2,False,9.504631248555954,0.07653482888888888,7.653482888888888,9.646229166666666,0.06504166666666666,6.504166666666666
7.7%,0.07653482888888888,7.653482888888888,Nygaard2022,"TurbOPark, A=0.04",312.0,1.3,False,9.50463124230654,0.07653482888888888,7.653482888888888,9.660554166666667,0.06515833333333333,6.515833333333333
7.7%,0.07653482888888888,7.653482888888888,Nygaard2022,"TurbOPark, A=0.04",336.0,1.4,False,9.504631211666366,0.07653482888888888,7.653482888888888,9.668187500000002,0.06537916666666667,6.537916666666667
7.7%,0.07653482888888888,7.653482888888888,Nygaard2022,"TurbOPark, A=0.04",360.0,1.5,False,9.504631071329017,0.07653482888888888,7.653482888888888,9.676920833333334,0.06509166666666666,6.509166666666665
7.7%,0.07653482888888888,7.653482888888888,Nygaard2022_A0.06,"TurbOPark, A=0.06",-360.0,-1.5,False,9.50463125,0.07653482888888888,7.653482888888888,9.5561375,0.06622499999999999,6.6225
7.7%,0.07653482888888888,7.653482888888888,Nygaard2022_A0.06,"TurbOPark, A=0.06",-336.0,-1.4,False,9.50463125,0.07653482888888888,7.653482888888888,9.544583333333334,0.06564166666666667,6.564166666666667
7.7%,0.07653482888888888,7.653482888888888,Nygaard2022_A0.06,"TurbOPark, A=0.06",-312.0,-1.3,False,9.50463125,0.07653482888888888,7.653482888888888,9.537,0.06584166666666666,6.584166666666666
7.7%,0.07653482888888888,7.653482888888888,Nygaard2022_A0.06,"TurbOPark, A=0.06",-288.0,-1.2,False,9.50463125,0.07653482888888888,7.653482888888888,9.536170833333333,0.066025,6.6025
7.7%,0.07653482888888888,7.653482888888888,Nygaard2022_A0.06,"TurbOPark, A=0.06",-264.0,-1.1,False,9.50463125,0.07653482888888888,7.653482888888888,9.536595833333333,0.0656625,6.56625
7.7%,0.07653482888888888,7.653482888888888,Nygaard2022_A0.06,"TurbOPark, A=0.06",-240.0,-1.0,False,9.50463125,0.07653482888888888,7.653482888888888,9.535829166666666,0.06449583333333334,6.449583333333334
7.7%,0.07653482888888888,7.653482888888888,Nygaard2022_A0.06,"TurbOPark, A=0.06",-216.0,-0.9,False,9.50463125,0.07653482888888888,7.653482888888888,9.533254166666666,0.0630875,6.308750000000001
7.7%,0.07653482888888888,7.653482888888888,Nygaard2022_A0.06,"TurbOPark, A=0.06",-192.0,-0.8,False,9.50463125,0.07653482888888888,7.653482888888888,9.527916666666666,0.0619625,6.19625
7.7%,0.07653482888888888,7.653482888888888,Nygaard2022_A0.06,"TurbOPark, A=0.06",-168.0,-0.7,False,9.50463125,0.07653482888888888,7.653482888888888,9.5134,0.06199166666666667,6.199166666666667
7.7%,0.07653482888888888,7.653482888888888,Nygaard2022_A0.06,"TurbOPark, A=0.06",-144.0,-0.6,False,9.50463125,0.07653482888888888,7.653482888888888,9.500870833333334,0.061575,6.1575
7.7%,0.07653482888888888,7.653482888888888,Nygaard2022_A0.06,"TurbOPark, A=0.06",-120.0,-0.5,True,9.50463125,0.07653482888888888,7.653482888888888,9.4931625,0.061516666666666664,6.151666666666666
7.7%,0.07653482888888888,7.653482888888888,Nygaard2022_A0.06,"TurbOPark, A=0.06",-96.0,-0.4,True,9.50463125,0.07653482888888888,7.653482888888888,9.484958333333333,0.060795833333333334,6.079583333333334
7.7%,0.07653482888888888,7.653482888888888,Nygaard2022_A0.06,"TurbOPark, A=0.06",-72.0,-0.3,True,9.50463125,0.07653482888888888,7.653482888888888,9.477504166666666,0.0607125,6.07125
7.7%,0.07653482888888888,7.653482888888888,Nygaard2022_A0.06,"TurbOPark, A=0.06",-48.0,-0.2,True,9.50463125,0.07653482888888888,7.653482888888888,9.466725,0.061924999999999994,6.192499999999999
7.7%,0.07653482888888888,7.653482888888888,Nygaard2022_A0.06,"TurbOPark, A=0.06",-24.0,-0.1,True,9.50463125,0.07653482888888888,7.653482888888888,9.468233333333334,0.06235416666666667,6.235416666666667
7.7%,0.07653482888888888,7.653482888888888,Nygaard2022_A0.06,"TurbOPark, A=0.06",0.0,0.0,True,9.50463125,0.07653482888888888,7.653482888888888,9.479191666666667,0.06285833333333334,6.285833333333334
7.7%,0.07653482888888888,7.653482888888888,Nygaard2022_A0.06,"TurbOPark, A=0.06",24.0,0.1,True,9.50463125,0.07653482888888888,7.653482888888888,9.4898,0.06325416666666667,6.3254166666666665
7.7%,0.07653482888888888,7.653482888888888,Nygaard2022_A0.06,"TurbOPark, A=0.06",48.0,0.2,True,9.504631249999997,0.07653482888888888,7.653482888888888,9.5025,0.063425,6.342499999999999
7.7%,0.07653482888888888,7.653482888888888,Nygaard2022_A0.06,"TurbOPark, A=0.06",72.0,0.3,True,9.504631249999992,0.07653482888888888,7.653482888888888,9.5124375,0.0633,6.329999999999999
7.7%,0.07653482888888888,7.653482888888888,Nygaard2022_A0.06,"TurbOPark, A=0.06",96.0,0.4,True,9.504631249999946,0.07653482888888888,7.653482888888888,9.529116666666667,0.06318750000000001,6.3187500000000005
7.7%,0.07653482888888888,7.653482888888888,Nygaard2022_A0.06,"TurbOPark, A=0.06",120.0,0.5,True,9.50463124999966,0.07653482888888888,7.653482888888888,9.541683333333333,0.06333333333333334,6.333333333333334
7.7%,0.07653482888888888,7.653482888888888,Nygaard2022_A0.06,"TurbOPark, A=0.06",144.0,0.6,False,9.50463124999792,0.07653482888888888,7.653482888888888,9.551766666666667,0.06339166666666667,6.339166666666666
7.7%,0.07653482888888888,7.653482888888888,Nygaard2022_A0.06,"TurbOPark, A=0.06",168.0,0.7,False,9.50463124998798,0.07653482888888888,7.653482888888888,9.563825,0.0641375,6.41375
7.7%,0.07653482888888888,7.653482888888888,Nygaard2022_A0.06,"TurbOPark, A=0.06",192.0,0.8,False,9.504631249934352,0.07653482888888888,7.653482888888888,9.578729166666665,0.06456666666666666,6.456666666666666
7.7%,0.07653482888888888,7.653482888888888,Nygaard2022_A0.06,"TurbOPark, A=0.06",216.0,0.9,False,9.504631249661136,0.07653482888888888,7.653482888888888,9.598324999999999,0.064325,6.432499999999999
7.7%,0.07653482888888888,7.653482888888888,Nygaard2022_A0.06,"TurbOPark, A=0.06",240.0,1.0,False,9.504631248346294,0.07653482888888888,7.653482888888888,9.614283333333333,0.06465,6.465
7.7%,0.07653482888888888,7.653482888888888,Nygaard2022_A0.06,"TurbOPark, A=0.06",264.0,1.1,False,9.504631242375359,0.07653482888888888,7.653482888888888,9.629591666666666,0.06487083333333332,6.487083333333333
7.7%,0.07653482888888888,7.653482888888888,Nygaard2022_A0.06,"TurbOPark, A=0.06",288.0,1.2,False,9.504631216785768,0.07653482888888888,7.653482888888888,9.646229166666666,0.06504166666666666,6.504166666666666
7.7%,0.07653482888888888,7.653482888888888,Nygaard2022_A0.06,"TurbOPark, A=0.06",312.0,1.3,False,9.504631113294089,0.07653482888888888,7.653482888888888,9.660554166666667,0.06515833333333333,6.515833333333333
7.7%,0.07653482888888888,7.653482888888888,Nygaard2022_A0.06,"TurbOPark, A=0.06",336.0,1.4,False,9.504630718193646,0.07653482888888888,7.653482888888888,9.668187500000002,0.06537916666666667,6.537916666666667
7.7%,0.07653482888888888,7.653482888888888,Nygaard2022_A0.06,"TurbOPark, A=0.06",360.0,1.5,False,9.504629294670636,0.07653482888888888,7.653482888888888,9.676920833333334,0.06509166666666666,6.509166666666665
8.3%,0.08270224333333333,8.270224333333333,BPA2014,BPA,-360.0,-1.5,False,9.50463125,0.08270224333333333,8.270224333333333,9.5561375,0.06622499999999999,6.6225
8.3%,0.08270224333333333,8.270224333333333,BPA2014,BPA,-336.0,-1.4,False,9.50463125,0.08270224333333333,8.270224333333333,9.544583333333334,0.06564166666666667,6.564166666666667
8.3%,0.08270224333333333,8.270224333333333,BPA2014,BPA,-312.0,-1.3,False,9.50463125,0.08270224333333333,8.270224333333333,9.537,0.06584166666666666,6.584166666666666
8.3%,0.08270224333333333,8.270224333333333,BPA2014,BPA,-288.0,-1.2,False,9.50463125,0.08270224333333333,8.270224333333333,9.536170833333333,0.066025,6.6025
8.3%,0.08270224333333333,8.270224333333333,BPA2014,BPA,-264.0,-1.1,False,9.50463125,0.08270224333333333,8.270224333333333,9.536595833333333,0.0656625,6.56625
8.3%,0.08270224333333333,8.270224333333333,BPA2014,BPA,-240.0,-1.0,False,9.50463125,0.08270224333333333,8.270224333333333,9.535829166666666,0.06449583333333334,6.449583333333334
8.3%,0.08270224333333333,8.270224333333333,BPA2014,BPA,-216.0,-0.9,False,9.50463125,0.08270224333333333,8.270224333333333,9.533254166666666,0.0630875,6.308750000000001
8.3%,0.08270224333333333,8.270224333333333,BPA2014,BPA,-192.0,-0.8,False,9.50463125,0.08270224333333333,8.270224333333333,9.527916666666666,0.0619625,6.19625
8.3%,0.08270224333333333,8.270224333333333,BPA2014,BPA,-168.0,-0.7,False,9.50463125,0.08270224333333333,8.270224333333333,9.5134,0.06199166666666667,6.199166666666667
8.3%,0.08270224333333333,8.270224333333333,BPA2014,BPA,-144.0,-0.6,False,9.50463125,0.08270224333333333,8.270224333333333,9.500870833333334,0.061575,6.1575
8.3%,0.08270224333333333,8.270224333333333,BPA2014,BPA,-120.0,-0.5,True,9.50463125,0.08270224333333333,8.270224333333333,9.4931625,0.061516666666666664,6.151666666666666
8.3%,0.08270224333333333,8.270224333333333,BPA2014,BPA,-96.0,-0.4,True,9.50463125,0.08270224333333333,8.270224333333333,9.484958333333333,0.060795833333333334,6.079583333333334
8.3%,0.08270224333333333,8.270224333333333,BPA2014,BPA,-72.0,-0.3,True,9.50463125,0.08270224333333333,8.270224333333333,9.477504166666666,0.0607125,6.07125
8.3%,0.08270224333333333,8.270224333333333,BPA2014,BPA,-48.0,-0.2,True,9.50463125,0.08270224333333333,8.270224333333333,9.466725,0.061924999999999994,6.192499999999999
8.3%,0.08270224333333333,8.270224333333333,BPA2014,BPA,-24.0,-0.1,True,9.50463125,0.08270224333333333,8.270224333333333,9.468233333333334,0.06235416666666667,6.235416666666667
8.3%,0.08270224333333333,8.270224333333333,BPA2014,BPA,0.0,0.0,True,9.50463125,0.08270224333333333,8.270224333333333,9.479191666666667,0.06285833333333334,6.285833333333334
8.3%,0.08270224333333333,8.270224333333333,BPA2014,BPA,24.0,0.1,True,9.504631249999997,0.08270224333333333,8.270224333333333,9.4898,0.06325416666666667,6.3254166666666665
8.3%,0.08270224333333333,8.270224333333333,BPA2014,BPA,48.0,0.2,True,9.50463124999999,0.08270224333333333,8.270224333333333,9.5025,0.063425,6.342499999999999
8.3%,0.08270224333333333,8.270224333333333,BPA2014,BPA,72.0,0.3,True,9.504631249999946,0.08270224333333333,8.270224333333333,9.5124375,0.0633,6.329999999999999
8.3%,0.08270224333333333,8.270224333333333,BPA2014,BPA,96.0,0.4,True,9.50463124999967,0.08270224333333333,8.270224333333333,9.529116666666667,0.06318750000000001,6.3187500000000005
8.3%,0.08270224333333333,8.270224333333333,BPA2014,BPA,120.0,0.5,True,9.504631249998098,0.08270224333333333,8.270224333333333,9.541683333333333,0.06333333333333334,6.333333333333334
8.3%,0.08270224333333333,8.270224333333333,BPA2014,BPA,144.0,0.6,False,9.504631249989576,0.08270224333333333,8.270224333333333,9.551766666666667,0.06339166666666667,6.339166666666666
8.3%,0.08270224333333333,8.270224333333333,BPA2014,BPA,168.0,0.7,False,9.504631249945772,0.08270224333333333,8.270224333333333,9.563825,0.0641375,6.41375
8.3%,0.08270224333333333,8.270224333333333,BPA2014,BPA,192.0,0.8,False,9.504631249732514,0.08270224333333333,8.270224333333333,9.578729166666665,0.06456666666666666,6.456666666666666
8.3%,0.08270224333333333,8.270224333333333,BPA2014,BPA,216.0,0.9,False,9.504631248748936,0.08270224333333333,8.270224333333333,9.598324999999999,0.064325,6.432499999999999
8.3%,0.08270224333333333,8.270224333333333,BPA2014,BPA,240.0,1.0,False,9.504631244451737,0.08270224333333333,8.270224333333333,9.614283333333333,0.06465,6.465
8.3%,0.08270224333333333,8.270224333333333,BPA2014,BPA,264.0,1.1,False,9.504631226669085,0.08270224333333333,8.270224333333333,9.629591666666666,0.06487083333333332,6.487083333333333
8.3%,0.08270224333333333,8.270224333333333,BPA2014,BPA,288.0,1.2,False,9.504631156974131,0.08270224333333333,8.270224333333333,9.646229166666666,0.06504166666666666,6.504166666666666
8.3%,0.08270224333333333,8.270224333333333,BPA2014,BPA,312.0,1.3,False,9.504630898299542,0.08270224333333333,8.270224333333333,9.660554166666667,0.06515833333333333,6.515833333333333
8.3%,0.08270224333333333,8.270224333333333,BPA2014,BPA,336.0,1.4,False,9.504629989219842,0.08270224333333333,8.270224333333333,9.668187500000002,0.06537916666666667,6.537916666666667
8.3%,0.08270224333333333,8.270224333333333,BPA2014,BPA,360.0,1.5,False,9.504626964484896,0.08270224333333333,8.270224333333333,9.676920833333334,0.06509166666666666,6.509166666666665
8.3%,0.08270224333333333,8.270224333333333,NPA2016,NPA,-360.0,-1.5,False,9.50463125,0.08270224333333333,8.270224333333333,9.5561375,0.06622499999999999,6.6225
8.3%,0.08270224333333333,8.270224333333333,NPA2016,NPA,-336.0,-1.4,False,9.50463125,0.08270224333333333,8.270224333333333,9.544583333333334,0.06564166666666667,6.564166666666667
8.3%,0.08270224333333333,8.270224333333333,NPA2016,NPA,-312.0,-1.3,False,9.50463125,0.08270224333333333,8.270224333333333,9.537,0.06584166666666666,6.584166666666666
8.3%,0.08270224333333333,8.270224333333333,NPA2016,NPA,-288.0,-1.2,False,9.50463125,0.08270224333333333,8.270224333333333,9.536170833333333,0.066025,6.6025
8.3%,0.08270224333333333,8.270224333333333,NPA2016,NPA,-264.0,-1.1,False,9.50463125,0.08270224333333333,8.270224333333333,9.536595833333333,0.0656625,6.56625
8.3%,0.08270224333333333,8.270224333333333,NPA2016,NPA,-240.0,-1.0,False,9.50463125,0.08270224333333333,8.270224333333333,9.535829166666666,0.06449583333333334,6.449583333333334
8.3%,0.08270224333333333,8.270224333333333,NPA2016,NPA,-216.0,-0.9,False,9.50463125,0.08270224333333333,8.270224333333333,9.533254166666666,0.0630875,6.308750000000001
8.3%,0.08270224333333333,8.270224333333333,NPA2016,NPA,-192.0,-0.8,False,9.50463125,0.08270224333333333,8.270224333333333,9.527916666666666,0.0619625,6.19625
8.3%,0.08270224333333333,8.270224333333333,NPA2016,NPA,-168.0,-0.7,False,9.50463125,0.08270224333333333,8.270224333333333,9.5134,0.06199166666666667,6.199166666666667
8.3%,0.08270224333333333,8.270224333333333,NPA2016,NPA,-144.0,-0.6,False,9.50463125,0.08270224333333333,8.270224333333333,9.500870833333334,0.061575,6.1575
8.3%,0.08270224333333333,8.270224333333333,NPA2016,NPA,-120.0,-0.5,True,9.50463125,0.08270224333333333,8.270224333333333,9.4931625,0.061516666666666664,6.151666666666666
8.3%,0.08270224333333333,8.270224333333333,NPA2016,NPA,-96.0,-0.4,True,9.50463125,0.08270224333333333,8.270224333333333,9.484958333333333,0.060795833333333334,6.079583333333334
8.3%,0.08270224333333333,8.270224333333333,NPA2016,NPA,-72.0,-0.3,True,9.50463125,0.08270224333333333,8.270224333333333,9.477504166666666,0.0607125,6.07125
8.3%,0.08270224333333333,8.270224333333333,NPA2016,NPA,-48.0,-0.2,True,9.50463125,0.08270224333333333,8.270224333333333,9.466725,0.061924999999999994,6.192499999999999
8.3%,0.08270224333333333,8.270224333333333,NPA2016,NPA,-24.0,-0.1,True,9.50463125,0.08270224333333333,8.270224333333333,9.468233333333334,0.06235416666666667,6.235416666666667
8.3%,0.08270224333333333,8.270224333333333,NPA2016,NPA,0.0,0.0,True,9.504631249999997,0.08270224333333333,8.270224333333333,9.479191666666667,0.06285833333333334,6.285833333333334
8.3%,0.08270224333333333,8.270224333333333,NPA2016,NPA,24.0,0.1,True,9.504631249999985,0.08270224333333333,8.270224333333333,9.4898,0.06325416666666667,6.3254166666666665
8.3%,0.08270224333333333,8.270224333333333,NPA2016,NPA,48.0,0.2,True,9.504631249999917,0.08270224333333333,8.270224333333333,9.5025,0.063425,6.342499999999999
8.3%,0.08270224333333333,8.270224333333333,NPA2016,NPA,72.0,0.3,True,9.504631249999536,0.08270224333333333,8.270224333333333,9.5124375,0.0633,6.329999999999999
8.3%,0.08270224333333333,8.270224333333333,NPA2016,NPA,96.0,0.4,True,9.504631249997505,0.08270224333333333,8.270224333333333,9.529116666666667,0.06318750000000001,6.3187500000000005
8.3%,0.08270224333333333,8.270224333333333,NPA2016,NPA,120.0,0.5,True,9.504631249987257,0.08270224333333333,8.270224333333333,9.541683333333333,0.06333333333333334,6.333333333333334
8.3%,0.08270224333333333,8.270224333333333,NPA2016,NPA,144.0,0.6,False,9.504631249938049,0.08270224333333333,8.270224333333333,9.551766666666667,0.06339166666666667,6.339166666666666
8.3%,0.08270224333333333,8.270224333333333,NPA2016,NPA,168.0,0.7,False,9.504631249713391,0.08270224333333333,8.270224333333333,9.563825,0.0641375,6.41375
8.3%,0.08270224333333333,8.270224333333333,NPA2016,NPA,192.0,0.8,False,9.504631248737294,0.08270224333333333,8.270224333333333,9.578729166666665,0.06456666666666666,6.456666666666666
8.3%,0.08270224333333333,8.270224333333333,NPA2016,NPA,216.0,0.9,False,9.504631244705173,0.08270224333333333,8.270224333333333,9.598324999999999,0.064325,6.432499999999999
8.3%,0.08270224333333333,8.270224333333333,NPA2016,NPA,240.0,1.0,False,9.504631228872906,0.08270224333333333,8.270224333333333,9.614283333333333,0.06465,6.465
8.3%,0.08270224333333333,8.270224333333333,NPA2016,NPA,264.0,1.1,False,9.504631169779078,0.08270224333333333,8.270224333333333,9.629591666666666,0.06487083333333332,6.487083333333333
8.3%,0.08270224333333333,8.270224333333333,NPA2016,NPA,288.0,1.2,False,9.50463096003676,0.08270224333333333,8.270224333333333,9.646229166666666,0.06504166666666666,6.504166666666666
8.3%,0.08270224333333333,8.270224333333333,NPA2016,NPA,312.0,1.3,False,9.504630252212776,0.08270224333333333,8.270224333333333,9.660554166666667,0.06515833333333333,6.515833333333333
8.3%,0.08270224333333333,8.270224333333333,NPA2016,NPA,336.0,1.4,False,9.504627982674334,0.08270224333333333,8.270224333333333,9.668187500000002,0.06537916666666667,6.537916666666667
8.3%,0.08270224333333333,8.270224333333333,NPA2016,NPA,360.0,1.5,False,9.504621068195673,0.08270224333333333,8.270224333333333,9.676920833333334,0.06509166666666666,6.509166666666665
8.3%,0.08270224333333333,8.270224333333333,Nygaard2022,"TurbOPark, A=0.04",-360.0,-1.5,False,9.50463125,0.08270224333333333,8.270224333333333,9.5561375,0.06622499999999999,6.6225
8.3%,0.08270224333333333,8.270224333333333,Nygaard2022,"TurbOPark, A=0.04",-336.0,-1.4,False,9.50463125,0.08270224333333333,8.270224333333333,9.544583333333334,0.06564166666666667,6.564166666666667
8.3%,0.08270224333333333,8.270224333333333,Nygaard2022,"TurbOPark, A=0.04",-312.0,-1.3,False,9.50463125,0.08270224333333333,8.270224333333333,9.537,0.06584166666666666,6.584166666666666
8.3%,0.08270224333333333,8.270224333333333,Nygaard2022,"TurbOPark, A=0.04",-288.0,-1.2,False,9.50463125,0.08270224333333333,8.270224333333333,9.536170833333333,0.066025,6.6025
8.3%,0.08270224333333333,8.270224333333333,Nygaard2022,"TurbOPark, A=0.04",-264.0,-1.1,False,9.50463125,0.08270224333333333,8.270224333333333,9.536595833333333,0.0656625,6.56625
8.3%,0.08270224333333333,8.270224333333333,Nygaard2022,"TurbOPark, A=0.04",-240.0,-1.0,False,9.50463125,0.08270224333333333,8.270224333333333,9.535829166666666,0.06449583333333334,6.449583333333334
8.3%,0.08270224333333333,8.270224333333333,Nygaard2022,"TurbOPark, A=0.04",-216.0,-0.9,False,9.50463125,0.08270224333333333,8.270224333333333,9.533254166666666,0.0630875,6.308750000000001
8.3%,0.08270224333333333,8.270224333333333,Nygaard2022,"TurbOPark, A=0.04",-192.0,-0.8,False,9.50463125,0.08270224333333333,8.270224333333333,9.527916666666666,0.0619625,6.19625
8.3%,0.08270224333333333,8.270224333333333,Nygaard2022,"TurbOPark, A=0.04",-168.0,-0.7,False,9.50463125,0.08270224333333333,8.270224333333333,9.5134,0.06199166666666667,6.199166666666667
8.3%,0.08270224333333333,8.270224333333333,Nygaard2022,"TurbOPark, A=0.04",-144.0,-0.6,False,9.50463125,0.08270224333333333,8.270224333333333,9.500870833333334,0.061575,6.1575
8.3%,0.08270224333333333,8.270224333333333,Nygaard2022,"TurbOPark, A=0.04",-120.0,-0.5,True,9.50463125,0.08270224333333333,8.270224333333333,9.4931625,0.061516666666666664,6.151666666666666
8.3%,0.08270224333333333,8.270224333333333,Nygaard2022,"TurbOPark, A=0.04",-96.0,-0.4,True,9.50463125,0.08270224333333333,8.270224333333333,9.484958333333333,0.060795833333333334,6.079583333333334
8.3%,0.08270224333333333,8.270224333333333,Nygaard2022,"TurbOPark, A=0.04",-72.0,-0.3,True,9.50463125,0.08270224333333333,8.270224333333333,9.477504166666666,0.0607125,6.07125
8.3%,0.08270224333333333,8.270224333333333,Nygaard2022,"TurbOPark, A=0.04",-48.0,-0.2,True,9.50463125,0.08270224333333333,8.270224333333333,9.466725,0.061924999999999994,6.192499999999999
8.3%,0.08270224333333333,8.270224333333333,Nygaard2022,"TurbOPark, A=0.04",-24.0,-0.1,True,9.50463125,0.08270224333333333,8.270224333333333,9.468233333333334,0.06235416666666667,6.235416666666667
8.3%,0.08270224333333333,8.270224333333333,Nygaard2022,"TurbOPark, A=0.04",0.0,0.0,True,9.50463125,0.08270224333333333,8.270224333333333,9.479191666666667,0.06285833333333334,6.285833333333334
8.3%,0.08270224333333333,8.270224333333333,Nygaard2022,"TurbOPark, A=0.04",24.0,0.1,True,9.50463125,0.08270224333333333,8.270224333333333,9.4898,0.06325416666666667,6.3254166666666665
8.3%,0.08270224333333333,8.270224333333333,Nygaard2022,"TurbOPark, A=0.04",48.0,0.2,True,9.50463125,0.08270224333333333,8.270224333333333,9.5025,0.063425,6.342499999999999
8.3%,0.08270224333333333,8.270224333333333,Nygaard2022,"TurbOPark, A=0.04",72.0,0.3,True,9.50463125,0.08270224333333333,8.270224333333333,9.5124375,0.0633,6.329999999999999
8.3%,0.08270224333333333,8.270224333333333,Nygaard2022,"TurbOPark, A=0.04",96.0,0.4,True,9.50463125,0.08270224333333333,8.270224333333333,9.529116666666667,0.06318750000000001,6.3187500000000005
8.3%,0.08270224333333333,8.270224333333333,Nygaard2022,"TurbOPark, A=0.04",120.0,0.5,True,9.504631249999997,0.08270224333333333,8.270224333333333,9.541683333333333,0.06333333333333334,6.333333333333334
8.3%,0.08270224333333333,8.270224333333333,Nygaard2022,"TurbOPark, A=0.04",144.0,0.6,False,9.504631249999983,0.08270224333333333,8.270224333333333,9.551766666666667,0.06339166666666667,6.339166666666666
8.3%,0.08270224333333333,8.270224333333333,Nygaard2022,"TurbOPark, A=0.04",168.0,0.7,False,9.504631249999868,0.08270224333333333,8.270224333333333,9.563825,0.0641375,6.41375
8.3%,0.08270224333333333,8.270224333333333,Nygaard2022,"TurbOPark, A=0.04",192.0,0.8,False,9.504631249999028,0.08270224333333333,8.270224333333333,9.578729166666665,0.06456666666666666,6.456666666666666
8.3%,0.08270224333333333,8.270224333333333,Nygaard2022,"TurbOPark, A=0.04",216.0,0.9,False,9.50463124999326,0.08270224333333333,8.270224333333333,9.598324999999999,0.064325,6.432499999999999
8.3%,0.08270224333333333,8.270224333333333,Nygaard2022,"TurbOPark, A=0.04",240.0,1.0,False,9.504631249956276,0.08270224333333333,8.270224333333333,9.614283333333333,0.06465,6.465
8.3%,0.08270224333333333,8.270224333333333,Nygaard2022,"TurbOPark, A=0.04",264.0,1.1,False,9.504631249734707,0.08270224333333333,8.270224333333333,9.629591666666666,0.06487083333333332,6.487083333333333
8.3%,0.08270224333333333,8.270224333333333,Nygaard2022,"TurbOPark, A=0.04",288.0,1.2,False,9.50463124849442,0.08270224333333333,8.270224333333333,9.646229166666666,0.06504166666666666,6.504166666666666
8.3%,0.08270224333333333,8.270224333333333,Nygaard2022,"TurbOPark, A=0.04",312.0,1.3,False,9.50463124200339,0.08270224333333333,8.270224333333333,9.660554166666667,0.06515833333333333,6.515833333333333
8.3%,0.08270224333333333,8.270224333333333,Nygaard2022,"TurbOPark, A=0.04",336.0,1.4,False,9.504631210274765,0.08270224333333333,8.270224333333333,9.668187500000002,0.06537916666666667,6.537916666666667
8.3%,0.08270224333333333,8.270224333333333,Nygaard2022,"TurbOPark, A=0.04",360.0,1.5,False,9.504631065423167,0.08270224333333333,8.270224333333333,9.676920833333334,0.06509166666666666,6.509166666666665
8.3%,0.08270224333333333,8.270224333333333,Nygaard2022_A0.06,"TurbOPark, A=0.06",-360.0,-1.5,False,9.50463125,0.08270224333333333,8.270224333333333,9.5561375,0.06622499999999999,6.6225
8.3%,0.08270224333333333,8.270224333333333,Nygaard2022_A0.06,"TurbOPark, A=0.06",-336.0,-1.4,False,9.50463125,0.08270224333333333,8.270224333333333,9.544583333333334,0.06564166666666667,6.564166666666667
8.3%,0.08270224333333333,8.270224333333333,Nygaard2022_A0.06,"TurbOPark, A=0.06",-312.0,-1.3,False,9.50463125,0.08270224333333333,8.270224333333333,9.537,0.06584166666666666,6.584166666666666
8.3%,0.08270224333333333,8.270224333333333,Nygaard2022_A0.06,"TurbOPark, A=0.06",-288.0,-1.2,False,9.50463125,0.08270224333333333,8.270224333333333,9.536170833333333,0.066025,6.6025
8.3%,0.08270224333333333,8.270224333333333,Nygaard2022_A0.06,"TurbOPark, A=0.06",-264.0,-1.1,False,9.50463125,0.08270224333333333,8.270224333333333,9.536595833333333,0.0656625,6.56625
8.3%,0.08270224333333333,8.270224333333333,Nygaard2022_A0.06,"TurbOPark, A=0.06",-240.0,-1.0,False,9.50463125,0.08270224333333333,8.270224333333333,9.535829166666666,0.06449583333333334,6.449583333333334
8.3%,0.08270224333333333,8.270224333333333,Nygaard2022_A0.06,"TurbOPark, A=0.06",-216.0,-0.9,False,9.50463125,0.08270224333333333,8.270224333333333,9.533254166666666,0.0630875,6.308750000000001
8.3%,0.08270224333333333,8.270224333333333,Nygaard2022_A0.06,"TurbOPark, A=0.06",-192.0,-0.8,False,9.50463125,0.08270224333333333,8.270224333333333,9.527916666666666,0.0619625,6.19625
8.3%,0.08270224333333333,8.270224333333333,Nygaard2022_A0.06,"TurbOPark, A=0.06",-168.0,-0.7,False,9.50463125,0.08270224333333333,8.270224333333333,9.5134,0.06199166666666667,6.199166666666667
8.3%,0.08270224333333333,8.270224333333333,Nygaard2022_A0.06,"TurbOPark, A=0.06",-144.0,-0.6,False,9.50463125,0.08270224333333333,8.270224333333333,9.500870833333334,0.061575,6.1575
8.3%,0.08270224333333333,8.270224333333333,Nygaard2022_A0.06,"TurbOPark, A=0.06",-120.0,-0.5,True,9.50463125,0.08270224333333333,8.270224333333333,9.4931625,0.061516666666666664,6.151666666666666
8.3%,0.08270224333333333,8.270224333333333,Nygaard2022_A0.06,"TurbOPark, A=0.06",-96.0,-0.4,True,9.50463125,0.08270224333333333,8.270224333333333,9.484958333333333,0.060795833333333334,6.079583333333334
8.3%,0.08270224333333333,8.270224333333333,Nygaard2022_A0.06,"TurbOPark, A=0.06",-72.0,-0.3,True,9.50463125,0.08270224333333333,8.270224333333333,9.477504166666666,0.0607125,6.07125
8.3%,0.08270224333333333,8.270224333333333,Nygaard2022_A0.06,"TurbOPark, A=0.06",-48.0,-0.2,True,9.50463125,0.08270224333333333,8.270224333333333,9.466725,0.061924999999999994,6.192499999999999
8.3%,0.08270224333333333,8.270224333333333,Nygaard2022_A0.06,"TurbOPark, A=0.06",-24.0,-0.1,True,9.50463125,0.08270224333333333,8.270224333333333,9.468233333333334,0.06235416666666667,6.235416666666667
8.3%,0.08270224333333333,8.270224333333333,Nygaard2022_A0.06,"TurbOPark, A=0.06",0.0,0.0,True,9.50463125,0.08270224333333333,8.270224333333333,9.479191666666667,0.06285833333333334,6.285833333333334
8.3%,0.08270224333333333,8.270224333333333,Nygaard2022_A0.06,"TurbOPark, A=0.06",24.0,0.1,True,9.50463125,0.08270224333333333,8.270224333333333,9.4898,0.06325416666666667,6.3254166666666665
8.3%,0.08270224333333333,8.270224333333333,Nygaard2022_A0.06,"TurbOPark, A=0.06",48.0,0.2,True,9.504631249999997,0.08270224333333333,8.270224333333333,9.5025,0.063425,6.342499999999999
8.3%,0.08270224333333333,8.270224333333333,Nygaard2022_A0.06,"TurbOPark, A=0.06",72.0,0.3,True,9.50463124999999,0.08270224333333333,8.270224333333333,9.5124375,0.0633,6.329999999999999
8.3%,0.08270224333333333,8.270224333333333,Nygaard2022_A0.06,"TurbOPark, A=0.06",96.0,0.4,True,9.504631249999942,0.08270224333333333,8.270224333333333,9.529116666666667,0.06318750000000001,6.3187500000000005
8.3%,0.08270224333333333,8.270224333333333,Nygaard2022_A0.06,"TurbOPark, A=0.06",120.0,0.5,True,9.504631249999631,0.08270224333333333,8.270224333333333,9.541683333333333,0.06333333333333334,6.333333333333334
8.3%,0.08270224333333333,8.270224333333333,Nygaard2022_A0.06,"TurbOPark, A=0.06",144.0,0.6,False,9.504631249997756,0.08270224333333333,8.270224333333333,9.551766666666667,0.06339166666666667,6.339166666666666
8.3%,0.08270224333333333,8.270224333333333,Nygaard2022_A0.06,"TurbOPark, A=0.06",168.0,0.7,False,9.504631249987089,0.08270224333333333,8.270224333333333,9.563825,0.0641375,6.41375
8.3%,0.08270224333333333,8.270224333333333,Nygaard2022_A0.06,"TurbOPark, A=0.06",192.0,0.8,False,9.504631249929826,0.08270224333333333,8.270224333333333,9.578729166666665,0.06456666666666666,6.456666666666666
8.3%,0.08270224333333333,8.270224333333333,Nygaard2022_A0.06,"TurbOPark, A=0.06",216.0,0.9,False,9.504631249639447,0.08270224333333333,8.270224333333333,9.598324999999999,0.064325,6.432499999999999
8.3%,0.08270224333333333,8.270224333333333,Nygaard2022_A0.06,"TurbOPark, A=0.06",240.0,1.0,False,9.504631248248392,0.08270224333333333,8.270224333333333,9.614283333333333,0.06465,6.465
8.3%,0.08270224333333333,8.270224333333333,Nygaard2022_A0.06,"TurbOPark, A=0.06",264.0,1.1,False,9.504631241959613,0.08270224333333333,8.270224333333333,9.629591666666666,0.06487083333333332,6.487083333333333
8.3%,0.08270224333333333,8.270224333333333,Nygaard2022_A0.06,"TurbOPark, A=0.06",288.0,1.2,False,9.504631215125317,0.08270224333333333,8.270224333333333,9.646229166666666,0.06504166666666666,6.504166666666666
8.3%,0.08270224333333333,8.270224333333333,Nygaard2022_A0.06,"TurbOPark, A=0.06",312.0,1.3,False,9.504631107031763,0.08270224333333333,8.270224333333333,9.660554166666667,0.06515833333333333,6.515833333333333
8.3%,0.08270224333333333,8.270224333333333,Nygaard2022_A0.06,"TurbOPark, A=0.06",336.0,1.4,False,9.504630695841257,0.08270224333333333,8.270224333333333,9.668187500000002,0.06537916666666667,6.537916666666667
8.3%,0.08270224333333333,8.270224333333333,Nygaard2022_A0.06,"TurbOPark, A=0.06",360.0,1.5,False,9.504629220307887,0.08270224333333333,8.270224333333333,9.676920833333334,0.06509166666666666,6.509166666666665
8.9%,0.08886965777777778,8.886965777777778,BPA2014,BPA,-360.0,-1.5,False,9.50463125,0.08886965777777778,8.886965777777778,9.5561375,0.06622499999999999,6.6225
8.9%,0.08886965777777778,8.886965777777778,BPA2014,BPA,-336.0,-1.4,False,9.50463125,0.08886965777777778,8.886965777777778,9.544583333333334,0.06564166666666667,6.564166666666667
8.9%,0.08886965777777778,8.886965777777778,BPA2014,BPA,-312.0,-1.3,False,9.50463125,0.08886965777777778,8.886965777777778,9.537,0.06584166666666666,6.584166666666666
8.9%,0.08886965777777778,8.886965777777778,BPA2014,BPA,-288.0,-1.2,False,9.50463125,0.08886965777777778,8.886965777777778,9.536170833333333,0.066025,6.6025
8.9%,0.08886965777777778,8.886965777777778,BPA2014,BPA,-264.0,-1.1,False,9.50463125,0.08886965777777778,8.886965777777778,9.536595833333333,0.0656625,6.56625
8.9%,0.08886965777777778,8.886965777777778,BPA2014,BPA,-240.0,-1.0,False,9.50463125,0.08886965777777778,8.886965777777778,9.535829166666666,0.06449583333333334,6.449583333333334
8.9%,0.08886965777777778,8.886965777777778,BPA2014,BPA,-216.0,-0.9,False,9.50463125,0.08886965777777778,8.886965777777778,9.533254166666666,0.0630875,6.308750000000001
8.9%,0.08886965777777778,8.886965777777778,BPA2014,BPA,-192.0,-0.8,False,9.50463125,0.08886965777777778,8.886965777777778,9.527916666666666,0.0619625,6.19625
8.9%,0.08886965777777778,8.886965777777778,BPA2014,BPA,-168.0,-0.7,False,9.50463125,0.08886965777777778,8.886965777777778,9.5134,0.06199166666666667,6.199166666666667
8.9%,0.08886965777777778,8.886965777777778,BPA2014,BPA,-144.0,-0.6,False,9.50463125,0.08886965777777778,8.886965777777778,9.500870833333334,0.061575,6.1575
8.9%,0.08886965777777778,8.886965777777778,BPA2014,BPA,-120.0,-0.5,True,9.50463125,0.08886965777777778,8.886965777777778,9.4931625,0.061516666666666664,6.151666666666666
8.9%,0.08886965777777778,8.886965777777778,BPA2014,BPA,-96.0,-0.4,True,9.50463125,0.08886965777777778,8.886965777777778,9.484958333333333,0.060795833333333334,6.079583333333334
8.9%,0.08886965777777778,8.886965777777778,BPA2014,BPA,-72.0,-0.3,True,9.50463125,0.08886965777777778,8.886965777777778,9.477504166666666,0.0607125,6.07125
8.9%,0.08886965777777778,8.886965777777778,BPA2014,BPA,-48.0,-0.2,True,9.50463125,0.08886965777777778,8.886965777777778,9.466725,0.061924999999999994,6.192499999999999
8.9%,0.08886965777777778,8.886965777777778,BPA2014,BPA,-24.0,-0.1,True,9.50463125,0.08886965777777778,8.886965777777778,9.468233333333334,0.06235416666666667,6.235416666666667
8.9%,0.08886965777777778,8.886965777777778,BPA2014,BPA,0.0,0.0,True,9.50463125,0.08886965777777778,8.886965777777778,9.479191666666667,0.06285833333333334,6.285833333333334
8.9%,0.08886965777777778,8.886965777777778,BPA2014,BPA,24.0,0.1,True,9.504631249999997,0.08886965777777778,8.886965777777778,9.4898,0.06325416666666667,6.3254166666666665
8.9%,0.08886965777777778,8.886965777777778,BPA2014,BPA,48.0,0.2,True,9.50463124999999,0.08886965777777778,8.886965777777778,9.5025,0.063425,6.342499999999999
8.9%,0.08886965777777778,8.886965777777778,BPA2014,BPA,72.0,0.3,True,9.504631249999946,0.08886965777777778,8.886965777777778,9.5124375,0.0633,6.329999999999999
8.9%,0.08886965777777778,8.886965777777778,BPA2014,BPA,96.0,0.4,True,9.50463124999967,0.08886965777777778,8.886965777777778,9.529116666666667,0.06318750000000001,6.3187500000000005
8.9%,0.08886965777777778,8.886965777777778,BPA2014,BPA,120.0,0.5,True,9.504631249998098,0.08886965777777778,8.886965777777778,9.541683333333333,0.06333333333333334,6.333333333333334
8.9%,0.08886965777777778,8.886965777777778,BPA2014,BPA,144.0,0.6,False,9.504631249989576,0.08886965777777778,8.886965777777778,9.551766666666667,0.06339166666666667,6.339166666666666
8.9%,0.08886965777777778,8.886965777777778,BPA2014,BPA,168.0,0.7,False,9.504631249945772,0.08886965777777778,8.886965777777778,9.563825,0.0641375,6.41375
8.9%,0.08886965777777778,8.886965777777778,BPA2014,BPA,192.0,0.8,False,9.504631249732514,0.08886965777777778,8.886965777777778,9.578729166666665,0.06456666666666666,6.456666666666666
8.9%,0.08886965777777778,8.886965777777778,BPA2014,BPA,216.0,0.9,False,9.504631248748936,0.08886965777777778,8.886965777777778,9.598324999999999,0.064325,6.432499999999999
8.9%,0.08886965777777778,8.886965777777778,BPA2014,BPA,240.0,1.0,False,9.504631244451737,0.08886965777777778,8.886965777777778,9.614283333333333,0.06465,6.465
8.9%,0.08886965777777778,8.886965777777778,BPA2014,BPA,264.0,1.1,False,9.504631226669085,0.08886965777777778,8.886965777777778,9.629591666666666,0.06487083333333332,6.487083333333333
8.9%,0.08886965777777778,8.886965777777778,BPA2014,BPA,288.0,1.2,False,9.504631156974131,0.08886965777777778,8.886965777777778,9.646229166666666,0.06504166666666666,6.504166666666666
8.9%,0.08886965777777778,8.886965777777778,BPA2014,BPA,312.0,1.3,False,9.504630898299542,0.08886965777777778,8.886965777777778,9.660554166666667,0.06515833333333333,6.515833333333333
8.9%,0.08886965777777778,8.886965777777778,BPA2014,BPA,336.0,1.4,False,9.504629989219842,0.08886965777777778,8.886965777777778,9.668187500000002,0.06537916666666667,6.537916666666667
8.9%,0.08886965777777778,8.886965777777778,BPA2014,BPA,360.0,1.5,False,9.504626964484896,0.08886965777777778,8.886965777777778,9.676920833333334,0.06509166666666666,6.509166666666665
8.9%,0.08886965777777778,8.886965777777778,NPA2016,NPA,-360.0,-1.5,False,9.50463125,0.08886965777777778,8.886965777777778,9.5561375,0.06622499999999999,6.6225
8.9%,0.08886965777777778,8.886965777777778,NPA2016,NPA,-336.0,-1.4,False,9.50463125,0.08886965777777778,8.886965777777778,9.544583333333334,0.06564166666666667,6.564166666666667
8.9%,0.08886965777777778,8.886965777777778,NPA2016,NPA,-312.0,-1.3,False,9.50463125,0.08886965777777778,8.886965777777778,9.537,0.06584166666666666,6.584166666666666
8.9%,0.08886965777777778,8.886965777777778,NPA2016,NPA,-288.0,-1.2,False,9.50463125,0.08886965777777778,8.886965777777778,9.536170833333333,0.066025,6.6025
8.9%,0.08886965777777778,8.886965777777778,NPA2016,NPA,-264.0,-1.1,False,9.50463125,0.08886965777777778,8.886965777777778,9.536595833333333,0.0656625,6.56625
8.9%,0.08886965777777778,8.886965777777778,NPA2016,NPA,-240.0,-1.0,False,9.50463125,0.08886965777777778,8.886965777777778,9.535829166666666,0.06449583333333334,6.449583333333334
8.9%,0.08886965777777778,8.886965777777778,NPA2016,NPA,-216.0,-0.9,False,9.50463125,0.08886965777777778,8.886965777777778,9.533254166666666,0.0630875,6.308750000000001
8.9%,0.08886965777777778,8.886965777777778,NPA2016,NPA,-192.0,-0.8,False,9.50463125,0.08886965777777778,8.886965777777778,9.527916666666666,0.0619625,6.19625
8.9%,0.08886965777777778,8.886965777777778,NPA2016,NPA,-168.0,-0.7,False,9.50463125,0.08886965777777778,8.886965777777778,9.5134,0.06199166666666667,6.199166666666667
8.9%,0.08886965777777778,8.886965777777778,NPA2016,NPA,-144.0,-0.6,False,9.50463125,0.08886965777777778,8.886965777777778,9.500870833333334,0.061575,6.1575
8.9%,0.08886965777777778,8.886965777777778,NPA2016,NPA,-120.0,-0.5,True,9.50463125,0.08886965777777778,8.886965777777778,9.4931625,0.061516666666666664,6.151666666666666
8.9%,0.08886965777777778,8.886965777777778,NPA2016,NPA,-96.0,-0.4,True,9.50463125,0.08886965777777778,8.886965777777778,9.484958333333333,0.060795833333333334,6.079583333333334
8.9%,0.08886965777777778,8.886965777777778,NPA2016,NPA,-72.0,-0.3,True,9.50463125,0.08886965777777778,8.886965777777778,9.477504166666666,0.0607125,6.07125
8.9%,0.08886965777777778,8.886965777777778,NPA2016,NPA,-48.0,-0.2,True,9.50463125,0.08886965777777778,8.886965777777778,9.466725,0.061924999999999994,6.192499999999999
8.9%,0.08886965777777778,8.886965777777778,NPA2016,NPA,-24.0,-0.1,True,9.504631249999997,0.08886965777777778,8.886965777777778,9.468233333333334,0.06235416666666667,6.235416666666667
8.9%,0.08886965777777778,8.886965777777778,NPA2016,NPA,0.0,0.0,True,9.504631249999985,0.08886965777777778,8.886965777777778,9.479191666666667,0.06285833333333334,6.285833333333334
8.9%,0.08886965777777778,8.886965777777778,NPA2016,NPA,24.0,0.1,True,9.50463124999992,0.08886965777777778,8.886965777777778,9.4898,0.06325416666666667,6.3254166666666665
8.9%,0.08886965777777778,8.886965777777778,NPA2016,NPA,48.0,0.2,True,9.504631249999568,0.08886965777777778,8.886965777777778,9.5025,0.063425,6.342499999999999
8.9%,0.08886965777777778,8.886965777777778,NPA2016,NPA,72.0,0.3,True,9.504631249997784,0.08886965777777778,8.886965777777778,9.5124375,0.0633,6.329999999999999
8.9%,0.08886965777777778,8.886965777777778,NPA2016,NPA,96.0,0.4,True,9.504631249989172,0.08886965777777778,8.886965777777778,9.529116666666667,0.06318750000000001,6.3187500000000005
8.9%,0.08886965777777778,8.886965777777778,NPA2016,NPA,120.0,0.5,True,9.50463124994946,0.08886965777777778,8.886965777777778,9.541683333333333,0.06333333333333334,6.333333333333334
8.9%,0.08886965777777778,8.886965777777778,NPA2016,NPA,144.0,0.6,False,9.504631249774835,0.08886965777777778,8.886965777777778,9.551766666666667,0.06339166666666667,6.339166666666666
8.9%,0.08886965777777778,8.886965777777778,NPA2016,NPA,168.0,0.7,False,9.504631249043218,0.08886965777777778,8.886965777777778,9.563825,0.0641375,6.41375
8.9%,0.08886965777777778,8.886965777777778,NPA2016,NPA,192.0,0.8,False,9.504631246116071,0.08886965777777778,8.886965777777778,9.578729166666665,0.06456666666666666,6.456666666666666
8.9%,0.08886965777777778,8.886965777777778,NPA2016,NPA,216.0,0.9,False,9.50463123496226,0.08886965777777778,8.886965777777778,9.598324999999999,0.064325,6.432499999999999
8.9%,0.08886965777777778,8.886965777777778,NPA2016,NPA,240.0,1.0,False,9.504631194425542,0.08886965777777778,8.886965777777778,9.614283333333333,0.06465,6.465
8.9%,0.08886965777777778,8.886965777777778,NPA2016,NPA,264.0,1.1,False,9.504631053950497,0.08886965777777778,8.886965777777778,9.629591666666666,0.06487083333333332,6.487083333333333
8.9%,0.08886965777777778,8.886965777777778,NPA2016,NPA,288.0,1.2,False,9.504630590260142,0.08886965777777778,8.886965777777778,9.646229166666666,0.06504166666666666,6.504166666666666
8.9%,0.08886965777777778,8.886965777777778,NPA2016,NPA,312.0,1.3,False,9.50462912979301,0.08886965777777778,8.886965777777778,9.660554166666667,0.06515833333333333,6.515833333333333
8.9%,0.08886965777777778,8.886965777777778,NPA2016,NPA,336.0,1.4,False,9.504624749452525,0.08886965777777778,8.886965777777778,9.668187500000002,0.06537916666666667,6.537916666666667
8.9%,0.08886965777777778,8.886965777777778,NPA2016,NPA,360.0,1.5,False,9.50461222830162,0.08886965777777778,8.886965777777778,9.676920833333334,0.06509166666666666,6.509166666666665
8.9%,0.08886965777777778,8.886965777777778,Nygaard2022,"TurbOPark, A=0.04",-360.0,-1.5,False,9.50463125,0.08886965777777778,8.886965777777778,9.5561375,0.06622499999999999,6.6225
8.9%,0.08886965777777778,8.886965777777778,Nygaard2022,"TurbOPark, A=0.04",-336.0,-1.4,False,9.50463125,0.08886965777777778,8.886965777777778,9.544583333333334,0.06564166666666667,6.564166666666667
8.9%,0.08886965777777778,8.886965777777778,Nygaard2022,"TurbOPark, A=0.04",-312.0,-1.3,False,9.50463125,0.08886965777777778,8.886965777777778,9.537,0.06584166666666666,6.584166666666666
8.9%,0.08886965777777778,8.886965777777778,Nygaard2022,"TurbOPark, A=0.04",-288.0,-1.2,False,9.50463125,0.08886965777777778,8.886965777777778,9.536170833333333,0.066025,6.6025
8.9%,0.08886965777777778,8.886965777777778,Nygaard2022,"TurbOPark, A=0.04",-264.0,-1.1,False,9.50463125,0.08886965777777778,8.886965777777778,9.536595833333333,0.0656625,6.56625
8.9%,0.08886965777777778,8.886965777777778,Nygaard2022,"TurbOPark, A=0.04",-240.0,-1.0,False,9.50463125,0.08886965777777778,8.886965777777778,9.535829166666666,0.06449583333333334,6.449583333333334
8.9%,0.08886965777777778,8.886965777777778,Nygaard2022,"TurbOPark, A=0.04",-216.0,-0.9,False,9.50463125,0.08886965777777778,8.886965777777778,9.533254166666666,0.0630875,6.308750000000001
8.9%,0.08886965777777778,8.886965777777778,Nygaard2022,"TurbOPark, A=0.04",-192.0,-0.8,False,9.50463125,0.08886965777777778,8.886965777777778,9.527916666666666,0.0619625,6.19625
8.9%,0.08886965777777778,8.886965777777778,Nygaard2022,"TurbOPark, A=0.04",-168.0,-0.7,False,9.50463125,0.08886965777777778,8.886965777777778,9.5134,0.06199166666666667,6.199166666666667
8.9%,0.08886965777777778,8.886965777777778,Nygaard2022,"TurbOPark, A=0.04",-144.0,-0.6,False,9.50463125,0.08886965777777778,8.886965777777778,9.500870833333334,0.061575,6.1575
8.9%,0.08886965777777778,8.886965777777778,Nygaard2022,"TurbOPark, A=0.04",-120.0,-0.5,True,9.50463125,0.08886965777777778,8.886965777777778,9.4931625,0.061516666666666664,6.151666666666666
8.9%,0.08886965777777778,8.886965777777778,Nygaard2022,"TurbOPark, A=0.04",-96.0,-0.4,True,9.50463125,0.08886965777777778,8.886965777777778,9.484958333333333,0.060795833333333334,6.079583333333334
8.9%,0.08886965777777778,8.886965777777778,Nygaard2022,"TurbOPark, A=0.04",-72.0,-0.3,True,9.50463125,0.08886965777777778,8.886965777777778,9.477504166666666,0.0607125,6.07125
8.9%,0.08886965777777778,8.886965777777778,Nygaard2022,"TurbOPark, A=0.04",-48.0,-0.2,True,9.50463125,0.08886965777777778,8.886965777777778,9.466725,0.061924999999999994,6.192499999999999
8.9%,0.08886965777777778,8.886965777777778,Nygaard2022,"TurbOPark, A=0.04",-24.0,-0.1,True,9.50463125,0.08886965777777778,8.886965777777778,9.468233333333334,0.06235416666666667,6.235416666666667
8.9%,0.08886965777777778,8.886965777777778,Nygaard2022,"TurbOPark, A=0.04",0.0,0.0,True,9.50463125,0.08886965777777778,8.886965777777778,9.479191666666667,0.06285833333333334,6.285833333333334
8.9%,0.08886965777777778,8.886965777777778,Nygaard2022,"TurbOPark, A=0.04",24.0,0.1,True,9.50463125,0.08886965777777778,8.886965777777778,9.4898,0.06325416666666667,6.3254166666666665
8.9%,0.08886965777777778,8.886965777777778,Nygaard2022,"TurbOPark, A=0.04",48.0,0.2,True,9.50463125,0.08886965777777778,8.886965777777778,9.5025,0.063425,6.342499999999999
8.9%,0.08886965777777778,8.886965777777778,Nygaard2022,"TurbOPark, A=0.04",72.0,0.3,True,9.50463125,0.08886965777777778,8.886965777777778,9.5124375,0.0633,6.329999999999999
8.9%,0.08886965777777778,8.886965777777778,Nygaard2022,"TurbOPark, A=0.04",96.0,0.4,True,9.50463125,0.08886965777777778,8.886965777777778,9.529116666666667,0.06318750000000001,6.3187500000000005
8.9%,0.08886965777777778,8.886965777777778,Nygaard2022,"TurbOPark, A=0.04",120.0,0.5,True,9.504631249999997,0.08886965777777778,8.886965777777778,9.541683333333333,0.06333333333333334,6.333333333333334
8.9%,0.08886965777777778,8.886965777777778,Nygaard2022,"TurbOPark, A=0.04",144.0,0.6,False,9.504631249999981,0.08886965777777778,8.886965777777778,9.551766666666667,0.06339166666666667,6.339166666666666
8.9%,0.08886965777777778,8.886965777777778,Nygaard2022,"TurbOPark, A=0.04",168.0,0.7,False,9.504631249999859,0.08886965777777778,8.886965777777778,9.563825,0.0641375,6.41375
8.9%,0.08886965777777778,8.886965777777778,Nygaard2022,"TurbOPark, A=0.04",192.0,0.8,False,9.504631249998967,0.08886965777777778,8.886965777777778,9.578729166666665,0.06456666666666666,6.456666666666666
8.9%,0.08886965777777778,8.886965777777778,Nygaard2022,"TurbOPark, A=0.04",216.0,0.9,False,9.504631249992865,0.08886965777777778,8.886965777777778,9.598324999999999,0.064325,6.432499999999999
8.9%,0.08886965777777778,8.886965777777778,Nygaard2022,"TurbOPark, A=0.04",240.0,1.0,False,9.504631249953924,0.08886965777777778,8.886965777777778,9.614283333333333,0.06465,6.465
8.9%,0.08886965777777778,8.886965777777778,Nygaard2022,"TurbOPark, A=0.04",264.0,1.1,False,9.504631249721507,0.08886965777777778,8.886965777777778,9.629591666666666,0.06487083333333332,6.487083333333333
8.9%,0.08886965777777778,8.886965777777778,Nygaard2022,"TurbOPark, A=0.04",288.0,1.2,False,9.504631248424692,0.08886965777777778,8.886965777777778,9.646229166666666,0.06504166666666666,6.504166666666666
8.9%,0.08886965777777778,8.886965777777778,Nygaard2022,"TurbOPark, A=0.04",312.0,1.3,False,9.504631241665031,0.08886965777777778,8.886965777777778,9.660554166666667,0.06515833333333333,6.515833333333333
8.9%,0.08886965777777778,8.886965777777778,Nygaard2022,"TurbOPark, A=0.04",336.0,1.4,False,9.504631208748286,0.08886965777777778,8.886965777777778,9.668187500000002,0.06537916666666667,6.537916666666667
8.9%,0.08886965777777778,8.886965777777778,Nygaard2022,"TurbOPark, A=0.04",360.0,1.5,False,9.504631059017987,0.08886965777777778,8.886965777777778,9.676920833333334,0.06509166666666666,6.509166666666665
8.9%,0.08886965777777778,8.886965777777778,Nygaard2022_A0.06,"TurbOPark, A=0.06",-360.0,-1.5,False,9.50463125,0.08886965777777778,8.886965777777778,9.5561375,0.06622499999999999,6.6225
8.9%,0.08886965777777778,8.886965777777778,Nygaard2022_A0.06,"TurbOPark, A=0.06",-336.0,-1.4,False,9.50463125,0.08886965777777778,8.886965777777778,9.544583333333334,0.06564166666666667,6.564166666666667
8.9%,0.08886965777777778,8.886965777777778,Nygaard2022_A0.06,"TurbOPark, A=0.06",-312.0,-1.3,False,9.50463125,0.08886965777777778,8.886965777777778,9.537,0.06584166666666666,6.584166666666666
8.9%,0.08886965777777778,8.886965777777778,Nygaard2022_A0.06,"TurbOPark, A=0.06",-288.0,-1.2,False,9.50463125,0.08886965777777778,8.886965777777778,9.536170833333333,0.066025,6.6025
8.9%,0.08886965777777778,8.886965777777778,Nygaard2022_A0.06,"TurbOPark, A=0.06",-264.0,-1.1,False,9.50463125,0.08886965777777778,8.886965777777778,9.536595833333333,0.0656625,6.56625
8.9%,0.08886965777777778,8.886965777777778,Nygaard2022_A0.06,"TurbOPark, A=0.06",-240.0,-1.0,False,9.50463125,0.08886965777777778,8.886965777777778,9.535829166666666,0.06449583333333334,6.449583333333334
8.9%,0.08886965777777778,8.886965777777778,Nygaard2022_A0.06,"TurbOPark, A=0.06",-216.0,-0.9,False,9.50463125,0.08886965777777778,8.886965777777778,9.533254166666666,0.0630875,6.308750000000001
8.9%,0.08886965777777778,8.886965777777778,Nygaard2022_A0.06,"TurbOPark, A=0.06",-192.0,-0.8,False,9.50463125,0.08886965777777778,8.886965777777778,9.527916666666666,0.0619625,6.19625
8.9%,0.08886965777777778,8.886965777777778,Nygaard2022_A0.06,"TurbOPark, A=0.06",-168.0,-0.7,False,9.50463125,0.08886965777777778,8.886965777777778,9.5134,0.06199166666666667,6.199166666666667
8.9%,0.08886965777777778,8.886965777777778,Nygaard2022_A0.06,"TurbOPark, A=0.06",-144.0,-0.6,False,9.50463125,0.08886965777777778,8.886965777777778,9.500870833333334,0.061575,6.1575
8.9%,0.08886965777777778,8.886965777777778,Nygaard2022_A0.06,"TurbOPark, A=0.06",-120.0,-0.5,True,9.50463125,0.08886965777777778,8.886965777777778,9.4931625,0.061516666666666664,6.151666666666666
8.9%,0.08886965777777778,8.886965777777778,Nygaard2022_A0.06,"TurbOPark, A=0.06",-96.0,-0.4,True,9.50463125,0.08886965777777778,8.886965777777778,9.484958333333333,0.060795833333333334,6.079583333333334
8.9%,0.08886965777777778,8.886965777777778,Nygaard2022_A0.06,"TurbOPark, A=0.06",-72.0,-0.3,True,9.50463125,0.08886965777777778,8.886965777777778,9.477504166666666,0.0607125,6.07125
8.9%,0.08886965777777778,8.886965777777778,Nygaard2022_A0.06,"TurbOPark, A=0.06",-48.0,-0.2,True,9.50463125,0.08886965777777778,8.886965777777778,9.466725,0.061924999999999994,6.192499999999999
8.9%,0.08886965777777778,8.886965777777778,Nygaard2022_A0.06,"TurbOPark, A=0.06",-24.0,-0.1,True,9.50463125,0.08886965777777778,8.886965777777778,9.468233333333334,0.06235416666666667,6.235416666666667
8.9%,0.08886965777777778,8.886965777777778,Nygaard2022_A0.06,"TurbOPark, A=0.06",0.0,0.0,True,9.50463125,0.08886965777777778,8.886965777777778,9.479191666666667,0.06285833333333334,6.285833333333334
8.9%,0.08886965777777778,8.886965777777778,Nygaard2022_A0.06,"TurbOPark, A=0.06",24.0,0.1,True,9.50463125,0.08886965777777778,8.886965777777778,9.4898,0.06325416666666667,6.3254166666666665
8.9%,0.08886965777777778,8.886965777777778,Nygaard2022_A0.06,"TurbOPark, A=0.06",48.0,0.2,True,9.504631249999997,0.08886965777777778,8.886965777777778,9.5025,0.063425,6.342499999999999
8.9%,0.08886965777777778,8.886965777777778,Nygaard2022_A0.06,"TurbOPark, A=0.06",72.0,0.3,True,9.50463124999999,0.08886965777777778,8.886965777777778,9.5124375,0.0633,6.329999999999999
8.9%,0.08886965777777778,8.886965777777778,Nygaard2022_A0.06,"TurbOPark, A=0.06",96.0,0.4,True,9.504631249999937,0.08886965777777778,8.886965777777778,9.529116666666667,0.06318750000000001,6.3187500000000005
8.9%,0.08886965777777778,8.886965777777778,Nygaard2022_A0.06,"TurbOPark, A=0.06",120.0,0.5,True,9.504631249999598,0.08886965777777778,8.886965777777778,9.541683333333333,0.06333333333333334,6.333333333333334
8.9%,0.08886965777777778,8.886965777777778,Nygaard2022_A0.06,"TurbOPark, A=0.06",144.0,0.6,False,9.504631249997566,0.08886965777777778,8.886965777777778,9.551766666666667,0.06339166666666667,6.339166666666666
8.9%,0.08886965777777778,8.886965777777778,Nygaard2022_A0.06,"TurbOPark, A=0.06",168.0,0.7,False,9.504631249986069,0.08886965777777778,8.886965777777778,9.563825,0.0641375,6.41375
8.9%,0.08886965777777778,8.886965777777778,Nygaard2022_A0.06,"TurbOPark, A=0.06",192.0,0.8,False,9.504631249924666,0.08886965777777778,8.886965777777778,9.578729166666665,0.06456666666666666,6.456666666666666
8.9%,0.08886965777777778,8.886965777777778,Nygaard2022_A0.06,"TurbOPark, A=0.06",216.0,0.9,False,9.504631249614917,0.08886965777777778,8.886965777777778,9.598324999999999,0.064325,6.432499999999999
8.9%,0.08886965777777778,8.886965777777778,Nygaard2022_A0.06,"TurbOPark, A=0.06",240.0,1.0,False,9.504631248138086,0.08886965777777778,8.886965777777778,9.614283333333333,0.06465,6.465
8.9%,0.08886965777777778,8.886965777777778,Nygaard2022_A0.06,"TurbOPark, A=0.06",264.0,1.1,False,9.504631241492946,0.08886965777777778,8.886965777777778,9.629591666666666,0.06487083333333332,6.487083333333333
8.9%,0.08886965777777778,8.886965777777778,Nygaard2022_A0.06,"TurbOPark, A=0.06",288.0,1.2,False,9.504631213268583,0.08886965777777778,8.886965777777778,9.646229166666666,0.06504166666666666,6.504166666666666
8.9%,0.08886965777777778,8.886965777777778,Nygaard2022_A0.06,"TurbOPark, A=0.06",312.0,1.3,False,9.504631100028481,0.08886965777777778,8.886965777777778,9.660554166666667,0.06515833333333333,6.515833333333333
8.9%,0.08886965777777778,8.886965777777778,Nygaard2022_A0.06,"TurbOPark, A=0.06",336.0,1.4,False,9.504630671135072,0.08886965777777778,8.886965777777778,9.668187500000002,0.06537916666666667,6.537916666666667
8.9%,0.08886965777777778,8.886965777777778,Nygaard2022_A0.06,"TurbOPark, A=0.06",360.0,1.5,False,9.504629138437192,0.08886965777777778,8.886965777777778,9.676920833333334,0.06509166666666666,6.509166666666665
9.5%,0.09503707222222221,9.503707222222221,BPA2014,BPA,-360.0,-1.5,False,9.50463125,0.09503707222222221,9.503707222222221,9.5561375,0.06622499999999999,6.6225
9.5%,0.09503707222222221,9.503707222222221,BPA2014,BPA,-336.0,-1.4,False,9.50463125,0.09503707222222221,9.503707222222221,9.544583333333334,0.06564166666666667,6.564166666666667
9.5%,0.09503707222222221,9.503707222222221,BPA2014,BPA,-312.0,-1.3,False,9.50463125,0.09503707222222221,9.503707222222221,9.537,0.06584166666666666,6.584166666666666
9.5%,0.09503707222222221,9.503707222222221,BPA2014,BPA,-288.0,-1.2,False,9.50463125,0.09503707222222221,9.503707222222221,9.536170833333333,0.066025,6.6025
9.5%,0.09503707222222221,9.503707222222221,BPA2014,BPA,-264.0,-1.1,False,9.50463125,0.09503707222222221,9.503707222222221,9.536595833333333,0.0656625,6.56625
9.5%,0.09503707222222221,9.503707222222221,BPA2014,BPA,-240.0,-1.0,False,9.50463125,0.09503707222222221,9.503707222222221,9.535829166666666,0.06449583333333334,6.449583333333334
9.5%,0.09503707222222221,9.503707222222221,BPA2014,BPA,-216.0,-0.9,False,9.50463125,0.09503707222222221,9.503707222222221,9.533254166666666,0.0630875,6.308750000000001
9.5%,0.09503707222222221,9.503707222222221,BPA2014,BPA,-192.0,-0.8,False,9.50463125,0.09503707222222221,9.503707222222221,9.527916666666666,0.0619625,6.19625
9.5%,0.09503707222222221,9.503707222222221,BPA2014,BPA,-168.0,-0.7,False,9.50463125,0.09503707222222221,9.503707222222221,9.5134,0.06199166666666667,6.199166666666667
9.5%,0.09503707222222221,9.503707222222221,BPA2014,BPA,-144.0,-0.6,False,9.50463125,0.09503707222222221,9.503707222222221,9.500870833333334,0.061575,6.1575
9.5%,0.09503707222222221,9.503707222222221,BPA2014,BPA,-120.0,-0.5,True,9.50463125,0.09503707222222221,9.503707222222221,9.4931625,0.061516666666666664,6.151666666666666
9.5%,0.09503707222222221,9.503707222222221,BPA2014,BPA,-96.0,-0.4,True,9.50463125,0.09503707222222221,9.503707222222221,9.484958333333333,0.060795833333333334,6.079583333333334
9.5%,0.09503707222222221,9.503707222222221,BPA2014,BPA,-72.0,-0.3,True,9.50463125,0.09503707222222221,9.503707222222221,9.477504166666666,0.0607125,6.07125
9.5%,0.09503707222222221,9.503707222222221,BPA2014,BPA,-48.0,-0.2,True,9.50463125,0.09503707222222221,9.503707222222221,9.466725,0.061924999999999994,6.192499999999999
9.5%,0.09503707222222221,9.503707222222221,BPA2014,BPA,-24.0,-0.1,True,9.50463125,0.09503707222222221,9.503707222222221,9.468233333333334,0.06235416666666667,6.235416666666667
9.5%,0.09503707222222221,9.503707222222221,BPA2014,BPA,0.0,0.0,True,9.50463125,0.09503707222222221,9.503707222222221,9.479191666666667,0.06285833333333334,6.285833333333334
9.5%,0.09503707222222221,9.503707222222221,BPA2014,BPA,24.0,0.1,True,9.504631249999997,0.09503707222222221,9.503707222222221,9.4898,0.06325416666666667,6.3254166666666665
9.5%,0.09503707222222221,9.503707222222221,BPA2014,BPA,48.0,0.2,True,9.50463124999999,0.09503707222222221,9.503707222222221,9.5025,0.063425,6.342499999999999
9.5%,0.09503707222222221,9.503707222222221,BPA2014,BPA,72.0,0.3,True,9.504631249999946,0.09503707222222221,9.503707222222221,9.5124375,0.0633,6.329999999999999
9.5%,0.09503707222222221,9.503707222222221,BPA2014,BPA,96.0,0.4,True,9.50463124999967,0.09503707222222221,9.503707222222221,9.529116666666667,0.06318750000000001,6.3187500000000005
9.5%,0.09503707222222221,9.503707222222221,BPA2014,BPA,120.0,0.5,True,9.504631249998098,0.09503707222222221,9.503707222222221,9.541683333333333,0.06333333333333334,6.333333333333334
9.5%,0.09503707222222221,9.503707222222221,BPA2014,BPA,144.0,0.6,False,9.504631249989576,0.09503707222222221,9.503707222222221,9.551766666666667,0.06339166666666667,6.339166666666666
9.5%,0.09503707222222221,9.503707222222221,BPA2014,BPA,168.0,0.7,False,9.504631249945772,0.09503707222222221,9.503707222222221,9.563825,0.0641375,6.41375
9.5%,0.09503707222222221,9.503707222222221,BPA2014,BPA,192.0,0.8,False,9.504631249732514,0.09503707222222221,9.503707222222221,9.578729166666665,0.06456666666666666,6.456666666666666
9.5%,0.09503707222222221,9.503707222222221,BPA2014,BPA,216.0,0.9,False,9.504631248748936,0.09503707222222221,9.503707222222221,9.598324999999999,0.064325,6.432499999999999
9.5%,0.09503707222222221,9.503707222222221,BPA2014,BPA,240.0,1.0,False,9.504631244451737,0.09503707222222221,9.503707222222221,9.614283333333333,0.06465,6.465
9.5%,0.09503707222222221,9.503707222222221,BPA2014,BPA,264.0,1.1,False,9.504631226669085,0.09503707222222221,9.503707222222221,9.629591666666666,0.06487083333333332,6.487083333333333
9.5%,0.09503707222222221,9.503707222222221,BPA2014,BPA,288.0,1.2,False,9.504631156974131,0.09503707222222221,9.503707222222221,9.646229166666666,0.06504166666666666,6.504166666666666
9.5%,0.09503707222222221,9.503707222222221,BPA2014,BPA,312.0,1.3,False,9.504630898299542,0.09503707222222221,9.503707222222221,9.660554166666667,0.06515833333333333,6.515833333333333
9.5%,0.09503707222222221,9.503707222222221,BPA2014,BPA,336.0,1.4,False,9.504629989219842,0.09503707222222221,9.503707222222221,9.668187500000002,0.06537916666666667,6.537916666666667
9.5%,0.09503707222222221,9.503707222222221,BPA2014,BPA,360.0,1.5,False,9.504626964484896,0.09503707222222221,9.503707222222221,9.676920833333334,0.06509166666666666,6.509166666666665
9.5%,0.09503707222222221,9.503707222222221,NPA2016,NPA,-360.0,-1.5,False,9.50463125,0.09503707222222221,9.503707222222221,9.5561375,0.06622499999999999,6.6225
9.5%,0.09503707222222221,9.503707222222221,NPA2016,NPA,-336.0,-1.4,False,9.50463125,0.09503707222222221,9.503707222222221,9.544583333333334,0.06564166666666667,6.564166666666667
9.5%,0.09503707222222221,9.503707222222221,NPA2016,NPA,-312.0,-1.3,False,9.50463125,0.09503707222222221,9.503707222222221,9.537,0.06584166666666666,6.584166666666666
9.5%,0.09503707222222221,9.503707222222221,NPA2016,NPA,-288.0,-1.2,False,9.50463125,0.09503707222222221,9.503707222222221,9.536170833333333,0.066025,6.6025
9.5%,0.09503707222222221,9.503707222222221,NPA2016,NPA,-264.0,-1.1,False,9.50463125,0.09503707222222221,9.503707222222221,9.536595833333333,0.0656625,6.56625
9.5%,0.09503707222222221,9.503707222222221,NPA2016,NPA,-240.0,-1.0,False,9.50463125,0.09503707222222221,9.503707222222221,9.535829166666666,0.06449583333333334,6.449583333333334
9.5%,0.09503707222222221,9.503707222222221,NPA2016,NPA,-216.0,-0.9,False,9.50463125,0.09503707222222221,9.503707222222221,9.533254166666666,0.0630875,6.308750000000001
9.5%,0.09503707222222221,9.503707222222221,NPA2016,NPA,-192.0,-0.8,False,9.50463125,0.09503707222222221,9.503707222222221,9.527916666666666,0.0619625,6.19625
9.5%,0.09503707222222221,9.503707222222221,NPA2016,NPA,-168.0,-0.7,False,9.50463125,0.09503707222222221,9.503707222222221,9.5134,0.06199166666666667,6.199166666666667
9.5%,0.09503707222222221,9.503707222222221,NPA2016,NPA,-144.0,-0.6,False,9.50463125,0.09503707222222221,9.503707222222221,9.500870833333334,0.061575,6.1575
9.5%,0.09503707222222221,9.503707222222221,NPA2016,NPA,-120.0,-0.5,True,9.50463125,0.09503707222222221,9.503707222222221,9.4931625,0.061516666666666664,6.151666666666666
9.5%,0.09503707222222221,9.503707222222221,NPA2016,NPA,-96.0,-0.4,True,9.50463125,0.09503707222222221,9.503707222222221,9.484958333333333,0.060795833333333334,6.079583333333334
9.5%,0.09503707222222221,9.503707222222221,NPA2016,NPA,-72.0,-0.3,True,9.50463125,0.09503707222222221,9.503707222222221,9.477504166666666,0.0607125,6.07125
9.5%,0.09503707222222221,9.503707222222221,NPA2016,NPA,-48.0,-0.2,True,9.504631249999997,0.09503707222222221,9.503707222222221,9.466725,0.061924999999999994,6.192499999999999
9.5%,0.09503707222222221,9.503707222222221,NPA2016,NPA,-24.0,-0.1,True,9.504631249999985,0.09503707222222221,9.503707222222221,9.468233333333334,0.06235416666666667,6.235416666666667
9.5%,0.09503707222222221,9.503707222222221,NPA2016,NPA,0.0,0.0,True,9.504631249999921,0.09503707222222221,9.503707222222221,9.479191666666667,0.06285833333333334,6.285833333333334
9.5%,0.09503707222222221,9.503707222222221,NPA2016,NPA,24.0,0.1,True,9.504631249999596,0.09503707222222221,9.503707222222221,9.4898,0.06325416666666667,6.3254166666666665
9.5%,0.09503707222222221,9.503707222222221,NPA2016,NPA,48.0,0.2,True,9.504631249998022,0.09503707222222221,9.503707222222221,9.5025,0.063425,6.342499999999999
9.5%,0.09503707222222221,9.503707222222221,NPA2016,NPA,72.0,0.3,True,9.504631249990725,0.09503707222222221,9.503707222222221,9.5124375,0.0633,6.329999999999999
9.5%,0.09503707222222221,9.503707222222221,NPA2016,NPA,96.0,0.4,True,9.504631249958367,0.09503707222222221,9.503707222222221,9.529116666666667,0.06318750000000001,6.3187500000000005
9.5%,0.09503707222222221,9.503707222222221,NPA2016,NPA,120.0,0.5,True,9.504631249821177,0.09503707222222221,9.503707222222221,9.541683333333333,0.06333333333333334,6.333333333333334
9.5%,0.09503707222222221,9.503707222222221,NPA2016,NPA,144.0,0.6,False,9.504631249265081,0.09503707222222221,9.503707222222221,9.551766666666667,0.06339166666666667,6.339166666666666
9.5%,0.09503707222222221,9.503707222222221,NPA2016,NPA,168.0,0.7,False,9.504631247110149,0.09503707222222221,9.503707222222221,9.563825,0.0641375,6.41375
9.5%,0.09503707222222221,9.503707222222221,NPA2016,NPA,192.0,0.8,False,9.504631239126795,0.09503707222222221,9.503707222222221,9.578729166666665,0.06456666666666666,6.456666666666666
9.5%,0.09503707222222221,9.503707222222221,NPA2016,NPA,216.0,0.9,False,9.504631210856934,0.09503707222222221,9.503707222222221,9.598324999999999,0.064325,6.432499999999999
9.5%,0.09503707222222221,9.503707222222221,NPA2016,NPA,240.0,1.0,False,9.504631115175728,0.09503707222222221,9.503707222222221,9.614283333333333,0.06465,6.465
9.5%,0.09503707222222221,9.503707222222221,NPA2016,NPA,264.0,1.1,False,9.504630805679003,0.09503707222222221,9.503707222222221,9.629591666666666,0.06487083333333332,6.487083333333333
9.5%,0.09503707222222221,9.503707222222221,NPA2016,NPA,288.0,1.2,False,9.504629848988076,0.09503707222222221,9.503707222222221,9.646229166666666,0.06504166666666666,6.504166666666666
9.5%,0.09503707222222221,9.503707222222221,NPA2016,NPA,312.0,1.3,False,9.504627023286716,0.09503707222222221,9.503707222222221,9.660554166666667,0.06515833333333333,6.515833333333333
9.5%,0.09503707222222221,9.503707222222221,NPA2016,NPA,336.0,1.4,False,9.504619049426989,0.09503707222222221,9.503707222222221,9.668187500000002,0.06537916666666667,6.537916666666667
9.5%,0.09503707222222221,9.503707222222221,NPA2016,NPA,360.0,1.5,False,9.504597554335891,0.09503707222222221,9.503707222222221,9.676920833333334,0.06509166666666666,6.509166666666665
9.5%,0.09503707222222221,9.503707222222221,Nygaard2022,"TurbOPark, A=0.04",-360.0,-1.5,False,9.50463125,0.09503707222222221,9.503707222222221,9.5561375,0.06622499999999999,6.6225
9.5%,0.09503707222222221,9.503707222222221,Nygaard2022,"TurbOPark, A=0.04",-336.0,-1.4,False,9.50463125,0.09503707222222221,9.503707222222221,9.544583333333334,0.06564166666666667,6.564166666666667
9.5%,0.09503707222222221,9.503707222222221,Nygaard2022,"TurbOPark, A=0.04",-312.0,-1.3,False,9.50463125,0.09503707222222221,9.503707222222221,9.537,0.06584166666666666,6.584166666666666
9.5%,0.09503707222222221,9.503707222222221,Nygaard2022,"TurbOPark, A=0.04",-288.0,-1.2,False,9.50463125,0.09503707222222221,9.503707222222221,9.536170833333333,0.066025,6.6025
9.5%,0.09503707222222221,9.503707222222221,Nygaard2022,"TurbOPark, A=0.04",-264.0,-1.1,False,9.50463125,0.09503707222222221,9.503707222222221,9.536595833333333,0.0656625,6.56625
9.5%,0.09503707222222221,9.503707222222221,Nygaard2022,"TurbOPark, A=0.04",-240.0,-1.0,False,9.50463125,0.09503707222222221,9.503707222222221,9.535829166666666,0.06449583333333334,6.449583333333334
9.5%,0.09503707222222221,9.503707222222221,Nygaard2022,"TurbOPark, A=0.04",-216.0,-0.9,False,9.50463125,0.09503707222222221,9.503707222222221,9.533254166666666,0.0630875,6.308750000000001
9.5%,0.09503707222222221,9.503707222222221,Nygaard2022,"TurbOPark, A=0.04",-192.0,-0.8,False,9.50463125,0.09503707222222221,9.503707222222221,9.527916666666666,0.0619625,6.19625
9.5%,0.09503707222222221,9.503707222222221,Nygaard2022,"TurbOPark, A=0.04",-168.0,-0.7,False,9.50463125,0.09503707222222221,9.503707222222221,9.5134,0.06199166666666667,6.199166666666667
9.5%,0.09503707222222221,9.503707222222221,Nygaard2022,"TurbOPark, A=0.04",-144.0,-0.6,False,9.50463125,0.09503707222222221,9.503707222222221,9.500870833333334,0.061575,6.1575
9.5%,0.09503707222222221,9.503707222222221,Nygaard2022,"TurbOPark, A=0.04",-120.0,-0.5,True,9.50463125,0.09503707222222221,9.503707222222221,9.4931625,0.061516666666666664,6.151666666666666
9.5%,0.09503707222222221,9.503707222222221,Nygaard2022,"TurbOPark, A=0.04",-96.0,-0.4,True,9.50463125,0.09503707222222221,9.503707222222221,9.484958333333333,0.060795833333333334,6.079583333333334
9.5%,0.09503707222222221,9.503707222222221,Nygaard2022,"TurbOPark, A=0.04",-72.0,-0.3,True,9.50463125,0.09503707222222221,9.503707222222221,9.477504166666666,0.0607125,6.07125
9.5%,0.09503707222222221,9.503707222222221,Nygaard2022,"TurbOPark, A=0.04",-48.0,-0.2,True,9.50463125,0.09503707222222221,9.503707222222221,9.466725,0.061924999999999994,6.192499999999999
9.5%,0.09503707222222221,9.503707222222221,Nygaard2022,"TurbOPark, A=0.04",-24.0,-0.1,True,9.50463125,0.09503707222222221,9.503707222222221,9.468233333333334,0.06235416666666667,6.235416666666667
9.5%,0.09503707222222221,9.503707222222221,Nygaard2022,"TurbOPark, A=0.04",0.0,0.0,True,9.50463125,0.09503707222222221,9.503707222222221,9.479191666666667,0.06285833333333334,6.285833333333334
9.5%,0.09503707222222221,9.503707222222221,Nygaard2022,"TurbOPark, A=0.04",24.0,0.1,True,9.50463125,0.09503707222222221,9.503707222222221,9.4898,0.06325416666666667,6.3254166666666665
9.5%,0.09503707222222221,9.503707222222221,Nygaard2022,"TurbOPark, A=0.04",48.0,0.2,True,9.50463125,0.09503707222222221,9.503707222222221,9.5025,0.063425,6.342499999999999
9.5%,0.09503707222222221,9.503707222222221,Nygaard2022,"TurbOPark, A=0.04",72.0,0.3,True,9.50463125,0.09503707222222221,9.503707222222221,9.5124375,0.0633,6.329999999999999
9.5%,0.09503707222222221,9.503707222222221,Nygaard2022,"TurbOPark, A=0.04",96.0,0.4,True,9.50463125,0.09503707222222221,9.503707222222221,9.529116666666667,0.06318750000000001,6.3187500000000005
9.5%,0.09503707222222221,9.503707222222221,Nygaard2022,"TurbOPark, A=0.04",120.0,0.5,True,9.504631249999997,0.09503707222222221,9.503707222222221,9.541683333333333,0.06333333333333334,6.333333333333334
9.5%,0.09503707222222221,9.503707222222221,Nygaard2022,"TurbOPark, A=0.04",144.0,0.6,False,9.50463124999998,0.09503707222222221,9.503707222222221,9.551766666666667,0.06339166666666667,6.339166666666666
9.5%,0.09503707222222221,9.503707222222221,Nygaard2022,"TurbOPark, A=0.04",168.0,0.7,False,9.50463124999985,0.09503707222222221,9.503707222222221,9.563825,0.0641375,6.41375
9.5%,0.09503707222222221,9.503707222222221,Nygaard2022,"TurbOPark, A=0.04",192.0,0.8,False,9.504631249998898,0.09503707222222221,9.503707222222221,9.578729166666665,0.06456666666666666,6.456666666666666
9.5%,0.09503707222222221,9.503707222222221,Nygaard2022,"TurbOPark, A=0.04",216.0,0.9,False,9.504631249992427,0.09503707222222221,9.503707222222221,9.598324999999999,0.064325,6.432499999999999
9.5%,0.09503707222222221,9.503707222222221,Nygaard2022,"TurbOPark, A=0.04",240.0,1.0,False,9.504631249951288,0.09503707222222221,9.503707222222221,9.614283333333333,0.06465,6.465
9.5%,0.09503707222222221,9.503707222222221,Nygaard2022,"TurbOPark, A=0.04",264.0,1.1,False,9.50463124970669,0.09503707222222221,9.503707222222221,9.629591666666666,0.06487083333333332,6.487083333333333
9.5%,0.09503707222222221,9.503707222222221,Nygaard2022,"TurbOPark, A=0.04",288.0,1.2,False,9.504631248347877,0.09503707222222221,9.503707222222221,9.646229166666666,0.06504166666666666,6.504166666666666
9.5%,0.09503707222222221,9.503707222222221,Nygaard2022,"TurbOPark, A=0.04",312.0,1.3,False,9.504631241294327,0.09503707222222221,9.503707222222221,9.660554166666667,0.06515833333333333,6.515833333333333
9.5%,0.09503707222222221,9.503707222222221,Nygaard2022,"TurbOPark, A=0.04",336.0,1.4,False,9.504631207083701,0.09503707222222221,9.503707222222221,9.668187500000002,0.06537916666666667,6.537916666666667
9.5%,0.09503707222222221,9.503707222222221,Nygaard2022,"TurbOPark, A=0.04",360.0,1.5,False,9.504631051975409,0.09503707222222221,9.503707222222221,9.676920833333334,0.06509166666666666,6.509166666666665
9.5%,0.09503707222222221,9.503707222222221,Nygaard2022_A0.06,"TurbOPark, A=0.06",-360.0,-1.5,False,9.50463125,0.09503707222222221,9.503707222222221,9.5561375,0.06622499999999999,6.6225
9.5%,0.09503707222222221,9.503707222222221,Nygaard2022_A0.06,"TurbOPark, A=0.06",-336.0,-1.4,False,9.50463125,0.09503707222222221,9.503707222222221,9.544583333333334,0.06564166666666667,6.564166666666667
9.5%,0.09503707222222221,9.503707222222221,Nygaard2022_A0.06,"TurbOPark, A=0.06",-312.0,-1.3,False,9.50463125,0.09503707222222221,9.503707222222221,9.537,0.06584166666666666,6.584166666666666
9.5%,0.09503707222222221,9.503707222222221,Nygaard2022_A0.06,"TurbOPark, A=0.06",-288.0,-1.2,False,9.50463125,0.09503707222222221,9.503707222222221,9.536170833333333,0.066025,6.6025
9.5%,0.09503707222222221,9.503707222222221,Nygaard2022_A0.06,"TurbOPark, A=0.06",-264.0,-1.1,False,9.50463125,0.09503707222222221,9.503707222222221,9.536595833333333,0.0656625,6.56625
9.5%,0.09503707222222221,9.503707222222221,Nygaard2022_A0.06,"TurbOPark, A=0.06",-240.0,-1.0,False,9.50463125,0.09503707222222221,9.503707222222221,9.535829166666666,0.06449583333333334,6.449583333333334
9.5%,0.09503707222222221,9.503707222222221,Nygaard2022_A0.06,"TurbOPark, A=0.06",-216.0,-0.9,False,9.50463125,0.09503707222222221,9.503707222222221,9.533254166666666,0.0630875,6.308750000000001
9.5%,0.09503707222222221,9.503707222222221,Nygaard2022_A0.06,"TurbOPark, A=0.06",-192.0,-0.8,False,9.50463125,0.09503707222222221,9.503707222222221,9.527916666666666,0.0619625,6.19625
9.5%,0.09503707222222221,9.503707222222221,Nygaard2022_A0.06,"TurbOPark, A=0.06",-168.0,-0.7,False,9.50463125,0.09503707222222221,9.503707222222221,9.5134,0.06199166666666667,6.199166666666667
9.5%,0.09503707222222221,9.503707222222221,Nygaard2022_A0.06,"TurbOPark, A=0.06",-144.0,-0.6,False,9.50463125,0.09503707222222221,9.503707222222221,9.500870833333334,0.061575,6.1575
9.5%,0.09503707222222221,9.503707222222221,Nygaard2022_A0.06,"TurbOPark, A=0.06",-120.0,-0.5,True,9.50463125,0.09503707222222221,9.503707222222221,9.4931625,0.061516666666666664,6.151666666666666
9.5%,0.09503707222222221,9.503707222222221,Nygaard2022_A0.06,"TurbOPark, A=0.06",-96.0,-0.4,True,9.50463125,0.09503707222222221,9.503707222222221,9.484958333333333,0.060795833333333334,6.079583333333334
9.5%,0.09503707222222221,9.503707222222221,Nygaard2022_A0.06,"TurbOPark, A=0.06",-72.0,-0.3,True,9.50463125,0.09503707222222221,9.503707222222221,9.477504166666666,0.0607125,6.07125
9.5%,0.09503707222222221,9.503707222222221,Nygaard2022_A0.06,"TurbOPark, A=0.06",-48.0,-0.2,True,9.50463125,0.09503707222222221,9.503707222222221,9.466725,0.061924999999999994,6.192499999999999
9.5%,0.09503707222222221,9.503707222222221,Nygaard2022_A0.06,"TurbOPark, A=0.06",-24.0,-0.1,True,9.50463125,0.09503707222222221,9.503707222222221,9.468233333333334,0.06235416666666667,6.235416666666667
9.5%,0.09503707222222221,9.503707222222221,Nygaard2022_A0.06,"TurbOPark, A=0.06",0.0,0.0,True,9.50463125,0.09503707222222221,9.503707222222221,9.479191666666667,0.06285833333333334,6.285833333333334
9.5%,0.09503707222222221,9.503707222222221,Nygaard2022_A0.06,"TurbOPark, A=0.06",24.0,0.1,True,9.50463125,0.09503707222222221,9.503707222222221,9.4898,0.06325416666666667,6.3254166666666665
9.5%,0.09503707222222221,9.503707222222221,Nygaard2022_A0.06,"TurbOPark, A=0.06",48.0,0.2,True,9.504631249999997,0.09503707222222221,9.503707222222221,9.5025,0.063425,6.342499999999999
9.5%,0.09503707222222221,9.503707222222221,Nygaard2022_A0.06,"TurbOPark, A=0.06",72.0,0.3,True,9.504631249999989,0.09503707222222221,9.503707222222221,9.5124375,0.0633,6.329999999999999
9.5%,0.09503707222222221,9.503707222222221,Nygaard2022_A0.06,"TurbOPark, A=0.06",96.0,0.4,True,9.50463124999993,0.09503707222222221,9.503707222222221,9.529116666666667,0.06318750000000001,6.3187500000000005
9.5%,0.09503707222222221,9.503707222222221,Nygaard2022_A0.06,"TurbOPark, A=0.06",120.0,0.5,True,9.504631249999559,0.09503707222222221,9.503707222222221,9.541683333333333,0.06333333333333334,6.333333333333334
9.5%,0.09503707222222221,9.503707222222221,Nygaard2022_A0.06,"TurbOPark, A=0.06",144.0,0.6,False,9.504631249997349,0.09503707222222221,9.503707222222221,9.551766666666667,0.06339166666666667,6.339166666666666
9.5%,0.09503707222222221,9.503707222222221,Nygaard2022_A0.06,"TurbOPark, A=0.06",168.0,0.7,False,9.504631249984905,0.09503707222222221,9.503707222222221,9.563825,0.0641375,6.41375
9.5%,0.09503707222222221,9.503707222222221,Nygaard2022_A0.06,"TurbOPark, A=0.06",192.0,0.8,False,9.5046312499188,0.09503707222222221,9.503707222222221,9.578729166666665,0.06456666666666666,6.456666666666666
9.5%,0.09503707222222221,9.503707222222221,Nygaard2022_A0.06,"TurbOPark, A=0.06",216.0,0.9,False,9.504631249587181,0.09503707222222221,9.503707222222221,9.598324999999999,0.064325,6.432499999999999
9.5%,0.09503707222222221,9.503707222222221,Nygaard2022_A0.06,"TurbOPark, A=0.06",240.0,1.0,False,9.504631248014078,0.09503707222222221,9.503707222222221,9.614283333333333,0.06465,6.465
9.5%,0.09503707222222221,9.503707222222221,Nygaard2022_A0.06,"TurbOPark, A=0.06",264.0,1.1,False,9.504631240970255,0.09503707222222221,9.503707222222221,9.629591666666666,0.06487083333333332,6.487083333333333
9.5%,0.09503707222222221,9.503707222222221,Nygaard2022_A0.06,"TurbOPark, A=0.06",288.0,1.2,False,9.50463121119669,0.09503707222222221,9.503707222222221,9.646229166666666,0.06504166666666666,6.504166666666666
9.5%,0.09503707222222221,9.503707222222221,Nygaard2022_A0.06,"TurbOPark, A=0.06",312.0,1.3,False,9.504631092270726,0.09503707222222221,9.503707222222221,9.660554166666667,0.06515833333333333,6.515833333333333
9.5%,0.09503707222222221,9.503707222222221,Nygaard2022_A0.06,"TurbOPark, A=0.06",336.0,1.4,False,9.504630643872316,0.09503707222222221,9.503707222222221,9.668187500000002,0.06537916666666667,6.537916666666667
9.5%,0.09503707222222221,9.503707222222221,Nygaard2022_A0.06,"TurbOPark, A=0.06",360.0,1.5,False,9.504629048445892,0.09503707222222221,9.503707222222221,9.676920833333334,0.06509166666666666,6.509166666666665
10.1%,0.10120448666666666,10.120448666666666,BPA2014,BPA,-360.0,-1.5,False,9.50463125,0.10120448666666666,10.120448666666666,9.5561375,0.06622499999999999,6.6225
10.1%,0.10120448666666666,10.120448666666666,BPA2014,BPA,-336.0,-1.4,False,9.50463125,0.10120448666666666,10.120448666666666,9.544583333333334,0.06564166666666667,6.564166666666667
10.1%,0.10120448666666666,10.120448666666666,BPA2014,BPA,-312.0,-1.3,False,9.50463125,0.10120448666666666,10.120448666666666,9.537,0.06584166666666666,6.584166666666666
10.1%,0.10120448666666666,10.120448666666666,BPA2014,BPA,-288.0,-1.2,False,9.50463125,0.10120448666666666,10.120448666666666,9.536170833333333,0.066025,6.6025
10.1%,0.10120448666666666,10.120448666666666,BPA2014,BPA,-264.0,-1.1,False,9.50463125,0.10120448666666666,10.120448666666666,9.536595833333333,0.0656625,6.56625
10.1%,0.10120448666666666,10.120448666666666,BPA2014,BPA,-240.0,-1.0,False,9.50463125,0.10120448666666666,10.120448666666666,9.535829166666666,0.06449583333333334,6.449583333333334
10.1%,0.10120448666666666,10.120448666666666,BPA2014,BPA,-216.0,-0.9,False,9.50463125,0.10120448666666666,10.120448666666666,9.533254166666666,0.0630875,6.308750000000001
10.1%,0.10120448666666666,10.120448666666666,BPA2014,BPA,-192.0,-0.8,False,9.50463125,0.10120448666666666,10.120448666666666,9.527916666666666,0.0619625,6.19625
10.1%,0.10120448666666666,10.120448666666666,BPA2014,BPA,-168.0,-0.7,False,9.50463125,0.10120448666666666,10.120448666666666,9.5134,0.06199166666666667,6.199166666666667
10.1%,0.10120448666666666,10.120448666666666,BPA2014,BPA,-144.0,-0.6,False,9.50463125,0.10120448666666666,10.120448666666666,9.500870833333334,0.061575,6.1575
10.1%,0.10120448666666666,10.120448666666666,BPA2014,BPA,-120.0,-0.5,True,9.50463125,0.10120448666666666,10.120448666666666,9.4931625,0.061516666666666664,6.151666666666666
10.1%,0.10120448666666666,10.120448666666666,BPA2014,BPA,-96.0,-0.4,True,9.50463125,0.10120448666666666,10.120448666666666,9.484958333333333,0.060795833333333334,6.079583333333334
10.1%,0.10120448666666666,10.120448666666666,BPA2014,BPA,-72.0,-0.3,True,9.50463125,0.10120448666666666,10.120448666666666,9.477504166666666,0.0607125,6.07125
10.1%,0.10120448666666666,10.120448666666666,BPA2014,BPA,-48.0,-0.2,True,9.50463125,0.10120448666666666,10.120448666666666,9.466725,0.061924999999999994,6.192499999999999
10.1%,0.10120448666666666,10.120448666666666,BPA2014,BPA,-24.0,-0.1,True,9.50463125,0.10120448666666666,10.120448666666666,9.468233333333334,0.06235416666666667,6.235416666666667
10.1%,0.10120448666666666,10.120448666666666,BPA2014,BPA,0.0,0.0,True,9.50463125,0.10120448666666666,10.120448666666666,9.479191666666667,0.06285833333333334,6.285833333333334
10.1%,0.10120448666666666,10.120448666666666,BPA2014,BPA,24.0,0.1,True,9.504631249999997,0.10120448666666666,10.120448666666666,9.4898,0.06325416666666667,6.3254166666666665
10.1%,0.10120448666666666,10.120448666666666,BPA2014,BPA,48.0,0.2,True,9.50463124999999,0.10120448666666666,10.120448666666666,9.5025,0.063425,6.342499999999999
10.1%,0.10120448666666666,10.120448666666666,BPA2014,BPA,72.0,0.3,True,9.504631249999946,0.10120448666666666,10.120448666666666,9.5124375,0.0633,6.329999999999999
10.1%,0.10120448666666666,10.120448666666666,BPA2014,BPA,96.0,0.4,True,9.50463124999967,0.10120448666666666,10.120448666666666,9.529116666666667,0.06318750000000001,6.3187500000000005
10.1%,0.10120448666666666,10.120448666666666,BPA2014,BPA,120.0,0.5,True,9.504631249998098,0.10120448666666666,10.120448666666666,9.541683333333333,0.06333333333333334,6.333333333333334
10.1%,0.10120448666666666,10.120448666666666,BPA2014,BPA,144.0,0.6,False,9.504631249989576,0.10120448666666666,10.120448666666666,9.551766666666667,0.06339166666666667,6.339166666666666
10.1%,0.10120448666666666,10.120448666666666,BPA2014,BPA,168.0,0.7,False,9.504631249945772,0.10120448666666666,10.120448666666666,9.563825,0.0641375,6.41375
10.1%,0.10120448666666666,10.120448666666666,BPA2014,BPA,192.0,0.8,False,9.504631249732514,0.10120448666666666,10.120448666666666,9.578729166666665,0.06456666666666666,6.456666666666666
10.1%,0.10120448666666666,10.120448666666666,BPA2014,BPA,216.0,0.9,False,9.504631248748936,0.10120448666666666,10.120448666666666,9.598324999999999,0.064325,6.432499999999999
10.1%,0.10120448666666666,10.120448666666666,BPA2014,BPA,240.0,1.0,False,9.504631244451737,0.10120448666666666,10.120448666666666,9.614283333333333,0.06465,6.465
10.1%,0.10120448666666666,10.120448666666666,BPA2014,BPA,264.0,1.1,False,9.504631226669085,0.10120448666666666,10.120448666666666,9.629591666666666,0.06487083333333332,6.487083333333333
10.1%,0.10120448666666666,10.120448666666666,BPA2014,BPA,288.0,1.2,False,9.504631156974131,0.10120448666666666,10.120448666666666,9.646229166666666,0.06504166666666666,6.504166666666666
10.1%,0.10120448666666666,10.120448666666666,BPA2014,BPA,312.0,1.3,False,9.504630898299542,0.10120448666666666,10.120448666666666,9.660554166666667,0.06515833333333333,6.515833333333333
10.1%,0.10120448666666666,10.120448666666666,BPA2014,BPA,336.0,1.4,False,9.504629989219842,0.10120448666666666,10.120448666666666,9.668187500000002,0.06537916666666667,6.537916666666667
10.1%,0.10120448666666666,10.120448666666666,BPA2014,BPA,360.0,1.5,False,9.504626964484896,0.10120448666666666,10.120448666666666,9.676920833333334,0.06509166666666666,6.509166666666665
10.1%,0.10120448666666666,10.120448666666666,NPA2016,NPA,-360.0,-1.5,False,9.50463125,0.10120448666666666,10.120448666666666,9.5561375,0.06622499999999999,6.6225
10.1%,0.10120448666666666,10.120448666666666,NPA2016,NPA,-336.0,-1.4,False,9.50463125,0.10120448666666666,10.120448666666666,9.544583333333334,0.06564166666666667,6.564166666666667
10.1%,0.10120448666666666,10.120448666666666,NPA2016,NPA,-312.0,-1.3,False,9.50463125,0.10120448666666666,10.120448666666666,9.537,0.06584166666666666,6.584166666666666
10.1%,0.10120448666666666,10.120448666666666,NPA2016,NPA,-288.0,-1.2,False,9.50463125,0.10120448666666666,10.120448666666666,9.536170833333333,0.066025,6.6025
10.1%,0.10120448666666666,10.120448666666666,NPA2016,NPA,-264.0,-1.1,False,9.50463125,0.10120448666666666,10.120448666666666,9.536595833333333,0.0656625,6.56625
10.1%,0.10120448666666666,10.120448666666666,NPA2016,NPA,-240.0,-1.0,False,9.50463125,0.10120448666666666,10.120448666666666,9.535829166666666,0.06449583333333334,6.449583333333334
10.1%,0.10120448666666666,10.120448666666666,NPA2016,NPA,-216.0,-0.9,False,9.50463125,0.10120448666666666,10.120448666666666,9.533254166666666,0.0630875,6.308750000000001
10.1%,0.10120448666666666,10.120448666666666,NPA2016,NPA,-192.0,-0.8,False,9.50463125,0.10120448666666666,10.120448666666666,9.527916666666666,0.0619625,6.19625
10.1%,0.10120448666666666,10.120448666666666,NPA2016,NPA,-168.0,-0.7,False,9.50463125,0.10120448666666666,10.120448666666666,9.5134,0.06199166666666667,6.199166666666667
10.1%,0.10120448666666666,10.120448666666666,NPA2016,NPA,-144.0,-0.6,False,9.50463125,0.10120448666666666,10.120448666666666,9.500870833333334,0.061575,6.1575
10.1%,0.10120448666666666,10.120448666666666,NPA2016,NPA,-120.0,-0.5,True,9.50463125,0.10120448666666666,10.120448666666666,9.4931625,0.061516666666666664,6.151666666666666
10.1%,0.10120448666666666,10.120448666666666,NPA2016,NPA,-96.0,-0.4,True,9.50463125,0.10120448666666666,10.120448666666666,9.484958333333333,0.060795833333333334,6.079583333333334
10.1%,0.10120448666666666,10.120448666666666,NPA2016,NPA,-72.0,-0.3,True,9.504631249999996,0.10120448666666666,10.120448666666666,9.477504166666666,0.0607125,6.07125
10.1%,0.10120448666666666,10.120448666666666,NPA2016,NPA,-48.0,-0.2,True,9.504631249999985,0.10120448666666666,10.120448666666666,9.466725,0.061924999999999994,6.192499999999999
10.1%,0.10120448666666666,10.120448666666666,NPA2016,NPA,-24.0,-0.1,True,9.504631249999923,0.10120448666666666,10.120448666666666,9.468233333333334,0.06235416666666667,6.235416666666667
10.1%,0.10120448666666666,10.120448666666666,NPA2016,NPA,0.0,0.0,True,9.504631249999623,0.10120448666666666,10.120448666666666,9.479191666666667,0.06285833333333334,6.285833333333334
10.1%,0.10120448666666666,10.120448666666666,NPA2016,NPA,24.0,0.1,True,9.504631249998225,0.10120448666666666,10.120448666666666,9.4898,0.06325416666666667,6.3254166666666665
10.1%,0.10120448666666666,10.120448666666666,NPA2016,NPA,48.0,0.2,True,9.504631249991995,0.10120448666666666,10.120448666666666,9.5025,0.063425,6.342499999999999
10.1%,0.10120448666666666,10.120448666666666,NPA2016,NPA,72.0,0.3,True,9.504631249965371,0.10120448666666666,10.120448666666666,9.5124375,0.0633,6.329999999999999
10.1%,0.10120448666666666,10.120448666666666,NPA2016,NPA,96.0,0.4,True,9.504631249856315,0.10120448666666666,10.120448666666666,9.529116666666667,0.06318750000000001,6.3187500000000005
10.1%,0.10120448666666666,10.120448666666666,NPA2016,NPA,120.0,0.5,True,9.5046312494284,0.10120448666666666,10.120448666666666,9.541683333333333,0.06333333333333334,6.333333333333334
10.1%,0.10120448666666666,10.120448666666666,NPA2016,NPA,144.0,0.6,False,9.50463124781828,0.10120448666666666,10.120448666666666,9.551766666666667,0.06339166666666667,6.339166666666666
10.1%,0.10120448666666666,10.120448666666666,NPA2016,NPA,168.0,0.7,False,9.5046312420189,0.10120448666666666,10.120448666666666,9.563825,0.0641375,6.41375
10.1%,0.10120448666666666,10.120448666666666,NPA2016,NPA,192.0,0.8,False,9.504631221979826,0.10120448666666666,10.120448666666666,9.578729166666665,0.06456666666666666,6.456666666666666
10.1%,0.10120448666666666,10.120448666666666,NPA2016,NPA,216.0,0.9,False,9.5046311557278,0.10120448666666666,10.120448666666666,9.598324999999999,0.064325,6.432499999999999
10.1%,0.10120448666666666,10.120448666666666,NPA2016,NPA,240.0,1.0,False,9.504630945609101,0.10120448666666666,10.120448666666666,9.614283333333333,0.06465,6.465
10.1%,0.10120448666666666,10.120448666666666,NPA2016,NPA,264.0,1.1,False,9.50463030797094,0.10120448666666666,10.120448666666666,9.629591666666666,0.06487083333333332,6.487083333333333
10.1%,0.10120448666666666,10.120448666666666,NPA2016,NPA,288.0,1.2,False,9.504628453042812,0.10120448666666666,10.120448666666666,9.646229166666666,0.06504166666666666,6.504166666666666
10.1%,0.10120448666666666,10.120448666666666,NPA2016,NPA,312.0,1.3,False,9.504623287978678,0.10120448666666666,10.120448666666666,9.660554166666667,0.06515833333333333,6.515833333333333
10.1%,0.10120448666666666,10.120448666666666,NPA2016,NPA,336.0,1.4,False,9.504609511128555,0.10120448666666666,10.120448666666666,9.668187500000002,0.06537916666666667,6.537916666666667
10.1%,0.10120448666666666,10.120448666666666,NPA2016,NPA,360.0,1.5,False,9.504574329842148,0.10120448666666666,10.120448666666666,9.676920833333334,0.06509166666666666,6.509166666666665
10.1%,0.10120448666666666,10.120448666666666,Nygaard2022,"TurbOPark, A=0.04",-360.0,-1.5,False,9.50463125,0.10120448666666666,10.120448666666666,9.5561375,0.06622499999999999,6.6225
10.1%,0.10120448666666666,10.120448666666666,Nygaard2022,"TurbOPark, A=0.04",-336.0,-1.4,False,9.50463125,0.10120448666666666,10.120448666666666,9.544583333333334,0.06564166666666667,6.564166666666667
10.1%,0.10120448666666666,10.120448666666666,Nygaard2022,"TurbOPark, A=0.04",-312.0,-1.3,False,9.50463125,0.10120448666666666,10.120448666666666,9.537,0.06584166666666666,6.584166666666666
10.1%,0.10120448666666666,10.120448666666666,Nygaard2022,"TurbOPark, A=0.04",-288.0,-1.2,False,9.50463125,0.10120448666666666,10.120448666666666,9.536170833333333,0.066025,6.6025
10.1%,0.10120448666666666,10.120448666666666,Nygaard2022,"TurbOPark, A=0.04",-264.0,-1.1,False,9.50463125,0.10120448666666666,10.120448666666666,9.536595833333333,0.0656625,6.56625
10.1%,0.10120448666666666,10.120448666666666,Nygaard2022,"TurbOPark, A=0.04",-240.0,-1.0,False,9.50463125,0.10120448666666666,10.120448666666666,9.535829166666666,0.06449583333333334,6.449583333333334
10.1%,0.10120448666666666,10.120448666666666,Nygaard2022,"TurbOPark, A=0.04",-216.0,-0.9,False,9.50463125,0.10120448666666666,10.120448666666666,9.533254166666666,0.0630875,6.308750000000001
10.1%,0.10120448666666666,10.120448666666666,Nygaard2022,"TurbOPark, A=0.04",-192.0,-0.8,False,9.50463125,0.10120448666666666,10.120448666666666,9.527916666666666,0.0619625,6.19625
10.1%,0.10120448666666666,10.120448666666666,Nygaard2022,"TurbOPark, A=0.04",-168.0,-0.7,False,9.50463125,0.10120448666666666,10.120448666666666,9.5134,0.06199166666666667,6.199166666666667
10.1%,0.10120448666666666,10.120448666666666,Nygaard2022,"TurbOPark, A=0.04",-144.0,-0.6,False,9.50463125,0.10120448666666666,10.120448666666666,9.500870833333334,0.061575,6.1575
10.1%,0.10120448666666666,10.120448666666666,Nygaard2022,"TurbOPark, A=0.04",-120.0,-0.5,True,9.50463125,0.10120448666666666,10.120448666666666,9.4931625,0.061516666666666664,6.151666666666666
10.1%,0.10120448666666666,10.120448666666666,Nygaard2022,"TurbOPark, A=0.04",-96.0,-0.4,True,9.50463125,0.10120448666666666,10.120448666666666,9.484958333333333,0.060795833333333334,6.079583333333334
10.1%,0.10120448666666666,10.120448666666666,Nygaard2022,"TurbOPark, A=0.04",-72.0,-0.3,True,9.50463125,0.10120448666666666,10.120448666666666,9.477504166666666,0.0607125,6.07125
10.1%,0.10120448666666666,10.120448666666666,Nygaard2022,"TurbOPark, A=0.04",-48.0,-0.2,True,9.50463125,0.10120448666666666,10.120448666666666,9.466725,0.061924999999999994,6.192499999999999
10.1%,0.10120448666666666,10.120448666666666,Nygaard2022,"TurbOPark, A=0.04",-24.0,-0.1,True,9.50463125,0.10120448666666666,10.120448666666666,9.468233333333334,0.06235416666666667,6.235416666666667
10.1%,0.10120448666666666,10.120448666666666,Nygaard2022,"TurbOPark, A=0.04",0.0,0.0,True,9.50463125,0.10120448666666666,10.120448666666666,9.479191666666667,0.06285833333333334,6.285833333333334
10.1%,0.10120448666666666,10.120448666666666,Nygaard2022,"TurbOPark, A=0.04",24.0,0.1,True,9.50463125,0.10120448666666666,10.120448666666666,9.4898,0.06325416666666667,6.3254166666666665
10.1%,0.10120448666666666,10.120448666666666,Nygaard2022,"TurbOPark, A=0.04",48.0,0.2,True,9.50463125,0.10120448666666666,10.120448666666666,9.5025,0.063425,6.342499999999999
10.1%,0.10120448666666666,10.120448666666666,Nygaard2022,"TurbOPark, A=0.04",72.0,0.3,True,9.50463125,0.10120448666666666,10.120448666666666,9.5124375,0.0633,6.329999999999999
10.1%,0.10120448666666666,10.120448666666666,Nygaard2022,"TurbOPark, A=0.04",96.0,0.4,True,9.50463125,0.10120448666666666,10.120448666666666,9.529116666666667,0.06318750000000001,6.3187500000000005
10.1%,0.10120448666666666,10.120448666666666,Nygaard2022,"TurbOPark, A=0.04",120.0,0.5,True,9.504631249999997,0.10120448666666666,10.120448666666666,9.541683333333333,0.06333333333333334,6.333333333333334
10.1%,0.10120448666666666,10.120448666666666,Nygaard2022,"TurbOPark, A=0.04",144.0,0.6,False,9.504631249999978,0.10120448666666666,10.120448666666666,9.551766666666667,0.06339166666666667,6.339166666666666
10.1%,0.10120448666666666,10.120448666666666,Nygaard2022,"TurbOPark, A=0.04",168.0,0.7,False,9.504631249999838,0.10120448666666666,10.120448666666666,9.563825,0.0641375,6.41375
10.1%,0.10120448666666666,10.120448666666666,Nygaard2022,"TurbOPark, A=0.04",192.0,0.8,False,9.50463124999882,0.10120448666666666,10.120448666666666,9.578729166666665,0.06456666666666666,6.456666666666666
10.1%,0.10120448666666666,10.120448666666666,Nygaard2022,"TurbOPark, A=0.04",216.0,0.9,False,9.504631249991933,0.10120448666666666,10.120448666666666,9.598324999999999,0.064325,6.432499999999999
10.1%,0.10120448666666666,10.120448666666666,Nygaard2022,"TurbOPark, A=0.04",240.0,1.0,False,9.504631249948332,0.10120448666666666,10.120448666666666,9.614283333333333,0.06465,6.465
10.1%,0.10120448666666666,10.120448666666666,Nygaard2022,"TurbOPark, A=0.04",264.0,1.1,False,9.504631249690306,0.10120448666666666,10.120448666666666,9.629591666666666,0.06487083333333332,6.487083333333333
10.1%,0.10120448666666666,10.120448666666666,Nygaard2022,"TurbOPark, A=0.04",288.0,1.2,False,9.50463124826331,0.10120448666666666,10.120448666666666,9.646229166666666,0.06504166666666666,6.504166666666666
10.1%,0.10120448666666666,10.120448666666666,Nygaard2022,"TurbOPark, A=0.04",312.0,1.3,False,9.504631240888077,0.10120448666666666,10.120448666666666,9.660554166666667,0.06515833333333333,6.515833333333333
10.1%,0.10120448666666666,10.120448666666666,Nygaard2022,"TurbOPark, A=0.04",336.0,1.4,False,9.504631205239708,0.10120448666666666,10.120448666666666,9.668187500000002,0.06537916666666667,6.537916666666667
10.1%,0.10120448666666666,10.120448666666666,Nygaard2022,"TurbOPark, A=0.04",360.0,1.5,False,9.50463104422946,0.10120448666666666,10.120448666666666,9.676920833333334,0.06509166666666666,6.509166666666665
10.1%,0.10120448666666666,10.120448666666666,Nygaard2022_A0.06,"TurbOPark, A=0.06",-360.0,-1.5,False,9.50463125,0.10120448666666666,10.120448666666666,9.5561375,0.06622499999999999,6.6225
10.1%,0.10120448666666666,10.120448666666666,Nygaard2022_A0.06,"TurbOPark, A=0.06",-336.0,-1.4,False,9.50463125,0.10120448666666666,10.120448666666666,9.544583333333334,0.06564166666666667,6.564166666666667
10.1%,0.10120448666666666,10.120448666666666,Nygaard2022_A0.06,"TurbOPark, A=0.06",-312.0,-1.3,False,9.50463125,0.10120448666666666,10.120448666666666,9.537,0.06584166666666666,6.584166666666666
10.1%,0.10120448666666666,10.120448666666666,Nygaard2022_A0.06,"TurbOPark, A=0.06",-288.0,-1.2,False,9.50463125,0.10120448666666666,10.120448666666666,9.536170833333333,0.066025,6.6025
10.1%,0.10120448666666666,10.120448666666666,Nygaard2022_A0.06,"TurbOPark, A=0.06",-264.0,-1.1,False,9.50463125,0.10120448666666666,10.120448666666666,9.536595833333333,0.0656625,6.56625
10.1%,0.10120448666666666,10.120448666666666,Nygaard2022_A0.06,"TurbOPark, A=0.06",-240.0,-1.0,False,9.50463125,0.10120448666666666,10.120448666666666,9.535829166666666,0.06449583333333334,6.449583333333334
10.1%,0.10120448666666666,10.120448666666666,Nygaard2022_A0.06,"TurbOPark, A=0.06",-216.0,-0.9,False,9.50463125,0.10120448666666666,10.120448666666666,9.533254166666666,0.0630875,6.308750000000001
10.1%,0.10120448666666666,10.120448666666666,Nygaard2022_A0.06,"TurbOPark, A=0.06",-192.0,-0.8,False,9.50463125,0.10120448666666666,10.120448666666666,9.527916666666666,0.0619625,6.19625
10.1%,0.10120448666666666,10.120448666666666,Nygaard2022_A0.06,"TurbOPark, A=0.06",-168.0,-0.7,False,9.50463125,0.10120448666666666,10.120448666666666,9.5134,0.06199166666666667,6.199166666666667
10.1%,0.10120448666666666,10.120448666666666,Nygaard2022_A0.06,"TurbOPark, A=0.06",-144.0,-0.6,False,9.50463125,0.10120448666666666,10.120448666666666,9.500870833333334,0.061575,6.1575
10.1%,0.10120448666666666,10.120448666666666,Nygaard2022_A0.06,"TurbOPark, A=0.06",-120.0,-0.5,True,9.50463125,0.10120448666666666,10.120448666666666,9.4931625,0.061516666666666664,6.151666666666666
10.1%,0.10120448666666666,10.120448666666666,Nygaard2022_A0.06,"TurbOPark, A=0.06",-96.0,-0.4,True,9.50463125,0.10120448666666666,10.120448666666666,9.484958333333333,0.060795833333333334,6.079583333333334
10.1%,0.10120448666666666,10.120448666666666,Nygaard2022_A0.06,"TurbOPark, A=0.06",-72.0,-0.3,True,9.50463125,0.10120448666666666,10.120448666666666,9.477504166666666,0.0607125,6.07125
10.1%,0.10120448666666666,10.120448666666666,Nygaard2022_A0.06,"TurbOPark, A=0.06",-48.0,-0.2,True,9.50463125,0.10120448666666666,10.120448666666666,9.466725,0.061924999999999994,6.192499999999999
10.1%,0.10120448666666666,10.120448666666666,Nygaard2022_A0.06,"TurbOPark, A=0.06",-24.0,-0.1,True,9.50463125,0.10120448666666666,10.120448666666666,9.468233333333334,0.06235416666666667,6.235416666666667
10.1%,0.10120448666666666,10.120448666666666,Nygaard2022_A0.06,"TurbOPark, A=0.06",0.0,0.0,True,9.50463125,0.10120448666666666,10.120448666666666,9.479191666666667,0.06285833333333334,6.285833333333334
10.1%,0.10120448666666666,10.120448666666666,Nygaard2022_A0.06,"TurbOPark, A=0.06",24.0,0.1,True,9.50463125,0.10120448666666666,10.120448666666666,9.4898,0.06325416666666667,6.3254166666666665
10.1%,0.10120448666666666,10.120448666666666,Nygaard2022_A0.06,"TurbOPark, A=0.06",48.0,0.2,True,9.504631249999997,0.10120448666666666,10.120448666666666,9.5025,0.063425,6.342499999999999
10.1%,0.10120448666666666,10.120448666666666,Nygaard2022_A0.06,"TurbOPark, A=0.06",72.0,0.3,True,9.504631249999989,0.10120448666666666,10.120448666666666,9.5124375,0.0633,6.329999999999999
10.1%,0.10120448666666666,10.120448666666666,Nygaard2022_A0.06,"TurbOPark, A=0.06",96.0,0.4,True,9.504631249999923,0.10120448666666666,10.120448666666666,9.529116666666667,0.06318750000000001,6.3187500000000005
10.1%,0.10120448666666666,10.120448666666666,Nygaard2022_A0.06,"TurbOPark, A=0.06",120.0,0.5,True,9.504631249999514,0.10120448666666666,10.120448666666666,9.541683333333333,0.06333333333333334,6.333333333333334
10.1%,0.10120448666666666,10.120448666666666,Nygaard2022_A0.06,"TurbOPark, A=0.06",144.0,0.6,False,9.504631249997097,0.10120448666666666,10.120448666666666,9.551766666666667,0.06339166666666667,6.339166666666666
10.1%,0.10120448666666666,10.120448666666666,Nygaard2022_A0.06,"TurbOPark, A=0.06",168.0,0.7,False,9.504631249983582,0.10120448666666666,10.120448666666666,9.563825,0.0641375,6.41375
10.1%,0.10120448666666666,10.120448666666666,Nygaard2022_A0.06,"TurbOPark, A=0.06",192.0,0.8,False,9.50463124991215,0.10120448666666666,10.120448666666666,9.578729166666665,0.06456666666666666,6.456666666666666
10.1%,0.10120448666666666,10.120448666666666,Nygaard2022_A0.06,"TurbOPark, A=0.06",216.0,0.9,False,9.504631249555734,0.10120448666666666,10.120448666666666,9.598324999999999,0.064325,6.432499999999999
10.1%,0.10120448666666666,10.120448666666666,Nygaard2022_A0.06,"TurbOPark, A=0.06",240.0,1.0,False,9.504631247874986,0.10120448666666666,10.120448666666666,9.614283333333333,0.06465,6.465
10.1%,0.10120448666666666,10.120448666666666,Nygaard2022_A0.06,"TurbOPark, A=0.06",264.0,1.1,False,9.504631240386127,0.10120448666666666,10.120448666666666,9.629591666666666,0.06487083333333332,6.487083333333333
10.1%,0.10120448666666666,10.120448666666666,Nygaard2022_A0.06,"TurbOPark, A=0.06",288.0,1.2,False,9.504631208889823,0.10120448666666666,10.120448666666666,9.646229166666666,0.06504166666666666,6.504166666666666
10.1%,0.10120448666666666,10.120448666666666,Nygaard2022_A0.06,"TurbOPark, A=0.06",312.0,1.3,False,9.504631083693049,0.10120448666666666,10.120448666666666,9.660554166666667,0.06515833333333333,6.515833333333333
10.1%,0.10120448666666666,10.120448666666666,Nygaard2022_A0.06,"TurbOPark, A=0.06",336.0,1.4,False,9.50463061384185,0.10120448666666666,10.120448666666666,9.668187500000002,0.06537916666666667,6.537916666666667
10.1%,0.10120448666666666,10.120448666666666,Nygaard2022_A0.06,"TurbOPark, A=0.06",360.0,1.5,False,9.504628949697718,0.10120448666666666,10.120448666666666,9.676920833333334,0.06509166666666666,6.509166666666665
10.7%,0.10737190111111111,10.737190111111111,BPA2014,BPA,-360.0,-1.5,False,9.50463125,0.10737190111111111,10.737190111111111,9.5561375,0.06622499999999999,6.6225
10.7%,0.10737190111111111,10.737190111111111,BPA2014,BPA,-336.0,-1.4,False,9.50463125,0.10737190111111111,10.737190111111111,9.544583333333334,0.06564166666666667,6.564166666666667
10.7%,0.10737190111111111,10.737190111111111,BPA2014,BPA,-312.0,-1.3,False,9.50463125,0.10737190111111111,10.737190111111111,9.537,0.06584166666666666,6.584166666666666
10.7%,0.10737190111111111,10.737190111111111,BPA2014,BPA,-288.0,-1.2,False,9.50463125,0.10737190111111111,10.737190111111111,9.536170833333333,0.066025,6.6025
10.7%,0.10737190111111111,10.737190111111111,BPA2014,BPA,-264.0,-1.1,False,9.50463125,0.10737190111111111,10.737190111111111,9.536595833333333,0.0656625,6.56625
10.7%,0.10737190111111111,10.737190111111111,BPA2014,BPA,-240.0,-1.0,False,9.50463125,0.10737190111111111,10.737190111111111,9.535829166666666,0.06449583333333334,6.449583333333334
10.7%,0.10737190111111111,10.737190111111111,BPA2014,BPA,-216.0,-0.9,False,9.50463125,0.10737190111111111,10.737190111111111,9.533254166666666,0.0630875,6.308750000000001
10.7%,0.10737190111111111,10.737190111111111,BPA2014,BPA,-192.0,-0.8,False,9.50463125,0.10737190111111111,10.737190111111111,9.527916666666666,0.0619625,6.19625
10.7%,0.10737190111111111,10.737190111111111,BPA2014,BPA,-168.0,-0.7,False,9.50463125,0.10737190111111111,10.737190111111111,9.5134,0.06199166666666667,6.199166666666667
10.7%,0.10737190111111111,10.737190111111111,BPA2014,BPA,-144.0,-0.6,False,9.50463125,0.10737190111111111,10.737190111111111,9.500870833333334,0.061575,6.1575
10.7%,0.10737190111111111,10.737190111111111,BPA2014,BPA,-120.0,-0.5,True,9.50463125,0.10737190111111111,10.737190111111111,9.4931625,0.061516666666666664,6.151666666666666
10.7%,0.10737190111111111,10.737190111111111,BPA2014,BPA,-96.0,-0.4,True,9.50463125,0.10737190111111111,10.737190111111111,9.484958333333333,0.060795833333333334,6.079583333333334
10.7%,0.10737190111111111,10.737190111111111,BPA2014,BPA,-72.0,-0.3,True,9.50463125,0.10737190111111111,10.737190111111111,9.477504166666666,0.0607125,6.07125
10.7%,0.10737190111111111,10.737190111111111,BPA2014,BPA,-48.0,-0.2,True,9.50463125,0.10737190111111111,10.737190111111111,9.466725,0.061924999999999994,6.192499999999999
10.7%,0.10737190111111111,10.737190111111111,BPA2014,BPA,-24.0,-0.1,True,9.50463125,0.10737190111111111,10.737190111111111,9.468233333333334,0.06235416666666667,6.235416666666667
10.7%,0.10737190111111111,10.737190111111111,BPA2014,BPA,0.0,0.0,True,9.50463125,0.10737190111111111,10.737190111111111,9.479191666666667,0.06285833333333334,6.285833333333334
10.7%,0.10737190111111111,10.737190111111111,BPA2014,BPA,24.0,0.1,True,9.504631249999997,0.10737190111111111,10.737190111111111,9.4898,0.06325416666666667,6.3254166666666665
10.7%,0.10737190111111111,10.737190111111111,BPA2014,BPA,48.0,0.2,True,9.50463124999999,0.10737190111111111,10.737190111111111,9.5025,0.063425,6.342499999999999
10.7%,0.10737190111111111,10.737190111111111,BPA2014,BPA,72.0,0.3,True,9.504631249999946,0.10737190111111111,10.737190111111111,9.5124375,0.0633,6.329999999999999
10.7%,0.10737190111111111,10.737190111111111,BPA2014,BPA,96.0,0.4,True,9.50463124999967,0.10737190111111111,10.737190111111111,9.529116666666667,0.06318750000000001,6.3187500000000005
10.7%,0.10737190111111111,10.737190111111111,BPA2014,BPA,120.0,0.5,True,9.504631249998098,0.10737190111111111,10.737190111111111,9.541683333333333,0.06333333333333334,6.333333333333334
10.7%,0.10737190111111111,10.737190111111111,BPA2014,BPA,144.0,0.6,False,9.504631249989576,0.10737190111111111,10.737190111111111,9.551766666666667,0.06339166666666667,6.339166666666666
10.7%,0.10737190111111111,10.737190111111111,BPA2014,BPA,168.0,0.7,False,9.504631249945772,0.10737190111111111,10.737190111111111,9.563825,0.0641375,6.41375
10.7%,0.10737190111111111,10.737190111111111,BPA2014,BPA,192.0,0.8,False,9.504631249732514,0.10737190111111111,10.737190111111111,9.578729166666665,0.06456666666666666,6.456666666666666
10.7%,0.10737190111111111,10.737190111111111,BPA2014,BPA,216.0,0.9,False,9.504631248748936,0.10737190111111111,10.737190111111111,9.598324999999999,0.064325,6.432499999999999
10.7%,0.10737190111111111,10.737190111111111,BPA2014,BPA,240.0,1.0,False,9.504631244451737,0.10737190111111111,10.737190111111111,9.614283333333333,0.06465,6.465
10.7%,0.10737190111111111,10.737190111111111,BPA2014,BPA,264.0,1.1,False,9.504631226669085,0.10737190111111111,10.737190111111111,9.629591666666666,0.06487083333333332,6.487083333333333
10.7%,0.10737190111111111,10.737190111111111,BPA2014,BPA,288.0,1.2,False,9.504631156974131,0.10737190111111111,10.737190111111111,9.646229166666666,0.06504166666666666,6.504166666666666
10.7%,0.10737190111111111,10.737190111111111,BPA2014,BPA,312.0,1.3,False,9.504630898299542,0.10737190111111111,10.737190111111111,9.660554166666667,0.06515833333333333,6.515833333333333
10.7%,0.10737190111111111,10.737190111111111,BPA2014,BPA,336.0,1.4,False,9.504629989219842,0.10737190111111111,10.737190111111111,9.668187500000002,0.06537916666666667,6.537916666666667
10.7%,0.10737190111111111,10.737190111111111,BPA2014,BPA,360.0,1.5,False,9.504626964484896,0.10737190111111111,10.737190111111111,9.676920833333334,0.06509166666666666,6.509166666666665
10.7%,0.10737190111111111,10.737190111111111,NPA2016,NPA,-360.0,-1.5,False,9.50463125,0.10737190111111111,10.737190111111111,9.5561375,0.06622499999999999,6.6225
10.7%,0.10737190111111111,10.737190111111111,NPA2016,NPA,-336.0,-1.4,False,9.50463125,0.10737190111111111,10.737190111111111,9.544583333333334,0.06564166666666667,6.564166666666667
10.7%,0.10737190111111111,10.737190111111111,NPA2016,NPA,-312.0,-1.3,False,9.50463125,0.10737190111111111,10.737190111111111,9.537,0.06584166666666666,6.584166666666666
10.7%,0.10737190111111111,10.737190111111111,NPA2016,NPA,-288.0,-1.2,False,9.50463125,0.10737190111111111,10.737190111111111,9.536170833333333,0.066025,6.6025
10.7%,0.10737190111111111,10.737190111111111,NPA2016,NPA,-264.0,-1.1,False,9.50463125,0.10737190111111111,10.737190111111111,9.536595833333333,0.0656625,6.56625
10.7%,0.10737190111111111,10.737190111111111,NPA2016,NPA,-240.0,-1.0,False,9.50463125,0.10737190111111111,10.737190111111111,9.535829166666666,0.06449583333333334,6.449583333333334
10.7%,0.10737190111111111,10.737190111111111,NPA2016,NPA,-216.0,-0.9,False,9.50463125,0.10737190111111111,10.737190111111111,9.533254166666666,0.0630875,6.308750000000001
10.7%,0.10737190111111111,10.737190111111111,NPA2016,NPA,-192.0,-0.8,False,9.50463125,0.10737190111111111,10.737190111111111,9.527916666666666,0.0619625,6.19625
10.7%,0.10737190111111111,10.737190111111111,NPA2016,NPA,-168.0,-0.7,False,9.50463125,0.10737190111111111,10.737190111111111,9.5134,0.06199166666666667,6.199166666666667
10.7%,0.10737190111111111,10.737190111111111,NPA2016,NPA,-144.0,-0.6,False,9.50463125,0.10737190111111111,10.737190111111111,9.500870833333334,0.061575,6.1575
10.7%,0.10737190111111111,10.737190111111111,NPA2016,NPA,-120.0,-0.5,True,9.50463125,0.10737190111111111,10.737190111111111,9.4931625,0.061516666666666664,6.151666666666666
10.7%,0.10737190111111111,10.737190111111111,NPA2016,NPA,-96.0,-0.4,True,9.504631249999996,0.10737190111111111,10.737190111111111,9.484958333333333,0.060795833333333334,6.079583333333334
10.7%,0.10737190111111111,10.737190111111111,NPA2016,NPA,-72.0,-0.3,True,9.504631249999983,0.10737190111111111,10.737190111111111,9.477504166666666,0.0607125,6.07125
10.7%,0.10737190111111111,10.737190111111111,NPA2016,NPA,-48.0,-0.2,True,9.504631249999925,0.10737190111111111,10.737190111111111,9.466725,0.061924999999999994,6.192499999999999
10.7%,0.10737190111111111,10.737190111111111,NPA2016,NPA,-24.0,-0.1,True,9.504631249999646,0.10737190111111111,10.737190111111111,9.468233333333334,0.06235416666666667,6.235416666666667
10.7%,0.10737190111111111,10.737190111111111,NPA2016,NPA,0.0,0.0,True,9.504631249998399,0.10737190111111111,10.737190111111111,9.479191666666667,0.06285833333333334,6.285833333333334
10.7%,0.10737190111111111,10.737190111111111,NPA2016,NPA,24.0,0.1,True,9.504631249993047,0.10737190111111111,10.737190111111111,9.4898,0.06325416666666667,6.3254166666666665
10.7%,0.10737190111111111,10.737190111111111,NPA2016,NPA,48.0,0.2,True,9.50463124997096,0.10737190111111111,10.737190111111111,9.5025,0.063425,6.342499999999999
10.7%,0.10737190111111111,10.737190111111111,NPA2016,NPA,72.0,0.3,True,9.504631249883435,0.10737190111111111,10.737190111111111,9.5124375,0.0633,6.329999999999999
10.7%,0.10737190111111111,10.737190111111111,NPA2016,NPA,96.0,0.4,True,9.504631249550325,0.10737190111111111,10.737190111111111,9.529116666666667,0.06318750000000001,6.3187500000000005
10.7%,0.10737190111111111,10.737190111111111,NPA2016,NPA,120.0,0.5,True,9.504631248332855,0.10737190111111111,10.737190111111111,9.541683333333333,0.06333333333333334,6.333333333333334
10.7%,0.10737190111111111,10.737190111111111,NPA2016,NPA,144.0,0.6,False,9.504631244059862,0.10737190111111111,10.737190111111111,9.551766666666667,0.06339166666666667,6.339166666666666
10.7%,0.10737190111111111,10.737190111111111,NPA2016,NPA,168.0,0.7,False,9.504631229659179,0.10737190111111111,10.737190111111111,9.563825,0.0641375,6.41375
10.7%,0.10737190111111111,10.737190111111111,NPA2016,NPA,192.0,0.8,False,9.504631183059185,0.10737190111111111,10.737190111111111,9.578729166666665,0.06456666666666666,6.456666666666666
10.7%,0.10737190111111111,10.737190111111111,NPA2016,NPA,216.0,0.9,False,9.504631038278264,0.10737190111111111,10.737190111111111,9.598324999999999,0.064325,6.432499999999999
10.7%,0.10737190111111111,10.737190111111111,NPA2016,NPA,240.0,1.0,False,9.50463060643388,0.10737190111111111,10.737190111111111,9.614283333333333,0.06465,6.465
10.7%,0.10737190111111111,10.737190111111111,NPA2016,NPA,264.0,1.1,False,9.504629369567912,0.10737190111111111,10.737190111111111,9.629591666666666,0.06487083333333332,6.487083333333333
10.7%,0.10737190111111111,10.737190111111111,NPA2016,NPA,288.0,1.2,False,9.50462596957974,0.10737190111111111,10.737190111111111,9.646229166666666,0.06504166666666666,6.504166666666666
10.7%,0.10737190111111111,10.737190111111111,NPA2016,NPA,312.0,1.3,False,9.504616999701533,0.10737190111111111,10.737190111111111,9.660554166666667,0.06515833333333333,6.515833333333333
10.7%,0.10737190111111111,10.737190111111111,NPA2016,NPA,336.0,1.4,False,9.50459429054296,0.10737190111111111,10.737190111111111,9.668187500000002,0.06537916666666667,6.537916666666667
10.7%,0.10737190111111111,10.737190111111111,NPA2016,NPA,360.0,1.5,False,9.504539125576278,0.10737190111111111,10.737190111111111,9.676920833333334,0.06509166666666666,6.509166666666665
10.7%,0.10737190111111111,10.737190111111111,Nygaard2022,"TurbOPark, A=0.04",-360.0,-1.5,False,9.50463125,0.10737190111111111,10.737190111111111,9.5561375,0.06622499999999999,6.6225
10.7%,0.10737190111111111,10.737190111111111,Nygaard2022,"TurbOPark, A=0.04",-336.0,-1.4,False,9.50463125,0.10737190111111111,10.737190111111111,9.544583333333334,0.06564166666666667,6.564166666666667
10.7%,0.10737190111111111,10.737190111111111,Nygaard2022,"TurbOPark, A=0.04",-312.0,-1.3,False,9.50463125,0.10737190111111111,10.737190111111111,9.537,0.06584166666666666,6.584166666666666
10.7%,0.10737190111111111,10.737190111111111,Nygaard2022,"TurbOPark, A=0.04",-288.0,-1.2,False,9.50463125,0.10737190111111111,10.737190111111111,9.536170833333333,0.066025,6.6025
10.7%,0.10737190111111111,10.737190111111111,Nygaard2022,"TurbOPark, A=0.04",-264.0,-1.1,False,9.50463125,0.10737190111111111,10.737190111111111,9.536595833333333,0.0656625,6.56625
10.7%,0.10737190111111111,10.737190111111111,Nygaard2022,"TurbOPark, A=0.04",-240.0,-1.0,False,9.50463125,0.10737190111111111,10.737190111111111,9.535829166666666,0.06449583333333334,6.449583333333334
10.7%,0.10737190111111111,10.737190111111111,Nygaard2022,"TurbOPark, A=0.04",-216.0,-0.9,False,9.50463125,0.10737190111111111,10.737190111111111,9.533254166666666,0.0630875,6.308750000000001
10.7%,0.10737190111111111,10.737190111111111,Nygaard2022,"TurbOPark, A=0.04",-192.0,-0.8,False,9.50463125,0.10737190111111111,10.737190111111111,9.527916666666666,0.0619625,6.19625
10.7%,0.10737190111111111,10.737190111111111,Nygaard2022,"TurbOPark, A=0.04",-168.0,-0.7,False,9.50463125,0.10737190111111111,10.737190111111111,9.5134,0.06199166666666667,6.199166666666667
10.7%,0.10737190111111111,10.737190111111111,Nygaard2022,"TurbOPark, A=0.04",-144.0,-0.6,False,9.50463125,0.10737190111111111,10.737190111111111,9.500870833333334,0.061575,6.1575
10.7%,0.10737190111111111,10.737190111111111,Nygaard2022,"TurbOPark, A=0.04",-120.0,-0.5,True,9.50463125,0.10737190111111111,10.737190111111111,9.4931625,0.061516666666666664,6.151666666666666
10.7%,0.10737190111111111,10.737190111111111,Nygaard2022,"TurbOPark, A=0.04",-96.0,-0.4,True,9.50463125,0.10737190111111111,10.737190111111111,9.484958333333333,0.060795833333333334,6.079583333333334
10.7%,0.10737190111111111,10.737190111111111,Nygaard2022,"TurbOPark, A=0.04",-72.0,-0.3,True,9.50463125,0.10737190111111111,10.737190111111111,9.477504166666666,0.0607125,6.07125
10.7%,0.10737190111111111,10.737190111111111,Nygaard2022,"TurbOPark, A=0.04",-48.0,-0.2,True,9.50463125,0.10737190111111111,10.737190111111111,9.466725,0.061924999999999994,6.192499999999999
10.7%,0.10737190111111111,10.737190111111111,Nygaard2022,"TurbOPark, A=0.04",-24.0,-0.1,True,9.50463125,0.10737190111111111,10.737190111111111,9.468233333333334,0.06235416666666667,6.235416666666667
10.7%,0.10737190111111111,10.737190111111111,Nygaard2022,"TurbOPark, A=0.04",0.0,0.0,True,9.50463125,0.10737190111111111,10.737190111111111,9.479191666666667,0.06285833333333334,6.285833333333334
10.7%,0.10737190111111111,10.737190111111111,Nygaard2022,"TurbOPark, A=0.04",24.0,0.1,True,9.50463125,0.10737190111111111,10.737190111111111,9.4898,0.06325416666666667,6.3254166666666665
10.7%,0.10737190111111111,10.737190111111111,Nygaard2022,"TurbOPark, A=0.04",48.0,0.2,True,9.50463125,0.10737190111111111,10.737190111111111,9.5025,0.063425,6.342499999999999
10.7%,0.10737190111111111,10.737190111111111,Nygaard2022,"TurbOPark, A=0.04",72.0,0.3,True,9.50463125,0.10737190111111111,10.737190111111111,9.5124375,0.0633,6.329999999999999
10.7%,0.10737190111111111,10.737190111111111,Nygaard2022,"TurbOPark, A=0.04",96.0,0.4,True,9.50463125,0.10737190111111111,10.737190111111111,9.529116666666667,0.06318750000000001,6.3187500000000005
10.7%,0.10737190111111111,10.737190111111111,Nygaard2022,"TurbOPark, A=0.04",120.0,0.5,True,9.504631249999996,0.10737190111111111,10.737190111111111,9.541683333333333,0.06333333333333334,6.333333333333334
10.7%,0.10737190111111111,10.737190111111111,Nygaard2022,"TurbOPark, A=0.04",144.0,0.6,False,9.504631249999976,0.10737190111111111,10.737190111111111,9.551766666666667,0.06339166666666667,6.339166666666666
10.7%,0.10737190111111111,10.737190111111111,Nygaard2022,"TurbOPark, A=0.04",168.0,0.7,False,9.504631249999825,0.10737190111111111,10.737190111111111,9.563825,0.0641375,6.41375
10.7%,0.10737190111111111,10.737190111111111,Nygaard2022,"TurbOPark, A=0.04",192.0,0.8,False,9.504631249998733,0.10737190111111111,10.737190111111111,9.578729166666665,0.06456666666666666,6.456666666666666
10.7%,0.10737190111111111,10.737190111111111,Nygaard2022,"TurbOPark, A=0.04",216.0,0.9,False,9.50463124999138,0.10737190111111111,10.737190111111111,9.598324999999999,0.064325,6.432499999999999
10.7%,0.10737190111111111,10.737190111111111,Nygaard2022,"TurbOPark, A=0.04",240.0,1.0,False,9.50463124994505,0.10737190111111111,10.737190111111111,9.614283333333333,0.06465,6.465
10.7%,0.10737190111111111,10.737190111111111,Nygaard2022,"TurbOPark, A=0.04",264.0,1.1,False,9.504631249672189,0.10737190111111111,10.737190111111111,9.629591666666666,0.06487083333333332,6.487083333333333
10.7%,0.10737190111111111,10.737190111111111,Nygaard2022,"TurbOPark, A=0.04",288.0,1.2,False,9.504631248170213,0.10737190111111111,10.737190111111111,9.646229166666666,0.06504166666666666,6.504166666666666
10.7%,0.10737190111111111,10.737190111111111,Nygaard2022,"TurbOPark, A=0.04",312.0,1.3,False,9.504631240438801,0.10737190111111111,10.737190111111111,9.660554166666667,0.06515833333333333,6.515833333333333
10.7%,0.10737190111111111,10.737190111111111,Nygaard2022,"TurbOPark, A=0.04",336.0,1.4,False,9.504631203220896,0.10737190111111111,10.737190111111111,9.668187500000002,0.06537916666666667,6.537916666666667
10.7%,0.10737190111111111,10.737190111111111,Nygaard2022,"TurbOPark, A=0.04",360.0,1.5,False,9.504631035841042,0.10737190111111111,10.737190111111111,9.676920833333334,0.06509166666666666,6.509166666666665
10.7%,0.10737190111111111,10.737190111111111,Nygaard2022_A0.06,"TurbOPark, A=0.06",-360.0,-1.5,False,9.50463125,0.10737190111111111,10.737190111111111,9.5561375,0.06622499999999999,6.6225
10.7%,0.10737190111111111,10.737190111111111,Nygaard2022_A0.06,"TurbOPark, A=0.06",-336.0,-1.4,False,9.50463125,0.10737190111111111,10.737190111111111,9.544583333333334,0.06564166666666667,6.564166666666667
10.7%,0.10737190111111111,10.737190111111111,Nygaard2022_A0.06,"TurbOPark, A=0.06",-312.0,-1.3,False,9.50463125,0.10737190111111111,10.737190111111111,9.537,0.06584166666666666,6.584166666666666
10.7%,0.10737190111111111,10.737190111111111,Nygaard2022_A0.06,"TurbOPark, A=0.06",-288.0,-1.2,False,9.50463125,0.10737190111111111,10.737190111111111,9.536170833333333,0.066025,6.6025
10.7%,0.10737190111111111,10.737190111111111,Nygaard2022_A0.06,"TurbOPark, A=0.06",-264.0,-1.1,False,9.50463125,0.10737190111111111,10.737190111111111,9.536595833333333,0.0656625,6.56625
10.7%,0.10737190111111111,10.737190111111111,Nygaard2022_A0.06,"TurbOPark, A=0.06",-240.0,-1.0,False,9.50463125,0.10737190111111111,10.737190111111111,9.535829166666666,0.06449583333333334,6.449583333333334
10.7%,0.10737190111111111,10.737190111111111,Nygaard2022_A0.06,"TurbOPark, A=0.06",-216.0,-0.9,False,9.50463125,0.10737190111111111,10.737190111111111,9.533254166666666,0.0630875,6.308750000000001
10.7%,0.10737190111111111,10.737190111111111,Nygaard2022_A0.06,"TurbOPark, A=0.06",-192.0,-0.8,False,9.50463125,0.10737190111111111,10.737190111111111,9.527916666666666,0.0619625,6.19625
10.7%,0.10737190111111111,10.737190111111111,Nygaard2022_A0.06,"TurbOPark, A=0.06",-168.0,-0.7,False,9.50463125,0.10737190111111111,10.737190111111111,9.5134,0.06199166666666667,6.199166666666667
10.7%,0.10737190111111111,10.737190111111111,Nygaard2022_A0.06,"TurbOPark, A=0.06",-144.0,-0.6,False,9.50463125,0.10737190111111111,10.737190111111111,9.500870833333334,0.061575,6.1575
10.7%,0.10737190111111111,10.737190111111111,Nygaard2022_A0.06,"TurbOPark, A=0.06",-120.0,-0.5,True,9.50463125,0.10737190111111111,10.737190111111111,9.4931625,0.061516666666666664,6.151666666666666
10.7%,0.10737190111111111,10.737190111111111,Nygaard2022_A0.06,"TurbOPark, A=0.06",-96.0,-0.4,True,9.50463125,0.10737190111111111,10.737190111111111,9.484958333333333,0.060795833333333334,6.079583333333334
10.7%,0.10737190111111111,10.737190111111111,Nygaard2022_A0.06,"TurbOPark, A=0.06",-72.0,-0.3,True,9.50463125,0.10737190111111111,10.737190111111111,9.477504166666666,0.0607125,6.07125
10.7%,0.10737190111111111,10.737190111111111,Nygaard2022_A0.06,"TurbOPark, A=0.06",-48.0,-0.2,True,9.50463125,0.10737190111111111,10.737190111111111,9.466725,0.061924999999999994,6.192499999999999
10.7%,0.10737190111111111,10.737190111111111,Nygaard2022_A0.06,"TurbOPark, A=0.06",-24.0,-0.1,True,9.50463125,0.10737190111111111,10.737190111111111,9.468233333333334,0.06235416666666667,6.235416666666667
10.7%,0.10737190111111111,10.737190111111111,Nygaard2022_A0.06,"TurbOPark, A=0.06",0.0,0.0,True,9.50463125,0.10737190111111111,10.737190111111111,9.479191666666667,0.06285833333333334,6.285833333333334
10.7%,0.10737190111111111,10.737190111111111,Nygaard2022_A0.06,"TurbOPark, A=0.06",24.0,0.1,True,9.50463125,0.10737190111111111,10.737190111111111,9.4898,0.06325416666666667,6.3254166666666665
10.7%,0.10737190111111111,10.737190111111111,Nygaard2022_A0.06,"TurbOPark, A=0.06",48.0,0.2,True,9.504631249999997,0.10737190111111111,10.737190111111111,9.5025,0.063425,6.342499999999999
10.7%,0.10737190111111111,10.737190111111111,Nygaard2022_A0.06,"TurbOPark, A=0.06",72.0,0.3,True,9.504631249999987,0.10737190111111111,10.737190111111111,9.5124375,0.0633,6.329999999999999
10.7%,0.10737190111111111,10.737190111111111,Nygaard2022_A0.06,"TurbOPark, A=0.06",96.0,0.4,True,9.504631249999914,0.10737190111111111,10.737190111111111,9.529116666666667,0.06318750000000001,6.3187500000000005
10.7%,0.10737190111111111,10.737190111111111,Nygaard2022_A0.06,"TurbOPark, A=0.06",120.0,0.5,True,9.504631249999463,0.10737190111111111,10.737190111111111,9.541683333333333,0.06333333333333334,6.333333333333334
10.7%,0.10737190111111111,10.737190111111111,Nygaard2022_A0.06,"TurbOPark, A=0.06",144.0,0.6,False,9.504631249996807,0.10737190111111111,10.737190111111111,9.551766666666667,0.06339166666666667,6.339166666666666
10.7%,0.10737190111111111,10.737190111111111,Nygaard2022_A0.06,"TurbOPark, A=0.06",168.0,0.7,False,9.504631249982063,0.10737190111111111,10.737190111111111,9.563825,0.0641375,6.41375
10.7%,0.10737190111111111,10.737190111111111,Nygaard2022_A0.06,"TurbOPark, A=0.06",192.0,0.8,False,9.504631249904628,0.10737190111111111,10.737190111111111,9.578729166666665,0.06456666666666666,6.456666666666666
10.7%,0.10737190111111111,10.737190111111111,Nygaard2022_A0.06,"TurbOPark, A=0.06",216.0,0.9,False,9.504631249520303,0.10737190111111111,10.737190111111111,9.598324999999999,0.064325,6.432499999999999
10.7%,0.10737190111111111,10.737190111111111,Nygaard2022_A0.06,"TurbOPark, A=0.06",240.0,1.0,False,9.50463124771934,0.10737190111111111,10.737190111111111,9.614283333333333,0.06465,6.465
10.7%,0.10737190111111111,10.737190111111111,Nygaard2022_A0.06,"TurbOPark, A=0.06",264.0,1.1,False,9.504631239734817,0.10737190111111111,10.737190111111111,9.629591666666666,0.06487083333333332,6.487083333333333
10.7%,0.10737190111111111,10.737190111111111,Nygaard2022_A0.06,"TurbOPark, A=0.06",288.0,1.2,False,9.504631206326968,0.10737190111111111,10.737190111111111,9.646229166666666,0.06504166666666666,6.504166666666666
10.7%,0.10737190111111111,10.737190111111111,Nygaard2022_A0.06,"TurbOPark, A=0.06",312.0,1.3,False,9.504631074226525,0.10737190111111111,10.737190111111111,9.660554166666667,0.06515833333333333,6.515833333333333
10.7%,0.10737190111111111,10.737190111111111,Nygaard2022_A0.06,"TurbOPark, A=0.06",336.0,1.4,False,9.504630580823711,0.10737190111111111,10.737190111111111,9.668187500000002,0.06537916666666667,6.537916666666667
10.7%,0.10737190111111111,10.737190111111111,Nygaard2022_A0.06,"TurbOPark, A=0.06",360.0,1.5,False,9.504628841455546,0.10737190111111111,10.737190111111111,9.676920833333334,0.06509166666666666,6.509166666666665
11.4%,0.11353931555555555,11.353931555555555,BPA2014,BPA,-360.0,-1.5,False,9.50463125,0.11353931555555555,11.353931555555555,9.5561375,0.06622499999999999,6.6225
11.4%,0.11353931555555555,11.353931555555555,BPA2014,BPA,-336.0,-1.4,False,9.50463125,0.11353931555555555,11.353931555555555,9.544583333333334,0.06564166666666667,6.564166666666667
11.4%,0.11353931555555555,11.353931555555555,BPA2014,BPA,-312.0,-1.3,False,9.50463125,0.11353931555555555,11.353931555555555,9.537,0.06584166666666666,6.584166666666666
11.4%,0.11353931555555555,11.353931555555555,BPA2014,BPA,-288.0,-1.2,False,9.50463125,0.11353931555555555,11.353931555555555,9.536170833333333,0.066025,6.6025
11.4%,0.11353931555555555,11.353931555555555,BPA2014,BPA,-264.0,-1.1,False,9.50463125,0.11353931555555555,11.353931555555555,9.536595833333333,0.0656625,6.56625
11.4%,0.11353931555555555,11.353931555555555,BPA2014,BPA,-240.0,-1.0,False,9.50463125,0.11353931555555555,11.353931555555555,9.535829166666666,0.06449583333333334,6.449583333333334
11.4%,0.11353931555555555,11.353931555555555,BPA2014,BPA,-216.0,-0.9,False,9.50463125,0.11353931555555555,11.353931555555555,9.533254166666666,0.0630875,6.308750000000001
11.4%,0.11353931555555555,11.353931555555555,BPA2014,BPA,-192.0,-0.8,False,9.50463125,0.11353931555555555,11.353931555555555,9.527916666666666,0.0619625,6.19625
11.4%,0.11353931555555555,11.353931555555555,BPA2014,BPA,-168.0,-0.7,False,9.50463125,0.11353931555555555,11.353931555555555,9.5134,0.06199166666666667,6.199166666666667
11.4%,0.11353931555555555,11.353931555555555,BPA2014,BPA,-144.0,-0.6,False,9.50463125,0.11353931555555555,11.353931555555555,9.500870833333334,0.061575,6.1575
11.4%,0.11353931555555555,11.353931555555555,BPA2014,BPA,-120.0,-0.5,True,9.50463125,0.11353931555555555,11.353931555555555,9.4931625,0.061516666666666664,6.151666666666666
11.4%,0.11353931555555555,11.353931555555555,BPA2014,BPA,-96.0,-0.4,True,9.50463125,0.11353931555555555,11.353931555555555,9.484958333333333,0.060795833333333334,6.079583333333334
11.4%,0.11353931555555555,11.353931555555555,BPA2014,BPA,-72.0,-0.3,True,9.50463125,0.11353931555555555,11.353931555555555,9.477504166666666,0.0607125,6.07125
11.4%,0.11353931555555555,11.353931555555555,BPA2014,BPA,-48.0,-0.2,True,9.50463125,0.11353931555555555,11.353931555555555,9.466725,0.061924999999999994,6.192499999999999
11.4%,0.11353931555555555,11.353931555555555,BPA2014,BPA,-24.0,-0.1,True,9.50463125,0.11353931555555555,11.353931555555555,9.468233333333334,0.06235416666666667,6.235416666666667
11.4%,0.11353931555555555,11.353931555555555,BPA2014,BPA,0.0,0.0,True,9.50463125,0.11353931555555555,11.353931555555555,9.479191666666667,0.06285833333333334,6.285833333333334
11.4%,0.11353931555555555,11.353931555555555,BPA2014,BPA,24.0,0.1,True,9.504631249999997,0.11353931555555555,11.353931555555555,9.4898,0.06325416666666667,6.3254166666666665
11.4%,0.11353931555555555,11.353931555555555,BPA2014,BPA,48.0,0.2,True,9.50463124999999,0.11353931555555555,11.353931555555555,9.5025,0.063425,6.342499999999999
11.4%,0.11353931555555555,11.353931555555555,BPA2014,BPA,72.0,0.3,True,9.504631249999946,0.11353931555555555,11.353931555555555,9.5124375,0.0633,6.329999999999999
11.4%,0.11353931555555555,11.353931555555555,BPA2014,BPA,96.0,0.4,True,9.50463124999967,0.11353931555555555,11.353931555555555,9.529116666666667,0.06318750000000001,6.3187500000000005
11.4%,0.11353931555555555,11.353931555555555,BPA2014,BPA,120.0,0.5,True,9.504631249998098,0.11353931555555555,11.353931555555555,9.541683333333333,0.06333333333333334,6.333333333333334
11.4%,0.11353931555555555,11.353931555555555,BPA2014,BPA,144.0,0.6,False,9.504631249989576,0.11353931555555555,11.353931555555555,9.551766666666667,0.06339166666666667,6.339166666666666
11.4%,0.11353931555555555,11.353931555555555,BPA2014,BPA,168.0,0.7,False,9.504631249945772,0.11353931555555555,11.353931555555555,9.563825,0.0641375,6.41375
11.4%,0.11353931555555555,11.353931555555555,BPA2014,BPA,192.0,0.8,False,9.504631249732514,0.11353931555555555,11.353931555555555,9.578729166666665,0.06456666666666666,6.456666666666666
11.4%,0.11353931555555555,11.353931555555555,BPA2014,BPA,216.0,0.9,False,9.504631248748936,0.11353931555555555,11.353931555555555,9.598324999999999,0.064325,6.432499999999999
11.4%,0.11353931555555555,11.353931555555555,BPA2014,BPA,240.0,1.0,False,9.504631244451737,0.11353931555555555,11.353931555555555,9.614283333333333,0.06465,6.465
11.4%,0.11353931555555555,11.353931555555555,BPA2014,BPA,264.0,1.1,False,9.504631226669085,0.11353931555555555,11.353931555555555,9.629591666666666,0.06487083333333332,6.487083333333333
11.4%,0.11353931555555555,11.353931555555555,BPA2014,BPA,288.0,1.2,False,9.504631156974131,0.11353931555555555,11.353931555555555,9.646229166666666,0.06504166666666666,6.504166666666666
11.4%,0.11353931555555555,11.353931555555555,BPA2014,BPA,312.0,1.3,False,9.504630898299542,0.11353931555555555,11.353931555555555,9.660554166666667,0.06515833333333333,6.515833333333333
11.4%,0.11353931555555555,11.353931555555555,BPA2014,BPA,336.0,1.4,False,9.504629989219842,0.11353931555555555,11.353931555555555,9.668187500000002,0.06537916666666667,6.537916666666667
11.4%,0.11353931555555555,11.353931555555555,BPA2014,BPA,360.0,1.5,False,9.504626964484896,0.11353931555555555,11.353931555555555,9.676920833333334,0.06509166666666666,6.509166666666665
11.4%,0.11353931555555555,11.353931555555555,NPA2016,NPA,-360.0,-1.5,False,9.50463125,0.11353931555555555,11.353931555555555,9.5561375,0.06622499999999999,6.6225
11.4%,0.11353931555555555,11.353931555555555,NPA2016,NPA,-336.0,-1.4,False,9.50463125,0.11353931555555555,11.353931555555555,9.544583333333334,0.06564166666666667,6.564166666666667
11.4%,0.11353931555555555,11.353931555555555,NPA2016,NPA,-312.0,-1.3,False,9.50463125,0.11353931555555555,11.353931555555555,9.537,0.06584166666666666,6.584166666666666
11.4%,0.11353931555555555,11.353931555555555,NPA2016,NPA,-288.0,-1.2,False,9.50463125,0.11353931555555555,11.353931555555555,9.536170833333333,0.066025,6.6025
11.4%,0.11353931555555555,11.353931555555555,NPA2016,NPA,-264.0,-1.1,False,9.50463125,0.11353931555555555,11.353931555555555,9.536595833333333,0.0656625,6.56625
11.4%,0.11353931555555555,11.353931555555555,NPA2016,NPA,-240.0,-1.0,False,9.50463125,0.11353931555555555,11.353931555555555,9.535829166666666,0.06449583333333334,6.449583333333334
11.4%,0.11353931555555555,11.353931555555555,NPA2016,NPA,-216.0,-0.9,False,9.50463125,0.11353931555555555,11.353931555555555,9.533254166666666,0.0630875,6.308750000000001
11.4%,0.11353931555555555,11.353931555555555,NPA2016,NPA,-192.0,-0.8,False,9.50463125,0.11353931555555555,11.353931555555555,9.527916666666666,0.0619625,6.19625
11.4%,0.11353931555555555,11.353931555555555,NPA2016,NPA,-168.0,-0.7,False,9.50463125,0.11353931555555555,11.353931555555555,9.5134,0.06199166666666667,6.199166666666667
11.4%,0.11353931555555555,11.353931555555555,NPA2016,NPA,-144.0,-0.6,False,9.50463125,0.11353931555555555,11.353931555555555,9.500870833333334,0.061575,6.1575
11.4%,0.11353931555555555,11.353931555555555,NPA2016,NPA,-120.0,-0.5,True,9.504631249999996,0.11353931555555555,11.353931555555555,9.4931625,0.061516666666666664,6.151666666666666
11.4%,0.11353931555555555,11.353931555555555,NPA2016,NPA,-96.0,-0.4,True,9.504631249999983,0.11353931555555555,11.353931555555555,9.484958333333333,0.060795833333333334,6.079583333333334
11.4%,0.11353931555555555,11.353931555555555,NPA2016,NPA,-72.0,-0.3,True,9.504631249999926,0.11353931555555555,11.353931555555555,9.477504166666666,0.0607125,6.07125
11.4%,0.11353931555555555,11.353931555555555,NPA2016,NPA,-48.0,-0.2,True,9.504631249999667,0.11353931555555555,11.353931555555555,9.466725,0.061924999999999994,6.192499999999999
11.4%,0.11353931555555555,11.353931555555555,NPA2016,NPA,-24.0,-0.1,True,9.504631249998551,0.11353931555555555,11.353931555555555,9.468233333333334,0.06235416666666667,6.235416666666667
11.4%,0.11353931555555555,11.353931555555555,NPA2016,NPA,0.0,0.0,True,9.504631249993924,0.11353931555555555,11.353931555555555,9.479191666666667,0.06285833333333334,6.285833333333334
11.4%,0.11353931555555555,11.353931555555555,NPA2016,NPA,24.0,0.1,True,9.504631249975475,0.11353931555555555,11.353931555555555,9.4898,0.06325416666666667,6.3254166666666665
11.4%,0.11353931555555555,11.353931555555555,NPA2016,NPA,48.0,0.2,True,9.50463124990457,0.11353931555555555,11.353931555555555,9.5025,0.063425,6.342499999999999
11.4%,0.11353931555555555,11.353931555555555,NPA2016,NPA,72.0,0.3,True,9.50463124964271,0.11353931555555555,11.353931555555555,9.5124375,0.0633,6.329999999999999
11.4%,0.11353931555555555,11.353931555555555,NPA2016,NPA,96.0,0.4,True,9.504631248711126,0.11353931555555555,11.353931555555555,9.529116666666667,0.06318750000000001,6.3187500000000005
11.4%,0.11353931555555555,11.353931555555555,NPA2016,NPA,120.0,0.5,True,9.504631245523887,0.11353931555555555,11.353931555555555,9.541683333333333,0.06333333333333334,6.333333333333334
11.4%,0.11353931555555555,11.353931555555555,NPA2016,NPA,144.0,0.6,False,9.504631235031923,0.11353931555555555,11.353931555555555,9.551766666666667,0.06339166666666667,6.339166666666666
11.4%,0.11353931555555555,11.353931555555555,NPA2016,NPA,168.0,0.7,False,9.504631201784203,0.11353931555555555,11.353931555555555,9.563825,0.0641375,6.41375
11.4%,0.11353931555555555,11.353931555555555,NPA2016,NPA,192.0,0.8,False,9.504631100524513,0.11353931555555555,11.353931555555555,9.578729166666665,0.06456666666666666,6.456666666666666
11.4%,0.11353931555555555,11.353931555555555,NPA2016,NPA,216.0,0.9,False,9.504630803420321,0.11353931555555555,11.353931555555555,9.598324999999999,0.064325,6.432499999999999
11.4%,0.11353931555555555,11.353931555555555,NPA2016,NPA,240.0,1.0,False,9.504629965873187,0.11353931555555555,11.353931555555555,9.614283333333333,0.06465,6.465
11.4%,0.11353931555555555,11.353931555555555,NPA2016,NPA,264.0,1.1,False,9.504627693335731,0.11353931555555555,11.353931555555555,9.629591666666666,0.06487083333333332,6.487083333333333
11.4%,0.11353931555555555,11.353931555555555,NPA2016,NPA,288.0,1.2,False,9.504621764513452,0.11353931555555555,11.353931555555555,9.646229166666666,0.06504166666666666,6.504166666666666
11.4%,0.11353931555555555,11.353931555555555,NPA2016,NPA,312.0,1.3,False,9.504606892499753,0.11353931555555555,11.353931555555555,9.660554166666667,0.06515833333333333,6.515833333333333
11.4%,0.11353931555555555,11.353931555555555,NPA2016,NPA,336.0,1.4,False,9.50457100261789,0.11353931555555555,11.353931555555555,9.668187500000002,0.06537916666666667,6.537916666666667
11.4%,0.11353931555555555,11.353931555555555,NPA2016,NPA,360.0,1.5,False,9.50448779789749,0.11353931555555555,11.353931555555555,9.676920833333334,0.06509166666666666,6.509166666666665
11.4%,0.11353931555555555,11.353931555555555,Nygaard2022,"TurbOPark, A=0.04",-360.0,-1.5,False,9.50463125,0.11353931555555555,11.353931555555555,9.5561375,0.06622499999999999,6.6225
11.4%,0.11353931555555555,11.353931555555555,Nygaard2022,"TurbOPark, A=0.04",-336.0,-1.4,False,9.50463125,0.11353931555555555,11.353931555555555,9.544583333333334,0.06564166666666667,6.564166666666667
11.4%,0.11353931555555555,11.353931555555555,Nygaard2022,"TurbOPark, A=0.04",-312.0,-1.3,False,9.50463125,0.11353931555555555,11.353931555555555,9.537,0.06584166666666666,6.584166666666666
11.4%,0.11353931555555555,11.353931555555555,Nygaard2022,"TurbOPark, A=0.04",-288.0,-1.2,False,9.50463125,0.11353931555555555,11.353931555555555,9.536170833333333,0.066025,6.6025
11.4%,0.11353931555555555,11.353931555555555,Nygaard2022,"TurbOPark, A=0.04",-264.0,-1.1,False,9.50463125,0.11353931555555555,11.353931555555555,9.536595833333333,0.0656625,6.56625
11.4%,0.11353931555555555,11.353931555555555,Nygaard2022,"TurbOPark, A=0.04",-240.0,-1.0,False,9.50463125,0.11353931555555555,11.353931555555555,9.535829166666666,0.06449583333333334,6.449583333333334
11.4%,0.11353931555555555,11.353931555555555,Nygaard2022,"TurbOPark, A=0.04",-216.0,-0.9,False,9.50463125,0.11353931555555555,11.353931555555555,9.533254166666666,0.0630875,6.308750000000001
11.4%,0.11353931555555555,11.353931555555555,Nygaard2022,"TurbOPark, A=0.04",-192.0,-0.8,False,9.50463125,0.11353931555555555,11.353931555555555,9.527916666666666,0.0619625,6.19625
11.4%,0.11353931555555555,11.353931555555555,Nygaard2022,"TurbOPark, A=0.04",-168.0,-0.7,False,9.50463125,0.11353931555555555,11.353931555555555,9.5134,0.06199166666666667,6.199166666666667
11.4%,0.11353931555555555,11.353931555555555,Nygaard2022,"TurbOPark, A=0.04",-144.0,-0.6,False,9.50463125,0.11353931555555555,11.353931555555555,9.500870833333334,0.061575,6.1575
11.4%,0.11353931555555555,11.353931555555555,Nygaard2022,"TurbOPark, A=0.04",-120.0,-0.5,True,9.50463125,0.11353931555555555,11.353931555555555,9.4931625,0.061516666666666664,6.151666666666666
11.4%,0.11353931555555555,11.353931555555555,Nygaard2022,"TurbOPark, A=0.04",-96.0,-0.4,True,9.50463125,0.11353931555555555,11.353931555555555,9.484958333333333,0.060795833333333334,6.079583333333334
11.4%,0.11353931555555555,11.353931555555555,Nygaard2022,"TurbOPark, A=0.04",-72.0,-0.3,True,9.50463125,0.11353931555555555,11.353931555555555,9.477504166666666,0.0607125,6.07125
11.4%,0.11353931555555555,11.353931555555555,Nygaard2022,"TurbOPark, A=0.04",-48.0,-0.2,True,9.50463125,0.11353931555555555,11.353931555555555,9.466725,0.061924999999999994,6.192499999999999
11.4%,0.11353931555555555,11.353931555555555,Nygaard2022,"TurbOPark, A=0.04",-24.0,-0.1,True,9.50463125,0.11353931555555555,11.353931555555555,9.468233333333334,0.06235416666666667,6.235416666666667
11.4%,0.11353931555555555,11.353931555555555,Nygaard2022,"TurbOPark, A=0.04",0.0,0.0,True,9.50463125,0.11353931555555555,11.353931555555555,9.479191666666667,0.06285833333333334,6.285833333333334
11.4%,0.11353931555555555,11.353931555555555,Nygaard2022,"TurbOPark, A=0.04",24.0,0.1,True,9.50463125,0.11353931555555555,11.353931555555555,9.4898,0.06325416666666667,6.3254166666666665
11.4%,0.11353931555555555,11.353931555555555,Nygaard2022,"TurbOPark, A=0.04",48.0,0.2,True,9.50463125,0.11353931555555555,11.353931555555555,9.5025,0.063425,6.342499999999999
11.4%,0.11353931555555555,11.353931555555555,Nygaard2022,"TurbOPark, A=0.04",72.0,0.3,True,9.50463125,0.11353931555555555,11.353931555555555,9.5124375,0.0633,6.329999999999999
11.4%,0.11353931555555555,11.353931555555555,Nygaard2022,"TurbOPark, A=0.04",96.0,0.4,True,9.50463125,0.11353931555555555,11.353931555555555,9.529116666666667,0.06318750000000001,6.3187500000000005
11.4%,0.11353931555555555,11.353931555555555,Nygaard2022,"TurbOPark, A=0.04",120.0,0.5,True,9.504631249999996,0.11353931555555555,11.353931555555555,9.541683333333333,0.06333333333333334,6.333333333333334
11.4%,0.11353931555555555,11.353931555555555,Nygaard2022,"TurbOPark, A=0.04",144.0,0.6,False,9.504631249999974,0.11353931555555555,11.353931555555555,9.551766666666667,0.06339166666666667,6.339166666666666
11.4%,0.11353931555555555,11.353931555555555,Nygaard2022,"TurbOPark, A=0.04",168.0,0.7,False,9.504631249999811,0.11353931555555555,11.353931555555555,9.563825,0.0641375,6.41375
11.4%,0.11353931555555555,11.353931555555555,Nygaard2022,"TurbOPark, A=0.04",192.0,0.8,False,9.504631249998635,0.11353931555555555,11.353931555555555,9.578729166666665,0.06456666666666666,6.456666666666666
11.4%,0.11353931555555555,11.353931555555555,Nygaard2022,"TurbOPark, A=0.04",216.0,0.9,False,9.504631249990764,0.11353931555555555,11.353931555555555,9.598324999999999,0.064325,6.432499999999999
11.4%,0.11353931555555555,11.353931555555555,Nygaard2022,"TurbOPark, A=0.04",240.0,1.0,False,9.504631249941404,0.11353931555555555,11.353931555555555,9.614283333333333,0.06465,6.465
11.4%,0.11353931555555555,11.353931555555555,Nygaard2022,"TurbOPark, A=0.04",264.0,1.1,False,9.504631249652162,0.11353931555555555,11.353931555555555,9.629591666666666,0.06487083333333332,6.487083333333333
11.4%,0.11353931555555555,11.353931555555555,Nygaard2022,"TurbOPark, A=0.04",288.0,1.2,False,9.504631248067756,0.11353931555555555,11.353931555555555,9.646229166666666,0.06504166666666666,6.504166666666666
11.4%,0.11353931555555555,11.353931555555555,Nygaard2022,"TurbOPark, A=0.04",312.0,1.3,False,9.504631239945075,0.11353931555555555,11.353931555555555,9.660554166666667,0.06515833333333333,6.515833333333333
11.4%,0.11353931555555555,11.353931555555555,Nygaard2022,"TurbOPark, A=0.04",336.0,1.4,False,9.504631201024694,0.11353931555555555,11.353931555555555,9.668187500000002,0.06537916666666667,6.537916666666667
11.4%,0.11353931555555555,11.353931555555555,Nygaard2022,"TurbOPark, A=0.04",360.0,1.5,False,9.504631026756977,0.11353931555555555,11.353931555555555,9.676920833333334,0.06509166666666666,6.509166666666665
11.4%,0.11353931555555555,11.353931555555555,Nygaard2022_A0.06,"TurbOPark, A=0.06",-360.0,-1.5,False,9.50463125,0.11353931555555555,11.353931555555555,9.5561375,0.06622499999999999,6.6225
11.4%,0.11353931555555555,11.353931555555555,Nygaard2022_A0.06,"TurbOPark, A=0.06",-336.0,-1.4,False,9.50463125,0.11353931555555555,11.353931555555555,9.544583333333334,0.06564166666666667,6.564166666666667
11.4%,0.11353931555555555,11.353931555555555,Nygaard2022_A0.06,"TurbOPark, A=0.06",-312.0,-1.3,False,9.50463125,0.11353931555555555,11.353931555555555,9.537,0.06584166666666666,6.584166666666666
11.4%,0.11353931555555555,11.353931555555555,Nygaard2022_A0.06,"TurbOPark, A=0.06",-288.0,-1.2,False,9.50463125,0.11353931555555555,11.353931555555555,9.536170833333333,0.066025,6.6025
11.4%,0.11353931555555555,11.353931555555555,Nygaard2022_A0.06,"TurbOPark, A=0.06",-264.0,-1.1,False,9.50463125,0.11353931555555555,11.353931555555555,9.536595833333333,0.0656625,6.56625
11.4%,0.11353931555555555,11.353931555555555,Nygaard2022_A0.06,"TurbOPark, A=0.06",-240.0,-1.0,False,9.50463125,0.11353931555555555,11.353931555555555,9.535829166666666,0.06449583333333334,6.449583333333334
11.4%,0.11353931555555555,11.353931555555555,Nygaard2022_A0.06,"TurbOPark, A=0.06",-216.0,-0.9,False,9.50463125,0.11353931555555555,11.353931555555555,9.533254166666666,0.0630875,6.308750000000001
11.4%,0.11353931555555555,11.353931555555555,Nygaard2022_A0.06,"TurbOPark, A=0.06",-192.0,-0.8,False,9.50463125,0.11353931555555555,11.353931555555555,9.527916666666666,0.0619625,6.19625
11.4%,0.11353931555555555,11.353931555555555,Nygaard2022_A0.06,"TurbOPark, A=0.06",-168.0,-0.7,False,9.50463125,0.11353931555555555,11.353931555555555,9.5134,0.06199166666666667,6.199166666666667
11.4%,0.11353931555555555,11.353931555555555,Nygaard2022_A0.06,"TurbOPark, A=0.06",-144.0,-0.6,False,9.50463125,0.11353931555555555,11.353931555555555,9.500870833333334,0.061575,6.1575
11.4%,0.11353931555555555,11.353931555555555,Nygaard2022_A0.06,"TurbOPark, A=0.06",-120.0,-0.5,True,9.50463125,0.11353931555555555,11.353931555555555,9.4931625,0.061516666666666664,6.151666666666666
11.4%,0.11353931555555555,11.353931555555555,Nygaard2022_A0.06,"TurbOPark, A=0.06",-96.0,-0.4,True,9.50463125,0.11353931555555555,11.353931555555555,9.484958333333333,0.060795833333333334,6.079583333333334
11.4%,0.11353931555555555,11.353931555555555,Nygaard2022_A0.06,"TurbOPark, A=0.06",-72.0,-0.3,True,9.50463125,0.11353931555555555,11.353931555555555,9.477504166666666,0.0607125,6.07125
11.4%,0.11353931555555555,11.353931555555555,Nygaard2022_A0.06,"TurbOPark, A=0.06",-48.0,-0.2,True,9.50463125,0.11353931555555555,11.353931555555555,9.466725,0.061924999999999994,6.192499999999999
11.4%,0.11353931555555555,11.353931555555555,Nygaard2022_A0.06,"TurbOPark, A=0.06",-24.0,-0.1,True,9.50463125,0.11353931555555555,11.353931555555555,9.468233333333334,0.06235416666666667,6.235416666666667
11.4%,0.11353931555555555,11.353931555555555,Nygaard2022_A0.06,"TurbOPark, A=0.06",0.0,0.0,True,9.50463125,0.11353931555555555,11.353931555555555,9.479191666666667,0.06285833333333334,6.285833333333334
11.4%,0.11353931555555555,11.353931555555555,Nygaard2022_A0.06,"TurbOPark, A=0.06",24.0,0.1,True,9.50463125,0.11353931555555555,11.353931555555555,9.4898,0.06325416666666667,6.3254166666666665
11.4%,0.11353931555555555,11.353931555555555,Nygaard2022_A0.06,"TurbOPark, A=0.06",48.0,0.2,True,9.504631249999997,0.11353931555555555,11.353931555555555,9.5025,0.063425,6.342499999999999
11.4%,0.11353931555555555,11.353931555555555,Nygaard2022_A0.06,"TurbOPark, A=0.06",72.0,0.3,True,9.504631249999985,0.11353931555555555,11.353931555555555,9.5124375,0.0633,6.329999999999999
11.4%,0.11353931555555555,11.353931555555555,Nygaard2022_A0.06,"TurbOPark, A=0.06",96.0,0.4,True,9.504631249999903,0.11353931555555555,11.353931555555555,9.529116666666667,0.06318750000000001,6.3187500000000005
11.4%,0.11353931555555555,11.353931555555555,Nygaard2022_A0.06,"TurbOPark, A=0.06",120.0,0.5,True,9.504631249999402,0.11353931555555555,11.353931555555555,9.541683333333333,0.06333333333333334,6.333333333333334
11.4%,0.11353931555555555,11.353931555555555,Nygaard2022_A0.06,"TurbOPark, A=0.06",144.0,0.6,False,9.50463124999648,0.11353931555555555,11.353931555555555,9.551766666666667,0.06339166666666667,6.339166666666666
11.4%,0.11353931555555555,11.353931555555555,Nygaard2022_A0.06,"TurbOPark, A=0.06",168.0,0.7,False,9.50463124998033,0.11353931555555555,11.353931555555555,9.563825,0.0641375,6.41375
11.4%,0.11353931555555555,11.353931555555555,Nygaard2022_A0.06,"TurbOPark, A=0.06",192.0,0.8,False,9.504631249896109,0.11353931555555555,11.353931555555555,9.578729166666665,0.06456666666666666,6.456666666666666
11.4%,0.11353931555555555,11.353931555555555,Nygaard2022_A0.06,"TurbOPark, A=0.06",216.0,0.9,False,9.50463124948049,0.11353931555555555,11.353931555555555,9.598324999999999,0.064325,6.432499999999999
11.4%,0.11353931555555555,11.353931555555555,Nygaard2022_A0.06,"TurbOPark, A=0.06",240.0,1.0,False,9.504631247543607,0.11353931555555555,11.353931555555555,9.614283333333333,0.06465,6.465
11.4%,0.11353931555555555,11.353931555555555,Nygaard2022_A0.06,"TurbOPark, A=0.06",264.0,1.1,False,9.504631239010239,0.11353931555555555,11.353931555555555,9.629591666666666,0.06487083333333332,6.487083333333333
11.4%,0.11353931555555555,11.353931555555555,Nygaard2022_A0.06,"TurbOPark, A=0.06",288.0,1.2,False,9.504631203486095,0.11353931555555555,11.353931555555555,9.646229166666666,0.06504166666666666,6.504166666666666
11.4%,0.11353931555555555,11.353931555555555,Nygaard2022_A0.06,"TurbOPark, A=0.06",312.0,1.3,False,9.5046310637992,0.11353931555555555,11.353931555555555,9.660554166666667,0.06515833333333333,6.515833333333333
11.4%,0.11353931555555555,11.353931555555555,Nygaard2022_A0.06,"TurbOPark, A=0.06",336.0,1.4,False,9.504630544588506,0.11353931555555555,11.353931555555555,9.668187500000002,0.06537916666666667,6.537916666666667
11.4%,0.11353931555555555,11.353931555555555,Nygaard2022_A0.06,"TurbOPark, A=0.06",360.0,1.5,False,9.50462872314143,0.11353931555555555,11.353931555555555,9.676920833333334,0.06509166666666666,6.509166666666665
12.0%,0.11970673,11.970673,BPA2014,BPA,-360.0,-1.5,False,9.50463125,0.11970673,11.970673,9.5561375,0.06622499999999999,6.6225
12.0%,0.11970673,11.970673,BPA2014,BPA,-336.0,-1.4,False,9.50463125,0.11970673,11.970673,9.544583333333334,0.06564166666666667,6.564166666666667
12.0%,0.11970673,11.970673,BPA2014,BPA,-312.0,-1.3,False,9.50463125,0.11970673,11.970673,9.537,0.06584166666666666,6.584166666666666
12.0%,0.11970673,11.970673,BPA2014,BPA,-288.0,-1.2,False,9.50463125,0.11970673,11.970673,9.536170833333333,0.066025,6.6025
12.0%,0.11970673,11.970673,BPA2014,BPA,-264.0,-1.1,False,9.50463125,0.11970673,11.970673,9.536595833333333,0.0656625,6.56625
12.0%,0.11970673,11.970673,BPA2014,BPA,-240.0,-1.0,False,9.50463125,0.11970673,11.970673,9.535829166666666,0.06449583333333334,6.449583333333334
12.0%,0.11970673,11.970673,BPA2014,BPA,-216.0,-0.9,False,9.50463125,0.11970673,11.970673,9.533254166666666,0.0630875,6.308750000000001
12.0%,0.11970673,11.970673,BPA2014,BPA,-192.0,-0.8,False,9.50463125,0.11970673,11.970673,9.527916666666666,0.0619625,6.19625
12.0%,0.11970673,11.970673,BPA2014,BPA,-168.0,-0.7,False,9.50463125,0.11970673,11.970673,9.5134,0.06199166666666667,6.199166666666667
12.0%,0.11970673,11.970673,BPA2014,BPA,-144.0,-0.6,False,9.50463125,0.11970673,11.970673,9.500870833333334,0.061575,6.1575
12.0%,0.11970673,11.970673,BPA2014,BPA,-120.0,-0.5,True,9.50463125,0.11970673,11.970673,9.4931625,0.061516666666666664,6.151666666666666
12.0%,0.11970673,11.970673,BPA2014,BPA,-96.0,-0.4,True,9.50463125,0.11970673,11.970673,9.484958333333333,0.060795833333333334,6.079583333333334
12.0%,0.11970673,11.970673,BPA2014,BPA,-72.0,-0.3,True,9.50463125,0.11970673,11.970673,9.477504166666666,0.0607125,6.07125
12.0%,0.11970673,11.970673,BPA2014,BPA,-48.0,-0.2,True,9.50463125,0.11970673,11.970673,9.466725,0.061924999999999994,6.192499999999999
12.0%,0.11970673,11.970673,BPA2014,BPA,-24.0,-0.1,True,9.50463125,0.11970673,11.970673,9.468233333333334,0.06235416666666667,6.235416666666667
12.0%,0.11970673,11.970673,BPA2014,BPA,0.0,0.0,True,9.50463125,0.11970673,11.970673,9.479191666666667,0.06285833333333334,6.285833333333334
12.0%,0.11970673,11.970673,BPA2014,BPA,24.0,0.1,True,9.504631249999997,0.11970673,11.970673,9.4898,0.06325416666666667,6.3254166666666665
12.0%,0.11970673,11.970673,BPA2014,BPA,48.0,0.2,True,9.50463124999999,0.11970673,11.970673,9.5025,0.063425,6.342499999999999
12.0%,0.11970673,11.970673,BPA2014,BPA,72.0,0.3,True,9.504631249999946,0.11970673,11.970673,9.5124375,0.0633,6.329999999999999
12.0%,0.11970673,11.970673,BPA2014,BPA,96.0,0.4,True,9.50463124999967,0.11970673,11.970673,9.529116666666667,0.06318750000000001,6.3187500000000005
12.0%,0.11970673,11.970673,BPA2014,BPA,120.0,0.5,True,9.504631249998098,0.11970673,11.970673,9.541683333333333,0.06333333333333334,6.333333333333334
12.0%,0.11970673,11.970673,BPA2014,BPA,144.0,0.6,False,9.504631249989576,0.11970673,11.970673,9.551766666666667,0.06339166666666667,6.339166666666666
12.0%,0.11970673,11.970673,BPA2014,BPA,168.0,0.7,False,9.504631249945772,0.11970673,11.970673,9.563825,0.0641375,6.41375
12.0%,0.11970673,11.970673,BPA2014,BPA,192.0,0.8,False,9.504631249732514,0.11970673,11.970673,9.578729166666665,0.06456666666666666,6.456666666666666
12.0%,0.11970673,11.970673,BPA2014,BPA,216.0,0.9,False,9.504631248748936,0.11970673,11.970673,9.598324999999999,0.064325,6.432499999999999
12.0%,0.11970673,11.970673,BPA2014,BPA,240.0,1.0,False,9.504631244451737,0.11970673,11.970673,9.614283333333333,0.06465,6.465
12.0%,0.11970673,11.970673,BPA2014,BPA,264.0,1.1,False,9.504631226669085,0.11970673,11.970673,9.629591666666666,0.06487083333333332,6.487083333333333
12.0%,0.11970673,11.970673,BPA2014,BPA,288.0,1.2,False,9.504631156974131,0.11970673,11.970673,9.646229166666666,0.06504166666666666,6.504166666666666
12.0%,0.11970673,11.970673,BPA2014,BPA,312.0,1.3,False,9.504630898299542,0.11970673,11.970673,9.660554166666667,0.06515833333333333,6.515833333333333
12.0%,0.11970673,11.970673,BPA2014,BPA,336.0,1.4,False,9.504629989219842,0.11970673,11.970673,9.668187500000002,0.06537916666666667,6.537916666666667
12.0%,0.11970673,11.970673,BPA2014,BPA,360.0,1.5,False,9.504626964484896,0.11970673,11.970673,9.676920833333334,0.06509166666666666,6.509166666666665
12.0%,0.11970673,11.970673,NPA2016,NPA,-360.0,-1.5,False,9.50463125,0.11970673,11.970673,9.5561375,0.06622499999999999,6.6225
12.0%,0.11970673,11.970673,NPA2016,NPA,-336.0,-1.4,False,9.50463125,0.11970673,11.970673,9.544583333333334,0.06564166666666667,6.564166666666667
12.0%,0.11970673,11.970673,NPA2016,NPA,-312.0,-1.3,False,9.50463125,0.11970673,11.970673,9.537,0.06584166666666666,6.584166666666666
12.0%,0.11970673,11.970673,NPA2016,NPA,-288.0,-1.2,False,9.50463125,0.11970673,11.970673,9.536170833333333,0.066025,6.6025
12.0%,0.11970673,11.970673,NPA2016,NPA,-264.0,-1.1,False,9.50463125,0.11970673,11.970673,9.536595833333333,0.0656625,6.56625
12.0%,0.11970673,11.970673,NPA2016,NPA,-240.0,-1.0,False,9.50463125,0.11970673,11.970673,9.535829166666666,0.06449583333333334,6.449583333333334
12.0%,0.11970673,11.970673,NPA2016,NPA,-216.0,-0.9,False,9.50463125,0.11970673,11.970673,9.533254166666666,0.0630875,6.308750000000001
12.0%,0.11970673,11.970673,NPA2016,NPA,-192.0,-0.8,False,9.50463125,0.11970673,11.970673,9.527916666666666,0.0619625,6.19625
12.0%,0.11970673,11.970673,NPA2016,NPA,-168.0,-0.7,False,9.50463125,0.11970673,11.970673,9.5134,0.06199166666666667,6.199166666666667
12.0%,0.11970673,11.970673,NPA2016,NPA,-144.0,-0.6,False,9.504631249999996,0.11970673,11.970673,9.500870833333334,0.061575,6.1575
12.0%,0.11970673,11.970673,NPA2016,NPA,-120.0,-0.5,True,9.504631249999983,0.11970673,11.970673,9.4931625,0.061516666666666664,6.151666666666666
12.0%,0.11970673,11.970673,NPA2016,NPA,-96.0,-0.4,True,9.504631249999928,0.11970673,11.970673,9.484958333333333,0.060795833333333334,6.079583333333334
12.0%,0.11970673,11.970673,NPA2016,NPA,-72.0,-0.3,True,9.504631249999687,0.11970673,11.970673,9.477504166666666,0.0607125,6.07125
12.0%,0.11970673,11.970673,NPA2016,NPA,-48.0,-0.2,True,9.504631249998683,0.11970673,11.970673,9.466725,0.061924999999999994,6.192499999999999
12.0%,0.11970673,11.970673,NPA2016,NPA,-24.0,-0.1,True,9.504631249994661,0.11970673,11.970673,9.468233333333334,0.06235416666666667,6.235416666666667
12.0%,0.11970673,11.970673,NPA2016,NPA,0.0,0.0,True,9.504631249979118,0.11970673,11.970673,9.479191666666667,0.06285833333333334,6.285833333333334
12.0%,0.11970673,11.970673,NPA2016,NPA,24.0,0.1,True,9.504631249921202,0.11970673,11.970673,9.4898,0.06325416666666667,6.3254166666666665
12.0%,0.11970673,11.970673,NPA2016,NPA,48.0,0.2,True,9.504631249713148,0.11970673,11.970673,9.5025,0.063425,6.342499999999999
12.0%,0.11970673,11.970673,NPA2016,NPA,72.0,0.3,True,9.504631248992574,0.11970673,11.970673,9.5124375,0.0633,6.329999999999999
12.0%,0.11970673,11.970673,NPA2016,NPA,96.0,0.4,True,9.504631246586689,0.11970673,11.970673,9.529116666666667,0.06318750000000001,6.3187500000000005
12.0%,0.11970673,11.970673,NPA2016,NPA,120.0,0.5,True,9.50463123884298,0.11970673,11.970673,9.541683333333333,0.06333333333333334,6.333333333333334
12.0%,0.11970673,11.970673,NPA2016,NPA,144.0,0.6,False,9.504631214817215,0.11970673,11.970673,9.551766666666667,0.06339166666666667,6.339166666666666
12.0%,0.11970673,11.970673,NPA2016,NPA,168.0,0.7,False,9.504631142965657,0.11970673,11.970673,9.563825,0.0641375,6.41375
12.0%,0.11970673,11.970673,NPA2016,NPA,192.0,0.8,False,9.504630935857058,0.11970673,11.970673,9.578729166666665,0.06456666666666666,6.456666666666666
12.0%,0.11970673,11.970673,NPA2016,NPA,216.0,0.9,False,9.504630360504414,0.11970673,11.970673,9.598324999999999,0.064325,6.432499999999999
12.0%,0.11970673,11.970673,NPA2016,NPA,240.0,1.0,False,9.504628820187211,0.11970673,11.970673,9.614283333333333,0.06465,6.465
12.0%,0.11970673,11.970673,NPA2016,NPA,264.0,1.1,False,9.5046248457447,0.11970673,11.970673,9.629591666666666,0.06487083333333332,6.487083333333333
12.0%,0.11970673,11.970673,NPA2016,NPA,288.0,1.2,False,9.50461496551067,0.11970673,11.970673,9.646229166666666,0.06504166666666666,6.504166666666666
12.0%,0.11970673,11.970673,NPA2016,NPA,312.0,1.3,False,9.504591302848212,0.11970673,11.970673,9.660554166666667,0.06515833333333333,6.515833333333333
12.0%,0.11970673,11.970673,NPA2016,NPA,336.0,1.4,False,9.50453671246041,0.11970673,11.970673,9.668187500000002,0.06537916666666667,6.537916666666667
12.0%,0.11970673,11.970673,NPA2016,NPA,360.0,1.5,False,9.504415410707459,0.11970673,11.970673,9.676920833333334,0.06509166666666666,6.509166666666665
12.0%,0.11970673,11.970673,Nygaard2022,"TurbOPark, A=0.04",-360.0,-1.5,False,9.50463125,0.11970673,11.970673,9.5561375,0.06622499999999999,6.6225
12.0%,0.11970673,11.970673,Nygaard2022,"TurbOPark, A=0.04",-336.0,-1.4,False,9.50463125,0.11970673,11.970673,9.544583333333334,0.06564166666666667,6.564166666666667
12.0%,0.11970673,11.970673,Nygaard2022,"TurbOPark, A=0.04",-312.0,-1.3,False,9.50463125,0.11970673,11.970673,9.537,0.06584166666666666,6.584166666666666
12.0%,0.11970673,11.970673,Nygaard2022,"TurbOPark, A=0.04",-288.0,-1.2,False,9.50463125,0.11970673,11.970673,9.536170833333333,0.066025,6.6025
12.0%,0.11970673,11.970673,Nygaard2022,"TurbOPark, A=0.04",-264.0,-1.1,False,9.50463125,0.11970673,11.970673,9.536595833333333,0.0656625,6.56625
12.0%,0.11970673,11.970673,Nygaard2022,"TurbOPark, A=0.04",-240.0,-1.0,False,9.50463125,0.11970673,11.970673,9.535829166666666,0.06449583333333334,6.449583333333334
12.0%,0.11970673,11.970673,Nygaard2022,"TurbOPark, A=0.04",-216.0,-0.9,False,9.50463125,0.11970673,11.970673,9.533254166666666,0.0630875,6.308750000000001
12.0%,0.11970673,11.970673,Nygaard2022,"TurbOPark, A=0.04",-192.0,-0.8,False,9.50463125,0.11970673,11.970673,9.527916666666666,0.0619625,6.19625
12.0%,0.11970673,11.970673,Nygaard2022,"TurbOPark, A=0.04",-168.0,-0.7,False,9.50463125,0.11970673,11.970673,9.5134,0.06199166666666667,6.199166666666667
12.0%,0.11970673,11.970673,Nygaard2022,"TurbOPark, A=0.04",-144.0,-0.6,False,9.50463125,0.11970673,11.970673,9.500870833333334,0.061575,6.1575
12.0%,0.11970673,11.970673,Nygaard2022,"TurbOPark, A=0.04",-120.0,-0.5,True,9.50463125,0.11970673,11.970673,9.4931625,0.061516666666666664,6.151666666666666
12.0%,0.11970673,11.970673,Nygaard2022,"TurbOPark, A=0.04",-96.0,-0.4,True,9.50463125,0.11970673,11.970673,9.484958333333333,0.060795833333333334,6.079583333333334
12.0%,0.11970673,11.970673,Nygaard2022,"TurbOPark, A=0.04",-72.0,-0.3,True,9.50463125,0.11970673,11.970673,9.477504166666666,0.0607125,6.07125
12.0%,0.11970673,11.970673,Nygaard2022,"TurbOPark, A=0.04",-48.0,-0.2,True,9.50463125,0.11970673,11.970673,9.466725,0.061924999999999994,6.192499999999999
12.0%,0.11970673,11.970673,Nygaard2022,"TurbOPark, A=0.04",-24.0,-0.1,True,9.50463125,0.11970673,11.970673,9.468233333333334,0.06235416666666667,6.235416666666667
12.0%,0.11970673,11.970673,Nygaard2022,"TurbOPark, A=0.04",0.0,0.0,True,9.50463125,0.11970673,11.970673,9.479191666666667,0.06285833333333334,6.285833333333334
12.0%,0.11970673,11.970673,Nygaard2022,"TurbOPark, A=0.04",24.0,0.1,True,9.50463125,0.11970673,11.970673,9.4898,0.06325416666666667,6.3254166666666665
12.0%,0.11970673,11.970673,Nygaard2022,"TurbOPark, A=0.04",48.0,0.2,True,9.50463125,0.11970673,11.970673,9.5025,0.063425,6.342499999999999
12.0%,0.11970673,11.970673,Nygaard2022,"TurbOPark, A=0.04",72.0,0.3,True,9.50463125,0.11970673,11.970673,9.5124375,0.0633,6.329999999999999
12.0%,0.11970673,11.970673,Nygaard2022,"TurbOPark, A=0.04",96.0,0.4,True,9.50463125,0.11970673,11.970673,9.529116666666667,0.06318750000000001,6.3187500000000005
12.0%,0.11970673,11.970673,Nygaard2022,"TurbOPark, A=0.04",120.0,0.5,True,9.504631249999996,0.11970673,11.970673,9.541683333333333,0.06333333333333334,6.333333333333334
12.0%,0.11970673,11.970673,Nygaard2022,"TurbOPark, A=0.04",144.0,0.6,False,9.504631249999973,0.11970673,11.970673,9.551766666666667,0.06339166666666667,6.339166666666666
12.0%,0.11970673,11.970673,Nygaard2022,"TurbOPark, A=0.04",168.0,0.7,False,9.504631249999795,0.11970673,11.970673,9.563825,0.0641375,6.41375
12.0%,0.11970673,11.970673,Nygaard2022,"TurbOPark, A=0.04",192.0,0.8,False,9.504631249998525,0.11970673,11.970673,9.578729166666665,0.06456666666666666,6.456666666666666
12.0%,0.11970673,11.970673,Nygaard2022,"TurbOPark, A=0.04",216.0,0.9,False,9.504631249990073,0.11970673,11.970673,9.598324999999999,0.064325,6.432499999999999
12.0%,0.11970673,11.970673,Nygaard2022,"TurbOPark, A=0.04",240.0,1.0,False,9.504631249937361,0.11970673,11.970673,9.614283333333333,0.06465,6.465
12.0%,0.11970673,11.970673,Nygaard2022,"TurbOPark, A=0.04",264.0,1.1,False,9.504631249630036,0.11970673,11.970673,9.629591666666666,0.06487083333333332,6.487083333333333
12.0%,0.11970673,11.970673,Nygaard2022,"TurbOPark, A=0.04",288.0,1.2,False,9.504631247954961,0.11970673,11.970673,9.646229166666666,0.06504166666666666,6.504166666666666
12.0%,0.11970673,11.970673,Nygaard2022,"TurbOPark, A=0.04",312.0,1.3,False,9.504631239405693,0.11970673,11.970673,9.660554166666667,0.06515833333333333,6.515833333333333
12.0%,0.11970673,11.970673,Nygaard2022,"TurbOPark, A=0.04",336.0,1.4,False,9.504631198636046,0.11970673,11.970673,9.668187500000002,0.06537916666666667,6.537916666666667
12.0%,0.11970673,11.970673,Nygaard2022,"TurbOPark, A=0.04",360.0,1.5,False,9.504631016870512,0.11970673,11.970673,9.676920833333334,0.06509166666666666,6.509166666666665
12.0%,0.11970673,11.970673,Nygaard2022_A0.06,"TurbOPark, A=0.06",-360.0,-1.5,False,9.50463125,0.11970673,11.970673,9.5561375,0.06622499999999999,6.6225
12.0%,0.11970673,11.970673,Nygaard2022_A0.06,"TurbOPark, A=0.06",-336.0,-1.4,False,9.50463125,0.11970673,11.970673,9.544583333333334,0.06564166666666667,6.564166666666667
12.0%,0.11970673,11.970673,Nygaard2022_A0.06,"TurbOPark, A=0.06",-312.0,-1.3,False,9.50463125,0.11970673,11.970673,9.537,0.06584166666666666,6.584166666666666
12.0%,0.11970673,11.970673,Nygaard2022_A0.06,"TurbOPark, A=0.06",-288.0,-1.2,False,9.50463125,0.11970673,11.970673,9.536170833333333,0.066025,6.6025
12.0%,0.11970673,11.970673,Nygaard2022_A0.06,"TurbOPark, A=0.06",-264.0,-1.1,False,9.50463125,0.11970673,11.970673,9.536595833333333,0.0656625,6.56625
12.0%,0.11970673,11.970673,Nygaard2022_A0.06,"TurbOPark, A=0.06",-240.0,-1.0,False,9.50463125,0.11970673,11.970673,9.535829166666666,0.06449583333333334,6.449583333333334
12.0%,0.11970673,11.970673,Nygaard2022_A0.06,"TurbOPark, A=0.06",-216.0,-0.9,False,9.50463125,0.11970673,11.970673,9.533254166666666,0.0630875,6.308750000000001
12.0%,0.11970673,11.970673,Nygaard2022_A0.06,"TurbOPark, A=0.06",-192.0,-0.8,False,9.50463125,0.11970673,11.970673,9.527916666666666,0.0619625,6.19625
12.0%,0.11970673,11.970673,Nygaard2022_A0.06,"TurbOPark, A=0.06",-168.0,-0.7,False,9.50463125,0.11970673,11.970673,9.5134,0.06199166666666667,6.199166666666667
12.0%,0.11970673,11.970673,Nygaard2022_A0.06,"TurbOPark, A=0.06",-144.0,-0.6,False,9.50463125,0.11970673,11.970673,9.500870833333334,0.061575,6.1575
12.0%,0.11970673,11.970673,Nygaard2022_A0.06,"TurbOPark, A=0.06",-120.0,-0.5,True,9.50463125,0.11970673,11.970673,9.4931625,0.061516666666666664,6.151666666666666
12.0%,0.11970673,11.970673,Nygaard2022_A0.06,"TurbOPark, A=0.06",-96.0,-0.4,True,9.50463125,0.11970673,11.970673,9.484958333333333,0.060795833333333334,6.079583333333334
12.0%,0.11970673,11.970673,Nygaard2022_A0.06,"TurbOPark, A=0.06",-72.0,-0.3,True,9.50463125,0.11970673,11.970673,9.477504166666666,0.0607125,6.07125
12.0%,0.11970673,11.970673,Nygaard2022_A0.06,"TurbOPark, A=0.06",-48.0,-0.2,True,9.50463125,0.11970673,11.970673,9.466725,0.061924999999999994,6.192499999999999
12.0%,0.11970673,11.970673,Nygaard2022_A0.06,"TurbOPark, A=0.06",-24.0,-0.1,True,9.50463125,0.11970673,11.970673,9.468233333333334,0.06235416666666667,6.235416666666667
12.0%,0.11970673,11.970673,Nygaard2022_A0.06,"TurbOPark, A=0.06",0.0,0.0,True,9.50463125,0.11970673,11.970673,9.479191666666667,0.06285833333333334,6.285833333333334
12.0%,0.11970673,11.970673,Nygaard2022_A0.06,"TurbOPark, A=0.06",24.0,0.1,True,9.50463125,0.11970673,11.970673,9.4898,0.06325416666666667,6.3254166666666665
12.0%,0.11970673,11.970673,Nygaard2022_A0.06,"TurbOPark, A=0.06",48.0,0.2,True,9.504631249999997,0.11970673,11.970673,9.5025,0.063425,6.342499999999999
12.0%,0.11970673,11.970673,Nygaard2022_A0.06,"TurbOPark, A=0.06",72.0,0.3,True,9.504631249999983,0.11970673,11.970673,9.5124375,0.0633,6.329999999999999
12.0%,0.11970673,11.970673,Nygaard2022_A0.06,"TurbOPark, A=0.06",96.0,0.4,True,9.504631249999893,0.11970673,11.970673,9.529116666666667,0.06318750000000001,6.3187500000000005
12.0%,0.11970673,11.970673,Nygaard2022_A0.06,"TurbOPark, A=0.06",120.0,0.5,True,9.504631249999335,0.11970673,11.970673,9.541683333333333,0.06333333333333334,6.333333333333334
12.0%,0.11970673,11.970673,Nygaard2022_A0.06,"TurbOPark, A=0.06",144.0,0.6,False,9.504631249996098,0.11970673,11.970673,9.551766666666667,0.06339166666666667,6.339166666666666
12.0%,0.11970673,11.970673,Nygaard2022_A0.06,"TurbOPark, A=0.06",168.0,0.7,False,9.504631249978369,0.11970673,11.970673,9.563825,0.0641375,6.41375
12.0%,0.11970673,11.970673,Nygaard2022_A0.06,"TurbOPark, A=0.06",192.0,0.8,False,9.504631249886387,0.11970673,11.970673,9.578729166666665,0.06456666666666666,6.456666666666666
12.0%,0.11970673,11.970673,Nygaard2022_A0.06,"TurbOPark, A=0.06",216.0,0.9,False,9.50463124943587,0.11970673,11.970673,9.598324999999999,0.064325,6.432499999999999
12.0%,0.11970673,11.970673,Nygaard2022_A0.06,"TurbOPark, A=0.06",240.0,1.0,False,9.504631247347174,0.11970673,11.970673,9.614283333333333,0.06465,6.465
12.0%,0.11970673,11.970673,Nygaard2022_A0.06,"TurbOPark, A=0.06",264.0,1.1,False,9.504631238205956,0.11970673,11.970673,9.629591666666666,0.06487083333333332,6.487083333333333
12.0%,0.11970673,11.970673,Nygaard2022_A0.06,"TurbOPark, A=0.06",288.0,1.2,False,9.504631200343889,0.11970673,11.970673,9.646229166666666,0.06504166666666666,6.504166666666666
12.0%,0.11970673,11.970673,Nygaard2022_A0.06,"TurbOPark, A=0.06",312.0,1.3,False,9.50463105233533,0.11970673,11.970673,9.660554166666667,0.06515833333333333,6.515833333333333
12.0%,0.11970673,11.970673,Nygaard2022_A0.06,"TurbOPark, A=0.06",336.0,1.4,False,9.50463050489747,0.11970673,11.970673,9.668187500000002,0.06537916666666667,6.537916666666667
12.0%,0.11970673,11.970673,Nygaard2022_A0.06,"TurbOPark, A=0.06",360.0,1.5,False,9.50462859423036,0.11970673,11.970673,9.676920833333334,0.06509166666666666,6.509166666666665
