TI_label,TI_input,TI_input_percent,model,model_label,y_rel_m,y_over_D,inside_rotor,U_model_mps,TI_model,TI_model_percent,U_LES_mps,TI_LES,TI_LES_percent
6.4%,0.0642,6.419999999999999,BPA2014,BPA,-360.0,-1.5,False,9.367030348959432,0.0642,6.419999999999999,9.598033333333333,0.07964166666666667,7.964166666666666
6.4%,0.0642,6.419999999999999,BPA2014,BPA,-336.0,-1.4,False,9.414226419165212,0.0642,6.419999999999999,9.664883333333334,0.07103333333333334,7.1033333333333335
6.4%,0.0642,6.419999999999999,BPA2014,BPA,-312.0,-1.3,False,9.447130059100152,0.0642,6.419999999999999,9.697524999999999,0.06685416666666666,6.685416666666666
6.4%,0.0642,6.419999999999999,BPA2014,BPA,-288.0,-1.2,False,9.469225248587957,0.0642,6.419999999999999,9.711779166666666,0.06429166666666666,6.429166666666666
6.4%,0.0642,6.419999999999999,BPA2014,BPA,-264.0,-1.1,False,9.483525938486723,0.0642,6.419999999999999,9.701479166666667,0.06229583333333333,6.229583333333332
6.4%,0.0642,6.419999999999999,BPA2014,BPA,-240.0,-1.0,False,9.492451973434875,0.0642,6.419999999999999,9.678258333333332,0.060220833333333335,6.022083333333334
6.4%,0.0642,6.419999999999999,BPA2014,BPA,-216.0,-0.9,False,9.49782722250904,0.0642,6.419999999999999,9.651975,0.05992499999999999,5.992499999999999
6.4%,0.0642,6.419999999999999,BPA2014,BPA,-192.0,-0.8,False,9.500951439381552,0.0642,6.419999999999999,9.618895833333333,0.06112916666666667,6.112916666666667
6.4%,0.0642,6.419999999999999,BPA2014,BPA,-168.0,-0.7,False,9.502704613790195,0.0642,6.419999999999999,9.5817375,0.060920833333333334,6.092083333333333
6.4%,0.0642,6.419999999999999,BPA2014,BPA,-144.0,-0.6,False,9.503654712759817,0.0642,6.419999999999999,9.5519,0.06190416666666666,6.190416666666667
6.4%,0.0642,6.419999999999999,BPA2014,BPA,-120.0,-0.5,True,9.504152076554538,0.0642,6.419999999999999,9.51755,0.062412499999999996,6.24125
6.4%,0.0642,6.419999999999999,BPA2014,BPA,-96.0,-0.4,True,9.504403629424601,0.0642,6.419999999999999,9.4800375,0.06288333333333333,6.288333333333333
6.4%,0.0642,6.419999999999999,BPA2014,BPA,-72.0,-0.3,True,9.504526574478671,0.0642,6.419999999999999,9.449545833333334,0.06375833333333333,6.3758333333333335
6.4%,0.0642,6.419999999999999,BPA2014,BPA,-48.0,-0.2,True,9.504584649176682,0.0642,6.419999999999999,9.428104166666666,0.06434166666666667,6.434166666666667
6.4%,0.0642,6.419999999999999,BPA2014,BPA,-24.0,-0.1,True,9.504611165691289,0.0642,6.419999999999999,9.4122375,0.06511666666666667,6.511666666666667
6.4%,0.0642,6.419999999999999,BPA2014,BPA,0.0,0.0,True,9.504622870173476,0.0642,6.419999999999999,9.399858333333333,0.0643375,6.433750000000001
6.4%,0.0642,6.419999999999999,BPA2014,BPA,24.0,0.1,True,9.504627865238989,0.0642,6.419999999999999,9.390833333333333,0.0645125,6.45125
6.4%,0.0642,6.419999999999999,BPA2014,BPA,48.0,0.2,True,9.504629926463766,0.0642,6.419999999999999,9.401724999999999,0.06418333333333334,6.418333333333334
6.4%,0.0642,6.419999999999999,BPA2014,BPA,72.0,0.3,True,9.504630748975984,0.0642,6.419999999999999,9.425683333333332,0.06534166666666666,6.534166666666666
6.4%,0.0642,6.419999999999999,BPA2014,BPA,96.0,0.4,True,9.504631066389809,0.0642,6.419999999999999,9.436187499999999,0.066125,6.612500000000001
6.4%,0.0642,6.419999999999999,BPA2014,BPA,120.0,0.5,True,9.50463118485801,0.0642,6.419999999999999,9.446220833333333,0.06587083333333334,6.587083333333334
6.4%,0.0642,6.419999999999999,BPA2014,BPA,144.0,0.6,False,9.504631227617022,0.0642,6.419999999999999,9.454516666666667,0.06472916666666667,6.472916666666667
6.4%,0.0642,6.419999999999999,BPA2014,BPA,168.0,0.7,False,9.504631242507063,0.0642,6.419999999999999,9.461245833333333,0.06357083333333333,6.357083333333333
6.4%,0.0642,6.419999999999999,BPA2014,BPA,192.0,0.8,False,9.504631247338127,0.0642,6.419999999999999,9.475733333333334,0.06333749999999999,6.333749999999999
6.4%,0.0642,6.419999999999999,BPA2014,BPA,216.0,0.9,False,9.50463124800282,0.0642,6.419999999999999,9.506470833333335,0.06306250000000001,6.30625
6.4%,0.0642,6.419999999999999,BPA2014,BPA,240.0,1.0,False,9.504631244226658,0.0642,6.419999999999999,9.532470833333333,0.06269583333333333,6.269583333333332
6.4%,0.0642,6.419999999999999,BPA2014,BPA,264.0,1.1,False,9.504631226603353,0.0642,6.419999999999999,9.545858333333333,0.06177083333333333,6.177083333333333
6.4%,0.0642,6.419999999999999,BPA2014,BPA,288.0,1.2,False,9.504631156955547,0.0642,6.419999999999999,9.569254166666667,0.06141666666666667,6.141666666666667
6.4%,0.0642,6.419999999999999,BPA2014,BPA,312.0,1.3,False,9.504630898294456,0.0642,6.419999999999999,9.5913375,0.0604875,6.04875
6.4%,0.0642,6.419999999999999,BPA2014,BPA,336.0,1.4,False,9.504629989218493,0.0642,6.419999999999999,9.626554166666667,0.05984166666666667,5.984166666666667
6.4%,0.0642,6.419999999999999,BPA2014,BPA,360.0,1.5,False,9.50462696448455,0.0642,6.419999999999999,9.660479166666669,0.059725,5.9725
6.4%,0.0642,6.419999999999999,NPA2016,NPA,-360.0,-1.5,False,9.394891483180388,0.0642,6.419999999999999,9.598033333333333,0.07964166666666667,7.964166666666666
6.4%,0.0642,6.419999999999999,NPA2016,NPA,-336.0,-1.4,False,9.43703826885964,0.0642,6.419999999999999,9.664883333333334,0.07103333333333334,7.1033333333333335
6.4%,0.0642,6.419999999999999,NPA2016,NPA,-312.0,-1.3,False,9.46452641601615,0.0642,6.419999999999999,9.697524999999999,0.06685416666666666,6.685416666666666
6.4%,0.0642,6.419999999999999,NPA2016,NPA,-288.0,-1.2,False,9.4817117440824,0.0642,6.419999999999999,9.711779166666666,0.06429166666666666,6.429166666666666
6.4%,0.0642,6.419999999999999,NPA2016,NPA,-264.0,-1.1,False,9.492012870530061,0.0642,6.419999999999999,9.701479166666667,0.06229583333333333,6.229583333333332
6.4%,0.0642,6.419999999999999,NPA2016,NPA,-240.0,-1.0,False,9.497939322268179,0.0642,6.419999999999999,9.678258333333332,0.060220833333333335,6.022083333333334
6.4%,0.0642,6.419999999999999,NPA2016,NPA,-216.0,-0.9,False,9.5012130911322,0.0642,6.419999999999999,9.651975,0.05992499999999999,5.992499999999999
6.4%,0.0642,6.419999999999999,NPA2016,NPA,-192.0,-0.8,False,9.502949122978075,0.0642,6.419999999999999,9.618895833333333,0.06112916666666667,6.112916666666667
6.4%,0.0642,6.419999999999999,NPA2016,NPA,-168.0,-0.7,False,9.503833886267735,0.0642,6.419999999999999,9.5817375,0.060920833333333334,6.092083333333333
6.4%,0.0642,6.419999999999999,NPA2016,NPA,-144.0,-0.6,False,9.504267231550292,0.0642,6.419999999999999,9.5519,0.06190416666666666,6.190416666666667
6.4%,0.0642,6.419999999999999,NPA2016,NPA,-120.0,-0.5,True,9.504471121960409,0.0642,6.419999999999999,9.51755,0.062412499999999996,6.24125
6.4%,0.0642,6.419999999999999,NPA2016,NPA,-96.0,-0.4,True,9.504563405966197,0.0642,6.419999999999999,9.4800375,0.06288333333333333,6.288333333333333
6.4%,0.0642,6.419999999999999,NPA2016,NPA,-72.0,-0.3,True,9.504603568035908,0.0642,6.419999999999999,9.449545833333334,0.06375833333333333,6.3758333333333335
6.4%,0.0642,6.419999999999999,NPA2016,NPA,-48.0,-0.2,True,9.504620364975834,0.0642,6.419999999999999,9.428104166666666,0.06434166666666667,6.434166666666667
6.4%,0.0642,6.419999999999999,NPA2016,NPA,-24.0,-0.1,True,9.504627127925309,0.0642,6.419999999999999,9.4122375,0.06511666666666667,6.511666666666667
6.4%,0.0642,6.419999999999999,NPA2016,NPA,0.0,0.0,True,9.504629746746433,0.0642,6.419999999999999,9.399858333333333,0.0643375,6.433750000000001
6.4%,0.0642,6.419999999999999,NPA2016,NPA,24.0,0.1,True,9.504630721622059,0.0642,6.419999999999999,9.390833333333333,0.0645125,6.45125
6.4%,0.0642,6.419999999999999,NPA2016,NPA,48.0,0.2,True,9.504631071158643,0.0642,6.419999999999999,9.401724999999999,0.06418333333333334,6.418333333333334
6.4%,0.0642,6.419999999999999,NPA2016,NPA,72.0,0.3,True,9.50463119170456,0.0642,6.419999999999999,9.425683333333332,0.06534166666666666,6.534166666666666
6.4%,0.0642,6.419999999999999,NPA2016,NPA,96.0,0.4,True,9.504631231684733,0.0642,6.419999999999999,9.436187499999999,0.066125,6.612500000000001
6.4%,0.0642,6.419999999999999,NPA2016,NPA,120.0,0.5,True,9.504631244459185,0.0642,6.419999999999999,9.446220833333333,0.06587083333333334,6.587083333333334
6.4%,0.0642,6.419999999999999,NPA2016,NPA,144.0,0.6,False,9.504631248385078,0.0642,6.419999999999999,9.454516666666667,0.06472916666666667,6.472916666666667
6.4%,0.0642,6.419999999999999,NPA2016,NPA,168.0,0.7,False,9.50463124954294,0.0642,6.419999999999999,9.461245833333333,0.06357083333333333,6.357083333333333
6.4%,0.0642,6.419999999999999,NPA2016,NPA,192.0,0.8,False,9.504631249855494,0.0642,6.419999999999999,9.475733333333334,0.06333749999999999,6.333749999999999
6.4%,0.0642,6.419999999999999,NPA2016,NPA,216.0,0.9,False,9.504631249845792,0.0642,6.419999999999999,9.506470833333335,0.06306250000000001,6.30625
6.4%,0.0642,6.419999999999999,NPA2016,NPA,240.0,1.0,False,9.504631249349302,0.0642,6.419999999999999,9.532470833333333,0.06269583333333333,6.269583333333332
6.4%,0.0642,6.419999999999999,NPA2016,NPA,264.0,1.1,False,9.504631246816212,0.0642,6.419999999999999,9.545858333333333,0.06177083333333333,6.177083333333333
6.4%,0.0642,6.419999999999999,NPA2016,NPA,288.0,1.2,False,9.504631235144208,0.0642,6.419999999999999,9.569254166666667,0.06141666666666667,6.141666666666667
6.4%,0.0642,6.419999999999999,NPA2016,NPA,312.0,1.3,False,9.504631184644557,0.0642,6.419999999999999,9.5913375,0.0604875,6.04875
6.4%,0.0642,6.419999999999999,NPA2016,NPA,336.0,1.4,False,9.504630979118446,0.0642,6.419999999999999,9.626554166666667,0.05984166666666667,5.984166666666667
6.4%,0.0642,6.419999999999999,NPA2016,NPA,360.0,1.5,False,9.504630191282514,0.0642,6.419999999999999,9.660479166666669,0.059725,5.9725
6.4%,0.0642,6.419999999999999,Nygaard2022,"TurbOPark, A=0.04",-360.0,-1.5,False,9.471750046377759,0.0642,6.419999999999999,9.598033333333333,0.07964166666666667,7.964166666666666
6.4%,0.0642,6.419999999999999,Nygaard2022,"TurbOPark, A=0.04",-336.0,-1.4,False,9.489583840200181,0.0642,6.419999999999999,9.664883333333334,0.07103333333333334,7.1033333333333335
6.4%,0.0642,6.419999999999999,Nygaard2022,"TurbOPark, A=0.04",-312.0,-1.3,False,9.498149671042192,0.0642,6.419999999999999,9.697524999999999,0.06685416666666666,6.685416666666666
6.4%,0.0642,6.419999999999999,Nygaard2022,"TurbOPark, A=0.04",-288.0,-1.2,False,9.502002322305252,0.0642,6.419999999999999,9.711779166666666,0.06429166666666666,6.429166666666666
6.4%,0.0642,6.419999999999999,Nygaard2022,"TurbOPark, A=0.04",-264.0,-1.1,False,9.503627575795367,0.0642,6.419999999999999,9.701479166666667,0.06229583333333333,6.229583333333332
6.4%,0.0642,6.419999999999999,Nygaard2022,"TurbOPark, A=0.04",-240.0,-1.0,False,9.504270485850133,0.0642,6.419999999999999,9.678258333333332,0.060220833333333335,6.022083333333334
6.4%,0.0642,6.419999999999999,Nygaard2022,"TurbOPark, A=0.04",-216.0,-0.9,False,9.504509168368632,0.0642,6.419999999999999,9.651975,0.05992499999999999,5.992499999999999
6.4%,0.0642,6.419999999999999,Nygaard2022,"TurbOPark, A=0.04",-192.0,-0.8,False,9.504592364804877,0.0642,6.419999999999999,9.618895833333333,0.06112916666666667,6.112916666666667
6.4%,0.0642,6.419999999999999,Nygaard2022,"TurbOPark, A=0.04",-168.0,-0.7,False,9.504619586055847,0.0642,6.419999999999999,9.5817375,0.060920833333333334,6.092083333333333
6.4%,0.0642,6.419999999999999,Nygaard2022,"TurbOPark, A=0.04",-144.0,-0.6,False,9.50462795774093,0.0642,6.419999999999999,9.5519,0.06190416666666666,6.190416666666667
6.4%,0.0642,6.419999999999999,Nygaard2022,"TurbOPark, A=0.04",-120.0,-0.5,True,9.504630374678799,0.0642,6.419999999999999,9.51755,0.062412499999999996,6.24125
6.4%,0.0642,6.419999999999999,Nygaard2022,"TurbOPark, A=0.04",-96.0,-0.4,True,9.504631030999954,0.0642,6.419999999999999,9.4800375,0.06288333333333333,6.288333333333333
6.4%,0.0642,6.419999999999999,Nygaard2022,"TurbOPark, A=0.04",-72.0,-0.3,True,9.504631198405548,0.0642,6.419999999999999,9.449545833333334,0.06375833333333333,6.3758333333333335
6.4%,0.0642,6.419999999999999,Nygaard2022,"TurbOPark, A=0.04",-48.0,-0.2,True,9.504631238557156,0.0642,6.419999999999999,9.428104166666666,0.06434166666666667,6.434166666666667
6.4%,0.0642,6.419999999999999,Nygaard2022,"TurbOPark, A=0.04",-24.0,-0.1,True,9.504631247611439,0.0642,6.419999999999999,9.4122375,0.06511666666666667,6.511666666666667
6.4%,0.0642,6.419999999999999,Nygaard2022,"TurbOPark, A=0.04",0.0,0.0,True,9.504631249530373,0.0642,6.419999999999999,9.399858333333333,0.0643375,6.433750000000001
6.4%,0.0642,6.419999999999999,Nygaard2022,"TurbOPark, A=0.04",24.0,0.1,True,9.504631249913146,0.0642,6.419999999999999,9.390833333333333,0.0645125,6.45125
6.4%,0.0642,6.419999999999999,Nygaard2022,"TurbOPark, A=0.04",48.0,0.2,True,9.504631249984861,0.0642,6.419999999999999,9.401724999999999,0.06418333333333334,6.418333333333334
6.4%,0.0642,6.419999999999999,Nygaard2022,"TurbOPark, A=0.04",72.0,0.3,True,9.504631249997518,0.0642,6.419999999999999,9.425683333333332,0.06534166666666666,6.534166666666666
6.4%,0.0642,6.419999999999999,Nygaard2022,"TurbOPark, A=0.04",96.0,0.4,True,9.504631249999616,0.0642,6.419999999999999,9.436187499999999,0.066125,6.612500000000001
6.4%,0.0642,6.419999999999999,Nygaard2022,"TurbOPark, A=0.04",120.0,0.5,True,9.504631249999944,0.0642,6.419999999999999,9.446220833333333,0.06587083333333334,6.587083333333334
6.4%,0.0642,6.419999999999999,Nygaard2022,"TurbOPark, A=0.04",144.0,0.6,False,9.504631249999983,0.0642,6.419999999999999,9.454516666666667,0.06472916666666667,6.472916666666667
6.4%,0.0642,6.419999999999999,Nygaard2022,"TurbOPark, A=0.04",168.0,0.7,False,9.504631249999889,0.0642,6.419999999999999,9.461245833333333,0.06357083333333333,6.357083333333333
6.4%,0.0642,6.419999999999999,Nygaard2022,"TurbOPark, A=0.04",192.0,0.8,False,9.504631249999171,0.0642,6.419999999999999,9.475733333333334,0.06333749999999999,6.333749999999999
6.4%,0.0642,6.419999999999999,Nygaard2022,"TurbOPark, A=0.04",216.0,0.9,False,9.504631249994196,0.0642,6.419999999999999,9.506470833333335,0.06306250000000001,6.30625
6.4%,0.0642,6.419999999999999,Nygaard2022,"TurbOPark, A=0.04",240.0,1.0,False,9.504631249961935,0.0642,6.419999999999999,9.532470833333333,0.06269583333333333,6.269583333333332
6.4%,0.0642,6.419999999999999,Nygaard2022,"TurbOPark, A=0.04",264.0,1.1,False,9.504631249766597,0.0642,6.419999999999999,9.545858333333333,0.06177083333333333,6.177083333333333
6.4%,0.0642,6.419999999999999,Nygaard2022,"TurbOPark, A=0.04",288.0,1.2,False,9.504631248661786,0.0642,6.419999999999999,9.569254166666667,0.06141666666666667,6.141666666666667
6.4%,0.0642,6.419999999999999,Nygaard2022,"TurbOPark, A=0.04",312.0,1.3,False,9.504631242825885,0.0642,6.419999999999999,9.5913375,0.0604875,6.04875
6.4%,0.0642,6.419999999999999,Nygaard2022,"TurbOPark, A=0.04",336.0,1.4,False,9.504631214030177,0.0642,6.419999999999999,9.626554166666667,0.05984166666666667,5.984166666666667
6.4%,0.0642,6.419999999999999,Nygaard2022,"TurbOPark, A=0.04",360.0,1.5,False,9.50463108136475,0.0642,6.419999999999999,9.660479166666669,0.059725,5.9725
6.4%,0.0642,6.419999999999999,Nygaard2022_A0.06,"TurbOPark, A=0.06",-360.0,-1.5,False,9.443933769576365,0.0642,6.419999999999999,9.598033333333333,0.07964166666666667,7.964166666666666
6.4%,0.0642,6.419999999999999,Nygaard2022_A0.06,"TurbOPark, A=0.06",-336.0,-1.4,False,9.472518429514695,0.0642,6.419999999999999,9.664883333333334,0.07103333333333334,7.1033333333333335
6.4%,0.0642,6.419999999999999,Nygaard2022_A0.06,"TurbOPark, A=0.06",-312.0,-1.3,False,9.488456699381652,0.0642,6.419999999999999,9.697524999999999,0.06685416666666666,6.685416666666666
6.4%,0.0642,6.419999999999999,Nygaard2022_A0.06,"TurbOPark, A=0.06",-288.0,-1.2,False,9.496875442567216,0.0642,6.419999999999999,9.711779166666666,0.06429166666666666,6.429166666666666
6.4%,0.0642,6.419999999999999,Nygaard2022_A0.06,"TurbOPark, A=0.06",-264.0,-1.1,False,9.501090811522978,0.0642,6.419999999999999,9.701479166666667,0.06229583333333333,6.229583333333332
6.4%,0.0642,6.419999999999999,Nygaard2022_A0.06,"TurbOPark, A=0.06",-240.0,-1.0,False,9.5030926855569,0.0642,6.419999999999999,9.678258333333332,0.060220833333333335,6.022083333333334
6.4%,0.0642,6.419999999999999,Nygaard2022_A0.06,"TurbOPark, A=0.06",-216.0,-0.9,False,9.50399464337375,0.0642,6.419999999999999,9.651975,0.05992499999999999,5.992499999999999
6.4%,0.0642,6.419999999999999,Nygaard2022_A0.06,"TurbOPark, A=0.06",-192.0,-0.8,False,9.504380462806164,0.0642,6.419999999999999,9.618895833333333,0.06112916666666667,6.112916666666667
6.4%,0.0642,6.419999999999999,Nygaard2022_A0.06,"TurbOPark, A=0.06",-168.0,-0.7,False,9.504537196551446,0.0642,6.419999999999999,9.5817375,0.060920833333333334,6.092083333333333
6.4%,0.0642,6.419999999999999,Nygaard2022_A0.06,"TurbOPark, A=0.06",-144.0,-0.6,False,9.50459767068335,0.0642,6.419999999999999,9.5519,0.06190416666666666,6.190416666666667
6.4%,0.0642,6.419999999999999,Nygaard2022_A0.06,"TurbOPark, A=0.06",-120.0,-0.5,True,9.504619837301844,0.0642,6.419999999999999,9.51755,0.062412499999999996,6.24125
6.4%,0.0642,6.419999999999999,Nygaard2022_A0.06,"TurbOPark, A=0.06",-96.0,-0.4,True,9.50462755754903,0.0642,6.419999999999999,9.4800375,0.06288333333333333,6.288333333333333
6.4%,0.0642,6.419999999999999,Nygaard2022_A0.06,"TurbOPark, A=0.06",-72.0,-0.3,True,9.504630112332537,0.0642,6.419999999999999,9.449545833333334,0.06375833333333333,6.3758333333333335
6.4%,0.0642,6.419999999999999,Nygaard2022_A0.06,"TurbOPark, A=0.06",-48.0,-0.2,True,9.504630916282196,0.0642,6.419999999999999,9.428104166666666,0.06434166666666667,6.434166666666667
6.4%,0.0642,6.419999999999999,Nygaard2022_A0.06,"TurbOPark, A=0.06",-24.0,-0.1,True,9.504631156811376,0.0642,6.419999999999999,9.4122375,0.06511666666666667,6.511666666666667
6.4%,0.0642,6.419999999999999,Nygaard2022_A0.06,"TurbOPark, A=0.06",0.0,0.0,True,9.504631225228303,0.0642,6.419999999999999,9.399858333333333,0.0643375,6.433750000000001
6.4%,0.0642,6.419999999999999,Nygaard2022_A0.06,"TurbOPark, A=0.06",24.0,0.1,True,9.504631243731744,0.0642,6.419999999999999,9.390833333333333,0.0645125,6.45125
6.4%,0.0642,6.419999999999999,Nygaard2022_A0.06,"TurbOPark, A=0.06",48.0,0.2,True,9.504631248490186,0.0642,6.419999999999999,9.401724999999999,0.06418333333333334,6.418333333333334
6.4%,0.0642,6.419999999999999,Nygaard2022_A0.06,"TurbOPark, A=0.06",72.0,0.3,True,9.504631249653576,0.0642,6.419999999999999,9.425683333333332,0.06534166666666666,6.534166666666666
6.4%,0.0642,6.419999999999999,Nygaard2022_A0.06,"TurbOPark, A=0.06",96.0,0.4,True,9.504631249924334,0.0642,6.419999999999999,9.436187499999999,0.066125,6.612500000000001
6.4%,0.0642,6.419999999999999,Nygaard2022_A0.06,"TurbOPark, A=0.06",120.0,0.5,True,9.504631249984264,0.0642,6.419999999999999,9.446220833333333,0.06587083333333334,6.587083333333334
6.4%,0.0642,6.419999999999999,Nygaard2022_A0.06,"TurbOPark, A=0.06",144.0,0.6,False,9.504631249996397,0.0642,6.419999999999999,9.454516666666667,0.06472916666666667,6.472916666666667
6.4%,0.0642,6.419999999999999,Nygaard2022_A0.06,"TurbOPark, A=0.06",168.0,0.7,False,9.504631249989416,0.0642,6.419999999999999,9.461245833333333,0.06357083333333333,6.357083333333333
6.4%,0.0642,6.419999999999999,Nygaard2022_A0.06,"TurbOPark, A=0.06",192.0,0.8,False,9.504631249941765,0.0642,6.419999999999999,9.475733333333334,0.06333749999999999,6.333749999999999
6.4%,0.0642,6.419999999999999,Nygaard2022_A0.06,"TurbOPark, A=0.06",216.0,0.9,False,9.504631249696851,0.0642,6.419999999999999,9.506470833333335,0.06306250000000001,6.30625
6.4%,0.0642,6.419999999999999,Nygaard2022_A0.06,"TurbOPark, A=0.06",240.0,1.0,False,9.504631248509307,0.0642,6.419999999999999,9.532470833333333,0.06269583333333333,6.269583333333332
6.4%,0.0642,6.419999999999999,Nygaard2022_A0.06,"TurbOPark, A=0.06",264.0,1.1,False,9.504631243073028,0.0642,6.419999999999999,9.545858333333333,0.06177083333333333,6.177083333333333
6.4%,0.0642,6.419999999999999,Nygaard2022_A0.06,"TurbOPark, A=0.06",288.0,1.2,False,9.504631219588125,0.0642,6.419999999999999,9.569254166666667,0.06141666666666667,6.141666666666667
6.4%,0.0642,6.419999999999999,Nygaard2022_A0.06,"TurbOPark, A=0.06",312.0,1.3,False,9.504631123877715,0.0642,6.419999999999999,9.5913375,0.0604875,6.04875
6.4%,0.0642,6.419999999999999,Nygaard2022_A0.06,"TurbOPark, A=0.06",336.0,1.4,False,9.504630755920237,0.0642,6.419999999999999,9.626554166666667,0.05984166666666667,5.984166666666667
6.4%,0.0642,6.419999999999999,Nygaard2022_A0.06,"TurbOPark, A=0.06",360.0,1.5,False,9.504629421621189,0.0642,6.419999999999999,9.660479166666669,0.059725,5.9725
7.0%,0.07036741444444444,7.036741444444444,BPA2014,BPA,-360.0,-1.5,False,9.367030348959432,0.07036741444444444,7.036741444444444,9.598033333333333,0.07964166666666667,7.964166666666666
7.0%,0.07036741444444444,7.036741444444444,BPA2014,BPA,-336.0,-1.4,False,9.414226419165212,0.07036741444444444,7.036741444444444,9.664883333333334,0.07103333333333334,7.1033333333333335
7.0%,0.07036741444444444,7.036741444444444,BPA2014,BPA,-312.0,-1.3,False,9.447130059100152,0.07036741444444444,7.036741444444444,9.697524999999999,0.06685416666666666,6.685416666666666
7.0%,0.07036741444444444,7.036741444444444,BPA2014,BPA,-288.0,-1.2,False,9.469225248587957,0.07036741444444444,7.036741444444444,9.711779166666666,0.06429166666666666,6.429166666666666
7.0%,0.07036741444444444,7.036741444444444,BPA2014,BPA,-264.0,-1.1,False,9.483525938486723,0.07036741444444444,7.036741444444444,9.701479166666667,0.06229583333333333,6.229583333333332
7.0%,0.07036741444444444,7.036741444444444,BPA2014,BPA,-240.0,-1.0,False,9.492451973434875,0.07036741444444444,7.036741444444444,9.678258333333332,0.060220833333333335,6.022083333333334
7.0%,0.07036741444444444,7.036741444444444,BPA2014,BPA,-216.0,-0.9,False,9.49782722250904,0.07036741444444444,7.036741444444444,9.651975,0.05992499999999999,5.992499999999999
7.0%,0.07036741444444444,7.036741444444444,BPA2014,BPA,-192.0,-0.8,False,9.500951439381552,0.07036741444444444,7.036741444444444,9.618895833333333,0.06112916666666667,6.112916666666667
7.0%,0.07036741444444444,7.036741444444444,BPA2014,BPA,-168.0,-0.7,False,9.502704613790195,0.07036741444444444,7.036741444444444,9.5817375,0.060920833333333334,6.092083333333333
7.0%,0.07036741444444444,7.036741444444444,BPA2014,BPA,-144.0,-0.6,False,9.503654712759817,0.07036741444444444,7.036741444444444,9.5519,0.06190416666666666,6.190416666666667
7.0%,0.07036741444444444,7.036741444444444,BPA2014,BPA,-120.0,-0.5,True,9.504152076554538,0.07036741444444444,7.036741444444444,9.51755,0.062412499999999996,6.24125
7.0%,0.07036741444444444,7.036741444444444,BPA2014,BPA,-96.0,-0.4,True,9.504403629424601,0.07036741444444444,7.036741444444444,9.4800375,0.06288333333333333,6.288333333333333
7.0%,0.07036741444444444,7.036741444444444,BPA2014,BPA,-72.0,-0.3,True,9.504526574478671,0.07036741444444444,7.036741444444444,9.449545833333334,0.06375833333333333,6.3758333333333335
7.0%,0.07036741444444444,7.036741444444444,BPA2014,BPA,-48.0,-0.2,True,9.504584649176682,0.07036741444444444,7.036741444444444,9.428104166666666,0.06434166666666667,6.434166666666667
7.0%,0.07036741444444444,7.036741444444444,BPA2014,BPA,-24.0,-0.1,True,9.504611165691289,0.07036741444444444,7.036741444444444,9.4122375,0.06511666666666667,6.511666666666667
7.0%,0.07036741444444444,7.036741444444444,BPA2014,BPA,0.0,0.0,True,9.504622870173476,0.07036741444444444,7.036741444444444,9.399858333333333,0.0643375,6.433750000000001
7.0%,0.07036741444444444,7.036741444444444,BPA2014,BPA,24.0,0.1,True,9.504627865238989,0.07036741444444444,7.036741444444444,9.390833333333333,0.0645125,6.45125
7.0%,0.07036741444444444,7.036741444444444,BPA2014,BPA,48.0,0.2,True,9.504629926463766,0.07036741444444444,7.036741444444444,9.401724999999999,0.06418333333333334,6.418333333333334
7.0%,0.07036741444444444,7.036741444444444,BPA2014,BPA,72.0,0.3,True,9.504630748975984,0.07036741444444444,7.036741444444444,9.425683333333332,0.06534166666666666,6.534166666666666
7.0%,0.07036741444444444,7.036741444444444,BPA2014,BPA,96.0,0.4,True,9.504631066389809,0.07036741444444444,7.036741444444444,9.436187499999999,0.066125,6.612500000000001
7.0%,0.07036741444444444,7.036741444444444,BPA2014,BPA,120.0,0.5,True,9.50463118485801,0.07036741444444444,7.036741444444444,9.446220833333333,0.06587083333333334,6.587083333333334
7.0%,0.07036741444444444,7.036741444444444,BPA2014,BPA,144.0,0.6,False,9.504631227617022,0.07036741444444444,7.036741444444444,9.454516666666667,0.06472916666666667,6.472916666666667
7.0%,0.07036741444444444,7.036741444444444,BPA2014,BPA,168.0,0.7,False,9.504631242507063,0.07036741444444444,7.036741444444444,9.461245833333333,0.06357083333333333,6.357083333333333
7.0%,0.07036741444444444,7.036741444444444,BPA2014,BPA,192.0,0.8,False,9.504631247338127,0.07036741444444444,7.036741444444444,9.475733333333334,0.06333749999999999,6.333749999999999
7.0%,0.07036741444444444,7.036741444444444,BPA2014,BPA,216.0,0.9,False,9.50463124800282,0.07036741444444444,7.036741444444444,9.506470833333335,0.06306250000000001,6.30625
7.0%,0.07036741444444444,7.036741444444444,BPA2014,BPA,240.0,1.0,False,9.504631244226658,0.07036741444444444,7.036741444444444,9.532470833333333,0.06269583333333333,6.269583333333332
7.0%,0.07036741444444444,7.036741444444444,BPA2014,BPA,264.0,1.1,False,9.504631226603353,0.07036741444444444,7.036741444444444,9.545858333333333,0.06177083333333333,6.177083333333333
7.0%,0.07036741444444444,7.036741444444444,BPA2014,BPA,288.0,1.2,False,9.504631156955547,0.07036741444444444,7.036741444444444,9.569254166666667,0.06141666666666667,6.141666666666667
7.0%,0.07036741444444444,7.036741444444444,BPA2014,BPA,312.0,1.3,False,9.504630898294456,0.07036741444444444,7.036741444444444,9.5913375,0.0604875,6.04875
7.0%,0.07036741444444444,7.036741444444444,BPA2014,BPA,336.0,1.4,False,9.504629989218493,0.07036741444444444,7.036741444444444,9.626554166666667,0.05984166666666667,5.984166666666667
7.0%,0.07036741444444444,7.036741444444444,BPA2014,BPA,360.0,1.5,False,9.50462696448455,0.07036741444444444,7.036741444444444,9.660479166666669,0.059725,5.9725
7.0%,0.07036741444444444,7.036741444444444,NPA2016,NPA,-360.0,-1.5,False,9.378719762466837,0.07036741444444444,7.036741444444444,9.598033333333333,0.07964166666666667,7.964166666666666
7.0%,0.07036741444444444,7.036741444444444,NPA2016,NPA,-336.0,-1.4,False,9.424027083343043,0.07036741444444444,7.036741444444444,9.664883333333334,0.07103333333333334,7.1033333333333335
7.0%,0.07036741444444444,7.036741444444444,NPA2016,NPA,-312.0,-1.3,False,9.454780827021326,0.07036741444444444,7.036741444444444,9.697524999999999,0.06685416666666666,6.685416666666666
7.0%,0.07036741444444444,7.036741444444444,NPA2016,NPA,-288.0,-1.2,False,9.474843712763711,0.07036741444444444,7.036741444444444,9.711779166666666,0.06429166666666666,6.429166666666666
7.0%,0.07036741444444444,7.036741444444444,NPA2016,NPA,-264.0,-1.1,False,9.487434512891864,0.07036741444444444,7.036741444444444,9.701479166666667,0.06229583333333333,6.229583333333332
7.0%,0.07036741444444444,7.036741444444444,NPA2016,NPA,-240.0,-1.0,False,9.495040042004849,0.07036741444444444,7.036741444444444,9.678258333333332,0.060220833333333335,6.022083333333334
7.0%,0.07036741444444444,7.036741444444444,NPA2016,NPA,-216.0,-0.9,False,9.4994623958987,0.07036741444444444,7.036741444444444,9.651975,0.05992499999999999,5.992499999999999
7.0%,0.07036741444444444,7.036741444444444,NPA2016,NPA,-192.0,-0.8,False,9.501940532312327,0.07036741444444444,7.036741444444444,9.618895833333333,0.06112916666666667,6.112916666666667
7.0%,0.07036741444444444,7.036741444444444,NPA2016,NPA,-168.0,-0.7,False,9.503277589308443,0.07036741444444444,7.036741444444444,9.5817375,0.060920833333333334,6.092083333333333
7.0%,0.07036741444444444,7.036741444444444,NPA2016,NPA,-144.0,-0.6,False,9.503973466660243,0.07036741444444444,7.036741444444444,9.5519,0.06190416666666666,6.190416666666667
7.0%,0.07036741444444444,7.036741444444444,NPA2016,NPA,-120.0,-0.5,True,9.50432237129359,0.07036741444444444,7.036741444444444,9.51755,0.062412499999999996,6.24125
7.0%,0.07036741444444444,7.036741444444444,NPA2016,NPA,-96.0,-0.4,True,9.504491137912318,0.07036741444444444,7.036741444444444,9.4800375,0.06288333333333333,6.288333333333333
7.0%,0.07036741444444444,7.036741444444444,NPA2016,NPA,-72.0,-0.3,True,9.504569842277178,0.07036741444444444,7.036741444444444,9.449545833333334,0.06375833333333333,6.3758333333333335
7.0%,0.07036741444444444,7.036741444444444,NPA2016,NPA,-48.0,-0.2,True,9.504605246103756,0.07036741444444444,7.036741444444444,9.428104166666666,0.06434166666666667,6.434166666666667
7.0%,0.07036741444444444,7.036741444444444,NPA2016,NPA,-24.0,-0.1,True,9.504620613275627,0.07036741444444444,7.036741444444444,9.4122375,0.06511666666666667,6.511666666666667
7.0%,0.07036741444444444,7.036741444444444,NPA2016,NPA,0.0,0.0,True,9.504627044997324,0.07036741444444444,7.036741444444444,9.399858333333333,0.0643375,6.433750000000001
7.0%,0.07036741444444444,7.036741444444444,NPA2016,NPA,24.0,0.1,True,9.504629644709818,0.07036741444444444,7.036741444444444,9.390833333333333,0.0645125,6.45125
7.0%,0.07036741444444444,7.036741444444444,NPA2016,NPA,48.0,0.2,True,9.504630657547969,0.07036741444444444,7.036741444444444,9.401724999999999,0.06418333333333334,6.418333333333334
7.0%,0.07036741444444444,7.036741444444444,NPA2016,NPA,72.0,0.3,True,9.504631038858609,0.07036741444444444,7.036741444444444,9.425683333333332,0.06534166666666666,6.534166666666666
7.0%,0.07036741444444444,7.036741444444444,NPA2016,NPA,96.0,0.4,True,9.504631177273517,0.07036741444444444,7.036741444444444,9.436187499999999,0.066125,6.612500000000001
7.0%,0.07036741444444444,7.036741444444444,NPA2016,NPA,120.0,0.5,True,9.504631225802415,0.07036741444444444,7.036741444444444,9.446220833333333,0.06587083333333334,6.587083333333334
7.0%,0.07036741444444444,7.036741444444444,NPA2016,NPA,144.0,0.6,False,9.50463124221866,0.07036741444444444,7.036741444444444,9.454516666666667,0.06472916666666667,6.472916666666667
7.0%,0.07036741444444444,7.036741444444444,NPA2016,NPA,168.0,0.7,False,9.504631247565792,0.07036741444444444,7.036741444444444,9.461245833333333,0.06357083333333333,6.357083333333333
7.0%,0.07036741444444444,7.036741444444444,NPA2016,NPA,192.0,0.8,False,9.50463124917903,0.07036741444444444,7.036741444444444,9.475733333333334,0.06333749999999999,6.333749999999999
7.0%,0.07036741444444444,7.036741444444444,NPA2016,NPA,216.0,0.9,False,9.504631249306044,0.07036741444444444,7.036741444444444,9.506470833333335,0.06306250000000001,6.30625
7.0%,0.07036741444444444,7.036741444444444,NPA2016,NPA,240.0,1.0,False,9.504631247642246,0.07036741444444444,7.036741444444444,9.532470833333333,0.06269583333333333,6.269583333333332
7.0%,0.07036741444444444,7.036741444444444,NPA2016,NPA,264.0,1.1,False,9.504631239645533,0.07036741444444444,7.036741444444444,9.545858333333333,0.06177083333333333,6.177083333333333
7.0%,0.07036741444444444,7.036741444444444,NPA2016,NPA,288.0,1.2,False,9.50463120602821,0.07036741444444444,7.036741444444444,9.569254166666667,0.06141666666666667,6.141666666666667
7.0%,0.07036741444444444,7.036741444444444,NPA2016,NPA,312.0,1.3,False,9.504631073179075,0.07036741444444444,7.036741444444444,9.5913375,0.0604875,6.04875
7.0%,0.07036741444444444,7.036741444444444,NPA2016,NPA,336.0,1.4,False,9.504630577099798,0.07036741444444444,7.036741444444444,9.626554166666667,0.05984166666666667,5.984166666666667
7.0%,0.07036741444444444,7.036741444444444,NPA2016,NPA,360.0,1.5,False,9.504628829086927,0.07036741444444444,7.036741444444444,9.660479166666669,0.059725,5.9725
7.0%,0.07036741444444444,7.036741444444444,Nygaard2022,"TurbOPark, A=0.04",-360.0,-1.5,False,9.471317906396997,0.07036741444444444,7.036741444444444,9.598033333333333,0.07964166666666667,7.964166666666666
7.0%,0.07036741444444444,7.036741444444444,Nygaard2022,"TurbOPark, A=0.04",-336.0,-1.4,False,9.489342145482782,0.07036741444444444,7.036741444444444,9.664883333333334,0.07103333333333334,7.1033333333333335
7.0%,0.07036741444444444,7.036741444444444,Nygaard2022,"TurbOPark, A=0.04",-312.0,-1.3,False,9.498023122523,0.07036741444444444,7.036741444444444,9.697524999999999,0.06685416666666666,6.685416666666666
7.0%,0.07036741444444444,7.036741444444444,Nygaard2022,"TurbOPark, A=0.04",-288.0,-1.2,False,9.501942217249926,0.07036741444444444,7.036741444444444,9.711779166666666,0.06429166666666666,6.429166666666666
7.0%,0.07036741444444444,7.036741444444444,Nygaard2022,"TurbOPark, A=0.04",-264.0,-1.1,False,9.503600657825395,0.07036741444444444,7.036741444444444,9.701479166666667,0.06229583333333333,6.229583333333332
7.0%,0.07036741444444444,7.036741444444444,Nygaard2022,"TurbOPark, A=0.04",-240.0,-1.0,False,9.504259415529356,0.07036741444444444,7.036741444444444,9.678258333333332,0.060220833333333335,6.022083333333334
7.0%,0.07036741444444444,7.036741444444444,Nygaard2022,"TurbOPark, A=0.04",-216.0,-0.9,False,9.504504880301761,0.07036741444444444,7.036741444444444,9.651975,0.05992499999999999,5.992499999999999
7.0%,0.07036741444444444,7.036741444444444,Nygaard2022,"TurbOPark, A=0.04",-192.0,-0.8,False,9.504590825890467,0.07036741444444444,7.036741444444444,9.618895833333333,0.06112916666666667,6.112916666666667
7.0%,0.07036741444444444,7.036741444444444,Nygaard2022,"TurbOPark, A=0.04",-168.0,-0.7,False,9.504619067233877,0.07036741444444444,7.036741444444444,9.5817375,0.060920833333333334,6.092083333333333
7.0%,0.07036741444444444,7.036741444444444,Nygaard2022,"TurbOPark, A=0.04",-144.0,-0.6,False,9.504627794604705,0.07036741444444444,7.036741444444444,9.5519,0.06190416666666666,6.190416666666667
7.0%,0.07036741444444444,7.036741444444444,Nygaard2022,"TurbOPark, A=0.04",-120.0,-0.5,True,9.504630326589744,0.07036741444444444,7.036741444444444,9.51755,0.062412499999999996,6.24125
7.0%,0.07036741444444444,7.036741444444444,Nygaard2022,"TurbOPark, A=0.04",-96.0,-0.4,True,9.50463101776828,0.07036741444444444,7.036741444444444,9.4800375,0.06288333333333333,6.288333333333333
7.0%,0.07036741444444444,7.036741444444444,Nygaard2022,"TurbOPark, A=0.04",-72.0,-0.3,True,9.504631194971447,0.07036741444444444,7.036741444444444,9.449545833333334,0.06375833333333333,6.3758333333333335
7.0%,0.07036741444444444,7.036741444444444,Nygaard2022,"TurbOPark, A=0.04",-48.0,-0.2,True,9.504631237728496,0.07036741444444444,7.036741444444444,9.428104166666666,0.06434166666666667,6.434166666666667
7.0%,0.07036741444444444,7.036741444444444,Nygaard2022,"TurbOPark, A=0.04",-24.0,-0.1,True,9.504631247421752,0.07036741444444444,7.036741444444444,9.4122375,0.06511666666666667,6.511666666666667
7.0%,0.07036741444444444,7.036741444444444,Nygaard2022,"TurbOPark, A=0.04",0.0,0.0,True,9.504631249490169,0.07036741444444444,7.036741444444444,9.399858333333333,0.0643375,6.433750000000001
7.0%,0.07036741444444444,7.036741444444444,Nygaard2022,"TurbOPark, A=0.04",24.0,0.1,True,9.504631249905026,0.07036741444444444,7.036741444444444,9.390833333333333,0.0645125,6.45125
7.0%,0.07036741444444444,7.036741444444444,Nygaard2022,"TurbOPark, A=0.04",48.0,0.2,True,9.504631249983346,0.07036741444444444,7.036741444444444,9.401724999999999,0.06418333333333334,6.418333333333334
7.0%,0.07036741444444444,7.036741444444444,Nygaard2022,"TurbOPark, A=0.04",72.0,0.3,True,9.50463124999725,0.07036741444444444,7.036741444444444,9.425683333333332,0.06534166666666666,6.534166666666666
7.0%,0.07036741444444444,7.036741444444444,Nygaard2022,"TurbOPark, A=0.04",96.0,0.4,True,9.504631249999571,0.07036741444444444,7.036741444444444,9.436187499999999,0.066125,6.612500000000001
7.0%,0.07036741444444444,7.036741444444444,Nygaard2022,"TurbOPark, A=0.04",120.0,0.5,True,9.504631249999937,0.07036741444444444,7.036741444444444,9.446220833333333,0.06587083333333334,6.587083333333334
7.0%,0.07036741444444444,7.036741444444444,Nygaard2022,"TurbOPark, A=0.04",144.0,0.6,False,9.504631249999981,0.07036741444444444,7.036741444444444,9.454516666666667,0.06472916666666667,6.472916666666667
7.0%,0.07036741444444444,7.036741444444444,Nygaard2022,"TurbOPark, A=0.04",168.0,0.7,False,9.504631249999884,0.07036741444444444,7.036741444444444,9.461245833333333,0.06357083333333333,6.357083333333333
7.0%,0.07036741444444444,7.036741444444444,Nygaard2022,"TurbOPark, A=0.04",192.0,0.8,False,9.50463124999913,0.07036741444444444,7.036741444444444,9.475733333333334,0.06333749999999999,6.333749999999999
7.0%,0.07036741444444444,7.036741444444444,Nygaard2022,"TurbOPark, A=0.04",216.0,0.9,False,9.504631249993924,0.07036741444444444,7.036741444444444,9.506470833333335,0.06306250000000001,6.30625
7.0%,0.07036741444444444,7.036741444444444,Nygaard2022,"TurbOPark, A=0.04",240.0,1.0,False,9.504631249960282,0.07036741444444444,7.036741444444444,9.532470833333333,0.06269583333333333,6.269583333333332
7.0%,0.07036741444444444,7.036741444444444,Nygaard2022,"TurbOPark, A=0.04",264.0,1.1,False,9.50463124975717,0.07036741444444444,7.036741444444444,9.545858333333333,0.06177083333333333,6.177083333333333
7.0%,0.07036741444444444,7.036741444444444,Nygaard2022,"TurbOPark, A=0.04",288.0,1.2,False,9.504631248611734,0.07036741444444444,7.036741444444444,9.569254166666667,0.06141666666666667,6.141666666666667
7.0%,0.07036741444444444,7.036741444444444,Nygaard2022,"TurbOPark, A=0.04",312.0,1.3,False,9.50463124257843,0.07036741444444444,7.036741444444444,9.5913375,0.0604875,6.04875
7.0%,0.07036741444444444,7.036741444444444,Nygaard2022,"TurbOPark, A=0.04",336.0,1.4,False,9.504631212899701,0.07036741444444444,7.036741444444444,9.626554166666667,0.05984166666666667,5.984166666666667
7.0%,0.07036741444444444,7.036741444444444,Nygaard2022,"TurbOPark, A=0.04",360.0,1.5,False,9.504631076570801,0.07036741444444444,7.036741444444444,9.660479166666669,0.059725,5.9725
7.0%,0.07036741444444444,7.036741444444444,Nygaard2022_A0.06,"TurbOPark, A=0.06",-360.0,-1.5,False,9.443102524762095,0.07036741444444444,7.036741444444444,9.598033333333333,0.07964166666666667,7.964166666666666
7.0%,0.07036741444444444,7.036741444444444,Nygaard2022_A0.06,"TurbOPark, A=0.06",-336.0,-1.4,False,9.471971683740732,0.07036741444444444,7.036741444444444,9.664883333333334,0.07103333333333334,7.1033333333333335
7.0%,0.07036741444444444,7.036741444444444,Nygaard2022_A0.06,"TurbOPark, A=0.06",-312.0,-1.3,False,9.488123000235039,0.07036741444444444,7.036741444444444,9.697524999999999,0.06685416666666666,6.685416666666666
7.0%,0.07036741444444444,7.036741444444444,Nygaard2022_A0.06,"TurbOPark, A=0.06",-288.0,-1.2,False,9.49668527263571,0.07036741444444444,7.036741444444444,9.711779166666666,0.06429166666666666,6.429166666666666
7.0%,0.07036741444444444,7.036741444444444,Nygaard2022_A0.06,"TurbOPark, A=0.06",-264.0,-1.1,False,9.500989194730566,0.07036741444444444,7.036741444444444,9.701479166666667,0.06229583333333333,6.229583333333332
7.0%,0.07036741444444444,7.036741444444444,Nygaard2022_A0.06,"TurbOPark, A=0.06",-240.0,-1.0,False,9.503041621562497,0.07036741444444444,7.036741444444444,9.678258333333332,0.060220833333333335,6.022083333333334
7.0%,0.07036741444444444,7.036741444444444,Nygaard2022_A0.06,"TurbOPark, A=0.06",-216.0,-0.9,False,9.503970522423664,0.07036741444444444,7.036741444444444,9.651975,0.05992499999999999,5.992499999999999
7.0%,0.07036741444444444,7.036741444444444,Nygaard2022_A0.06,"TurbOPark, A=0.06",-192.0,-0.8,False,9.50436970210919,0.07036741444444444,7.036741444444444,9.618895833333333,0.06112916666666667,6.112916666666667
7.0%,0.07036741444444444,7.036741444444444,Nygaard2022_A0.06,"TurbOPark, A=0.06",-168.0,-0.7,False,9.504532658704393,0.07036741444444444,7.036741444444444,9.5817375,0.060920833333333334,6.092083333333333
7.0%,0.07036741444444444,7.036741444444444,Nygaard2022_A0.06,"TurbOPark, A=0.06",-144.0,-0.6,False,9.50459585990526,0.07036741444444444,7.036741444444444,9.5519,0.06190416666666666,6.190416666666667
7.0%,0.07036741444444444,7.036741444444444,Nygaard2022_A0.06,"TurbOPark, A=0.06",-120.0,-0.5,True,9.504619153006708,0.07036741444444444,7.036741444444444,9.51755,0.062412499999999996,6.24125
7.0%,0.07036741444444444,7.036741444444444,Nygaard2022_A0.06,"TurbOPark, A=0.06",-96.0,-0.4,True,9.504627312487102,0.07036741444444444,7.036741444444444,9.4800375,0.06288333333333333,6.288333333333333
7.0%,0.07036741444444444,7.036741444444444,Nygaard2022_A0.06,"TurbOPark, A=0.06",-72.0,-0.3,True,9.504630029574303,0.07036741444444444,7.036741444444444,9.449545833333334,0.06375833333333333,6.3758333333333335
7.0%,0.07036741444444444,7.036741444444444,Nygaard2022_A0.06,"TurbOPark, A=0.06",-48.0,-0.2,True,9.504630889802272,0.07036741444444444,7.036741444444444,9.428104166666666,0.06434166666666667,6.434166666666667
7.0%,0.07036741444444444,7.036741444444444,Nygaard2022_A0.06,"TurbOPark, A=0.06",-24.0,-0.1,True,9.504631148770752,0.07036741444444444,7.036741444444444,9.4122375,0.06511666666666667,6.511666666666667
7.0%,0.07036741444444444,7.036741444444444,Nygaard2022_A0.06,"TurbOPark, A=0.06",0.0,0.0,True,9.50463122290341,0.07036741444444444,7.036741444444444,9.399858333333333,0.0643375,6.433750000000001
7.0%,0.07036741444444444,7.036741444444444,Nygaard2022_A0.06,"TurbOPark, A=0.06",24.0,0.1,True,9.504631243092252,0.07036741444444444,7.036741444444444,9.390833333333333,0.0645125,6.45125
7.0%,0.07036741444444444,7.036741444444444,Nygaard2022_A0.06,"TurbOPark, A=0.06",48.0,0.2,True,9.504631248323097,0.07036741444444444,7.036741444444444,9.401724999999999,0.06418333333333334,6.418333333333334
7.0%,0.07036741444444444,7.036741444444444,Nygaard2022_A0.06,"TurbOPark, A=0.06",72.0,0.3,True,9.504631249612363,0.07036741444444444,7.036741444444444,9.425683333333332,0.06534166666666666,6.534166666666666
7.0%,0.07036741444444444,7.036741444444444,Nygaard2022_A0.06,"TurbOPark, A=0.06",96.0,0.4,True,9.504631249914674,0.07036741444444444,7.036741444444444,9.436187499999999,0.066125,6.612500000000001
7.0%,0.07036741444444444,7.036741444444444,Nygaard2022_A0.06,"TurbOPark, A=0.06",120.0,0.5,True,9.504631249982111,0.07036741444444444,7.036741444444444,9.446220833333333,0.06587083333333334,6.587083333333334
7.0%,0.07036741444444444,7.036741444444444,Nygaard2022_A0.06,"TurbOPark, A=0.06",144.0,0.6,False,9.504631249995938,0.07036741444444444,7.036741444444444,9.454516666666667,0.06472916666666667,6.472916666666667
7.0%,0.07036741444444444,7.036741444444444,Nygaard2022_A0.06,"TurbOPark, A=0.06",168.0,0.7,False,9.504631249988737,0.07036741444444444,7.036741444444444,9.461245833333333,0.06357083333333333,6.357083333333333
7.0%,0.07036741444444444,7.036741444444444,Nygaard2022_A0.06,"TurbOPark, A=0.06",192.0,0.8,False,9.50463124993831,0.07036741444444444,7.036741444444444,9.475733333333334,0.06333749999999999,6.333749999999999
7.0%,0.07036741444444444,7.036741444444444,Nygaard2022_A0.06,"TurbOPark, A=0.06",216.0,0.9,False,9.504631249680216,0.07036741444444444,7.036741444444444,9.506470833333335,0.06306250000000001,6.30625
7.0%,0.07036741444444444,7.036741444444444,Nygaard2022_A0.06,"TurbOPark, A=0.06",240.0,1.0,False,9.504631248433007,0.07036741444444444,7.036741444444444,9.532470833333333,0.06269583333333333,6.269583333333332
7.0%,0.07036741444444444,7.036741444444444,Nygaard2022_A0.06,"TurbOPark, A=0.06",264.0,1.1,False,9.504631242744992,0.07036741444444444,7.036741444444444,9.545858333333333,0.06177083333333333,6.177083333333333
7.0%,0.07036741444444444,7.036741444444444,Nygaard2022_A0.06,"TurbOPark, A=0.06",288.0,1.2,False,9.504631218267743,0.07036741444444444,7.036741444444444,9.569254166666667,0.06141666666666667,6.141666666666667
7.0%,0.07036741444444444,7.036741444444444,Nygaard2022_A0.06,"TurbOPark, A=0.06",312.0,1.3,False,9.504631118880553,0.07036741444444444,7.036741444444444,9.5913375,0.0604875,6.04875
7.0%,0.07036741444444444,7.036741444444444,Nygaard2022_A0.06,"TurbOPark, A=0.06",336.0,1.4,False,9.504630738145021,0.07036741444444444,7.036741444444444,9.626554166666667,0.05984166666666667,5.984166666666667
7.0%,0.07036741444444444,7.036741444444444,Nygaard2022_A0.06,"TurbOPark, A=0.06",360.0,1.5,False,9.504629362116916,0.07036741444444444,7.036741444444444,9.660479166666669,0.059725,5.9725
7.7%,0.07653482888888888,7.653482888888888,BPA2014,BPA,-360.0,-1.5,False,9.367030348959432,0.07653482888888888,7.653482888888888,9.598033333333333,0.07964166666666667,7.964166666666666
7.7%,0.07653482888888888,7.653482888888888,BPA2014,BPA,-336.0,-1.4,False,9.414226419165212,0.07653482888888888,7.653482888888888,9.664883333333334,0.07103333333333334,7.1033333333333335
7.7%,0.07653482888888888,7.653482888888888,BPA2014,BPA,-312.0,-1.3,False,9.447130059100152,0.07653482888888888,7.653482888888888,9.697524999999999,0.06685416666666666,6.685416666666666
7.7%,0.07653482888888888,7.653482888888888,BPA2014,BPA,-288.0,-1.2,False,9.469225248587957,0.07653482888888888,7.653482888888888,9.711779166666666,0.06429166666666666,6.429166666666666
7.7%,0.07653482888888888,7.653482888888888,BPA2014,BPA,-264.0,-1.1,False,9.483525938486723,0.07653482888888888,7.653482888888888,9.701479166666667,0.06229583333333333,6.229583333333332
7.7%,0.07653482888888888,7.653482888888888,BPA2014,BPA,-240.0,-1.0,False,9.492451973434875,0.07653482888888888,7.653482888888888,9.678258333333332,0.060220833333333335,6.022083333333334
7.7%,0.07653482888888888,7.653482888888888,BPA2014,BPA,-216.0,-0.9,False,9.49782722250904,0.07653482888888888,7.653482888888888,9.651975,0.05992499999999999,5.992499999999999
7.7%,0.07653482888888888,7.653482888888888,BPA2014,BPA,-192.0,-0.8,False,9.500951439381552,0.07653482888888888,7.653482888888888,9.618895833333333,0.06112916666666667,6.112916666666667
7.7%,0.07653482888888888,7.653482888888888,BPA2014,BPA,-168.0,-0.7,False,9.502704613790195,0.07653482888888888,7.653482888888888,9.5817375,0.060920833333333334,6.092083333333333
7.7%,0.07653482888888888,7.653482888888888,BPA2014,BPA,-144.0,-0.6,False,9.503654712759817,0.07653482888888888,7.653482888888888,9.5519,0.06190416666666666,6.190416666666667
7.7%,0.07653482888888888,7.653482888888888,BPA2014,BPA,-120.0,-0.5,True,9.504152076554538,0.07653482888888888,7.653482888888888,9.51755,0.062412499999999996,6.24125
7.7%,0.07653482888888888,7.653482888888888,BPA2014,BPA,-96.0,-0.4,True,9.504403629424601,0.07653482888888888,7.653482888888888,9.4800375,0.06288333333333333,6.288333333333333
7.7%,0.07653482888888888,7.653482888888888,BPA2014,BPA,-72.0,-0.3,True,9.504526574478671,0.07653482888888888,7.653482888888888,9.449545833333334,0.06375833333333333,6.3758333333333335
7.7%,0.07653482888888888,7.653482888888888,BPA2014,BPA,-48.0,-0.2,True,9.504584649176682,0.07653482888888888,7.653482888888888,9.428104166666666,0.06434166666666667,6.434166666666667
7.7%,0.07653482888888888,7.653482888888888,BPA2014,BPA,-24.0,-0.1,True,9.504611165691289,0.07653482888888888,7.653482888888888,9.4122375,0.06511666666666667,6.511666666666667
7.7%,0.07653482888888888,7.653482888888888,BPA2014,BPA,0.0,0.0,True,9.504622870173476,0.07653482888888888,7.653482888888888,9.399858333333333,0.0643375,6.433750000000001
7.7%,0.07653482888888888,7.653482888888888,BPA2014,BPA,24.0,0.1,True,9.504627865238989,0.07653482888888888,7.653482888888888,9.390833333333333,0.0645125,6.45125
7.7%,0.07653482888888888,7.653482888888888,BPA2014,BPA,48.0,0.2,True,9.504629926463766,0.07653482888888888,7.653482888888888,9.401724999999999,0.06418333333333334,6.418333333333334
7.7%,0.07653482888888888,7.653482888888888,BPA2014,BPA,72.0,0.3,True,9.504630748975984,0.07653482888888888,7.653482888888888,9.425683333333332,0.06534166666666666,6.534166666666666
7.7%,0.07653482888888888,7.653482888888888,BPA2014,BPA,96.0,0.4,True,9.504631066389809,0.07653482888888888,7.653482888888888,9.436187499999999,0.066125,6.612500000000001
7.7%,0.07653482888888888,7.653482888888888,BPA2014,BPA,120.0,0.5,True,9.50463118485801,0.07653482888888888,7.653482888888888,9.446220833333333,0.06587083333333334,6.587083333333334
7.7%,0.07653482888888888,7.653482888888888,BPA2014,BPA,144.0,0.6,False,9.504631227617022,0.07653482888888888,7.653482888888888,9.454516666666667,0.06472916666666667,6.472916666666667
7.7%,0.07653482888888888,7.653482888888888,BPA2014,BPA,168.0,0.7,False,9.504631242507063,0.07653482888888888,7.653482888888888,9.461245833333333,0.06357083333333333,6.357083333333333
7.7%,0.07653482888888888,7.653482888888888,BPA2014,BPA,192.0,0.8,False,9.504631247338127,0.07653482888888888,7.653482888888888,9.475733333333334,0.06333749999999999,6.333749999999999
7.7%,0.07653482888888888,7.653482888888888,BPA2014,BPA,216.0,0.9,False,9.50463124800282,0.07653482888888888,7.653482888888888,9.506470833333335,0.06306250000000001,6.30625
7.7%,0.07653482888888888,7.653482888888888,BPA2014,BPA,240.0,1.0,False,9.504631244226658,0.07653482888888888,7.653482888888888,9.532470833333333,0.06269583333333333,6.269583333333332
7.7%,0.07653482888888888,7.653482888888888,BPA2014,BPA,264.0,1.1,False,9.504631226603353,0.07653482888888888,7.653482888888888,9.545858333333333,0.06177083333333333,6.177083333333333
7.7%,0.07653482888888888,7.653482888888888,BPA2014,BPA,288.0,1.2,False,9.504631156955547,0.07653482888888888,7.653482888888888,9.569254166666667,0.06141666666666667,6.141666666666667
7.7%,0.07653482888888888,7.653482888888888,BPA2014,BPA,312.0,1.3,False,9.504630898294456,0.07653482888888888,7.653482888888888,9.5913375,0.0604875,6.04875
7.7%,0.07653482888888888,7.653482888888888,BPA2014,BPA,336.0,1.4,False,9.504629989218493,0.07653482888888888,7.653482888888888,9.626554166666667,0.05984166666666667,5.984166666666667
7.7%,0.07653482888888888,7.653482888888888,BPA2014,BPA,360.0,1.5,False,9.50462696448455,0.07653482888888888,7.653482888888888,9.660479166666669,0.059725,5.9725
7.7%,0.07653482888888888,7.653482888888888,NPA2016,NPA,-360.0,-1.5,False,9.363265921950077,0.07653482888888888,7.653482888888888,9.598033333333333,0.07964166666666667,7.964166666666666
7.7%,0.07653482888888888,7.653482888888888,NPA2016,NPA,-336.0,-1.4,False,9.410995319680875,0.07653482888888888,7.653482888888888,9.664883333333334,0.07103333333333334,7.1033333333333335
7.7%,0.07653482888888888,7.653482888888888,NPA2016,NPA,-312.0,-1.3,False,9.444549823759484,0.07653482888888888,7.653482888888888,9.697524999999999,0.06685416666666666,6.685416666666666
7.7%,0.07653482888888888,7.653482888888888,NPA2016,NPA,-288.0,-1.2,False,9.467287188937584,0.07653482888888888,7.653482888888888,9.711779166666666,0.06429166666666666,6.429166666666666
7.7%,0.07653482888888888,7.653482888888888,NPA2016,NPA,-264.0,-1.1,False,9.482146748314717,0.07653482888888888,7.653482888888888,9.701479166666667,0.06229583333333333,6.229583333333332
7.7%,0.07653482888888888,7.653482888888888,NPA2016,NPA,-240.0,-1.0,False,9.49151765401734,0.07653482888888888,7.653482888888888,9.678258333333332,0.060220833333333335,6.022083333333334
7.7%,0.07653482888888888,7.653482888888888,NPA2016,NPA,-216.0,-0.9,False,9.497222701052028,0.07653482888888888,7.653482888888888,9.651975,0.05992499999999999,5.992499999999999
7.7%,0.07653482888888888,7.653482888888888,NPA2016,NPA,-192.0,-0.8,False,9.50057656273946,0.07653482888888888,7.653482888888888,9.618895833333333,0.06112916666666667,6.112916666666667
7.7%,0.07653482888888888,7.653482888888888,NPA2016,NPA,-168.0,-0.7,False,9.502481471154065,0.07653482888888888,7.653482888888888,9.5817375,0.060920833333333334,6.092083333333333
7.7%,0.07653482888888888,7.653482888888888,NPA2016,NPA,-144.0,-0.6,False,9.503527153411904,0.07653482888888888,7.653482888888888,9.5519,0.06190416666666666,6.190416666666667
7.7%,0.07653482888888888,7.653482888888888,NPA2016,NPA,-120.0,-0.5,True,9.504081971334433,0.07653482888888888,7.653482888888888,9.51755,0.062412499999999996,6.24125
7.7%,0.07653482888888888,7.653482888888888,NPA2016,NPA,-96.0,-0.4,True,9.504366554873938,0.07653482888888888,7.653482888888888,9.4800375,0.06288333333333333,6.288333333333333
7.7%,0.07653482888888888,7.653482888888888,NPA2016,NPA,-72.0,-0.3,True,9.504507694650314,0.07653482888888888,7.653482888888888,9.449545833333334,0.06375833333333333,6.3758333333333335
7.7%,0.07653482888888888,7.653482888888888,NPA2016,NPA,-48.0,-0.2,True,9.504575376100174,0.07653482888888888,7.653482888888888,9.428104166666666,0.06434166666666667,6.434166666666667
7.7%,0.07653482888888888,7.653482888888888,NPA2016,NPA,-24.0,-0.1,True,9.504606771208088,0.07653482888888888,7.653482888888888,9.4122375,0.06511666666666667,6.511666666666667
7.7%,0.07653482888888888,7.653482888888888,NPA2016,NPA,0.0,0.0,True,9.504620861849304,0.07653482888888888,7.653482888888888,9.399858333333333,0.0643375,6.433750000000001
7.7%,0.07653482888888888,7.653482888888888,NPA2016,NPA,24.0,0.1,True,9.504626979801237,0.07653482888888888,7.653482888888888,9.390833333333333,0.0645125,6.45125
7.7%,0.07653482888888888,7.653482888888888,NPA2016,NPA,48.0,0.2,True,9.504629549746898,0.07653482888888888,7.653482888888888,9.401724999999999,0.06418333333333334,6.418333333333334
7.7%,0.07653482888888888,7.653482888888888,NPA2016,NPA,72.0,0.3,True,9.504630594264736,0.07653482888888888,7.653482888888888,9.425683333333332,0.06534166666666666,6.534166666666666
7.7%,0.07653482888888888,7.653482888888888,NPA2016,NPA,96.0,0.4,True,9.504631004982237,0.07653482888888888,7.653482888888888,9.436187499999999,0.066125,6.612500000000001
7.7%,0.07653482888888888,7.653482888888888,NPA2016,NPA,120.0,0.5,True,9.504631161296198,0.07653482888888888,7.653482888888888,9.446220833333333,0.06587083333333334,6.587083333333334
7.7%,0.07653482888888888,7.653482888888888,NPA2016,NPA,144.0,0.6,False,9.504631218880979,0.07653482888888888,7.653482888888888,9.454516666666667,0.06472916666666667,6.472916666666667
7.7%,0.07653482888888888,7.653482888888888,NPA2016,NPA,168.0,0.7,False,9.504631239358734,0.07653482888888888,7.653482888888888,9.461245833333333,0.06357083333333333,6.357083333333333
7.7%,0.07653482888888888,7.653482888888888,NPA2016,NPA,192.0,0.8,False,9.504631246154625,0.07653482888888888,7.653482888888888,9.475733333333334,0.06333749999999999,6.333749999999999
7.7%,0.07653482888888888,7.653482888888888,NPA2016,NPA,216.0,0.9,False,9.504631247201798,0.07653482888888888,7.653482888888888,9.506470833333335,0.06306250000000001,6.30625
7.7%,0.07653482888888888,7.653482888888888,NPA2016,NPA,240.0,1.0,False,9.504631242323375,0.07653482888888888,7.653482888888888,9.532470833333333,0.06269583333333333,6.269583333333332
7.7%,0.07653482888888888,7.653482888888888,NPA2016,NPA,264.0,1.1,False,9.504631219704157,0.07653482888888888,7.653482888888888,9.545858333333333,0.06177083333333333,6.177083333333333
7.7%,0.07653482888888888,7.653482888888888,NPA2016,NPA,288.0,1.2,False,9.504631132027665,0.07653482888888888,7.653482888888888,9.569254166666667,0.06141666666666667,6.141666666666667
7.7%,0.07653482888888888,7.653482888888888,NPA2016,NPA,312.0,1.3,False,9.504630812815567,0.07653482888888888,7.653482888888888,9.5913375,0.0604875,6.04875
7.7%,0.07653482888888888,7.653482888888888,NPA2016,NPA,336.0,1.4,False,9.504629712288498,0.07653482888888888,7.653482888888888,9.626554166666667,0.05984166666666667,5.984166666666667
7.7%,0.07653482888888888,7.653482888888888,NPA2016,NPA,360.0,1.5,False,9.504626116183545,0.07653482888888888,7.653482888888888,9.660479166666669,0.059725,5.9725
7.7%,0.07653482888888888,7.653482888888888,Nygaard2022,"TurbOPark, A=0.04",-360.0,-1.5,False,9.47085290200305,0.07653482888888888,7.653482888888888,9.598033333333333,0.07964166666666667,7.964166666666666
7.7%,0.07653482888888888,7.653482888888888,Nygaard2022,"TurbOPark, A=0.04",-336.0,-1.4,False,9.48907864680344,0.07653482888888888,7.653482888888888,9.664883333333334,0.07103333333333334,7.1033333333333335
7.7%,0.07653482888888888,7.653482888888888,Nygaard2022,"TurbOPark, A=0.04",-312.0,-1.3,False,9.49788605643962,0.07653482888888888,7.653482888888888,9.697524999999999,0.06685416666666666,6.685416666666666
7.7%,0.07653482888888888,7.653482888888888,Nygaard2022,"TurbOPark, A=0.04",-288.0,-1.2,False,9.5018762217469,0.07653482888888888,7.653482888888888,9.711779166666666,0.06429166666666666,6.429166666666666
7.7%,0.07653482888888888,7.653482888888888,Nygaard2022,"TurbOPark, A=0.04",-264.0,-1.1,False,9.503571193264317,0.07653482888888888,7.653482888888888,9.701479166666667,0.06229583333333333,6.229583333333332
7.7%,0.07653482888888888,7.653482888888888,Nygaard2022,"TurbOPark, A=0.04",-240.0,-1.0,False,9.504247174644163,0.07653482888888888,7.653482888888888,9.678258333333332,0.060220833333333335,6.022083333333334
7.7%,0.07653482888888888,7.653482888888888,Nygaard2022,"TurbOPark, A=0.04",-216.0,-0.9,False,9.50450013836381,0.07653482888888888,7.653482888888888,9.651975,0.05992499999999999,5.992499999999999
7.7%,0.07653482888888888,7.653482888888888,Nygaard2022,"TurbOPark, A=0.04",-192.0,-0.8,False,9.50458911226256,0.07653482888888888,7.653482888888888,9.618895833333333,0.06112916666666667,6.112916666666667
7.7%,0.07653482888888888,7.653482888888888,Nygaard2022,"TurbOPark, A=0.04",-168.0,-0.7,False,9.504618487695728,0.07653482888888888,7.653482888888888,9.5817375,0.060920833333333334,6.092083333333333
7.7%,0.07653482888888888,7.653482888888888,Nygaard2022,"TurbOPark, A=0.04",-144.0,-0.6,False,9.504627611242388,0.07653482888888888,7.653482888888888,9.5519,0.06190416666666666,6.190416666666667
7.7%,0.07653482888888888,7.653482888888888,Nygaard2022,"TurbOPark, A=0.04",-120.0,-0.5,True,9.504630272333928,0.07653482888888888,7.653482888888888,9.51755,0.062412499999999996,6.24125
7.7%,0.07653482888888888,7.653482888888888,Nygaard2022,"TurbOPark, A=0.04",-96.0,-0.4,True,9.504631002702459,0.07653482888888888,7.653482888888888,9.4800375,0.06288333333333333,6.288333333333333
7.7%,0.07653482888888888,7.653482888888888,Nygaard2022,"TurbOPark, A=0.04",-72.0,-0.3,True,9.504631191058234,0.07653482888888888,7.653482888888888,9.449545833333334,0.06375833333333333,6.3758333333333335
7.7%,0.07653482888888888,7.653482888888888,Nygaard2022,"TurbOPark, A=0.04",-48.0,-0.2,True,9.504631236772767,0.07653482888888888,7.653482888888888,9.428104166666666,0.06434166666666667,6.434166666666667
7.7%,0.07653482888888888,7.653482888888888,Nygaard2022,"TurbOPark, A=0.04",-24.0,-0.1,True,9.504631247203442,0.07653482888888888,7.653482888888888,9.4122375,0.06511666666666667,6.511666666666667
7.7%,0.07653482888888888,7.653482888888888,Nygaard2022,"TurbOPark, A=0.04",0.0,0.0,True,9.504631249443198,0.07653482888888888,7.653482888888888,9.399858333333333,0.0643375,6.433750000000001
7.7%,0.07653482888888888,7.653482888888888,Nygaard2022,"TurbOPark, A=0.04",24.0,0.1,True,9.504631249895578,0.07653482888888888,7.653482888888888,9.390833333333333,0.0645125,6.45125
7.7%,0.07653482888888888,7.653482888888888,Nygaard2022,"TurbOPark, A=0.04",48.0,0.2,True,9.504631249981554,0.07653482888888888,7.653482888888888,9.401724999999999,0.06418333333333334,6.418333333333334
7.7%,0.07653482888888888,7.653482888888888,Nygaard2022,"TurbOPark, A=0.04",72.0,0.3,True,9.504631249996931,0.07653482888888888,7.653482888888888,9.425683333333332,0.06534166666666666,6.534166666666666
7.7%,0.07653482888888888,7.653482888888888,Nygaard2022,"TurbOPark, A=0.04",96.0,0.4,True,9.504631249999518,0.07653482888888888,7.653482888888888,9.436187499999999,0.066125,6.612500000000001
7.7%,0.07653482888888888,7.653482888888888,Nygaard2022,"TurbOPark, A=0.04",120.0,0.5,True,9.504631249999928,0.07653482888888888,7.653482888888888,9.446220833333333,0.06587083333333334,6.587083333333334
7.7%,0.07653482888888888,7.653482888888888,Nygaard2022,"TurbOPark, A=0.04",144.0,0.6,False,9.504631249999981,0.07653482888888888,7.653482888888888,9.454516666666667,0.06472916666666667,6.472916666666667
7.7%,0.07653482888888888,7.653482888888888,Nygaard2022,"TurbOPark, A=0.04",168.0,0.7,False,9.504631249999877,0.07653482888888888,7.653482888888888,9.461245833333333,0.06357083333333333,6.357083333333333
7.7%,0.07653482888888888,7.653482888888888,Nygaard2022,"TurbOPark, A=0.04",192.0,0.8,False,9.504631249999083,0.07653482888888888,7.653482888888888,9.475733333333334,0.06333749999999999,6.333749999999999
7.7%,0.07653482888888888,7.653482888888888,Nygaard2022,"TurbOPark, A=0.04",216.0,0.9,False,9.504631249993611,0.07653482888888888,7.653482888888888,9.506470833333335,0.06306250000000001,6.30625
7.7%,0.07653482888888888,7.653482888888888,Nygaard2022,"TurbOPark, A=0.04",240.0,1.0,False,9.504631249958386,0.07653482888888888,7.653482888888888,9.532470833333333,0.06269583333333333,6.269583333333332
7.7%,0.07653482888888888,7.653482888888888,Nygaard2022,"TurbOPark, A=0.04",264.0,1.1,False,9.504631249746515,0.07653482888888888,7.653482888888888,9.545858333333333,0.06177083333333333,6.177083333333333
7.7%,0.07653482888888888,7.653482888888888,Nygaard2022,"TurbOPark, A=0.04",288.0,1.2,False,9.504631248555954,0.07653482888888888,7.653482888888888,9.569254166666667,0.06141666666666667,6.141666666666667
7.7%,0.07653482888888888,7.653482888888888,Nygaard2022,"TurbOPark, A=0.04",312.0,1.3,False,9.50463124230654,0.07653482888888888,7.653482888888888,9.5913375,0.0604875,6.04875
7.7%,0.07653482888888888,7.653482888888888,Nygaard2022,"TurbOPark, A=0.04",336.0,1.4,False,9.504631211666366,0.07653482888888888,7.653482888888888,9.626554166666667,0.05984166666666667,5.984166666666667
7.7%,0.07653482888888888,7.653482888888888,Nygaard2022,"TurbOPark, A=0.04",360.0,1.5,False,9.504631071329017,0.07653482888888888,7.653482888888888,9.660479166666669,0.059725,5.9725
7.7%,0.07653482888888888,7.653482888888888,Nygaard2022_A0.06,"TurbOPark, A=0.06",-360.0,-1.5,False,9.442208769260533,0.07653482888888888,7.653482888888888,9.598033333333333,0.07964166666666667,7.964166666666666
7.7%,0.07653482888888888,7.653482888888888,Nygaard2022_A0.06,"TurbOPark, A=0.06",-336.0,-1.4,False,9.471380609591838,0.07653482888888888,7.653482888888888,9.664883333333334,0.07103333333333334,7.1033333333333335
7.7%,0.07653482888888888,7.653482888888888,Nygaard2022_A0.06,"TurbOPark, A=0.06",-312.0,-1.3,False,9.48776037409591,0.07653482888888888,7.653482888888888,9.697524999999999,0.06685416666666666,6.685416666666666
7.7%,0.07653482888888888,7.653482888888888,Nygaard2022_A0.06,"TurbOPark, A=0.06",-288.0,-1.2,False,9.496477578824944,0.07653482888888888,7.653482888888888,9.711779166666666,0.06429166666666666,6.429166666666666
7.7%,0.07653482888888888,7.653482888888888,Nygaard2022_A0.06,"TurbOPark, A=0.06",-264.0,-1.1,False,9.500877666624994,0.07653482888888888,7.653482888888888,9.701479166666667,0.06229583333333333,6.229583333333332
7.7%,0.07653482888888888,7.653482888888888,Nygaard2022_A0.06,"TurbOPark, A=0.06",-240.0,-1.0,False,9.502985304386778,0.07653482888888888,7.653482888888888,9.678258333333332,0.060220833333333335,6.022083333333334
7.7%,0.07653482888888888,7.653482888888888,Nygaard2022_A0.06,"TurbOPark, A=0.06",-216.0,-0.9,False,9.503943769153587,0.07653482888888888,7.653482888888888,9.651975,0.05992499999999999,5.992499999999999
7.7%,0.07653482888888888,7.653482888888888,Nygaard2022_A0.06,"TurbOPark, A=0.06",-192.0,-0.8,False,9.504357735427252,0.07653482888888888,7.653482888888888,9.618895833333333,0.06112916666666667,6.112916666666667
7.7%,0.07653482888888888,7.653482888888888,Nygaard2022_A0.06,"TurbOPark, A=0.06",-168.0,-0.7,False,9.50452759611553,0.07653482888888888,7.653482888888888,9.5817375,0.060920833333333334,6.092083333333333
7.7%,0.07653482888888888,7.653482888888888,Nygaard2022_A0.06,"TurbOPark, A=0.06",-144.0,-0.6,False,9.504593830154189,0.07653482888888888,7.653482888888888,9.5519,0.06190416666666666,6.190416666666667
7.7%,0.07653482888888888,7.653482888888888,Nygaard2022_A0.06,"TurbOPark, A=0.06",-120.0,-0.5,True,9.504618382327118,0.07653482888888888,7.653482888888888,9.51755,0.062412499999999996,6.24125
7.7%,0.07653482888888888,7.653482888888888,Nygaard2022_A0.06,"TurbOPark, A=0.06",-96.0,-0.4,True,9.504627035179096,0.07653482888888888,7.653482888888888,9.4800375,0.06288333333333333,6.288333333333333
7.7%,0.07653482888888888,7.653482888888888,Nygaard2022_A0.06,"TurbOPark, A=0.06",-72.0,-0.3,True,9.50462993495994,0.07653482888888888,7.653482888888888,9.449545833333334,0.06375833333333333,6.3758333333333335
7.7%,0.07653482888888888,7.653482888888888,Nygaard2022_A0.06,"TurbOPark, A=0.06",-48.0,-0.2,True,9.504630859178222,0.07653482888888888,7.653482888888888,9.428104166666666,0.06434166666666667,6.434166666666667
7.7%,0.07653482888888888,7.653482888888888,Nygaard2022_A0.06,"TurbOPark, A=0.06",-24.0,-0.1,True,9.504631139363653,0.07653482888888888,7.653482888888888,9.4122375,0.06511666666666667,6.511666666666667
7.7%,0.07653482888888888,7.653482888888888,Nygaard2022_A0.06,"TurbOPark, A=0.06",0.0,0.0,True,9.504631220167099,0.07653482888888888,7.653482888888888,9.399858333333333,0.0643375,6.433750000000001
7.7%,0.07653482888888888,7.653482888888888,Nygaard2022_A0.06,"TurbOPark, A=0.06",24.0,0.1,True,9.504631242337492,0.07653482888888888,7.653482888888888,9.390833333333333,0.0645125,6.45125
7.7%,0.07653482888888888,7.653482888888888,Nygaard2022_A0.06,"TurbOPark, A=0.06",48.0,0.2,True,9.504631248125337,0.07653482888888888,7.653482888888888,9.401724999999999,0.06418333333333334,6.418333333333334
7.7%,0.07653482888888888,7.653482888888888,Nygaard2022_A0.06,"TurbOPark, A=0.06",72.0,0.3,True,9.50463124956313,0.07653482888888888,7.653482888888888,9.425683333333332,0.06534166666666666,6.534166666666666
7.7%,0.07653482888888888,7.653482888888888,Nygaard2022_A0.06,"TurbOPark, A=0.06",96.0,0.4,True,9.504631249903026,0.07653482888888888,7.653482888888888,9.436187499999999,0.066125,6.612500000000001
7.7%,0.07653482888888888,7.653482888888888,Nygaard2022_A0.06,"TurbOPark, A=0.06",120.0,0.5,True,9.504631249979493,0.07653482888888888,7.653482888888888,9.446220833333333,0.06587083333333334,6.587083333333334
7.7%,0.07653482888888888,7.653482888888888,Nygaard2022_A0.06,"TurbOPark, A=0.06",144.0,0.6,False,9.504631249995375,0.07653482888888888,7.653482888888888,9.454516666666667,0.06472916666666667,6.472916666666667
7.7%,0.07653482888888888,7.653482888888888,Nygaard2022_A0.06,"TurbOPark, A=0.06",168.0,0.7,False,9.504631249987954,0.07653482888888888,7.653482888888888,9.461245833333333,0.06357083333333333,6.357083333333333
7.7%,0.07653482888888888,7.653482888888888,Nygaard2022_A0.06,"TurbOPark, A=0.06",192.0,0.8,False,9.504631249934352,0.07653482888888888,7.653482888888888,9.475733333333334,0.06333749999999999,6.333749999999999
7.7%,0.07653482888888888,7.653482888888888,Nygaard2022_A0.06,"TurbOPark, A=0.06",216.0,0.9,False,9.504631249661136,0.07653482888888888,7.653482888888888,9.506470833333335,0.06306250000000001,6.30625
7.7%,0.07653482888888888,7.653482888888888,Nygaard2022_A0.06,"TurbOPark, A=0.06",240.0,1.0,False,9.504631248346294,0.07653482888888888,7.653482888888888,9.532470833333333,0.06269583333333333,6.269583333333332
7.7%,0.07653482888888888,7.653482888888888,Nygaard2022_A0.06,"TurbOPark, A=0.06",264.0,1.1,False,9.504631242375359,0.07653482888888888,7.653482888888888,9.545858333333333,0.06177083333333333,6.177083333333333
7.7%,0.07653482888888888,7.653482888888888,Nygaard2022_A0.06,"TurbOPark, A=0.06",288.0,1.2,False,9.504631216785768,0.07653482888888888,7.653482888888888,9.569254166666667,0.06141666666666667,6.141666666666667
7.7%,0.07653482888888888,7.653482888888888,Nygaard2022_A0.06,"TurbOPark, A=0.06",312.0,1.3,False,9.504631113294089,0.07653482888888888,7.653482888888888,9.5913375,0.0604875,6.04875
7.7%,0.07653482888888888,7.653482888888888,Nygaard2022_A0.06,"TurbOPark, A=0.06",336.0,1.4,False,9.504630718193646,0.07653482888888888,7.653482888888888,9.626554166666667,0.05984166666666667,5.984166666666667
7.7%,0.07653482888888888,7.653482888888888,Nygaard2022_A0.06,"TurbOPark, A=0.06",360.0,1.5,False,9.504629294670636,0.07653482888888888,7.653482888888888,9.660479166666669,0.059725,5.9725
8.3%,0.08270224333333333,8.270224333333333,BPA2014,BPA,-360.0,-1.5,False,9.367030348959432,0.08270224333333333,8.270224333333333,9.598033333333333,0.07964166666666667,7.964166666666666
8.3%,0.08270224333333333,8.270224333333333,BPA2014,BPA,-336.0,-1.4,False,9.414226419165212,0.08270224333333333,8.270224333333333,9.664883333333334,0.07103333333333334,7.1033333333333335
8.3%,0.08270224333333333,8.270224333333333,BPA2014,BPA,-312.0,-1.3,False,9.447130059100152,0.08270224333333333,8.270224333333333,9.697524999999999,0.06685416666666666,6.685416666666666
8.3%,0.08270224333333333,8.270224333333333,BPA2014,BPA,-288.0,-1.2,False,9.469225248587957,0.08270224333333333,8.270224333333333,9.711779166666666,0.06429166666666666,6.429166666666666
8.3%,0.08270224333333333,8.270224333333333,BPA2014,BPA,-264.0,-1.1,False,9.483525938486723,0.08270224333333333,8.270224333333333,9.701479166666667,0.06229583333333333,6.229583333333332
8.3%,0.08270224333333333,8.270224333333333,BPA2014,BPA,-240.0,-1.0,False,9.492451973434875,0.08270224333333333,8.270224333333333,9.678258333333332,0.060220833333333335,6.022083333333334
8.3%,0.08270224333333333,8.270224333333333,BPA2014,BPA,-216.0,-0.9,False,9.49782722250904,0.08270224333333333,8.270224333333333,9.651975,0.05992499999999999,5.992499999999999
8.3%,0.08270224333333333,8.270224333333333,BPA2014,BPA,-192.0,-0.8,False,9.500951439381552,0.08270224333333333,8.270224333333333,9.618895833333333,0.06112916666666667,6.112916666666667
8.3%,0.08270224333333333,8.270224333333333,BPA2014,BPA,-168.0,-0.7,False,9.502704613790195,0.08270224333333333,8.270224333333333,9.5817375,0.060920833333333334,6.092083333333333
8.3%,0.08270224333333333,8.270224333333333,BPA2014,BPA,-144.0,-0.6,False,9.503654712759817,0.08270224333333333,8.270224333333333,9.5519,0.06190416666666666,6.190416666666667
8.3%,0.08270224333333333,8.270224333333333,BPA2014,BPA,-120.0,-0.5,True,9.504152076554538,0.08270224333333333,8.270224333333333,9.51755,0.062412499999999996,6.24125
8.3%,0.08270224333333333,8.270224333333333,BPA2014,BPA,-96.0,-0.4,True,9.504403629424601,0.08270224333333333,8.270224333333333,9.4800375,0.06288333333333333,6.288333333333333
8.3%,0.08270224333333333,8.270224333333333,BPA2014,BPA,-72.0,-0.3,True,9.504526574478671,0.08270224333333333,8.270224333333333,9.449545833333334,0.06375833333333333,6.3758333333333335
8.3%,0.08270224333333333,8.270224333333333,BPA2014,BPA,-48.0,-0.2,True,9.504584649176682,0.08270224333333333,8.270224333333333,9.428104166666666,0.06434166666666667,6.434166666666667
8.3%,0.08270224333333333,8.270224333333333,BPA2014,BPA,-24.0,-0.1,True,9.504611165691289,0.08270224333333333,8.270224333333333,9.4122375,0.06511666666666667,6.511666666666667
8.3%,0.08270224333333333,8.270224333333333,BPA2014,BPA,0.0,0.0,True,9.504622870173476,0.08270224333333333,8.270224333333333,9.399858333333333,0.0643375,6.433750000000001
8.3%,0.08270224333333333,8.270224333333333,BPA2014,BPA,24.0,0.1,True,9.504627865238989,0.08270224333333333,8.270224333333333,9.390833333333333,0.0645125,6.45125
8.3%,0.08270224333333333,8.270224333333333,BPA2014,BPA,48.0,0.2,True,9.504629926463766,0.08270224333333333,8.270224333333333,9.401724999999999,0.06418333333333334,6.418333333333334
8.3%,0.08270224333333333,8.270224333333333,BPA2014,BPA,72.0,0.3,True,9.504630748975984,0.08270224333333333,8.270224333333333,9.425683333333332,0.06534166666666666,6.534166666666666
8.3%,0.08270224333333333,8.270224333333333,BPA2014,BPA,96.0,0.4,True,9.504631066389809,0.08270224333333333,8.270224333333333,9.436187499999999,0.066125,6.612500000000001
8.3%,0.08270224333333333,8.270224333333333,BPA2014,BPA,120.0,0.5,True,9.50463118485801,0.08270224333333333,8.270224333333333,9.446220833333333,0.06587083333333334,6.587083333333334
8.3%,0.08270224333333333,8.270224333333333,BPA2014,BPA,144.0,0.6,False,9.504631227617022,0.08270224333333333,8.270224333333333,9.454516666666667,0.06472916666666667,6.472916666666667
8.3%,0.08270224333333333,8.270224333333333,BPA2014,BPA,168.0,0.7,False,9.504631242507063,0.08270224333333333,8.270224333333333,9.461245833333333,0.06357083333333333,6.357083333333333
8.3%,0.08270224333333333,8.270224333333333,BPA2014,BPA,192.0,0.8,False,9.504631247338127,0.08270224333333333,8.270224333333333,9.475733333333334,0.06333749999999999,6.333749999999999
8.3%,0.08270224333333333,8.270224333333333,BPA2014,BPA,216.0,0.9,False,9.50463124800282,0.08270224333333333,8.270224333333333,9.506470833333335,0.06306250000000001,6.30625
8.3%,0.08270224333333333,8.270224333333333,BPA2014,BPA,240.0,1.0,False,9.504631244226658,0.08270224333333333,8.270224333333333,9.532470833333333,0.06269583333333333,6.269583333333332
8.3%,0.08270224333333333,8.270224333333333,BPA2014,BPA,264.0,1.1,False,9.504631226603353,0.08270224333333333,8.270224333333333,9.545858333333333,0.06177083333333333,6.177083333333333
8.3%,0.08270224333333333,8.270224333333333,BPA2014,BPA,288.0,1.2,False,9.504631156955547,0.08270224333333333,8.270224333333333,9.569254166666667,0.06141666666666667,6.141666666666667
8.3%,0.08270224333333333,8.270224333333333,BPA2014,BPA,312.0,1.3,False,9.504630898294456,0.08270224333333333,8.270224333333333,9.5913375,0.0604875,6.04875
8.3%,0.08270224333333333,8.270224333333333,BPA2014,BPA,336.0,1.4,False,9.504629989218493,0.08270224333333333,8.270224333333333,9.626554166666667,0.05984166666666667,5.984166666666667
8.3%,0.08270224333333333,8.270224333333333,BPA2014,BPA,360.0,1.5,False,9.50462696448455,0.08270224333333333,8.270224333333333,9.660479166666669,0.059725,5.9725
8.3%,0.08270224333333333,8.270224333333333,NPA2016,NPA,-360.0,-1.5,False,9.348795081344555,0.08270224333333333,8.270224333333333,9.598033333333333,0.07964166666666667,7.964166666666666
8.3%,0.08270224333333333,8.270224333333333,NPA2016,NPA,-336.0,-1.4,False,9.398231120891493,0.08270224333333333,8.270224333333333,9.664883333333334,0.07103333333333334,7.1033333333333335
8.3%,0.08270224333333333,8.270224333333333,NPA2016,NPA,-312.0,-1.3,False,9.434093028185307,0.08270224333333333,8.270224333333333,9.697524999999999,0.06685416666666666,6.685416666666666
8.3%,0.08270224333333333,8.270224333333333,NPA2016,NPA,-288.0,-1.2,False,9.45922336990113,0.08270224333333333,8.270224333333333,9.711779166666666,0.06429166666666666,6.429166666666666
8.3%,0.08270224333333333,8.270224333333333,NPA2016,NPA,-264.0,-1.1,False,9.476249464159126,0.08270224333333333,8.270224333333333,9.701479166666667,0.06229583333333333,6.229583333333332
8.3%,0.08270224333333333,8.270224333333333,NPA2016,NPA,-240.0,-1.0,False,9.487406738304907,0.08270224333333333,8.270224333333333,9.678258333333332,0.060220833333333335,6.022083333333334
8.3%,0.08270224333333333,8.270224333333333,NPA2016,NPA,-216.0,-0.9,False,9.494481641200636,0.08270224333333333,8.270224333333333,9.651975,0.05992499999999999,5.992499999999999
8.3%,0.08270224333333333,8.270224333333333,NPA2016,NPA,-192.0,-0.8,False,9.498824369666048,0.08270224333333333,8.270224333333333,9.618895833333333,0.06112916666666667,6.112916666666667
8.3%,0.08270224333333333,8.270224333333333,NPA2016,NPA,-168.0,-0.7,False,9.501405394444888,0.08270224333333333,8.270224333333333,9.5817375,0.060920833333333334,6.092083333333333
8.3%,0.08270224333333333,8.270224333333333,NPA2016,NPA,-144.0,-0.6,False,9.502891048533751,0.08270224333333333,8.270224333333333,9.5519,0.06190416666666666,6.190416666666667
8.3%,0.08270224333333333,8.270224333333333,NPA2016,NPA,-120.0,-0.5,True,9.503719763876923,0.08270224333333333,8.270224333333333,9.51755,0.062412499999999996,6.24125
8.3%,0.08270224333333333,8.270224333333333,NPA2016,NPA,-96.0,-0.4,True,9.504167704685864,0.08270224333333333,8.270224333333333,9.4800375,0.06288333333333333,6.288333333333333
8.3%,0.08270224333333333,8.270224333333333,NPA2016,NPA,-72.0,-0.3,True,9.5044023630314,0.08270224333333333,8.270224333333333,9.449545833333334,0.06375833333333333,6.3758333333333335
8.3%,0.08270224333333333,8.270224333333333,NPA2016,NPA,-48.0,-0.2,True,9.504521518520209,0.08270224333333333,8.270224333333333,9.428104166666666,0.06434166666666667,6.434166666666667
8.3%,0.08270224333333333,8.270224333333333,NPA2016,NPA,-24.0,-0.1,True,9.50458017093777,0.08270224333333333,8.270224333333333,9.4122375,0.06511666666666667,6.511666666666667
8.3%,0.08270224333333333,8.270224333333333,NPA2016,NPA,0.0,0.0,True,9.504608158500597,0.08270224333333333,8.270224333333333,9.399858333333333,0.0643375,6.433750000000001
8.3%,0.08270224333333333,8.270224333333333,NPA2016,NPA,24.0,0.1,True,9.504621114402429,0.08270224333333333,8.270224333333333,9.390833333333333,0.0645125,6.45125
8.3%,0.08270224333333333,8.270224333333333,NPA2016,NPA,48.0,0.2,True,9.504626930546742,0.08270224333333333,8.270224333333333,9.401724999999999,0.06418333333333334,6.418333333333334
8.3%,0.08270224333333333,8.270224333333333,NPA2016,NPA,72.0,0.3,True,9.504629462754401,0.08270224333333333,8.270224333333333,9.425683333333332,0.06534166666666666,6.534166666666666
8.3%,0.08270224333333333,8.270224333333333,NPA2016,NPA,96.0,0.4,True,9.504630532023693,0.08270224333333333,8.270224333333333,9.436187499999999,0.066125,6.612500000000001
8.3%,0.08270224333333333,8.270224333333333,NPA2016,NPA,120.0,0.5,True,9.504630969949606,0.08270224333333333,8.270224333333333,9.446220833333333,0.06587083333333334,6.587083333333334
8.3%,0.08270224333333333,8.270224333333333,NPA2016,NPA,144.0,0.6,False,9.504631143844792,0.08270224333333333,8.270224333333333,9.454516666666667,0.06472916666666667,6.472916666666667
8.3%,0.08270224333333333,8.270224333333333,NPA2016,NPA,168.0,0.7,False,9.504631210688945,0.08270224333333333,8.270224333333333,9.461245833333333,0.06357083333333333,6.357083333333333
8.3%,0.08270224333333333,8.270224333333333,NPA2016,NPA,192.0,0.8,False,9.504631234800707,0.08270224333333333,8.270224333333333,9.475733333333334,0.06333749999999999,6.333749999999999
8.3%,0.08270224333333333,8.270224333333333,NPA2016,NPA,216.0,0.9,False,9.504631239873039,0.08270224333333333,8.270224333333333,9.506470833333335,0.06306250000000001,6.30625
8.3%,0.08270224333333333,8.270224333333333,NPA2016,NPA,240.0,1.0,False,9.504631227246325,0.08270224333333333,8.270224333333333,9.532470833333333,0.06269583333333333,6.269583333333332
8.3%,0.08270224333333333,8.270224333333333,NPA2016,NPA,264.0,1.1,False,9.504631169247505,0.08270224333333333,8.270224333333333,9.545858333333333,0.06177083333333333,6.177083333333333
8.3%,0.08270224333333333,8.270224333333333,NPA2016,NPA,288.0,1.2,False,9.504630959867987,0.08270224333333333,8.270224333333333,9.569254166666667,0.06141666666666667,6.141666666666667
8.3%,0.08270224333333333,8.270224333333333,NPA2016,NPA,312.0,1.3,False,9.504630252160752,0.08270224333333333,8.270224333333333,9.5913375,0.0604875,6.04875
8.3%,0.08270224333333333,8.270224333333333,NPA2016,NPA,336.0,1.4,False,9.504627982658764,0.08270224333333333,8.270224333333333,9.626554166666667,0.05984166666666667,5.984166666666667
8.3%,0.08270224333333333,8.270224333333333,NPA2016,NPA,360.0,1.5,False,9.504621068191149,0.08270224333333333,8.270224333333333,9.660479166666669,0.059725,5.9725
8.3%,0.08270224333333333,8.270224333333333,Nygaard2022,"TurbOPark, A=0.04",-360.0,-1.5,False,9.470355785050199,0.08270224333333333,8.270224333333333,9.598033333333333,0.07964166666666667,7.964166666666666
8.3%,0.08270224333333333,8.270224333333333,Nygaard2022,"TurbOPark, A=0.04",-336.0,-1.4,False,9.488794090522704,0.08270224333333333,8.270224333333333,9.664883333333334,0.07103333333333334,7.1033333333333335
8.3%,0.08270224333333333,8.270224333333333,Nygaard2022,"TurbOPark, A=0.04",-312.0,-1.3,False,9.497738250153493,0.08270224333333333,8.270224333333333,9.697524999999999,0.06685416666666666,6.685416666666666
8.3%,0.08270224333333333,8.270224333333333,Nygaard2022,"TurbOPark, A=0.04",-288.0,-1.2,False,9.501804401931404,0.08270224333333333,8.270224333333333,9.711779166666666,0.06429166666666666,6.429166666666666
8.3%,0.08270224333333333,8.270224333333333,Nygaard2022,"TurbOPark, A=0.04",-264.0,-1.1,False,9.503539096384976,0.08270224333333333,8.270224333333333,9.701479166666667,0.06229583333333333,6.229583333333332
8.3%,0.08270224333333333,8.270224333333333,Nygaard2022,"TurbOPark, A=0.04",-240.0,-1.0,False,9.504233752814553,0.08270224333333333,8.270224333333333,9.678258333333332,0.060220833333333335,6.022083333333334
8.3%,0.08270224333333333,8.270224333333333,Nygaard2022,"TurbOPark, A=0.04",-216.0,-0.9,False,9.504494921797464,0.08270224333333333,8.270224333333333,9.651975,0.05992499999999999,5.992499999999999
8.3%,0.08270224333333333,8.270224333333333,Nygaard2022,"TurbOPark, A=0.04",-192.0,-0.8,False,9.504587215177104,0.08270224333333333,8.270224333333333,9.618895833333333,0.06112916666666667,6.112916666666667
8.3%,0.08270224333333333,8.270224333333333,Nygaard2022,"TurbOPark, A=0.04",-168.0,-0.7,False,9.504617843959284,0.08270224333333333,8.270224333333333,9.5817375,0.060920833333333334,6.092083333333333
8.3%,0.08270224333333333,8.270224333333333,Nygaard2022,"TurbOPark, A=0.04",-144.0,-0.6,False,9.504627405974889,0.08270224333333333,8.270224333333333,9.5519,0.06190416666666666,6.190416666666667
8.3%,0.08270224333333333,8.270224333333333,Nygaard2022,"TurbOPark, A=0.04",-120.0,-0.5,True,9.504630211487967,0.08270224333333333,8.270224333333333,9.51755,0.062412499999999996,6.24125
8.3%,0.08270224333333333,8.270224333333333,Nygaard2022,"TurbOPark, A=0.04",-96.0,-0.4,True,9.50463098563865,0.08270224333333333,8.270224333333333,9.4800375,0.06288333333333333,6.288333333333333
8.3%,0.08270224333333333,8.270224333333333,Nygaard2022,"TurbOPark, A=0.04",-72.0,-0.3,True,9.504631186627773,0.08270224333333333,8.270224333333333,9.449545833333334,0.06375833333333333,6.3758333333333335
8.3%,0.08270224333333333,8.270224333333333,Nygaard2022,"TurbOPark, A=0.04",-48.0,-0.2,True,9.504631235677643,0.08270224333333333,8.270224333333333,9.428104166666666,0.06434166666666667,6.434166666666667
8.3%,0.08270224333333333,8.270224333333333,Nygaard2022,"TurbOPark, A=0.04",-24.0,-0.1,True,9.504631246952382,0.08270224333333333,8.270224333333333,9.4122375,0.06511666666666667,6.511666666666667
8.3%,0.08270224333333333,8.270224333333333,Nygaard2022,"TurbOPark, A=0.04",0.0,0.0,True,9.504631249388753,0.08270224333333333,8.270224333333333,9.399858333333333,0.0643375,6.433750000000001
8.3%,0.08270224333333333,8.270224333333333,Nygaard2022,"TurbOPark, A=0.04",24.0,0.1,True,9.504631249884522,0.08270224333333333,8.270224333333333,9.390833333333333,0.0645125,6.45125
8.3%,0.08270224333333333,8.270224333333333,Nygaard2022,"TurbOPark, A=0.04",48.0,0.2,True,9.50463124997945,0.08270224333333333,8.270224333333333,9.401724999999999,0.06418333333333334,6.418333333333334
8.3%,0.08270224333333333,8.270224333333333,Nygaard2022,"TurbOPark, A=0.04",72.0,0.3,True,9.504631249996553,0.08270224333333333,8.270224333333333,9.425683333333332,0.06534166666666666,6.534166666666666
8.3%,0.08270224333333333,8.270224333333333,Nygaard2022,"TurbOPark, A=0.04",96.0,0.4,True,9.504631249999456,0.08270224333333333,8.270224333333333,9.436187499999999,0.066125,6.612500000000001
8.3%,0.08270224333333333,8.270224333333333,Nygaard2022,"TurbOPark, A=0.04",120.0,0.5,True,9.504631249999917,0.08270224333333333,8.270224333333333,9.446220833333333,0.06587083333333334,6.587083333333334
8.3%,0.08270224333333333,8.270224333333333,Nygaard2022,"TurbOPark, A=0.04",144.0,0.6,False,9.50463124999998,0.08270224333333333,8.270224333333333,9.454516666666667,0.06472916666666667,6.472916666666667
8.3%,0.08270224333333333,8.270224333333333,Nygaard2022,"TurbOPark, A=0.04",168.0,0.7,False,9.504631249999868,0.08270224333333333,8.270224333333333,9.461245833333333,0.06357083333333333,6.357083333333333
8.3%,0.08270224333333333,8.270224333333333,Nygaard2022,"TurbOPark, A=0.04",192.0,0.8,False,9.504631249999028,0.08270224333333333,8.270224333333333,9.475733333333334,0.06333749999999999,6.333749999999999
8.3%,0.08270224333333333,8.270224333333333,Nygaard2022,"TurbOPark, A=0.04",216.0,0.9,False,9.50463124999326,0.08270224333333333,8.270224333333333,9.506470833333335,0.06306250000000001,6.30625
8.3%,0.08270224333333333,8.270224333333333,Nygaard2022,"TurbOPark, A=0.04",240.0,1.0,False,9.504631249956276,0.08270224333333333,8.270224333333333,9.532470833333333,0.06269583333333333,6.269583333333332
8.3%,0.08270224333333333,8.270224333333333,Nygaard2022,"TurbOPark, A=0.04",264.0,1.1,False,9.504631249734707,0.08270224333333333,8.270224333333333,9.545858333333333,0.06177083333333333,6.177083333333333
8.3%,0.08270224333333333,8.270224333333333,Nygaard2022,"TurbOPark, A=0.04",288.0,1.2,False,9.50463124849442,0.08270224333333333,8.270224333333333,9.569254166666667,0.06141666666666667,6.141666666666667
8.3%,0.08270224333333333,8.270224333333333,Nygaard2022,"TurbOPark, A=0.04",312.0,1.3,False,9.50463124200339,0.08270224333333333,8.270224333333333,9.5913375,0.0604875,6.04875
8.3%,0.08270224333333333,8.270224333333333,Nygaard2022,"TurbOPark, A=0.04",336.0,1.4,False,9.504631210274765,0.08270224333333333,8.270224333333333,9.626554166666667,0.05984166666666667,5.984166666666667
8.3%,0.08270224333333333,8.270224333333333,Nygaard2022,"TurbOPark, A=0.04",360.0,1.5,False,9.504631065423167,0.08270224333333333,8.270224333333333,9.660479166666669,0.059725,5.9725
8.3%,0.08270224333333333,8.270224333333333,Nygaard2022_A0.06,"TurbOPark, A=0.06",-360.0,-1.5,False,9.441253316749963,0.08270224333333333,8.270224333333333,9.598033333333333,0.07964166666666667,7.964166666666666
8.3%,0.08270224333333333,8.270224333333333,Nygaard2022_A0.06,"TurbOPark, A=0.06",-336.0,-1.4,False,9.470745465431953,0.08270224333333333,8.270224333333333,9.664883333333334,0.07103333333333334,7.1033333333333335
8.3%,0.08270224333333333,8.270224333333333,Nygaard2022_A0.06,"TurbOPark, A=0.06",-312.0,-1.3,False,9.487368793180945,0.08270224333333333,8.270224333333333,9.697524999999999,0.06685416666666666,6.685416666666666
8.3%,0.08270224333333333,8.270224333333333,Nygaard2022_A0.06,"TurbOPark, A=0.06",-288.0,-1.2,False,9.496252228708318,0.08270224333333333,8.270224333333333,9.711779166666666,0.06429166666666666,6.429166666666666
8.3%,0.08270224333333333,8.270224333333333,Nygaard2022_A0.06,"TurbOPark, A=0.06",-264.0,-1.1,False,9.500756089557802,0.08270224333333333,8.270224333333333,9.701479166666667,0.06229583333333333,6.229583333333332
8.3%,0.08270224333333333,8.270224333333333,Nygaard2022_A0.06,"TurbOPark, A=0.06",-240.0,-1.0,False,9.502923628392614,0.08270224333333333,8.270224333333333,9.678258333333332,0.060220833333333335,6.022083333333334
8.3%,0.08270224333333333,8.270224333333333,Nygaard2022_A0.06,"TurbOPark, A=0.06",-216.0,-0.9,False,9.503914282797325,0.08270224333333333,8.270224333333333,9.651975,0.05992499999999999,5.992499999999999
8.3%,0.08270224333333333,8.270224333333333,Nygaard2022_A0.06,"TurbOPark, A=0.06",-192.0,-0.8,False,9.504344427886217,0.08270224333333333,8.270224333333333,9.618895833333333,0.06112916666666667,6.112916666666667
8.3%,0.08270224333333333,8.270224333333333,Nygaard2022_A0.06,"TurbOPark, A=0.06",-168.0,-0.7,False,9.504521921979443,0.08270224333333333,8.270224333333333,9.5817375,0.060920833333333334,6.092083333333333
8.3%,0.08270224333333333,8.270224333333333,Nygaard2022_A0.06,"TurbOPark, A=0.06",-144.0,-0.6,False,9.50459154400863,0.08270224333333333,8.270224333333333,9.5519,0.06190416666666666,6.190416666666667
8.3%,0.08270224333333333,8.270224333333333,Nygaard2022_A0.06,"TurbOPark, A=0.06",-120.0,-0.5,True,9.504617510018598,0.08270224333333333,8.270224333333333,9.51755,0.062412499999999996,6.24125
8.3%,0.08270224333333333,8.270224333333333,Nygaard2022_A0.06,"TurbOPark, A=0.06",-96.0,-0.4,True,9.504626719752476,0.08270224333333333,8.270224333333333,9.4800375,0.06288333333333333,6.288333333333333
8.3%,0.08270224333333333,8.270224333333333,Nygaard2022_A0.06,"TurbOPark, A=0.06",-72.0,-0.3,True,9.504629826809053,0.08270224333333333,8.270224333333333,9.449545833333334,0.06375833333333333,6.3758333333333335
8.3%,0.08270224333333333,8.270224333333333,Nygaard2022_A0.06,"TurbOPark, A=0.06",-48.0,-0.2,True,9.504630823999618,0.08270224333333333,8.270224333333333,9.428104166666666,0.06434166666666667,6.434166666666667
8.3%,0.08270224333333333,8.270224333333333,Nygaard2022_A0.06,"TurbOPark, A=0.06",-24.0,-0.1,True,9.50463112850393,0.08270224333333333,8.270224333333333,9.4122375,0.06511666666666667,6.511666666666667
8.3%,0.08270224333333333,8.270224333333333,Nygaard2022_A0.06,"TurbOPark, A=0.06",0.0,0.0,True,9.504631216984345,0.08270224333333333,8.270224333333333,9.399858333333333,0.0643375,6.433750000000001
8.3%,0.08270224333333333,8.270224333333333,Nygaard2022_A0.06,"TurbOPark, A=0.06",24.0,0.1,True,9.504631241451635,0.08270224333333333,8.270224333333333,9.390833333333333,0.0645125,6.45125
8.3%,0.08270224333333333,8.270224333333333,Nygaard2022_A0.06,"TurbOPark, A=0.06",48.0,0.2,True,9.50463124789112,0.08270224333333333,8.270224333333333,9.401724999999999,0.06418333333333334,6.418333333333334
8.3%,0.08270224333333333,8.270224333333333,Nygaard2022_A0.06,"TurbOPark, A=0.06",72.0,0.3,True,9.504631249504293,0.08270224333333333,8.270224333333333,9.425683333333332,0.06534166666666666,6.534166666666666
8.3%,0.08270224333333333,8.270224333333333,Nygaard2022_A0.06,"TurbOPark, A=0.06",96.0,0.4,True,9.504631249888979,0.08270224333333333,8.270224333333333,9.436187499999999,0.066125,6.612500000000001
8.3%,0.08270224333333333,8.270224333333333,Nygaard2022_A0.06,"TurbOPark, A=0.06",120.0,0.5,True,9.504631249976304,0.08270224333333333,8.270224333333333,9.446220833333333,0.06587083333333334,6.587083333333334
8.3%,0.08270224333333333,8.270224333333333,Nygaard2022_A0.06,"TurbOPark, A=0.06",144.0,0.6,False,9.504631249994684,0.08270224333333333,8.270224333333333,9.454516666666667,0.06472916666666667,6.472916666666667
8.3%,0.08270224333333333,8.270224333333333,Nygaard2022_A0.06,"TurbOPark, A=0.06",168.0,0.7,False,9.504631249987055,0.08270224333333333,8.270224333333333,9.461245833333333,0.06357083333333333,6.357083333333333
8.3%,0.08270224333333333,8.270224333333333,Nygaard2022_A0.06,"TurbOPark, A=0.06",192.0,0.8,False,9.504631249929826,0.08270224333333333,8.270224333333333,9.475733333333334,0.06333749999999999,6.333749999999999
8.3%,0.08270224333333333,8.270224333333333,Nygaard2022_A0.06,"TurbOPark, A=0.06",216.0,0.9,False,9.504631249639447,0.08270224333333333,8.270224333333333,9.506470833333335,0.06306250000000001,6.30625
8.3%,0.08270224333333333,8.270224333333333,Nygaard2022_A0.06,"TurbOPark, A=0.06",240.0,1.0,False,9.504631248248392,0.08270224333333333,8.270224333333333,9.532470833333333,0.06269583333333333,6.269583333333332
8.3%,0.08270224333333333,8.270224333333333,Nygaard2022_A0.06,"TurbOPark, A=0.06",264.0,1.1,False,9.504631241959613,0.08270224333333333,8.270224333333333,9.545858333333333,0.06177083333333333,6.177083333333333
8.3%,0.08270224333333333,8.270224333333333,Nygaard2022_A0.06,"TurbOPark, A=0.06",288.0,1.2,False,9.504631215125317,0.08270224333333333,8.270224333333333,9.569254166666667,0.06141666666666667,6.141666666666667
8.3%,0.08270224333333333,8.270224333333333,Nygaard2022_A0.06,"TurbOPark, A=0.06",312.0,1.3,False,9.504631107031763,0.08270224333333333,8.270224333333333,9.5913375,0.0604875,6.04875
8.3%,0.08270224333333333,8.270224333333333,Nygaard2022_A0.06,"TurbOPark, A=0.06",336.0,1.4,False,9.504630695841257,0.08270224333333333,8.270224333333333,9.626554166666667,0.05984166666666667,5.984166666666667
8.3%,0.08270224333333333,8.270224333333333,Nygaard2022_A0.06,"TurbOPark, A=0.06",360.0,1.5,False,9.504629220307887,0.08270224333333333,8.270224333333333,9.660479166666669,0.059725,5.9725
8.9%,0.08886965777777778,8.886965777777778,BPA2014,BPA,-360.0,-1.5,False,9.367030348959432,0.08886965777777778,8.886965777777778,9.598033333333333,0.07964166666666667,7.964166666666666
8.9%,0.08886965777777778,8.886965777777778,BPA2014,BPA,-336.0,-1.4,False,9.414226419165212,0.08886965777777778,8.886965777777778,9.664883333333334,0.07103333333333334,7.1033333333333335
8.9%,0.08886965777777778,8.886965777777778,BPA2014,BPA,-312.0,-1.3,False,9.447130059100152,0.08886965777777778,8.886965777777778,9.697524999999999,0.06685416666666666,6.685416666666666
8.9%,0.08886965777777778,8.886965777777778,BPA2014,BPA,-288.0,-1.2,False,9.469225248587957,0.08886965777777778,8.886965777777778,9.711779166666666,0.06429166666666666,6.429166666666666
8.9%,0.08886965777777778,8.886965777777778,BPA2014,BPA,-264.0,-1.1,False,9.483525938486723,0.08886965777777778,8.886965777777778,9.701479166666667,0.06229583333333333,6.229583333333332
8.9%,0.08886965777777778,8.886965777777778,BPA2014,BPA,-240.0,-1.0,False,9.492451973434875,0.08886965777777778,8.886965777777778,9.678258333333332,0.060220833333333335,6.022083333333334
8.9%,0.08886965777777778,8.886965777777778,BPA2014,BPA,-216.0,-0.9,False,9.49782722250904,0.08886965777777778,8.886965777777778,9.651975,0.05992499999999999,5.992499999999999
8.9%,0.08886965777777778,8.886965777777778,BPA2014,BPA,-192.0,-0.8,False,9.500951439381552,0.08886965777777778,8.886965777777778,9.618895833333333,0.06112916666666667,6.112916666666667
8.9%,0.08886965777777778,8.886965777777778,BPA2014,BPA,-168.0,-0.7,False,9.502704613790195,0.08886965777777778,8.886965777777778,9.5817375,0.060920833333333334,6.092083333333333
8.9%,0.08886965777777778,8.886965777777778,BPA2014,BPA,-144.0,-0.6,False,9.503654712759817,0.08886965777777778,8.886965777777778,9.5519,0.06190416666666666,6.190416666666667
8.9%,0.08886965777777778,8.886965777777778,BPA2014,BPA,-120.0,-0.5,True,9.504152076554538,0.08886965777777778,8.886965777777778,9.51755,0.062412499999999996,6.24125
8.9%,0.08886965777777778,8.886965777777778,BPA2014,BPA,-96.0,-0.4,True,9.504403629424601,0.08886965777777778,8.886965777777778,9.4800375,0.06288333333333333,6.288333333333333
8.9%,0.08886965777777778,8.886965777777778,BPA2014,BPA,-72.0,-0.3,True,9.504526574478671,0.08886965777777778,8.886965777777778,9.449545833333334,0.06375833333333333,6.3758333333333335
8.9%,0.08886965777777778,8.886965777777778,BPA2014,BPA,-48.0,-0.2,True,9.504584649176682,0.08886965777777778,8.886965777777778,9.428104166666666,0.06434166666666667,6.434166666666667
8.9%,0.08886965777777778,8.886965777777778,BPA2014,BPA,-24.0,-0.1,True,9.504611165691289,0.08886965777777778,8.886965777777778,9.4122375,0.06511666666666667,6.511666666666667
8.9%,0.08886965777777778,8.886965777777778,BPA2014,BPA,0.0,0.0,True,9.504622870173476,0.08886965777777778,8.886965777777778,9.399858333333333,0.0643375,6.433750000000001
8.9%,0.08886965777777778,8.886965777777778,BPA2014,BPA,24.0,0.1,True,9.504627865238989,0.08886965777777778,8.886965777777778,9.390833333333333,0.0645125,6.45125
8.9%,0.08886965777777778,8.886965777777778,BPA2014,BPA,48.0,0.2,True,9.504629926463766,0.08886965777777778,8.886965777777778,9.401724999999999,0.06418333333333334,6.418333333333334
8.9%,0.08886965777777778,8.886965777777778,BPA2014,BPA,72.0,0.3,True,9.504630748975984,0.08886965777777778,8.886965777777778,9.425683333333332,0.06534166666666666,6.534166666666666
8.9%,0.08886965777777778,8.886965777777778,BPA2014,BPA,96.0,0.4,True,9.504631066389809,0.08886965777777778,8.886965777777778,9.436187499999999,0.066125,6.612500000000001
8.9%,0.08886965777777778,8.886965777777778,BPA2014,BPA,120.0,0.5,True,9.50463118485801,0.08886965777777778,8.886965777777778,9.446220833333333,0.06587083333333334,6.587083333333334
8.9%,0.08886965777777778,8.886965777777778,BPA2014,BPA,144.0,0.6,False,9.504631227617022,0.08886965777777778,8.886965777777778,9.454516666666667,0.06472916666666667,6.472916666666667
8.9%,0.08886965777777778,8.886965777777778,BPA2014,BPA,168.0,0.7,False,9.504631242507063,0.08886965777777778,8.886965777777778,9.461245833333333,0.06357083333333333,6.357083333333333
8.9%,0.08886965777777778,8.886965777777778,BPA2014,BPA,192.0,0.8,False,9.504631247338127,0.08886965777777778,8.886965777777778,9.475733333333334,0.06333749999999999,6.333749999999999
8.9%,0.08886965777777778,8.886965777777778,BPA2014,BPA,216.0,0.9,False,9.50463124800282,0.08886965777777778,8.886965777777778,9.506470833333335,0.06306250000000001,6.30625
8.9%,0.08886965777777778,8.886965777777778,BPA2014,BPA,240.0,1.0,False,9.504631244226658,0.08886965777777778,8.886965777777778,9.532470833333333,0.06269583333333333,6.269583333333332
8.9%,0.08886965777777778,8.886965777777778,BPA2014,BPA,264.0,1.1,False,9.504631226603353,0.08886965777777778,8.886965777777778,9.545858333333333,0.06177083333333333,6.177083333333333
8.9%,0.08886965777777778,8.886965777777778,BPA2014,BPA,288.0,1.2,False,9.504631156955547,0.08886965777777778,8.886965777777778,9.569254166666667,0.06141666666666667,6.141666666666667
8.9%,0.08886965777777778,8.886965777777778,BPA2014,BPA,312.0,1.3,False,9.504630898294456,0.08886965777777778,8.886965777777778,9.5913375,0.0604875,6.04875
8.9%,0.08886965777777778,8.886965777777778,BPA2014,BPA,336.0,1.4,False,9.504629989218493,0.08886965777777778,8.886965777777778,9.626554166666667,0.05984166666666667,5.984166666666667
8.9%,0.08886965777777778,8.886965777777778,BPA2014,BPA,360.0,1.5,False,9.50462696448455,0.08886965777777778,8.886965777777778,9.660479166666669,0.059725,5.9725
8.9%,0.08886965777777778,8.886965777777778,NPA2016,NPA,-360.0,-1.5,False,9.335506191121507,0.08886965777777778,8.886965777777778,9.598033333333333,0.07964166666666667,7.964166666666666
8.9%,0.08886965777777778,8.886965777777778,NPA2016,NPA,-336.0,-1.4,False,9.385975735314071,0.08886965777777778,8.886965777777778,9.664883333333334,0.07103333333333334,7.1033333333333335
8.9%,0.08886965777777778,8.886965777777778,NPA2016,NPA,-312.0,-1.3,False,9.423638234053339,0.08886965777777778,8.886965777777778,9.697524999999999,0.06685416666666666,6.685416666666666
8.9%,0.08886965777777778,8.886965777777778,NPA2016,NPA,-288.0,-1.2,False,9.450834476714064,0.08886965777777778,8.886965777777778,9.711779166666666,0.06429166666666666,6.429166666666666
8.9%,0.08886965777777778,8.886965777777778,NPA2016,NPA,-264.0,-1.1,False,9.469865668899423,0.08886965777777778,8.886965777777778,9.701479166666667,0.06229583333333333,6.229583333333332
8.9%,0.08886965777777778,8.886965777777778,NPA2016,NPA,-240.0,-1.0,False,9.482769750129323,0.08886965777777778,8.886965777777778,9.678258333333332,0.060220833333333335,6.022083333333334
8.9%,0.08886965777777778,8.886965777777778,NPA2016,NPA,-216.0,-0.9,False,9.491255684893035,0.08886965777777778,8.886965777777778,9.651975,0.05992499999999999,5.992499999999999
8.9%,0.08886965777777778,8.886965777777778,NPA2016,NPA,-192.0,-0.8,False,9.496668612562122,0.08886965777777778,8.886965777777778,9.618895833333333,0.06112916666666667,6.112916666666667
8.9%,0.08886965777777778,8.886965777777778,NPA2016,NPA,-168.0,-0.7,False,9.500018770895018,0.08886965777777778,8.886965777777778,9.5817375,0.060920833333333334,6.092083333333333
8.9%,0.08886965777777778,8.886965777777778,NPA2016,NPA,-144.0,-0.6,False,9.5020317815951,0.08886965777777778,8.886965777777778,9.5519,0.06190416666666666,6.190416666666667
8.9%,0.08886965777777778,8.886965777777778,NPA2016,NPA,-120.0,-0.5,True,9.503205593940491,0.08886965777777778,8.886965777777778,9.51755,0.062412499999999996,6.24125
8.9%,0.08886965777777778,8.886965777777778,NPA2016,NPA,-96.0,-0.4,True,9.503870644086108,0.08886965777777778,8.886965777777778,9.4800375,0.06288333333333333,6.288333333333333
8.9%,0.08886965777777778,8.886965777777778,NPA2016,NPA,-72.0,-0.3,True,9.504236291699778,0.08886965777777778,8.886965777777778,9.449545833333334,0.06375833333333333,6.3758333333333335
8.9%,0.08886965777777778,8.886965777777778,NPA2016,NPA,-48.0,-0.2,True,9.504431761224904,0.08886965777777778,8.886965777777778,9.428104166666666,0.06434166666666667,6.434166666666667
8.9%,0.08886965777777778,8.886965777777778,NPA2016,NPA,-24.0,-0.1,True,9.504533178810156,0.08886965777777778,8.886965777777778,9.4122375,0.06511666666666667,6.511666666666667
8.9%,0.08886965777777778,8.886965777777778,NPA2016,NPA,0.0,0.0,True,9.504584351555469,0.08886965777777778,8.886965777777778,9.399858333333333,0.0643375,6.433750000000001
8.9%,0.08886965777777778,8.886965777777778,NPA2016,NPA,24.0,0.1,True,9.504609423581618,0.08886965777777778,8.886965777777778,9.390833333333333,0.0645125,6.45125
8.9%,0.08886965777777778,8.886965777777778,NPA2016,NPA,48.0,0.2,True,9.504621367691584,0.08886965777777778,8.886965777777778,9.401724999999999,0.06418333333333334,6.418333333333334
8.9%,0.08886965777777778,8.886965777777778,NPA2016,NPA,72.0,0.3,True,9.504626896171816,0.08886965777777778,8.886965777777778,9.425683333333332,0.06534166666666666,6.534166666666666
8.9%,0.08886965777777778,8.886965777777778,NPA2016,NPA,96.0,0.4,True,9.504629383539479,0.08886965777777778,8.886965777777778,9.436187499999999,0.066125,6.612500000000001
8.9%,0.08886965777777778,8.886965777777778,NPA2016,NPA,120.0,0.5,True,9.504630471548731,0.08886965777777778,8.886965777777778,9.446220833333333,0.06587083333333334,6.587083333333334
8.9%,0.08886965777777778,8.886965777777778,NPA2016,NPA,144.0,0.6,False,9.50463093381682,0.08886965777777778,8.886965777777778,9.454516666666667,0.06472916666666667,6.472916666666667
8.9%,0.08886965777777778,8.886965777777778,NPA2016,NPA,168.0,0.7,False,9.504631124312075,0.08886965777777778,8.886965777777778,9.461245833333333,0.06357083333333333,6.357083333333333
8.9%,0.08886965777777778,8.886965777777778,NPA2016,NPA,192.0,0.8,False,9.504631198176439,0.08886965777777778,8.886965777777778,9.475733333333334,0.06333749999999999,6.333749999999999
8.9%,0.08886965777777778,8.886965777777778,NPA2016,NPA,216.0,0.9,False,9.504631217046898,0.08886965777777778,8.886965777777778,9.506470833333335,0.06306250000000001,6.30625
8.9%,0.08886965777777778,8.886965777777778,NPA2016,NPA,240.0,1.0,False,9.504631187906126,0.08886965777777778,8.886965777777778,9.532470833333333,0.06269583333333333,6.269583333333332
8.9%,0.08886965777777778,8.886965777777778,NPA2016,NPA,264.0,1.1,False,9.504631051643669,0.08886965777777778,8.886965777777778,9.545858333333333,0.06177083333333333,6.177083333333333
8.9%,0.08886965777777778,8.886965777777778,NPA2016,NPA,288.0,1.2,False,9.504630589465508,0.08886965777777778,8.886965777777778,9.569254166666667,0.06141666666666667,6.141666666666667
8.9%,0.08886965777777778,8.886965777777778,NPA2016,NPA,312.0,1.3,False,9.504629129526776,0.08886965777777778,8.886965777777778,9.5913375,0.0604875,6.04875
8.9%,0.08886965777777778,8.886965777777778,NPA2016,NPA,336.0,1.4,False,9.504624749365716,0.08886965777777778,8.886965777777778,9.626554166666667,0.05984166666666667,5.984166666666667
8.9%,0.08886965777777778,8.886965777777778,NPA2016,NPA,360.0,1.5,False,9.504612228274079,0.08886965777777778,8.886965777777778,9.660479166666669,0.059725,5.9725
8.9%,0.08886965777777778,8.886965777777778,Nygaard2022,"TurbOPark, A=0.04",-360.0,-1.5,False,9.469820070939175,0.08886965777777778,8.886965777777778,9.598033333333333,0.07964166666666667,7.964166666666666
8.9%,0.08886965777777778,8.886965777777778,Nygaard2022,"TurbOPark, A=0.04",-336.0,-1.4,False,9.488490422524551,0.08886965777777778,8.886965777777778,9.664883333333334,0.07103333333333334,7.1033333333333335
8.9%,0.08886965777777778,8.886965777777778,Nygaard2022,"TurbOPark, A=0.04",-312.0,-1.3,False,9.497579089029172,0.08886965777777778,8.886965777777778,9.697524999999999,0.06685416666666666,6.685416666666666
8.9%,0.08886965777777778,8.886965777777778,Nygaard2022,"TurbOPark, A=0.04",-288.0,-1.2,False,9.501726986200346,0.08886965777777778,8.886965777777778,9.711779166666666,0.06429166666666666,6.429166666666666
8.9%,0.08886965777777778,8.886965777777778,Nygaard2022,"TurbOPark, A=0.04",-264.0,-1.1,False,9.503504288040531,0.08886965777777778,8.886965777777778,9.701479166666667,0.06229583333333333,6.229583333333332
8.9%,0.08886965777777778,8.886965777777778,Nygaard2022,"TurbOPark, A=0.04",-240.0,-1.0,False,9.504219145786553,0.08886965777777778,8.886965777777778,9.678258333333332,0.060220833333333335,6.022083333333334
8.9%,0.08886965777777778,8.886965777777778,Nygaard2022,"TurbOPark, A=0.04",-216.0,-0.9,False,9.504489210518171,0.08886965777777778,8.886965777777778,9.651975,0.05992499999999999,5.992499999999999
8.9%,0.08886965777777778,8.886965777777778,Nygaard2022,"TurbOPark, A=0.04",-192.0,-0.8,False,9.50458512550871,0.08886965777777778,8.886965777777778,9.618895833333333,0.06112916666666667,6.112916666666667
8.9%,0.08886965777777778,8.886965777777778,Nygaard2022,"TurbOPark, A=0.04",-168.0,-0.7,False,9.504617132556861,0.08886965777777778,8.886965777777778,9.5817375,0.060920833333333334,6.092083333333333
8.9%,0.08886965777777778,8.886965777777778,Nygaard2022,"TurbOPark, A=0.04",-144.0,-0.6,False,9.504627177761014,0.08886965777777778,8.886965777777778,9.5519,0.06190416666666666,6.190416666666667
8.9%,0.08886965777777778,8.886965777777778,Nygaard2022,"TurbOPark, A=0.04",-120.0,-0.5,True,9.504630143418646,0.08886965777777778,8.886965777777778,9.51755,0.062412499999999996,6.24125
8.9%,0.08886965777777778,8.886965777777778,Nygaard2022,"TurbOPark, A=0.04",-96.0,-0.4,True,9.50463096649085,0.08886965777777778,8.886965777777778,9.4800375,0.06288333333333333,6.288333333333333
8.9%,0.08886965777777778,8.886965777777778,Nygaard2022,"TurbOPark, A=0.04",-72.0,-0.3,True,9.50463118156123,0.08886965777777778,8.886965777777778,9.449545833333334,0.06375833333333333,6.3758333333333335
8.9%,0.08886965777777778,8.886965777777778,Nygaard2022,"TurbOPark, A=0.04",-48.0,-0.2,True,9.504631234437433,0.08886965777777778,8.886965777777778,9.428104166666666,0.06434166666666667,6.434166666666667
8.9%,0.08886965777777778,8.886965777777778,Nygaard2022,"TurbOPark, A=0.04",-24.0,-0.1,True,9.504631246662381,0.08886965777777778,8.886965777777778,9.4122375,0.06511666666666667,6.511666666666667
8.9%,0.08886965777777778,8.886965777777778,Nygaard2022,"TurbOPark, A=0.04",0.0,0.0,True,9.50463124932577,0.08886965777777778,8.886965777777778,9.399858333333333,0.0643375,6.433750000000001
8.9%,0.08886965777777778,8.886965777777778,Nygaard2022,"TurbOPark, A=0.04",24.0,0.1,True,9.504631249871668,0.08886965777777778,8.886965777777778,9.390833333333333,0.0645125,6.45125
8.9%,0.08886965777777778,8.886965777777778,Nygaard2022,"TurbOPark, A=0.04",48.0,0.2,True,9.504631249976965,0.08886965777777778,8.886965777777778,9.401724999999999,0.06418333333333334,6.418333333333334
8.9%,0.08886965777777778,8.886965777777778,Nygaard2022,"TurbOPark, A=0.04",72.0,0.3,True,9.504631249996105,0.08886965777777778,8.886965777777778,9.425683333333332,0.06534166666666666,6.534166666666666
8.9%,0.08886965777777778,8.886965777777778,Nygaard2022,"TurbOPark, A=0.04",96.0,0.4,True,9.50463124999938,0.08886965777777778,8.886965777777778,9.436187499999999,0.066125,6.612500000000001
8.9%,0.08886965777777778,8.886965777777778,Nygaard2022,"TurbOPark, A=0.04",120.0,0.5,True,9.504631249999907,0.08886965777777778,8.886965777777778,9.446220833333333,0.06587083333333334,6.587083333333334
8.9%,0.08886965777777778,8.886965777777778,Nygaard2022,"TurbOPark, A=0.04",144.0,0.6,False,9.504631249999978,0.08886965777777778,8.886965777777778,9.454516666666667,0.06472916666666667,6.472916666666667
8.9%,0.08886965777777778,8.886965777777778,Nygaard2022,"TurbOPark, A=0.04",168.0,0.7,False,9.504631249999859,0.08886965777777778,8.886965777777778,9.461245833333333,0.06357083333333333,6.357083333333333
8.9%,0.08886965777777778,8.886965777777778,Nygaard2022,"TurbOPark, A=0.04",192.0,0.8,False,9.504631249998967,0.08886965777777778,8.886965777777778,9.475733333333334,0.06333749999999999,6.333749999999999
8.9%,0.08886965777777778,8.886965777777778,Nygaard2022,"TurbOPark, A=0.04",216.0,0.9,False,9.504631249992865,0.08886965777777778,8.886965777777778,9.506470833333335,0.06306250000000001,6.30625
8.9%,0.08886965777777778,8.886965777777778,Nygaard2022,"TurbOPark, A=0.04",240.0,1.0,False,9.504631249953924,0.08886965777777778,8.886965777777778,9.532470833333333,0.06269583333333333,6.269583333333332
8.9%,0.08886965777777778,8.886965777777778,Nygaard2022,"TurbOPark, A=0.04",264.0,1.1,False,9.504631249721507,0.08886965777777778,8.886965777777778,9.545858333333333,0.06177083333333333,6.177083333333333
8.9%,0.08886965777777778,8.886965777777778,Nygaard2022,"TurbOPark, A=0.04",288.0,1.2,False,9.504631248424692,0.08886965777777778,8.886965777777778,9.569254166666667,0.06141666666666667,6.141666666666667
8.9%,0.08886965777777778,8.886965777777778,Nygaard2022,"TurbOPark, A=0.04",312.0,1.3,False,9.504631241665031,0.08886965777777778,8.886965777777778,9.5913375,0.0604875,6.04875
8.9%,0.08886965777777778,8.886965777777778,Nygaard2022,"TurbOPark, A=0.04",336.0,1.4,False,9.504631208748286,0.08886965777777778,8.886965777777778,9.626554166666667,0.05984166666666667,5.984166666666667
8.9%,0.08886965777777778,8.886965777777778,Nygaard2022,"TurbOPark, A=0.04",360.0,1.5,False,9.504631059017987,0.08886965777777778,8.886965777777778,9.660479166666669,0.059725,5.9725
8.9%,0.08886965777777778,8.886965777777778,Nygaard2022_A0.06,"TurbOPark, A=0.06",-360.0,-1.5,False,9.44023729561908,0.08886965777777778,8.886965777777778,9.598033333333333,0.07964166666666667,7.964166666666666
8.9%,0.08886965777777778,8.886965777777778,Nygaard2022_A0.06,"TurbOPark, A=0.06",-336.0,-1.4,False,9.47006672263177,0.08886965777777778,8.886965777777778,9.664883333333334,0.07103333333333334,7.1033333333333335
8.9%,0.08886965777777778,8.886965777777778,Nygaard2022_A0.06,"TurbOPark, A=0.06",-312.0,-1.3,False,9.486948353604209,0.08886965777777778,8.886965777777778,9.697524999999999,0.06685416666666666,6.685416666666666
8.9%,0.08886965777777778,8.886965777777778,Nygaard2022_A0.06,"TurbOPark, A=0.06",-288.0,-1.2,False,9.496009158699763,0.08886965777777778,8.886965777777778,9.711779166666666,0.06429166666666666,6.429166666666666
8.9%,0.08886965777777778,8.886965777777778,Nygaard2022_A0.06,"TurbOPark, A=0.06",-264.0,-1.1,False,9.500624362516353,0.08886965777777778,8.886965777777778,9.701479166666667,0.06229583333333333,6.229583333333332
8.9%,0.08886965777777778,8.886965777777778,Nygaard2022_A0.06,"TurbOPark, A=0.06",-240.0,-1.0,False,9.502856505267623,0.08886965777777778,8.886965777777778,9.678258333333332,0.060220833333333335,6.022083333333334
8.9%,0.08886965777777778,8.886965777777778,Nygaard2022_A0.06,"TurbOPark, A=0.06",-216.0,-0.9,False,9.503882050616157,0.08886965777777778,8.886965777777778,9.651975,0.05992499999999999,5.992499999999999
8.9%,0.08886965777777778,8.886965777777778,Nygaard2022_A0.06,"TurbOPark, A=0.06",-192.0,-0.8,False,9.504329817419181,0.08886965777777778,8.886965777777778,9.618895833333333,0.06112916666666667,6.112916666666667
8.9%,0.08886965777777778,8.886965777777778,Nygaard2022_A0.06,"TurbOPark, A=0.06",-168.0,-0.7,False,9.50451566202654,0.08886965777777778,8.886965777777778,9.5817375,0.060920833333333334,6.092083333333333
8.9%,0.08886965777777778,8.886965777777778,Nygaard2022_A0.06,"TurbOPark, A=0.06",-144.0,-0.6,False,9.504589006207791,0.08886965777777778,8.886965777777778,9.5519,0.06190416666666666,6.190416666666667
8.9%,0.08886965777777778,8.886965777777778,Nygaard2022_A0.06,"TurbOPark, A=0.06",-120.0,-0.5,True,9.504616535717599,0.08886965777777778,8.886965777777778,9.51755,0.062412499999999996,6.24125
8.9%,0.08886965777777778,8.886965777777778,Nygaard2022_A0.06,"TurbOPark, A=0.06",-96.0,-0.4,True,9.504626365285983,0.08886965777777778,8.886965777777778,9.4800375,0.06288333333333333,6.288333333333333
8.9%,0.08886965777777778,8.886965777777778,Nygaard2022_A0.06,"TurbOPark, A=0.06",-72.0,-0.3,True,9.504629704282781,0.08886965777777778,8.886965777777778,9.449545833333334,0.06375833333333333,6.3758333333333335
8.9%,0.08886965777777778,8.886965777777778,Nygaard2022_A0.06,"TurbOPark, A=0.06",-48.0,-0.2,True,9.504630783788489,0.08886965777777778,8.886965777777778,9.428104166666666,0.06434166666666667,6.434166666666667
8.9%,0.08886965777777778,8.886965777777778,Nygaard2022_A0.06,"TurbOPark, A=0.06",-24.0,-0.1,True,9.504631115980049,0.08886965777777778,8.886965777777778,9.4122375,0.06511666666666667,6.511666666666667
8.9%,0.08886965777777778,8.886965777777778,Nygaard2022_A0.06,"TurbOPark, A=0.06",0.0,0.0,True,9.50463121328127,0.08886965777777778,8.886965777777778,9.399858333333333,0.0643375,6.433750000000001
8.9%,0.08886965777777778,8.886965777777778,Nygaard2022_A0.06,"TurbOPark, A=0.06",24.0,0.1,True,9.504631240411832,0.08886965777777778,8.886965777777778,9.390833333333333,0.0645125,6.45125
8.9%,0.08886965777777778,8.886965777777778,Nygaard2022_A0.06,"TurbOPark, A=0.06",48.0,0.2,True,9.504631247613775,0.08886965777777778,8.886965777777778,9.401724999999999,0.06418333333333334,6.418333333333334
8.9%,0.08886965777777778,8.886965777777778,Nygaard2022_A0.06,"TurbOPark, A=0.06",72.0,0.3,True,9.504631249434006,0.08886965777777778,8.886965777777778,9.425683333333332,0.06534166666666666,6.534166666666666
8.9%,0.08886965777777778,8.886965777777778,Nygaard2022_A0.06,"TurbOPark, A=0.06",96.0,0.4,True,9.50463124987205,0.08886965777777778,8.886965777777778,9.436187499999999,0.066125,6.612500000000001
8.9%,0.08886965777777778,8.886965777777778,Nygaard2022_A0.06,"TurbOPark, A=0.06",120.0,0.5,True,9.50463124997243,0.08886965777777778,8.886965777777778,9.446220833333333,0.06587083333333334,6.587083333333334
8.9%,0.08886965777777778,8.886965777777778,Nygaard2022_A0.06,"TurbOPark, A=0.06",144.0,0.6,False,9.504631249993837,0.08886965777777778,8.886965777777778,9.454516666666667,0.06472916666666667,6.472916666666667
8.9%,0.08886965777777778,8.886965777777778,Nygaard2022_A0.06,"TurbOPark, A=0.06",168.0,0.7,False,9.504631249986025,0.08886965777777778,8.886965777777778,9.461245833333333,0.06357083333333333,6.357083333333333
8.9%,0.08886965777777778,8.886965777777778,Nygaard2022_A0.06,"TurbOPark, A=0.06",192.0,0.8,False,9.504631249924666,0.08886965777777778,8.886965777777778,9.475733333333334,0.06333749999999999,6.333749999999999
8.9%,0.08886965777777778,8.886965777777778,Nygaard2022_A0.06,"TurbOPark, A=0.06",216.0,0.9,False,9.504631249614917,0.08886965777777778,8.886965777777778,9.506470833333335,0.06306250000000001,6.30625
8.9%,0.08886965777777778,8.886965777777778,Nygaard2022_A0.06,"TurbOPark, A=0.06",240.0,1.0,False,9.504631248138086,0.08886965777777778,8.886965777777778,9.532470833333333,0.06269583333333333,6.269583333333332
8.9%,0.08886965777777778,8.886965777777778,Nygaard2022_A0.06,"TurbOPark, A=0.06",264.0,1.1,False,9.504631241492946,0.08886965777777778,8.886965777777778,9.545858333333333,0.06177083333333333,6.177083333333333
8.9%,0.08886965777777778,8.886965777777778,Nygaard2022_A0.06,"TurbOPark, A=0.06",288.0,1.2,False,9.504631213268583,0.08886965777777778,8.886965777777778,9.569254166666667,0.06141666666666667,6.141666666666667
8.9%,0.08886965777777778,8.886965777777778,Nygaard2022_A0.06,"TurbOPark, A=0.06",312.0,1.3,False,9.504631100028481,0.08886965777777778,8.886965777777778,9.5913375,0.0604875,6.04875
8.9%,0.08886965777777778,8.886965777777778,Nygaard2022_A0.06,"TurbOPark, A=0.06",336.0,1.4,False,9.504630671135072,0.08886965777777778,8.886965777777778,9.626554166666667,0.05984166666666667,5.984166666666667
8.9%,0.08886965777777778,8.886965777777778,Nygaard2022_A0.06,"TurbOPark, A=0.06",360.0,1.5,False,9.504629138437192,0.08886965777777778,8.886965777777778,9.660479166666669,0.059725,5.9725
9.5%,0.09503707222222221,9.503707222222221,BPA2014,BPA,-360.0,-1.5,False,9.367030348959432,0.09503707222222221,9.503707222222221,9.598033333333333,0.07964166666666667,7.964166666666666
9.5%,0.09503707222222221,9.503707222222221,BPA2014,BPA,-336.0,-1.4,False,9.414226419165212,0.09503707222222221,9.503707222222221,9.664883333333334,0.07103333333333334,7.1033333333333335
9.5%,0.09503707222222221,9.503707222222221,BPA2014,BPA,-312.0,-1.3,False,9.447130059100152,0.09503707222222221,9.503707222222221,9.697524999999999,0.06685416666666666,6.685416666666666
9.5%,0.09503707222222221,9.503707222222221,BPA2014,BPA,-288.0,-1.2,False,9.469225248587957,0.09503707222222221,9.503707222222221,9.711779166666666,0.06429166666666666,6.429166666666666
9.5%,0.09503707222222221,9.503707222222221,BPA2014,BPA,-264.0,-1.1,False,9.483525938486723,0.09503707222222221,9.503707222222221,9.701479166666667,0.06229583333333333,6.229583333333332
9.5%,0.09503707222222221,9.503707222222221,BPA2014,BPA,-240.0,-1.0,False,9.492451973434875,0.09503707222222221,9.503707222222221,9.678258333333332,0.060220833333333335,6.022083333333334
9.5%,0.09503707222222221,9.503707222222221,BPA2014,BPA,-216.0,-0.9,False,9.49782722250904,0.09503707222222221,9.503707222222221,9.651975,0.05992499999999999,5.992499999999999
9.5%,0.09503707222222221,9.503707222222221,BPA2014,BPA,-192.0,-0.8,False,9.500951439381552,0.09503707222222221,9.503707222222221,9.618895833333333,0.06112916666666667,6.112916666666667
9.5%,0.09503707222222221,9.503707222222221,BPA2014,BPA,-168.0,-0.7,False,9.502704613790195,0.09503707222222221,9.503707222222221,9.5817375,0.060920833333333334,6.092083333333333
9.5%,0.09503707222222221,9.503707222222221,BPA2014,BPA,-144.0,-0.6,False,9.503654712759817,0.09503707222222221,9.503707222222221,9.5519,0.06190416666666666,6.190416666666667
9.5%,0.09503707222222221,9.503707222222221,BPA2014,BPA,-120.0,-0.5,True,9.504152076554538,0.09503707222222221,9.503707222222221,9.51755,0.062412499999999996,6.24125
9.5%,0.09503707222222221,9.503707222222221,BPA2014,BPA,-96.0,-0.4,True,9.504403629424601,0.09503707222222221,9.503707222222221,9.4800375,0.06288333333333333,6.288333333333333
9.5%,0.09503707222222221,9.503707222222221,BPA2014,BPA,-72.0,-0.3,True,9.504526574478671,0.09503707222222221,9.503707222222221,9.449545833333334,0.06375833333333333,6.3758333333333335
9.5%,0.09503707222222221,9.503707222222221,BPA2014,BPA,-48.0,-0.2,True,9.504584649176682,0.09503707222222221,9.503707222222221,9.428104166666666,0.06434166666666667,6.434166666666667
9.5%,0.09503707222222221,9.503707222222221,BPA2014,BPA,-24.0,-0.1,True,9.504611165691289,0.09503707222222221,9.503707222222221,9.4122375,0.06511666666666667,6.511666666666667
9.5%,0.09503707222222221,9.503707222222221,BPA2014,BPA,0.0,0.0,True,9.504622870173476,0.09503707222222221,9.503707222222221,9.399858333333333,0.0643375,6.433750000000001
9.5%,0.09503707222222221,9.503707222222221,BPA2014,BPA,24.0,0.1,True,9.504627865238989,0.09503707222222221,9.503707222222221,9.390833333333333,0.0645125,6.45125
9.5%,0.09503707222222221,9.503707222222221,BPA2014,BPA,48.0,0.2,True,9.504629926463766,0.09503707222222221,9.503707222222221,9.401724999999999,0.06418333333333334,6.418333333333334
9.5%,0.09503707222222221,9.503707222222221,BPA2014,BPA,72.0,0.3,True,9.504630748975984,0.09503707222222221,9.503707222222221,9.425683333333332,0.06534166666666666,6.534166666666666
9.5%,0.09503707222222221,9.503707222222221,BPA2014,BPA,96.0,0.4,True,9.504631066389809,0.09503707222222221,9.503707222222221,9.436187499999999,0.066125,6.612500000000001
9.5%,0.09503707222222221,9.503707222222221,BPA2014,BPA,120.0,0.5,True,9.50463118485801,0.09503707222222221,9.503707222222221,9.446220833333333,0.06587083333333334,6.587083333333334
9.5%,0.09503707222222221,9.503707222222221,BPA2014,BPA,144.0,0.6,False,9.504631227617022,0.09503707222222221,9.503707222222221,9.454516666666667,0.06472916666666667,6.472916666666667
9.5%,0.09503707222222221,9.503707222222221,BPA2014,BPA,168.0,0.7,False,9.504631242507063,0.09503707222222221,9.503707222222221,9.461245833333333,0.06357083333333333,6.357083333333333
9.5%,0.09503707222222221,9.503707222222221,BPA2014,BPA,192.0,0.8,False,9.504631247338127,0.09503707222222221,9.503707222222221,9.475733333333334,0.06333749999999999,6.333749999999999
9.5%,0.09503707222222221,9.503707222222221,BPA2014,BPA,216.0,0.9,False,9.50463124800282,0.09503707222222221,9.503707222222221,9.506470833333335,0.06306250000000001,6.30625
9.5%,0.09503707222222221,9.503707222222221,BPA2014,BPA,240.0,1.0,False,9.504631244226658,0.09503707222222221,9.503707222222221,9.532470833333333,0.06269583333333333,6.269583333333332
9.5%,0.09503707222222221,9.503707222222221,BPA2014,BPA,264.0,1.1,False,9.504631226603353,0.09503707222222221,9.503707222222221,9.545858333333333,0.06177083333333333,6.177083333333333
9.5%,0.09503707222222221,9.503707222222221,BPA2014,BPA,288.0,1.2,False,9.504631156955547,0.09503707222222221,9.503707222222221,9.569254166666667,0.06141666666666667,6.141666666666667
9.5%,0.09503707222222221,9.503707222222221,BPA2014,BPA,312.0,1.3,False,9.504630898294456,0.09503707222222221,9.503707222222221,9.5913375,0.0604875,6.04875
9.5%,0.09503707222222221,9.503707222222221,BPA2014,BPA,336.0,1.4,False,9.504629989218493,0.09503707222222221,9.503707222222221,9.626554166666667,0.05984166666666667,5.984166666666667
9.5%,0.09503707222222221,9.503707222222221,BPA2014,BPA,360.0,1.5,False,9.50462696448455,0.09503707222222221,9.503707222222221,9.660479166666669,0.059725,5.9725
9.5%,0.09503707222222221,9.503707222222221,NPA2016,NPA,-360.0,-1.5,False,9.323494432293673,0.1487964123747554,14.879641237475541,9.598033333333333,0.07964166666666667,7.964166666666666
9.5%,0.09503707222222221,9.503707222222221,NPA2016,NPA,-336.0,-1.4,False,9.37442378454391,0.09503707222222221,9.503707222222221,9.664883333333334,0.07103333333333334,7.1033333333333335
9.5%,0.09503707222222221,9.503707222222221,NPA2016,NPA,-312.0,-1.3,False,9.413389035864755,0.09503707222222221,9.503707222222221,9.697524999999999,0.06685416666666666,6.685416666666666
9.5%,0.09503707222222221,9.503707222222221,NPA2016,NPA,-288.0,-1.2,False,9.442302779707338,0.09503707222222221,9.503707222222221,9.711779166666666,0.06429166666666666,6.429166666666666
9.5%,0.09503707222222221,9.503707222222221,NPA2016,NPA,-264.0,-1.1,False,9.463125547305673,0.09503707222222221,9.503707222222221,9.701479166666667,0.06229583333333333,6.229583333333332
9.5%,0.09503707222222221,9.503707222222221,NPA2016,NPA,-240.0,-1.0,False,9.477687401070837,0.09503707222222221,9.503707222222221,9.678258333333332,0.060220833333333335,6.022083333333334
9.5%,0.09503707222222221,9.503707222222221,NPA2016,NPA,-216.0,-0.9,False,9.487580560127416,0.09503707222222221,9.503707222222221,9.651975,0.05992499999999999,5.992499999999999
9.5%,0.09503707222222221,9.503707222222221,NPA2016,NPA,-192.0,-0.8,False,9.494112730613038,0.09503707222222221,9.503707222222221,9.618895833333333,0.06112916666666667,6.112916666666667
9.5%,0.09503707222222221,9.503707222222221,NPA2016,NPA,-168.0,-0.7,False,9.498305712018876,0.09503707222222221,9.503707222222221,9.5817375,0.060920833333333334,6.092083333333333
9.5%,0.09503707222222221,9.503707222222221,NPA2016,NPA,-144.0,-0.6,False,9.500922988337495,0.09503707222222221,9.503707222222221,9.5519,0.06190416666666666,6.190416666666667
9.5%,0.09503707222222221,9.503707222222221,NPA2016,NPA,-120.0,-0.5,True,9.502512044098577,0.09503707222222221,9.503707222222221,9.51755,0.062412499999999996,6.24125
9.5%,0.09503707222222221,9.503707222222221,NPA2016,NPA,-96.0,-0.4,True,9.5034506422353,0.09503707222222221,9.503707222222221,9.4800375,0.06288333333333333,6.288333333333333
9.5%,0.09503707222222221,9.503707222222221,NPA2016,NPA,-72.0,-0.3,True,9.50399008823638,0.09503707222222221,9.503707222222221,9.449545833333334,0.06375833333333333,6.3758333333333335
9.5%,0.09503707222222221,9.503707222222221,NPA2016,NPA,-48.0,-0.2,True,9.504291813234191,0.09503707222222221,9.503707222222221,9.428104166666666,0.06434166666666667,6.434166666666667
9.5%,0.09503707222222221,9.503707222222221,NPA2016,NPA,-24.0,-0.1,True,9.504456072144464,0.09503707222222221,9.503707222222221,9.4122375,0.06511666666666667,6.511666666666667
9.5%,0.09503707222222221,9.503707222222221,NPA2016,NPA,0.0,0.0,True,9.504543119071101,0.09503707222222221,9.503707222222221,9.399858333333333,0.0643375,6.433750000000001
9.5%,0.09503707222222221,9.503707222222221,NPA2016,NPA,24.0,0.1,True,9.504588027881086,0.09503707222222221,9.503707222222221,9.390833333333333,0.0645125,6.45125
9.5%,0.09503707222222221,9.503707222222221,NPA2016,NPA,48.0,0.2,True,9.504610586109829,0.09503707222222221,9.503707222222221,9.401724999999999,0.06418333333333334,6.418333333333334
9.5%,0.09503707222222221,9.503707222222221,NPA2016,NPA,72.0,0.3,True,9.504621619552621,0.09503707222222221,9.503707222222221,9.425683333333332,0.06534166666666666,6.534166666666666
9.5%,0.09503707222222221,9.503707222222221,NPA2016,NPA,96.0,0.4,True,9.504626874659179,0.09503707222222221,9.503707222222221,9.436187499999999,0.066125,6.612500000000001
9.5%,0.09503707222222221,9.503707222222221,NPA2016,NPA,120.0,0.5,True,9.50462931207509,0.09503707222222221,9.503707222222221,9.446220833333333,0.06587083333333334,6.587083333333334
9.5%,0.09503707222222221,9.503707222222221,NPA2016,NPA,144.0,0.6,False,9.504630412674329,0.09503707222222221,9.503707222222221,9.454516666666667,0.06472916666666667,6.472916666666667
9.5%,0.09503707222222221,9.503707222222221,NPA2016,NPA,168.0,0.7,False,9.504630895018282,0.09503707222222221,9.503707222222221,9.461245833333333,0.06357083333333333,6.357083333333333
9.5%,0.09503707222222221,9.503707222222221,NPA2016,NPA,192.0,0.8,False,9.504631094674206,0.09503707222222221,9.503707222222221,9.475733333333334,0.06333749999999999,6.333749999999999
9.5%,0.09503707222222221,9.503707222222221,NPA2016,NPA,216.0,0.9,False,9.504631153078023,0.09503707222222221,9.503707222222221,9.506470833333335,0.06306250000000001,6.30625
9.5%,0.09503707222222221,9.503707222222221,NPA2016,NPA,240.0,1.0,False,9.504631092646557,0.09503707222222221,9.503707222222221,9.532470833333333,0.06269583333333333,6.269583333333332
9.5%,0.09503707222222221,9.503707222222221,NPA2016,NPA,264.0,1.1,False,9.504630797115487,0.09503707222222221,9.503707222222221,9.545858333333333,0.06177083333333333,6.177083333333333
9.5%,0.09503707222222221,9.503707222222221,NPA2016,NPA,288.0,1.2,False,9.504629845814934,0.09503707222222221,9.503707222222221,9.569254166666667,0.06141666666666667,6.141666666666667
9.5%,0.09503707222222221,9.503707222222221,NPA2016,NPA,312.0,1.3,False,9.504627022140523,0.09503707222222221,9.503707222222221,9.5913375,0.0604875,6.04875
9.5%,0.09503707222222221,9.503707222222221,NPA2016,NPA,336.0,1.4,False,9.504619049023384,0.09503707222222221,9.503707222222221,9.626554166666667,0.05984166666666667,5.984166666666667
9.5%,0.09503707222222221,9.503707222222221,NPA2016,NPA,360.0,1.5,False,9.504597554197348,0.09503707222222221,9.503707222222221,9.660479166666669,0.059725,5.9725
9.5%,0.09503707222222221,9.503707222222221,Nygaard2022,"TurbOPark, A=0.04",-360.0,-1.5,False,9.469253913598687,0.09503707222222221,9.503707222222221,9.598033333333333,0.07964166666666667,7.964166666666666
9.5%,0.09503707222222221,9.503707222222221,Nygaard2022,"TurbOPark, A=0.04",-336.0,-1.4,False,9.488167505208054,0.09503707222222221,9.503707222222221,9.664883333333334,0.07103333333333334,7.1033333333333335
9.5%,0.09503707222222221,9.503707222222221,Nygaard2022,"TurbOPark, A=0.04",-312.0,-1.3,False,9.497408099700284,0.09503707222222221,9.503707222222221,9.697524999999999,0.06685416666666666,6.685416666666666
9.5%,0.09503707222222221,9.503707222222221,Nygaard2022,"TurbOPark, A=0.04",-288.0,-1.2,False,9.501643858415175,0.09503707222222221,9.503707222222221,9.711779166666666,0.06429166666666666,6.429166666666666
9.5%,0.09503707222222221,9.503707222222221,Nygaard2022,"TurbOPark, A=0.04",-264.0,-1.1,False,9.5034666945514,0.09503707222222221,9.503707222222221,9.701479166666667,0.06229583333333333,6.229583333333332
9.5%,0.09503707222222221,9.503707222222221,Nygaard2022,"TurbOPark, A=0.04",-240.0,-1.0,False,9.504203313775399,0.09503707222222221,9.503707222222221,9.678258333333332,0.060220833333333335,6.022083333333334
9.5%,0.09503707222222221,9.503707222222221,Nygaard2022,"TurbOPark, A=0.04",-216.0,-0.9,False,9.504482984995427,0.09503707222222221,9.503707222222221,9.651975,0.05992499999999999,5.992499999999999
9.5%,0.09503707222222221,9.503707222222221,Nygaard2022,"TurbOPark, A=0.04",-192.0,-0.8,False,9.504582834627604,0.09503707222222221,9.503707222222221,9.618895833333333,0.06112916666666667,6.112916666666667
9.5%,0.09503707222222221,9.503707222222221,Nygaard2022,"TurbOPark, A=0.04",-168.0,-0.7,False,9.504616350031581,0.09503707222222221,9.503707222222221,9.5817375,0.060920833333333334,6.092083333333333
9.5%,0.09503707222222221,9.503707222222221,Nygaard2022,"TurbOPark, A=0.04",-144.0,-0.6,False,9.504626925295305,0.09503707222222221,9.503707222222221,9.5519,0.06190416666666666,6.190416666666667
9.5%,0.09503707222222221,9.503707222222221,Nygaard2022,"TurbOPark, A=0.04",-120.0,-0.5,True,9.504630066976542,0.09503707222222221,9.503707222222221,9.51755,0.062412499999999996,6.24125
9.5%,0.09503707222222221,9.503707222222221,Nygaard2022,"TurbOPark, A=0.04",-96.0,-0.4,True,9.50463094502608,0.09503707222222221,9.503707222222221,9.4800375,0.06288333333333333,6.288333333333333
9.5%,0.09503707222222221,9.503707222222221,Nygaard2022,"TurbOPark, A=0.04",-72.0,-0.3,True,9.504631175862972,0.09503707222222221,9.503707222222221,9.449545833333334,0.06375833333333333,6.3758333333333335
9.5%,0.09503707222222221,9.503707222222221,Nygaard2022,"TurbOPark, A=0.04",-48.0,-0.2,True,9.504631233010405,0.09503707222222221,9.503707222222221,9.428104166666666,0.06434166666666667,6.434166666666667
9.5%,0.09503707222222221,9.503707222222221,Nygaard2022,"TurbOPark, A=0.04",-24.0,-0.1,True,9.504631246331083,0.09503707222222221,9.503707222222221,9.4122375,0.06511666666666667,6.511666666666667
9.5%,0.09503707222222221,9.503707222222221,Nygaard2022,"TurbOPark, A=0.04",0.0,0.0,True,9.504631249253102,0.09503707222222221,9.503707222222221,9.399858333333333,0.0643375,6.433750000000001
9.5%,0.09503707222222221,9.503707222222221,Nygaard2022,"TurbOPark, A=0.04",24.0,0.1,True,9.504631249856601,0.09503707222222221,9.503707222222221,9.390833333333333,0.0645125,6.45125
9.5%,0.09503707222222221,9.503707222222221,Nygaard2022,"TurbOPark, A=0.04",48.0,0.2,True,9.504631249974057,0.09503707222222221,9.503707222222221,9.401724999999999,0.06418333333333334,6.418333333333334
9.5%,0.09503707222222221,9.503707222222221,Nygaard2022,"TurbOPark, A=0.04",72.0,0.3,True,9.504631249995578,0.09503707222222221,9.503707222222221,9.425683333333332,0.06534166666666666,6.534166666666666
9.5%,0.09503707222222221,9.503707222222221,Nygaard2022,"TurbOPark, A=0.04",96.0,0.4,True,9.504631249999289,0.09503707222222221,9.503707222222221,9.436187499999999,0.066125,6.612500000000001
9.5%,0.09503707222222221,9.503707222222221,Nygaard2022,"TurbOPark, A=0.04",120.0,0.5,True,9.50463124999989,0.09503707222222221,9.503707222222221,9.446220833333333,0.06587083333333334,6.587083333333334
9.5%,0.09503707222222221,9.503707222222221,Nygaard2022,"TurbOPark, A=0.04",144.0,0.6,False,9.504631249999974,0.09503707222222221,9.503707222222221,9.454516666666667,0.06472916666666667,6.472916666666667
9.5%,0.09503707222222221,9.503707222222221,Nygaard2022,"TurbOPark, A=0.04",168.0,0.7,False,9.50463124999985,0.09503707222222221,9.503707222222221,9.461245833333333,0.06357083333333333,6.357083333333333
9.5%,0.09503707222222221,9.503707222222221,Nygaard2022,"TurbOPark, A=0.04",192.0,0.8,False,9.504631249998898,0.09503707222222221,9.503707222222221,9.475733333333334,0.06333749999999999,6.333749999999999
9.5%,0.09503707222222221,9.503707222222221,Nygaard2022,"TurbOPark, A=0.04",216.0,0.9,False,9.504631249992427,0.09503707222222221,9.503707222222221,9.506470833333335,0.06306250000000001,6.30625
9.5%,0.09503707222222221,9.503707222222221,Nygaard2022,"TurbOPark, A=0.04",240.0,1.0,False,9.504631249951288,0.09503707222222221,9.503707222222221,9.532470833333333,0.06269583333333333,6.269583333333332
9.5%,0.09503707222222221,9.503707222222221,Nygaard2022,"TurbOPark, A=0.04",264.0,1.1,False,9.50463124970669,0.09503707222222221,9.503707222222221,9.545858333333333,0.06177083333333333,6.177083333333333
9.5%,0.09503707222222221,9.503707222222221,Nygaard2022,"TurbOPark, A=0.04",288.0,1.2,False,9.504631248347877,0.09503707222222221,9.503707222222221,9.569254166666667,0.06141666666666667,6.141666666666667
9.5%,0.09503707222222221,9.503707222222221,Nygaard2022,"TurbOPark, A=0.04",312.0,1.3,False,9.504631241294327,0.09503707222222221,9.503707222222221,9.5913375,0.0604875,6.04875
9.5%,0.09503707222222221,9.503707222222221,Nygaard2022,"TurbOPark, A=0.04",336.0,1.4,False,9.504631207083701,0.09503707222222221,9.503707222222221,9.626554166666667,0.05984166666666667,5.984166666666667
9.5%,0.09503707222222221,9.503707222222221,Nygaard2022,"TurbOPark, A=0.04",360.0,1.5,False,9.504631051975409,0.09503707222222221,9.503707222222221,9.660479166666669,0.059725,5.9725
9.5%,0.09503707222222221,9.503707222222221,Nygaard2022_A0.06,"TurbOPark, A=0.06",-360.0,-1.5,False,9.439160983551773,0.09503707222222221,9.503707222222221,9.598033333333333,0.07964166666666667,7.964166666666666
9.5%,0.09503707222222221,9.503707222222221,Nygaard2022_A0.06,"TurbOPark, A=0.06",-336.0,-1.4,False,9.46934502424741,0.09503707222222221,9.503707222222221,9.664883333333334,0.07103333333333334,7.1033333333333335
9.5%,0.09503707222222221,9.503707222222221,Nygaard2022_A0.06,"TurbOPark, A=0.06",-312.0,-1.3,False,9.48649926063269,0.09503707222222221,9.503707222222221,9.697524999999999,0.06685416666666666,6.685416666666666
9.5%,0.09503707222222221,9.503707222222221,Nygaard2022_A0.06,"TurbOPark, A=0.06",-288.0,-1.2,False,9.495748370536559,0.09503707222222221,9.503707222222221,9.711779166666666,0.06429166666666666,6.429166666666666
9.5%,0.09503707222222221,9.503707222222221,Nygaard2022_A0.06,"TurbOPark, A=0.06",-264.0,-1.1,False,9.500482415410438,0.09503707222222221,9.503707222222221,9.701479166666667,0.06229583333333333,6.229583333333332
9.5%,0.09503707222222221,9.503707222222221,Nygaard2022_A0.06,"TurbOPark, A=0.06",-240.0,-1.0,False,9.502783863437664,0.09503707222222221,9.503707222222221,9.678258333333332,0.060220833333333335,6.022083333333334
9.5%,0.09503707222222221,9.503707222222221,Nygaard2022_A0.06,"TurbOPark, A=0.06",-216.0,-0.9,False,9.503847019393188,0.09503707222222221,9.503707222222221,9.651975,0.05992499999999999,5.992499999999999
9.5%,0.09503707222222221,9.503707222222221,Nygaard2022_A0.06,"TurbOPark, A=0.06",-192.0,-0.8,False,9.504313843795147,0.09503707222222221,9.503707222222221,9.618895833333333,0.06112916666666667,6.112916666666667
9.5%,0.09503707222222221,9.503707222222221,Nygaard2022_A0.06,"TurbOPark, A=0.06",-168.0,-0.7,False,9.504508753858865,0.09503707222222221,9.503707222222221,9.5817375,0.060920833333333334,6.092083333333333
9.5%,0.09503707222222221,9.503707222222221,Nygaard2022_A0.06,"TurbOPark, A=0.06",-144.0,-0.6,False,9.50458617969497,0.09503707222222221,9.503707222222221,9.5519,0.06190416666666666,6.190416666666667
9.5%,0.09503707222222221,9.503707222222221,Nygaard2022_A0.06,"TurbOPark, A=0.06",-120.0,-0.5,True,9.504615440648433,0.09503707222222221,9.503707222222221,9.51755,0.062412499999999996,6.24125
9.5%,0.09503707222222221,9.503707222222221,Nygaard2022_A0.06,"TurbOPark, A=0.06",-96.0,-0.4,True,9.504625963271549,0.09503707222222221,9.503707222222221,9.4800375,0.06288333333333333,6.288333333333333
9.5%,0.09503707222222221,9.503707222222221,Nygaard2022_A0.06,"TurbOPark, A=0.06",-72.0,-0.3,True,9.504629564600931,0.09503707222222221,9.503707222222221,9.449545833333334,0.06375833333333333,6.3758333333333335
9.5%,0.09503707222222221,9.503707222222221,Nygaard2022_A0.06,"TurbOPark, A=0.06",-48.0,-0.2,True,9.504630737782183,0.09503707222222221,9.503707222222221,9.428104166666666,0.06434166666666667,6.434166666666667
9.5%,0.09503707222222221,9.503707222222221,Nygaard2022_A0.06,"TurbOPark, A=0.06",-24.0,-0.1,True,9.504631101539113,0.09503707222222221,9.503707222222221,9.4122375,0.06511666666666667,6.511666666666667
9.5%,0.09503707222222221,9.503707222222221,Nygaard2022_A0.06,"TurbOPark, A=0.06",0.0,0.0,True,9.504631208974281,0.09503707222222221,9.503707222222221,9.399858333333333,0.0643375,6.433750000000001
9.5%,0.09503707222222221,9.503707222222221,Nygaard2022_A0.06,"TurbOPark, A=0.06",24.0,0.1,True,9.504631239192017,0.09503707222222221,9.503707222222221,9.390833333333333,0.0645125,6.45125
9.5%,0.09503707222222221,9.503707222222221,Nygaard2022_A0.06,"TurbOPark, A=0.06",48.0,0.2,True,9.504631247285625,0.09503707222222221,9.503707222222221,9.401724999999999,0.06418333333333334,6.418333333333334
9.5%,0.09503707222222221,9.503707222222221,Nygaard2022_A0.06,"TurbOPark, A=0.06",72.0,0.3,True,9.504631249350133,0.09503707222222221,9.503707222222221,9.425683333333332,0.06534166666666666,6.534166666666666
9.5%,0.09503707222222221,9.503707222222221,Nygaard2022_A0.06,"TurbOPark, A=0.06",96.0,0.4,True,9.504631249851679,0.09503707222222221,9.503707222222221,9.436187499999999,0.066125,6.612500000000001
9.5%,0.09503707222222221,9.503707222222221,Nygaard2022_A0.06,"TurbOPark, A=0.06",120.0,0.5,True,9.50463124996772,0.09503707222222221,9.503707222222221,9.446220833333333,0.06587083333333334,6.587083333333334
9.5%,0.09503707222222221,9.503707222222221,Nygaard2022_A0.06,"TurbOPark, A=0.06",144.0,0.6,False,9.504631249992794,0.09503707222222221,9.503707222222221,9.454516666666667,0.06472916666666667,6.472916666666667
9.5%,0.09503707222222221,9.503707222222221,Nygaard2022_A0.06,"TurbOPark, A=0.06",168.0,0.7,False,9.504631249984847,0.09503707222222221,9.503707222222221,9.461245833333333,0.06357083333333333,6.357083333333333
9.5%,0.09503707222222221,9.503707222222221,Nygaard2022_A0.06,"TurbOPark, A=0.06",192.0,0.8,False,9.5046312499188,0.09503707222222221,9.503707222222221,9.475733333333334,0.06333749999999999,6.333749999999999
9.5%,0.09503707222222221,9.503707222222221,Nygaard2022_A0.06,"TurbOPark, A=0.06",216.0,0.9,False,9.504631249587181,0.09503707222222221,9.503707222222221,9.506470833333335,0.06306250000000001,6.30625
9.5%,0.09503707222222221,9.503707222222221,Nygaard2022_A0.06,"TurbOPark, A=0.06",240.0,1.0,False,9.504631248014078,0.09503707222222221,9.503707222222221,9.532470833333333,0.06269583333333333,6.269583333333332
9.5%,0.09503707222222221,9.503707222222221,Nygaard2022_A0.06,"TurbOPark, A=0.06",264.0,1.1,False,9.504631240970255,0.09503707222222221,9.503707222222221,9.545858333333333,0.06177083333333333,6.177083333333333
9.5%,0.09503707222222221,9.503707222222221,Nygaard2022_A0.06,"TurbOPark, A=0.06",288.0,1.2,False,9.50463121119669,0.09503707222222221,9.503707222222221,9.569254166666667,0.06141666666666667,6.141666666666667
9.5%,0.09503707222222221,9.503707222222221,Nygaard2022_A0.06,"TurbOPark, A=0.06",312.0,1.3,False,9.504631092270726,0.09503707222222221,9.503707222222221,9.5913375,0.0604875,6.04875
9.5%,0.09503707222222221,9.503707222222221,Nygaard2022_A0.06,"TurbOPark, A=0.06",336.0,1.4,False,9.504630643872316,0.09503707222222221,9.503707222222221,9.626554166666667,0.05984166666666667,5.984166666666667
9.5%,0.09503707222222221,9.503707222222221,Nygaard2022_A0.06,"TurbOPark, A=0.06",360.0,1.5,False,9.504629048445892,0.09503707222222221,9.503707222222221,9.660479166666669,0.059725,5.9725
10.1%,0.10120448666666666,10.120448666666666,BPA2014,BPA,-360.0,-1.5,False,9.367030348959432,0.10120448666666666,10.120448666666666,9.598033333333333,0.07964166666666667,7.964166666666666
10.1%,0.10120448666666666,10.120448666666666,BPA2014,BPA,-336.0,-1.4,False,9.414226419165212,0.10120448666666666,10.120448666666666,9.664883333333334,0.07103333333333334,7.1033333333333335
10.1%,0.10120448666666666,10.120448666666666,BPA2014,BPA,-312.0,-1.3,False,9.447130059100152,0.10120448666666666,10.120448666666666,9.697524999999999,0.06685416666666666,6.685416666666666
10.1%,0.10120448666666666,10.120448666666666,BPA2014,BPA,-288.0,-1.2,False,9.469225248587957,0.10120448666666666,10.120448666666666,9.711779166666666,0.06429166666666666,6.429166666666666
10.1%,0.10120448666666666,10.120448666666666,BPA2014,BPA,-264.0,-1.1,False,9.483525938486723,0.10120448666666666,10.120448666666666,9.701479166666667,0.06229583333333333,6.229583333333332
10.1%,0.10120448666666666,10.120448666666666,BPA2014,BPA,-240.0,-1.0,False,9.492451973434875,0.10120448666666666,10.120448666666666,9.678258333333332,0.060220833333333335,6.022083333333334
10.1%,0.10120448666666666,10.120448666666666,BPA2014,BPA,-216.0,-0.9,False,9.49782722250904,0.10120448666666666,10.120448666666666,9.651975,0.05992499999999999,5.992499999999999
10.1%,0.10120448666666666,10.120448666666666,BPA2014,BPA,-192.0,-0.8,False,9.500951439381552,0.10120448666666666,10.120448666666666,9.618895833333333,0.06112916666666667,6.112916666666667
10.1%,0.10120448666666666,10.120448666666666,BPA2014,BPA,-168.0,-0.7,False,9.502704613790195,0.10120448666666666,10.120448666666666,9.5817375,0.060920833333333334,6.092083333333333
10.1%,0.10120448666666666,10.120448666666666,BPA2014,BPA,-144.0,-0.6,False,9.503654712759817,0.10120448666666666,10.120448666666666,9.5519,0.06190416666666666,6.190416666666667
10.1%,0.10120448666666666,10.120448666666666,BPA2014,BPA,-120.0,-0.5,True,9.504152076554538,0.10120448666666666,10.120448666666666,9.51755,0.062412499999999996,6.24125
10.1%,0.10120448666666666,10.120448666666666,BPA2014,BPA,-96.0,-0.4,True,9.504403629424601,0.10120448666666666,10.120448666666666,9.4800375,0.06288333333333333,6.288333333333333
10.1%,0.10120448666666666,10.120448666666666,BPA2014,BPA,-72.0,-0.3,True,9.504526574478671,0.10120448666666666,10.120448666666666,9.449545833333334,0.06375833333333333,6.3758333333333335
10.1%,0.10120448666666666,10.120448666666666,BPA2014,BPA,-48.0,-0.2,True,9.504584649176682,0.10120448666666666,10.120448666666666,9.428104166666666,0.06434166666666667,6.434166666666667
10.1%,0.10120448666666666,10.120448666666666,BPA2014,BPA,-24.0,-0.1,True,9.504611165691289,0.10120448666666666,10.120448666666666,9.4122375,0.06511666666666667,6.511666666666667
10.1%,0.10120448666666666,10.120448666666666,BPA2014,BPA,0.0,0.0,True,9.504622870173476,0.10120448666666666,10.120448666666666,9.399858333333333,0.0643375,6.433750000000001
10.1%,0.10120448666666666,10.120448666666666,BPA2014,BPA,24.0,0.1,True,9.504627865238989,0.10120448666666666,10.120448666666666,9.390833333333333,0.0645125,6.45125
10.1%,0.10120448666666666,10.120448666666666,BPA2014,BPA,48.0,0.2,True,9.504629926463766,0.10120448666666666,10.120448666666666,9.401724999999999,0.06418333333333334,6.418333333333334
10.1%,0.10120448666666666,10.120448666666666,BPA2014,BPA,72.0,0.3,True,9.504630748975984,0.10120448666666666,10.120448666666666,9.425683333333332,0.06534166666666666,6.534166666666666
10.1%,0.10120448666666666,10.120448666666666,BPA2014,BPA,96.0,0.4,True,9.504631066389809,0.10120448666666666,10.120448666666666,9.436187499999999,0.066125,6.612500000000001
10.1%,0.10120448666666666,10.120448666666666,BPA2014,BPA,120.0,0.5,True,9.50463118485801,0.10120448666666666,10.120448666666666,9.446220833333333,0.06587083333333334,6.587083333333334
10.1%,0.10120448666666666,10.120448666666666,BPA2014,BPA,144.0,0.6,False,9.504631227617022,0.10120448666666666,10.120448666666666,9.454516666666667,0.06472916666666667,6.472916666666667
10.1%,0.10120448666666666,10.120448666666666,BPA2014,BPA,168.0,0.7,False,9.504631242507063,0.10120448666666666,10.120448666666666,9.461245833333333,0.06357083333333333,6.357083333333333
10.1%,0.10120448666666666,10.120448666666666,BPA2014,BPA,192.0,0.8,False,9.504631247338127,0.10120448666666666,10.120448666666666,9.475733333333334,0.06333749999999999,6.333749999999999
10.1%,0.10120448666666666,10.120448666666666,BPA2014,BPA,216.0,0.9,False,9.50463124800282,0.10120448666666666,10.120448666666666,9.506470833333335,0.06306250000000001,6.30625
10.1%,0.10120448666666666,10.120448666666666,BPA2014,BPA,240.0,1.0,False,9.504631244226658,0.10120448666666666,10.120448666666666,9.532470833333333,0.06269583333333333,6.269583333333332
10.1%,0.10120448666666666,10.120448666666666,BPA2014,BPA,264.0,1.1,False,9.504631226603353,0.10120448666666666,10.120448666666666,9.545858333333333,0.06177083333333333,6.177083333333333
10.1%,0.10120448666666666,10.120448666666666,BPA2014,BPA,288.0,1.2,False,9.504631156955547,0.10120448666666666,10.120448666666666,9.569254166666667,0.06141666666666667,6.141666666666667
10.1%,0.10120448666666666,10.120448666666666,BPA2014,BPA,312.0,1.3,False,9.504630898294456,0.10120448666666666,10.120448666666666,9.5913375,0.0604875,6.04875
10.1%,0.10120448666666666,10.120448666666666,BPA2014,BPA,336.0,1.4,False,9.504629989218493,0.10120448666666666,10.120448666666666,9.626554166666667,0.05984166666666667,5.984166666666667
10.1%,0.10120448666666666,10.120448666666666,BPA2014,BPA,360.0,1.5,False,9.50462696448455,0.10120448666666666,10.120448666666666,9.660479166666669,0.059725,5.9725
10.1%,0.10120448666666666,10.120448666666666,NPA2016,NPA,-360.0,-1.5,False,9.312829620825305,0.1529848292040764,15.298482920407642,9.598033333333333,0.07964166666666667,7.964166666666666
10.1%,0.10120448666666666,10.120448666666666,NPA2016,NPA,-336.0,-1.4,False,9.36370063125028,0.10120448666666666,10.120448666666666,9.664883333333334,0.07103333333333334,7.1033333333333335
10.1%,0.10120448666666666,10.120448666666666,NPA2016,NPA,-312.0,-1.3,False,9.403520612177353,0.10120448666666666,10.120448666666666,9.697524999999999,0.06685416666666666,6.685416666666666
10.1%,0.10120448666666666,10.120448666666666,NPA2016,NPA,-288.0,-1.2,False,9.43379015446124,0.10120448666666666,10.120448666666666,9.711779166666666,0.06429166666666666,6.429166666666666
10.1%,0.10120448666666666,10.120448666666666,NPA2016,NPA,-264.0,-1.1,False,9.456167689178473,0.10120448666666666,10.120448666666666,9.701479166666667,0.06229583333333333,6.229583333333332
10.1%,0.10120448666666666,10.120448666666666,NPA2016,NPA,-240.0,-1.0,False,9.472255601103152,0.10120448666666666,10.120448666666666,9.678258333333332,0.060220833333333335,6.022083333333334
10.1%,0.10120448666666666,10.120448666666666,NPA2016,NPA,-216.0,-0.9,False,9.48351122401984,0.10120448666666666,10.120448666666666,9.651975,0.05992499999999999,5.992499999999999
10.1%,0.10120448666666666,10.120448666666666,NPA2016,NPA,-192.0,-0.8,False,9.491178845542327,0.10120448666666666,10.120448666666666,9.618895833333333,0.06112916666666667,6.112916666666667
10.1%,0.10120448666666666,10.120448666666666,NPA2016,NPA,-168.0,-0.7,False,9.496263083411566,0.10120448666666666,10.120448666666666,9.5817375,0.060920833333333334,6.092083333333333
10.1%,0.10120448666666666,10.120448666666666,NPA2016,NPA,-144.0,-0.6,False,9.499549013174272,0.10120448666666666,10.120448666666666,9.5519,0.06190416666666666,6.190416666666667
10.1%,0.10120448666666666,10.120448666666666,NPA2016,NPA,-120.0,-0.5,True,9.501616731298972,0.10120448666666666,10.120448666666666,9.51755,0.062412499999999996,6.24125
10.1%,0.10120448666666666,10.120448666666666,NPA2016,NPA,-96.0,-0.4,True,9.502885439952415,0.10120448666666666,10.120448666666666,9.4800375,0.06288333333333333,6.288333333333333
10.1%,0.10120448666666666,10.120448666666666,NPA2016,NPA,-72.0,-0.3,True,9.503643944623244,0.10120448666666666,10.120448666666666,9.449545833333334,0.06375833333333333,6.3758333333333335
10.1%,0.10120448666666666,10.120448666666666,NPA2016,NPA,-48.0,-0.2,True,9.504086000274418,0.10120448666666666,10.120448666666666,9.428104166666666,0.06434166666666667,6.434166666666667
10.1%,0.10120448666666666,10.120448666666666,NPA2016,NPA,-24.0,-0.1,True,9.504337265755833,0.10120448666666666,10.120448666666666,9.4122375,0.06511666666666667,6.511666666666667
10.1%,0.10120448666666666,10.120448666666666,NPA2016,NPA,0.0,0.0,True,9.504476423786564,0.10120448666666666,10.120448666666666,9.399858333333333,0.0643375,6.433750000000001
10.1%,0.10120448666666666,10.120448666666666,NPA2016,NPA,24.0,0.1,True,9.504551652950536,0.10120448666666666,10.120448666666666,9.390833333333333,0.0645125,6.45125
10.1%,0.10120448666666666,10.120448666666666,NPA2016,NPA,48.0,0.2,True,9.504591279702215,0.10120448666666666,10.120448666666666,9.401724999999999,0.06418333333333334,6.418333333333334
10.1%,0.10120448666666666,10.120448666666666,NPA2016,NPA,72.0,0.3,True,9.504611653991004,0.10120448666666666,10.120448666666666,9.425683333333332,0.06534166666666666,6.534166666666666
10.1%,0.10120448666666666,10.120448666666666,NPA2016,NPA,96.0,0.4,True,9.504621868489323,0.10120448666666666,10.120448666666666,9.436187499999999,0.066125,6.612500000000001
10.1%,0.10120448666666666,10.120448666666666,NPA2016,NPA,120.0,0.5,True,9.504626863250259,0.10120448666666666,10.120448666666666,9.446220833333333,0.06587083333333334,6.587083333333334
10.1%,0.10120448666666666,10.120448666666666,NPA2016,NPA,144.0,0.6,False,9.504629246009493,0.10120448666666666,10.120448666666666,9.454516666666667,0.06472916666666667,6.472916666666667
10.1%,0.10120448666666666,10.120448666666666,NPA2016,NPA,168.0,0.7,False,9.50463034943804,0.10120448666666666,10.120448666666666,9.461245833333333,0.06357083333333333,6.357083333333333
10.1%,0.10120448666666666,10.120448666666666,NPA2016,NPA,192.0,0.8,False,9.504630833539128,0.10120448666666666,10.120448666666666,9.475733333333334,0.06333749999999999,6.333749999999999
10.1%,0.10120448666666666,10.120448666666666,NPA2016,NPA,216.0,0.9,False,9.504630990591629,0.10120448666666666,10.120448666666666,9.506470833333335,0.06306250000000001,6.30625
10.1%,0.10120448666666666,10.120448666666666,NPA2016,NPA,240.0,1.0,False,9.504630877071968,0.10120448666666666,10.120448666666666,9.532470833333333,0.06269583333333333,6.269583333333332
10.1%,0.10120448666666666,10.120448666666666,NPA2016,NPA,264.0,1.1,False,9.504630280195515,0.10120448666666666,10.120448666666666,9.545858333333333,0.06177083333333333,6.177083333333333
10.1%,0.10120448666666666,10.120448666666666,NPA2016,NPA,288.0,1.2,False,9.504628442048524,0.10120448666666666,10.120448666666666,9.569254166666667,0.06141666666666667,6.141666666666667
10.1%,0.10120448666666666,10.120448666666666,NPA2016,NPA,312.0,1.3,False,9.50462328373157,0.10120448666666666,10.120448666666666,9.5913375,0.0604875,6.04875
10.1%,0.10120448666666666,10.120448666666666,NPA2016,NPA,336.0,1.4,False,9.504609509525165,0.10120448666666666,10.120448666666666,9.626554166666667,0.05984166666666667,5.984166666666667
10.1%,0.10120448666666666,10.120448666666666,NPA2016,NPA,360.0,1.5,False,9.504574329251485,0.10120448666666666,10.120448666666666,9.660479166666669,0.059725,5.9725
10.1%,0.10120448666666666,10.120448666666666,Nygaard2022,"TurbOPark, A=0.04",-360.0,-1.5,False,9.468657408093025,0.10120448666666666,10.120448666666666,9.598033333333333,0.07964166666666667,7.964166666666666
10.1%,0.10120448666666666,10.120448666666666,Nygaard2022,"TurbOPark, A=0.04",-336.0,-1.4,False,9.487824261257003,0.10120448666666666,10.120448666666666,9.664883333333334,0.07103333333333334,7.1033333333333335
10.1%,0.10120448666666666,10.120448666666666,Nygaard2022,"TurbOPark, A=0.04",-312.0,-1.3,False,9.497226165958487,0.10120448666666666,10.120448666666666,9.697524999999999,0.06685416666666666,6.685416666666666
10.1%,0.10120448666666666,10.120448666666666,Nygaard2022,"TurbOPark, A=0.04",-288.0,-1.2,False,9.501554914332782,0.10120448666666666,10.120448666666666,9.711779166666666,0.06429166666666666,6.429166666666666
10.1%,0.10120448666666666,10.120448666666666,Nygaard2022,"TurbOPark, A=0.04",-264.0,-1.1,False,9.503426247386999,0.10120448666666666,10.120448666666666,9.701479166666667,0.06229583333333333,6.229583333333332
10.1%,0.10120448666666666,10.120448666666666,Nygaard2022,"TurbOPark, A=0.04",-240.0,-1.0,False,9.504186218860541,0.10120448666666666,10.120448666666666,9.678258333333332,0.060220833333333335,6.022083333333334
10.1%,0.10120448666666666,10.120448666666666,Nygaard2022,"TurbOPark, A=0.04",-216.0,-0.9,False,9.504476226168999,0.10120448666666666,10.120448666666666,9.651975,0.05992499999999999,5.992499999999999
10.1%,0.10120448666666666,10.120448666666666,Nygaard2022,"TurbOPark, A=0.04",-192.0,-0.8,False,9.504580333864128,0.10120448666666666,10.120448666666666,9.618895833333333,0.06112916666666667,6.112916666666667
10.1%,0.10120448666666666,10.120448666666666,Nygaard2022,"TurbOPark, A=0.04",-168.0,-0.7,False,9.504615483166782,0.10120448666666666,10.120448666666666,9.5817375,0.060920833333333334,6.092083333333333
10.1%,0.10120448666666666,10.120448666666666,Nygaard2022,"TurbOPark, A=0.04",-144.0,-0.6,False,9.504626646943532,0.10120448666666666,10.120448666666666,9.5519,0.06190416666666666,6.190416666666667
10.1%,0.10120448666666666,10.120448666666666,Nygaard2022,"TurbOPark, A=0.04",-120.0,-0.5,True,9.504629982330123,0.10120448666666666,10.120448666666666,9.51755,0.062412499999999996,6.24125
10.1%,0.10120448666666666,10.120448666666666,Nygaard2022,"TurbOPark, A=0.04",-96.0,-0.4,True,9.504630920825331,0.10120448666666666,10.120448666666666,9.4800375,0.06288333333333333,6.288333333333333
10.1%,0.10120448666666666,10.120448666666666,Nygaard2022,"TurbOPark, A=0.04",-72.0,-0.3,True,9.504631169414534,0.10120448666666666,10.120448666666666,9.449545833333334,0.06375833333333333,6.3758333333333335
10.1%,0.10120448666666666,10.120448666666666,Nygaard2022,"TurbOPark, A=0.04",-48.0,-0.2,True,9.504631231401689,0.10120448666666666,10.120448666666666,9.428104166666666,0.06434166666666667,6.434166666666667
10.1%,0.10120448666666666,10.120448666666666,Nygaard2022,"TurbOPark, A=0.04",-24.0,-0.1,True,9.504631245951,0.10120448666666666,10.120448666666666,9.4122375,0.06511666666666667,6.511666666666667
10.1%,0.10120448666666666,10.120448666666666,Nygaard2022,"TurbOPark, A=0.04",0.0,0.0,True,9.504631249168726,0.10120448666666666,10.120448666666666,9.399858333333333,0.0643375,6.433750000000001
10.1%,0.10120448666666666,10.120448666666666,Nygaard2022,"TurbOPark, A=0.04",24.0,0.1,True,9.504631249839111,0.10120448666666666,10.120448666666666,9.390833333333333,0.0645125,6.45125
10.1%,0.10120448666666666,10.120448666666666,Nygaard2022,"TurbOPark, A=0.04",48.0,0.2,True,9.504631249970645,0.10120448666666666,10.120448666666666,9.401724999999999,0.06418333333333334,6.418333333333334
10.1%,0.10120448666666666,10.120448666666666,Nygaard2022,"TurbOPark, A=0.04",72.0,0.3,True,9.504631249994947,0.10120448666666666,10.120448666666666,9.425683333333332,0.06534166666666666,6.534166666666666
10.1%,0.10120448666666666,10.120448666666666,Nygaard2022,"TurbOPark, A=0.04",96.0,0.4,True,9.504631249999179,0.10120448666666666,10.120448666666666,9.436187499999999,0.066125,6.612500000000001
10.1%,0.10120448666666666,10.120448666666666,Nygaard2022,"TurbOPark, A=0.04",120.0,0.5,True,9.504631249999873,0.10120448666666666,10.120448666666666,9.446220833333333,0.06587083333333334,6.587083333333334
10.1%,0.10120448666666666,10.120448666666666,Nygaard2022,"TurbOPark, A=0.04",144.0,0.6,False,9.504631249999973,0.10120448666666666,10.120448666666666,9.454516666666667,0.06472916666666667,6.472916666666667
10.1%,0.10120448666666666,10.120448666666666,Nygaard2022,"TurbOPark, A=0.04",168.0,0.7,False,9.504631249999838,0.10120448666666666,10.120448666666666,9.461245833333333,0.06357083333333333,6.357083333333333
10.1%,0.10120448666666666,10.120448666666666,Nygaard2022,"TurbOPark, A=0.04",192.0,0.8,False,9.50463124999882,0.10120448666666666,10.120448666666666,9.475733333333334,0.06333749999999999,6.333749999999999
10.1%,0.10120448666666666,10.120448666666666,Nygaard2022,"TurbOPark, A=0.04",216.0,0.9,False,9.504631249991933,0.10120448666666666,10.120448666666666,9.506470833333335,0.06306250000000001,6.30625
10.1%,0.10120448666666666,10.120448666666666,Nygaard2022,"TurbOPark, A=0.04",240.0,1.0,False,9.504631249948332,0.10120448666666666,10.120448666666666,9.532470833333333,0.06269583333333333,6.269583333333332
10.1%,0.10120448666666666,10.120448666666666,Nygaard2022,"TurbOPark, A=0.04",264.0,1.1,False,9.504631249690306,0.10120448666666666,10.120448666666666,9.545858333333333,0.06177083333333333,6.177083333333333
10.1%,0.10120448666666666,10.120448666666666,Nygaard2022,"TurbOPark, A=0.04",288.0,1.2,False,9.50463124826331,0.10120448666666666,10.120448666666666,9.569254166666667,0.06141666666666667,6.141666666666667
10.1%,0.10120448666666666,10.120448666666666,Nygaard2022,"TurbOPark, A=0.04",312.0,1.3,False,9.504631240888077,0.10120448666666666,10.120448666666666,9.5913375,0.0604875,6.04875
10.1%,0.10120448666666666,10.120448666666666,Nygaard2022,"TurbOPark, A=0.04",336.0,1.4,False,9.504631205239708,0.10120448666666666,10.120448666666666,9.626554166666667,0.05984166666666667,5.984166666666667
10.1%,0.10120448666666666,10.120448666666666,Nygaard2022,"TurbOPark, A=0.04",360.0,1.5,False,9.50463104422946,0.10120448666666666,10.120448666666666,9.660479166666669,0.059725,5.9725
10.1%,0.10120448666666666,10.120448666666666,Nygaard2022_A0.06,"TurbOPark, A=0.06",-360.0,-1.5,False,9.438025420133135,0.10120448666666666,10.120448666666666,9.598033333333333,0.07964166666666667,7.964166666666666
10.1%,0.10120448666666666,10.120448666666666,Nygaard2022_A0.06,"TurbOPark, A=0.06",-336.0,-1.4,False,9.468581153788683,0.10120448666666666,10.120448666666666,9.664883333333334,0.07103333333333334,7.1033333333333335
10.1%,0.10120448666666666,10.120448666666666,Nygaard2022_A0.06,"TurbOPark, A=0.06",-312.0,-1.3,False,9.486021813468652,0.10120448666666666,10.120448666666666,9.697524999999999,0.06685416666666666,6.685416666666666
10.1%,0.10120448666666666,10.120448666666666,Nygaard2022_A0.06,"TurbOPark, A=0.06",-288.0,-1.2,False,9.495469913381966,0.10120448666666666,10.120448666666666,9.711779166666666,0.06429166666666666,6.429166666666666
10.1%,0.10120448666666666,10.120448666666666,Nygaard2022_A0.06,"TurbOPark, A=0.06",-264.0,-1.1,False,9.500330207214388,0.10120448666666666,10.120448666666666,9.701479166666667,0.06229583333333333,6.229583333333332
10.1%,0.10120448666666666,10.120448666666666,Nygaard2022_A0.06,"TurbOPark, A=0.06",-240.0,-1.0,False,9.502705510551603,0.10120448666666666,10.120448666666666,9.678258333333332,0.060220833333333335,6.022083333333334
10.1%,0.10120448666666666,10.120448666666666,Nygaard2022_A0.06,"TurbOPark, A=0.06",-216.0,-0.9,False,9.503808796100886,0.10120448666666666,10.120448666666666,9.651975,0.05992499999999999,5.992499999999999
10.1%,0.10120448666666666,10.120448666666666,Nygaard2022_A0.06,"TurbOPark, A=0.06",-192.0,-0.8,False,9.504296273975381,0.10120448666666666,10.120448666666666,9.618895833333333,0.06112916666666667,6.112916666666667
10.1%,0.10120448666666666,10.120448666666666,Nygaard2022_A0.06,"TurbOPark, A=0.06",-168.0,-0.7,False,9.504501145470634,0.10120448666666666,10.120448666666666,9.5817375,0.060920833333333334,6.092083333333333
10.1%,0.10120448666666666,10.120448666666666,Nygaard2022_A0.06,"TurbOPark, A=0.06",-144.0,-0.6,False,9.504583062385892,0.10120448666666666,10.120448666666666,9.5519,0.06190416666666666,6.190416666666667
10.1%,0.10120448666666666,10.120448666666666,Nygaard2022_A0.06,"TurbOPark, A=0.06",-120.0,-0.5,True,9.504614223636404,0.10120448666666666,10.120448666666666,9.51755,0.062412499999999996,6.24125
10.1%,0.10120448666666666,10.120448666666666,Nygaard2022_A0.06,"TurbOPark, A=0.06",-96.0,-0.4,True,9.504625512620073,0.10120448666666666,10.120448666666666,9.4800375,0.06288333333333333,6.288333333333333
10.1%,0.10120448666666666,10.120448666666666,Nygaard2022_A0.06,"TurbOPark, A=0.06",-72.0,-0.3,True,9.504629406400582,0.10120448666666666,10.120448666666666,9.449545833333334,0.06375833333333333,6.3758333333333335
10.1%,0.10120448666666666,10.120448666666666,Nygaard2022_A0.06,"TurbOPark, A=0.06",-48.0,-0.2,True,9.504630685106298,0.10120448666666666,10.120448666666666,9.428104166666666,0.06434166666666667,6.434166666666667
10.1%,0.10120448666666666,10.120448666666666,Nygaard2022_A0.06,"TurbOPark, A=0.06",-24.0,-0.1,True,9.504631084897984,0.10120448666666666,10.120448666666666,9.4122375,0.06511666666666667,6.511666666666667
10.1%,0.10120448666666666,10.120448666666666,Nygaard2022_A0.06,"TurbOPark, A=0.06",0.0,0.0,True,9.504631203968994,0.10120448666666666,10.120448666666666,9.399858333333333,0.0643375,6.433750000000001
10.1%,0.10120448666666666,10.120448666666666,Nygaard2022_A0.06,"TurbOPark, A=0.06",24.0,0.1,True,9.504631237762528,0.10120448666666666,10.120448666666666,9.390833333333333,0.0645125,6.45125
10.1%,0.10120448666666666,10.120448666666666,Nygaard2022_A0.06,"TurbOPark, A=0.06",48.0,0.2,True,9.504631246897867,0.10120448666666666,10.120448666666666,9.401724999999999,0.06418333333333334,6.418333333333334
10.1%,0.10120448666666666,10.120448666666666,Nygaard2022_A0.06,"TurbOPark, A=0.06",72.0,0.3,True,9.504631249250126,0.10120448666666666,10.120448666666666,9.425683333333332,0.06534166666666666,6.534166666666666
10.1%,0.10120448666666666,10.120448666666666,Nygaard2022_A0.06,"TurbOPark, A=0.06",96.0,0.4,True,9.504631249827012,0.10120448666666666,10.120448666666666,9.436187499999999,0.066125,6.612500000000001
10.1%,0.10120448666666666,10.120448666666666,Nygaard2022_A0.06,"TurbOPark, A=0.06",120.0,0.5,True,9.504631249961946,0.10120448666666666,10.120448666666666,9.446220833333333,0.06587083333333334,6.587083333333334
10.1%,0.10120448666666666,10.120448666666666,Nygaard2022_A0.06,"TurbOPark, A=0.06",144.0,0.6,False,9.504631249991508,0.10120448666666666,10.120448666666666,9.454516666666667,0.06472916666666667,6.472916666666667
10.1%,0.10120448666666666,10.120448666666666,Nygaard2022_A0.06,"TurbOPark, A=0.06",168.0,0.7,False,9.504631249983504,0.10120448666666666,10.120448666666666,9.461245833333333,0.06357083333333333,6.357083333333333
10.1%,0.10120448666666666,10.120448666666666,Nygaard2022_A0.06,"TurbOPark, A=0.06",192.0,0.8,False,9.504631249912148,0.10120448666666666,10.120448666666666,9.475733333333334,0.06333749999999999,6.333749999999999
10.1%,0.10120448666666666,10.120448666666666,Nygaard2022_A0.06,"TurbOPark, A=0.06",216.0,0.9,False,9.504631249555734,0.10120448666666666,10.120448666666666,9.506470833333335,0.06306250000000001,6.30625
10.1%,0.10120448666666666,10.120448666666666,Nygaard2022_A0.06,"TurbOPark, A=0.06",240.0,1.0,False,9.504631247874986,0.10120448666666666,10.120448666666666,9.532470833333333,0.06269583333333333,6.269583333333332
10.1%,0.10120448666666666,10.120448666666666,Nygaard2022_A0.06,"TurbOPark, A=0.06",264.0,1.1,False,9.504631240386127,0.10120448666666666,10.120448666666666,9.545858333333333,0.06177083333333333,6.177083333333333
10.1%,0.10120448666666666,10.120448666666666,Nygaard2022_A0.06,"TurbOPark, A=0.06",288.0,1.2,False,9.504631208889823,0.10120448666666666,10.120448666666666,9.569254166666667,0.06141666666666667,6.141666666666667
10.1%,0.10120448666666666,10.120448666666666,Nygaard2022_A0.06,"TurbOPark, A=0.06",312.0,1.3,False,9.504631083693049,0.10120448666666666,10.120448666666666,9.5913375,0.0604875,6.04875
10.1%,0.10120448666666666,10.120448666666666,Nygaard2022_A0.06,"TurbOPark, A=0.06",336.0,1.4,False,9.50463061384185,0.10120448666666666,10.120448666666666,9.626554166666667,0.05984166666666667,5.984166666666667
10.1%,0.10120448666666666,10.120448666666666,Nygaard2022_A0.06,"TurbOPark, A=0.06",360.0,1.5,False,9.504628949697718,0.10120448666666666,10.120448666666666,9.660479166666669,0.059725,5.9725
10.7%,0.10737190111111111,10.737190111111111,BPA2014,BPA,-360.0,-1.5,False,9.367030348959432,0.10737190111111111,10.737190111111111,9.598033333333333,0.07964166666666667,7.964166666666666
10.7%,0.10737190111111111,10.737190111111111,BPA2014,BPA,-336.0,-1.4,False,9.414226419165212,0.10737190111111111,10.737190111111111,9.664883333333334,0.07103333333333334,7.1033333333333335
10.7%,0.10737190111111111,10.737190111111111,BPA2014,BPA,-312.0,-1.3,False,9.447130059100152,0.10737190111111111,10.737190111111111,9.697524999999999,0.06685416666666666,6.685416666666666
10.7%,0.10737190111111111,10.737190111111111,BPA2014,BPA,-288.0,-1.2,False,9.469225248587957,0.10737190111111111,10.737190111111111,9.711779166666666,0.06429166666666666,6.429166666666666
10.7%,0.10737190111111111,10.737190111111111,BPA2014,BPA,-264.0,-1.1,False,9.483525938486723,0.10737190111111111,10.737190111111111,9.701479166666667,0.06229583333333333,6.229583333333332
10.7%,0.10737190111111111,10.737190111111111,BPA2014,BPA,-240.0,-1.0,False,9.492451973434875,0.10737190111111111,10.737190111111111,9.678258333333332,0.060220833333333335,6.022083333333334
10.7%,0.10737190111111111,10.737190111111111,BPA2014,BPA,-216.0,-0.9,False,9.49782722250904,0.10737190111111111,10.737190111111111,9.651975,0.05992499999999999,5.992499999999999
10.7%,0.10737190111111111,10.737190111111111,BPA2014,BPA,-192.0,-0.8,False,9.500951439381552,0.10737190111111111,10.737190111111111,9.618895833333333,0.06112916666666667,6.112916666666667
10.7%,0.10737190111111111,10.737190111111111,BPA2014,BPA,-168.0,-0.7,False,9.502704613790195,0.10737190111111111,10.737190111111111,9.5817375,0.060920833333333334,6.092083333333333
10.7%,0.10737190111111111,10.737190111111111,BPA2014,BPA,-144.0,-0.6,False,9.503654712759817,0.10737190111111111,10.737190111111111,9.5519,0.06190416666666666,6.190416666666667
10.7%,0.10737190111111111,10.737190111111111,BPA2014,BPA,-120.0,-0.5,True,9.504152076554538,0.10737190111111111,10.737190111111111,9.51755,0.062412499999999996,6.24125
10.7%,0.10737190111111111,10.737190111111111,BPA2014,BPA,-96.0,-0.4,True,9.504403629424601,0.10737190111111111,10.737190111111111,9.4800375,0.06288333333333333,6.288333333333333
10.7%,0.10737190111111111,10.737190111111111,BPA2014,BPA,-72.0,-0.3,True,9.504526574478671,0.10737190111111111,10.737190111111111,9.449545833333334,0.06375833333333333,6.3758333333333335
10.7%,0.10737190111111111,10.737190111111111,BPA2014,BPA,-48.0,-0.2,True,9.504584649176682,0.10737190111111111,10.737190111111111,9.428104166666666,0.06434166666666667,6.434166666666667
10.7%,0.10737190111111111,10.737190111111111,BPA2014,BPA,-24.0,-0.1,True,9.504611165691289,0.10737190111111111,10.737190111111111,9.4122375,0.06511666666666667,6.511666666666667
10.7%,0.10737190111111111,10.737190111111111,BPA2014,BPA,0.0,0.0,True,9.504622870173476,0.10737190111111111,10.737190111111111,9.399858333333333,0.0643375,6.433750000000001
10.7%,0.10737190111111111,10.737190111111111,BPA2014,BPA,24.0,0.1,True,9.504627865238989,0.10737190111111111,10.737190111111111,9.390833333333333,0.0645125,6.45125
10.7%,0.10737190111111111,10.737190111111111,BPA2014,BPA,48.0,0.2,True,9.504629926463766,0.10737190111111111,10.737190111111111,9.401724999999999,0.06418333333333334,6.418333333333334
10.7%,0.10737190111111111,10.737190111111111,BPA2014,BPA,72.0,0.3,True,9.504630748975984,0.10737190111111111,10.737190111111111,9.425683333333332,0.06534166666666666,6.534166666666666
10.7%,0.10737190111111111,10.737190111111111,BPA2014,BPA,96.0,0.4,True,9.504631066389809,0.10737190111111111,10.737190111111111,9.436187499999999,0.066125,6.612500000000001
10.7%,0.10737190111111111,10.737190111111111,BPA2014,BPA,120.0,0.5,True,9.50463118485801,0.10737190111111111,10.737190111111111,9.446220833333333,0.06587083333333334,6.587083333333334
10.7%,0.10737190111111111,10.737190111111111,BPA2014,BPA,144.0,0.6,False,9.504631227617022,0.10737190111111111,10.737190111111111,9.454516666666667,0.06472916666666667,6.472916666666667
10.7%,0.10737190111111111,10.737190111111111,BPA2014,BPA,168.0,0.7,False,9.504631242507063,0.10737190111111111,10.737190111111111,9.461245833333333,0.06357083333333333,6.357083333333333
10.7%,0.10737190111111111,10.737190111111111,BPA2014,BPA,192.0,0.8,False,9.504631247338127,0.10737190111111111,10.737190111111111,9.475733333333334,0.06333749999999999,6.333749999999999
10.7%,0.10737190111111111,10.737190111111111,BPA2014,BPA,216.0,0.9,False,9.50463124800282,0.10737190111111111,10.737190111111111,9.506470833333335,0.06306250000000001,6.30625
10.7%,0.10737190111111111,10.737190111111111,BPA2014,BPA,240.0,1.0,False,9.504631244226658,0.10737190111111111,10.737190111111111,9.532470833333333,0.06269583333333333,6.269583333333332
10.7%,0.10737190111111111,10.737190111111111,BPA2014,BPA,264.0,1.1,False,9.504631226603353,0.10737190111111111,10.737190111111111,9.545858333333333,0.06177083333333333,6.177083333333333
10.7%,0.10737190111111111,10.737190111111111,BPA2014,BPA,288.0,1.2,False,9.504631156955547,0.10737190111111111,10.737190111111111,9.569254166666667,0.06141666666666667,6.141666666666667
10.7%,0.10737190111111111,10.737190111111111,BPA2014,BPA,312.0,1.3,False,9.504630898294456,0.10737190111111111,10.737190111111111,9.5913375,0.0604875,6.04875
10.7%,0.10737190111111111,10.737190111111111,BPA2014,BPA,336.0,1.4,False,9.504629989218493,0.10737190111111111,10.737190111111111,9.626554166666667,0.05984166666666667,5.984166666666667
10.7%,0.10737190111111111,10.737190111111111,BPA2014,BPA,360.0,1.5,False,9.50462696448455,0.10737190111111111,10.737190111111111,9.660479166666669,0.059725,5.9725
10.7%,0.10737190111111111,10.737190111111111,NPA2016,NPA,-360.0,-1.5,False,9.303508362863187,0.1572941248079504,15.729412480795041,9.598033333333333,0.07964166666666667,7.964166666666666
10.7%,0.10737190111111111,10.737190111111111,NPA2016,NPA,-336.0,-1.4,False,9.353899750499778,0.10737190111111111,10.737190111111111,9.664883333333334,0.07103333333333334,7.1033333333333335
10.7%,0.10737190111111111,10.737190111111111,NPA2016,NPA,-312.0,-1.3,False,9.39415330948405,0.10737190111111111,10.737190111111111,9.697524999999999,0.06685416666666666,6.685416666666666
10.7%,0.10737190111111111,10.737190111111111,NPA2016,NPA,-288.0,-1.2,False,9.425440264083957,0.10737190111111111,10.737190111111111,9.711779166666666,0.06429166666666666,6.429166666666666
10.7%,0.10737190111111111,10.737190111111111,NPA2016,NPA,-264.0,-1.1,False,9.449117048774786,0.10737190111111111,10.737190111111111,9.701479166666667,0.06229583333333333,6.229583333333332
10.7%,0.10737190111111111,10.737190111111111,NPA2016,NPA,-240.0,-1.0,False,9.466572013253561,0.10737190111111111,10.737190111111111,9.678258333333332,0.060220833333333335,6.022083333333334
10.7%,0.10737190111111111,10.737190111111111,NPA2016,NPA,-216.0,-0.9,False,9.479113458193392,0.10737190111111111,10.737190111111111,9.651975,0.05992499999999999,5.992499999999999
10.7%,0.10737190111111111,10.737190111111111,NPA2016,NPA,-192.0,-0.8,False,9.487899071778223,0.10737190111111111,10.737190111111111,9.618895833333333,0.06112916666666667,6.112916666666667
10.7%,0.10737190111111111,10.737190111111111,NPA2016,NPA,-168.0,-0.7,False,9.493901551469087,0.10737190111111111,10.737190111111111,9.5817375,0.060920833333333334,6.092083333333333
10.7%,0.10737190111111111,10.737190111111111,NPA2016,NPA,-144.0,-0.6,False,9.497902298003934,0.10737190111111111,10.737190111111111,9.5519,0.06190416666666666,6.190416666666667
10.7%,0.10737190111111111,10.737190111111111,NPA2016,NPA,-120.0,-0.5,True,9.500504279679362,0.10737190111111111,10.737190111111111,9.51755,0.062412499999999996,6.24125
10.7%,0.10737190111111111,10.737190111111111,NPA2016,NPA,-96.0,-0.4,True,9.5021558026166,0.10737190111111111,10.737190111111111,9.4800375,0.06288333333333333,6.288333333333333
10.7%,0.10737190111111111,10.737190111111111,NPA2016,NPA,-72.0,-0.3,True,9.503179053339407,0.10737190111111111,10.737190111111111,9.449545833333334,0.06375833333333333,6.3758333333333335
10.7%,0.10737190111111111,10.737190111111111,NPA2016,NPA,-48.0,-0.2,True,9.50379809544219,0.10737190111111111,10.737190111111111,9.428104166666666,0.06434166666666667,6.434166666666667
10.7%,0.10737190111111111,10.737190111111111,NPA2016,NPA,-24.0,-0.1,True,9.504163780425818,0.10737190111111111,10.737190111111111,9.4122375,0.06511666666666667,6.511666666666667
10.7%,0.10737190111111111,10.737190111111111,NPA2016,NPA,0.0,0.0,True,9.504374737796358,0.10737190111111111,10.737190111111111,9.399858333333333,0.0643375,6.433750000000001
10.7%,0.10737190111111111,10.737190111111111,NPA2016,NPA,24.0,0.1,True,9.504493596028125,0.10737190111111111,10.737190111111111,9.390833333333333,0.0645125,6.45125
10.7%,0.10737190111111111,10.737190111111111,NPA2016,NPA,48.0,0.2,True,9.504559007171988,0.10737190111111111,10.737190111111111,9.401724999999999,0.06418333333333334,6.418333333333334
10.7%,0.10737190111111111,10.737190111111111,NPA2016,NPA,72.0,0.3,True,9.504594171177134,0.10737190111111111,10.737190111111111,9.425683333333332,0.06534166666666666,6.534166666666666
10.7%,0.10737190111111111,10.737190111111111,NPA2016,NPA,96.0,0.4,True,9.504612638207378,0.10737190111111111,10.737190111111111,9.436187499999999,0.066125,6.612500000000001
10.7%,0.10737190111111111,10.737190111111111,NPA2016,NPA,120.0,0.5,True,9.50462211239855,0.10737190111111111,10.737190111111111,9.446220833333333,0.06587083333333334,6.587083333333334
10.7%,0.10737190111111111,10.737190111111111,NPA2016,NPA,144.0,0.6,False,9.50462685825705,0.10737190111111111,10.737190111111111,9.454516666666667,0.06472916666666667,6.472916666666667
10.7%,0.10737190111111111,10.737190111111111,NPA2016,NPA,168.0,0.7,False,9.504629170617594,0.10737190111111111,10.737190111111111,9.461245833333333,0.06357083333333333,6.357083333333333
10.7%,0.10737190111111111,10.737190111111111,NPA2016,NPA,192.0,0.8,False,9.50463023769416,0.10737190111111111,10.737190111111111,9.475733333333334,0.06333749999999999,6.333749999999999
10.7%,0.10737190111111111,10.737190111111111,NPA2016,NPA,216.0,0.9,False,9.504630613761954,0.10737190111111111,10.737190111111111,9.506470833333335,0.06306250000000001,6.30625
10.7%,0.10737190111111111,10.737190111111111,NPA2016,NPA,240.0,1.0,False,9.50463041998272,0.10737190111111111,10.737190111111111,9.532470833333333,0.06269583333333333,6.269583333333332
10.7%,0.10737190111111111,10.737190111111111,NPA2016,NPA,264.0,1.1,False,9.504629289481095,0.10737190111111111,10.737190111111111,9.545858333333333,0.06177083333333333,6.177083333333333
10.7%,0.10737190111111111,10.737190111111111,NPA2016,NPA,288.0,1.2,False,9.50462593593783,0.10737190111111111,10.737190111111111,9.569254166666667,0.06141666666666667,6.141666666666667
10.7%,0.10737190111111111,10.737190111111111,NPA2016,NPA,312.0,1.3,False,9.504616985881054,0.10737190111111111,10.737190111111111,9.5913375,0.0604875,6.04875
10.7%,0.10737190111111111,10.737190111111111,NPA2016,NPA,336.0,1.4,False,9.504594284990482,0.10737190111111111,10.737190111111111,9.626554166666667,0.05984166666666667,5.984166666666667
10.7%,0.10737190111111111,10.737190111111111,NPA2016,NPA,360.0,1.5,False,9.5045391233947,0.10737190111111111,10.737190111111111,9.660479166666669,0.059725,5.9725
10.7%,0.10737190111111111,10.737190111111111,Nygaard2022,"TurbOPark, A=0.04",-360.0,-1.5,False,9.468030097365848,0.10737190111111111,10.737190111111111,9.598033333333333,0.07964166666666667,7.964166666666666
10.7%,0.10737190111111111,10.737190111111111,Nygaard2022,"TurbOPark, A=0.04",-336.0,-1.4,False,9.487460400109784,0.10737190111111111,10.737190111111111,9.664883333333334,0.07103333333333334,7.1033333333333335
10.7%,0.10737190111111111,10.737190111111111,Nygaard2022,"TurbOPark, A=0.04",-312.0,-1.3,False,9.497033186801442,0.10737190111111111,10.737190111111111,9.697524999999999,0.06685416666666666,6.685416666666666
10.7%,0.10737190111111111,10.737190111111111,Nygaard2022,"TurbOPark, A=0.04",-288.0,-1.2,False,9.501460060557207,0.10737190111111111,10.737190111111111,9.711779166666666,0.06429166666666666,6.429166666666666
10.7%,0.10737190111111111,10.737190111111111,Nygaard2022,"TurbOPark, A=0.04",-264.0,-1.1,False,9.503382881884752,0.10737190111111111,10.737190111111111,9.701479166666667,0.06229583333333333,6.229583333333332
10.7%,0.10737190111111111,10.737190111111111,Nygaard2022,"TurbOPark, A=0.04",-240.0,-1.0,False,9.504167743038684,0.10737190111111111,10.737190111111111,9.678258333333332,0.060220833333333335,6.022083333333334
10.7%,0.10737190111111111,10.737190111111111,Nygaard2022,"TurbOPark, A=0.04",-216.0,-0.9,False,9.504468915261528,0.10737190111111111,10.737190111111111,9.651975,0.05992499999999999,5.992499999999999
10.7%,0.10737190111111111,10.737190111111111,Nygaard2022,"TurbOPark, A=0.04",-192.0,-0.8,False,9.504577614615766,0.10737190111111111,10.737190111111111,9.618895833333333,0.06112916666666667,6.112916666666667
10.7%,0.10737190111111111,10.737190111111111,Nygaard2022,"TurbOPark, A=0.04",-168.0,-0.7,False,9.504614535546185,0.10737190111111111,10.737190111111111,9.5817375,0.060920833333333334,6.092083333333333
10.7%,0.10737190111111111,10.737190111111111,Nygaard2022,"TurbOPark, A=0.04",-144.0,-0.6,False,9.504626337249015,0.10737190111111111,10.737190111111111,9.5519,0.06190416666666666,6.190416666666667
10.7%,0.10737190111111111,10.737190111111111,Nygaard2022,"TurbOPark, A=0.04",-120.0,-0.5,True,9.504629888120022,0.10737190111111111,10.737190111111111,9.51755,0.062412499999999996,6.24125
10.7%,0.10737190111111111,10.737190111111111,Nygaard2022,"TurbOPark, A=0.04",-96.0,-0.4,True,9.504630893940286,0.10737190111111111,10.737190111111111,9.4800375,0.06288333333333333,6.288333333333333
10.7%,0.10737190111111111,10.737190111111111,Nygaard2022,"TurbOPark, A=0.04",-72.0,-0.3,True,9.504631162170618,0.10737190111111111,10.737190111111111,9.449545833333334,0.06375833333333333,6.3758333333333335
10.7%,0.10737190111111111,10.737190111111111,Nygaard2022,"TurbOPark, A=0.04",-48.0,-0.2,True,9.504631229562635,0.10737190111111111,10.737190111111111,9.428104166666666,0.06434166666666667,6.434166666666667
10.7%,0.10737190111111111,10.737190111111111,Nygaard2022,"TurbOPark, A=0.04",-24.0,-0.1,True,9.504631245514704,0.10737190111111111,10.737190111111111,9.4122375,0.06511666666666667,6.511666666666667
10.7%,0.10737190111111111,10.737190111111111,Nygaard2022,"TurbOPark, A=0.04",0.0,0.0,True,9.504631249071618,0.10737190111111111,10.737190111111111,9.399858333333333,0.0643375,6.433750000000001
10.7%,0.10737190111111111,10.737190111111111,Nygaard2022,"TurbOPark, A=0.04",24.0,0.1,True,9.504631249818775,0.10737190111111111,10.737190111111111,9.390833333333333,0.0645125,6.45125
10.7%,0.10737190111111111,10.737190111111111,Nygaard2022,"TurbOPark, A=0.04",48.0,0.2,True,9.504631249966637,0.10737190111111111,10.737190111111111,9.401724999999999,0.06418333333333334,6.418333333333334
10.7%,0.10737190111111111,10.737190111111111,Nygaard2022,"TurbOPark, A=0.04",72.0,0.3,True,9.504631249994203,0.10737190111111111,10.737190111111111,9.425683333333332,0.06534166666666666,6.534166666666666
10.7%,0.10737190111111111,10.737190111111111,Nygaard2022,"TurbOPark, A=0.04",96.0,0.4,True,9.504631249999049,0.10737190111111111,10.737190111111111,9.436187499999999,0.066125,6.612500000000001
10.7%,0.10737190111111111,10.737190111111111,Nygaard2022,"TurbOPark, A=0.04",120.0,0.5,True,9.504631249999852,0.10737190111111111,10.737190111111111,9.446220833333333,0.06587083333333334,6.587083333333334
10.7%,0.10737190111111111,10.737190111111111,Nygaard2022,"TurbOPark, A=0.04",144.0,0.6,False,9.504631249999969,0.10737190111111111,10.737190111111111,9.454516666666667,0.06472916666666667,6.472916666666667
10.7%,0.10737190111111111,10.737190111111111,Nygaard2022,"TurbOPark, A=0.04",168.0,0.7,False,9.504631249999825,0.10737190111111111,10.737190111111111,9.461245833333333,0.06357083333333333,6.357083333333333
10.7%,0.10737190111111111,10.737190111111111,Nygaard2022,"TurbOPark, A=0.04",192.0,0.8,False,9.504631249998733,0.10737190111111111,10.737190111111111,9.475733333333334,0.06333749999999999,6.333749999999999
10.7%,0.10737190111111111,10.737190111111111,Nygaard2022,"TurbOPark, A=0.04",216.0,0.9,False,9.50463124999138,0.10737190111111111,10.737190111111111,9.506470833333335,0.06306250000000001,6.30625
10.7%,0.10737190111111111,10.737190111111111,Nygaard2022,"TurbOPark, A=0.04",240.0,1.0,False,9.50463124994505,0.10737190111111111,10.737190111111111,9.532470833333333,0.06269583333333333,6.269583333333332
10.7%,0.10737190111111111,10.737190111111111,Nygaard2022,"TurbOPark, A=0.04",264.0,1.1,False,9.504631249672189,0.10737190111111111,10.737190111111111,9.545858333333333,0.06177083333333333,6.177083333333333
10.7%,0.10737190111111111,10.737190111111111,Nygaard2022,"TurbOPark, A=0.04",288.0,1.2,False,9.504631248170213,0.10737190111111111,10.737190111111111,9.569254166666667,0.06141666666666667,6.141666666666667
10.7%,0.10737190111111111,10.737190111111111,Nygaard2022,"TurbOPark, A=0.04",312.0,1.3,False,9.504631240438801,0.10737190111111111,10.737190111111111,9.5913375,0.0604875,6.04875
10.7%,0.10737190111111111,10.737190111111111,Nygaard2022,"TurbOPark, A=0.04",336.0,1.4,False,9.504631203220896,0.10737190111111111,10.737190111111111,9.626554166666667,0.05984166666666667,5.984166666666667
10.7%,0.10737190111111111,10.737190111111111,Nygaard2022,"TurbOPark, A=0.04",360.0,1.5,False,9.504631035841042,0.10737190111111111,10.737190111111111,9.660479166666669,0.059725,5.9725
10.7%,0.10737190111111111,10.737190111111111,Nygaard2022_A0.06,"TurbOPark, A=0.06",-360.0,-1.5,False,9.436835465146057,0.10737190111111111,10.737190111111111,9.598033333333333,0.07964166666666667,7.964166666666666
10.7%,0.10737190111111111,10.737190111111111,Nygaard2022_A0.06,"TurbOPark, A=0.06",-336.0,-1.4,False,9.467776017028438,0.10737190111111111,10.737190111111111,9.664883333333334,0.07103333333333334,7.1033333333333335
10.7%,0.10737190111111111,10.737190111111111,Nygaard2022_A0.06,"TurbOPark, A=0.06",-312.0,-1.3,False,9.485516374169737,0.10737190111111111,10.737190111111111,9.697524999999999,0.06685416666666666,6.685416666666666
10.7%,0.10737190111111111,10.737190111111111,Nygaard2022_A0.06,"TurbOPark, A=0.06",-288.0,-1.2,False,9.495173882870175,0.10737190111111111,10.737190111111111,9.711779166666666,0.06429166666666666,6.429166666666666
10.7%,0.10737190111111111,10.737190111111111,Nygaard2022_A0.06,"TurbOPark, A=0.06",-264.0,-1.1,False,9.500167189248916,0.10737190111111111,10.737190111111111,9.701479166666667,0.06229583333333333,6.229583333333332
10.7%,0.10737190111111111,10.737190111111111,Nygaard2022_A0.06,"TurbOPark, A=0.06",-240.0,-1.0,False,9.502620717598163,0.10737190111111111,10.737190111111111,9.678258333333332,0.060220833333333335,6.022083333333334
10.7%,0.10737190111111111,10.737190111111111,Nygaard2022_A0.06,"TurbOPark, A=0.06",-216.0,-0.9,False,9.503767469422213,0.10737190111111111,10.737190111111111,9.651975,0.05992499999999999,5.992499999999999
10.7%,0.10737190111111111,10.737190111111111,Nygaard2022_A0.06,"TurbOPark, A=0.06",-192.0,-0.8,False,9.504277250309894,0.10737190111111111,10.737190111111111,9.618895833333333,0.06112916666666667,6.112916666666667
10.7%,0.10737190111111111,10.737190111111111,Nygaard2022_A0.06,"TurbOPark, A=0.06",-168.0,-0.7,False,9.504492796231292,0.10737190111111111,10.737190111111111,9.5817375,0.060920833333333334,6.092083333333333
10.7%,0.10737190111111111,10.737190111111111,Nygaard2022_A0.06,"TurbOPark, A=0.06",-144.0,-0.6,False,9.504579596416955,0.10737190111111111,10.737190111111111,9.5519,0.06190416666666666,6.190416666666667
10.7%,0.10737190111111111,10.737190111111111,Nygaard2022_A0.06,"TurbOPark, A=0.06",-120.0,-0.5,True,9.504612869066817,0.10737190111111111,10.737190111111111,9.51755,0.062412499999999996,6.24125
10.7%,0.10737190111111111,10.737190111111111,Nygaard2022_A0.06,"TurbOPark, A=0.06",-96.0,-0.4,True,9.50462500766506,0.10737190111111111,10.737190111111111,9.4800375,0.06288333333333333,6.288333333333333
10.7%,0.10737190111111111,10.737190111111111,Nygaard2022_A0.06,"TurbOPark, A=0.06",-72.0,-0.3,True,9.504629227640791,0.10737190111111111,10.737190111111111,9.449545833333334,0.06375833333333333,6.3758333333333335
10.7%,0.10737190111111111,10.737190111111111,Nygaard2022_A0.06,"TurbOPark, A=0.06",-48.0,-0.2,True,9.504630625089105,0.10737190111111111,10.737190111111111,9.428104166666666,0.06434166666666667,6.434166666666667
10.7%,0.10737190111111111,10.737190111111111,Nygaard2022_A0.06,"TurbOPark, A=0.06",-24.0,-0.1,True,9.504631065740204,0.10737190111111111,10.737190111111111,9.4122375,0.06511666666666667,6.511666666666667
10.7%,0.10737190111111111,10.737190111111111,Nygaard2022_A0.06,"TurbOPark, A=0.06",0.0,0.0,True,9.504631198159107,0.10737190111111111,10.737190111111111,9.399858333333333,0.0643375,6.433750000000001
10.7%,0.10737190111111111,10.737190111111111,Nygaard2022_A0.06,"TurbOPark, A=0.06",24.0,0.1,True,9.504631236089683,0.10737190111111111,10.737190111111111,9.390833333333333,0.0645125,6.45125
10.7%,0.10737190111111111,10.737190111111111,Nygaard2022_A0.06,"TurbOPark, A=0.06",48.0,0.2,True,9.50463124643921,0.10737190111111111,10.737190111111111,9.401724999999999,0.06418333333333334,6.418333333333334
10.7%,0.10737190111111111,10.737190111111111,Nygaard2022_A0.06,"TurbOPark, A=0.06",72.0,0.3,True,9.504631249129964,0.10737190111111111,10.737190111111111,9.425683333333332,0.06534166666666666,6.534166666666666
10.7%,0.10737190111111111,10.737190111111111,Nygaard2022_A0.06,"TurbOPark, A=0.06",96.0,0.4,True,9.504631249797267,0.10737190111111111,10.737190111111111,9.436187499999999,0.066125,6.612500000000001
10.7%,0.10737190111111111,10.737190111111111,Nygaard2022_A0.06,"TurbOPark, A=0.06",120.0,0.5,True,9.504631249954947,0.10737190111111111,10.737190111111111,9.446220833333333,0.06587083333333334,6.587083333333334
10.7%,0.10737190111111111,10.737190111111111,Nygaard2022_A0.06,"TurbOPark, A=0.06",144.0,0.6,False,9.50463124998992,0.10737190111111111,10.737190111111111,9.454516666666667,0.06472916666666667,6.472916666666667
10.7%,0.10737190111111111,10.737190111111111,Nygaard2022_A0.06,"TurbOPark, A=0.06",168.0,0.7,False,9.50463124998196,0.10737190111111111,10.737190111111111,9.461245833333333,0.06357083333333333,6.357083333333333
10.7%,0.10737190111111111,10.737190111111111,Nygaard2022_A0.06,"TurbOPark, A=0.06",192.0,0.8,False,9.504631249904628,0.10737190111111111,10.737190111111111,9.475733333333334,0.06333749999999999,6.333749999999999
10.7%,0.10737190111111111,10.737190111111111,Nygaard2022_A0.06,"TurbOPark, A=0.06",216.0,0.9,False,9.504631249520303,0.10737190111111111,10.737190111111111,9.506470833333335,0.06306250000000001,6.30625
10.7%,0.10737190111111111,10.737190111111111,Nygaard2022_A0.06,"TurbOPark, A=0.06",240.0,1.0,False,9.50463124771934,0.10737190111111111,10.737190111111111,9.532470833333333,0.06269583333333333,6.269583333333332
10.7%,0.10737190111111111,10.737190111111111,Nygaard2022_A0.06,"TurbOPark, A=0.06",264.0,1.1,False,9.504631239734817,0.10737190111111111,10.737190111111111,9.545858333333333,0.06177083333333333,6.177083333333333
10.7%,0.10737190111111111,10.737190111111111,Nygaard2022_A0.06,"TurbOPark, A=0.06",288.0,1.2,False,9.504631206326968,0.10737190111111111,10.737190111111111,9.569254166666667,0.06141666666666667,6.141666666666667
10.7%,0.10737190111111111,10.737190111111111,Nygaard2022_A0.06,"TurbOPark, A=0.06",312.0,1.3,False,9.504631074226525,0.10737190111111111,10.737190111111111,9.5913375,0.0604875,6.04875
10.7%,0.10737190111111111,10.737190111111111,Nygaard2022_A0.06,"TurbOPark, A=0.06",336.0,1.4,False,9.504630580823711,0.10737190111111111,10.737190111111111,9.626554166666667,0.05984166666666667,5.984166666666667
10.7%,0.10737190111111111,10.737190111111111,Nygaard2022_A0.06,"TurbOPark, A=0.06",360.0,1.5,False,9.504628841455546,0.10737190111111111,10.737190111111111,9.660479166666669,0.059725,5.9725
11.4%,0.11353931555555555,11.353931555555555,BPA2014,BPA,-360.0,-1.5,False,9.367030348959432,0.11353931555555555,11.353931555555555,9.598033333333333,0.07964166666666667,7.964166666666666
11.4%,0.11353931555555555,11.353931555555555,BPA2014,BPA,-336.0,-1.4,False,9.414226419165212,0.11353931555555555,11.353931555555555,9.664883333333334,0.07103333333333334,7.1033333333333335
11.4%,0.11353931555555555,11.353931555555555,BPA2014,BPA,-312.0,-1.3,False,9.447130059100152,0.11353931555555555,11.353931555555555,9.697524999999999,0.06685416666666666,6.685416666666666
11.4%,0.11353931555555555,11.353931555555555,BPA2014,BPA,-288.0,-1.2,False,9.469225248587957,0.11353931555555555,11.353931555555555,9.711779166666666,0.06429166666666666,6.429166666666666
11.4%,0.11353931555555555,11.353931555555555,BPA2014,BPA,-264.0,-1.1,False,9.483525938486723,0.11353931555555555,11.353931555555555,9.701479166666667,0.06229583333333333,6.229583333333332
11.4%,0.11353931555555555,11.353931555555555,BPA2014,BPA,-240.0,-1.0,False,9.492451973434875,0.11353931555555555,11.353931555555555,9.678258333333332,0.060220833333333335,6.022083333333334
11.4%,0.11353931555555555,11.353931555555555,BPA2014,BPA,-216.0,-0.9,False,9.49782722250904,0.11353931555555555,11.353931555555555,9.651975,0.05992499999999999,5.992499999999999
11.4%,0.11353931555555555,11.353931555555555,BPA2014,BPA,-192.0,-0.8,False,9.500951439381552,0.11353931555555555,11.353931555555555,9.618895833333333,0.06112916666666667,6.112916666666667
11.4%,0.11353931555555555,11.353931555555555,BPA2014,BPA,-168.0,-0.7,False,9.502704613790195,0.11353931555555555,11.353931555555555,9.5817375,0.060920833333333334,6.092083333333333
11.4%,0.11353931555555555,11.353931555555555,BPA2014,BPA,-144.0,-0.6,False,9.503654712759817,0.11353931555555555,11.353931555555555,9.5519,0.06190416666666666,6.190416666666667
11.4%,0.11353931555555555,11.353931555555555,BPA2014,BPA,-120.0,-0.5,True,9.504152076554538,0.11353931555555555,11.353931555555555,9.51755,0.062412499999999996,6.24125
11.4%,0.11353931555555555,11.353931555555555,BPA2014,BPA,-96.0,-0.4,True,9.504403629424601,0.11353931555555555,11.353931555555555,9.4800375,0.06288333333333333,6.288333333333333
11.4%,0.11353931555555555,11.353931555555555,BPA2014,BPA,-72.0,-0.3,True,9.504526574478671,0.11353931555555555,11.353931555555555,9.449545833333334,0.06375833333333333,6.3758333333333335
11.4%,0.11353931555555555,11.353931555555555,BPA2014,BPA,-48.0,-0.2,True,9.504584649176682,0.11353931555555555,11.353931555555555,9.428104166666666,0.06434166666666667,6.434166666666667
11.4%,0.11353931555555555,11.353931555555555,BPA2014,BPA,-24.0,-0.1,True,9.504611165691289,0.11353931555555555,11.353931555555555,9.4122375,0.06511666666666667,6.511666666666667
11.4%,0.11353931555555555,11.353931555555555,BPA2014,BPA,0.0,0.0,True,9.504622870173476,0.11353931555555555,11.353931555555555,9.399858333333333,0.0643375,6.433750000000001
11.4%,0.11353931555555555,11.353931555555555,BPA2014,BPA,24.0,0.1,True,9.504627865238989,0.11353931555555555,11.353931555555555,9.390833333333333,0.0645125,6.45125
11.4%,0.11353931555555555,11.353931555555555,BPA2014,BPA,48.0,0.2,True,9.504629926463766,0.11353931555555555,11.353931555555555,9.401724999999999,0.06418333333333334,6.418333333333334
11.4%,0.11353931555555555,11.353931555555555,BPA2014,BPA,72.0,0.3,True,9.504630748975984,0.11353931555555555,11.353931555555555,9.425683333333332,0.06534166666666666,6.534166666666666
11.4%,0.11353931555555555,11.353931555555555,BPA2014,BPA,96.0,0.4,True,9.504631066389809,0.11353931555555555,11.353931555555555,9.436187499999999,0.066125,6.612500000000001
11.4%,0.11353931555555555,11.353931555555555,BPA2014,BPA,120.0,0.5,True,9.50463118485801,0.11353931555555555,11.353931555555555,9.446220833333333,0.06587083333333334,6.587083333333334
11.4%,0.11353931555555555,11.353931555555555,BPA2014,BPA,144.0,0.6,False,9.504631227617022,0.11353931555555555,11.353931555555555,9.454516666666667,0.06472916666666667,6.472916666666667
11.4%,0.11353931555555555,11.353931555555555,BPA2014,BPA,168.0,0.7,False,9.504631242507063,0.11353931555555555,11.353931555555555,9.461245833333333,0.06357083333333333,6.357083333333333
11.4%,0.11353931555555555,11.353931555555555,BPA2014,BPA,192.0,0.8,False,9.504631247338127,0.11353931555555555,11.353931555555555,9.475733333333334,0.06333749999999999,6.333749999999999
11.4%,0.11353931555555555,11.353931555555555,BPA2014,BPA,216.0,0.9,False,9.50463124800282,0.11353931555555555,11.353931555555555,9.506470833333335,0.06306250000000001,6.30625
11.4%,0.11353931555555555,11.353931555555555,BPA2014,BPA,240.0,1.0,False,9.504631244226658,0.11353931555555555,11.353931555555555,9.532470833333333,0.06269583333333333,6.269583333333332
11.4%,0.11353931555555555,11.353931555555555,BPA2014,BPA,264.0,1.1,False,9.504631226603353,0.11353931555555555,11.353931555555555,9.545858333333333,0.06177083333333333,6.177083333333333
11.4%,0.11353931555555555,11.353931555555555,BPA2014,BPA,288.0,1.2,False,9.504631156955547,0.11353931555555555,11.353931555555555,9.569254166666667,0.06141666666666667,6.141666666666667
11.4%,0.11353931555555555,11.353931555555555,BPA2014,BPA,312.0,1.3,False,9.504630898294456,0.11353931555555555,11.353931555555555,9.5913375,0.0604875,6.04875
11.4%,0.11353931555555555,11.353931555555555,BPA2014,BPA,336.0,1.4,False,9.504629989218493,0.11353931555555555,11.353931555555555,9.626554166666667,0.05984166666666667,5.984166666666667
11.4%,0.11353931555555555,11.353931555555555,BPA2014,BPA,360.0,1.5,False,9.50462696448455,0.11353931555555555,11.353931555555555,9.660479166666669,0.059725,5.9725
11.4%,0.11353931555555555,11.353931555555555,NPA2016,NPA,-360.0,-1.5,False,9.295509474581111,0.16171563289007426,16.171563289007427,9.598033333333333,0.07964166666666667,7.964166666666666
11.4%,0.11353931555555555,11.353931555555555,NPA2016,NPA,-336.0,-1.4,False,9.34506381655808,0.16171563289007426,16.171563289007427,9.664883333333334,0.07103333333333334,7.1033333333333335
11.4%,0.11353931555555555,11.353931555555555,NPA2016,NPA,-312.0,-1.3,False,9.385396397223365,0.11353931555555555,11.353931555555555,9.697524999999999,0.06685416666666666,6.685416666666666
11.4%,0.11353931555555555,11.353931555555555,NPA2016,NPA,-288.0,-1.2,False,9.417373111851614,0.11353931555555555,11.353931555555555,9.711779166666666,0.06429166666666666,6.429166666666666
11.4%,0.11353931555555555,11.353931555555555,NPA2016,NPA,-264.0,-1.1,False,9.442094985806508,0.11353931555555555,11.353931555555555,9.701479166666667,0.06229583333333333,6.229583333333332
11.4%,0.11353931555555555,11.353931555555555,NPA2016,NPA,-240.0,-1.0,False,9.460739126122968,0.11353931555555555,11.353931555555555,9.678258333333332,0.060220833333333335,6.022083333333334
11.4%,0.11353931555555555,11.353931555555555,NPA2016,NPA,-216.0,-0.9,False,9.474460618745287,0.11353931555555555,11.353931555555555,9.651975,0.05992499999999999,5.992499999999999
11.4%,0.11353931555555555,11.353931555555555,NPA2016,NPA,-192.0,-0.8,False,9.48432246271979,0.11353931555555555,11.353931555555555,9.618895833333333,0.06112916666666667,6.112916666666667
11.4%,0.11353931555555555,11.353931555555555,NPA2016,NPA,-168.0,-0.7,False,9.491241909429059,0.11353931555555555,11.353931555555555,9.5817375,0.060920833333333334,6.092083333333333
11.4%,0.11353931555555555,11.353931555555555,NPA2016,NPA,-144.0,-0.6,False,9.49598763289201,0.11353931555555555,11.353931555555555,9.5519,0.06190416666666666,6.190416666666667
11.4%,0.11353931555555555,11.353931555555555,NPA2016,NPA,-120.0,-0.5,True,9.499165440722631,0.11353931555555555,11.353931555555555,9.51755,0.062412499999999996,6.24125
11.4%,0.11353931555555555,11.353931555555555,NPA2016,NPA,-96.0,-0.4,True,9.501247004975465,0.11353931555555555,11.353931555555555,9.4800375,0.06288333333333333,6.288333333333333
11.4%,0.11353931555555555,11.353931555555555,NPA2016,NPA,-72.0,-0.3,True,9.502578821601764,0.11353931555555555,11.353931555555555,9.449545833333334,0.06375833333333333,6.3758333333333335
11.4%,0.11353931555555555,11.353931555555555,NPA2016,NPA,-48.0,-0.2,True,9.503412390632397,0.11353931555555555,11.353931555555555,9.428104166666666,0.06434166666666667,6.434166666666667
11.4%,0.11353931555555555,11.353931555555555,NPA2016,NPA,-24.0,-0.1,True,9.503922330038844,0.11353931555555555,11.353931555555555,9.4122375,0.06511666666666667,6.511666666666667
11.4%,0.11353931555555555,11.353931555555555,NPA2016,NPA,0.0,0.0,True,9.50422744813783,0.11353931555555555,11.353931555555555,9.399858333333333,0.0643375,6.433750000000001
11.4%,0.11353931555555555,11.353931555555555,NPA2016,NPA,24.0,0.1,True,9.504406013352462,0.11353931555555555,11.353931555555555,9.390833333333333,0.0645125,6.45125
11.4%,0.11353931555555555,11.353931555555555,NPA2016,NPA,48.0,0.2,True,9.504508193641783,0.11353931555555555,11.353931555555555,9.401724999999999,0.06418333333333334,6.418333333333334
11.4%,0.11353931555555555,11.353931555555555,NPA2016,NPA,72.0,0.3,True,9.504565424752224,0.11353931555555555,11.353931555555555,9.425683333333332,0.06534166666666666,6.534166666666666
11.4%,0.11353931555555555,11.353931555555555,NPA2016,NPA,96.0,0.4,True,9.50459675363215,0.11353931555555555,11.353931555555555,9.436187499999999,0.066125,6.612500000000001
11.4%,0.11353931555555555,11.353931555555555,NPA2016,NPA,120.0,0.5,True,9.504613549311383,0.11353931555555555,11.353931555555555,9.446220833333333,0.06587083333333334,6.587083333333334
11.4%,0.11353931555555555,11.353931555555555,NPA2016,NPA,144.0,0.6,False,9.504622340449677,0.11353931555555555,11.353931555555555,9.454516666666667,0.06472916666666667,6.472916666666667
11.4%,0.11353931555555555,11.353931555555555,NPA2016,NPA,168.0,0.7,False,9.504626825116842,0.11353931555555555,11.353931555555555,9.461245833333333,0.06357083333333333,6.357083333333333
11.4%,0.11353931555555555,11.353931555555555,NPA2016,NPA,192.0,0.8,False,9.504628990897913,0.11353931555555555,11.353931555555555,9.475733333333334,0.06333749999999999,6.333749999999999
11.4%,0.11353931555555555,11.353931555555555,NPA2016,NPA,216.0,0.9,False,9.504629807721516,0.11353931555555555,11.353931555555555,9.506470833333335,0.06306250000000001,6.30625
11.4%,0.11353931555555555,11.353931555555555,NPA2016,NPA,240.0,1.0,False,9.504629505623612,0.11353931555555555,11.353931555555555,9.532470833333333,0.06269583333333333,6.269583333333332
11.4%,0.11353931555555555,11.353931555555555,NPA2016,NPA,264.0,1.1,False,9.50462748496784,0.11353931555555555,11.353931555555555,9.545858333333333,0.06177083333333333,6.177083333333333
11.4%,0.11353931555555555,11.353931555555555,NPA2016,NPA,288.0,1.2,False,9.504621672153197,0.11353931555555555,11.353931555555555,9.569254166666667,0.06141666666666667,6.141666666666667
11.4%,0.11353931555555555,11.353931555555555,NPA2016,NPA,312.0,1.3,False,9.504606852390156,0.11353931555555555,11.353931555555555,9.5913375,0.0604875,6.04875
11.4%,0.11353931555555555,11.353931555555555,NPA2016,NPA,336.0,1.4,False,9.504570985569789,0.11353931555555555,11.353931555555555,9.626554166666667,0.05984166666666667,5.984166666666667
11.4%,0.11353931555555555,11.353931555555555,NPA2016,NPA,360.0,1.5,False,9.504487790795553,0.11353931555555555,11.353931555555555,9.660479166666669,0.059725,5.9725
11.4%,0.11353931555555555,11.353931555555555,Nygaard2022,"TurbOPark, A=0.04",-360.0,-1.5,False,9.467368354131208,0.11353931555555555,11.353931555555555,9.598033333333333,0.07964166666666667,7.964166666666666
11.4%,0.11353931555555555,11.353931555555555,Nygaard2022,"TurbOPark, A=0.04",-336.0,-1.4,False,9.487077600460506,0.11353931555555555,11.353931555555555,9.664883333333334,0.07103333333333334,7.1033333333333335
11.4%,0.11353931555555555,11.353931555555555,Nygaard2022,"TurbOPark, A=0.04",-312.0,-1.3,False,9.496829080405641,0.11353931555555555,11.353931555555555,9.697524999999999,0.06685416666666666,6.685416666666666
11.4%,0.11353931555555555,11.353931555555555,Nygaard2022,"TurbOPark, A=0.04",-288.0,-1.2,False,9.501359212627325,0.11353931555555555,11.353931555555555,9.711779166666666,0.06429166666666666,6.429166666666666
11.4%,0.11353931555555555,11.353931555555555,Nygaard2022,"TurbOPark, A=0.04",-264.0,-1.1,False,9.503336537233011,0.11353931555555555,11.353931555555555,9.701479166666667,0.06229583333333333,6.229583333333332
11.4%,0.11353931555555555,11.353931555555555,Nygaard2022,"TurbOPark, A=0.04",-240.0,-1.0,False,9.504147881983766,0.11353931555555555,11.353931555555555,9.678258333333332,0.060220833333333335,6.022083333333334
11.4%,0.11353931555555555,11.353931555555555,Nygaard2022,"TurbOPark, A=0.04",-216.0,-0.9,False,9.504460983874486,0.11353931555555555,11.353931555555555,9.651975,0.05992499999999999,5.992499999999999
11.4%,0.11353931555555555,11.353931555555555,Nygaard2022,"TurbOPark, A=0.04",-192.0,-0.8,False,9.504574662484847,0.11353931555555555,11.353931555555555,9.618895833333333,0.06112916666666667,6.112916666666667
11.4%,0.11353931555555555,11.353931555555555,Nygaard2022,"TurbOPark, A=0.04",-168.0,-0.7,False,9.504613503571004,0.11353931555555555,11.353931555555555,9.5817375,0.060920833333333334,6.092083333333333
11.4%,0.11353931555555555,11.353931555555555,Nygaard2022,"TurbOPark, A=0.04",-144.0,-0.6,False,9.504625998266384,0.11353931555555555,11.353931555555555,9.5519,0.06190416666666666,6.190416666666667
11.4%,0.11353931555555555,11.353931555555555,Nygaard2022,"TurbOPark, A=0.04",-120.0,-0.5,True,9.504629783614174,0.11353931555555555,11.353931555555555,9.51755,0.062412499999999996,6.24125
11.4%,0.11353931555555555,11.353931555555555,Nygaard2022,"TurbOPark, A=0.04",-96.0,-0.4,True,9.504630863682607,0.11353931555555555,11.353931555555555,9.4800375,0.06288333333333333,6.288333333333333
11.4%,0.11353931555555555,11.353931555555555,Nygaard2022,"TurbOPark, A=0.04",-72.0,-0.3,True,9.504631153974435,0.11353931555555555,11.353931555555555,9.449545833333334,0.06375833333333333,6.3758333333333335
11.4%,0.11353931555555555,11.353931555555555,Nygaard2022,"TurbOPark, A=0.04",-48.0,-0.2,True,9.50463122747982,0.11353931555555555,11.353931555555555,9.428104166666666,0.06434166666666667,6.434166666666667
11.4%,0.11353931555555555,11.353931555555555,Nygaard2022,"TurbOPark, A=0.04",-24.0,-0.1,True,9.504631245016958,0.11353931555555555,11.353931555555555,9.4122375,0.06511666666666667,6.511666666666667
11.4%,0.11353931555555555,11.353931555555555,Nygaard2022,"TurbOPark, A=0.04",0.0,0.0,True,9.504631248959722,0.11353931555555555,11.353931555555555,9.399858333333333,0.0643375,6.433750000000001
11.4%,0.11353931555555555,11.353931555555555,Nygaard2022,"TurbOPark, A=0.04",24.0,0.1,True,9.504631249795104,0.11353931555555555,11.353931555555555,9.390833333333333,0.0645125,6.45125
11.4%,0.11353931555555555,11.353931555555555,Nygaard2022,"TurbOPark, A=0.04",48.0,0.2,True,9.504631249961918,0.11353931555555555,11.353931555555555,9.401724999999999,0.06418333333333334,6.418333333333334
11.4%,0.11353931555555555,11.353931555555555,Nygaard2022,"TurbOPark, A=0.04",72.0,0.3,True,9.504631249993318,0.11353931555555555,11.353931555555555,9.425683333333332,0.06534166666666666,6.534166666666666
11.4%,0.11353931555555555,11.353931555555555,Nygaard2022,"TurbOPark, A=0.04",96.0,0.4,True,9.504631249998894,0.11353931555555555,11.353931555555555,9.436187499999999,0.066125,6.612500000000001
11.4%,0.11353931555555555,11.353931555555555,Nygaard2022,"TurbOPark, A=0.04",120.0,0.5,True,9.504631249999827,0.11353931555555555,11.353931555555555,9.446220833333333,0.06587083333333334,6.587083333333334
11.4%,0.11353931555555555,11.353931555555555,Nygaard2022,"TurbOPark, A=0.04",144.0,0.6,False,9.504631249999964,0.11353931555555555,11.353931555555555,9.454516666666667,0.06472916666666667,6.472916666666667
11.4%,0.11353931555555555,11.353931555555555,Nygaard2022,"TurbOPark, A=0.04",168.0,0.7,False,9.504631249999811,0.11353931555555555,11.353931555555555,9.461245833333333,0.06357083333333333,6.357083333333333
11.4%,0.11353931555555555,11.353931555555555,Nygaard2022,"TurbOPark, A=0.04",192.0,0.8,False,9.504631249998635,0.11353931555555555,11.353931555555555,9.475733333333334,0.06333749999999999,6.333749999999999
11.4%,0.11353931555555555,11.353931555555555,Nygaard2022,"TurbOPark, A=0.04",216.0,0.9,False,9.504631249990764,0.11353931555555555,11.353931555555555,9.506470833333335,0.06306250000000001,6.30625
11.4%,0.11353931555555555,11.353931555555555,Nygaard2022,"TurbOPark, A=0.04",240.0,1.0,False,9.504631249941404,0.11353931555555555,11.353931555555555,9.532470833333333,0.06269583333333333,6.269583333333332
11.4%,0.11353931555555555,11.353931555555555,Nygaard2022,"TurbOPark, A=0.04",264.0,1.1,False,9.504631249652162,0.11353931555555555,11.353931555555555,9.545858333333333,0.06177083333333333,6.177083333333333
11.4%,0.11353931555555555,11.353931555555555,Nygaard2022,"TurbOPark, A=0.04",288.0,1.2,False,9.504631248067756,0.11353931555555555,11.353931555555555,9.569254166666667,0.06141666666666667,6.141666666666667
11.4%,0.11353931555555555,11.353931555555555,Nygaard2022,"TurbOPark, A=0.04",312.0,1.3,False,9.504631239945075,0.11353931555555555,11.353931555555555,9.5913375,0.0604875,6.04875
11.4%,0.11353931555555555,11.353931555555555,Nygaard2022,"TurbOPark, A=0.04",336.0,1.4,False,9.504631201024694,0.11353931555555555,11.353931555555555,9.626554166666667,0.05984166666666667,5.984166666666667
11.4%,0.11353931555555555,11.353931555555555,Nygaard2022,"TurbOPark, A=0.04",360.0,1.5,False,9.504631026756977,0.11353931555555555,11.353931555555555,9.660479166666669,0.059725,5.9725
11.4%,0.11353931555555555,11.353931555555555,Nygaard2022_A0.06,"TurbOPark, A=0.06",-360.0,-1.5,False,9.435592962342579,0.11353931555555555,11.353931555555555,9.598033333333333,0.07964166666666667,7.964166666666666
11.4%,0.11353931555555555,11.353931555555555,Nygaard2022_A0.06,"TurbOPark, A=0.06",-336.0,-1.4,False,9.466930618264838,0.11353931555555555,11.353931555555555,9.664883333333334,0.07103333333333334,7.1033333333333335
11.4%,0.11353931555555555,11.353931555555555,Nygaard2022_A0.06,"TurbOPark, A=0.06",-312.0,-1.3,False,9.48498338307441,0.11353931555555555,11.353931555555555,9.697524999999999,0.06685416666666666,6.685416666666666
11.4%,0.11353931555555555,11.353931555555555,Nygaard2022_A0.06,"TurbOPark, A=0.06",-288.0,-1.2,False,9.494860060177988,0.11353931555555555,11.353931555555555,9.711779166666666,0.06429166666666666,6.429166666666666
11.4%,0.11353931555555555,11.353931555555555,Nygaard2022_A0.06,"TurbOPark, A=0.06",-264.0,-1.1,False,9.49999270090856,0.11353931555555555,11.353931555555555,9.701479166666667,0.06229583333333333,6.229583333333332
11.4%,0.11353931555555555,11.353931555555555,Nygaard2022_A0.06,"TurbOPark, A=0.06",-240.0,-1.0,False,9.50253009640437,0.11353931555555555,11.353931555555555,9.678258333333332,0.060220833333333335,6.022083333333334
11.4%,0.11353931555555555,11.353931555555555,Nygaard2022_A0.06,"TurbOPark, A=0.06",-216.0,-0.9,False,9.50372286272924,0.11353931555555555,11.353931555555555,9.651975,0.05992499999999999,5.992499999999999
11.4%,0.11353931555555555,11.353931555555555,Nygaard2022_A0.06,"TurbOPark, A=0.06",-192.0,-0.8,False,9.504256426713493,0.11353931555555555,11.353931555555555,9.618895833333333,0.06112916666666667,6.112916666666667
11.4%,0.11353931555555555,11.353931555555555,Nygaard2022_A0.06,"TurbOPark, A=0.06",-168.0,-0.7,False,9.504483685355561,0.11353931555555555,11.353931555555555,9.5817375,0.060920833333333334,6.092083333333333
11.4%,0.11353931555555555,11.353931555555555,Nygaard2022_A0.06,"TurbOPark, A=0.06",-144.0,-0.6,False,9.504575785218119,0.11353931555555555,11.353931555555555,9.5519,0.06190416666666666,6.190416666666667
11.4%,0.11353931555555555,11.353931555555555,Nygaard2022_A0.06,"TurbOPark, A=0.06",-120.0,-0.5,True,9.504611358613337,0.11353931555555555,11.353931555555555,9.51755,0.062412499999999996,6.24125
11.4%,0.11353931555555555,11.353931555555555,Nygaard2022_A0.06,"TurbOPark, A=0.06",-96.0,-0.4,True,9.504624442253192,0.11353931555555555,11.353931555555555,9.4800375,0.06288333333333333,6.288333333333333
11.4%,0.11353931555555555,11.353931555555555,Nygaard2022_A0.06,"TurbOPark, A=0.06",-72.0,-0.3,True,9.504629025814078,0.11353931555555555,11.353931555555555,9.449545833333334,0.06375833333333333,6.3758333333333335
11.4%,0.11353931555555555,11.353931555555555,Nygaard2022_A0.06,"TurbOPark, A=0.06",-48.0,-0.2,True,9.504630556772582,0.11353931555555555,11.353931555555555,9.428104166666666,0.06434166666666667,6.434166666666667
11.4%,0.11353931555555555,11.353931555555555,Nygaard2022_A0.06,"TurbOPark, A=0.06",-24.0,-0.1,True,9.504631043712916,0.11353931555555555,11.353931555555555,9.4122375,0.06511666666666667,6.511666666666667
11.4%,0.11353931555555555,11.353931555555555,Nygaard2022_A0.06,"TurbOPark, A=0.06",0.0,0.0,True,9.504631191425059,0.11353931555555555,11.353931555555555,9.399858333333333,0.0643375,6.433750000000001
11.4%,0.11353931555555555,11.353931555555555,Nygaard2022_A0.06,"TurbOPark, A=0.06",24.0,0.1,True,9.504631234131603,0.11353931555555555,11.353931555555555,9.390833333333333,0.0645125,6.45125
11.4%,0.11353931555555555,11.353931555555555,Nygaard2022_A0.06,"TurbOPark, A=0.06",48.0,0.2,True,9.504631245894704,0.11353931555555555,11.353931555555555,9.401724999999999,0.06418333333333334,6.418333333333334
11.4%,0.11353931555555555,11.353931555555555,Nygaard2022_A0.06,"TurbOPark, A=0.06",72.0,0.3,True,9.504631248986987,0.11353931555555555,11.353931555555555,9.425683333333332,0.06534166666666666,6.534166666666666
11.4%,0.11353931555555555,11.353931555555555,Nygaard2022_A0.06,"TurbOPark, A=0.06",96.0,0.4,True,9.504631249761363,0.11353931555555555,11.353931555555555,9.436187499999999,0.066125,6.612500000000001
11.4%,0.11353931555555555,11.353931555555555,Nygaard2022_A0.06,"TurbOPark, A=0.06",120.0,0.5,True,9.504631249946343,0.11353931555555555,11.353931555555555,9.446220833333333,0.06587083333333334,6.587083333333334
11.4%,0.11353931555555555,11.353931555555555,Nygaard2022_A0.06,"TurbOPark, A=0.06",144.0,0.6,False,9.50463124998797,0.11353931555555555,11.353931555555555,9.454516666666667,0.06472916666666667,6.472916666666667
11.4%,0.11353931555555555,11.353931555555555,Nygaard2022_A0.06,"TurbOPark, A=0.06",168.0,0.7,False,9.50463124998019,0.11353931555555555,11.353931555555555,9.461245833333333,0.06357083333333333,6.357083333333333
11.4%,0.11353931555555555,11.353931555555555,Nygaard2022_A0.06,"TurbOPark, A=0.06",192.0,0.8,False,9.504631249896107,0.11353931555555555,11.353931555555555,9.475733333333334,0.06333749999999999,6.333749999999999
11.4%,0.11353931555555555,11.353931555555555,Nygaard2022_A0.06,"TurbOPark, A=0.06",216.0,0.9,False,9.50463124948049,0.11353931555555555,11.353931555555555,9.506470833333335,0.06306250000000001,6.30625
11.4%,0.11353931555555555,11.353931555555555,Nygaard2022_A0.06,"TurbOPark, A=0.06",240.0,1.0,False,9.504631247543607,0.11353931555555555,11.353931555555555,9.532470833333333,0.06269583333333333,6.269583333333332
11.4%,0.11353931555555555,11.353931555555555,Nygaard2022_A0.06,"TurbOPark, A=0.06",264.0,1.1,False,9.504631239010239,0.11353931555555555,11.353931555555555,9.545858333333333,0.06177083333333333,6.177083333333333
11.4%,0.11353931555555555,11.353931555555555,Nygaard2022_A0.06,"TurbOPark, A=0.06",288.0,1.2,False,9.504631203486095,0.11353931555555555,11.353931555555555,9.569254166666667,0.06141666666666667,6.141666666666667
11.4%,0.11353931555555555,11.353931555555555,Nygaard2022_A0.06,"TurbOPark, A=0.06",312.0,1.3,False,9.5046310637992,0.11353931555555555,11.353931555555555,9.5913375,0.0604875,6.04875
11.4%,0.11353931555555555,11.353931555555555,Nygaard2022_A0.06,"TurbOPark, A=0.06",336.0,1.4,False,9.504630544588506,0.11353931555555555,11.353931555555555,9.626554166666667,0.05984166666666667,5.984166666666667
11.4%,0.11353931555555555,11.353931555555555,Nygaard2022_A0.06,"TurbOPark, A=0.06",360.0,1.5,False,9.50462872314143,0.11353931555555555,11.353931555555555,9.660479166666669,0.059725,5.9725
12.0%,0.11970673,11.970673,BPA2014,BPA,-360.0,-1.5,False,9.367030348959432,0.11970673,11.970673,9.598033333333333,0.07964166666666667,7.964166666666666
12.0%,0.11970673,11.970673,BPA2014,BPA,-336.0,-1.4,False,9.414226419165212,0.11970673,11.970673,9.664883333333334,0.07103333333333334,7.1033333333333335
12.0%,0.11970673,11.970673,BPA2014,BPA,-312.0,-1.3,False,9.447130059100152,0.11970673,11.970673,9.697524999999999,0.06685416666666666,6.685416666666666
12.0%,0.11970673,11.970673,BPA2014,BPA,-288.0,-1.2,False,9.469225248587957,0.11970673,11.970673,9.711779166666666,0.06429166666666666,6.429166666666666
12.0%,0.11970673,11.970673,BPA2014,BPA,-264.0,-1.1,False,9.483525938486723,0.11970673,11.970673,9.701479166666667,0.06229583333333333,6.229583333333332
12.0%,0.11970673,11.970673,BPA2014,BPA,-240.0,-1.0,False,9.492451973434875,0.11970673,11.970673,9.678258333333332,0.060220833333333335,6.022083333333334
12.0%,0.11970673,11.970673,BPA2014,BPA,-216.0,-0.9,False,9.49782722250904,0.11970673,11.970673,9.651975,0.05992499999999999,5.992499999999999
12.0%,0.11970673,11.970673,BPA2014,BPA,-192.0,-0.8,False,9.500951439381552,0.11970673,11.970673,9.618895833333333,0.06112916666666667,6.112916666666667
12.0%,0.11970673,11.970673,BPA2014,BPA,-168.0,-0.7,False,9.502704613790195,0.11970673,11.970673,9.5817375,0.060920833333333334,6.092083333333333
12.0%,0.11970673,11.970673,BPA2014,BPA,-144.0,-0.6,False,9.503654712759817,0.11970673,11.970673,9.5519,0.06190416666666666,6.190416666666667
12.0%,0.11970673,11.970673,BPA2014,BPA,-120.0,-0.5,True,9.504152076554538,0.11970673,11.970673,9.51755,0.062412499999999996,6.24125
12.0%,0.11970673,11.970673,BPA2014,BPA,-96.0,-0.4,True,9.504403629424601,0.11970673,11.970673,9.4800375,0.06288333333333333,6.288333333333333
12.0%,0.11970673,11.970673,BPA2014,BPA,-72.0,-0.3,True,9.504526574478671,0.11970673,11.970673,9.449545833333334,0.06375833333333333,6.3758333333333335
12.0%,0.11970673,11.970673,BPA2014,BPA,-48.0,-0.2,True,9.504584649176682,0.11970673,11.970673,9.428104166666666,0.06434166666666667,6.434166666666667
12.0%,0.11970673,11.970673,BPA2014,BPA,-24.0,-0.1,True,9.504611165691289,0.11970673,11.970673,9.4122375,0.06511666666666667,6.511666666666667
12.0%,0.11970673,11.970673,BPA2014,BPA,0.0,0.0,True,9.504622870173476,0.11970673,11.970673,9.399858333333333,0.0643375,6.433750000000001
12.0%,0.11970673,11.970673,BPA2014,BPA,24.0,0.1,True,9.504627865238989,0.11970673,11.970673,9.390833333333333,0.0645125,6.45125
12.0%,0.11970673,11.970673,BPA2014,BPA,48.0,0.2,True,9.504629926463766,0.11970673,11.970673,9.401724999999999,0.06418333333333334,6.418333333333334
12.0%,0.11970673,11.970673,BPA2014,BPA,72.0,0.3,True,9.504630748975984,0.11970673,11.970673,9.425683333333332,0.06534166666666666,6.534166666666666
12.0%,0.11970673,11.970673,BPA2014,BPA,96.0,0.4,True,9.504631066389809,0.11970673,11.970673,9.436187499999999,0.066125,6.612500000000001
12.0%,0.11970673,11.970673,BPA2014,BPA,120.0,0.5,True,9.50463118485801,0.11970673,11.970673,9.446220833333333,0.06587083333333334,6.587083333333334
12.0%,0.11970673,11.970673,BPA2014,BPA,144.0,0.6,False,9.504631227617022,0.11970673,11.970673,9.454516666666667,0.06472916666666667,6.472916666666667
12.0%,0.11970673,11.970673,BPA2014,BPA,168.0,0.7,False,9.504631242507063,0.11970673,11.970673,9.461245833333333,0.06357083333333333,6.357083333333333
12.0%,0.11970673,11.970673,BPA2014,BPA,192.0,0.8,False,9.504631247338127,0.11970673,11.970673,9.475733333333334,0.06333749999999999,6.333749999999999
12.0%,0.11970673,11.970673,BPA2014,BPA,216.0,0.9,False,9.50463124800282,0.11970673,11.970673,9.506470833333335,0.06306250000000001,6.30625
12.0%,0.11970673,11.970673,BPA2014,BPA,240.0,1.0,False,9.504631244226658,0.11970673,11.970673,9.532470833333333,0.06269583333333333,6.269583333333332
12.0%,0.11970673,11.970673,BPA2014,BPA,264.0,1.1,False,9.504631226603353,0.11970673,11.970673,9.545858333333333,0.06177083333333333,6.177083333333333
12.0%,0.11970673,11.970673,BPA2014,BPA,288.0,1.2,False,9.504631156955547,0.11970673,11.970673,9.569254166666667,0.06141666666666667,6.141666666666667
12.0%,0.11970673,11.970673,BPA2014,BPA,312.0,1.3,False,9.504630898294456,0.11970673,11.970673,9.5913375,0.0604875,6.04875
12.0%,0.11970673,11.970673,BPA2014,BPA,336.0,1.4,False,9.504629989218493,0.11970673,11.970673,9.626554166666667,0.05984166666666667,5.984166666666667
12.0%,0.11970673,11.970673,BPA2014,BPA,360.0,1.5,False,9.50462696448455,0.11970673,11.970673,9.660479166666669,0.059725,5.9725
12.0%,0.11970673,11.970673,NPA2016,NPA,-360.0,-1.5,False,9.28876754248326,0.16624121884181842,16.624121884181843,9.598033333333333,0.07964166666666667,7.964166666666666
12.0%,0.11970673,11.970673,NPA2016,NPA,-336.0,-1.4,False,9.337212015625859,0.16624121884181842,16.624121884181843,9.664883333333334,0.07103333333333334,7.1033333333333335
12.0%,0.11970673,11.970673,NPA2016,NPA,-312.0,-1.3,False,9.377307556834491,0.11970673,11.970673,9.697524999999999,0.06685416666666666,6.685416666666666
12.0%,0.11970673,11.970673,NPA2016,NPA,-288.0,-1.2,False,9.40968206151562,0.11970673,11.970673,9.711779166666666,0.06429166666666666,6.429166666666666
12.0%,0.11970673,11.970673,NPA2016,NPA,-264.0,-1.1,False,9.435200566834515,0.11970673,11.970673,9.701479166666667,0.06229583333333333,6.229583333333332
12.0%,0.11970673,11.970673,NPA2016,NPA,-240.0,-1.0,False,9.454847252313195,0.11970673,11.970673,9.678258333333332,0.060220833333333335,6.022083333333334
12.0%,0.11970673,11.970673,NPA2016,NPA,-216.0,-0.9,False,9.469628171579979,0.11970673,11.970673,9.651975,0.05992499999999999,5.992499999999999
12.0%,0.11970673,11.970673,NPA2016,NPA,-192.0,-0.8,False,9.480498831211172,0.11970673,11.970673,9.618895833333333,0.06112916666666667,6.112916666666667
12.0%,0.11970673,11.970673,NPA2016,NPA,-168.0,-0.7,False,9.488316756336689,0.11970673,11.970673,9.5817375,0.060920833333333334,6.092083333333333
12.0%,0.11970673,11.970673,NPA2016,NPA,-144.0,-0.6,False,9.493816301055478,0.11970673,11.970673,9.5519,0.06190416666666666,6.190416666666667
12.0%,0.11970673,11.970673,NPA2016,NPA,-120.0,-0.5,True,9.497601280049969,0.11970673,11.970673,9.51755,0.062412499999999996,6.24125
12.0%,0.11970673,11.970673,NPA2016,NPA,-96.0,-0.4,True,9.500150398229831,0.11970673,11.970673,9.4800375,0.06288333333333333,6.288333333333333
12.0%,0.11970673,11.970673,NPA2016,NPA,-72.0,-0.3,True,9.50183068413002,0.11970673,11.970673,9.449545833333334,0.06375833333333333,6.3758333333333335
12.0%,0.11970673,11.970673,NPA2016,NPA,-48.0,-0.2,True,9.502914887159235,0.11970673,11.970673,9.428104166666666,0.06434166666666667,6.434166666666667
12.0%,0.11970673,11.970673,NPA2016,NPA,-24.0,-0.1,True,9.503599794480124,0.11970673,11.970673,9.4122375,0.06511666666666667,6.511666666666667
12.0%,0.11970673,11.970673,NPA2016,NPA,0.0,0.0,True,9.504023436987564,0.11970673,11.970673,9.399858333333333,0.0643375,6.433750000000001
12.0%,0.11970673,11.970673,NPA2016,NPA,24.0,0.1,True,9.50428003939657,0.11970673,11.970673,9.390833333333333,0.0645125,6.45125
12.0%,0.11970673,11.970673,NPA2016,NPA,48.0,0.2,True,9.504432254275061,0.11970673,11.970673,9.401724999999999,0.06418333333333334,6.418333333333334
12.0%,0.11970673,11.970673,NPA2016,NPA,72.0,0.3,True,9.504520689315287,0.11970673,11.970673,9.425683333333332,0.06534166666666666,6.534166666666666
12.0%,0.11970673,11.970673,NPA2016,NPA,96.0,0.4,True,9.504571014427102,0.11970673,11.970673,9.436187499999999,0.066125,6.612500000000001
12.0%,0.11970673,11.970673,NPA2016,NPA,120.0,0.5,True,9.504599062393185,0.11970673,11.970673,9.446220833333333,0.06587083333333334,6.587083333333334
12.0%,0.11970673,11.970673,NPA2016,NPA,144.0,0.6,False,9.504614359931322,0.11970673,11.970673,9.454516666666667,0.06472916666666667,6.472916666666667
12.0%,0.11970673,11.970673,NPA2016,NPA,168.0,0.7,False,9.504622485485653,0.11970673,11.970673,9.461245833333333,0.06357083333333333,6.357083333333333
12.0%,0.11970673,11.970673,NPA2016,NPA,192.0,0.8,False,9.504626575368512,0.11970673,11.970673,9.475733333333334,0.06333749999999999,6.333749999999999
12.0%,0.11970673,11.970673,NPA2016,NPA,216.0,0.9,False,9.504628206945489,0.11970673,11.970673,9.506470833333335,0.06306250000000001,6.30625
12.0%,0.11970673,11.970673,NPA2016,NPA,240.0,1.0,False,9.504627777254456,0.11970673,11.970673,9.532470833333333,0.06269583333333333,6.269583333333332
12.0%,0.11970673,11.970673,NPA2016,NPA,264.0,1.1,False,9.504624350484102,0.11970673,11.970673,9.545858333333333,0.06177083333333333,6.177083333333333
12.0%,0.11970673,11.970673,NPA2016,NPA,288.0,1.2,False,9.50461473489482,0.11970673,11.970673,9.569254166666667,0.06141666666666667,6.141666666666667
12.0%,0.11970673,11.970673,NPA2016,NPA,312.0,1.3,False,9.504591197549658,0.11970673,11.970673,9.5913375,0.0604875,6.04875
12.0%,0.11970673,11.970673,NPA2016,NPA,336.0,1.4,False,9.504536665315639,0.11970673,11.970673,9.626554166666667,0.05984166666666667,5.984166666666667
12.0%,0.11970673,11.970673,NPA2016,NPA,360.0,1.5,False,9.504415390009738,0.11970673,11.970673,9.660479166666669,0.059725,5.9725
12.0%,0.11970673,11.970673,Nygaard2022,"TurbOPark, A=0.04",-360.0,-1.5,False,9.466677636097963,0.11970673,11.970673,9.598033333333333,0.07964166666666667,7.964166666666666
12.0%,0.11970673,11.970673,Nygaard2022,"TurbOPark, A=0.04",-336.0,-1.4,False,9.486675897775557,0.11970673,11.970673,9.664883333333334,0.07103333333333334,7.1033333333333335
12.0%,0.11970673,11.970673,Nygaard2022,"TurbOPark, A=0.04",-312.0,-1.3,False,9.49661378313964,0.11970673,11.970673,9.697524999999999,0.06685416666666666,6.685416666666666
12.0%,0.11970673,11.970673,Nygaard2022,"TurbOPark, A=0.04",-288.0,-1.2,False,9.501252293442336,0.11970673,11.970673,9.711779166666666,0.06429166666666666,6.429166666666666
12.0%,0.11970673,11.970673,Nygaard2022,"TurbOPark, A=0.04",-264.0,-1.1,False,9.503287155116874,0.11970673,11.970673,9.701479166666667,0.06229583333333333,6.229583333333332
12.0%,0.11970673,11.970673,Nygaard2022,"TurbOPark, A=0.04",-240.0,-1.0,False,9.504126613391636,0.11970673,11.970673,9.678258333333332,0.060220833333333335,6.022083333333334
12.0%,0.11970673,11.970673,Nygaard2022,"TurbOPark, A=0.04",-216.0,-0.9,False,9.504452424806127,0.11970673,11.970673,9.651975,0.05992499999999999,5.992499999999999
12.0%,0.11970673,11.970673,Nygaard2022,"TurbOPark, A=0.04",-192.0,-0.8,False,9.504571439243914,0.11970673,11.970673,9.618895833333333,0.06112916666666667,6.112916666666667
12.0%,0.11970673,11.970673,Nygaard2022,"TurbOPark, A=0.04",-168.0,-0.7,False,9.504612368781288,0.11970673,11.970673,9.5817375,0.060920833333333334,6.092083333333333
12.0%,0.11970673,11.970673,Nygaard2022,"TurbOPark, A=0.04",-144.0,-0.6,False,9.504625624251405,0.11970673,11.970673,9.5519,0.06190416666666666,6.190416666666667
12.0%,0.11970673,11.970673,Nygaard2022,"TurbOPark, A=0.04",-120.0,-0.5,True,9.504629667915827,0.11970673,11.970673,9.51755,0.062412499999999996,6.24125
12.0%,0.11970673,11.970673,Nygaard2022,"TurbOPark, A=0.04",-96.0,-0.4,True,9.504630830069782,0.11970673,11.970673,9.4800375,0.06288333333333333,6.288333333333333
12.0%,0.11970673,11.970673,Nygaard2022,"TurbOPark, A=0.04",-72.0,-0.3,True,9.504631144798426,0.11970673,11.970673,9.449545833333334,0.06375833333333333,6.3758333333333335
12.0%,0.11970673,11.970673,Nygaard2022,"TurbOPark, A=0.04",-48.0,-0.2,True,9.504631225124939,0.11970673,11.970673,9.428104166666666,0.06434166666666667,6.434166666666667
12.0%,0.11970673,11.970673,Nygaard2022,"TurbOPark, A=0.04",-24.0,-0.1,True,9.504631244448607,0.11970673,11.970673,9.4122375,0.06511666666666667,6.511666666666667
12.0%,0.11970673,11.970673,Nygaard2022,"TurbOPark, A=0.04",0.0,0.0,True,9.504631248830675,0.11970673,11.970673,9.399858333333333,0.0643375,6.433750000000001
12.0%,0.11970673,11.970673,Nygaard2022,"TurbOPark, A=0.04",24.0,0.1,True,9.504631249767533,0.11970673,11.970673,9.390833333333333,0.0645125,6.45125
12.0%,0.11970673,11.970673,Nygaard2022,"TurbOPark, A=0.04",48.0,0.2,True,9.504631249956377,0.11970673,11.970673,9.401724999999999,0.06418333333333334,6.418333333333334
12.0%,0.11970673,11.970673,Nygaard2022,"TurbOPark, A=0.04",72.0,0.3,True,9.504631249992272,0.11970673,11.970673,9.425683333333332,0.06534166666666666,6.534166666666666
12.0%,0.11970673,11.970673,Nygaard2022,"TurbOPark, A=0.04",96.0,0.4,True,9.504631249998708,0.11970673,11.970673,9.436187499999999,0.066125,6.612500000000001
12.0%,0.11970673,11.970673,Nygaard2022,"TurbOPark, A=0.04",120.0,0.5,True,9.504631249999795,0.11970673,11.970673,9.446220833333333,0.06587083333333334,6.587083333333334
12.0%,0.11970673,11.970673,Nygaard2022,"TurbOPark, A=0.04",144.0,0.6,False,9.504631249999958,0.11970673,11.970673,9.454516666666667,0.06472916666666667,6.472916666666667
12.0%,0.11970673,11.970673,Nygaard2022,"TurbOPark, A=0.04",168.0,0.7,False,9.504631249999795,0.11970673,11.970673,9.461245833333333,0.06357083333333333,6.357083333333333
12.0%,0.11970673,11.970673,Nygaard2022,"TurbOPark, A=0.04",192.0,0.8,False,9.504631249998525,0.11970673,11.970673,9.475733333333334,0.06333749999999999,6.333749999999999
12.0%,0.11970673,11.970673,Nygaard2022,"TurbOPark, A=0.04",216.0,0.9,False,9.504631249990073,0.11970673,11.970673,9.506470833333335,0.06306250000000001,6.30625
12.0%,0.11970673,11.970673,Nygaard2022,"TurbOPark, A=0.04",240.0,1.0,False,9.504631249937361,0.11970673,11.970673,9.532470833333333,0.06269583333333333,6.269583333333332
12.0%,0.11970673,11.970673,Nygaard2022,"TurbOPark, A=0.04",264.0,1.1,False,9.504631249630036,0.11970673,11.970673,9.545858333333333,0.06177083333333333,6.177083333333333
12.0%,0.11970673,11.970673,Nygaard2022,"TurbOPark, A=0.04",288.0,1.2,False,9.504631247954961,0.11970673,11.970673,9.569254166666667,0.06141666666666667,6.141666666666667
12.0%,0.11970673,11.970673,Nygaard2022,"TurbOPark, A=0.04",312.0,1.3,False,9.504631239405693,0.11970673,11.970673,9.5913375,0.0604875,6.04875
12.0%,0.11970673,11.970673,Nygaard2022,"TurbOPark, A=0.04",336.0,1.4,False,9.504631198636046,0.11970673,11.970673,9.626554166666667,0.05984166666666667,5.984166666666667
12.0%,0.11970673,11.970673,Nygaard2022,"TurbOPark, A=0.04",360.0,1.5,False,9.504631016870512,0.11970673,11.970673,9.660479166666669,0.059725,5.9725
12.0%,0.11970673,11.970673,Nygaard2022_A0.06,"TurbOPark, A=0.06",-360.0,-1.5,False,9.434299847071653,0.11970673,11.970673,9.598033333333333,0.07964166666666667,7.964166666666666
12.0%,0.11970673,11.970673,Nygaard2022_A0.06,"TurbOPark, A=0.06",-336.0,-1.4,False,9.466046021004887,0.11970673,11.970673,9.664883333333334,0.07103333333333334,7.1033333333333335
12.0%,0.11970673,11.970673,Nygaard2022_A0.06,"TurbOPark, A=0.06",-312.0,-1.3,False,9.484423310383912,0.11970673,11.970673,9.697524999999999,0.06685416666666666,6.685416666666666
12.0%,0.11970673,11.970673,Nygaard2022_A0.06,"TurbOPark, A=0.06",-288.0,-1.2,False,9.494526513870348,0.11970673,11.970673,9.711779166666666,0.06429166666666666,6.429166666666666
12.0%,0.11970673,11.970673,Nygaard2022_A0.06,"TurbOPark, A=0.06",-264.0,-1.1,False,9.499807672322095,0.11970673,11.970673,9.701479166666667,0.06229583333333333,6.229583333333332
12.0%,0.11970673,11.970673,Nygaard2022_A0.06,"TurbOPark, A=0.06",-240.0,-1.0,False,9.50243290314321,0.11970673,11.970673,9.678258333333332,0.060220833333333335,6.022083333333334
12.0%,0.11970673,11.970673,Nygaard2022_A0.06,"TurbOPark, A=0.06",-216.0,-0.9,False,9.503674737573984,0.11970673,11.970673,9.651975,0.05992499999999999,5.992499999999999
12.0%,0.11970673,11.970673,Nygaard2022_A0.06,"TurbOPark, A=0.06",-192.0,-0.8,False,9.504233937235872,0.11970673,11.970673,9.618895833333333,0.06112916666666667,6.112916666666667
12.0%,0.11970673,11.970673,Nygaard2022_A0.06,"TurbOPark, A=0.06",-168.0,-0.7,False,9.504473675754545,0.11970673,11.970673,9.5817375,0.060920833333333334,6.092083333333333
12.0%,0.11970673,11.970673,Nygaard2022_A0.06,"TurbOPark, A=0.06",-144.0,-0.6,False,9.504571597113268,0.11970673,11.970673,9.5519,0.06190416666666666,6.190416666666667
12.0%,0.11970673,11.970673,Nygaard2022_A0.06,"TurbOPark, A=0.06",-120.0,-0.5,True,9.504609684873131,0.11970673,11.970673,9.51755,0.062412499999999996,6.24125
12.0%,0.11970673,11.970673,Nygaard2022_A0.06,"TurbOPark, A=0.06",-96.0,-0.4,True,9.504623809710942,0.11970673,11.970673,9.4800375,0.06288333333333333,6.288333333333333
12.0%,0.11970673,11.970673,Nygaard2022_A0.06,"TurbOPark, A=0.06",-72.0,-0.3,True,9.504628798175597,0.11970673,11.970673,9.449545833333334,0.06375833333333333,6.3758333333333335
12.0%,0.11970673,11.970673,Nygaard2022_A0.06,"TurbOPark, A=0.06",-48.0,-0.2,True,9.50463047908837,0.11970673,11.970673,9.428104166666666,0.06434166666666667,6.434166666666667
12.0%,0.11970673,11.970673,Nygaard2022_A0.06,"TurbOPark, A=0.06",-24.0,-0.1,True,9.504631018423057,0.11970673,11.970673,9.4122375,0.06511666666666667,6.511666666666667
12.0%,0.11970673,11.970673,Nygaard2022_A0.06,"TurbOPark, A=0.06",0.0,0.0,True,9.504631183632577,0.11970673,11.970673,9.399858333333333,0.0643375,6.433750000000001
12.0%,0.11970673,11.970673,Nygaard2022_A0.06,"TurbOPark, A=0.06",24.0,0.1,True,9.504631231829464,0.11970673,11.970673,9.390833333333333,0.0645125,6.45125
12.0%,0.11970673,11.970673,Nygaard2022_A0.06,"TurbOPark, A=0.06",48.0,0.2,True,9.504631245253336,0.11970673,11.970673,9.401724999999999,0.06418333333333334,6.418333333333334
12.0%,0.11970673,11.970673,Nygaard2022_A0.06,"TurbOPark, A=0.06",72.0,0.3,True,9.504631248815583,0.11970673,11.970673,9.425683333333332,0.06534166666666666,6.534166666666666
12.0%,0.11970673,11.970673,Nygaard2022_A0.06,"TurbOPark, A=0.06",96.0,0.4,True,9.504631249717967,0.11970673,11.970673,9.436187499999999,0.066125,6.612500000000001
12.0%,0.11970673,11.970673,Nygaard2022_A0.06,"TurbOPark, A=0.06",120.0,0.5,True,9.50463124993586,0.11970673,11.970673,9.446220833333333,0.06587083333333334,6.587083333333334
12.0%,0.11970673,11.970673,Nygaard2022_A0.06,"TurbOPark, A=0.06",144.0,0.6,False,9.504631249985541,0.11970673,11.970673,9.454516666666667,0.06472916666666667,6.472916666666667
12.0%,0.11970673,11.970673,Nygaard2022_A0.06,"TurbOPark, A=0.06",168.0,0.7,False,9.504631249978177,0.11970673,11.970673,9.461245833333333,0.06357083333333333,6.357083333333333
12.0%,0.11970673,11.970673,Nygaard2022_A0.06,"TurbOPark, A=0.06",192.0,0.8,False,9.504631249886385,0.11970673,11.970673,9.475733333333334,0.06333749999999999,6.333749999999999
12.0%,0.11970673,11.970673,Nygaard2022_A0.06,"TurbOPark, A=0.06",216.0,0.9,False,9.50463124943587,0.11970673,11.970673,9.506470833333335,0.06306250000000001,6.30625
12.0%,0.11970673,11.970673,Nygaard2022_A0.06,"TurbOPark, A=0.06",240.0,1.0,False,9.504631247347174,0.11970673,11.970673,9.532470833333333,0.06269583333333333,6.269583333333332
12.0%,0.11970673,11.970673,Nygaard2022_A0.06,"TurbOPark, A=0.06",264.0,1.1,False,9.504631238205956,0.11970673,11.970673,9.545858333333333,0.06177083333333333,6.177083333333333
12.0%,0.11970673,11.970673,Nygaard2022_A0.06,"TurbOPark, A=0.06",288.0,1.2,False,9.504631200343889,0.11970673,11.970673,9.569254166666667,0.06141666666666667,6.141666666666667
12.0%,0.11970673,11.970673,Nygaard2022_A0.06,"TurbOPark, A=0.06",312.0,1.3,False,9.50463105233533,0.11970673,11.970673,9.5913375,0.0604875,6.04875
12.0%,0.11970673,11.970673,Nygaard2022_A0.06,"TurbOPark, A=0.06",336.0,1.4,False,9.50463050489747,0.11970673,11.970673,9.626554166666667,0.05984166666666667,5.984166666666667
12.0%,0.11970673,11.970673,Nygaard2022_A0.06,"TurbOPark, A=0.06",360.0,1.5,False,9.50462859423036,0.11970673,11.970673,9.660479166666669,0.059725,5.9725
