TI_label,TI_input,TI_input_percent,model,model_label,y_rel_m,y_over_D,inside_rotor,U_model_mps,TI_model,TI_model_percent,U_LES_mps,TI_LES,TI_LES_percent
6.4%,0.0642,6.419999999999999,BPA2014,BPA,-360.0,-1.5,False,9.50463125,0.0642,6.419999999999999,10.019204166666666,0.06457916666666666,6.457916666666666
6.4%,0.0642,6.419999999999999,BPA2014,BPA,-336.0,-1.4,False,9.50463125,0.0642,6.419999999999999,10.012329166666666,0.06422083333333334,6.422083333333334
6.4%,0.0642,6.419999999999999,BPA2014,BPA,-312.0,-1.3,False,9.50463125,0.0642,6.419999999999999,10.018075,0.0638875,6.38875
6.4%,0.0642,6.419999999999999,BPA2014,BPA,-288.0,-1.2,False,9.50463125,0.0642,6.419999999999999,10.014545833333333,0.06492916666666665,6.492916666666665
6.4%,0.0642,6.419999999999999,BPA2014,BPA,-264.0,-1.1,False,9.50463125,0.0642,6.419999999999999,10.015708333333333,0.06524583333333334,6.524583333333334
6.4%,0.0642,6.419999999999999,BPA2014,BPA,-240.0,-1.0,False,9.50463125,0.0642,6.419999999999999,10.022945833333333,0.06403333333333333,6.403333333333333
6.4%,0.0642,6.419999999999999,BPA2014,BPA,-216.0,-0.9,False,9.50463125,0.0642,6.419999999999999,10.0211875,0.06174583333333333,6.1745833333333335
6.4%,0.0642,6.419999999999999,BPA2014,BPA,-192.0,-0.8,False,9.50463125,0.0642,6.419999999999999,10.009641666666667,0.06029999999999999,6.029999999999999
6.4%,0.0642,6.419999999999999,BPA2014,BPA,-168.0,-0.7,False,9.50463125,0.0642,6.419999999999999,9.978229166666667,0.0606125,6.06125
6.4%,0.0642,6.419999999999999,BPA2014,BPA,-144.0,-0.6,False,9.50463125,0.0642,6.419999999999999,9.946520833333333,0.061195833333333324,6.119583333333332
6.4%,0.0642,6.419999999999999,BPA2014,BPA,-120.0,-0.5,True,9.50463125,0.0642,6.419999999999999,9.932866666666666,0.06144166666666667,6.144166666666667
6.4%,0.0642,6.419999999999999,BPA2014,BPA,-96.0,-0.4,True,9.50463125,0.0642,6.419999999999999,9.916470833333333,0.06136250000000001,6.13625
6.4%,0.0642,6.419999999999999,BPA2014,BPA,-72.0,-0.3,True,9.50463125,0.0642,6.419999999999999,9.8970875,0.061025,6.1025
6.4%,0.0642,6.419999999999999,BPA2014,BPA,-48.0,-0.2,True,9.50463125,0.0642,6.419999999999999,9.877112499999999,0.06185416666666667,6.185416666666667
6.4%,0.0642,6.419999999999999,BPA2014,BPA,-24.0,-0.1,True,9.50463125,0.0642,6.419999999999999,9.870866666666666,0.06300833333333333,6.300833333333333
6.4%,0.0642,6.419999999999999,BPA2014,BPA,0.0,0.0,True,9.50463125,0.0642,6.419999999999999,9.863783333333332,0.0646375,6.46375
6.4%,0.0642,6.419999999999999,BPA2014,BPA,24.0,0.1,True,9.504631249999997,0.0642,6.419999999999999,9.864508333333333,0.06494166666666668,6.4941666666666675
6.4%,0.0642,6.419999999999999,BPA2014,BPA,48.0,0.2,True,9.50463124999999,0.0642,6.419999999999999,9.870891666666667,0.0651625,6.516249999999999
6.4%,0.0642,6.419999999999999,BPA2014,BPA,72.0,0.3,True,9.504631249999946,0.0642,6.419999999999999,9.875995833333334,0.06599166666666667,6.599166666666667
6.4%,0.0642,6.419999999999999,BPA2014,BPA,96.0,0.4,True,9.50463124999967,0.0642,6.419999999999999,9.894941666666666,0.0651875,6.51875
6.4%,0.0642,6.419999999999999,BPA2014,BPA,120.0,0.5,True,9.504631249998098,0.0642,6.419999999999999,9.907029166666668,0.06437083333333334,6.437083333333334
6.4%,0.0642,6.419999999999999,BPA2014,BPA,144.0,0.6,False,9.504631249989576,0.0642,6.419999999999999,9.907204166666666,0.06434166666666667,6.434166666666667
6.4%,0.0642,6.419999999999999,BPA2014,BPA,168.0,0.7,False,9.504631249945772,0.0642,6.419999999999999,9.915158333333332,0.06475833333333333,6.475833333333333
6.4%,0.0642,6.419999999999999,BPA2014,BPA,192.0,0.8,False,9.504631249732514,0.0642,6.419999999999999,9.938075,0.06457083333333333,6.457083333333332
6.4%,0.0642,6.419999999999999,BPA2014,BPA,216.0,0.9,False,9.504631248748936,0.0642,6.419999999999999,9.965445833333334,0.06365416666666666,6.3654166666666665
6.4%,0.0642,6.419999999999999,BPA2014,BPA,240.0,1.0,False,9.504631244451737,0.0642,6.419999999999999,9.9964375,0.061891666666666664,6.189166666666666
6.4%,0.0642,6.419999999999999,BPA2014,BPA,264.0,1.1,False,9.504631226669085,0.0642,6.419999999999999,10.013995833333333,0.060725,6.0725
6.4%,0.0642,6.419999999999999,BPA2014,BPA,288.0,1.2,False,9.504631156974131,0.0642,6.419999999999999,10.031295833333335,0.06094583333333334,6.0945833333333335
6.4%,0.0642,6.419999999999999,BPA2014,BPA,312.0,1.3,False,9.504630898299542,0.0642,6.419999999999999,10.0398125,0.06156666666666667,6.156666666666667
6.4%,0.0642,6.419999999999999,BPA2014,BPA,336.0,1.4,False,9.504629989219842,0.0642,6.419999999999999,10.039787500000001,0.0621375,6.21375
6.4%,0.0642,6.419999999999999,BPA2014,BPA,360.0,1.5,False,9.504626964484896,0.0642,6.419999999999999,10.039470833333333,0.06116666666666667,6.116666666666667
6.4%,0.0642,6.419999999999999,NPA2016,NPA,-360.0,-1.5,False,9.50463125,0.0642,6.419999999999999,10.019204166666666,0.06457916666666666,6.457916666666666
6.4%,0.0642,6.419999999999999,NPA2016,NPA,-336.0,-1.4,False,9.50463125,0.0642,6.419999999999999,10.012329166666666,0.06422083333333334,6.422083333333334
6.4%,0.0642,6.419999999999999,NPA2016,NPA,-312.0,-1.3,False,9.50463125,0.0642,6.419999999999999,10.018075,0.0638875,6.38875
6.4%,0.0642,6.419999999999999,NPA2016,NPA,-288.0,-1.2,False,9.50463125,0.0642,6.419999999999999,10.014545833333333,0.06492916666666665,6.492916666666665
6.4%,0.0642,6.419999999999999,NPA2016,NPA,-264.0,-1.1,False,9.50463125,0.0642,6.419999999999999,10.015708333333333,0.06524583333333334,6.524583333333334
6.4%,0.0642,6.419999999999999,NPA2016,NPA,-240.0,-1.0,False,9.50463125,0.0642,6.419999999999999,10.022945833333333,0.06403333333333333,6.403333333333333
6.4%,0.0642,6.419999999999999,NPA2016,NPA,-216.0,-0.9,False,9.50463125,0.0642,6.419999999999999,10.0211875,0.06174583333333333,6.1745833333333335
6.4%,0.0642,6.419999999999999,NPA2016,NPA,-192.0,-0.8,False,9.50463125,0.0642,6.419999999999999,10.009641666666667,0.06029999999999999,6.029999999999999
6.4%,0.0642,6.419999999999999,NPA2016,NPA,-168.0,-0.7,False,9.50463125,0.0642,6.419999999999999,9.978229166666667,0.0606125,6.06125
6.4%,0.0642,6.419999999999999,NPA2016,NPA,-144.0,-0.6,False,9.50463125,0.0642,6.419999999999999,9.946520833333333,0.061195833333333324,6.119583333333332
6.4%,0.0642,6.419999999999999,NPA2016,NPA,-120.0,-0.5,True,9.50463125,0.0642,6.419999999999999,9.932866666666666,0.06144166666666667,6.144166666666667
6.4%,0.0642,6.419999999999999,NPA2016,NPA,-96.0,-0.4,True,9.50463125,0.0642,6.419999999999999,9.916470833333333,0.06136250000000001,6.13625
6.4%,0.0642,6.419999999999999,NPA2016,NPA,-72.0,-0.3,True,9.50463125,0.0642,6.419999999999999,9.8970875,0.061025,6.1025
6.4%,0.0642,6.419999999999999,NPA2016,NPA,-48.0,-0.2,True,9.50463125,0.0642,6.419999999999999,9.877112499999999,0.06185416666666667,6.185416666666667
6.4%,0.0642,6.419999999999999,NPA2016,NPA,-24.0,-0.1,True,9.50463125,0.0642,6.419999999999999,9.870866666666666,0.06300833333333333,6.300833333333333
6.4%,0.0642,6.419999999999999,NPA2016,NPA,0.0,0.0,True,9.50463125,0.0642,6.419999999999999,9.863783333333332,0.0646375,6.46375
6.4%,0.0642,6.419999999999999,NPA2016,NPA,24.0,0.1,True,9.50463125,0.0642,6.419999999999999,9.864508333333333,0.06494166666666668,6.4941666666666675
6.4%,0.0642,6.419999999999999,NPA2016,NPA,48.0,0.2,True,9.50463125,0.0642,6.419999999999999,9.870891666666667,0.0651625,6.516249999999999
6.4%,0.0642,6.419999999999999,NPA2016,NPA,72.0,0.3,True,9.504631249999997,0.0642,6.419999999999999,9.875995833333334,0.06599166666666667,6.599166666666667
6.4%,0.0642,6.419999999999999,NPA2016,NPA,96.0,0.4,True,9.504631249999987,0.0642,6.419999999999999,9.894941666666666,0.0651875,6.51875
6.4%,0.0642,6.419999999999999,NPA2016,NPA,120.0,0.5,True,9.50463124999991,0.0642,6.419999999999999,9.907029166666668,0.06437083333333334,6.437083333333334
6.4%,0.0642,6.419999999999999,NPA2016,NPA,144.0,0.6,False,9.50463124999941,0.0642,6.419999999999999,9.907204166666666,0.06434166666666667,6.434166666666667
6.4%,0.0642,6.419999999999999,NPA2016,NPA,168.0,0.7,False,9.504631249996292,0.0642,6.419999999999999,9.915158333333332,0.06475833333333333,6.475833333333333
6.4%,0.0642,6.419999999999999,NPA2016,NPA,192.0,0.8,False,9.504631249978072,0.0642,6.419999999999999,9.938075,0.06457083333333333,6.457083333333332
6.4%,0.0642,6.419999999999999,NPA2016,NPA,216.0,0.9,False,9.504631249877717,0.0642,6.419999999999999,9.965445833333334,0.06365416666666666,6.3654166666666665
6.4%,0.0642,6.419999999999999,NPA2016,NPA,240.0,1.0,False,9.504631249357315,0.0642,6.419999999999999,9.9964375,0.061891666666666664,6.189166666666666
6.4%,0.0642,6.419999999999999,NPA2016,NPA,264.0,1.1,False,9.504631246818148,0.0642,6.419999999999999,10.013995833333333,0.060725,6.0725
6.4%,0.0642,6.419999999999999,NPA2016,NPA,288.0,1.2,False,9.504631235144657,0.0642,6.419999999999999,10.031295833333335,0.06094583333333334,6.0945833333333335
6.4%,0.0642,6.419999999999999,NPA2016,NPA,312.0,1.3,False,9.504631184644659,0.0642,6.419999999999999,10.0398125,0.06156666666666667,6.156666666666667
6.4%,0.0642,6.419999999999999,NPA2016,NPA,336.0,1.4,False,9.504630979118469,0.0642,6.419999999999999,10.039787500000001,0.0621375,6.21375
6.4%,0.0642,6.419999999999999,NPA2016,NPA,360.0,1.5,False,9.50463019128252,0.0642,6.419999999999999,10.039470833333333,0.06116666666666667,6.116666666666667
6.4%,0.0642,6.419999999999999,Nygaard2022,"TurbOPark, A=0.04",-360.0,-1.5,False,9.50463125,0.0642,6.419999999999999,10.019204166666666,0.06457916666666666,6.457916666666666
6.4%,0.0642,6.419999999999999,Nygaard2022,"TurbOPark, A=0.04",-336.0,-1.4,False,9.50463125,0.0642,6.419999999999999,10.012329166666666,0.06422083333333334,6.422083333333334
6.4%,0.0642,6.419999999999999,Nygaard2022,"TurbOPark, A=0.04",-312.0,-1.3,False,9.50463125,0.0642,6.419999999999999,10.018075,0.0638875,6.38875
6.4%,0.0642,6.419999999999999,Nygaard2022,"TurbOPark, A=0.04",-288.0,-1.2,False,9.50463125,0.0642,6.419999999999999,10.014545833333333,0.06492916666666665,6.492916666666665
6.4%,0.0642,6.419999999999999,Nygaard2022,"TurbOPark, A=0.04",-264.0,-1.1,False,9.50463125,0.0642,6.419999999999999,10.015708333333333,0.06524583333333334,6.524583333333334
6.4%,0.0642,6.419999999999999,Nygaard2022,"TurbOPark, A=0.04",-240.0,-1.0,False,9.50463125,0.0642,6.419999999999999,10.022945833333333,0.06403333333333333,6.403333333333333
6.4%,0.0642,6.419999999999999,Nygaard2022,"TurbOPark, A=0.04",-216.0,-0.9,False,9.50463125,0.0642,6.419999999999999,10.0211875,0.06174583333333333,6.1745833333333335
6.4%,0.0642,6.419999999999999,Nygaard2022,"TurbOPark, A=0.04",-192.0,-0.8,False,9.50463125,0.0642,6.419999999999999,10.009641666666667,0.06029999999999999,6.029999999999999
6.4%,0.0642,6.419999999999999,Nygaard2022,"TurbOPark, A=0.04",-168.0,-0.7,False,9.50463125,0.0642,6.419999999999999,9.978229166666667,0.0606125,6.06125
6.4%,0.0642,6.419999999999999,Nygaard2022,"TurbOPark, A=0.04",-144.0,-0.6,False,9.50463125,0.0642,6.419999999999999,9.946520833333333,0.061195833333333324,6.119583333333332
6.4%,0.0642,6.419999999999999,Nygaard2022,"TurbOPark, A=0.04",-120.0,-0.5,True,9.50463125,0.0642,6.419999999999999,9.932866666666666,0.06144166666666667,6.144166666666667
6.4%,0.0642,6.419999999999999,Nygaard2022,"TurbOPark, A=0.04",-96.0,-0.4,True,9.50463125,0.0642,6.419999999999999,9.916470833333333,0.06136250000000001,6.13625
6.4%,0.0642,6.419999999999999,Nygaard2022,"TurbOPark, A=0.04",-72.0,-0.3,True,9.50463125,0.0642,6.419999999999999,9.8970875,0.061025,6.1025
6.4%,0.0642,6.419999999999999,Nygaard2022,"TurbOPark, A=0.04",-48.0,-0.2,True,9.50463125,0.0642,6.419999999999999,9.877112499999999,0.06185416666666667,6.185416666666667
6.4%,0.0642,6.419999999999999,Nygaard2022,"TurbOPark, A=0.04",-24.0,-0.1,True,9.50463125,0.0642,6.419999999999999,9.870866666666666,0.06300833333333333,6.300833333333333
6.4%,0.0642,6.419999999999999,Nygaard2022,"TurbOPark, A=0.04",0.0,0.0,True,9.50463125,0.0642,6.419999999999999,9.863783333333332,0.0646375,6.46375
6.4%,0.0642,6.419999999999999,Nygaard2022,"TurbOPark, A=0.04",24.0,0.1,True,9.50463125,0.0642,6.419999999999999,9.864508333333333,0.06494166666666668,6.4941666666666675
6.4%,0.0642,6.419999999999999,Nygaard2022,"TurbOPark, A=0.04",48.0,0.2,True,9.50463125,0.0642,6.419999999999999,9.870891666666667,0.0651625,6.516249999999999
6.4%,0.0642,6.419999999999999,Nygaard2022,"TurbOPark, A=0.04",72.0,0.3,True,9.50463125,0.0642,6.419999999999999,9.875995833333334,0.06599166666666667,6.599166666666667
6.4%,0.0642,6.419999999999999,Nygaard2022,"TurbOPark, A=0.04",96.0,0.4,True,9.50463125,0.0642,6.419999999999999,9.894941666666666,0.0651875,6.51875
6.4%,0.0642,6.419999999999999,Nygaard2022,"TurbOPark, A=0.04",120.0,0.5,True,9.504631249999997,0.0642,6.419999999999999,9.907029166666668,0.06437083333333334,6.437083333333334
6.4%,0.0642,6.419999999999999,Nygaard2022,"TurbOPark, A=0.04",144.0,0.6,False,9.504631249999985,0.0642,6.419999999999999,9.907204166666666,0.06434166666666667,6.434166666666667
6.4%,0.0642,6.419999999999999,Nygaard2022,"TurbOPark, A=0.04",168.0,0.7,False,9.504631249999889,0.0642,6.419999999999999,9.915158333333332,0.06475833333333333,6.475833333333333
6.4%,0.0642,6.419999999999999,Nygaard2022,"TurbOPark, A=0.04",192.0,0.8,False,9.504631249999171,0.0642,6.419999999999999,9.938075,0.06457083333333333,6.457083333333332
6.4%,0.0642,6.419999999999999,Nygaard2022,"TurbOPark, A=0.04",216.0,0.9,False,9.504631249994196,0.0642,6.419999999999999,9.965445833333334,0.06365416666666666,6.3654166666666665
6.4%,0.0642,6.419999999999999,Nygaard2022,"TurbOPark, A=0.04",240.0,1.0,False,9.504631249961935,0.0642,6.419999999999999,9.9964375,0.061891666666666664,6.189166666666666
6.4%,0.0642,6.419999999999999,Nygaard2022,"TurbOPark, A=0.04",264.0,1.1,False,9.504631249766597,0.0642,6.419999999999999,10.013995833333333,0.060725,6.0725
6.4%,0.0642,6.419999999999999,Nygaard2022,"TurbOPark, A=0.04",288.0,1.2,False,9.504631248661786,0.0642,6.419999999999999,10.031295833333335,0.06094583333333334,6.0945833333333335
6.4%,0.0642,6.419999999999999,Nygaard2022,"TurbOPark, A=0.04",312.0,1.3,False,9.504631242825885,0.0642,6.419999999999999,10.0398125,0.06156666666666667,6.156666666666667
6.4%,0.0642,6.419999999999999,Nygaard2022,"TurbOPark, A=0.04",336.0,1.4,False,9.504631214030177,0.0642,6.419999999999999,10.039787500000001,0.0621375,6.21375
6.4%,0.0642,6.419999999999999,Nygaard2022,"TurbOPark, A=0.04",360.0,1.5,False,9.50463108136475,0.0642,6.419999999999999,10.039470833333333,0.06116666666666667,6.116666666666667
6.4%,0.0642,6.419999999999999,Nygaard2022_A0.06,"TurbOPark, A=0.06",-360.0,-1.5,False,9.50463125,0.0642,6.419999999999999,10.019204166666666,0.06457916666666666,6.457916666666666
6.4%,0.0642,6.419999999999999,Nygaard2022_A0.06,"TurbOPark, A=0.06",-336.0,-1.4,False,9.50463125,0.0642,6.419999999999999,10.012329166666666,0.06422083333333334,6.422083333333334
6.4%,0.0642,6.419999999999999,Nygaard2022_A0.06,"TurbOPark, A=0.06",-312.0,-1.3,False,9.50463125,0.0642,6.419999999999999,10.018075,0.0638875,6.38875
6.4%,0.0642,6.419999999999999,Nygaard2022_A0.06,"TurbOPark, A=0.06",-288.0,-1.2,False,9.50463125,0.0642,6.419999999999999,10.014545833333333,0.06492916666666665,6.492916666666665
6.4%,0.0642,6.419999999999999,Nygaard2022_A0.06,"TurbOPark, A=0.06",-264.0,-1.1,False,9.50463125,0.0642,6.419999999999999,10.015708333333333,0.06524583333333334,6.524583333333334
6.4%,0.0642,6.419999999999999,Nygaard2022_A0.06,"TurbOPark, A=0.06",-240.0,-1.0,False,9.50463125,0.0642,6.419999999999999,10.022945833333333,0.06403333333333333,6.403333333333333
6.4%,0.0642,6.419999999999999,Nygaard2022_A0.06,"TurbOPark, A=0.06",-216.0,-0.9,False,9.50463125,0.0642,6.419999999999999,10.0211875,0.06174583333333333,6.1745833333333335
6.4%,0.0642,6.419999999999999,Nygaard2022_A0.06,"TurbOPark, A=0.06",-192.0,-0.8,False,9.50463125,0.0642,6.419999999999999,10.009641666666667,0.06029999999999999,6.029999999999999
6.4%,0.0642,6.419999999999999,Nygaard2022_A0.06,"TurbOPark, A=0.06",-168.0,-0.7,False,9.50463125,0.0642,6.419999999999999,9.978229166666667,0.0606125,6.06125
6.4%,0.0642,6.419999999999999,Nygaard2022_A0.06,"TurbOPark, A=0.06",-144.0,-0.6,False,9.50463125,0.0642,6.419999999999999,9.946520833333333,0.061195833333333324,6.119583333333332
6.4%,0.0642,6.419999999999999,Nygaard2022_A0.06,"TurbOPark, A=0.06",-120.0,-0.5,True,9.50463125,0.0642,6.419999999999999,9.932866666666666,0.06144166666666667,6.144166666666667
6.4%,0.0642,6.419999999999999,Nygaard2022_A0.06,"TurbOPark, A=0.06",-96.0,-0.4,True,9.50463125,0.0642,6.419999999999999,9.916470833333333,0.06136250000000001,6.13625
6.4%,0.0642,6.419999999999999,Nygaard2022_A0.06,"TurbOPark, A=0.06",-72.0,-0.3,True,9.50463125,0.0642,6.419999999999999,9.8970875,0.061025,6.1025
6.4%,0.0642,6.419999999999999,Nygaard2022_A0.06,"TurbOPark, A=0.06",-48.0,-0.2,True,9.50463125,0.0642,6.419999999999999,9.877112499999999,0.06185416666666667,6.185416666666667
6.4%,0.0642,6.419999999999999,Nygaard2022_A0.06,"TurbOPark, A=0.06",-24.0,-0.1,True,9.50463125,0.0642,6.419999999999999,9.870866666666666,0.06300833333333333,6.300833333333333
6.4%,0.0642,6.419999999999999,Nygaard2022_A0.06,"TurbOPark, A=0.06",0.0,0.0,True,9.50463125,0.0642,6.419999999999999,9.863783333333332,0.0646375,6.46375
6.4%,0.0642,6.419999999999999,Nygaard2022_A0.06,"TurbOPark, A=0.06",24.0,0.1,True,9.50463125,0.0642,6.419999999999999,9.864508333333333,0.06494166666666668,6.4941666666666675
6.4%,0.0642,6.419999999999999,Nygaard2022_A0.06,"TurbOPark, A=0.06",48.0,0.2,True,9.50463125,0.0642,6.419999999999999,9.870891666666667,0.0651625,6.516249999999999
6.4%,0.0642,6.419999999999999,Nygaard2022_A0.06,"TurbOPark, A=0.06",72.0,0.3,True,9.504631249999992,0.0642,6.419999999999999,9.875995833333334,0.06599166666666667,6.599166666666667
6.4%,0.0642,6.419999999999999,Nygaard2022_A0.06,"TurbOPark, A=0.06",96.0,0.4,True,9.504631249999955,0.0642,6.419999999999999,9.894941666666666,0.0651875,6.51875
6.4%,0.0642,6.419999999999999,Nygaard2022_A0.06,"TurbOPark, A=0.06",120.0,0.5,True,9.504631249999706,0.0642,6.419999999999999,9.907029166666668,0.06437083333333334,6.437083333333334
6.4%,0.0642,6.419999999999999,Nygaard2022_A0.06,"TurbOPark, A=0.06",144.0,0.6,False,9.504631249998187,0.0642,6.419999999999999,9.907204166666666,0.06434166666666667,6.434166666666667
6.4%,0.0642,6.419999999999999,Nygaard2022_A0.06,"TurbOPark, A=0.06",168.0,0.7,False,9.504631249989432,0.0642,6.419999999999999,9.915158333333332,0.06475833333333333,6.475833333333333
6.4%,0.0642,6.419999999999999,Nygaard2022_A0.06,"TurbOPark, A=0.06",192.0,0.8,False,9.504631249941765,0.0642,6.419999999999999,9.938075,0.06457083333333333,6.457083333333332
6.4%,0.0642,6.419999999999999,Nygaard2022_A0.06,"TurbOPark, A=0.06",216.0,0.9,False,9.504631249696851,0.0642,6.419999999999999,9.965445833333334,0.06365416666666666,6.3654166666666665
6.4%,0.0642,6.419999999999999,Nygaard2022_A0.06,"TurbOPark, A=0.06",240.0,1.0,False,9.504631248509307,0.0642,6.419999999999999,9.9964375,0.061891666666666664,6.189166666666666
6.4%,0.0642,6.419999999999999,Nygaard2022_A0.06,"TurbOPark, A=0.06",264.0,1.1,False,9.504631243073028,0.0642,6.419999999999999,10.013995833333333,0.060725,6.0725
6.4%,0.0642,6.419999999999999,Nygaard2022_A0.06,"TurbOPark, A=0.06",288.0,1.2,False,9.504631219588125,0.0642,6.419999999999999,10.031295833333335,0.06094583333333334,6.0945833333333335
6.4%,0.0642,6.419999999999999,Nygaard2022_A0.06,"TurbOPark, A=0.06",312.0,1.3,False,9.504631123877715,0.0642,6.419999999999999,10.0398125,0.06156666666666667,6.156666666666667
6.4%,0.0642,6.419999999999999,Nygaard2022_A0.06,"TurbOPark, A=0.06",336.0,1.4,False,9.504630755920237,0.0642,6.419999999999999,10.039787500000001,0.0621375,6.21375
6.4%,0.0642,6.419999999999999,Nygaard2022_A0.06,"TurbOPark, A=0.06",360.0,1.5,False,9.504629421621189,0.0642,6.419999999999999,10.039470833333333,0.06116666666666667,6.116666666666667
7.0%,0.07036741444444444,7.036741444444444,BPA2014,BPA,-360.0,-1.5,False,9.50463125,0.07036741444444444,7.036741444444444,10.019204166666666,0.06457916666666666,6.457916666666666
7.0%,0.07036741444444444,7.036741444444444,BPA2014,BPA,-336.0,-1.4,False,9.50463125,0.07036741444444444,7.036741444444444,10.012329166666666,0.06422083333333334,6.422083333333334
7.0%,0.07036741444444444,7.036741444444444,BPA2014,BPA,-312.0,-1.3,False,9.50463125,0.07036741444444444,7.036741444444444,10.018075,0.0638875,6.38875
7.0%,0.07036741444444444,7.036741444444444,BPA2014,BPA,-288.0,-1.2,False,9.50463125,0.07036741444444444,7.036741444444444,10.014545833333333,0.06492916666666665,6.492916666666665
7.0%,0.07036741444444444,7.036741444444444,BPA2014,BPA,-264.0,-1.1,False,9.50463125,0.07036741444444444,7.036741444444444,10.015708333333333,0.06524583333333334,6.524583333333334
7.0%,0.07036741444444444,7.036741444444444,BPA2014,BPA,-240.0,-1.0,False,9.50463125,0.07036741444444444,7.036741444444444,10.022945833333333,0.06403333333333333,6.403333333333333
7.0%,0.07036741444444444,7.036741444444444,BPA2014,BPA,-216.0,-0.9,False,9.50463125,0.07036741444444444,7.036741444444444,10.0211875,0.06174583333333333,6.1745833333333335
7.0%,0.07036741444444444,7.036741444444444,BPA2014,BPA,-192.0,-0.8,False,9.50463125,0.07036741444444444,7.036741444444444,10.009641666666667,0.06029999999999999,6.029999999999999
7.0%,0.07036741444444444,7.036741444444444,BPA2014,BPA,-168.0,-0.7,False,9.50463125,0.07036741444444444,7.036741444444444,9.978229166666667,0.0606125,6.06125
7.0%,0.07036741444444444,7.036741444444444,BPA2014,BPA,-144.0,-0.6,False,9.50463125,0.07036741444444444,7.036741444444444,9.946520833333333,0.061195833333333324,6.119583333333332
7.0%,0.07036741444444444,7.036741444444444,BPA2014,BPA,-120.0,-0.5,True,9.50463125,0.07036741444444444,7.036741444444444,9.932866666666666,0.06144166666666667,6.144166666666667
7.0%,0.07036741444444444,7.036741444444444,BPA2014,BPA,-96.0,-0.4,True,9.50463125,0.07036741444444444,7.036741444444444,9.916470833333333,0.06136250000000001,6.13625
7.0%,0.07036741444444444,7.036741444444444,BPA2014,BPA,-72.0,-0.3,True,9.50463125,0.07036741444444444,7.036741444444444,9.8970875,0.061025,6.1025
7.0%,0.07036741444444444,7.036741444444444,BPA2014,BPA,-48.0,-0.2,True,9.50463125,0.07036741444444444,7.036741444444444,9.877112499999999,0.06185416666666667,6.185416666666667
7.0%,0.07036741444444444,7.036741444444444,BPA2014,BPA,-24.0,-0.1,True,9.50463125,0.07036741444444444,7.036741444444444,9.870866666666666,0.06300833333333333,6.300833333333333
7.0%,0.07036741444444444,7.036741444444444,BPA2014,BPA,0.0,0.0,True,9.50463125,0.07036741444444444,7.036741444444444,9.863783333333332,0.0646375,6.46375
7.0%,0.07036741444444444,7.036741444444444,BPA2014,BPA,24.0,0.1,True,9.504631249999997,0.07036741444444444,7.036741444444444,9.864508333333333,0.06494166666666668,6.4941666666666675
7.0%,0.07036741444444444,7.036741444444444,BPA2014,BPA,48.0,0.2,True,9.50463124999999,0.07036741444444444,7.036741444444444,9.870891666666667,0.0651625,6.516249999999999
7.0%,0.07036741444444444,7.036741444444444,BPA2014,BPA,72.0,0.3,True,9.504631249999946,0.07036741444444444,7.036741444444444,9.875995833333334,0.06599166666666667,6.599166666666667
7.0%,0.07036741444444444,7.036741444444444,BPA2014,BPA,96.0,0.4,True,9.50463124999967,0.07036741444444444,7.036741444444444,9.894941666666666,0.0651875,6.51875
7.0%,0.07036741444444444,7.036741444444444,BPA2014,BPA,120.0,0.5,True,9.504631249998098,0.07036741444444444,7.036741444444444,9.907029166666668,0.06437083333333334,6.437083333333334
7.0%,0.07036741444444444,7.036741444444444,BPA2014,BPA,144.0,0.6,False,9.504631249989576,0.07036741444444444,7.036741444444444,9.907204166666666,0.06434166666666667,6.434166666666667
7.0%,0.07036741444444444,7.036741444444444,BPA2014,BPA,168.0,0.7,False,9.504631249945772,0.07036741444444444,7.036741444444444,9.915158333333332,0.06475833333333333,6.475833333333333
7.0%,0.07036741444444444,7.036741444444444,BPA2014,BPA,192.0,0.8,False,9.504631249732514,0.07036741444444444,7.036741444444444,9.938075,0.06457083333333333,6.457083333333332
7.0%,0.07036741444444444,7.036741444444444,BPA2014,BPA,216.0,0.9,False,9.504631248748936,0.07036741444444444,7.036741444444444,9.965445833333334,0.06365416666666666,6.3654166666666665
7.0%,0.07036741444444444,7.036741444444444,BPA2014,BPA,240.0,1.0,False,9.504631244451737,0.07036741444444444,7.036741444444444,9.9964375,0.061891666666666664,6.189166666666666
7.0%,0.07036741444444444,7.036741444444444,BPA2014,BPA,264.0,1.1,False,9.504631226669085,0.07036741444444444,7.036741444444444,10.013995833333333,0.060725,6.0725
7.0%,0.07036741444444444,7.036741444444444,BPA2014,BPA,288.0,1.2,False,9.504631156974131,0.07036741444444444,7.036741444444444,10.031295833333335,0.06094583333333334,6.0945833333333335
7.0%,0.07036741444444444,7.036741444444444,BPA2014,BPA,312.0,1.3,False,9.504630898299542,0.07036741444444444,7.036741444444444,10.0398125,0.06156666666666667,6.156666666666667
7.0%,0.07036741444444444,7.036741444444444,BPA2014,BPA,336.0,1.4,False,9.504629989219842,0.07036741444444444,7.036741444444444,10.039787500000001,0.0621375,6.21375
7.0%,0.07036741444444444,7.036741444444444,BPA2014,BPA,360.0,1.5,False,9.504626964484896,0.07036741444444444,7.036741444444444,10.039470833333333,0.06116666666666667,6.116666666666667
7.0%,0.07036741444444444,7.036741444444444,NPA2016,NPA,-360.0,-1.5,False,9.50463125,0.07036741444444444,7.036741444444444,10.019204166666666,0.06457916666666666,6.457916666666666
7.0%,0.07036741444444444,7.036741444444444,NPA2016,NPA,-336.0,-1.4,False,9.50463125,0.07036741444444444,7.036741444444444,10.012329166666666,0.06422083333333334,6.422083333333334
7.0%,0.07036741444444444,7.036741444444444,NPA2016,NPA,-312.0,-1.3,False,9.50463125,0.07036741444444444,7.036741444444444,10.018075,0.0638875,6.38875
7.0%,0.07036741444444444,7.036741444444444,NPA2016,NPA,-288.0,-1.2,False,9.50463125,0.07036741444444444,7.036741444444444,10.014545833333333,0.06492916666666665,6.492916666666665
7.0%,0.07036741444444444,7.036741444444444,NPA2016,NPA,-264.0,-1.1,False,9.50463125,0.07036741444444444,7.036741444444444,10.015708333333333,0.06524583333333334,6.524583333333334
7.0%,0.07036741444444444,7.036741444444444,NPA2016,NPA,-240.0,-1.0,False,9.50463125,0.07036741444444444,7.036741444444444,10.022945833333333,0.06403333333333333,6.403333333333333
7.0%,0.07036741444444444,7.036741444444444,NPA2016,NPA,-216.0,-0.9,False,9.50463125,0.07036741444444444,7.036741444444444,10.0211875,0.06174583333333333,6.1745833333333335
7.0%,0.07036741444444444,7.036741444444444,NPA2016,NPA,-192.0,-0.8,False,9.50463125,0.07036741444444444,7.036741444444444,10.009641666666667,0.06029999999999999,6.029999999999999
7.0%,0.07036741444444444,7.036741444444444,NPA2016,NPA,-168.0,-0.7,False,9.50463125,0.07036741444444444,7.036741444444444,9.978229166666667,0.0606125,6.06125
7.0%,0.07036741444444444,7.036741444444444,NPA2016,NPA,-144.0,-0.6,False,9.50463125,0.07036741444444444,7.036741444444444,9.946520833333333,0.061195833333333324,6.119583333333332
7.0%,0.07036741444444444,7.036741444444444,NPA2016,NPA,-120.0,-0.5,True,9.50463125,0.07036741444444444,7.036741444444444,9.932866666666666,0.06144166666666667,6.144166666666667
7.0%,0.07036741444444444,7.036741444444444,NPA2016,NPA,-96.0,-0.4,True,9.50463125,0.07036741444444444,7.036741444444444,9.916470833333333,0.06136250000000001,6.13625
7.0%,0.07036741444444444,7.036741444444444,NPA2016,NPA,-72.0,-0.3,True,9.50463125,0.07036741444444444,7.036741444444444,9.8970875,0.061025,6.1025
7.0%,0.07036741444444444,7.036741444444444,NPA2016,NPA,-48.0,-0.2,True,9.50463125,0.07036741444444444,7.036741444444444,9.877112499999999,0.06185416666666667,6.185416666666667
7.0%,0.07036741444444444,7.036741444444444,NPA2016,NPA,-24.0,-0.1,True,9.50463125,0.07036741444444444,7.036741444444444,9.870866666666666,0.06300833333333333,6.300833333333333
7.0%,0.07036741444444444,7.036741444444444,NPA2016,NPA,0.0,0.0,True,9.50463125,0.07036741444444444,7.036741444444444,9.863783333333332,0.0646375,6.46375
7.0%,0.07036741444444444,7.036741444444444,NPA2016,NPA,24.0,0.1,True,9.50463125,0.07036741444444444,7.036741444444444,9.864508333333333,0.06494166666666668,6.4941666666666675
7.0%,0.07036741444444444,7.036741444444444,NPA2016,NPA,48.0,0.2,True,9.504631249999997,0.07036741444444444,7.036741444444444,9.870891666666667,0.0651625,6.516249999999999
7.0%,0.07036741444444444,7.036741444444444,NPA2016,NPA,72.0,0.3,True,9.504631249999987,0.07036741444444444,7.036741444444444,9.875995833333334,0.06599166666666667,6.599166666666667
7.0%,0.07036741444444444,7.036741444444444,NPA2016,NPA,96.0,0.4,True,9.504631249999912,0.07036741444444444,7.036741444444444,9.894941666666666,0.0651875,6.51875
7.0%,0.07036741444444444,7.036741444444444,NPA2016,NPA,120.0,0.5,True,9.504631249999456,0.07036741444444444,7.036741444444444,9.907029166666668,0.06437083333333334,6.437083333333334
7.0%,0.07036741444444444,7.036741444444444,NPA2016,NPA,144.0,0.6,False,9.504631249996775,0.07036741444444444,7.036741444444444,9.907204166666666,0.06434166666666667,6.434166666666667
7.0%,0.07036741444444444,7.036741444444444,NPA2016,NPA,168.0,0.7,False,9.504631249981886,0.07036741444444444,7.036741444444444,9.915158333333332,0.06475833333333333,6.475833333333333
7.0%,0.07036741444444444,7.036741444444444,NPA2016,NPA,192.0,0.8,False,9.504631249903785,0.07036741444444444,7.036741444444444,9.938075,0.06457083333333333,6.457083333333332
7.0%,0.07036741444444444,7.036741444444444,NPA2016,NPA,216.0,0.9,False,9.504631249516239,0.07036741444444444,7.036741444444444,9.965445833333334,0.06365416666666666,6.3654166666666665
7.0%,0.07036741444444444,7.036741444444444,NPA2016,NPA,240.0,1.0,False,9.504631247701091,0.07036741444444444,7.036741444444444,9.9964375,0.061891666666666664,6.189166666666666
7.0%,0.07036741444444444,7.036741444444444,NPA2016,NPA,264.0,1.1,False,9.504631239661466,0.07036741444444444,7.036741444444444,10.013995833333333,0.060725,6.0725
7.0%,0.07036741444444444,7.036741444444444,NPA2016,NPA,288.0,1.2,False,9.504631206032375,0.07036741444444444,7.036741444444444,10.031295833333335,0.06094583333333334,6.0945833333333335
7.0%,0.07036741444444444,7.036741444444444,NPA2016,NPA,312.0,1.3,False,9.504631073180127,0.07036741444444444,7.036741444444444,10.0398125,0.06156666666666667,6.156666666666667
7.0%,0.07036741444444444,7.036741444444444,NPA2016,NPA,336.0,1.4,False,9.504630577100054,0.07036741444444444,7.036741444444444,10.039787500000001,0.0621375,6.21375
7.0%,0.07036741444444444,7.036741444444444,NPA2016,NPA,360.0,1.5,False,9.504628829086988,0.07036741444444444,7.036741444444444,10.039470833333333,0.06116666666666667,6.116666666666667
7.0%,0.07036741444444444,7.036741444444444,Nygaard2022,"TurbOPark, A=0.04",-360.0,-1.5,False,9.50463125,0.07036741444444444,7.036741444444444,10.019204166666666,0.06457916666666666,6.457916666666666
7.0%,0.07036741444444444,7.036741444444444,Nygaard2022,"TurbOPark, A=0.04",-336.0,-1.4,False,9.50463125,0.07036741444444444,7.036741444444444,10.012329166666666,0.06422083333333334,6.422083333333334
7.0%,0.07036741444444444,7.036741444444444,Nygaard2022,"TurbOPark, A=0.04",-312.0,-1.3,False,9.50463125,0.07036741444444444,7.036741444444444,10.018075,0.0638875,6.38875
7.0%,0.07036741444444444,7.036741444444444,Nygaard2022,"TurbOPark, A=0.04",-288.0,-1.2,False,9.50463125,0.07036741444444444,7.036741444444444,10.014545833333333,0.06492916666666665,6.492916666666665
7.0%,0.07036741444444444,7.036741444444444,Nygaard2022,"TurbOPark, A=0.04",-264.0,-1.1,False,9.50463125,0.07036741444444444,7.036741444444444,10.015708333333333,0.06524583333333334,6.524583333333334
7.0%,0.07036741444444444,7.036741444444444,Nygaard2022,"TurbOPark, A=0.04",-240.0,-1.0,False,9.50463125,0.07036741444444444,7.036741444444444,10.022945833333333,0.06403333333333333,6.403333333333333
7.0%,0.07036741444444444,7.036741444444444,Nygaard2022,"TurbOPark, A=0.04",-216.0,-0.9,False,9.50463125,0.07036741444444444,7.036741444444444,10.0211875,0.06174583333333333,6.1745833333333335
7.0%,0.07036741444444444,7.036741444444444,Nygaard2022,"TurbOPark, A=0.04",-192.0,-0.8,False,9.50463125,0.07036741444444444,7.036741444444444,10.009641666666667,0.06029999999999999,6.029999999999999
7.0%,0.07036741444444444,7.036741444444444,Nygaard2022,"TurbOPark, A=0.04",-168.0,-0.7,False,9.50463125,0.07036741444444444,7.036741444444444,9.978229166666667,0.0606125,6.06125
7.0%,0.07036741444444444,7.036741444444444,Nygaard2022,"TurbOPark, A=0.04",-144.0,-0.6,False,9.50463125,0.07036741444444444,7.036741444444444,9.946520833333333,0.061195833333333324,6.119583333333332
7.0%,0.07036741444444444,7.036741444444444,Nygaard2022,"TurbOPark, A=0.04",-120.0,-0.5,True,9.50463125,0.07036741444444444,7.036741444444444,9.932866666666666,0.06144166666666667,6.144166666666667
7.0%,0.07036741444444444,7.036741444444444,Nygaard2022,"TurbOPark, A=0.04",-96.0,-0.4,True,9.50463125,0.07036741444444444,7.036741444444444,9.916470833333333,0.06136250000000001,6.13625
7.0%,0.07036741444444444,7.036741444444444,Nygaard2022,"TurbOPark, A=0.04",-72.0,-0.3,True,9.50463125,0.07036741444444444,7.036741444444444,9.8970875,0.061025,6.1025
7.0%,0.07036741444444444,7.036741444444444,Nygaard2022,"TurbOPark, A=0.04",-48.0,-0.2,True,9.50463125,0.07036741444444444,7.036741444444444,9.877112499999999,0.06185416666666667,6.185416666666667
7.0%,0.07036741444444444,7.036741444444444,Nygaard2022,"TurbOPark, A=0.04",-24.0,-0.1,True,9.50463125,0.07036741444444444,7.036741444444444,9.870866666666666,0.06300833333333333,6.300833333333333
7.0%,0.07036741444444444,7.036741444444444,Nygaard2022,"TurbOPark, A=0.04",0.0,0.0,True,9.50463125,0.07036741444444444,7.036741444444444,9.863783333333332,0.0646375,6.46375
7.0%,0.07036741444444444,7.036741444444444,Nygaard2022,"TurbOPark, A=0.04",24.0,0.1,True,9.50463125,0.07036741444444444,7.036741444444444,9.864508333333333,0.06494166666666668,6.4941666666666675
7.0%,0.07036741444444444,7.036741444444444,Nygaard2022,"TurbOPark, A=0.04",48.0,0.2,True,9.50463125,0.07036741444444444,7.036741444444444,9.870891666666667,0.0651625,6.516249999999999
7.0%,0.07036741444444444,7.036741444444444,Nygaard2022,"TurbOPark, A=0.04",72.0,0.3,True,9.50463125,0.07036741444444444,7.036741444444444,9.875995833333334,0.06599166666666667,6.599166666666667
7.0%,0.07036741444444444,7.036741444444444,Nygaard2022,"TurbOPark, A=0.04",96.0,0.4,True,9.50463125,0.07036741444444444,7.036741444444444,9.894941666666666,0.0651875,6.51875
7.0%,0.07036741444444444,7.036741444444444,Nygaard2022,"TurbOPark, A=0.04",120.0,0.5,True,9.504631249999997,0.07036741444444444,7.036741444444444,9.907029166666668,0.06437083333333334,6.437083333333334
7.0%,0.07036741444444444,7.036741444444444,Nygaard2022,"TurbOPark, A=0.04",144.0,0.6,False,9.504631249999985,0.07036741444444444,7.036741444444444,9.907204166666666,0.06434166666666667,6.434166666666667
7.0%,0.07036741444444444,7.036741444444444,Nygaard2022,"TurbOPark, A=0.04",168.0,0.7,False,9.504631249999884,0.07036741444444444,7.036741444444444,9.915158333333332,0.06475833333333333,6.475833333333333
7.0%,0.07036741444444444,7.036741444444444,Nygaard2022,"TurbOPark, A=0.04",192.0,0.8,False,9.50463124999913,0.07036741444444444,7.036741444444444,9.938075,0.06457083333333333,6.457083333333332
7.0%,0.07036741444444444,7.036741444444444,Nygaard2022,"TurbOPark, A=0.04",216.0,0.9,False,9.504631249993924,0.07036741444444444,7.036741444444444,9.965445833333334,0.06365416666666666,6.3654166666666665
7.0%,0.07036741444444444,7.036741444444444,Nygaard2022,"TurbOPark, A=0.04",240.0,1.0,False,9.504631249960282,0.07036741444444444,7.036741444444444,9.9964375,0.061891666666666664,6.189166666666666
7.0%,0.07036741444444444,7.036741444444444,Nygaard2022,"TurbOPark, A=0.04",264.0,1.1,False,9.50463124975717,0.07036741444444444,7.036741444444444,10.013995833333333,0.060725,6.0725
7.0%,0.07036741444444444,7.036741444444444,Nygaard2022,"TurbOPark, A=0.04",288.0,1.2,False,9.504631248611734,0.07036741444444444,7.036741444444444,10.031295833333335,0.06094583333333334,6.0945833333333335
7.0%,0.07036741444444444,7.036741444444444,Nygaard2022,"TurbOPark, A=0.04",312.0,1.3,False,9.50463124257843,0.07036741444444444,7.036741444444444,10.0398125,0.06156666666666667,6.156666666666667
7.0%,0.07036741444444444,7.036741444444444,Nygaard2022,"TurbOPark, A=0.04",336.0,1.4,False,9.504631212899701,0.07036741444444444,7.036741444444444,10.039787500000001,0.0621375,6.21375
7.0%,0.07036741444444444,7.036741444444444,Nygaard2022,"TurbOPark, A=0.04",360.0,1.5,False,9.504631076570801,0.07036741444444444,7.036741444444444,10.039470833333333,0.06116666666666667,6.116666666666667
7.0%,0.07036741444444444,7.036741444444444,Nygaard2022_A0.06,"TurbOPark, A=0.06",-360.0,-1.5,False,9.50463125,0.07036741444444444,7.036741444444444,10.019204166666666,0.06457916666666666,6.457916666666666
7.0%,0.07036741444444444,7.036741444444444,Nygaard2022_A0.06,"TurbOPark, A=0.06",-336.0,-1.4,False,9.50463125,0.07036741444444444,7.036741444444444,10.012329166666666,0.06422083333333334,6.422083333333334
7.0%,0.07036741444444444,7.036741444444444,Nygaard2022_A0.06,"TurbOPark, A=0.06",-312.0,-1.3,False,9.50463125,0.07036741444444444,7.036741444444444,10.018075,0.0638875,6.38875
7.0%,0.07036741444444444,7.036741444444444,Nygaard2022_A0.06,"TurbOPark, A=0.06",-288.0,-1.2,False,9.50463125,0.07036741444444444,7.036741444444444,10.014545833333333,0.06492916666666665,6.492916666666665
7.0%,0.07036741444444444,7.036741444444444,Nygaard2022_A0.06,"TurbOPark, A=0.06",-264.0,-1.1,False,9.50463125,0.07036741444444444,7.036741444444444,10.015708333333333,0.06524583333333334,6.524583333333334
7.0%,0.07036741444444444,7.036741444444444,Nygaard2022_A0.06,"TurbOPark, A=0.06",-240.0,-1.0,False,9.50463125,0.07036741444444444,7.036741444444444,10.022945833333333,0.06403333333333333,6.403333333333333
7.0%,0.07036741444444444,7.036741444444444,Nygaard2022_A0.06,"TurbOPark, A=0.06",-216.0,-0.9,False,9.50463125,0.07036741444444444,7.036741444444444,10.0211875,0.06174583333333333,6.1745833333333335
7.0%,0.07036741444444444,7.036741444444444,Nygaard2022_A0.06,"TurbOPark, A=0.06",-192.0,-0.8,False,9.50463125,0.07036741444444444,7.036741444444444,10.009641666666667,0.06029999999999999,6.029999999999999
7.0%,0.07036741444444444,7.036741444444444,Nygaard2022_A0.06,"TurbOPark, A=0.06",-168.0,-0.7,False,9.50463125,0.07036741444444444,7.036741444444444,9.978229166666667,0.0606125,6.06125
7.0%,0.07036741444444444,7.036741444444444,Nygaard2022_A0.06,"TurbOPark, A=0.06",-144.0,-0.6,False,9.50463125,0.07036741444444444,7.036741444444444,9.946520833333333,0.061195833333333324,6.119583333333332
7.0%,0.07036741444444444,7.036741444444444,Nygaard2022_A0.06,"TurbOPark, A=0.06",-120.0,-0.5,True,9.50463125,0.07036741444444444,7.036741444444444,9.932866666666666,0.06144166666666667,6.144166666666667
7.0%,0.07036741444444444,7.036741444444444,Nygaard2022_A0.06,"TurbOPark, A=0.06",-96.0,-0.4,True,9.50463125,0.07036741444444444,7.036741444444444,9.916470833333333,0.06136250000000001,6.13625
7.0%,0.07036741444444444,7.036741444444444,Nygaard2022_A0.06,"TurbOPark, A=0.06",-72.0,-0.3,True,9.50463125,0.07036741444444444,7.036741444444444,9.8970875,0.061025,6.1025
7.0%,0.07036741444444444,7.036741444444444,Nygaard2022_A0.06,"TurbOPark, A=0.06",-48.0,-0.2,True,9.50463125,0.07036741444444444,7.036741444444444,9.877112499999999,0.06185416666666667,6.185416666666667
7.0%,0.07036741444444444,7.036741444444444,Nygaard2022_A0.06,"TurbOPark, A=0.06",-24.0,-0.1,True,9.50463125,0.07036741444444444,7.036741444444444,9.870866666666666,0.06300833333333333,6.300833333333333
7.0%,0.07036741444444444,7.036741444444444,Nygaard2022_A0.06,"TurbOPark, A=0.06",0.0,0.0,True,9.50463125,0.07036741444444444,7.036741444444444,9.863783333333332,0.0646375,6.46375
7.0%,0.07036741444444444,7.036741444444444,Nygaard2022_A0.06,"TurbOPark, A=0.06",24.0,0.1,True,9.50463125,0.07036741444444444,7.036741444444444,9.864508333333333,0.06494166666666668,6.4941666666666675
7.0%,0.07036741444444444,7.036741444444444,Nygaard2022_A0.06,"TurbOPark, A=0.06",48.0,0.2,True,9.504631249999997,0.07036741444444444,7.036741444444444,9.870891666666667,0.0651625,6.516249999999999
7.0%,0.07036741444444444,7.036741444444444,Nygaard2022_A0.06,"TurbOPark, A=0.06",72.0,0.3,True,9.504631249999992,0.07036741444444444,7.036741444444444,9.875995833333334,0.06599166666666667,6.599166666666667
7.0%,0.07036741444444444,7.036741444444444,Nygaard2022_A0.06,"TurbOPark, A=0.06",96.0,0.4,True,9.504631249999951,0.07036741444444444,7.036741444444444,9.894941666666666,0.0651875,6.51875
7.0%,0.07036741444444444,7.036741444444444,Nygaard2022_A0.06,"TurbOPark, A=0.06",120.0,0.5,True,9.504631249999685,0.07036741444444444,7.036741444444444,9.907029166666668,0.06437083333333334,6.437083333333334
7.0%,0.07036741444444444,7.036741444444444,Nygaard2022_A0.06,"TurbOPark, A=0.06",144.0,0.6,False,9.504631249998063,0.07036741444444444,7.036741444444444,9.907204166666666,0.06434166666666667,6.434166666666667
7.0%,0.07036741444444444,7.036741444444444,Nygaard2022_A0.06,"TurbOPark, A=0.06",168.0,0.7,False,9.504631249988757,0.07036741444444444,7.036741444444444,9.915158333333332,0.06475833333333333,6.475833333333333
7.0%,0.07036741444444444,7.036741444444444,Nygaard2022_A0.06,"TurbOPark, A=0.06",192.0,0.8,False,9.50463124993831,0.07036741444444444,7.036741444444444,9.938075,0.06457083333333333,6.457083333333332
7.0%,0.07036741444444444,7.036741444444444,Nygaard2022_A0.06,"TurbOPark, A=0.06",216.0,0.9,False,9.504631249680216,0.07036741444444444,7.036741444444444,9.965445833333334,0.06365416666666666,6.3654166666666665
7.0%,0.07036741444444444,7.036741444444444,Nygaard2022_A0.06,"TurbOPark, A=0.06",240.0,1.0,False,9.504631248433007,0.07036741444444444,7.036741444444444,9.9964375,0.061891666666666664,6.189166666666666
7.0%,0.07036741444444444,7.036741444444444,Nygaard2022_A0.06,"TurbOPark, A=0.06",264.0,1.1,False,9.504631242744992,0.07036741444444444,7.036741444444444,10.013995833333333,0.060725,6.0725
7.0%,0.07036741444444444,7.036741444444444,Nygaard2022_A0.06,"TurbOPark, A=0.06",288.0,1.2,False,9.504631218267743,0.07036741444444444,7.036741444444444,10.031295833333335,0.06094583333333334,6.0945833333333335
7.0%,0.07036741444444444,7.036741444444444,Nygaard2022_A0.06,"TurbOPark, A=0.06",312.0,1.3,False,9.504631118880553,0.07036741444444444,7.036741444444444,10.0398125,0.06156666666666667,6.156666666666667
7.0%,0.07036741444444444,7.036741444444444,Nygaard2022_A0.06,"TurbOPark, A=0.06",336.0,1.4,False,9.504630738145021,0.07036741444444444,7.036741444444444,10.039787500000001,0.0621375,6.21375
7.0%,0.07036741444444444,7.036741444444444,Nygaard2022_A0.06,"TurbOPark, A=0.06",360.0,1.5,False,9.504629362116916,0.07036741444444444,7.036741444444444,10.039470833333333,0.06116666666666667,6.116666666666667
7.7%,0.07653482888888888,7.653482888888888,BPA2014,BPA,-360.0,-1.5,False,9.50463125,0.07653482888888888,7.653482888888888,10.019204166666666,0.06457916666666666,6.457916666666666
7.7%,0.07653482888888888,7.653482888888888,BPA2014,BPA,-336.0,-1.4,False,9.50463125,0.07653482888888888,7.653482888888888,10.012329166666666,0.06422083333333334,6.422083333333334
7.7%,0.07653482888888888,7.653482888888888,BPA2014,BPA,-312.0,-1.3,False,9.50463125,0.07653482888888888,7.653482888888888,10.018075,0.0638875,6.38875
7.7%,0.07653482888888888,7.653482888888888,BPA2014,BPA,-288.0,-1.2,False,9.50463125,0.07653482888888888,7.653482888888888,10.014545833333333,0.06492916666666665,6.492916666666665
7.7%,0.07653482888888888,7.653482888888888,BPA2014,BPA,-264.0,-1.1,False,9.50463125,0.07653482888888888,7.653482888888888,10.015708333333333,0.06524583333333334,6.524583333333334
7.7%,0.07653482888888888,7.653482888888888,BPA2014,BPA,-240.0,-1.0,False,9.50463125,0.07653482888888888,7.653482888888888,10.022945833333333,0.06403333333333333,6.403333333333333
7.7%,0.07653482888888888,7.653482888888888,BPA2014,BPA,-216.0,-0.9,False,9.50463125,0.07653482888888888,7.653482888888888,10.0211875,0.06174583333333333,6.1745833333333335
7.7%,0.07653482888888888,7.653482888888888,BPA2014,BPA,-192.0,-0.8,False,9.50463125,0.07653482888888888,7.653482888888888,10.009641666666667,0.06029999999999999,6.029999999999999
7.7%,0.07653482888888888,7.653482888888888,BPA2014,BPA,-168.0,-0.7,False,9.50463125,0.07653482888888888,7.653482888888888,9.978229166666667,0.0606125,6.06125
7.7%,0.07653482888888888,7.653482888888888,BPA2014,BPA,-144.0,-0.6,False,9.50463125,0.07653482888888888,7.653482888888888,9.946520833333333,0.061195833333333324,6.119583333333332
7.7%,0.07653482888888888,7.653482888888888,BPA2014,BPA,-120.0,-0.5,True,9.50463125,0.07653482888888888,7.653482888888888,9.932866666666666,0.06144166666666667,6.144166666666667
7.7%,0.07653482888888888,7.653482888888888,BPA2014,BPA,-96.0,-0.4,True,9.50463125,0.07653482888888888,7.653482888888888,9.916470833333333,0.06136250000000001,6.13625
7.7%,0.07653482888888888,7.653482888888888,BPA2014,BPA,-72.0,-0.3,True,9.50463125,0.07653482888888888,7.653482888888888,9.8970875,0.061025,6.1025
7.7%,0.07653482888888888,7.653482888888888,BPA2014,BPA,-48.0,-0.2,True,9.50463125,0.07653482888888888,7.653482888888888,9.877112499999999,0.06185416666666667,6.185416666666667
7.7%,0.07653482888888888,7.653482888888888,BPA2014,BPA,-24.0,-0.1,True,9.50463125,0.07653482888888888,7.653482888888888,9.870866666666666,0.06300833333333333,6.300833333333333
7.7%,0.07653482888888888,7.653482888888888,BPA2014,BPA,0.0,0.0,True,9.50463125,0.07653482888888888,7.653482888888888,9.863783333333332,0.0646375,6.46375
7.7%,0.07653482888888888,7.653482888888888,BPA2014,BPA,24.0,0.1,True,9.504631249999997,0.07653482888888888,7.653482888888888,9.864508333333333,0.06494166666666668,6.4941666666666675
7.7%,0.07653482888888888,7.653482888888888,BPA2014,BPA,48.0,0.2,True,9.50463124999999,0.07653482888888888,7.653482888888888,9.870891666666667,0.0651625,6.516249999999999
7.7%,0.07653482888888888,7.653482888888888,BPA2014,BPA,72.0,0.3,True,9.504631249999946,0.07653482888888888,7.653482888888888,9.875995833333334,0.06599166666666667,6.599166666666667
7.7%,0.07653482888888888,7.653482888888888,BPA2014,BPA,96.0,0.4,True,9.50463124999967,0.07653482888888888,7.653482888888888,9.894941666666666,0.0651875,6.51875
7.7%,0.07653482888888888,7.653482888888888,BPA2014,BPA,120.0,0.5,True,9.504631249998098,0.07653482888888888,7.653482888888888,9.907029166666668,0.06437083333333334,6.437083333333334
7.7%,0.07653482888888888,7.653482888888888,BPA2014,BPA,144.0,0.6,False,9.504631249989576,0.07653482888888888,7.653482888888888,9.907204166666666,0.06434166666666667,6.434166666666667
7.7%,0.07653482888888888,7.653482888888888,BPA2014,BPA,168.0,0.7,False,9.504631249945772,0.07653482888888888,7.653482888888888,9.915158333333332,0.06475833333333333,6.475833333333333
7.7%,0.07653482888888888,7.653482888888888,BPA2014,BPA,192.0,0.8,False,9.504631249732514,0.07653482888888888,7.653482888888888,9.938075,0.06457083333333333,6.457083333333332
7.7%,0.07653482888888888,7.653482888888888,BPA2014,BPA,216.0,0.9,False,9.504631248748936,0.07653482888888888,7.653482888888888,9.965445833333334,0.06365416666666666,6.3654166666666665
7.7%,0.07653482888888888,7.653482888888888,BPA2014,BPA,240.0,1.0,False,9.504631244451737,0.07653482888888888,7.653482888888888,9.9964375,0.061891666666666664,6.189166666666666
7.7%,0.07653482888888888,7.653482888888888,BPA2014,BPA,264.0,1.1,False,9.504631226669085,0.07653482888888888,7.653482888888888,10.013995833333333,0.060725,6.0725
7.7%,0.07653482888888888,7.653482888888888,BPA2014,BPA,288.0,1.2,False,9.504631156974131,0.07653482888888888,7.653482888888888,10.031295833333335,0.06094583333333334,6.0945833333333335
7.7%,0.07653482888888888,7.653482888888888,BPA2014,BPA,312.0,1.3,False,9.504630898299542,0.07653482888888888,7.653482888888888,10.0398125,0.06156666666666667,6.156666666666667
7.7%,0.07653482888888888,7.653482888888888,BPA2014,BPA,336.0,1.4,False,9.504629989219842,0.07653482888888888,7.653482888888888,10.039787500000001,0.0621375,6.21375
7.7%,0.07653482888888888,7.653482888888888,BPA2014,BPA,360.0,1.5,False,9.504626964484896,0.07653482888888888,7.653482888888888,10.039470833333333,0.06116666666666667,6.116666666666667
7.7%,0.07653482888888888,7.653482888888888,NPA2016,NPA,-360.0,-1.5,False,9.50463125,0.07653482888888888,7.653482888888888,10.019204166666666,0.06457916666666666,6.457916666666666
7.7%,0.07653482888888888,7.653482888888888,NPA2016,NPA,-336.0,-1.4,False,9.50463125,0.07653482888888888,7.653482888888888,10.012329166666666,0.06422083333333334,6.422083333333334
7.7%,0.07653482888888888,7.653482888888888,NPA2016,NPA,-312.0,-1.3,False,9.50463125,0.07653482888888888,7.653482888888888,10.018075,0.0638875,6.38875
7.7%,0.07653482888888888,7.653482888888888,NPA2016,NPA,-288.0,-1.2,False,9.50463125,0.07653482888888888,7.653482888888888,10.014545833333333,0.06492916666666665,6.492916666666665
7.7%,0.07653482888888888,7.653482888888888,NPA2016,NPA,-264.0,-1.1,False,9.50463125,0.07653482888888888,7.653482888888888,10.015708333333333,0.06524583333333334,6.524583333333334
7.7%,0.07653482888888888,7.653482888888888,NPA2016,NPA,-240.0,-1.0,False,9.50463125,0.07653482888888888,7.653482888888888,10.022945833333333,0.06403333333333333,6.403333333333333
7.7%,0.07653482888888888,7.653482888888888,NPA2016,NPA,-216.0,-0.9,False,9.50463125,0.07653482888888888,7.653482888888888,10.0211875,0.06174583333333333,6.1745833333333335
7.7%,0.07653482888888888,7.653482888888888,NPA2016,NPA,-192.0,-0.8,False,9.50463125,0.07653482888888888,7.653482888888888,10.009641666666667,0.06029999999999999,6.029999999999999
7.7%,0.07653482888888888,7.653482888888888,NPA2016,NPA,-168.0,-0.7,False,9.50463125,0.07653482888888888,7.653482888888888,9.978229166666667,0.0606125,6.06125
7.7%,0.07653482888888888,7.653482888888888,NPA2016,NPA,-144.0,-0.6,False,9.50463125,0.07653482888888888,7.653482888888888,9.946520833333333,0.061195833333333324,6.119583333333332
7.7%,0.07653482888888888,7.653482888888888,NPA2016,NPA,-120.0,-0.5,True,9.50463125,0.07653482888888888,7.653482888888888,9.932866666666666,0.06144166666666667,6.144166666666667
7.7%,0.07653482888888888,7.653482888888888,NPA2016,NPA,-96.0,-0.4,True,9.50463125,0.07653482888888888,7.653482888888888,9.916470833333333,0.06136250000000001,6.13625
7.7%,0.07653482888888888,7.653482888888888,NPA2016,NPA,-72.0,-0.3,True,9.50463125,0.07653482888888888,7.653482888888888,9.8970875,0.061025,6.1025
7.7%,0.07653482888888888,7.653482888888888,NPA2016,NPA,-48.0,-0.2,True,9.50463125,0.07653482888888888,7.653482888888888,9.877112499999999,0.06185416666666667,6.185416666666667
7.7%,0.07653482888888888,7.653482888888888,NPA2016,NPA,-24.0,-0.1,True,9.50463125,0.07653482888888888,7.653482888888888,9.870866666666666,0.06300833333333333,6.300833333333333
7.7%,0.07653482888888888,7.653482888888888,NPA2016,NPA,0.0,0.0,True,9.50463125,0.07653482888888888,7.653482888888888,9.863783333333332,0.0646375,6.46375
7.7%,0.07653482888888888,7.653482888888888,NPA2016,NPA,24.0,0.1,True,9.504631249999997,0.07653482888888888,7.653482888888888,9.864508333333333,0.06494166666666668,6.4941666666666675
7.7%,0.07653482888888888,7.653482888888888,NPA2016,NPA,48.0,0.2,True,9.504631249999985,0.07653482888888888,7.653482888888888,9.870891666666667,0.0651625,6.516249999999999
7.7%,0.07653482888888888,7.653482888888888,NPA2016,NPA,72.0,0.3,True,9.504631249999916,0.07653482888888888,7.653482888888888,9.875995833333334,0.06599166666666667,6.599166666666667
7.7%,0.07653482888888888,7.653482888888888,NPA2016,NPA,96.0,0.4,True,9.504631249999498,0.07653482888888888,7.653482888888888,9.894941666666666,0.0651875,6.51875
7.7%,0.07653482888888888,7.653482888888888,NPA2016,NPA,120.0,0.5,True,9.504631249997175,0.07653482888888888,7.653482888888888,9.907029166666668,0.06437083333333334,6.437083333333334
7.7%,0.07653482888888888,7.653482888888888,NPA2016,NPA,144.0,0.6,False,9.504631249984884,0.07653482888888888,7.653482888888888,9.907204166666666,0.06434166666666667,6.434166666666667
7.7%,0.07653482888888888,7.653482888888888,NPA2016,NPA,168.0,0.7,False,9.504631249923246,0.07653482888888888,7.653482888888888,9.915158333333332,0.06475833333333333,6.475833333333333
7.7%,0.07653482888888888,7.653482888888888,NPA2016,NPA,192.0,0.8,False,9.504631249630188,0.07653482888888888,7.653482888888888,9.938075,0.06457083333333333,6.457083333333332
7.7%,0.07653482888888888,7.653482888888888,NPA2016,NPA,216.0,0.9,False,9.504631248309275,0.07653482888888888,7.653482888888888,9.965445833333334,0.06365416666666666,6.3654166666666665
7.7%,0.07653482888888888,7.653482888888888,NPA2016,NPA,240.0,1.0,False,9.504631242665292,0.07653482888888888,7.653482888888888,9.9964375,0.061891666666666664,6.189166666666666
7.7%,0.07653482888888888,7.653482888888888,NPA2016,NPA,264.0,1.1,False,9.504631219806441,0.07653482888888888,7.653482888888888,10.013995833333333,0.060725,6.0725
7.7%,0.07653482888888888,7.653482888888888,NPA2016,NPA,288.0,1.2,False,9.504631132057302,0.07653482888888888,7.653482888888888,10.031295833333335,0.06094583333333334,6.0945833333333335
7.7%,0.07653482888888888,7.653482888888888,NPA2016,NPA,312.0,1.3,False,9.504630812823883,0.07653482888888888,7.653482888888888,10.0398125,0.06156666666666667,6.156666666666667
7.7%,0.07653482888888888,7.653482888888888,NPA2016,NPA,336.0,1.4,False,9.50462971229076,0.07653482888888888,7.653482888888888,10.039787500000001,0.0621375,6.21375
7.7%,0.07653482888888888,7.653482888888888,NPA2016,NPA,360.0,1.5,False,9.50462611618414,0.07653482888888888,7.653482888888888,10.039470833333333,0.06116666666666667,6.116666666666667
7.7%,0.07653482888888888,7.653482888888888,Nygaard2022,"TurbOPark, A=0.04",-360.0,-1.5,False,9.50463125,0.07653482888888888,7.653482888888888,10.019204166666666,0.06457916666666666,6.457916666666666
7.7%,0.07653482888888888,7.653482888888888,Nygaard2022,"TurbOPark, A=0.04",-336.0,-1.4,False,9.50463125,0.07653482888888888,7.653482888888888,10.012329166666666,0.06422083333333334,6.422083333333334
7.7%,0.07653482888888888,7.653482888888888,Nygaard2022,"TurbOPark, A=0.04",-312.0,-1.3,False,9.50463125,0.07653482888888888,7.653482888888888,10.018075,0.0638875,6.38875
7.7%,0.07653482888888888,7.653482888888888,Nygaard2022,"TurbOPark, A=0.04",-288.0,-1.2,False,9.50463125,0.07653482888888888,7.653482888888888,10.014545833333333,0.06492916666666665,6.492916666666665
7.7%,0.07653482888888888,7.653482888888888,Nygaard2022,"TurbOPark, A=0.04",-264.0,-1.1,False,9.50463125,0.07653482888888888,7.653482888888888,10.015708333333333,0.06524583333333334,6.524583333333334
7.7%,0.07653482888888888,7.653482888888888,Nygaard2022,"TurbOPark, A=0.04",-240.0,-1.0,False,9.50463125,0.07653482888888888,7.653482888888888,10.022945833333333,0.06403333333333333,6.403333333333333
7.7%,0.07653482888888888,7.653482888888888,Nygaard2022,"TurbOPark, A=0.04",-216.0,-0.9,False,9.50463125,0.07653482888888888,7.653482888888888,10.0211875,0.06174583333333333,6.1745833333333335
7.7%,0.07653482888888888,7.653482888888888,Nygaard2022,"TurbOPark, A=0.04",-192.0,-0.8,False,9.50463125,0.07653482888888888,7.653482888888888,10.009641666666667,0.06029999999999999,6.029999999999999
7.7%,0.07653482888888888,7.653482888888888,Nygaard2022,"TurbOPark, A=0.04",-168.0,-0.7,False,9.50463125,0.07653482888888888,7.653482888888888,9.978229166666667,0.0606125,6.06125
7.7%,0.07653482888888888,7.653482888888888,Nygaard2022,"TurbOPark, A=0.04",-144.0,-0.6,False,9.50463125,0.07653482888888888,7.653482888888888,9.946520833333333,0.061195833333333324,6.119583333333332
7.7%,0.07653482888888888,7.653482888888888,Nygaard2022,"TurbOPark, A=0.04",-120.0,-0.5,True,9.50463125,0.07653482888888888,7.653482888888888,9.932866666666666,0.06144166666666667,6.144166666666667
7.7%,0.07653482888888888,7.653482888888888,Nygaard2022,"TurbOPark, A=0.04",-96.0,-0.4,True,9.50463125,0.07653482888888888,7.653482888888888,9.916470833333333,0.06136250000000001,6.13625
7.7%,0.07653482888888888,7.653482888888888,Nygaard2022,"TurbOPark, A=0.04",-72.0,-0.3,True,9.50463125,0.07653482888888888,7.653482888888888,9.8970875,0.061025,6.1025
7.7%,0.07653482888888888,7.653482888888888,Nygaard2022,"TurbOPark, A=0.04",-48.0,-0.2,True,9.50463125,0.07653482888888888,7.653482888888888,9.877112499999999,0.06185416666666667,6.185416666666667
7.7%,0.07653482888888888,7.653482888888888,Nygaard2022,"TurbOPark, A=0.04",-24.0,-0.1,True,9.50463125,0.07653482888888888,7.653482888888888,9.870866666666666,0.06300833333333333,6.300833333333333
7.7%,0.07653482888888888,7.653482888888888,Nygaard2022,"TurbOPark, A=0.04",0.0,0.0,True,9.50463125,0.07653482888888888,7.653482888888888,9.863783333333332,0.0646375,6.46375
7.7%,0.07653482888888888,7.653482888888888,Nygaard2022,"TurbOPark, A=0.04",24.0,0.1,True,9.50463125,0.07653482888888888,7.653482888888888,9.864508333333333,0.06494166666666668,6.4941666666666675
7.7%,0.07653482888888888,7.653482888888888,Nygaard2022,"TurbOPark, A=0.04",48.0,0.2,True,9.50463125,0.07653482888888888,7.653482888888888,9.870891666666667,0.0651625,6.516249999999999
7.7%,0.07653482888888888,7.653482888888888,Nygaard2022,"TurbOPark, A=0.04",72.0,0.3,True,9.50463125,0.07653482888888888,7.653482888888888,9.875995833333334,0.06599166666666667,6.599166666666667
7.7%,0.07653482888888888,7.653482888888888,Nygaard2022,"TurbOPark, A=0.04",96.0,0.4,True,9.50463125,0.07653482888888888,7.653482888888888,9.894941666666666,0.0651875,6.51875
7.7%,0.07653482888888888,7.653482888888888,Nygaard2022,"TurbOPark, A=0.04",120.0,0.5,True,9.504631249999997,0.07653482888888888,7.653482888888888,9.907029166666668,0.06437083333333334,6.437083333333334
7.7%,0.07653482888888888,7.653482888888888,Nygaard2022,"TurbOPark, A=0.04",144.0,0.6,False,9.504631249999983,0.07653482888888888,7.653482888888888,9.907204166666666,0.06434166666666667,6.434166666666667
7.7%,0.07653482888888888,7.653482888888888,Nygaard2022,"TurbOPark, A=0.04",168.0,0.7,False,9.504631249999877,0.07653482888888888,7.653482888888888,9.915158333333332,0.06475833333333333,6.475833333333333
7.7%,0.07653482888888888,7.653482888888888,Nygaard2022,"TurbOPark, A=0.04",192.0,0.8,False,9.504631249999083,0.07653482888888888,7.653482888888888,9.938075,0.06457083333333333,6.457083333333332
7.7%,0.07653482888888888,7.653482888888888,Nygaard2022,"TurbOPark, A=0.04",216.0,0.9,False,9.504631249993611,0.07653482888888888,7.653482888888888,9.965445833333334,0.06365416666666666,6.3654166666666665
7.7%,0.07653482888888888,7.653482888888888,Nygaard2022,"TurbOPark, A=0.04",240.0,1.0,False,9.504631249958386,0.07653482888888888,7.653482888888888,9.9964375,0.061891666666666664,6.189166666666666
7.7%,0.07653482888888888,7.653482888888888,Nygaard2022,"TurbOPark, A=0.04",264.0,1.1,False,9.504631249746515,0.07653482888888888,7.653482888888888,10.013995833333333,0.060725,6.0725
7.7%,0.07653482888888888,7.653482888888888,Nygaard2022,"TurbOPark, A=0.04",288.0,1.2,False,9.504631248555954,0.07653482888888888,7.653482888888888,10.031295833333335,0.06094583333333334,6.0945833333333335
7.7%,0.07653482888888888,7.653482888888888,Nygaard2022,"TurbOPark, A=0.04",312.0,1.3,False,9.50463124230654,0.07653482888888888,7.653482888888888,10.0398125,0.06156666666666667,6.156666666666667
7.7%,0.07653482888888888,7.653482888888888,Nygaard2022,"TurbOPark, A=0.04",336.0,1.4,False,9.504631211666366,0.07653482888888888,7.653482888888888,10.039787500000001,0.0621375,6.21375
7.7%,0.07653482888888888,7.653482888888888,Nygaard2022,"TurbOPark, A=0.04",360.0,1.5,False,9.504631071329017,0.07653482888888888,7.653482888888888,10.039470833333333,0.06116666666666667,6.116666666666667
7.7%,0.07653482888888888,7.653482888888888,Nygaard2022_A0.06,"TurbOPark, A=0.06",-360.0,-1.5,False,9.50463125,0.07653482888888888,7.653482888888888,10.019204166666666,0.06457916666666666,6.457916666666666
7.7%,0.07653482888888888,7.653482888888888,Nygaard2022_A0.06,"TurbOPark, A=0.06",-336.0,-1.4,False,9.50463125,0.07653482888888888,7.653482888888888,10.012329166666666,0.06422083333333334,6.422083333333334
7.7%,0.07653482888888888,7.653482888888888,Nygaard2022_A0.06,"TurbOPark, A=0.06",-312.0,-1.3,False,9.50463125,0.07653482888888888,7.653482888888888,10.018075,0.0638875,6.38875
7.7%,0.07653482888888888,7.653482888888888,Nygaard2022_A0.06,"TurbOPark, A=0.06",-288.0,-1.2,False,9.50463125,0.07653482888888888,7.653482888888888,10.014545833333333,0.06492916666666665,6.492916666666665
7.7%,0.07653482888888888,7.653482888888888,Nygaard2022_A0.06,"TurbOPark, A=0.06",-264.0,-1.1,False,9.50463125,0.07653482888888888,7.653482888888888,10.015708333333333,0.06524583333333334,6.524583333333334
7.7%,0.07653482888888888,7.653482888888888,Nygaard2022_A0.06,"TurbOPark, A=0.06",-240.0,-1.0,False,9.50463125,0.07653482888888888,7.653482888888888,10.022945833333333,0.06403333333333333,6.403333333333333
7.7%,0.07653482888888888,7.653482888888888,Nygaard2022_A0.06,"TurbOPark, A=0.06",-216.0,-0.9,False,9.50463125,0.07653482888888888,7.653482888888888,10.0211875,0.06174583333333333,6.1745833333333335
7.7%,0.07653482888888888,7.653482888888888,Nygaard2022_A0.06,"TurbOPark, A=0.06",-192.0,-0.8,False,9.50463125,0.07653482888888888,7.653482888888888,10.009641666666667,0.06029999999999999,6.029999999999999
7.7%,0.07653482888888888,7.653482888888888,Nygaard2022_A0.06,"TurbOPark, A=0.06",-168.0,-0.7,False,9.50463125,0.07653482888888888,7.653482888888888,9.978229166666667,0.0606125,6.06125
7.7%,0.07653482888888888,7.653482888888888,Nygaard2022_A0.06,"TurbOPark, A=0.06",-144.0,-0.6,False,9.50463125,0.07653482888888888,7.653482888888888,9.946520833333333,0.061195833333333324,6.119583333333332
7.7%,0.07653482888888888,7.653482888888888,Nygaard2022_A0.06,"TurbOPark, A=0.06",-120.0,-0.5,True,9.50463125,0.07653482888888888,7.653482888888888,9.932866666666666,0.06144166666666667,6.144166666666667
7.7%,0.07653482888888888,7.653482888888888,Nygaard2022_A0.06,"TurbOPark, A=0.06",-96.0,-0.4,True,9.50463125,0.07653482888888888,7.653482888888888,9.916470833333333,0.06136250000000001,6.13625
7.7%,0.07653482888888888,7.653482888888888,Nygaard2022_A0.06,"TurbOPark, A=0.06",-72.0,-0.3,True,9.50463125,0.07653482888888888,7.653482888888888,9.8970875,0.061025,6.1025
7.7%,0.07653482888888888,7.653482888888888,Nygaard2022_A0.06,"TurbOPark, A=0.06",-48.0,-0.2,True,9.50463125,0.07653482888888888,7.653482888888888,9.877112499999999,0.06185416666666667,6.185416666666667
7.7%,0.07653482888888888,7.653482888888888,Nygaard2022_A0.06,"TurbOPark, A=0.06",-24.0,-0.1,True,9.50463125,0.07653482888888888,7.653482888888888,9.870866666666666,0.06300833333333333,6.300833333333333
7.7%,0.07653482888888888,7.653482888888888,Nygaard2022_A0.06,"TurbOPark, A=0.06",0.0,0.0,True,9.50463125,0.07653482888888888,7.653482888888888,9.863783333333332,0.0646375,6.46375
7.7%,0.07653482888888888,7.653482888888888,Nygaard2022_A0.06,"TurbOPark, A=0.06",24.0,0.1,True,9.50463125,0.07653482888888888,7.653482888888888,9.864508333333333,0.06494166666666668,6.4941666666666675
7.7%,0.07653482888888888,7.653482888888888,Nygaard2022_A0.06,"TurbOPark, A=0.06",48.0,0.2,True,9.504631249999997,0.07653482888888888,7.653482888888888,9.870891666666667,0.0651625,6.516249999999999
7.7%,0.07653482888888888,7.653482888888888,Nygaard2022_A0.06,"TurbOPark, A=0.06",72.0,0.3,True,9.504631249999992,0.07653482888888888,7.653482888888888,9.875995833333334,0.06599166666666667,6.599166666666667
7.7%,0.07653482888888888,7.653482888888888,Nygaard2022_A0.06,"TurbOPark, A=0.06",96.0,0.4,True,9.504631249999946,0.07653482888888888,7.653482888888888,9.894941666666666,0.0651875,6.51875
7.7%,0.07653482888888888,7.653482888888888,Nygaard2022_A0.06,"TurbOPark, A=0.06",120.0,0.5,True,9.50463124999966,0.07653482888888888,7.653482888888888,9.907029166666668,0.06437083333333334,6.437083333333334
7.7%,0.07653482888888888,7.653482888888888,Nygaard2022_A0.06,"TurbOPark, A=0.06",144.0,0.6,False,9.50463124999792,0.07653482888888888,7.653482888888888,9.907204166666666,0.06434166666666667,6.434166666666667
7.7%,0.07653482888888888,7.653482888888888,Nygaard2022_A0.06,"TurbOPark, A=0.06",168.0,0.7,False,9.50463124998798,0.07653482888888888,7.653482888888888,9.915158333333332,0.06475833333333333,6.475833333333333
7.7%,0.07653482888888888,7.653482888888888,Nygaard2022_A0.06,"TurbOPark, A=0.06",192.0,0.8,False,9.504631249934352,0.07653482888888888,7.653482888888888,9.938075,0.06457083333333333,6.457083333333332
7.7%,0.07653482888888888,7.653482888888888,Nygaard2022_A0.06,"TurbOPark, A=0.06",216.0,0.9,False,9.504631249661136,0.07653482888888888,7.653482888888888,9.965445833333334,0.06365416666666666,6.3654166666666665
7.7%,0.07653482888888888,7.653482888888888,Nygaard2022_A0.06,"TurbOPark, A=0.06",240.0,1.0,False,9.504631248346294,0.07653482888888888,7.653482888888888,9.9964375,0.061891666666666664,6.189166666666666
7.7%,0.07653482888888888,7.653482888888888,Nygaard2022_A0.06,"TurbOPark, A=0.06",264.0,1.1,False,9.504631242375359,0.07653482888888888,7.653482888888888,10.013995833333333,0.060725,6.0725
7.7%,0.07653482888888888,7.653482888888888,Nygaard2022_A0.06,"TurbOPark, A=0.06",288.0,1.2,False,9.504631216785768,0.07653482888888888,7.653482888888888,10.031295833333335,0.06094583333333334,6.0945833333333335
7.7%,0.07653482888888888,7.653482888888888,Nygaard2022_A0.06,"TurbOPark, A=0.06",312.0,1.3,False,9.504631113294089,0.07653482888888888,7.653482888888888,10.0398125,0.06156666666666667,6.156666666666667
7.7%,0.07653482888888888,7.653482888888888,Nygaard2022_A0.06,"TurbOPark, A=0.06",336.0,1.4,False,9.504630718193646,0.07653482888888888,7.653482888888888,10.039787500000001,0.0621375,6.21375
7.7%,0.07653482888888888,7.653482888888888,Nygaard2022_A0.06,"TurbOPark, A=0.06",360.0,1.5,False,9.504629294670636,0.07653482888888888,7.653482888888888,10.039470833333333,0.06116666666666667,6.116666666666667
8.3%,0.08270224333333333,8.270224333333333,BPA2014,BPA,-360.0,-1.5,False,9.50463125,0.08270224333333333,8.270224333333333,10.019204166666666,0.06457916666666666,6.457916666666666
8.3%,0.08270224333333333,8.270224333333333,BPA2014,BPA,-336.0,-1.4,False,9.50463125,0.08270224333333333,8.270224333333333,10.012329166666666,0.06422083333333334,6.422083333333334
8.3%,0.08270224333333333,8.270224333333333,BPA2014,BPA,-312.0,-1.3,False,9.50463125,0.08270224333333333,8.270224333333333,10.018075,0.0638875,6.38875
8.3%,0.08270224333333333,8.270224333333333,BPA2014,BPA,-288.0,-1.2,False,9.50463125,0.08270224333333333,8.270224333333333,10.014545833333333,0.06492916666666665,6.492916666666665
8.3%,0.08270224333333333,8.270224333333333,BPA2014,BPA,-264.0,-1.1,False,9.50463125,0.08270224333333333,8.270224333333333,10.015708333333333,0.06524583333333334,6.524583333333334
8.3%,0.08270224333333333,8.270224333333333,BPA2014,BPA,-240.0,-1.0,False,9.50463125,0.08270224333333333,8.270224333333333,10.022945833333333,0.06403333333333333,6.403333333333333
8.3%,0.08270224333333333,8.270224333333333,BPA2014,BPA,-216.0,-0.9,False,9.50463125,0.08270224333333333,8.270224333333333,10.0211875,0.06174583333333333,6.1745833333333335
8.3%,0.08270224333333333,8.270224333333333,BPA2014,BPA,-192.0,-0.8,False,9.50463125,0.08270224333333333,8.270224333333333,10.009641666666667,0.06029999999999999,6.029999999999999
8.3%,0.08270224333333333,8.270224333333333,BPA2014,BPA,-168.0,-0.7,False,9.50463125,0.08270224333333333,8.270224333333333,9.978229166666667,0.0606125,6.06125
8.3%,0.08270224333333333,8.270224333333333,BPA2014,BPA,-144.0,-0.6,False,9.50463125,0.08270224333333333,8.270224333333333,9.946520833333333,0.061195833333333324,6.119583333333332
8.3%,0.08270224333333333,8.270224333333333,BPA2014,BPA,-120.0,-0.5,True,9.50463125,0.08270224333333333,8.270224333333333,9.932866666666666,0.06144166666666667,6.144166666666667
8.3%,0.08270224333333333,8.270224333333333,BPA2014,BPA,-96.0,-0.4,True,9.50463125,0.08270224333333333,8.270224333333333,9.916470833333333,0.06136250000000001,6.13625
8.3%,0.08270224333333333,8.270224333333333,BPA2014,BPA,-72.0,-0.3,True,9.50463125,0.08270224333333333,8.270224333333333,9.8970875,0.061025,6.1025
8.3%,0.08270224333333333,8.270224333333333,BPA2014,BPA,-48.0,-0.2,True,9.50463125,0.08270224333333333,8.270224333333333,9.877112499999999,0.06185416666666667,6.185416666666667
8.3%,0.08270224333333333,8.270224333333333,BPA2014,BPA,-24.0,-0.1,True,9.50463125,0.08270224333333333,8.270224333333333,9.870866666666666,0.06300833333333333,6.300833333333333
8.3%,0.08270224333333333,8.270224333333333,BPA2014,BPA,0.0,0.0,True,9.50463125,0.08270224333333333,8.270224333333333,9.863783333333332,0.0646375,6.46375
8.3%,0.08270224333333333,8.270224333333333,BPA2014,BPA,24.0,0.1,True,9.504631249999997,0.08270224333333333,8.270224333333333,9.864508333333333,0.06494166666666668,6.4941666666666675
8.3%,0.08270224333333333,8.270224333333333,BPA2014,BPA,48.0,0.2,True,9.50463124999999,0.08270224333333333,8.270224333333333,9.870891666666667,0.0651625,6.516249999999999
8.3%,0.08270224333333333,8.270224333333333,BPA2014,BPA,72.0,0.3,True,9.504631249999946,0.08270224333333333,8.270224333333333,9.875995833333334,0.06599166666666667,6.599166666666667
8.3%,0.08270224333333333,8.270224333333333,BPA2014,BPA,96.0,0.4,True,9.50463124999967,0.08270224333333333,8.270224333333333,9.894941666666666,0.0651875,6.51875
8.3%,0.08270224333333333,8.270224333333333,BPA2014,BPA,120.0,0.5,True,9.504631249998098,0.08270224333333333,8.270224333333333,9.907029166666668,0.06437083333333334,6.437083333333334
8.3%,0.08270224333333333,8.270224333333333,BPA2014,BPA,144.0,0.6,False,9.504631249989576,0.08270224333333333,8.270224333333333,9.907204166666666,0.06434166666666667,6.434166666666667
8.3%,0.08270224333333333,8.270224333333333,BPA2014,BPA,168.0,0.7,False,9.504631249945772,0.08270224333333333,8.270224333333333,9.915158333333332,0.06475833333333333,6.475833333333333
8.3%,0.08270224333333333,8.270224333333333,BPA2014,BPA,192.0,0.8,False,9.504631249732514,0.08270224333333333,8.270224333333333,9.938075,0.06457083333333333,6.457083333333332
8.3%,0.08270224333333333,8.270224333333333,BPA2014,BPA,216.0,0.9,False,9.504631248748936,0.08270224333333333,8.270224333333333,9.965445833333334,0.06365416666666666,6.3654166666666665
8.3%,0.08270224333333333,8.270224333333333,BPA2014,BPA,240.0,1.0,False,9.504631244451737,0.08270224333333333,8.270224333333333,9.9964375,0.061891666666666664,6.189166666666666
8.3%,0.08270224333333333,8.270224333333333,BPA2014,BPA,264.0,1.1,False,9.504631226669085,0.08270224333333333,8.270224333333333,10.013995833333333,0.060725,6.0725
8.3%,0.08270224333333333,8.270224333333333,BPA2014,BPA,288.0,1.2,False,9.504631156974131,0.08270224333333333,8.270224333333333,10.031295833333335,0.06094583333333334,6.0945833333333335
8.3%,0.08270224333333333,8.270224333333333,BPA2014,BPA,312.0,1.3,False,9.504630898299542,0.08270224333333333,8.270224333333333,10.0398125,0.06156666666666667,6.156666666666667
8.3%,0.08270224333333333,8.270224333333333,BPA2014,BPA,336.0,1.4,False,9.504629989219842,0.08270224333333333,8.270224333333333,10.039787500000001,0.0621375,6.21375
8.3%,0.08270224333333333,8.270224333333333,BPA2014,BPA,360.0,1.5,False,9.504626964484896,0.08270224333333333,8.270224333333333,10.039470833333333,0.06116666666666667,6.116666666666667
8.3%,0.08270224333333333,8.270224333333333,NPA2016,NPA,-360.0,-1.5,False,9.50463125,0.08270224333333333,8.270224333333333,10.019204166666666,0.06457916666666666,6.457916666666666
8.3%,0.08270224333333333,8.270224333333333,NPA2016,NPA,-336.0,-1.4,False,9.50463125,0.08270224333333333,8.270224333333333,10.012329166666666,0.06422083333333334,6.422083333333334
8.3%,0.08270224333333333,8.270224333333333,NPA2016,NPA,-312.0,-1.3,False,9.50463125,0.08270224333333333,8.270224333333333,10.018075,0.0638875,6.38875
8.3%,0.08270224333333333,8.270224333333333,NPA2016,NPA,-288.0,-1.2,False,9.50463125,0.08270224333333333,8.270224333333333,10.014545833333333,0.06492916666666665,6.492916666666665
8.3%,0.08270224333333333,8.270224333333333,NPA2016,NPA,-264.0,-1.1,False,9.50463125,0.08270224333333333,8.270224333333333,10.015708333333333,0.06524583333333334,6.524583333333334
8.3%,0.08270224333333333,8.270224333333333,NPA2016,NPA,-240.0,-1.0,False,9.50463125,0.08270224333333333,8.270224333333333,10.022945833333333,0.06403333333333333,6.403333333333333
8.3%,0.08270224333333333,8.270224333333333,NPA2016,NPA,-216.0,-0.9,False,9.50463125,0.08270224333333333,8.270224333333333,10.0211875,0.06174583333333333,6.1745833333333335
8.3%,0.08270224333333333,8.270224333333333,NPA2016,NPA,-192.0,-0.8,False,9.50463125,0.08270224333333333,8.270224333333333,10.009641666666667,0.06029999999999999,6.029999999999999
8.3%,0.08270224333333333,8.270224333333333,NPA2016,NPA,-168.0,-0.7,False,9.50463125,0.08270224333333333,8.270224333333333,9.978229166666667,0.0606125,6.06125
8.3%,0.08270224333333333,8.270224333333333,NPA2016,NPA,-144.0,-0.6,False,9.50463125,0.08270224333333333,8.270224333333333,9.946520833333333,0.061195833333333324,6.119583333333332
8.3%,0.08270224333333333,8.270224333333333,NPA2016,NPA,-120.0,-0.5,True,9.50463125,0.08270224333333333,8.270224333333333,9.932866666666666,0.06144166666666667,6.144166666666667
8.3%,0.08270224333333333,8.270224333333333,NPA2016,NPA,-96.0,-0.4,True,9.50463125,0.08270224333333333,8.270224333333333,9.916470833333333,0.06136250000000001,6.13625
8.3%,0.08270224333333333,8.270224333333333,NPA2016,NPA,-72.0,-0.3,True,9.50463125,0.08270224333333333,8.270224333333333,9.8970875,0.061025,6.1025
8.3%,0.08270224333333333,8.270224333333333,NPA2016,NPA,-48.0,-0.2,True,9.50463125,0.08270224333333333,8.270224333333333,9.877112499999999,0.06185416666666667,6.185416666666667
8.3%,0.08270224333333333,8.270224333333333,NPA2016,NPA,-24.0,-0.1,True,9.50463125,0.08270224333333333,8.270224333333333,9.870866666666666,0.06300833333333333,6.300833333333333
8.3%,0.08270224333333333,8.270224333333333,NPA2016,NPA,0.0,0.0,True,9.504631249999997,0.08270224333333333,8.270224333333333,9.863783333333332,0.0646375,6.46375
8.3%,0.08270224333333333,8.270224333333333,NPA2016,NPA,24.0,0.1,True,9.504631249999985,0.08270224333333333,8.270224333333333,9.864508333333333,0.06494166666666668,6.4941666666666675
8.3%,0.08270224333333333,8.270224333333333,NPA2016,NPA,48.0,0.2,True,9.504631249999917,0.08270224333333333,8.270224333333333,9.870891666666667,0.0651625,6.516249999999999
8.3%,0.08270224333333333,8.270224333333333,NPA2016,NPA,72.0,0.3,True,9.504631249999536,0.08270224333333333,8.270224333333333,9.875995833333334,0.06599166666666667,6.599166666666667
8.3%,0.08270224333333333,8.270224333333333,NPA2016,NPA,96.0,0.4,True,9.504631249997505,0.08270224333333333,8.270224333333333,9.894941666666666,0.0651875,6.51875
8.3%,0.08270224333333333,8.270224333333333,NPA2016,NPA,120.0,0.5,True,9.504631249987257,0.08270224333333333,8.270224333333333,9.907029166666668,0.06437083333333334,6.437083333333334
8.3%,0.08270224333333333,8.270224333333333,NPA2016,NPA,144.0,0.6,False,9.504631249938049,0.08270224333333333,8.270224333333333,9.907204166666666,0.06434166666666667,6.434166666666667
8.3%,0.08270224333333333,8.270224333333333,NPA2016,NPA,168.0,0.7,False,9.504631249713391,0.08270224333333333,8.270224333333333,9.915158333333332,0.06475833333333333,6.475833333333333
8.3%,0.08270224333333333,8.270224333333333,NPA2016,NPA,192.0,0.8,False,9.504631248737294,0.08270224333333333,8.270224333333333,9.938075,0.06457083333333333,6.457083333333332
8.3%,0.08270224333333333,8.270224333333333,NPA2016,NPA,216.0,0.9,False,9.504631244705173,0.08270224333333333,8.270224333333333,9.965445833333334,0.06365416666666666,6.3654166666666665
8.3%,0.08270224333333333,8.270224333333333,NPA2016,NPA,240.0,1.0,False,9.504631228872906,0.08270224333333333,8.270224333333333,9.9964375,0.061891666666666664,6.189166666666666
8.3%,0.08270224333333333,8.270224333333333,NPA2016,NPA,264.0,1.1,False,9.504631169779078,0.08270224333333333,8.270224333333333,10.013995833333333,0.060725,6.0725
8.3%,0.08270224333333333,8.270224333333333,NPA2016,NPA,288.0,1.2,False,9.50463096003676,0.08270224333333333,8.270224333333333,10.031295833333335,0.06094583333333334,6.0945833333333335
8.3%,0.08270224333333333,8.270224333333333,NPA2016,NPA,312.0,1.3,False,9.504630252212776,0.08270224333333333,8.270224333333333,10.0398125,0.06156666666666667,6.156666666666667
8.3%,0.08270224333333333,8.270224333333333,NPA2016,NPA,336.0,1.4,False,9.504627982674334,0.08270224333333333,8.270224333333333,10.039787500000001,0.0621375,6.21375
8.3%,0.08270224333333333,8.270224333333333,NPA2016,NPA,360.0,1.5,False,9.504621068195673,0.08270224333333333,8.270224333333333,10.039470833333333,0.06116666666666667,6.116666666666667
8.3%,0.08270224333333333,8.270224333333333,Nygaard2022,"TurbOPark, A=0.04",-360.0,-1.5,False,9.50463125,0.08270224333333333,8.270224333333333,10.019204166666666,0.06457916666666666,6.457916666666666
8.3%,0.08270224333333333,8.270224333333333,Nygaard2022,"TurbOPark, A=0.04",-336.0,-1.4,False,9.50463125,0.08270224333333333,8.270224333333333,10.012329166666666,0.06422083333333334,6.422083333333334
8.3%,0.08270224333333333,8.270224333333333,Nygaard2022,"TurbOPark, A=0.04",-312.0,-1.3,False,9.50463125,0.08270224333333333,8.270224333333333,10.018075,0.0638875,6.38875
8.3%,0.08270224333333333,8.270224333333333,Nygaard2022,"TurbOPark, A=0.04",-288.0,-1.2,False,9.50463125,0.08270224333333333,8.270224333333333,10.014545833333333,0.06492916666666665,6.492916666666665
8.3%,0.08270224333333333,8.270224333333333,Nygaard2022,"TurbOPark, A=0.04",-264.0,-1.1,False,9.50463125,0.08270224333333333,8.270224333333333,10.015708333333333,0.06524583333333334,6.524583333333334
8.3%,0.08270224333333333,8.270224333333333,Nygaard2022,"TurbOPark, A=0.04",-240.0,-1.0,False,9.50463125,0.08270224333333333,8.270224333333333,10.022945833333333,0.06403333333333333,6.403333333333333
8.3%,0.08270224333333333,8.270224333333333,Nygaard2022,"TurbOPark, A=0.04",-216.0,-0.9,False,9.50463125,0.08270224333333333,8.270224333333333,10.0211875,0.06174583333333333,6.1745833333333335
8.3%,0.08270224333333333,8.270224333333333,Nygaard2022,"TurbOPark, A=0.04",-192.0,-0.8,False,9.50463125,0.08270224333333333,8.270224333333333,10.009641666666667,0.06029999999999999,6.029999999999999
8.3%,0.08270224333333333,8.270224333333333,Nygaard2022,"TurbOPark, A=0.04",-168.0,-0.7,False,9.50463125,0.08270224333333333,8.270224333333333,9.978229166666667,0.0606125,6.06125
8.3%,0.08270224333333333,8.270224333333333,Nygaard2022,"TurbOPark, A=0.04",-144.0,-0.6,False,9.50463125,0.08270224333333333,8.270224333333333,9.946520833333333,0.061195833333333324,6.119583333333332
8.3%,0.08270224333333333,8.270224333333333,Nygaard2022,"TurbOPark, A=0.04",-120.0,-0.5,True,9.50463125,0.08270224333333333,8.270224333333333,9.932866666666666,0.06144166666666667,6.144166666666667
8.3%,0.08270224333333333,8.270224333333333,Nygaard2022,"TurbOPark, A=0.04",-96.0,-0.4,True,9.50463125,0.08270224333333333,8.270224333333333,9.916470833333333,0.06136250000000001,6.13625
8.3%,0.08270224333333333,8.270224333333333,Nygaard2022,"TurbOPark, A=0.04",-72.0,-0.3,True,9.50463125,0.08270224333333333,8.270224333333333,9.8970875,0.061025,6.1025
8.3%,0.08270224333333333,8.270224333333333,Nygaard2022,"TurbOPark, A=0.04",-48.0,-0.2,True,9.50463125,0.08270224333333333,8.270224333333333,9.877112499999999,0.06185416666666667,6.185416666666667
8.3%,0.08270224333333333,8.270224333333333,Nygaard2022,"TurbOPark, A=0.04",-24.0,-0.1,True,9.50463125,0.08270224333333333,8.270224333333333,9.870866666666666,0.06300833333333333,6.300833333333333
8.3%,0.08270224333333333,8.270224333333333,Nygaard2022,"TurbOPark, A=0.04",0.0,0.0,True,9.50463125,0.08270224333333333,8.270224333333333,9.863783333333332,0.0646375,6.46375
8.3%,0.08270224333333333,8.270224333333333,Nygaard2022,"TurbOPark, A=0.04",24.0,0.1,True,9.50463125,0.08270224333333333,8.270224333333333,9.864508333333333,0.06494166666666668,6.4941666666666675
8.3%,0.08270224333333333,8.270224333333333,Nygaard2022,"TurbOPark, A=0.04",48.0,0.2,True,9.50463125,0.08270224333333333,8.270224333333333,9.870891666666667,0.0651625,6.516249999999999
8.3%,0.08270224333333333,8.270224333333333,Nygaard2022,"TurbOPark, A=0.04",72.0,0.3,True,9.50463125,0.08270224333333333,8.270224333333333,9.875995833333334,0.06599166666666667,6.599166666666667
8.3%,0.08270224333333333,8.270224333333333,Nygaard2022,"TurbOPark, A=0.04",96.0,0.4,True,9.50463125,0.08270224333333333,8.270224333333333,9.894941666666666,0.0651875,6.51875
8.3%,0.08270224333333333,8.270224333333333,Nygaard2022,"TurbOPark, A=0.04",120.0,0.5,True,9.504631249999997,0.08270224333333333,8.270224333333333,9.907029166666668,0.06437083333333334,6.437083333333334
8.3%,0.08270224333333333,8.270224333333333,Nygaard2022,"TurbOPark, A=0.04",144.0,0.6,False,9.504631249999983,0.08270224333333333,8.270224333333333,9.907204166666666,0.06434166666666667,6.434166666666667
8.3%,0.08270224333333333,8.270224333333333,Nygaard2022,"TurbOPark, A=0.04",168.0,0.7,False,9.504631249999868,0.08270224333333333,8.270224333333333,9.915158333333332,0.06475833333333333,6.475833333333333
8.3%,0.08270224333333333,8.270224333333333,Nygaard2022,"TurbOPark, A=0.04",192.0,0.8,False,9.504631249999028,0.08270224333333333,8.270224333333333,9.938075,0.06457083333333333,6.457083333333332
8.3%,0.08270224333333333,8.270224333333333,Nygaard2022,"TurbOPark, A=0.04",216.0,0.9,False,9.50463124999326,0.08270224333333333,8.270224333333333,9.965445833333334,0.06365416666666666,6.3654166666666665
8.3%,0.08270224333333333,8.270224333333333,Nygaard2022,"TurbOPark, A=0.04",240.0,1.0,False,9.504631249956276,0.08270224333333333,8.270224333333333,9.9964375,0.061891666666666664,6.189166666666666
8.3%,0.08270224333333333,8.270224333333333,Nygaard2022,"TurbOPark, A=0.04",264.0,1.1,False,9.504631249734707,0.08270224333333333,8.270224333333333,10.013995833333333,0.060725,6.0725
8.3%,0.08270224333333333,8.270224333333333,Nygaard2022,"TurbOPark, A=0.04",288.0,1.2,False,9.50463124849442,0.08270224333333333,8.270224333333333,10.031295833333335,0.06094583333333334,6.0945833333333335
8.3%,0.08270224333333333,8.270224333333333,Nygaard2022,"TurbOPark, A=0.04",312.0,1.3,False,9.50463124200339,0.08270224333333333,8.270224333333333,10.0398125,0.06156666666666667,6.156666666666667
8.3%,0.08270224333333333,8.270224333333333,Nygaard2022,"TurbOPark, A=0.04",336.0,1.4,False,9.504631210274765,0.08270224333333333,8.270224333333333,10.039787500000001,0.0621375,6.21375
8.3%,0.08270224333333333,8.270224333333333,Nygaard2022,"TurbOPark, A=0.04",360.0,1.5,False,9.504631065423167,0.08270224333333333,8.270224333333333,10.039470833333333,0.06116666666666667,6.116666666666667
8.3%,0.08270224333333333,8.270224333333333,Nygaard2022_A0.06,"TurbOPark, A=0.06",-360.0,-1.5,False,9.50463125,0.08270224333333333,8.270224333333333,10.019204166666666,0.06457916666666666,6.457916666666666
8.3%,0.08270224333333333,8.270224333333333,Nygaard2022_A0.06,"TurbOPark, A=0.06",-336.0,-1.4,False,9.50463125,0.08270224333333333,8.270224333333333,10.012329166666666,0.06422083333333334,6.422083333333334
8.3%,0.08270224333333333,8.270224333333333,Nygaard2022_A0.06,"TurbOPark, A=0.06",-312.0,-1.3,False,9.50463125,0.08270224333333333,8.270224333333333,10.018075,0.0638875,6.38875
8.3%,0.08270224333333333,8.270224333333333,Nygaard2022_A0.06,"TurbOPark, A=0.06",-288.0,-1.2,False,9.50463125,0.08270224333333333,8.270224333333333,10.014545833333333,0.06492916666666665,6.492916666666665
8.3%,0.08270224333333333,8.270224333333333,Nygaard2022_A0.06,"TurbOPark, A=0.06",-264.0,-1.1,False,9.50463125,0.08270224333333333,8.270224333333333,10.015708333333333,0.06524583333333334,6.524583333333334
8.3%,0.08270224333333333,8.270224333333333,Nygaard2022_A0.06,"TurbOPark, A=0.06",-240.0,-1.0,False,9.50463125,0.08270224333333333,8.270224333333333,10.022945833333333,0.06403333333333333,6.403333333333333
8.3%,0.08270224333333333,8.270224333333333,Nygaard2022_A0.06,"TurbOPark, A=0.06",-216.0,-0.9,False,9.50463125,0.08270224333333333,8.270224333333333,10.0211875,0.06174583333333333,6.1745833333333335
8.3%,0.08270224333333333,8.270224333333333,Nygaard2022_A0.06,"TurbOPark, A=0.06",-192.0,-0.8,False,9.50463125,0.08270224333333333,8.270224333333333,10.009641666666667,0.06029999999999999,6.029999999999999
8.3%,0.08270224333333333,8.270224333333333,Nygaard2022_A0.06,"TurbOPark, A=0.06",-168.0,-0.7,False,9.50463125,0.08270224333333333,8.270224333333333,9.978229166666667,0.0606125,6.06125
8.3%,0.08270224333333333,8.270224333333333,Nygaard2022_A0.06,"TurbOPark, A=0.06",-144.0,-0.6,False,9.50463125,0.08270224333333333,8.270224333333333,9.946520833333333,0.061195833333333324,6.119583333333332
8.3%,0.08270224333333333,8.270224333333333,Nygaard2022_A0.06,"TurbOPark, A=0.06",-120.0,-0.5,True,9.50463125,0.08270224333333333,8.270224333333333,9.932866666666666,0.06144166666666667,6.144166666666667
8.3%,0.08270224333333333,8.270224333333333,Nygaard2022_A0.06,"TurbOPark, A=0.06",-96.0,-0.4,True,9.50463125,0.08270224333333333,8.270224333333333,9.916470833333333,0.06136250000000001,6.13625
8.3%,0.08270224333333333,8.270224333333333,Nygaard2022_A0.06,"TurbOPark, A=0.06",-72.0,-0.3,True,9.50463125,0.08270224333333333,8.270224333333333,9.8970875,0.061025,6.1025
8.3%,0.08270224333333333,8.270224333333333,Nygaard2022_A0.06,"TurbOPark, A=0.06",-48.0,-0.2,True,9.50463125,0.08270224333333333,8.270224333333333,9.877112499999999,0.06185416666666667,6.185416666666667
8.3%,0.08270224333333333,8.270224333333333,Nygaard2022_A0.06,"TurbOPark, A=0.06",-24.0,-0.1,True,9.50463125,0.08270224333333333,8.270224333333333,9.870866666666666,0.06300833333333333,6.300833333333333
8.3%,0.08270224333333333,8.270224333333333,Nygaard2022_A0.06,"TurbOPark, A=0.06",0.0,0.0,True,9.50463125,0.08270224333333333,8.270224333333333,9.863783333333332,0.0646375,6.46375
8.3%,0.08270224333333333,8.270224333333333,Nygaard2022_A0.06,"TurbOPark, A=0.06",24.0,0.1,True,9.50463125,0.08270224333333333,8.270224333333333,9.864508333333333,0.06494166666666668,6.4941666666666675
8.3%,0.08270224333333333,8.270224333333333,Nygaard2022_A0.06,"TurbOPark, A=0.06",48.0,0.2,True,9.504631249999997,0.08270224333333333,8.270224333333333,9.870891666666667,0.0651625,6.516249999999999
8.3%,0.08270224333333333,8.270224333333333,Nygaard2022_A0.06,"TurbOPark, A=0.06",72.0,0.3,True,9.50463124999999,0.08270224333333333,8.270224333333333,9.875995833333334,0.06599166666666667,6.599166666666667
8.3%,0.08270224333333333,8.270224333333333,Nygaard2022_A0.06,"TurbOPark, A=0.06",96.0,0.4,True,9.504631249999942,0.08270224333333333,8.270224333333333,9.894941666666666,0.0651875,6.51875
8.3%,0.08270224333333333,8.270224333333333,Nygaard2022_A0.06,"TurbOPark, A=0.06",120.0,0.5,True,9.504631249999631,0.08270224333333333,8.270224333333333,9.907029166666668,0.06437083333333334,6.437083333333334
8.3%,0.08270224333333333,8.270224333333333,Nygaard2022_A0.06,"TurbOPark, A=0.06",144.0,0.6,False,9.504631249997756,0.08270224333333333,8.270224333333333,9.907204166666666,0.06434166666666667,6.434166666666667
8.3%,0.08270224333333333,8.270224333333333,Nygaard2022_A0.06,"TurbOPark, A=0.06",168.0,0.7,False,9.504631249987089,0.08270224333333333,8.270224333333333,9.915158333333332,0.06475833333333333,6.475833333333333
8.3%,0.08270224333333333,8.270224333333333,Nygaard2022_A0.06,"TurbOPark, A=0.06",192.0,0.8,False,9.504631249929826,0.08270224333333333,8.270224333333333,9.938075,0.06457083333333333,6.457083333333332
8.3%,0.08270224333333333,8.270224333333333,Nygaard2022_A0.06,"TurbOPark, A=0.06",216.0,0.9,False,9.504631249639447,0.08270224333333333,8.270224333333333,9.965445833333334,0.06365416666666666,6.3654166666666665
8.3%,0.08270224333333333,8.270224333333333,Nygaard2022_A0.06,"TurbOPark, A=0.06",240.0,1.0,False,9.504631248248392,0.08270224333333333,8.270224333333333,9.9964375,0.061891666666666664,6.189166666666666
8.3%,0.08270224333333333,8.270224333333333,Nygaard2022_A0.06,"TurbOPark, A=0.06",264.0,1.1,False,9.504631241959613,0.08270224333333333,8.270224333333333,10.013995833333333,0.060725,6.0725
8.3%,0.08270224333333333,8.270224333333333,Nygaard2022_A0.06,"TurbOPark, A=0.06",288.0,1.2,False,9.504631215125317,0.08270224333333333,8.270224333333333,10.031295833333335,0.06094583333333334,6.0945833333333335
8.3%,0.08270224333333333,8.270224333333333,Nygaard2022_A0.06,"TurbOPark, A=0.06",312.0,1.3,False,9.504631107031763,0.08270224333333333,8.270224333333333,10.0398125,0.06156666666666667,6.156666666666667
8.3%,0.08270224333333333,8.270224333333333,Nygaard2022_A0.06,"TurbOPark, A=0.06",336.0,1.4,False,9.504630695841257,0.08270224333333333,8.270224333333333,10.039787500000001,0.0621375,6.21375
8.3%,0.08270224333333333,8.270224333333333,Nygaard2022_A0.06,"TurbOPark, A=0.06",360.0,1.5,False,9.504629220307887,0.08270224333333333,8.270224333333333,10.039470833333333,0.06116666666666667,6.116666666666667
8.9%,0.08886965777777778,8.886965777777778,BPA2014,BPA,-360.0,-1.5,False,9.50463125,0.08886965777777778,8.886965777777778,10.019204166666666,0.06457916666666666,6.457916666666666
8.9%,0.08886965777777778,8.886965777777778,BPA2014,BPA,-336.0,-1.4,False,9.50463125,0.08886965777777778,8.886965777777778,10.012329166666666,0.06422083333333334,6.422083333333334
8.9%,0.08886965777777778,8.886965777777778,BPA2014,BPA,-312.0,-1.3,False,9.50463125,0.08886965777777778,8.886965777777778,10.018075,0.0638875,6.38875
8.9%,0.08886965777777778,8.886965777777778,BPA2014,BPA,-288.0,-1.2,False,9.50463125,0.08886965777777778,8.886965777777778,10.014545833333333,0.06492916666666665,6.492916666666665
8.9%,0.08886965777777778,8.886965777777778,BPA2014,BPA,-264.0,-1.1,False,9.50463125,0.08886965777777778,8.886965777777778,10.015708333333333,0.06524583333333334,6.524583333333334
8.9%,0.08886965777777778,8.886965777777778,BPA2014,BPA,-240.0,-1.0,False,9.50463125,0.08886965777777778,8.886965777777778,10.022945833333333,0.06403333333333333,6.403333333333333
8.9%,0.08886965777777778,8.886965777777778,BPA2014,BPA,-216.0,-0.9,False,9.50463125,0.08886965777777778,8.886965777777778,10.0211875,0.06174583333333333,6.1745833333333335
8.9%,0.08886965777777778,8.886965777777778,BPA2014,BPA,-192.0,-0.8,False,9.50463125,0.08886965777777778,8.886965777777778,10.009641666666667,0.06029999999999999,6.029999999999999
8.9%,0.08886965777777778,8.886965777777778,BPA2014,BPA,-168.0,-0.7,False,9.50463125,0.08886965777777778,8.886965777777778,9.978229166666667,0.0606125,6.06125
8.9%,0.08886965777777778,8.886965777777778,BPA2014,BPA,-144.0,-0.6,False,9.50463125,0.08886965777777778,8.886965777777778,9.946520833333333,0.061195833333333324,6.119583333333332
8.9%,0.08886965777777778,8.886965777777778,BPA2014,BPA,-120.0,-0.5,True,9.50463125,0.08886965777777778,8.886965777777778,9.932866666666666,0.06144166666666667,6.144166666666667
8.9%,0.08886965777777778,8.886965777777778,BPA2014,BPA,-96.0,-0.4,True,9.50463125,0.08886965777777778,8.886965777777778,9.916470833333333,0.06136250000000001,6.13625
8.9%,0.08886965777777778,8.886965777777778,BPA2014,BPA,-72.0,-0.3,True,9.50463125,0.08886965777777778,8.886965777777778,9.8970875,0.061025,6.1025
8.9%,0.08886965777777778,8.886965777777778,BPA2014,BPA,-48.0,-0.2,True,9.50463125,0.08886965777777778,8.886965777777778,9.877112499999999,0.06185416666666667,6.185416666666667
8.9%,0.08886965777777778,8.886965777777778,BPA2014,BPA,-24.0,-0.1,True,9.50463125,0.08886965777777778,8.886965777777778,9.870866666666666,0.06300833333333333,6.300833333333333
8.9%,0.08886965777777778,8.886965777777778,BPA2014,BPA,0.0,0.0,True,9.50463125,0.08886965777777778,8.886965777777778,9.863783333333332,0.0646375,6.46375
8.9%,0.08886965777777778,8.886965777777778,BPA2014,BPA,24.0,0.1,True,9.504631249999997,0.08886965777777778,8.886965777777778,9.864508333333333,0.06494166666666668,6.4941666666666675
8.9%,0.08886965777777778,8.886965777777778,BPA2014,BPA,48.0,0.2,True,9.50463124999999,0.08886965777777778,8.886965777777778,9.870891666666667,0.0651625,6.516249999999999
8.9%,0.08886965777777778,8.886965777777778,BPA2014,BPA,72.0,0.3,True,9.504631249999946,0.08886965777777778,8.886965777777778,9.875995833333334,0.06599166666666667,6.599166666666667
8.9%,0.08886965777777778,8.886965777777778,BPA2014,BPA,96.0,0.4,True,9.50463124999967,0.08886965777777778,8.886965777777778,9.894941666666666,0.0651875,6.51875
8.9%,0.08886965777777778,8.886965777777778,BPA2014,BPA,120.0,0.5,True,9.504631249998098,0.08886965777777778,8.886965777777778,9.907029166666668,0.06437083333333334,6.437083333333334
8.9%,0.08886965777777778,8.886965777777778,BPA2014,BPA,144.0,0.6,False,9.504631249989576,0.08886965777777778,8.886965777777778,9.907204166666666,0.06434166666666667,6.434166666666667
8.9%,0.08886965777777778,8.886965777777778,BPA2014,BPA,168.0,0.7,False,9.504631249945772,0.08886965777777778,8.886965777777778,9.915158333333332,0.06475833333333333,6.475833333333333
8.9%,0.08886965777777778,8.886965777777778,BPA2014,BPA,192.0,0.8,False,9.504631249732514,0.08886965777777778,8.886965777777778,9.938075,0.06457083333333333,6.457083333333332
8.9%,0.08886965777777778,8.886965777777778,BPA2014,BPA,216.0,0.9,False,9.504631248748936,0.08886965777777778,8.886965777777778,9.965445833333334,0.06365416666666666,6.3654166666666665
8.9%,0.08886965777777778,8.886965777777778,BPA2014,BPA,240.0,1.0,False,9.504631244451737,0.08886965777777778,8.886965777777778,9.9964375,0.061891666666666664,6.189166666666666
8.9%,0.08886965777777778,8.886965777777778,BPA2014,BPA,264.0,1.1,False,9.504631226669085,0.08886965777777778,8.886965777777778,10.013995833333333,0.060725,6.0725
8.9%,0.08886965777777778,8.886965777777778,BPA2014,BPA,288.0,1.2,False,9.504631156974131,0.08886965777777778,8.886965777777778,10.031295833333335,0.06094583333333334,6.0945833333333335
8.9%,0.08886965777777778,8.886965777777778,BPA2014,BPA,312.0,1.3,False,9.504630898299542,0.08886965777777778,8.886965777777778,10.0398125,0.06156666666666667,6.156666666666667
8.9%,0.08886965777777778,8.886965777777778,BPA2014,BPA,336.0,1.4,False,9.504629989219842,0.08886965777777778,8.886965777777778,10.039787500000001,0.0621375,6.21375
8.9%,0.08886965777777778,8.886965777777778,BPA2014,BPA,360.0,1.5,False,9.504626964484896,0.08886965777777778,8.886965777777778,10.039470833333333,0.06116666666666667,6.116666666666667
8.9%,0.08886965777777778,8.886965777777778,NPA2016,NPA,-360.0,-1.5,False,9.50463125,0.08886965777777778,8.886965777777778,10.019204166666666,0.06457916666666666,6.457916666666666
8.9%,0.08886965777777778,8.886965777777778,NPA2016,NPA,-336.0,-1.4,False,9.50463125,0.08886965777777778,8.886965777777778,10.012329166666666,0.06422083333333334,6.422083333333334
8.9%,0.08886965777777778,8.886965777777778,NPA2016,NPA,-312.0,-1.3,False,9.50463125,0.08886965777777778,8.886965777777778,10.018075,0.0638875,6.38875
8.9%,0.08886965777777778,8.886965777777778,NPA2016,NPA,-288.0,-1.2,False,9.50463125,0.08886965777777778,8.886965777777778,10.014545833333333,0.06492916666666665,6.492916666666665
8.9%,0.08886965777777778,8.886965777777778,NPA2016,NPA,-264.0,-1.1,False,9.50463125,0.08886965777777778,8.886965777777778,10.015708333333333,0.06524583333333334,6.524583333333334
8.9%,0.08886965777777778,8.886965777777778,NPA2016,NPA,-240.0,-1.0,False,9.50463125,0.08886965777777778,8.886965777777778,10.022945833333333,0.06403333333333333,6.403333333333333
8.9%,0.08886965777777778,8.886965777777778,NPA2016,NPA,-216.0,-0.9,False,9.50463125,0.08886965777777778,8.886965777777778,10.0211875,0.06174583333333333,6.1745833333333335
8.9%,0.08886965777777778,8.886965777777778,NPA2016,NPA,-192.0,-0.8,False,9.50463125,0.08886965777777778,8.886965777777778,10.009641666666667,0.06029999999999999,6.029999999999999
8.9%,0.08886965777777778,8.886965777777778,NPA2016,NPA,-168.0,-0.7,False,9.50463125,0.08886965777777778,8.886965777777778,9.978229166666667,0.0606125,6.06125
8.9%,0.08886965777777778,8.886965777777778,NPA2016,NPA,-144.0,-0.6,False,9.50463125,0.08886965777777778,8.886965777777778,9.946520833333333,0.061195833333333324,6.119583333333332
8.9%,0.08886965777777778,8.886965777777778,NPA2016,NPA,-120.0,-0.5,True,9.50463125,0.08886965777777778,8.886965777777778,9.932866666666666,0.06144166666666667,6.144166666666667
8.9%,0.08886965777777778,8.886965777777778,NPA2016,NPA,-96.0,-0.4,True,9.50463125,0.08886965777777778,8.886965777777778,9.916470833333333,0.06136250000000001,6.13625
8.9%,0.08886965777777778,8.886965777777778,NPA2016,NPA,-72.0,-0.3,True,9.50463125,0.08886965777777778,8.886965777777778,9.8970875,0.061025,6.1025
8.9%,0.08886965777777778,8.886965777777778,NPA2016,NPA,-48.0,-0.2,True,9.50463125,0.08886965777777778,8.886965777777778,9.877112499999999,0.06185416666666667,6.185416666666667
8.9%,0.08886965777777778,8.886965777777778,NPA2016,NPA,-24.0,-0.1,True,9.504631249999997,0.08886965777777778,8.886965777777778,9.870866666666666,0.06300833333333333,6.300833333333333
8.9%,0.08886965777777778,8.886965777777778,NPA2016,NPA,0.0,0.0,True,9.504631249999985,0.08886965777777778,8.886965777777778,9.863783333333332,0.0646375,6.46375
8.9%,0.08886965777777778,8.886965777777778,NPA2016,NPA,24.0,0.1,True,9.50463124999992,0.08886965777777778,8.886965777777778,9.864508333333333,0.06494166666666668,6.4941666666666675
8.9%,0.08886965777777778,8.886965777777778,NPA2016,NPA,48.0,0.2,True,9.504631249999568,0.08886965777777778,8.886965777777778,9.870891666666667,0.0651625,6.516249999999999
8.9%,0.08886965777777778,8.886965777777778,NPA2016,NPA,72.0,0.3,True,9.504631249997784,0.08886965777777778,8.886965777777778,9.875995833333334,0.06599166666666667,6.599166666666667
8.9%,0.08886965777777778,8.886965777777778,NPA2016,NPA,96.0,0.4,True,9.504631249989172,0.08886965777777778,8.886965777777778,9.894941666666666,0.0651875,6.51875
8.9%,0.08886965777777778,8.886965777777778,NPA2016,NPA,120.0,0.5,True,9.50463124994946,0.08886965777777778,8.886965777777778,9.907029166666668,0.06437083333333334,6.437083333333334
8.9%,0.08886965777777778,8.886965777777778,NPA2016,NPA,144.0,0.6,False,9.504631249774835,0.08886965777777778,8.886965777777778,9.907204166666666,0.06434166666666667,6.434166666666667
8.9%,0.08886965777777778,8.886965777777778,NPA2016,NPA,168.0,0.7,False,9.504631249043218,0.08886965777777778,8.886965777777778,9.915158333333332,0.06475833333333333,6.475833333333333
8.9%,0.08886965777777778,8.886965777777778,NPA2016,NPA,192.0,0.8,False,9.504631246116071,0.08886965777777778,8.886965777777778,9.938075,0.06457083333333333,6.457083333333332
8.9%,0.08886965777777778,8.886965777777778,NPA2016,NPA,216.0,0.9,False,9.50463123496226,0.08886965777777778,8.886965777777778,9.965445833333334,0.06365416666666666,6.3654166666666665
8.9%,0.08886965777777778,8.886965777777778,NPA2016,NPA,240.0,1.0,False,9.504631194425542,0.08886965777777778,8.886965777777778,9.9964375,0.061891666666666664,6.189166666666666
8.9%,0.08886965777777778,8.886965777777778,NPA2016,NPA,264.0,1.1,False,9.504631053950497,0.08886965777777778,8.886965777777778,10.013995833333333,0.060725,6.0725
8.9%,0.08886965777777778,8.886965777777778,NPA2016,NPA,288.0,1.2,False,9.504630590260142,0.08886965777777778,8.886965777777778,10.031295833333335,0.06094583333333334,6.0945833333333335
8.9%,0.08886965777777778,8.886965777777778,NPA2016,NPA,312.0,1.3,False,9.50462912979301,0.08886965777777778,8.886965777777778,10.0398125,0.06156666666666667,6.156666666666667
8.9%,0.08886965777777778,8.886965777777778,NPA2016,NPA,336.0,1.4,False,9.504624749452525,0.08886965777777778,8.886965777777778,10.039787500000001,0.0621375,6.21375
8.9%,0.08886965777777778,8.886965777777778,NPA2016,NPA,360.0,1.5,False,9.504612228301617,0.08886965777777778,8.886965777777778,10.039470833333333,0.06116666666666667,6.116666666666667
8.9%,0.08886965777777778,8.886965777777778,Nygaard2022,"TurbOPark, A=0.04",-360.0,-1.5,False,9.50463125,0.08886965777777778,8.886965777777778,10.019204166666666,0.06457916666666666,6.457916666666666
8.9%,0.08886965777777778,8.886965777777778,Nygaard2022,"TurbOPark, A=0.04",-336.0,-1.4,False,9.50463125,0.08886965777777778,8.886965777777778,10.012329166666666,0.06422083333333334,6.422083333333334
8.9%,0.08886965777777778,8.886965777777778,Nygaard2022,"TurbOPark, A=0.04",-312.0,-1.3,False,9.50463125,0.08886965777777778,8.886965777777778,10.018075,0.0638875,6.38875
8.9%,0.08886965777777778,8.886965777777778,Nygaard2022,"TurbOPark, A=0.04",-288.0,-1.2,False,9.50463125,0.08886965777777778,8.886965777777778,10.014545833333333,0.06492916666666665,6.492916666666665
8.9%,0.08886965777777778,8.886965777777778,Nygaard2022,"TurbOPark, A=0.04",-264.0,-1.1,False,9.50463125,0.08886965777777778,8.886965777777778,10.015708333333333,0.06524583333333334,6.524583333333334
8.9%,0.08886965777777778,8.886965777777778,Nygaard2022,"TurbOPark, A=0.04",-240.0,-1.0,False,9.50463125,0.08886965777777778,8.886965777777778,10.022945833333333,0.06403333333333333,6.403333333333333
8.9%,0.08886965777777778,8.886965777777778,Nygaard2022,"TurbOPark, A=0.04",-216.0,-0.9,False,9.50463125,0.08886965777777778,8.886965777777778,10.0211875,0.06174583333333333,6.1745833333333335
8.9%,0.08886965777777778,8.886965777777778,Nygaard2022,"TurbOPark, A=0.04",-192.0,-0.8,False,9.50463125,0.08886965777777778,8.886965777777778,10.009641666666667,0.06029999999999999,6.029999999999999
8.9%,0.08886965777777778,8.886965777777778,Nygaard2022,"TurbOPark, A=0.04",-168.0,-0.7,False,9.50463125,0.08886965777777778,8.886965777777778,9.978229166666667,0.0606125,6.06125
8.9%,0.08886965777777778,8.886965777777778,Nygaard2022,"TurbOPark, A=0.04",-144.0,-0.6,False,9.50463125,0.08886965777777778,8.886965777777778,9.946520833333333,0.061195833333333324,6.119583333333332
8.9%,0.08886965777777778,8.886965777777778,Nygaard2022,"TurbOPark, A=0.04",-120.0,-0.5,True,9.50463125,0.08886965777777778,8.886965777777778,9.932866666666666,0.06144166666666667,6.144166666666667
8.9%,0.08886965777777778,8.886965777777778,Nygaard2022,"TurbOPark, A=0.04",-96.0,-0.4,True,9.50463125,0.08886965777777778,8.886965777777778,9.916470833333333,0.06136250000000001,6.13625
8.9%,0.08886965777777778,8.886965777777778,Nygaard2022,"TurbOPark, A=0.04",-72.0,-0.3,True,9.50463125,0.08886965777777778,8.886965777777778,9.8970875,0.061025,6.1025
8.9%,0.08886965777777778,8.886965777777778,Nygaard2022,"TurbOPark, A=0.04",-48.0,-0.2,True,9.50463125,0.08886965777777778,8.886965777777778,9.877112499999999,0.06185416666666667,6.185416666666667
8.9%,0.08886965777777778,8.886965777777778,Nygaard2022,"TurbOPark, A=0.04",-24.0,-0.1,True,9.50463125,0.08886965777777778,8.886965777777778,9.870866666666666,0.06300833333333333,6.300833333333333
8.9%,0.08886965777777778,8.886965777777778,Nygaard2022,"TurbOPark, A=0.04",0.0,0.0,True,9.50463125,0.08886965777777778,8.886965777777778,9.863783333333332,0.0646375,6.46375
8.9%,0.08886965777777778,8.886965777777778,Nygaard2022,"TurbOPark, A=0.04",24.0,0.1,True,9.50463125,0.08886965777777778,8.886965777777778,9.864508333333333,0.06494166666666668,6.4941666666666675
8.9%,0.08886965777777778,8.886965777777778,Nygaard2022,"TurbOPark, A=0.04",48.0,0.2,True,9.50463125,0.08886965777777778,8.886965777777778,9.870891666666667,0.0651625,6.516249999999999
8.9%,0.08886965777777778,8.886965777777778,Nygaard2022,"TurbOPark, A=0.04",72.0,0.3,True,9.50463125,0.08886965777777778,8.886965777777778,9.875995833333334,0.06599166666666667,6.599166666666667
8.9%,0.08886965777777778,8.886965777777778,Nygaard2022,"TurbOPark, A=0.04",96.0,0.4,True,9.50463125,0.08886965777777778,8.886965777777778,9.894941666666666,0.0651875,6.51875
8.9%,0.08886965777777778,8.886965777777778,Nygaard2022,"TurbOPark, A=0.04",120.0,0.5,True,9.504631249999997,0.08886965777777778,8.886965777777778,9.907029166666668,0.06437083333333334,6.437083333333334
8.9%,0.08886965777777778,8.886965777777778,Nygaard2022,"TurbOPark, A=0.04",144.0,0.6,False,9.504631249999981,0.08886965777777778,8.886965777777778,9.907204166666666,0.06434166666666667,6.434166666666667
8.9%,0.08886965777777778,8.886965777777778,Nygaard2022,"TurbOPark, A=0.04",168.0,0.7,False,9.504631249999859,0.08886965777777778,8.886965777777778,9.915158333333332,0.06475833333333333,6.475833333333333
8.9%,0.08886965777777778,8.886965777777778,Nygaard2022,"TurbOPark, A=0.04",192.0,0.8,False,9.504631249998967,0.08886965777777778,8.886965777777778,9.938075,0.06457083333333333,6.457083333333332
8.9%,0.08886965777777778,8.886965777777778,Nygaard2022,"TurbOPark, A=0.04",216.0,0.9,False,9.504631249992865,0.08886965777777778,8.886965777777778,9.965445833333334,0.06365416666666666,6.3654166666666665
8.9%,0.08886965777777778,8.886965777777778,Nygaard2022,"TurbOPark, A=0.04",240.0,1.0,False,9.504631249953924,0.08886965777777778,8.886965777777778,9.9964375,0.061891666666666664,6.189166666666666
8.9%,0.08886965777777778,8.886965777777778,Nygaard2022,"TurbOPark, A=0.04",264.0,1.1,False,9.504631249721507,0.08886965777777778,8.886965777777778,10.013995833333333,0.060725,6.0725
8.9%,0.08886965777777778,8.886965777777778,Nygaard2022,"TurbOPark, A=0.04",288.0,1.2,False,9.504631248424692,0.08886965777777778,8.886965777777778,10.031295833333335,0.06094583333333334,6.0945833333333335
8.9%,0.08886965777777778,8.886965777777778,Nygaard2022,"TurbOPark, A=0.04",312.0,1.3,False,9.504631241665031,0.08886965777777778,8.886965777777778,10.0398125,0.06156666666666667,6.156666666666667
8.9%,0.08886965777777778,8.886965777777778,Nygaard2022,"TurbOPark, A=0.04",336.0,1.4,False,9.504631208748286,0.08886965777777778,8.886965777777778,10.039787500000001,0.0621375,6.21375
8.9%,0.08886965777777778,8.886965777777778,Nygaard2022,"TurbOPark, A=0.04",360.0,1.5,False,9.504631059017987,0.08886965777777778,8.886965777777778,10.039470833333333,0.06116666666666667,6.116666666666667
8.9%,0.08886965777777778,8.886965777777778,Nygaard2022_A0.06,"TurbOPark, A=0.06",-360.0,-1.5,False,9.50463125,0.08886965777777778,8.886965777777778,10.019204166666666,0.06457916666666666,6.457916666666666
8.9%,0.08886965777777778,8.886965777777778,Nygaard2022_A0.06,"TurbOPark, A=0.06",-336.0,-1.4,False,9.50463125,0.08886965777777778,8.886965777777778,10.012329166666666,0.06422083333333334,6.422083333333334
8.9%,0.08886965777777778,8.886965777777778,Nygaard2022_A0.06,"TurbOPark, A=0.06",-312.0,-1.3,False,9.50463125,0.08886965777777778,8.886965777777778,10.018075,0.0638875,6.38875
8.9%,0.08886965777777778,8.886965777777778,Nygaard2022_A0.06,"TurbOPark, A=0.06",-288.0,-1.2,False,9.50463125,0.08886965777777778,8.886965777777778,10.014545833333333,0.06492916666666665,6.492916666666665
8.9%,0.08886965777777778,8.886965777777778,Nygaard2022_A0.06,"TurbOPark, A=0.06",-264.0,-1.1,False,9.50463125,0.08886965777777778,8.886965777777778,10.015708333333333,0.06524583333333334,6.524583333333334
8.9%,0.08886965777777778,8.886965777777778,Nygaard2022_A0.06,"TurbOPark, A=0.06",-240.0,-1.0,False,9.50463125,0.08886965777777778,8.886965777777778,10.022945833333333,0.06403333333333333,6.403333333333333
8.9%,0.08886965777777778,8.886965777777778,Nygaard2022_A0.06,"TurbOPark, A=0.06",-216.0,-0.9,False,9.50463125,0.08886965777777778,8.886965777777778,10.0211875,0.06174583333333333,6.1745833333333335
8.9%,0.08886965777777778,8.886965777777778,Nygaard2022_A0.06,"TurbOPark, A=0.06",-192.0,-0.8,False,9.50463125,0.08886965777777778,8.886965777777778,10.009641666666667,0.06029999999999999,6.029999999999999
8.9%,0.08886965777777778,8.886965777777778,Nygaard2022_A0.06,"TurbOPark, A=0.06",-168.0,-0.7,False,9.50463125,0.08886965777777778,8.886965777777778,9.978229166666667,0.0606125,6.06125
8.9%,0.08886965777777778,8.886965777777778,Nygaard2022_A0.06,"TurbOPark, A=0.06",-144.0,-0.6,False,9.50463125,0.08886965777777778,8.886965777777778,9.946520833333333,0.061195833333333324,6.119583333333332
8.9%,0.08886965777777778,8.886965777777778,Nygaard2022_A0.06,"TurbOPark, A=0.06",-120.0,-0.5,True,9.50463125,0.08886965777777778,8.886965777777778,9.932866666666666,0.06144166666666667,6.144166666666667
8.9%,0.08886965777777778,8.886965777777778,Nygaard2022_A0.06,"TurbOPark, A=0.06",-96.0,-0.4,True,9.50463125,0.08886965777777778,8.886965777777778,9.916470833333333,0.06136250000000001,6.13625
8.9%,0.08886965777777778,8.886965777777778,Nygaard2022_A0.06,"TurbOPark, A=0.06",-72.0,-0.3,True,9.50463125,0.08886965777777778,8.886965777777778,9.8970875,0.061025,6.1025
8.9%,0.08886965777777778,8.886965777777778,Nygaard2022_A0.06,"TurbOPark, A=0.06",-48.0,-0.2,True,9.50463125,0.08886965777777778,8.886965777777778,9.877112499999999,0.06185416666666667,6.185416666666667
8.9%,0.08886965777777778,8.886965777777778,Nygaard2022_A0.06,"TurbOPark, A=0.06",-24.0,-0.1,True,9.50463125,0.08886965777777778,8.886965777777778,9.870866666666666,0.06300833333333333,6.300833333333333
8.9%,0.08886965777777778,8.886965777777778,Nygaard2022_A0.06,"TurbOPark, A=0.06",0.0,0.0,True,9.50463125,0.08886965777777778,8.886965777777778,9.863783333333332,0.0646375,6.46375
8.9%,0.08886965777777778,8.886965777777778,Nygaard2022_A0.06,"TurbOPark, A=0.06",24.0,0.1,True,9.50463125,0.08886965777777778,8.886965777777778,9.864508333333333,0.06494166666666668,6.4941666666666675
8.9%,0.08886965777777778,8.886965777777778,Nygaard2022_A0.06,"TurbOPark, A=0.06",48.0,0.2,True,9.504631249999997,0.08886965777777778,8.886965777777778,9.870891666666667,0.0651625,6.516249999999999
8.9%,0.08886965777777778,8.886965777777778,Nygaard2022_A0.06,"TurbOPark, A=0.06",72.0,0.3,True,9.50463124999999,0.08886965777777778,8.886965777777778,9.875995833333334,0.06599166666666667,6.599166666666667
8.9%,0.08886965777777778,8.886965777777778,Nygaard2022_A0.06,"TurbOPark, A=0.06",96.0,0.4,True,9.504631249999937,0.08886965777777778,8.886965777777778,9.894941666666666,0.0651875,6.51875
8.9%,0.08886965777777778,8.886965777777778,Nygaard2022_A0.06,"TurbOPark, A=0.06",120.0,0.5,True,9.504631249999598,0.08886965777777778,8.886965777777778,9.907029166666668,0.06437083333333334,6.437083333333334
8.9%,0.08886965777777778,8.886965777777778,Nygaard2022_A0.06,"TurbOPark, A=0.06",144.0,0.6,False,9.504631249997566,0.08886965777777778,8.886965777777778,9.907204166666666,0.06434166666666667,6.434166666666667
8.9%,0.08886965777777778,8.886965777777778,Nygaard2022_A0.06,"TurbOPark, A=0.06",168.0,0.7,False,9.504631249986069,0.08886965777777778,8.886965777777778,9.915158333333332,0.06475833333333333,6.475833333333333
8.9%,0.08886965777777778,8.886965777777778,Nygaard2022_A0.06,"TurbOPark, A=0.06",192.0,0.8,False,9.504631249924666,0.08886965777777778,8.886965777777778,9.938075,0.06457083333333333,6.457083333333332
8.9%,0.08886965777777778,8.886965777777778,Nygaard2022_A0.06,"TurbOPark, A=0.06",216.0,0.9,False,9.504631249614917,0.08886965777777778,8.886965777777778,9.965445833333334,0.06365416666666666,6.3654166666666665
8.9%,0.08886965777777778,8.886965777777778,Nygaard2022_A0.06,"TurbOPark, A=0.06",240.0,1.0,False,9.504631248138086,0.08886965777777778,8.886965777777778,9.9964375,0.061891666666666664,6.189166666666666
8.9%,0.08886965777777778,8.886965777777778,Nygaard2022_A0.06,"TurbOPark, A=0.06",264.0,1.1,False,9.504631241492946,0.08886965777777778,8.886965777777778,10.013995833333333,0.060725,6.0725
8.9%,0.08886965777777778,8.886965777777778,Nygaard2022_A0.06,"TurbOPark, A=0.06",288.0,1.2,False,9.504631213268583,0.08886965777777778,8.886965777777778,10.031295833333335,0.06094583333333334,6.0945833333333335
8.9%,0.08886965777777778,8.886965777777778,Nygaard2022_A0.06,"TurbOPark, A=0.06",312.0,1.3,False,9.504631100028481,0.08886965777777778,8.886965777777778,10.0398125,0.06156666666666667,6.156666666666667
8.9%,0.08886965777777778,8.886965777777778,Nygaard2022_A0.06,"TurbOPark, A=0.06",336.0,1.4,False,9.504630671135072,0.08886965777777778,8.886965777777778,10.039787500000001,0.0621375,6.21375
8.9%,0.08886965777777778,8.886965777777778,Nygaard2022_A0.06,"TurbOPark, A=0.06",360.0,1.5,False,9.504629138437192,0.08886965777777778,8.886965777777778,10.039470833333333,0.06116666666666667,6.116666666666667
9.5%,0.09503707222222221,9.503707222222221,BPA2014,BPA,-360.0,-1.5,False,9.50463125,0.09503707222222221,9.503707222222221,10.019204166666666,0.06457916666666666,6.457916666666666
9.5%,0.09503707222222221,9.503707222222221,BPA2014,BPA,-336.0,-1.4,False,9.50463125,0.09503707222222221,9.503707222222221,10.012329166666666,0.06422083333333334,6.422083333333334
9.5%,0.09503707222222221,9.503707222222221,BPA2014,BPA,-312.0,-1.3,False,9.50463125,0.09503707222222221,9.503707222222221,10.018075,0.0638875,6.38875
9.5%,0.09503707222222221,9.503707222222221,BPA2014,BPA,-288.0,-1.2,False,9.50463125,0.09503707222222221,9.503707222222221,10.014545833333333,0.06492916666666665,6.492916666666665
9.5%,0.09503707222222221,9.503707222222221,BPA2014,BPA,-264.0,-1.1,False,9.50463125,0.09503707222222221,9.503707222222221,10.015708333333333,0.06524583333333334,6.524583333333334
9.5%,0.09503707222222221,9.503707222222221,BPA2014,BPA,-240.0,-1.0,False,9.50463125,0.09503707222222221,9.503707222222221,10.022945833333333,0.06403333333333333,6.403333333333333
9.5%,0.09503707222222221,9.503707222222221,BPA2014,BPA,-216.0,-0.9,False,9.50463125,0.09503707222222221,9.503707222222221,10.0211875,0.06174583333333333,6.1745833333333335
9.5%,0.09503707222222221,9.503707222222221,BPA2014,BPA,-192.0,-0.8,False,9.50463125,0.09503707222222221,9.503707222222221,10.009641666666667,0.06029999999999999,6.029999999999999
9.5%,0.09503707222222221,9.503707222222221,BPA2014,BPA,-168.0,-0.7,False,9.50463125,0.09503707222222221,9.503707222222221,9.978229166666667,0.0606125,6.06125
9.5%,0.09503707222222221,9.503707222222221,BPA2014,BPA,-144.0,-0.6,False,9.50463125,0.09503707222222221,9.503707222222221,9.946520833333333,0.061195833333333324,6.119583333333332
9.5%,0.09503707222222221,9.503707222222221,BPA2014,BPA,-120.0,-0.5,True,9.50463125,0.09503707222222221,9.503707222222221,9.932866666666666,0.06144166666666667,6.144166666666667
9.5%,0.09503707222222221,9.503707222222221,BPA2014,BPA,-96.0,-0.4,True,9.50463125,0.09503707222222221,9.503707222222221,9.916470833333333,0.06136250000000001,6.13625
9.5%,0.09503707222222221,9.503707222222221,BPA2014,BPA,-72.0,-0.3,True,9.50463125,0.09503707222222221,9.503707222222221,9.8970875,0.061025,6.1025
9.5%,0.09503707222222221,9.503707222222221,BPA2014,BPA,-48.0,-0.2,True,9.50463125,0.09503707222222221,9.503707222222221,9.877112499999999,0.06185416666666667,6.185416666666667
9.5%,0.09503707222222221,9.503707222222221,BPA2014,BPA,-24.0,-0.1,True,9.50463125,0.09503707222222221,9.503707222222221,9.870866666666666,0.06300833333333333,6.300833333333333
9.5%,0.09503707222222221,9.503707222222221,BPA2014,BPA,0.0,0.0,True,9.50463125,0.09503707222222221,9.503707222222221,9.863783333333332,0.0646375,6.46375
9.5%,0.09503707222222221,9.503707222222221,BPA2014,BPA,24.0,0.1,True,9.504631249999997,0.09503707222222221,9.503707222222221,9.864508333333333,0.06494166666666668,6.4941666666666675
9.5%,0.09503707222222221,9.503707222222221,BPA2014,BPA,48.0,0.2,True,9.50463124999999,0.09503707222222221,9.503707222222221,9.870891666666667,0.0651625,6.516249999999999
9.5%,0.09503707222222221,9.503707222222221,BPA2014,BPA,72.0,0.3,True,9.504631249999946,0.09503707222222221,9.503707222222221,9.875995833333334,0.06599166666666667,6.599166666666667
9.5%,0.09503707222222221,9.503707222222221,BPA2014,BPA,96.0,0.4,True,9.50463124999967,0.09503707222222221,9.503707222222221,9.894941666666666,0.0651875,6.51875
9.5%,0.09503707222222221,9.503707222222221,BPA2014,BPA,120.0,0.5,True,9.504631249998098,0.09503707222222221,9.503707222222221,9.907029166666668,0.06437083333333334,6.437083333333334
9.5%,0.09503707222222221,9.503707222222221,BPA2014,BPA,144.0,0.6,False,9.504631249989576,0.09503707222222221,9.503707222222221,9.907204166666666,0.06434166666666667,6.434166666666667
9.5%,0.09503707222222221,9.503707222222221,BPA2014,BPA,168.0,0.7,False,9.504631249945772,0.09503707222222221,9.503707222222221,9.915158333333332,0.06475833333333333,6.475833333333333
9.5%,0.09503707222222221,9.503707222222221,BPA2014,BPA,192.0,0.8,False,9.504631249732514,0.09503707222222221,9.503707222222221,9.938075,0.06457083333333333,6.457083333333332
9.5%,0.09503707222222221,9.503707222222221,BPA2014,BPA,216.0,0.9,False,9.504631248748936,0.09503707222222221,9.503707222222221,9.965445833333334,0.06365416666666666,6.3654166666666665
9.5%,0.09503707222222221,9.503707222222221,BPA2014,BPA,240.0,1.0,False,9.504631244451737,0.09503707222222221,9.503707222222221,9.9964375,0.061891666666666664,6.189166666666666
9.5%,0.09503707222222221,9.503707222222221,BPA2014,BPA,264.0,1.1,False,9.504631226669085,0.09503707222222221,9.503707222222221,10.013995833333333,0.060725,6.0725
9.5%,0.09503707222222221,9.503707222222221,BPA2014,BPA,288.0,1.2,False,9.504631156974131,0.09503707222222221,9.503707222222221,10.031295833333335,0.06094583333333334,6.0945833333333335
9.5%,0.09503707222222221,9.503707222222221,BPA2014,BPA,312.0,1.3,False,9.504630898299542,0.09503707222222221,9.503707222222221,10.0398125,0.06156666666666667,6.156666666666667
9.5%,0.09503707222222221,9.503707222222221,BPA2014,BPA,336.0,1.4,False,9.504629989219842,0.09503707222222221,9.503707222222221,10.039787500000001,0.0621375,6.21375
9.5%,0.09503707222222221,9.503707222222221,BPA2014,BPA,360.0,1.5,False,9.504626964484896,0.09503707222222221,9.503707222222221,10.039470833333333,0.06116666666666667,6.116666666666667
9.5%,0.09503707222222221,9.503707222222221,NPA2016,NPA,-360.0,-1.5,False,9.50463125,0.09503707222222221,9.503707222222221,10.019204166666666,0.06457916666666666,6.457916666666666
9.5%,0.09503707222222221,9.503707222222221,NPA2016,NPA,-336.0,-1.4,False,9.50463125,0.09503707222222221,9.503707222222221,10.012329166666666,0.06422083333333334,6.422083333333334
9.5%,0.09503707222222221,9.503707222222221,NPA2016,NPA,-312.0,-1.3,False,9.50463125,0.09503707222222221,9.503707222222221,10.018075,0.0638875,6.38875
9.5%,0.09503707222222221,9.503707222222221,NPA2016,NPA,-288.0,-1.2,False,9.50463125,0.09503707222222221,9.503707222222221,10.014545833333333,0.06492916666666665,6.492916666666665
9.5%,0.09503707222222221,9.503707222222221,NPA2016,NPA,-264.0,-1.1,False,9.50463125,0.09503707222222221,9.503707222222221,10.015708333333333,0.06524583333333334,6.524583333333334
9.5%,0.09503707222222221,9.503707222222221,NPA2016,NPA,-240.0,-1.0,False,9.50463125,0.09503707222222221,9.503707222222221,10.022945833333333,0.06403333333333333,6.403333333333333
9.5%,0.09503707222222221,9.503707222222221,NPA2016,NPA,-216.0,-0.9,False,9.50463125,0.09503707222222221,9.503707222222221,10.0211875,0.06174583333333333,6.1745833333333335
9.5%,0.09503707222222221,9.503707222222221,NPA2016,NPA,-192.0,-0.8,False,9.50463125,0.09503707222222221,9.503707222222221,10.009641666666667,0.06029999999999999,6.029999999999999
9.5%,0.09503707222222221,9.503707222222221,NPA2016,NPA,-168.0,-0.7,False,9.50463125,0.09503707222222221,9.503707222222221,9.978229166666667,0.0606125,6.06125
9.5%,0.09503707222222221,9.503707222222221,NPA2016,NPA,-144.0,-0.6,False,9.50463125,0.09503707222222221,9.503707222222221,9.946520833333333,0.061195833333333324,6.119583333333332
9.5%,0.09503707222222221,9.503707222222221,NPA2016,NPA,-120.0,-0.5,True,9.50463125,0.09503707222222221,9.503707222222221,9.932866666666666,0.06144166666666667,6.144166666666667
9.5%,0.09503707222222221,9.503707222222221,NPA2016,NPA,-96.0,-0.4,True,9.50463125,0.09503707222222221,9.503707222222221,9.916470833333333,0.06136250000000001,6.13625
9.5%,0.09503707222222221,9.503707222222221,NPA2016,NPA,-72.0,-0.3,True,9.50463125,0.09503707222222221,9.503707222222221,9.8970875,0.061025,6.1025
9.5%,0.09503707222222221,9.503707222222221,NPA2016,NPA,-48.0,-0.2,True,9.504631249999997,0.09503707222222221,9.503707222222221,9.877112499999999,0.06185416666666667,6.185416666666667
9.5%,0.09503707222222221,9.503707222222221,NPA2016,NPA,-24.0,-0.1,True,9.504631249999985,0.09503707222222221,9.503707222222221,9.870866666666666,0.06300833333333333,6.300833333333333
9.5%,0.09503707222222221,9.503707222222221,NPA2016,NPA,0.0,0.0,True,9.504631249999921,0.09503707222222221,9.503707222222221,9.863783333333332,0.0646375,6.46375
9.5%,0.09503707222222221,9.503707222222221,NPA2016,NPA,24.0,0.1,True,9.504631249999596,0.09503707222222221,9.503707222222221,9.864508333333333,0.06494166666666668,6.4941666666666675
9.5%,0.09503707222222221,9.503707222222221,NPA2016,NPA,48.0,0.2,True,9.504631249998022,0.09503707222222221,9.503707222222221,9.870891666666667,0.0651625,6.516249999999999
9.5%,0.09503707222222221,9.503707222222221,NPA2016,NPA,72.0,0.3,True,9.504631249990725,0.09503707222222221,9.503707222222221,9.875995833333334,0.06599166666666667,6.599166666666667
9.5%,0.09503707222222221,9.503707222222221,NPA2016,NPA,96.0,0.4,True,9.504631249958367,0.09503707222222221,9.503707222222221,9.894941666666666,0.0651875,6.51875
9.5%,0.09503707222222221,9.503707222222221,NPA2016,NPA,120.0,0.5,True,9.504631249821177,0.09503707222222221,9.503707222222221,9.907029166666668,0.06437083333333334,6.437083333333334
9.5%,0.09503707222222221,9.503707222222221,NPA2016,NPA,144.0,0.6,False,9.504631249265081,0.09503707222222221,9.503707222222221,9.907204166666666,0.06434166666666667,6.434166666666667
9.5%,0.09503707222222221,9.503707222222221,NPA2016,NPA,168.0,0.7,False,9.504631247110149,0.09503707222222221,9.503707222222221,9.915158333333332,0.06475833333333333,6.475833333333333
9.5%,0.09503707222222221,9.503707222222221,NPA2016,NPA,192.0,0.8,False,9.504631239126795,0.09503707222222221,9.503707222222221,9.938075,0.06457083333333333,6.457083333333332
9.5%,0.09503707222222221,9.503707222222221,NPA2016,NPA,216.0,0.9,False,9.504631210856934,0.09503707222222221,9.503707222222221,9.965445833333334,0.06365416666666666,6.3654166666666665
9.5%,0.09503707222222221,9.503707222222221,NPA2016,NPA,240.0,1.0,False,9.504631115175728,0.09503707222222221,9.503707222222221,9.9964375,0.061891666666666664,6.189166666666666
9.5%,0.09503707222222221,9.503707222222221,NPA2016,NPA,264.0,1.1,False,9.504630805679003,0.09503707222222221,9.503707222222221,10.013995833333333,0.060725,6.0725
9.5%,0.09503707222222221,9.503707222222221,NPA2016,NPA,288.0,1.2,False,9.504629848988076,0.09503707222222221,9.503707222222221,10.031295833333335,0.06094583333333334,6.0945833333333335
9.5%,0.09503707222222221,9.503707222222221,NPA2016,NPA,312.0,1.3,False,9.504627023286716,0.09503707222222221,9.503707222222221,10.0398125,0.06156666666666667,6.156666666666667
9.5%,0.09503707222222221,9.503707222222221,NPA2016,NPA,336.0,1.4,False,9.504619049426987,0.09503707222222221,9.503707222222221,10.039787500000001,0.0621375,6.21375
9.5%,0.09503707222222221,9.503707222222221,NPA2016,NPA,360.0,1.5,False,9.504597554335888,0.09503707222222221,9.503707222222221,10.039470833333333,0.06116666666666667,6.116666666666667
9.5%,0.09503707222222221,9.503707222222221,Nygaard2022,"TurbOPark, A=0.04",-360.0,-1.5,False,9.50463125,0.09503707222222221,9.503707222222221,10.019204166666666,0.06457916666666666,6.457916666666666
9.5%,0.09503707222222221,9.503707222222221,Nygaard2022,"TurbOPark, A=0.04",-336.0,-1.4,False,9.50463125,0.09503707222222221,9.503707222222221,10.012329166666666,0.06422083333333334,6.422083333333334
9.5%,0.09503707222222221,9.503707222222221,Nygaard2022,"TurbOPark, A=0.04",-312.0,-1.3,False,9.50463125,0.09503707222222221,9.503707222222221,10.018075,0.0638875,6.38875
9.5%,0.09503707222222221,9.503707222222221,Nygaard2022,"TurbOPark, A=0.04",-288.0,-1.2,False,9.50463125,0.09503707222222221,9.503707222222221,10.014545833333333,0.06492916666666665,6.492916666666665
9.5%,0.09503707222222221,9.503707222222221,Nygaard2022,"TurbOPark, A=0.04",-264.0,-1.1,False,9.50463125,0.09503707222222221,9.503707222222221,10.015708333333333,0.06524583333333334,6.524583333333334
9.5%,0.09503707222222221,9.503707222222221,Nygaard2022,"TurbOPark, A=0.04",-240.0,-1.0,False,9.50463125,0.09503707222222221,9.503707222222221,10.022945833333333,0.06403333333333333,6.403333333333333
9.5%,0.09503707222222221,9.503707222222221,Nygaard2022,"TurbOPark, A=0.04",-216.0,-0.9,False,9.50463125,0.09503707222222221,9.503707222222221,10.0211875,0.06174583333333333,6.1745833333333335
9.5%,0.09503707222222221,9.503707222222221,Nygaard2022,"TurbOPark, A=0.04",-192.0,-0.8,False,9.50463125,0.09503707222222221,9.503707222222221,10.009641666666667,0.06029999999999999,6.029999999999999
9.5%,0.09503707222222221,9.503707222222221,Nygaard2022,"TurbOPark, A=0.04",-168.0,-0.7,False,9.50463125,0.09503707222222221,9.503707222222221,9.978229166666667,0.0606125,6.06125
9.5%,0.09503707222222221,9.503707222222221,Nygaard2022,"TurbOPark, A=0.04",-144.0,-0.6,False,9.50463125,0.09503707222222221,9.503707222222221,9.946520833333333,0.061195833333333324,6.119583333333332
9.5%,0.09503707222222221,9.503707222222221,Nygaard2022,"TurbOPark, A=0.04",-120.0,-0.5,True,9.50463125,0.09503707222222221,9.503707222222221,9.932866666666666,0.06144166666666667,6.144166666666667
9.5%,0.09503707222222221,9.503707222222221,Nygaard2022,"TurbOPark, A=0.04",-96.0,-0.4,True,9.50463125,0.09503707222222221,9.503707222222221,9.916470833333333,0.06136250000000001,6.13625
9.5%,0.09503707222222221,9.503707222222221,Nygaard2022,"TurbOPark, A=0.04",-72.0,-0.3,True,9.50463125,0.09503707222222221,9.503707222222221,9.8970875,0.061025,6.1025
9.5%,0.09503707222222221,9.503707222222221,Nygaard2022,"TurbOPark, A=0.04",-48.0,-0.2,True,9.50463125,0.09503707222222221,9.503707222222221,9.877112499999999,0.06185416666666667,6.185416666666667
9.5%,0.09503707222222221,9.503707222222221,Nygaard2022,"TurbOPark, A=0.04",-24.0,-0.1,True,9.50463125,0.09503707222222221,9.503707222222221,9.870866666666666,0.06300833333333333,6.300833333333333
9.5%,0.09503707222222221,9.503707222222221,Nygaard2022,"TurbOPark, A=0.04",0.0,0.0,True,9.50463125,0.09503707222222221,9.503707222222221,9.863783333333332,0.0646375,6.46375
9.5%,0.09503707222222221,9.503707222222221,Nygaard2022,"TurbOPark, A=0.04",24.0,0.1,True,9.50463125,0.09503707222222221,9.503707222222221,9.864508333333333,0.06494166666666668,6.4941666666666675
9.5%,0.09503707222222221,9.503707222222221,Nygaard2022,"TurbOPark, A=0.04",48.0,0.2,True,9.50463125,0.09503707222222221,9.503707222222221,9.870891666666667,0.0651625,6.516249999999999
9.5%,0.09503707222222221,9.503707222222221,Nygaard2022,"TurbOPark, A=0.04",72.0,0.3,True,9.50463125,0.09503707222222221,9.503707222222221,9.875995833333334,0.06599166666666667,6.599166666666667
9.5%,0.09503707222222221,9.503707222222221,Nygaard2022,"TurbOPark, A=0.04",96.0,0.4,True,9.50463125,0.09503707222222221,9.503707222222221,9.894941666666666,0.0651875,6.51875
9.5%,0.09503707222222221,9.503707222222221,Nygaard2022,"TurbOPark, A=0.04",120.0,0.5,True,9.504631249999997,0.09503707222222221,9.503707222222221,9.907029166666668,0.06437083333333334,6.437083333333334
9.5%,0.09503707222222221,9.503707222222221,Nygaard2022,"TurbOPark, A=0.04",144.0,0.6,False,9.50463124999998,0.09503707222222221,9.503707222222221,9.907204166666666,0.06434166666666667,6.434166666666667
9.5%,0.09503707222222221,9.503707222222221,Nygaard2022,"TurbOPark, A=0.04",168.0,0.7,False,9.50463124999985,0.09503707222222221,9.503707222222221,9.915158333333332,0.06475833333333333,6.475833333333333
9.5%,0.09503707222222221,9.503707222222221,Nygaard2022,"TurbOPark, A=0.04",192.0,0.8,False,9.504631249998898,0.09503707222222221,9.503707222222221,9.938075,0.06457083333333333,6.457083333333332
9.5%,0.09503707222222221,9.503707222222221,Nygaard2022,"TurbOPark, A=0.04",216.0,0.9,False,9.504631249992427,0.09503707222222221,9.503707222222221,9.965445833333334,0.06365416666666666,6.3654166666666665
9.5%,0.09503707222222221,9.503707222222221,Nygaard2022,"TurbOPark, A=0.04",240.0,1.0,False,9.504631249951288,0.09503707222222221,9.503707222222221,9.9964375,0.061891666666666664,6.189166666666666
9.5%,0.09503707222222221,9.503707222222221,Nygaard2022,"TurbOPark, A=0.04",264.0,1.1,False,9.50463124970669,0.09503707222222221,9.503707222222221,10.013995833333333,0.060725,6.0725
9.5%,0.09503707222222221,9.503707222222221,Nygaard2022,"TurbOPark, A=0.04",288.0,1.2,False,9.504631248347877,0.09503707222222221,9.503707222222221,10.031295833333335,0.06094583333333334,6.0945833333333335
9.5%,0.09503707222222221,9.503707222222221,Nygaard2022,"TurbOPark, A=0.04",312.0,1.3,False,9.504631241294327,0.09503707222222221,9.503707222222221,10.0398125,0.06156666666666667,6.156666666666667
9.5%,0.09503707222222221,9.503707222222221,Nygaard2022,"TurbOPark, A=0.04",336.0,1.4,False,9.504631207083701,0.09503707222222221,9.503707222222221,10.039787500000001,0.0621375,6.21375
9.5%,0.09503707222222221,9.503707222222221,Nygaard2022,"TurbOPark, A=0.04",360.0,1.5,False,9.504631051975409,0.09503707222222221,9.503707222222221,10.039470833333333,0.06116666666666667,6.116666666666667
9.5%,0.09503707222222221,9.503707222222221,Nygaard2022_A0.06,"TurbOPark, A=0.06",-360.0,-1.5,False,9.50463125,0.09503707222222221,9.503707222222221,10.019204166666666,0.06457916666666666,6.457916666666666
9.5%,0.09503707222222221,9.503707222222221,Nygaard2022_A0.06,"TurbOPark, A=0.06",-336.0,-1.4,False,9.50463125,0.09503707222222221,9.503707222222221,10.012329166666666,0.06422083333333334,6.422083333333334
9.5%,0.09503707222222221,9.503707222222221,Nygaard2022_A0.06,"TurbOPark, A=0.06",-312.0,-1.3,False,9.50463125,0.09503707222222221,9.503707222222221,10.018075,0.0638875,6.38875
9.5%,0.09503707222222221,9.503707222222221,Nygaard2022_A0.06,"TurbOPark, A=0.06",-288.0,-1.2,False,9.50463125,0.09503707222222221,9.503707222222221,10.014545833333333,0.06492916666666665,6.492916666666665
9.5%,0.09503707222222221,9.503707222222221,Nygaard2022_A0.06,"TurbOPark, A=0.06",-264.0,-1.1,False,9.50463125,0.09503707222222221,9.503707222222221,10.015708333333333,0.06524583333333334,6.524583333333334
9.5%,0.09503707222222221,9.503707222222221,Nygaard2022_A0.06,"TurbOPark, A=0.06",-240.0,-1.0,False,9.50463125,0.09503707222222221,9.503707222222221,10.022945833333333,0.06403333333333333,6.403333333333333
9.5%,0.09503707222222221,9.503707222222221,Nygaard2022_A0.06,"TurbOPark, A=0.06",-216.0,-0.9,False,9.50463125,0.09503707222222221,9.503707222222221,10.0211875,0.06174583333333333,6.1745833333333335
9.5%,0.09503707222222221,9.503707222222221,Nygaard2022_A0.06,"TurbOPark, A=0.06",-192.0,-0.8,False,9.50463125,0.09503707222222221,9.503707222222221,10.009641666666667,0.06029999999999999,6.029999999999999
9.5%,0.09503707222222221,9.503707222222221,Nygaard2022_A0.06,"TurbOPark, A=0.06",-168.0,-0.7,False,9.50463125,0.09503707222222221,9.503707222222221,9.978229166666667,0.0606125,6.06125
9.5%,0.09503707222222221,9.503707222222221,Nygaard2022_A0.06,"TurbOPark, A=0.06",-144.0,-0.6,False,9.50463125,0.09503707222222221,9.503707222222221,9.946520833333333,0.061195833333333324,6.119583333333332
9.5%,0.09503707222222221,9.503707222222221,Nygaard2022_A0.06,"TurbOPark, A=0.06",-120.0,-0.5,True,9.50463125,0.09503707222222221,9.503707222222221,9.932866666666666,0.06144166666666667,6.144166666666667
9.5%,0.09503707222222221,9.503707222222221,Nygaard2022_A0.06,"TurbOPark, A=0.06",-96.0,-0.4,True,9.50463125,0.09503707222222221,9.503707222222221,9.916470833333333,0.06136250000000001,6.13625
9.5%,0.09503707222222221,9.503707222222221,Nygaard2022_A0.06,"TurbOPark, A=0.06",-72.0,-0.3,True,9.50463125,0.09503707222222221,9.503707222222221,9.8970875,0.061025,6.1025
9.5%,0.09503707222222221,9.503707222222221,Nygaard2022_A0.06,"TurbOPark, A=0.06",-48.0,-0.2,True,9.50463125,0.09503707222222221,9.503707222222221,9.877112499999999,0.06185416666666667,6.185416666666667
9.5%,0.09503707222222221,9.503707222222221,Nygaard2022_A0.06,"TurbOPark, A=0.06",-24.0,-0.1,True,9.50463125,0.09503707222222221,9.503707222222221,9.870866666666666,0.06300833333333333,6.300833333333333
9.5%,0.09503707222222221,9.503707222222221,Nygaard2022_A0.06,"TurbOPark, A=0.06",0.0,0.0,True,9.50463125,0.09503707222222221,9.503707222222221,9.863783333333332,0.0646375,6.46375
9.5%,0.09503707222222221,9.503707222222221,Nygaard2022_A0.06,"TurbOPark, A=0.06",24.0,0.1,True,9.50463125,0.09503707222222221,9.503707222222221,9.864508333333333,0.06494166666666668,6.4941666666666675
9.5%,0.09503707222222221,9.503707222222221,Nygaard2022_A0.06,"TurbOPark, A=0.06",48.0,0.2,True,9.504631249999997,0.09503707222222221,9.503707222222221,9.870891666666667,0.0651625,6.516249999999999
9.5%,0.09503707222222221,9.503707222222221,Nygaard2022_A0.06,"TurbOPark, A=0.06",72.0,0.3,True,9.504631249999989,0.09503707222222221,9.503707222222221,9.875995833333334,0.06599166666666667,6.599166666666667
9.5%,0.09503707222222221,9.503707222222221,Nygaard2022_A0.06,"TurbOPark, A=0.06",96.0,0.4,True,9.50463124999993,0.09503707222222221,9.503707222222221,9.894941666666666,0.0651875,6.51875
9.5%,0.09503707222222221,9.503707222222221,Nygaard2022_A0.06,"TurbOPark, A=0.06",120.0,0.5,True,9.504631249999559,0.09503707222222221,9.503707222222221,9.907029166666668,0.06437083333333334,6.437083333333334
9.5%,0.09503707222222221,9.503707222222221,Nygaard2022_A0.06,"TurbOPark, A=0.06",144.0,0.6,False,9.504631249997349,0.09503707222222221,9.503707222222221,9.907204166666666,0.06434166666666667,6.434166666666667
9.5%,0.09503707222222221,9.503707222222221,Nygaard2022_A0.06,"TurbOPark, A=0.06",168.0,0.7,False,9.504631249984905,0.09503707222222221,9.503707222222221,9.915158333333332,0.06475833333333333,6.475833333333333
9.5%,0.09503707222222221,9.503707222222221,Nygaard2022_A0.06,"TurbOPark, A=0.06",192.0,0.8,False,9.5046312499188,0.09503707222222221,9.503707222222221,9.938075,0.06457083333333333,6.457083333333332
9.5%,0.09503707222222221,9.503707222222221,Nygaard2022_A0.06,"TurbOPark, A=0.06",216.0,0.9,False,9.504631249587181,0.09503707222222221,9.503707222222221,9.965445833333334,0.06365416666666666,6.3654166666666665
9.5%,0.09503707222222221,9.503707222222221,Nygaard2022_A0.06,"TurbOPark, A=0.06",240.0,1.0,False,9.504631248014078,0.09503707222222221,9.503707222222221,9.9964375,0.061891666666666664,6.189166666666666
9.5%,0.09503707222222221,9.503707222222221,Nygaard2022_A0.06,"TurbOPark, A=0.06",264.0,1.1,False,9.504631240970255,0.09503707222222221,9.503707222222221,10.013995833333333,0.060725,6.0725
9.5%,0.09503707222222221,9.503707222222221,Nygaard2022_A0.06,"TurbOPark, A=0.06",288.0,1.2,False,9.50463121119669,0.09503707222222221,9.503707222222221,10.031295833333335,0.06094583333333334,6.0945833333333335
9.5%,0.09503707222222221,9.503707222222221,Nygaard2022_A0.06,"TurbOPark, A=0.06",312.0,1.3,False,9.504631092270726,0.09503707222222221,9.503707222222221,10.0398125,0.06156666666666667,6.156666666666667
9.5%,0.09503707222222221,9.503707222222221,Nygaard2022_A0.06,"TurbOPark, A=0.06",336.0,1.4,False,9.504630643872316,0.09503707222222221,9.503707222222221,10.039787500000001,0.0621375,6.21375
9.5%,0.09503707222222221,9.503707222222221,Nygaard2022_A0.06,"TurbOPark, A=0.06",360.0,1.5,False,9.504629048445892,0.09503707222222221,9.503707222222221,10.039470833333333,0.06116666666666667,6.116666666666667
10.1%,0.10120448666666666,10.120448666666666,BPA2014,BPA,-360.0,-1.5,False,9.50463125,0.10120448666666666,10.120448666666666,10.019204166666666,0.06457916666666666,6.457916666666666
10.1%,0.10120448666666666,10.120448666666666,BPA2014,BPA,-336.0,-1.4,False,9.50463125,0.10120448666666666,10.120448666666666,10.012329166666666,0.06422083333333334,6.422083333333334
10.1%,0.10120448666666666,10.120448666666666,BPA2014,BPA,-312.0,-1.3,False,9.50463125,0.10120448666666666,10.120448666666666,10.018075,0.0638875,6.38875
10.1%,0.10120448666666666,10.120448666666666,BPA2014,BPA,-288.0,-1.2,False,9.50463125,0.10120448666666666,10.120448666666666,10.014545833333333,0.06492916666666665,6.492916666666665
10.1%,0.10120448666666666,10.120448666666666,BPA2014,BPA,-264.0,-1.1,False,9.50463125,0.10120448666666666,10.120448666666666,10.015708333333333,0.06524583333333334,6.524583333333334
10.1%,0.10120448666666666,10.120448666666666,BPA2014,BPA,-240.0,-1.0,False,9.50463125,0.10120448666666666,10.120448666666666,10.022945833333333,0.06403333333333333,6.403333333333333
10.1%,0.10120448666666666,10.120448666666666,BPA2014,BPA,-216.0,-0.9,False,9.50463125,0.10120448666666666,10.120448666666666,10.0211875,0.06174583333333333,6.1745833333333335
10.1%,0.10120448666666666,10.120448666666666,BPA2014,BPA,-192.0,-0.8,False,9.50463125,0.10120448666666666,10.120448666666666,10.009641666666667,0.06029999999999999,6.029999999999999
10.1%,0.10120448666666666,10.120448666666666,BPA2014,BPA,-168.0,-0.7,False,9.50463125,0.10120448666666666,10.120448666666666,9.978229166666667,0.0606125,6.06125
10.1%,0.10120448666666666,10.120448666666666,BPA2014,BPA,-144.0,-0.6,False,9.50463125,0.10120448666666666,10.120448666666666,9.946520833333333,0.061195833333333324,6.119583333333332
10.1%,0.10120448666666666,10.120448666666666,BPA2014,BPA,-120.0,-0.5,True,9.50463125,0.10120448666666666,10.120448666666666,9.932866666666666,0.06144166666666667,6.144166666666667
10.1%,0.10120448666666666,10.120448666666666,BPA2014,BPA,-96.0,-0.4,True,9.50463125,0.10120448666666666,10.120448666666666,9.916470833333333,0.06136250000000001,6.13625
10.1%,0.10120448666666666,10.120448666666666,BPA2014,BPA,-72.0,-0.3,True,9.50463125,0.10120448666666666,10.120448666666666,9.8970875,0.061025,6.1025
10.1%,0.10120448666666666,10.120448666666666,BPA2014,BPA,-48.0,-0.2,True,9.50463125,0.10120448666666666,10.120448666666666,9.877112499999999,0.06185416666666667,6.185416666666667
10.1%,0.10120448666666666,10.120448666666666,BPA2014,BPA,-24.0,-0.1,True,9.50463125,0.10120448666666666,10.120448666666666,9.870866666666666,0.06300833333333333,6.300833333333333
10.1%,0.10120448666666666,10.120448666666666,BPA2014,BPA,0.0,0.0,True,9.50463125,0.10120448666666666,10.120448666666666,9.863783333333332,0.0646375,6.46375
10.1%,0.10120448666666666,10.120448666666666,BPA2014,BPA,24.0,0.1,True,9.504631249999997,0.10120448666666666,10.120448666666666,9.864508333333333,0.06494166666666668,6.4941666666666675
10.1%,0.10120448666666666,10.120448666666666,BPA2014,BPA,48.0,0.2,True,9.50463124999999,0.10120448666666666,10.120448666666666,9.870891666666667,0.0651625,6.516249999999999
10.1%,0.10120448666666666,10.120448666666666,BPA2014,BPA,72.0,0.3,True,9.504631249999946,0.10120448666666666,10.120448666666666,9.875995833333334,0.06599166666666667,6.599166666666667
10.1%,0.10120448666666666,10.120448666666666,BPA2014,BPA,96.0,0.4,True,9.50463124999967,0.10120448666666666,10.120448666666666,9.894941666666666,0.0651875,6.51875
10.1%,0.10120448666666666,10.120448666666666,BPA2014,BPA,120.0,0.5,True,9.504631249998098,0.10120448666666666,10.120448666666666,9.907029166666668,0.06437083333333334,6.437083333333334
10.1%,0.10120448666666666,10.120448666666666,BPA2014,BPA,144.0,0.6,False,9.504631249989576,0.10120448666666666,10.120448666666666,9.907204166666666,0.06434166666666667,6.434166666666667
10.1%,0.10120448666666666,10.120448666666666,BPA2014,BPA,168.0,0.7,False,9.504631249945772,0.10120448666666666,10.120448666666666,9.915158333333332,0.06475833333333333,6.475833333333333
10.1%,0.10120448666666666,10.120448666666666,BPA2014,BPA,192.0,0.8,False,9.504631249732514,0.10120448666666666,10.120448666666666,9.938075,0.06457083333333333,6.457083333333332
10.1%,0.10120448666666666,10.120448666666666,BPA2014,BPA,216.0,0.9,False,9.504631248748936,0.10120448666666666,10.120448666666666,9.965445833333334,0.06365416666666666,6.3654166666666665
10.1%,0.10120448666666666,10.120448666666666,BPA2014,BPA,240.0,1.0,False,9.504631244451737,0.10120448666666666,10.120448666666666,9.9964375,0.061891666666666664,6.189166666666666
10.1%,0.10120448666666666,10.120448666666666,BPA2014,BPA,264.0,1.1,False,9.504631226669085,0.10120448666666666,10.120448666666666,10.013995833333333,0.060725,6.0725
10.1%,0.10120448666666666,10.120448666666666,BPA2014,BPA,288.0,1.2,False,9.504631156974131,0.10120448666666666,10.120448666666666,10.031295833333335,0.06094583333333334,6.0945833333333335
10.1%,0.10120448666666666,10.120448666666666,BPA2014,BPA,312.0,1.3,False,9.504630898299542,0.10120448666666666,10.120448666666666,10.0398125,0.06156666666666667,6.156666666666667
10.1%,0.10120448666666666,10.120448666666666,BPA2014,BPA,336.0,1.4,False,9.504629989219842,0.10120448666666666,10.120448666666666,10.039787500000001,0.0621375,6.21375
10.1%,0.10120448666666666,10.120448666666666,BPA2014,BPA,360.0,1.5,False,9.504626964484896,0.10120448666666666,10.120448666666666,10.039470833333333,0.06116666666666667,6.116666666666667
10.1%,0.10120448666666666,10.120448666666666,NPA2016,NPA,-360.0,-1.5,False,9.50463125,0.10120448666666666,10.120448666666666,10.019204166666666,0.06457916666666666,6.457916666666666
10.1%,0.10120448666666666,10.120448666666666,NPA2016,NPA,-336.0,-1.4,False,9.50463125,0.10120448666666666,10.120448666666666,10.012329166666666,0.06422083333333334,6.422083333333334
10.1%,0.10120448666666666,10.120448666666666,NPA2016,NPA,-312.0,-1.3,False,9.50463125,0.10120448666666666,10.120448666666666,10.018075,0.0638875,6.38875
10.1%,0.10120448666666666,10.120448666666666,NPA2016,NPA,-288.0,-1.2,False,9.50463125,0.10120448666666666,10.120448666666666,10.014545833333333,0.06492916666666665,6.492916666666665
10.1%,0.10120448666666666,10.120448666666666,NPA2016,NPA,-264.0,-1.1,False,9.50463125,0.10120448666666666,10.120448666666666,10.015708333333333,0.06524583333333334,6.524583333333334
10.1%,0.10120448666666666,10.120448666666666,NPA2016,NPA,-240.0,-1.0,False,9.50463125,0.10120448666666666,10.120448666666666,10.022945833333333,0.06403333333333333,6.403333333333333
10.1%,0.10120448666666666,10.120448666666666,NPA2016,NPA,-216.0,-0.9,False,9.50463125,0.10120448666666666,10.120448666666666,10.0211875,0.06174583333333333,6.1745833333333335
10.1%,0.10120448666666666,10.120448666666666,NPA2016,NPA,-192.0,-0.8,False,9.50463125,0.10120448666666666,10.120448666666666,10.009641666666667,0.06029999999999999,6.029999999999999
10.1%,0.10120448666666666,10.120448666666666,NPA2016,NPA,-168.0,-0.7,False,9.50463125,0.10120448666666666,10.120448666666666,9.978229166666667,0.0606125,6.06125
10.1%,0.10120448666666666,10.120448666666666,NPA2016,NPA,-144.0,-0.6,False,9.50463125,0.10120448666666666,10.120448666666666,9.946520833333333,0.061195833333333324,6.119583333333332
10.1%,0.10120448666666666,10.120448666666666,NPA2016,NPA,-120.0,-0.5,True,9.50463125,0.10120448666666666,10.120448666666666,9.932866666666666,0.06144166666666667,6.144166666666667
10.1%,0.10120448666666666,10.120448666666666,NPA2016,NPA,-96.0,-0.4,True,9.50463125,0.10120448666666666,10.120448666666666,9.916470833333333,0.06136250000000001,6.13625
10.1%,0.10120448666666666,10.120448666666666,NPA2016,NPA,-72.0,-0.3,True,9.504631249999996,0.10120448666666666,10.120448666666666,9.8970875,0.061025,6.1025
10.1%,0.10120448666666666,10.120448666666666,NPA2016,NPA,-48.0,-0.2,True,9.504631249999985,0.10120448666666666,10.120448666666666,9.877112499999999,0.06185416666666667,6.185416666666667
10.1%,0.10120448666666666,10.120448666666666,NPA2016,NPA,-24.0,-0.1,True,9.504631249999923,0.10120448666666666,10.120448666666666,9.870866666666666,0.06300833333333333,6.300833333333333
10.1%,0.10120448666666666,10.120448666666666,NPA2016,NPA,0.0,0.0,True,9.504631249999623,0.10120448666666666,10.120448666666666,9.863783333333332,0.0646375,6.46375
10.1%,0.10120448666666666,10.120448666666666,NPA2016,NPA,24.0,0.1,True,9.504631249998225,0.10120448666666666,10.120448666666666,9.864508333333333,0.06494166666666668,6.4941666666666675
10.1%,0.10120448666666666,10.120448666666666,NPA2016,NPA,48.0,0.2,True,9.504631249991995,0.10120448666666666,10.120448666666666,9.870891666666667,0.0651625,6.516249999999999
10.1%,0.10120448666666666,10.120448666666666,NPA2016,NPA,72.0,0.3,True,9.504631249965371,0.10120448666666666,10.120448666666666,9.875995833333334,0.06599166666666667,6.599166666666667
10.1%,0.10120448666666666,10.120448666666666,NPA2016,NPA,96.0,0.4,True,9.504631249856315,0.10120448666666666,10.120448666666666,9.894941666666666,0.0651875,6.51875
10.1%,0.10120448666666666,10.120448666666666,NPA2016,NPA,120.0,0.5,True,9.5046312494284,0.10120448666666666,10.120448666666666,9.907029166666668,0.06437083333333334,6.437083333333334
10.1%,0.10120448666666666,10.120448666666666,NPA2016,NPA,144.0,0.6,False,9.50463124781828,0.10120448666666666,10.120448666666666,9.907204166666666,0.06434166666666667,6.434166666666667
10.1%,0.10120448666666666,10.120448666666666,NPA2016,NPA,168.0,0.7,False,9.5046312420189,0.10120448666666666,10.120448666666666,9.915158333333332,0.06475833333333333,6.475833333333333
10.1%,0.10120448666666666,10.120448666666666,NPA2016,NPA,192.0,0.8,False,9.504631221979826,0.10120448666666666,10.120448666666666,9.938075,0.06457083333333333,6.457083333333332
10.1%,0.10120448666666666,10.120448666666666,NPA2016,NPA,216.0,0.9,False,9.5046311557278,0.10120448666666666,10.120448666666666,9.965445833333334,0.06365416666666666,6.3654166666666665
10.1%,0.10120448666666666,10.120448666666666,NPA2016,NPA,240.0,1.0,False,9.504630945609101,0.10120448666666666,10.120448666666666,9.9964375,0.061891666666666664,6.189166666666666
10.1%,0.10120448666666666,10.120448666666666,NPA2016,NPA,264.0,1.1,False,9.504630307970938,0.10120448666666666,10.120448666666666,10.013995833333333,0.060725,6.0725
10.1%,0.10120448666666666,10.120448666666666,NPA2016,NPA,288.0,1.2,False,9.504628453042812,0.10120448666666666,10.120448666666666,10.031295833333335,0.06094583333333334,6.0945833333333335
10.1%,0.10120448666666666,10.120448666666666,NPA2016,NPA,312.0,1.3,False,9.504623287978674,0.10120448666666666,10.120448666666666,10.0398125,0.06156666666666667,6.156666666666667
10.1%,0.10120448666666666,10.120448666666666,NPA2016,NPA,336.0,1.4,False,9.504609511128542,0.10120448666666666,10.120448666666666,10.039787500000001,0.0621375,6.21375
10.1%,0.10120448666666666,10.120448666666666,NPA2016,NPA,360.0,1.5,False,9.504574329842114,0.10120448666666666,10.120448666666666,10.039470833333333,0.06116666666666667,6.116666666666667
10.1%,0.10120448666666666,10.120448666666666,Nygaard2022,"TurbOPark, A=0.04",-360.0,-1.5,False,9.50463125,0.10120448666666666,10.120448666666666,10.019204166666666,0.06457916666666666,6.457916666666666
10.1%,0.10120448666666666,10.120448666666666,Nygaard2022,"TurbOPark, A=0.04",-336.0,-1.4,False,9.50463125,0.10120448666666666,10.120448666666666,10.012329166666666,0.06422083333333334,6.422083333333334
10.1%,0.10120448666666666,10.120448666666666,Nygaard2022,"TurbOPark, A=0.04",-312.0,-1.3,False,9.50463125,0.10120448666666666,10.120448666666666,10.018075,0.0638875,6.38875
10.1%,0.10120448666666666,10.120448666666666,Nygaard2022,"TurbOPark, A=0.04",-288.0,-1.2,False,9.50463125,0.10120448666666666,10.120448666666666,10.014545833333333,0.06492916666666665,6.492916666666665
10.1%,0.10120448666666666,10.120448666666666,Nygaard2022,"TurbOPark, A=0.04",-264.0,-1.1,False,9.50463125,0.10120448666666666,10.120448666666666,10.015708333333333,0.06524583333333334,6.524583333333334
10.1%,0.10120448666666666,10.120448666666666,Nygaard2022,"TurbOPark, A=0.04",-240.0,-1.0,False,9.50463125,0.10120448666666666,10.120448666666666,10.022945833333333,0.06403333333333333,6.403333333333333
10.1%,0.10120448666666666,10.120448666666666,Nygaard2022,"TurbOPark, A=0.04",-216.0,-0.9,False,9.50463125,0.10120448666666666,10.120448666666666,10.0211875,0.06174583333333333,6.1745833333333335
10.1%,0.10120448666666666,10.120448666666666,Nygaard2022,"TurbOPark, A=0.04",-192.0,-0.8,False,9.50463125,0.10120448666666666,10.120448666666666,10.009641666666667,0.06029999999999999,6.029999999999999
10.1%,0.10120448666666666,10.120448666666666,Nygaard2022,"TurbOPark, A=0.04",-168.0,-0.7,False,9.50463125,0.10120448666666666,10.120448666666666,9.978229166666667,0.0606125,6.06125
10.1%,0.10120448666666666,10.120448666666666,Nygaard2022,"TurbOPark, A=0.04",-144.0,-0.6,False,9.50463125,0.10120448666666666,10.120448666666666,9.946520833333333,0.061195833333333324,6.119583333333332
10.1%,0.10120448666666666,10.120448666666666,Nygaard2022,"TurbOPark, A=0.04",-120.0,-0.5,True,9.50463125,0.10120448666666666,10.120448666666666,9.932866666666666,0.06144166666666667,6.144166666666667
10.1%,0.10120448666666666,10.120448666666666,Nygaard2022,"TurbOPark, A=0.04",-96.0,-0.4,True,9.50463125,0.10120448666666666,10.120448666666666,9.916470833333333,0.06136250000000001,6.13625
10.1%,0.10120448666666666,10.120448666666666,Nygaard2022,"TurbOPark, A=0.04",-72.0,-0.3,True,9.50463125,0.10120448666666666,10.120448666666666,9.8970875,0.061025,6.1025
10.1%,0.10120448666666666,10.120448666666666,Nygaard2022,"TurbOPark, A=0.04",-48.0,-0.2,True,9.50463125,0.10120448666666666,10.120448666666666,9.877112499999999,0.06185416666666667,6.185416666666667
10.1%,0.10120448666666666,10.120448666666666,Nygaard2022,"TurbOPark, A=0.04",-24.0,-0.1,True,9.50463125,0.10120448666666666,10.120448666666666,9.870866666666666,0.06300833333333333,6.300833333333333
10.1%,0.10120448666666666,10.120448666666666,Nygaard2022,"TurbOPark, A=0.04",0.0,0.0,True,9.50463125,0.10120448666666666,10.120448666666666,9.863783333333332,0.0646375,6.46375
10.1%,0.10120448666666666,10.120448666666666,Nygaard2022,"TurbOPark, A=0.04",24.0,0.1,True,9.50463125,0.10120448666666666,10.120448666666666,9.864508333333333,0.06494166666666668,6.4941666666666675
10.1%,0.10120448666666666,10.120448666666666,Nygaard2022,"TurbOPark, A=0.04",48.0,0.2,True,9.50463125,0.10120448666666666,10.120448666666666,9.870891666666667,0.0651625,6.516249999999999
10.1%,0.10120448666666666,10.120448666666666,Nygaard2022,"TurbOPark, A=0.04",72.0,0.3,True,9.50463125,0.10120448666666666,10.120448666666666,9.875995833333334,0.06599166666666667,6.599166666666667
10.1%,0.10120448666666666,10.120448666666666,Nygaard2022,"TurbOPark, A=0.04",96.0,0.4,True,9.50463125,0.10120448666666666,10.120448666666666,9.894941666666666,0.0651875,6.51875
10.1%,0.10120448666666666,10.120448666666666,Nygaard2022,"TurbOPark, A=0.04",120.0,0.5,True,9.504631249999997,0.10120448666666666,10.120448666666666,9.907029166666668,0.06437083333333334,6.437083333333334
10.1%,0.10120448666666666,10.120448666666666,Nygaard2022,"TurbOPark, A=0.04",144.0,0.6,False,9.504631249999978,0.10120448666666666,10.120448666666666,9.907204166666666,0.06434166666666667,6.434166666666667
10.1%,0.10120448666666666,10.120448666666666,Nygaard2022,"TurbOPark, A=0.04",168.0,0.7,False,9.504631249999838,0.10120448666666666,10.120448666666666,9.915158333333332,0.06475833333333333,6.475833333333333
10.1%,0.10120448666666666,10.120448666666666,Nygaard2022,"TurbOPark, A=0.04",192.0,0.8,False,9.50463124999882,0.10120448666666666,10.120448666666666,9.938075,0.06457083333333333,6.457083333333332
10.1%,0.10120448666666666,10.120448666666666,Nygaard2022,"TurbOPark, A=0.04",216.0,0.9,False,9.504631249991933,0.10120448666666666,10.120448666666666,9.965445833333334,0.06365416666666666,6.3654166666666665
10.1%,0.10120448666666666,10.120448666666666,Nygaard2022,"TurbOPark, A=0.04",240.0,1.0,False,9.504631249948332,0.10120448666666666,10.120448666666666,9.9964375,0.061891666666666664,6.189166666666666
10.1%,0.10120448666666666,10.120448666666666,Nygaard2022,"TurbOPark, A=0.04",264.0,1.1,False,9.504631249690306,0.10120448666666666,10.120448666666666,10.013995833333333,0.060725,6.0725
10.1%,0.10120448666666666,10.120448666666666,Nygaard2022,"TurbOPark, A=0.04",288.0,1.2,False,9.50463124826331,0.10120448666666666,10.120448666666666,10.031295833333335,0.06094583333333334,6.0945833333333335
10.1%,0.10120448666666666,10.120448666666666,Nygaard2022,"TurbOPark, A=0.04",312.0,1.3,False,9.504631240888077,0.10120448666666666,10.120448666666666,10.0398125,0.06156666666666667,6.156666666666667
10.1%,0.10120448666666666,10.120448666666666,Nygaard2022,"TurbOPark, A=0.04",336.0,1.4,False,9.504631205239708,0.10120448666666666,10.120448666666666,10.039787500000001,0.0621375,6.21375
10.1%,0.10120448666666666,10.120448666666666,Nygaard2022,"TurbOPark, A=0.04",360.0,1.5,False,9.50463104422946,0.10120448666666666,10.120448666666666,10.039470833333333,0.06116666666666667,6.116666666666667
10.1%,0.10120448666666666,10.120448666666666,Nygaard2022_A0.06,"TurbOPark, A=0.06",-360.0,-1.5,False,9.50463125,0.10120448666666666,10.120448666666666,10.019204166666666,0.06457916666666666,6.457916666666666
10.1%,0.10120448666666666,10.120448666666666,Nygaard2022_A0.06,"TurbOPark, A=0.06",-336.0,-1.4,False,9.50463125,0.10120448666666666,10.120448666666666,10.012329166666666,0.06422083333333334,6.422083333333334
10.1%,0.10120448666666666,10.120448666666666,Nygaard2022_A0.06,"TurbOPark, A=0.06",-312.0,-1.3,False,9.50463125,0.10120448666666666,10.120448666666666,10.018075,0.0638875,6.38875
10.1%,0.10120448666666666,10.120448666666666,Nygaard2022_A0.06,"TurbOPark, A=0.06",-288.0,-1.2,False,9.50463125,0.10120448666666666,10.120448666666666,10.014545833333333,0.06492916666666665,6.492916666666665
10.1%,0.10120448666666666,10.120448666666666,Nygaard2022_A0.06,"TurbOPark, A=0.06",-264.0,-1.1,False,9.50463125,0.10120448666666666,10.120448666666666,10.015708333333333,0.06524583333333334,6.524583333333334
10.1%,0.10120448666666666,10.120448666666666,Nygaard2022_A0.06,"TurbOPark, A=0.06",-240.0,-1.0,False,9.50463125,0.10120448666666666,10.120448666666666,10.022945833333333,0.06403333333333333,6.403333333333333
10.1%,0.10120448666666666,10.120448666666666,Nygaard2022_A0.06,"TurbOPark, A=0.06",-216.0,-0.9,False,9.50463125,0.10120448666666666,10.120448666666666,10.0211875,0.06174583333333333,6.1745833333333335
10.1%,0.10120448666666666,10.120448666666666,Nygaard2022_A0.06,"TurbOPark, A=0.06",-192.0,-0.8,False,9.50463125,0.10120448666666666,10.120448666666666,10.009641666666667,0.06029999999999999,6.029999999999999
10.1%,0.10120448666666666,10.120448666666666,Nygaard2022_A0.06,"TurbOPark, A=0.06",-168.0,-0.7,False,9.50463125,0.10120448666666666,10.120448666666666,9.978229166666667,0.0606125,6.06125
10.1%,0.10120448666666666,10.120448666666666,Nygaard2022_A0.06,"TurbOPark, A=0.06",-144.0,-0.6,False,9.50463125,0.10120448666666666,10.120448666666666,9.946520833333333,0.061195833333333324,6.119583333333332
10.1%,0.10120448666666666,10.120448666666666,Nygaard2022_A0.06,"TurbOPark, A=0.06",-120.0,-0.5,True,9.50463125,0.10120448666666666,10.120448666666666,9.932866666666666,0.06144166666666667,6.144166666666667
10.1%,0.10120448666666666,10.120448666666666,Nygaard2022_A0.06,"TurbOPark, A=0.06",-96.0,-0.4,True,9.50463125,0.10120448666666666,10.120448666666666,9.916470833333333,0.06136250000000001,6.13625
10.1%,0.10120448666666666,10.120448666666666,Nygaard2022_A0.06,"TurbOPark, A=0.06",-72.0,-0.3,True,9.50463125,0.10120448666666666,10.120448666666666,9.8970875,0.061025,6.1025
10.1%,0.10120448666666666,10.120448666666666,Nygaard2022_A0.06,"TurbOPark, A=0.06",-48.0,-0.2,True,9.50463125,0.10120448666666666,10.120448666666666,9.877112499999999,0.06185416666666667,6.185416666666667
10.1%,0.10120448666666666,10.120448666666666,Nygaard2022_A0.06,"TurbOPark, A=0.06",-24.0,-0.1,True,9.50463125,0.10120448666666666,10.120448666666666,9.870866666666666,0.06300833333333333,6.300833333333333
10.1%,0.10120448666666666,10.120448666666666,Nygaard2022_A0.06,"TurbOPark, A=0.06",0.0,0.0,True,9.50463125,0.10120448666666666,10.120448666666666,9.863783333333332,0.0646375,6.46375
10.1%,0.10120448666666666,10.120448666666666,Nygaard2022_A0.06,"TurbOPark, A=0.06",24.0,0.1,True,9.50463125,0.10120448666666666,10.120448666666666,9.864508333333333,0.06494166666666668,6.4941666666666675
10.1%,0.10120448666666666,10.120448666666666,Nygaard2022_A0.06,"TurbOPark, A=0.06",48.0,0.2,True,9.504631249999997,0.10120448666666666,10.120448666666666,9.870891666666667,0.0651625,6.516249999999999
10.1%,0.10120448666666666,10.120448666666666,Nygaard2022_A0.06,"TurbOPark, A=0.06",72.0,0.3,True,9.504631249999989,0.10120448666666666,10.120448666666666,9.875995833333334,0.06599166666666667,6.599166666666667
10.1%,0.10120448666666666,10.120448666666666,Nygaard2022_A0.06,"TurbOPark, A=0.06",96.0,0.4,True,9.504631249999923,0.10120448666666666,10.120448666666666,9.894941666666666,0.0651875,6.51875
10.1%,0.10120448666666666,10.120448666666666,Nygaard2022_A0.06,"TurbOPark, A=0.06",120.0,0.5,True,9.504631249999514,0.10120448666666666,10.120448666666666,9.907029166666668,0.06437083333333334,6.437083333333334
10.1%,0.10120448666666666,10.120448666666666,Nygaard2022_A0.06,"TurbOPark, A=0.06",144.0,0.6,False,9.504631249997097,0.10120448666666666,10.120448666666666,9.907204166666666,0.06434166666666667,6.434166666666667
10.1%,0.10120448666666666,10.120448666666666,Nygaard2022_A0.06,"TurbOPark, A=0.06",168.0,0.7,False,9.504631249983582,0.10120448666666666,10.120448666666666,9.915158333333332,0.06475833333333333,6.475833333333333
10.1%,0.10120448666666666,10.120448666666666,Nygaard2022_A0.06,"TurbOPark, A=0.06",192.0,0.8,False,9.50463124991215,0.10120448666666666,10.120448666666666,9.938075,0.06457083333333333,6.457083333333332
10.1%,0.10120448666666666,10.120448666666666,Nygaard2022_A0.06,"TurbOPark, A=0.06",216.0,0.9,False,9.504631249555734,0.10120448666666666,10.120448666666666,9.965445833333334,0.06365416666666666,6.3654166666666665
10.1%,0.10120448666666666,10.120448666666666,Nygaard2022_A0.06,"TurbOPark, A=0.06",240.0,1.0,False,9.504631247874986,0.10120448666666666,10.120448666666666,9.9964375,0.061891666666666664,6.189166666666666
10.1%,0.10120448666666666,10.120448666666666,Nygaard2022_A0.06,"TurbOPark, A=0.06",264.0,1.1,False,9.504631240386127,0.10120448666666666,10.120448666666666,10.013995833333333,0.060725,6.0725
10.1%,0.10120448666666666,10.120448666666666,Nygaard2022_A0.06,"TurbOPark, A=0.06",288.0,1.2,False,9.504631208889823,0.10120448666666666,10.120448666666666,10.031295833333335,0.06094583333333334,6.0945833333333335
10.1%,0.10120448666666666,10.120448666666666,Nygaard2022_A0.06,"TurbOPark, A=0.06",312.0,1.3,False,9.504631083693049,0.10120448666666666,10.120448666666666,10.0398125,0.06156666666666667,6.156666666666667
10.1%,0.10120448666666666,10.120448666666666,Nygaard2022_A0.06,"TurbOPark, A=0.06",336.0,1.4,False,9.50463061384185,0.10120448666666666,10.120448666666666,10.039787500000001,0.0621375,6.21375
10.1%,0.10120448666666666,10.120448666666666,Nygaard2022_A0.06,"TurbOPark, A=0.06",360.0,1.5,False,9.504628949697718,0.10120448666666666,10.120448666666666,10.039470833333333,0.06116666666666667,6.116666666666667
10.7%,0.10737190111111111,10.737190111111111,BPA2014,BPA,-360.0,-1.5,False,9.50463125,0.10737190111111111,10.737190111111111,10.019204166666666,0.06457916666666666,6.457916666666666
10.7%,0.10737190111111111,10.737190111111111,BPA2014,BPA,-336.0,-1.4,False,9.50463125,0.10737190111111111,10.737190111111111,10.012329166666666,0.06422083333333334,6.422083333333334
10.7%,0.10737190111111111,10.737190111111111,BPA2014,BPA,-312.0,-1.3,False,9.50463125,0.10737190111111111,10.737190111111111,10.018075,0.0638875,6.38875
10.7%,0.10737190111111111,10.737190111111111,BPA2014,BPA,-288.0,-1.2,False,9.50463125,0.10737190111111111,10.737190111111111,10.014545833333333,0.06492916666666665,6.492916666666665
10.7%,0.10737190111111111,10.737190111111111,BPA2014,BPA,-264.0,-1.1,False,9.50463125,0.10737190111111111,10.737190111111111,10.015708333333333,0.06524583333333334,6.524583333333334
10.7%,0.10737190111111111,10.737190111111111,BPA2014,BPA,-240.0,-1.0,False,9.50463125,0.10737190111111111,10.737190111111111,10.022945833333333,0.06403333333333333,6.403333333333333
10.7%,0.10737190111111111,10.737190111111111,BPA2014,BPA,-216.0,-0.9,False,9.50463125,0.10737190111111111,10.737190111111111,10.0211875,0.06174583333333333,6.1745833333333335
10.7%,0.10737190111111111,10.737190111111111,BPA2014,BPA,-192.0,-0.8,False,9.50463125,0.10737190111111111,10.737190111111111,10.009641666666667,0.06029999999999999,6.029999999999999
10.7%,0.10737190111111111,10.737190111111111,BPA2014,BPA,-168.0,-0.7,False,9.50463125,0.10737190111111111,10.737190111111111,9.978229166666667,0.0606125,6.06125
10.7%,0.10737190111111111,10.737190111111111,BPA2014,BPA,-144.0,-0.6,False,9.50463125,0.10737190111111111,10.737190111111111,9.946520833333333,0.061195833333333324,6.119583333333332
10.7%,0.10737190111111111,10.737190111111111,BPA2014,BPA,-120.0,-0.5,True,9.50463125,0.10737190111111111,10.737190111111111,9.932866666666666,0.06144166666666667,6.144166666666667
10.7%,0.10737190111111111,10.737190111111111,BPA2014,BPA,-96.0,-0.4,True,9.50463125,0.10737190111111111,10.737190111111111,9.916470833333333,0.06136250000000001,6.13625
10.7%,0.10737190111111111,10.737190111111111,BPA2014,BPA,-72.0,-0.3,True,9.50463125,0.10737190111111111,10.737190111111111,9.8970875,0.061025,6.1025
10.7%,0.10737190111111111,10.737190111111111,BPA2014,BPA,-48.0,-0.2,True,9.50463125,0.10737190111111111,10.737190111111111,9.877112499999999,0.06185416666666667,6.185416666666667
10.7%,0.10737190111111111,10.737190111111111,BPA2014,BPA,-24.0,-0.1,True,9.50463125,0.10737190111111111,10.737190111111111,9.870866666666666,0.06300833333333333,6.300833333333333
10.7%,0.10737190111111111,10.737190111111111,BPA2014,BPA,0.0,0.0,True,9.50463125,0.10737190111111111,10.737190111111111,9.863783333333332,0.0646375,6.46375
10.7%,0.10737190111111111,10.737190111111111,BPA2014,BPA,24.0,0.1,True,9.504631249999997,0.10737190111111111,10.737190111111111,9.864508333333333,0.06494166666666668,6.4941666666666675
10.7%,0.10737190111111111,10.737190111111111,BPA2014,BPA,48.0,0.2,True,9.50463124999999,0.10737190111111111,10.737190111111111,9.870891666666667,0.0651625,6.516249999999999
10.7%,0.10737190111111111,10.737190111111111,BPA2014,BPA,72.0,0.3,True,9.504631249999946,0.10737190111111111,10.737190111111111,9.875995833333334,0.06599166666666667,6.599166666666667
10.7%,0.10737190111111111,10.737190111111111,BPA2014,BPA,96.0,0.4,True,9.50463124999967,0.10737190111111111,10.737190111111111,9.894941666666666,0.0651875,6.51875
10.7%,0.10737190111111111,10.737190111111111,BPA2014,BPA,120.0,0.5,True,9.504631249998098,0.10737190111111111,10.737190111111111,9.907029166666668,0.06437083333333334,6.437083333333334
10.7%,0.10737190111111111,10.737190111111111,BPA2014,BPA,144.0,0.6,False,9.504631249989576,0.10737190111111111,10.737190111111111,9.907204166666666,0.06434166666666667,6.434166666666667
10.7%,0.10737190111111111,10.737190111111111,BPA2014,BPA,168.0,0.7,False,9.504631249945772,0.10737190111111111,10.737190111111111,9.915158333333332,0.06475833333333333,6.475833333333333
10.7%,0.10737190111111111,10.737190111111111,BPA2014,BPA,192.0,0.8,False,9.504631249732514,0.10737190111111111,10.737190111111111,9.938075,0.06457083333333333,6.457083333333332
10.7%,0.10737190111111111,10.737190111111111,BPA2014,BPA,216.0,0.9,False,9.504631248748936,0.10737190111111111,10.737190111111111,9.965445833333334,0.06365416666666666,6.3654166666666665
10.7%,0.10737190111111111,10.737190111111111,BPA2014,BPA,240.0,1.0,False,9.504631244451737,0.10737190111111111,10.737190111111111,9.9964375,0.061891666666666664,6.189166666666666
10.7%,0.10737190111111111,10.737190111111111,BPA2014,BPA,264.0,1.1,False,9.504631226669085,0.10737190111111111,10.737190111111111,10.013995833333333,0.060725,6.0725
10.7%,0.10737190111111111,10.737190111111111,BPA2014,BPA,288.0,1.2,False,9.504631156974131,0.10737190111111111,10.737190111111111,10.031295833333335,0.06094583333333334,6.0945833333333335
10.7%,0.10737190111111111,10.737190111111111,BPA2014,BPA,312.0,1.3,False,9.504630898299542,0.10737190111111111,10.737190111111111,10.0398125,0.06156666666666667,6.156666666666667
10.7%,0.10737190111111111,10.737190111111111,BPA2014,BPA,336.0,1.4,False,9.504629989219842,0.10737190111111111,10.737190111111111,10.039787500000001,0.0621375,6.21375
10.7%,0.10737190111111111,10.737190111111111,BPA2014,BPA,360.0,1.5,False,9.504626964484896,0.10737190111111111,10.737190111111111,10.039470833333333,0.06116666666666667,6.116666666666667
10.7%,0.10737190111111111,10.737190111111111,NPA2016,NPA,-360.0,-1.5,False,9.50463125,0.10737190111111111,10.737190111111111,10.019204166666666,0.06457916666666666,6.457916666666666
10.7%,0.10737190111111111,10.737190111111111,NPA2016,NPA,-336.0,-1.4,False,9.50463125,0.10737190111111111,10.737190111111111,10.012329166666666,0.06422083333333334,6.422083333333334
10.7%,0.10737190111111111,10.737190111111111,NPA2016,NPA,-312.0,-1.3,False,9.50463125,0.10737190111111111,10.737190111111111,10.018075,0.0638875,6.38875
10.7%,0.10737190111111111,10.737190111111111,NPA2016,NPA,-288.0,-1.2,False,9.50463125,0.10737190111111111,10.737190111111111,10.014545833333333,0.06492916666666665,6.492916666666665
10.7%,0.10737190111111111,10.737190111111111,NPA2016,NPA,-264.0,-1.1,False,9.50463125,0.10737190111111111,10.737190111111111,10.015708333333333,0.06524583333333334,6.524583333333334
10.7%,0.10737190111111111,10.737190111111111,NPA2016,NPA,-240.0,-1.0,False,9.50463125,0.10737190111111111,10.737190111111111,10.022945833333333,0.06403333333333333,6.403333333333333
10.7%,0.10737190111111111,10.737190111111111,NPA2016,NPA,-216.0,-0.9,False,9.50463125,0.10737190111111111,10.737190111111111,10.0211875,0.06174583333333333,6.1745833333333335
10.7%,0.10737190111111111,10.737190111111111,NPA2016,NPA,-192.0,-0.8,False,9.50463125,0.10737190111111111,10.737190111111111,10.009641666666667,0.06029999999999999,6.029999999999999
10.7%,0.10737190111111111,10.737190111111111,NPA2016,NPA,-168.0,-0.7,False,9.50463125,0.10737190111111111,10.737190111111111,9.978229166666667,0.0606125,6.06125
10.7%,0.10737190111111111,10.737190111111111,NPA2016,NPA,-144.0,-0.6,False,9.50463125,0.10737190111111111,10.737190111111111,9.946520833333333,0.061195833333333324,6.119583333333332
10.7%,0.10737190111111111,10.737190111111111,NPA2016,NPA,-120.0,-0.5,True,9.50463125,0.10737190111111111,10.737190111111111,9.932866666666666,0.06144166666666667,6.144166666666667
10.7%,0.10737190111111111,10.737190111111111,NPA2016,NPA,-96.0,-0.4,True,9.504631249999996,0.10737190111111111,10.737190111111111,9.916470833333333,0.06136250000000001,6.13625
10.7%,0.10737190111111111,10.737190111111111,NPA2016,NPA,-72.0,-0.3,True,9.504631249999983,0.10737190111111111,10.737190111111111,9.8970875,0.061025,6.1025
10.7%,0.10737190111111111,10.737190111111111,NPA2016,NPA,-48.0,-0.2,True,9.504631249999925,0.10737190111111111,10.737190111111111,9.877112499999999,0.06185416666666667,6.185416666666667
10.7%,0.10737190111111111,10.737190111111111,NPA2016,NPA,-24.0,-0.1,True,9.504631249999646,0.10737190111111111,10.737190111111111,9.870866666666666,0.06300833333333333,6.300833333333333
10.7%,0.10737190111111111,10.737190111111111,NPA2016,NPA,0.0,0.0,True,9.504631249998399,0.10737190111111111,10.737190111111111,9.863783333333332,0.0646375,6.46375
10.7%,0.10737190111111111,10.737190111111111,NPA2016,NPA,24.0,0.1,True,9.504631249993047,0.10737190111111111,10.737190111111111,9.864508333333333,0.06494166666666668,6.4941666666666675
10.7%,0.10737190111111111,10.737190111111111,NPA2016,NPA,48.0,0.2,True,9.50463124997096,0.10737190111111111,10.737190111111111,9.870891666666667,0.0651625,6.516249999999999
10.7%,0.10737190111111111,10.737190111111111,NPA2016,NPA,72.0,0.3,True,9.504631249883435,0.10737190111111111,10.737190111111111,9.875995833333334,0.06599166666666667,6.599166666666667
10.7%,0.10737190111111111,10.737190111111111,NPA2016,NPA,96.0,0.4,True,9.504631249550325,0.10737190111111111,10.737190111111111,9.894941666666666,0.0651875,6.51875
10.7%,0.10737190111111111,10.737190111111111,NPA2016,NPA,120.0,0.5,True,9.504631248332855,0.10737190111111111,10.737190111111111,9.907029166666668,0.06437083333333334,6.437083333333334
10.7%,0.10737190111111111,10.737190111111111,NPA2016,NPA,144.0,0.6,False,9.504631244059862,0.10737190111111111,10.737190111111111,9.907204166666666,0.06434166666666667,6.434166666666667
10.7%,0.10737190111111111,10.737190111111111,NPA2016,NPA,168.0,0.7,False,9.504631229659179,0.10737190111111111,10.737190111111111,9.915158333333332,0.06475833333333333,6.475833333333333
10.7%,0.10737190111111111,10.737190111111111,NPA2016,NPA,192.0,0.8,False,9.504631183059185,0.10737190111111111,10.737190111111111,9.938075,0.06457083333333333,6.457083333333332
10.7%,0.10737190111111111,10.737190111111111,NPA2016,NPA,216.0,0.9,False,9.504631038278262,0.10737190111111111,10.737190111111111,9.965445833333334,0.06365416666666666,6.3654166666666665
10.7%,0.10737190111111111,10.737190111111111,NPA2016,NPA,240.0,1.0,False,9.504630606433878,0.10737190111111111,10.737190111111111,9.9964375,0.061891666666666664,6.189166666666666
10.7%,0.10737190111111111,10.737190111111111,NPA2016,NPA,264.0,1.1,False,9.504629369567906,0.10737190111111111,10.737190111111111,10.013995833333333,0.060725,6.0725
10.7%,0.10737190111111111,10.737190111111111,NPA2016,NPA,288.0,1.2,False,9.504625969579726,0.10737190111111111,10.737190111111111,10.031295833333335,0.06094583333333334,6.0945833333333335
10.7%,0.10737190111111111,10.737190111111111,NPA2016,NPA,312.0,1.3,False,9.504616999701492,0.10737190111111111,10.737190111111111,10.0398125,0.06156666666666667,6.156666666666667
10.7%,0.10737190111111111,10.737190111111111,NPA2016,NPA,336.0,1.4,False,9.504594290542851,0.10737190111111111,10.737190111111111,10.039787500000001,0.0621375,6.21375
10.7%,0.10737190111111111,10.737190111111111,NPA2016,NPA,360.0,1.5,False,9.504539125575995,0.10737190111111111,10.737190111111111,10.039470833333333,0.06116666666666667,6.116666666666667
10.7%,0.10737190111111111,10.737190111111111,Nygaard2022,"TurbOPark, A=0.04",-360.0,-1.5,False,9.50463125,0.10737190111111111,10.737190111111111,10.019204166666666,0.06457916666666666,6.457916666666666
10.7%,0.10737190111111111,10.737190111111111,Nygaard2022,"TurbOPark, A=0.04",-336.0,-1.4,False,9.50463125,0.10737190111111111,10.737190111111111,10.012329166666666,0.06422083333333334,6.422083333333334
10.7%,0.10737190111111111,10.737190111111111,Nygaard2022,"TurbOPark, A=0.04",-312.0,-1.3,False,9.50463125,0.10737190111111111,10.737190111111111,10.018075,0.0638875,6.38875
10.7%,0.10737190111111111,10.737190111111111,Nygaard2022,"TurbOPark, A=0.04",-288.0,-1.2,False,9.50463125,0.10737190111111111,10.737190111111111,10.014545833333333,0.06492916666666665,6.492916666666665
10.7%,0.10737190111111111,10.737190111111111,Nygaard2022,"TurbOPark, A=0.04",-264.0,-1.1,False,9.50463125,0.10737190111111111,10.737190111111111,10.015708333333333,0.06524583333333334,6.524583333333334
10.7%,0.10737190111111111,10.737190111111111,Nygaard2022,"TurbOPark, A=0.04",-240.0,-1.0,False,9.50463125,0.10737190111111111,10.737190111111111,10.022945833333333,0.06403333333333333,6.403333333333333
10.7%,0.10737190111111111,10.737190111111111,Nygaard2022,"TurbOPark, A=0.04",-216.0,-0.9,False,9.50463125,0.10737190111111111,10.737190111111111,10.0211875,0.06174583333333333,6.1745833333333335
10.7%,0.10737190111111111,10.737190111111111,Nygaard2022,"TurbOPark, A=0.04",-192.0,-0.8,False,9.50463125,0.10737190111111111,10.737190111111111,10.009641666666667,0.06029999999999999,6.029999999999999
10.7%,0.10737190111111111,10.737190111111111,Nygaard2022,"TurbOPark, A=0.04",-168.0,-0.7,False,9.50463125,0.10737190111111111,10.737190111111111,9.978229166666667,0.0606125,6.06125
10.7%,0.10737190111111111,10.737190111111111,Nygaard2022,"TurbOPark, A=0.04",-144.0,-0.6,False,9.50463125,0.10737190111111111,10.737190111111111,9.946520833333333,0.061195833333333324,6.119583333333332
10.7%,0.10737190111111111,10.737190111111111,Nygaard2022,"TurbOPark, A=0.04",-120.0,-0.5,True,9.50463125,0.10737190111111111,10.737190111111111,9.932866666666666,0.06144166666666667,6.144166666666667
10.7%,0.10737190111111111,10.737190111111111,Nygaard2022,"TurbOPark, A=0.04",-96.0,-0.4,True,9.50463125,0.10737190111111111,10.737190111111111,9.916470833333333,0.06136250000000001,6.13625
10.7%,0.10737190111111111,10.737190111111111,Nygaard2022,"TurbOPark, A=0.04",-72.0,-0.3,True,9.50463125,0.10737190111111111,10.737190111111111,9.8970875,0.061025,6.1025
10.7%,0.10737190111111111,10.737190111111111,Nygaard2022,"TurbOPark, A=0.04",-48.0,-0.2,True,9.50463125,0.10737190111111111,10.737190111111111,9.877112499999999,0.06185416666666667,6.185416666666667
10.7%,0.10737190111111111,10.737190111111111,Nygaard2022,"TurbOPark, A=0.04",-24.0,-0.1,True,9.50463125,0.10737190111111111,10.737190111111111,9.870866666666666,0.06300833333333333,6.300833333333333
10.7%,0.10737190111111111,10.737190111111111,Nygaard2022,"TurbOPark, A=0.04",0.0,0.0,True,9.50463125,0.10737190111111111,10.737190111111111,9.863783333333332,0.0646375,6.46375
10.7%,0.10737190111111111,10.737190111111111,Nygaard2022,"TurbOPark, A=0.04",24.0,0.1,True,9.50463125,0.10737190111111111,10.737190111111111,9.864508333333333,0.06494166666666668,6.4941666666666675
10.7%,0.10737190111111111,10.737190111111111,Nygaard2022,"TurbOPark, A=0.04",48.0,0.2,True,9.50463125,0.10737190111111111,10.737190111111111,9.870891666666667,0.0651625,6.516249999999999
10.7%,0.10737190111111111,10.737190111111111,Nygaard2022,"TurbOPark, A=0.04",72.0,0.3,True,9.50463125,0.10737190111111111,10.737190111111111,9.875995833333334,0.06599166666666667,6.599166666666667
10.7%,0.10737190111111111,10.737190111111111,Nygaard2022,"TurbOPark, A=0.04",96.0,0.4,True,9.50463125,0.10737190111111111,10.737190111111111,9.894941666666666,0.0651875,6.51875
10.7%,0.10737190111111111,10.737190111111111,Nygaard2022,"TurbOPark, A=0.04",120.0,0.5,True,9.504631249999996,0.10737190111111111,10.737190111111111,9.907029166666668,0.06437083333333334,6.437083333333334
10.7%,0.10737190111111111,10.737190111111111,Nygaard2022,"TurbOPark, A=0.04",144.0,0.6,False,9.504631249999976,0.10737190111111111,10.737190111111111,9.907204166666666,0.06434166666666667,6.434166666666667
10.7%,0.10737190111111111,10.737190111111111,Nygaard2022,"TurbOPark, A=0.04",168.0,0.7,False,9.504631249999825,0.10737190111111111,10.737190111111111,9.915158333333332,0.06475833333333333,6.475833333333333
10.7%,0.10737190111111111,10.737190111111111,Nygaard2022,"TurbOPark, A=0.04",192.0,0.8,False,9.504631249998733,0.10737190111111111,10.737190111111111,9.938075,0.06457083333333333,6.457083333333332
10.7%,0.10737190111111111,10.737190111111111,Nygaard2022,"TurbOPark, A=0.04",216.0,0.9,False,9.50463124999138,0.10737190111111111,10.737190111111111,9.965445833333334,0.06365416666666666,6.3654166666666665
10.7%,0.10737190111111111,10.737190111111111,Nygaard2022,"TurbOPark, A=0.04",240.0,1.0,False,9.50463124994505,0.10737190111111111,10.737190111111111,9.9964375,0.061891666666666664,6.189166666666666
10.7%,0.10737190111111111,10.737190111111111,Nygaard2022,"TurbOPark, A=0.04",264.0,1.1,False,9.504631249672189,0.10737190111111111,10.737190111111111,10.013995833333333,0.060725,6.0725
10.7%,0.10737190111111111,10.737190111111111,Nygaard2022,"TurbOPark, A=0.04",288.0,1.2,False,9.504631248170213,0.10737190111111111,10.737190111111111,10.031295833333335,0.06094583333333334,6.0945833333333335
10.7%,0.10737190111111111,10.737190111111111,Nygaard2022,"TurbOPark, A=0.04",312.0,1.3,False,9.504631240438801,0.10737190111111111,10.737190111111111,10.0398125,0.06156666666666667,6.156666666666667
10.7%,0.10737190111111111,10.737190111111111,Nygaard2022,"TurbOPark, A=0.04",336.0,1.4,False,9.504631203220896,0.10737190111111111,10.737190111111111,10.039787500000001,0.0621375,6.21375
10.7%,0.10737190111111111,10.737190111111111,Nygaard2022,"TurbOPark, A=0.04",360.0,1.5,False,9.504631035841042,0.10737190111111111,10.737190111111111,10.039470833333333,0.06116666666666667,6.116666666666667
10.7%,0.10737190111111111,10.737190111111111,Nygaard2022_A0.06,"TurbOPark, A=0.06",-360.0,-1.5,False,9.50463125,0.10737190111111111,10.737190111111111,10.019204166666666,0.06457916666666666,6.457916666666666
10.7%,0.10737190111111111,10.737190111111111,Nygaard2022_A0.06,"TurbOPark, A=0.06",-336.0,-1.4,False,9.50463125,0.10737190111111111,10.737190111111111,10.012329166666666,0.06422083333333334,6.422083333333334
10.7%,0.10737190111111111,10.737190111111111,Nygaard2022_A0.06,"TurbOPark, A=0.06",-312.0,-1.3,False,9.50463125,0.10737190111111111,10.737190111111111,10.018075,0.0638875,6.38875
10.7%,0.10737190111111111,10.737190111111111,Nygaard2022_A0.06,"TurbOPark, A=0.06",-288.0,-1.2,False,9.50463125,0.10737190111111111,10.737190111111111,10.014545833333333,0.06492916666666665,6.492916666666665
10.7%,0.10737190111111111,10.737190111111111,Nygaard2022_A0.06,"TurbOPark, A=0.06",-264.0,-1.1,False,9.50463125,0.10737190111111111,10.737190111111111,10.015708333333333,0.06524583333333334,6.524583333333334
10.7%,0.10737190111111111,10.737190111111111,Nygaard2022_A0.06,"TurbOPark, A=0.06",-240.0,-1.0,False,9.50463125,0.10737190111111111,10.737190111111111,10.022945833333333,0.06403333333333333,6.403333333333333
10.7%,0.10737190111111111,10.737190111111111,Nygaard2022_A0.06,"TurbOPark, A=0.06",-216.0,-0.9,False,9.50463125,0.10737190111111111,10.737190111111111,10.0211875,0.06174583333333333,6.1745833333333335
10.7%,0.10737190111111111,10.737190111111111,Nygaard2022_A0.06,"TurbOPark, A=0.06",-192.0,-0.8,False,9.50463125,0.10737190111111111,10.737190111111111,10.009641666666667,0.06029999999999999,6.029999999999999
10.7%,0.10737190111111111,10.737190111111111,Nygaard2022_A0.06,"TurbOPark, A=0.06",-168.0,-0.7,False,9.50463125,0.10737190111111111,10.737190111111111,9.978229166666667,0.0606125,6.06125
10.7%,0.10737190111111111,10.737190111111111,Nygaard2022_A0.06,"TurbOPark, A=0.06",-144.0,-0.6,False,9.50463125,0.10737190111111111,10.737190111111111,9.946520833333333,0.061195833333333324,6.119583333333332
10.7%,0.10737190111111111,10.737190111111111,Nygaard2022_A0.06,"TurbOPark, A=0.06",-120.0,-0.5,True,9.50463125,0.10737190111111111,10.737190111111111,9.932866666666666,0.06144166666666667,6.144166666666667
10.7%,0.10737190111111111,10.737190111111111,Nygaard2022_A0.06,"TurbOPark, A=0.06",-96.0,-0.4,True,9.50463125,0.10737190111111111,10.737190111111111,9.916470833333333,0.06136250000000001,6.13625
10.7%,0.10737190111111111,10.737190111111111,Nygaard2022_A0.06,"TurbOPark, A=0.06",-72.0,-0.3,True,9.50463125,0.10737190111111111,10.737190111111111,9.8970875,0.061025,6.1025
10.7%,0.10737190111111111,10.737190111111111,Nygaard2022_A0.06,"TurbOPark, A=0.06",-48.0,-0.2,True,9.50463125,0.10737190111111111,10.737190111111111,9.877112499999999,0.06185416666666667,6.185416666666667
10.7%,0.10737190111111111,10.737190111111111,Nygaard2022_A0.06,"TurbOPark, A=0.06",-24.0,-0.1,True,9.50463125,0.10737190111111111,10.737190111111111,9.870866666666666,0.06300833333333333,6.300833333333333
10.7%,0.10737190111111111,10.737190111111111,Nygaard2022_A0.06,"TurbOPark, A=0.06",0.0,0.0,True,9.50463125,0.10737190111111111,10.737190111111111,9.863783333333332,0.0646375,6.46375
10.7%,0.10737190111111111,10.737190111111111,Nygaard2022_A0.06,"TurbOPark, A=0.06",24.0,0.1,True,9.50463125,0.10737190111111111,10.737190111111111,9.864508333333333,0.06494166666666668,6.4941666666666675
10.7%,0.10737190111111111,10.737190111111111,Nygaard2022_A0.06,"TurbOPark, A=0.06",48.0,0.2,True,9.504631249999997,0.10737190111111111,10.737190111111111,9.870891666666667,0.0651625,6.516249999999999
10.7%,0.10737190111111111,10.737190111111111,Nygaard2022_A0.06,"TurbOPark, A=0.06",72.0,0.3,True,9.504631249999987,0.10737190111111111,10.737190111111111,9.875995833333334,0.06599166666666667,6.599166666666667
10.7%,0.10737190111111111,10.737190111111111,Nygaard2022_A0.06,"TurbOPark, A=0.06",96.0,0.4,True,9.504631249999914,0.10737190111111111,10.737190111111111,9.894941666666666,0.0651875,6.51875
10.7%,0.10737190111111111,10.737190111111111,Nygaard2022_A0.06,"TurbOPark, A=0.06",120.0,0.5,True,9.504631249999463,0.10737190111111111,10.737190111111111,9.907029166666668,0.06437083333333334,6.437083333333334
10.7%,0.10737190111111111,10.737190111111111,Nygaard2022_A0.06,"TurbOPark, A=0.06",144.0,0.6,False,9.504631249996807,0.10737190111111111,10.737190111111111,9.907204166666666,0.06434166666666667,6.434166666666667
10.7%,0.10737190111111111,10.737190111111111,Nygaard2022_A0.06,"TurbOPark, A=0.06",168.0,0.7,False,9.504631249982063,0.10737190111111111,10.737190111111111,9.915158333333332,0.06475833333333333,6.475833333333333
10.7%,0.10737190111111111,10.737190111111111,Nygaard2022_A0.06,"TurbOPark, A=0.06",192.0,0.8,False,9.504631249904628,0.10737190111111111,10.737190111111111,9.938075,0.06457083333333333,6.457083333333332
10.7%,0.10737190111111111,10.737190111111111,Nygaard2022_A0.06,"TurbOPark, A=0.06",216.0,0.9,False,9.504631249520303,0.10737190111111111,10.737190111111111,9.965445833333334,0.06365416666666666,6.3654166666666665
10.7%,0.10737190111111111,10.737190111111111,Nygaard2022_A0.06,"TurbOPark, A=0.06",240.0,1.0,False,9.50463124771934,0.10737190111111111,10.737190111111111,9.9964375,0.061891666666666664,6.189166666666666
10.7%,0.10737190111111111,10.737190111111111,Nygaard2022_A0.06,"TurbOPark, A=0.06",264.0,1.1,False,9.504631239734817,0.10737190111111111,10.737190111111111,10.013995833333333,0.060725,6.0725
10.7%,0.10737190111111111,10.737190111111111,Nygaard2022_A0.06,"TurbOPark, A=0.06",288.0,1.2,False,9.504631206326968,0.10737190111111111,10.737190111111111,10.031295833333335,0.06094583333333334,6.0945833333333335
10.7%,0.10737190111111111,10.737190111111111,Nygaard2022_A0.06,"TurbOPark, A=0.06",312.0,1.3,False,9.504631074226525,0.10737190111111111,10.737190111111111,10.0398125,0.06156666666666667,6.156666666666667
10.7%,0.10737190111111111,10.737190111111111,Nygaard2022_A0.06,"TurbOPark, A=0.06",336.0,1.4,False,9.504630580823711,0.10737190111111111,10.737190111111111,10.039787500000001,0.0621375,6.21375
10.7%,0.10737190111111111,10.737190111111111,Nygaard2022_A0.06,"TurbOPark, A=0.06",360.0,1.5,False,9.504628841455546,0.10737190111111111,10.737190111111111,10.039470833333333,0.06116666666666667,6.116666666666667
11.4%,0.11353931555555555,11.353931555555555,BPA2014,BPA,-360.0,-1.5,False,9.50463125,0.11353931555555555,11.353931555555555,10.019204166666666,0.06457916666666666,6.457916666666666
11.4%,0.11353931555555555,11.353931555555555,BPA2014,BPA,-336.0,-1.4,False,9.50463125,0.11353931555555555,11.353931555555555,10.012329166666666,0.06422083333333334,6.422083333333334
11.4%,0.11353931555555555,11.353931555555555,BPA2014,BPA,-312.0,-1.3,False,9.50463125,0.11353931555555555,11.353931555555555,10.018075,0.0638875,6.38875
11.4%,0.11353931555555555,11.353931555555555,BPA2014,BPA,-288.0,-1.2,False,9.50463125,0.11353931555555555,11.353931555555555,10.014545833333333,0.06492916666666665,6.492916666666665
11.4%,0.11353931555555555,11.353931555555555,BPA2014,BPA,-264.0,-1.1,False,9.50463125,0.11353931555555555,11.353931555555555,10.015708333333333,0.06524583333333334,6.524583333333334
11.4%,0.11353931555555555,11.353931555555555,BPA2014,BPA,-240.0,-1.0,False,9.50463125,0.11353931555555555,11.353931555555555,10.022945833333333,0.06403333333333333,6.403333333333333
11.4%,0.11353931555555555,11.353931555555555,BPA2014,BPA,-216.0,-0.9,False,9.50463125,0.11353931555555555,11.353931555555555,10.0211875,0.06174583333333333,6.1745833333333335
11.4%,0.11353931555555555,11.353931555555555,BPA2014,BPA,-192.0,-0.8,False,9.50463125,0.11353931555555555,11.353931555555555,10.009641666666667,0.06029999999999999,6.029999999999999
11.4%,0.11353931555555555,11.353931555555555,BPA2014,BPA,-168.0,-0.7,False,9.50463125,0.11353931555555555,11.353931555555555,9.978229166666667,0.0606125,6.06125
11.4%,0.11353931555555555,11.353931555555555,BPA2014,BPA,-144.0,-0.6,False,9.50463125,0.11353931555555555,11.353931555555555,9.946520833333333,0.061195833333333324,6.119583333333332
11.4%,0.11353931555555555,11.353931555555555,BPA2014,BPA,-120.0,-0.5,True,9.50463125,0.11353931555555555,11.353931555555555,9.932866666666666,0.06144166666666667,6.144166666666667
11.4%,0.11353931555555555,11.353931555555555,BPA2014,BPA,-96.0,-0.4,True,9.50463125,0.11353931555555555,11.353931555555555,9.916470833333333,0.06136250000000001,6.13625
11.4%,0.11353931555555555,11.353931555555555,BPA2014,BPA,-72.0,-0.3,True,9.50463125,0.11353931555555555,11.353931555555555,9.8970875,0.061025,6.1025
11.4%,0.11353931555555555,11.353931555555555,BPA2014,BPA,-48.0,-0.2,True,9.50463125,0.11353931555555555,11.353931555555555,9.877112499999999,0.06185416666666667,6.185416666666667
11.4%,0.11353931555555555,11.353931555555555,BPA2014,BPA,-24.0,-0.1,True,9.50463125,0.11353931555555555,11.353931555555555,9.870866666666666,0.06300833333333333,6.300833333333333
11.4%,0.11353931555555555,11.353931555555555,BPA2014,BPA,0.0,0.0,True,9.50463125,0.11353931555555555,11.353931555555555,9.863783333333332,0.0646375,6.46375
11.4%,0.11353931555555555,11.353931555555555,BPA2014,BPA,24.0,0.1,True,9.504631249999997,0.11353931555555555,11.353931555555555,9.864508333333333,0.06494166666666668,6.4941666666666675
11.4%,0.11353931555555555,11.353931555555555,BPA2014,BPA,48.0,0.2,True,9.50463124999999,0.11353931555555555,11.353931555555555,9.870891666666667,0.0651625,6.516249999999999
11.4%,0.11353931555555555,11.353931555555555,BPA2014,BPA,72.0,0.3,True,9.504631249999946,0.11353931555555555,11.353931555555555,9.875995833333334,0.06599166666666667,6.599166666666667
11.4%,0.11353931555555555,11.353931555555555,BPA2014,BPA,96.0,0.4,True,9.50463124999967,0.11353931555555555,11.353931555555555,9.894941666666666,0.0651875,6.51875
11.4%,0.11353931555555555,11.353931555555555,BPA2014,BPA,120.0,0.5,True,9.504631249998098,0.11353931555555555,11.353931555555555,9.907029166666668,0.06437083333333334,6.437083333333334
11.4%,0.11353931555555555,11.353931555555555,BPA2014,BPA,144.0,0.6,False,9.504631249989576,0.11353931555555555,11.353931555555555,9.907204166666666,0.06434166666666667,6.434166666666667
11.4%,0.11353931555555555,11.353931555555555,BPA2014,BPA,168.0,0.7,False,9.504631249945772,0.11353931555555555,11.353931555555555,9.915158333333332,0.06475833333333333,6.475833333333333
11.4%,0.11353931555555555,11.353931555555555,BPA2014,BPA,192.0,0.8,False,9.504631249732514,0.11353931555555555,11.353931555555555,9.938075,0.06457083333333333,6.457083333333332
11.4%,0.11353931555555555,11.353931555555555,BPA2014,BPA,216.0,0.9,False,9.504631248748936,0.11353931555555555,11.353931555555555,9.965445833333334,0.06365416666666666,6.3654166666666665
11.4%,0.11353931555555555,11.353931555555555,BPA2014,BPA,240.0,1.0,False,9.504631244451737,0.11353931555555555,11.353931555555555,9.9964375,0.061891666666666664,6.189166666666666
11.4%,0.11353931555555555,11.353931555555555,BPA2014,BPA,264.0,1.1,False,9.504631226669085,0.11353931555555555,11.353931555555555,10.013995833333333,0.060725,6.0725
11.4%,0.11353931555555555,11.353931555555555,BPA2014,BPA,288.0,1.2,False,9.504631156974131,0.11353931555555555,11.353931555555555,10.031295833333335,0.06094583333333334,6.0945833333333335
11.4%,0.11353931555555555,11.353931555555555,BPA2014,BPA,312.0,1.3,False,9.504630898299542,0.11353931555555555,11.353931555555555,10.0398125,0.06156666666666667,6.156666666666667
11.4%,0.11353931555555555,11.353931555555555,BPA2014,BPA,336.0,1.4,False,9.504629989219842,0.11353931555555555,11.353931555555555,10.039787500000001,0.0621375,6.21375
11.4%,0.11353931555555555,11.353931555555555,BPA2014,BPA,360.0,1.5,False,9.504626964484896,0.11353931555555555,11.353931555555555,10.039470833333333,0.06116666666666667,6.116666666666667
11.4%,0.11353931555555555,11.353931555555555,NPA2016,NPA,-360.0,-1.5,False,9.50463125,0.11353931555555555,11.353931555555555,10.019204166666666,0.06457916666666666,6.457916666666666
11.4%,0.11353931555555555,11.353931555555555,NPA2016,NPA,-336.0,-1.4,False,9.50463125,0.11353931555555555,11.353931555555555,10.012329166666666,0.06422083333333334,6.422083333333334
11.4%,0.11353931555555555,11.353931555555555,NPA2016,NPA,-312.0,-1.3,False,9.50463125,0.11353931555555555,11.353931555555555,10.018075,0.0638875,6.38875
11.4%,0.11353931555555555,11.353931555555555,NPA2016,NPA,-288.0,-1.2,False,9.50463125,0.11353931555555555,11.353931555555555,10.014545833333333,0.06492916666666665,6.492916666666665
11.4%,0.11353931555555555,11.353931555555555,NPA2016,NPA,-264.0,-1.1,False,9.50463125,0.11353931555555555,11.353931555555555,10.015708333333333,0.06524583333333334,6.524583333333334
11.4%,0.11353931555555555,11.353931555555555,NPA2016,NPA,-240.0,-1.0,False,9.50463125,0.11353931555555555,11.353931555555555,10.022945833333333,0.06403333333333333,6.403333333333333
11.4%,0.11353931555555555,11.353931555555555,NPA2016,NPA,-216.0,-0.9,False,9.50463125,0.11353931555555555,11.353931555555555,10.0211875,0.06174583333333333,6.1745833333333335
11.4%,0.11353931555555555,11.353931555555555,NPA2016,NPA,-192.0,-0.8,False,9.50463125,0.11353931555555555,11.353931555555555,10.009641666666667,0.06029999999999999,6.029999999999999
11.4%,0.11353931555555555,11.353931555555555,NPA2016,NPA,-168.0,-0.7,False,9.50463125,0.11353931555555555,11.353931555555555,9.978229166666667,0.0606125,6.06125
11.4%,0.11353931555555555,11.353931555555555,NPA2016,NPA,-144.0,-0.6,False,9.50463125,0.11353931555555555,11.353931555555555,9.946520833333333,0.061195833333333324,6.119583333333332
11.4%,0.11353931555555555,11.353931555555555,NPA2016,NPA,-120.0,-0.5,True,9.504631249999996,0.11353931555555555,11.353931555555555,9.932866666666666,0.06144166666666667,6.144166666666667
11.4%,0.11353931555555555,11.353931555555555,NPA2016,NPA,-96.0,-0.4,True,9.504631249999983,0.11353931555555555,11.353931555555555,9.916470833333333,0.06136250000000001,6.13625
11.4%,0.11353931555555555,11.353931555555555,NPA2016,NPA,-72.0,-0.3,True,9.504631249999926,0.11353931555555555,11.353931555555555,9.8970875,0.061025,6.1025
11.4%,0.11353931555555555,11.353931555555555,NPA2016,NPA,-48.0,-0.2,True,9.504631249999667,0.11353931555555555,11.353931555555555,9.877112499999999,0.06185416666666667,6.185416666666667
11.4%,0.11353931555555555,11.353931555555555,NPA2016,NPA,-24.0,-0.1,True,9.504631249998551,0.11353931555555555,11.353931555555555,9.870866666666666,0.06300833333333333,6.300833333333333
11.4%,0.11353931555555555,11.353931555555555,NPA2016,NPA,0.0,0.0,True,9.504631249993924,0.11353931555555555,11.353931555555555,9.863783333333332,0.0646375,6.46375
11.4%,0.11353931555555555,11.353931555555555,NPA2016,NPA,24.0,0.1,True,9.504631249975475,0.11353931555555555,11.353931555555555,9.864508333333333,0.06494166666666668,6.4941666666666675
11.4%,0.11353931555555555,11.353931555555555,NPA2016,NPA,48.0,0.2,True,9.50463124990457,0.11353931555555555,11.353931555555555,9.870891666666667,0.0651625,6.516249999999999
11.4%,0.11353931555555555,11.353931555555555,NPA2016,NPA,72.0,0.3,True,9.50463124964271,0.11353931555555555,11.353931555555555,9.875995833333334,0.06599166666666667,6.599166666666667
11.4%,0.11353931555555555,11.353931555555555,NPA2016,NPA,96.0,0.4,True,9.504631248711126,0.11353931555555555,11.353931555555555,9.894941666666666,0.0651875,6.51875
11.4%,0.11353931555555555,11.353931555555555,NPA2016,NPA,120.0,0.5,True,9.504631245523887,0.11353931555555555,11.353931555555555,9.907029166666668,0.06437083333333334,6.437083333333334
11.4%,0.11353931555555555,11.353931555555555,NPA2016,NPA,144.0,0.6,False,9.504631235031923,0.11353931555555555,11.353931555555555,9.907204166666666,0.06434166666666667,6.434166666666667
11.4%,0.11353931555555555,11.353931555555555,NPA2016,NPA,168.0,0.7,False,9.504631201784202,0.11353931555555555,11.353931555555555,9.915158333333332,0.06475833333333333,6.475833333333333
11.4%,0.11353931555555555,11.353931555555555,NPA2016,NPA,192.0,0.8,False,9.50463110052451,0.11353931555555555,11.353931555555555,9.938075,0.06457083333333333,6.457083333333332
11.4%,0.11353931555555555,11.353931555555555,NPA2016,NPA,216.0,0.9,False,9.504630803420314,0.11353931555555555,11.353931555555555,9.965445833333334,0.06365416666666666,6.3654166666666665
11.4%,0.11353931555555555,11.353931555555555,NPA2016,NPA,240.0,1.0,False,9.50462996587317,0.11353931555555555,11.353931555555555,9.9964375,0.061891666666666664,6.189166666666666
11.4%,0.11353931555555555,11.353931555555555,NPA2016,NPA,264.0,1.1,False,9.504627693335683,0.11353931555555555,11.353931555555555,10.013995833333333,0.060725,6.0725
11.4%,0.11353931555555555,11.353931555555555,NPA2016,NPA,288.0,1.2,False,9.504621764513331,0.11353931555555555,11.353931555555555,10.031295833333335,0.06094583333333334,6.0945833333333335
11.4%,0.11353931555555555,11.353931555555555,NPA2016,NPA,312.0,1.3,False,9.504606892499448,0.11353931555555555,11.353931555555555,10.0398125,0.06156666666666667,6.156666666666667
11.4%,0.11353931555555555,11.353931555555555,NPA2016,NPA,336.0,1.4,False,9.504571002617128,0.11353931555555555,11.353931555555555,10.039787500000001,0.0621375,6.21375
11.4%,0.11353931555555555,11.353931555555555,NPA2016,NPA,360.0,1.5,False,9.504487797895623,0.11353931555555555,11.353931555555555,10.039470833333333,0.06116666666666667,6.116666666666667
11.4%,0.11353931555555555,11.353931555555555,Nygaard2022,"TurbOPark, A=0.04",-360.0,-1.5,False,9.50463125,0.11353931555555555,11.353931555555555,10.019204166666666,0.06457916666666666,6.457916666666666
11.4%,0.11353931555555555,11.353931555555555,Nygaard2022,"TurbOPark, A=0.04",-336.0,-1.4,False,9.50463125,0.11353931555555555,11.353931555555555,10.012329166666666,0.06422083333333334,6.422083333333334
11.4%,0.11353931555555555,11.353931555555555,Nygaard2022,"TurbOPark, A=0.04",-312.0,-1.3,False,9.50463125,0.11353931555555555,11.353931555555555,10.018075,0.0638875,6.38875
11.4%,0.11353931555555555,11.353931555555555,Nygaard2022,"TurbOPark, A=0.04",-288.0,-1.2,False,9.50463125,0.11353931555555555,11.353931555555555,10.014545833333333,0.06492916666666665,6.492916666666665
11.4%,0.11353931555555555,11.353931555555555,Nygaard2022,"TurbOPark, A=0.04",-264.0,-1.1,False,9.50463125,0.11353931555555555,11.353931555555555,10.015708333333333,0.06524583333333334,6.524583333333334
11.4%,0.11353931555555555,11.353931555555555,Nygaard2022,"TurbOPark, A=0.04",-240.0,-1.0,False,9.50463125,0.11353931555555555,11.353931555555555,10.022945833333333,0.06403333333333333,6.403333333333333
11.4%,0.11353931555555555,11.353931555555555,Nygaard2022,"TurbOPark, A=0.04",-216.0,-0.9,False,9.50463125,0.11353931555555555,11.353931555555555,10.0211875,0.06174583333333333,6.1745833333333335
11.4%,0.11353931555555555,11.353931555555555,Nygaard2022,"TurbOPark, A=0.04",-192.0,-0.8,False,9.50463125,0.11353931555555555,11.353931555555555,10.009641666666667,0.06029999999999999,6.029999999999999
11.4%,0.11353931555555555,11.353931555555555,Nygaard2022,"TurbOPark, A=0.04",-168.0,-0.7,False,9.50463125,0.11353931555555555,11.353931555555555,9.978229166666667,0.0606125,6.06125
11.4%,0.11353931555555555,11.353931555555555,Nygaard2022,"TurbOPark, A=0.04",-144.0,-0.6,False,9.50463125,0.11353931555555555,11.353931555555555,9.946520833333333,0.061195833333333324,6.119583333333332
11.4%,0.11353931555555555,11.353931555555555,Nygaard2022,"TurbOPark, A=0.04",-120.0,-0.5,True,9.50463125,0.11353931555555555,11.353931555555555,9.932866666666666,0.06144166666666667,6.144166666666667
11.4%,0.11353931555555555,11.353931555555555,Nygaard2022,"TurbOPark, A=0.04",-96.0,-0.4,True,9.50463125,0.11353931555555555,11.353931555555555,9.916470833333333,0.06136250000000001,6.13625
11.4%,0.11353931555555555,11.353931555555555,Nygaard2022,"TurbOPark, A=0.04",-72.0,-0.3,True,9.50463125,0.11353931555555555,11.353931555555555,9.8970875,0.061025,6.1025
11.4%,0.11353931555555555,11.353931555555555,Nygaard2022,"TurbOPark, A=0.04",-48.0,-0.2,True,9.50463125,0.11353931555555555,11.353931555555555,9.877112499999999,0.06185416666666667,6.185416666666667
11.4%,0.11353931555555555,11.353931555555555,Nygaard2022,"TurbOPark, A=0.04",-24.0,-0.1,True,9.50463125,0.11353931555555555,11.353931555555555,9.870866666666666,0.06300833333333333,6.300833333333333
11.4%,0.11353931555555555,11.353931555555555,Nygaard2022,"TurbOPark, A=0.04",0.0,0.0,True,9.50463125,0.11353931555555555,11.353931555555555,9.863783333333332,0.0646375,6.46375
11.4%,0.11353931555555555,11.353931555555555,Nygaard2022,"TurbOPark, A=0.04",24.0,0.1,True,9.50463125,0.11353931555555555,11.353931555555555,9.864508333333333,0.06494166666666668,6.4941666666666675
11.4%,0.11353931555555555,11.353931555555555,Nygaard2022,"TurbOPark, A=0.04",48.0,0.2,True,9.50463125,0.11353931555555555,11.353931555555555,9.870891666666667,0.0651625,6.516249999999999
11.4%,0.11353931555555555,11.353931555555555,Nygaard2022,"TurbOPark, A=0.04",72.0,0.3,True,9.50463125,0.11353931555555555,11.353931555555555,9.875995833333334,0.06599166666666667,6.599166666666667
11.4%,0.11353931555555555,11.353931555555555,Nygaard2022,"TurbOPark, A=0.04",96.0,0.4,True,9.50463125,0.11353931555555555,11.353931555555555,9.894941666666666,0.0651875,6.51875
11.4%,0.11353931555555555,11.353931555555555,Nygaard2022,"TurbOPark, A=0.04",120.0,0.5,True,9.504631249999996,0.11353931555555555,11.353931555555555,9.907029166666668,0.06437083333333334,6.437083333333334
11.4%,0.11353931555555555,11.353931555555555,Nygaard2022,"TurbOPark, A=0.04",144.0,0.6,False,9.504631249999974,0.11353931555555555,11.353931555555555,9.907204166666666,0.06434166666666667,6.434166666666667
11.4%,0.11353931555555555,11.353931555555555,Nygaard2022,"TurbOPark, A=0.04",168.0,0.7,False,9.504631249999811,0.11353931555555555,11.353931555555555,9.915158333333332,0.06475833333333333,6.475833333333333
11.4%,0.11353931555555555,11.353931555555555,Nygaard2022,"TurbOPark, A=0.04",192.0,0.8,False,9.504631249998635,0.11353931555555555,11.353931555555555,9.938075,0.06457083333333333,6.457083333333332
11.4%,0.11353931555555555,11.353931555555555,Nygaard2022,"TurbOPark, A=0.04",216.0,0.9,False,9.504631249990764,0.11353931555555555,11.353931555555555,9.965445833333334,0.06365416666666666,6.3654166666666665
11.4%,0.11353931555555555,11.353931555555555,Nygaard2022,"TurbOPark, A=0.04",240.0,1.0,False,9.504631249941404,0.11353931555555555,11.353931555555555,9.9964375,0.061891666666666664,6.189166666666666
11.4%,0.11353931555555555,11.353931555555555,Nygaard2022,"TurbOPark, A=0.04",264.0,1.1,False,9.504631249652162,0.11353931555555555,11.353931555555555,10.013995833333333,0.060725,6.0725
11.4%,0.11353931555555555,11.353931555555555,Nygaard2022,"TurbOPark, A=0.04",288.0,1.2,False,9.504631248067756,0.11353931555555555,11.353931555555555,10.031295833333335,0.06094583333333334,6.0945833333333335
11.4%,0.11353931555555555,11.353931555555555,Nygaard2022,"TurbOPark, A=0.04",312.0,1.3,False,9.504631239945075,0.11353931555555555,11.353931555555555,10.0398125,0.06156666666666667,6.156666666666667
11.4%,0.11353931555555555,11.353931555555555,Nygaard2022,"TurbOPark, A=0.04",336.0,1.4,False,9.504631201024694,0.11353931555555555,11.353931555555555,10.039787500000001,0.0621375,6.21375
11.4%,0.11353931555555555,11.353931555555555,Nygaard2022,"TurbOPark, A=0.04",360.0,1.5,False,9.504631026756977,0.11353931555555555,11.353931555555555,10.039470833333333,0.06116666666666667,6.116666666666667
11.4%,0.11353931555555555,11.353931555555555,Nygaard2022_A0.06,"TurbOPark, A=0.06",-360.0,-1.5,False,9.50463125,0.11353931555555555,11.353931555555555,10.019204166666666,0.06457916666666666,6.457916666666666
11.4%,0.11353931555555555,11.353931555555555,Nygaard2022_A0.06,"TurbOPark, A=0.06",-336.0,-1.4,False,9.50463125,0.11353931555555555,11.353931555555555,10.012329166666666,0.06422083333333334,6.422083333333334
11.4%,0.11353931555555555,11.353931555555555,Nygaard2022_A0.06,"TurbOPark, A=0.06",-312.0,-1.3,False,9.50463125,0.11353931555555555,11.353931555555555,10.018075,0.0638875,6.38875
11.4%,0.11353931555555555,11.353931555555555,Nygaard2022_A0.06,"TurbOPark, A=0.06",-288.0,-1.2,False,9.50463125,0.11353931555555555,11.353931555555555,10.014545833333333,0.06492916666666665,6.492916666666665
11.4%,0.11353931555555555,11.353931555555555,Nygaard2022_A0.06,"TurbOPark, A=0.06",-264.0,-1.1,False,9.50463125,0.11353931555555555,11.353931555555555,10.015708333333333,0.06524583333333334,6.524583333333334
11.4%,0.11353931555555555,11.353931555555555,Nygaard2022_A0.06,"TurbOPark, A=0.06",-240.0,-1.0,False,9.50463125,0.11353931555555555,11.353931555555555,10.022945833333333,0.06403333333333333,6.403333333333333
11.4%,0.11353931555555555,11.353931555555555,Nygaard2022_A0.06,"TurbOPark, A=0.06",-216.0,-0.9,False,9.50463125,0.11353931555555555,11.353931555555555,10.0211875,0.06174583333333333,6.1745833333333335
11.4%,0.11353931555555555,11.353931555555555,Nygaard2022_A0.06,"TurbOPark, A=0.06",-192.0,-0.8,False,9.50463125,0.11353931555555555,11.353931555555555,10.009641666666667,0.06029999999999999,6.029999999999999
11.4%,0.11353931555555555,11.353931555555555,Nygaard2022_A0.06,"TurbOPark, A=0.06",-168.0,-0.7,False,9.50463125,0.11353931555555555,11.353931555555555,9.978229166666667,0.0606125,6.06125
11.4%,0.11353931555555555,11.353931555555555,Nygaard2022_A0.06,"TurbOPark, A=0.06",-144.0,-0.6,False,9.50463125,0.11353931555555555,11.353931555555555,9.946520833333333,0.061195833333333324,6.119583333333332
11.4%,0.11353931555555555,11.353931555555555,Nygaard2022_A0.06,"TurbOPark, A=0.06",-120.0,-0.5,True,9.50463125,0.11353931555555555,11.353931555555555,9.932866666666666,0.06144166666666667,6.144166666666667
11.4%,0.11353931555555555,11.353931555555555,Nygaard2022_A0.06,"TurbOPark, A=0.06",-96.0,-0.4,True,9.50463125,0.11353931555555555,11.353931555555555,9.916470833333333,0.06136250000000001,6.13625
11.4%,0.11353931555555555,11.353931555555555,Nygaard2022_A0.06,"TurbOPark, A=0.06",-72.0,-0.3,True,9.50463125,0.11353931555555555,11.353931555555555,9.8970875,0.061025,6.1025
11.4%,0.11353931555555555,11.353931555555555,Nygaard2022_A0.06,"TurbOPark, A=0.06",-48.0,-0.2,True,9.50463125,0.11353931555555555,11.353931555555555,9.877112499999999,0.06185416666666667,6.185416666666667
11.4%,0.11353931555555555,11.353931555555555,Nygaard2022_A0.06,"TurbOPark, A=0.06",-24.0,-0.1,True,9.50463125,0.11353931555555555,11.353931555555555,9.870866666666666,0.06300833333333333,6.300833333333333
11.4%,0.11353931555555555,11.353931555555555,Nygaard2022_A0.06,"TurbOPark, A=0.06",0.0,0.0,True,9.50463125,0.11353931555555555,11.353931555555555,9.863783333333332,0.0646375,6.46375
11.4%,0.11353931555555555,11.353931555555555,Nygaard2022_A0.06,"TurbOPark, A=0.06",24.0,0.1,True,9.50463125,0.11353931555555555,11.353931555555555,9.864508333333333,0.06494166666666668,6.4941666666666675
11.4%,0.11353931555555555,11.353931555555555,Nygaard2022_A0.06,"TurbOPark, A=0.06",48.0,0.2,True,9.504631249999997,0.11353931555555555,11.353931555555555,9.870891666666667,0.0651625,6.516249999999999
11.4%,0.11353931555555555,11.353931555555555,Nygaard2022_A0.06,"TurbOPark, A=0.06",72.0,0.3,True,9.504631249999985,0.11353931555555555,11.353931555555555,9.875995833333334,0.06599166666666667,6.599166666666667
11.4%,0.11353931555555555,11.353931555555555,Nygaard2022_A0.06,"TurbOPark, A=0.06",96.0,0.4,True,9.504631249999903,0.11353931555555555,11.353931555555555,9.894941666666666,0.0651875,6.51875
11.4%,0.11353931555555555,11.353931555555555,Nygaard2022_A0.06,"TurbOPark, A=0.06",120.0,0.5,True,9.504631249999402,0.11353931555555555,11.353931555555555,9.907029166666668,0.06437083333333334,6.437083333333334
11.4%,0.11353931555555555,11.353931555555555,Nygaard2022_A0.06,"TurbOPark, A=0.06",144.0,0.6,False,9.50463124999648,0.11353931555555555,11.353931555555555,9.907204166666666,0.06434166666666667,6.434166666666667
11.4%,0.11353931555555555,11.353931555555555,Nygaard2022_A0.06,"TurbOPark, A=0.06",168.0,0.7,False,9.50463124998033,0.11353931555555555,11.353931555555555,9.915158333333332,0.06475833333333333,6.475833333333333
11.4%,0.11353931555555555,11.353931555555555,Nygaard2022_A0.06,"TurbOPark, A=0.06",192.0,0.8,False,9.504631249896109,0.11353931555555555,11.353931555555555,9.938075,0.06457083333333333,6.457083333333332
11.4%,0.11353931555555555,11.353931555555555,Nygaard2022_A0.06,"TurbOPark, A=0.06",216.0,0.9,False,9.50463124948049,0.11353931555555555,11.353931555555555,9.965445833333334,0.06365416666666666,6.3654166666666665
11.4%,0.11353931555555555,11.353931555555555,Nygaard2022_A0.06,"TurbOPark, A=0.06",240.0,1.0,False,9.504631247543607,0.11353931555555555,11.353931555555555,9.9964375,0.061891666666666664,6.189166666666666
11.4%,0.11353931555555555,11.353931555555555,Nygaard2022_A0.06,"TurbOPark, A=0.06",264.0,1.1,False,9.504631239010239,0.11353931555555555,11.353931555555555,10.013995833333333,0.060725,6.0725
11.4%,0.11353931555555555,11.353931555555555,Nygaard2022_A0.06,"TurbOPark, A=0.06",288.0,1.2,False,9.504631203486095,0.11353931555555555,11.353931555555555,10.031295833333335,0.06094583333333334,6.0945833333333335
11.4%,0.11353931555555555,11.353931555555555,Nygaard2022_A0.06,"TurbOPark, A=0.06",312.0,1.3,False,9.5046310637992,0.11353931555555555,11.353931555555555,10.0398125,0.06156666666666667,6.156666666666667
11.4%,0.11353931555555555,11.353931555555555,Nygaard2022_A0.06,"TurbOPark, A=0.06",336.0,1.4,False,9.504630544588506,0.11353931555555555,11.353931555555555,10.039787500000001,0.0621375,6.21375
11.4%,0.11353931555555555,11.353931555555555,Nygaard2022_A0.06,"TurbOPark, A=0.06",360.0,1.5,False,9.50462872314143,0.11353931555555555,11.353931555555555,10.039470833333333,0.06116666666666667,6.116666666666667
12.0%,0.11970673,11.970673,BPA2014,BPA,-360.0,-1.5,False,9.50463125,0.11970673,11.970673,10.019204166666666,0.06457916666666666,6.457916666666666
12.0%,0.11970673,11.970673,BPA2014,BPA,-336.0,-1.4,False,9.50463125,0.11970673,11.970673,10.012329166666666,0.06422083333333334,6.422083333333334
12.0%,0.11970673,11.970673,BPA2014,BPA,-312.0,-1.3,False,9.50463125,0.11970673,11.970673,10.018075,0.0638875,6.38875
12.0%,0.11970673,11.970673,BPA2014,BPA,-288.0,-1.2,False,9.50463125,0.11970673,11.970673,10.014545833333333,0.06492916666666665,6.492916666666665
12.0%,0.11970673,11.970673,BPA2014,BPA,-264.0,-1.1,False,9.50463125,0.11970673,11.970673,10.015708333333333,0.06524583333333334,6.524583333333334
12.0%,0.11970673,11.970673,BPA2014,BPA,-240.0,-1.0,False,9.50463125,0.11970673,11.970673,10.022945833333333,0.06403333333333333,6.403333333333333
12.0%,0.11970673,11.970673,BPA2014,BPA,-216.0,-0.9,False,9.50463125,0.11970673,11.970673,10.0211875,0.06174583333333333,6.1745833333333335
12.0%,0.11970673,11.970673,BPA2014,BPA,-192.0,-0.8,False,9.50463125,0.11970673,11.970673,10.009641666666667,0.06029999999999999,6.029999999999999
12.0%,0.11970673,11.970673,BPA2014,BPA,-168.0,-0.7,False,9.50463125,0.11970673,11.970673,9.978229166666667,0.0606125,6.06125
12.0%,0.11970673,11.970673,BPA2014,BPA,-144.0,-0.6,False,9.50463125,0.11970673,11.970673,9.946520833333333,0.061195833333333324,6.119583333333332
12.0%,0.11970673,11.970673,BPA2014,BPA,-120.0,-0.5,True,9.50463125,0.11970673,11.970673,9.932866666666666,0.06144166666666667,6.144166666666667
12.0%,0.11970673,11.970673,BPA2014,BPA,-96.0,-0.4,True,9.50463125,0.11970673,11.970673,9.916470833333333,0.06136250000000001,6.13625
12.0%,0.11970673,11.970673,BPA2014,BPA,-72.0,-0.3,True,9.50463125,0.11970673,11.970673,9.8970875,0.061025,6.1025
12.0%,0.11970673,11.970673,BPA2014,BPA,-48.0,-0.2,True,9.50463125,0.11970673,11.970673,9.877112499999999,0.06185416666666667,6.185416666666667
12.0%,0.11970673,11.970673,BPA2014,BPA,-24.0,-0.1,True,9.50463125,0.11970673,11.970673,9.870866666666666,0.06300833333333333,6.300833333333333
12.0%,0.11970673,11.970673,BPA2014,BPA,0.0,0.0,True,9.50463125,0.11970673,11.970673,9.863783333333332,0.0646375,6.46375
12.0%,0.11970673,11.970673,BPA2014,BPA,24.0,0.1,True,9.504631249999997,0.11970673,11.970673,9.864508333333333,0.06494166666666668,6.4941666666666675
12.0%,0.11970673,11.970673,BPA2014,BPA,48.0,0.2,True,9.50463124999999,0.11970673,11.970673,9.870891666666667,0.0651625,6.516249999999999
12.0%,0.11970673,11.970673,BPA2014,BPA,72.0,0.3,True,9.504631249999946,0.11970673,11.970673,9.875995833333334,0.06599166666666667,6.599166666666667
12.0%,0.11970673,11.970673,BPA2014,BPA,96.0,0.4,True,9.50463124999967,0.11970673,11.970673,9.894941666666666,0.0651875,6.51875
12.0%,0.11970673,11.970673,BPA2014,BPA,120.0,0.5,True,9.504631249998098,0.11970673,11.970673,9.907029166666668,0.06437083333333334,6.437083333333334
12.0%,0.11970673,11.970673,BPA2014,BPA,144.0,0.6,False,9.504631249989576,0.11970673,11.970673,9.907204166666666,0.06434166666666667,6.434166666666667
12.0%,0.11970673,11.970673,BPA2014,BPA,168.0,0.7,False,9.504631249945772,0.11970673,11.970673,9.915158333333332,0.06475833333333333,6.475833333333333
12.0%,0.11970673,11.970673,BPA2014,BPA,192.0,0.8,False,9.504631249732514,0.11970673,11.970673,9.938075,0.06457083333333333,6.457083333333332
12.0%,0.11970673,11.970673,BPA2014,BPA,216.0,0.9,False,9.504631248748936,0.11970673,11.970673,9.965445833333334,0.06365416666666666,6.3654166666666665
12.0%,0.11970673,11.970673,BPA2014,BPA,240.0,1.0,False,9.504631244451737,0.11970673,11.970673,9.9964375,0.061891666666666664,6.189166666666666
12.0%,0.11970673,11.970673,BPA2014,BPA,264.0,1.1,False,9.504631226669085,0.11970673,11.970673,10.013995833333333,0.060725,6.0725
12.0%,0.11970673,11.970673,BPA2014,BPA,288.0,1.2,False,9.504631156974131,0.11970673,11.970673,10.031295833333335,0.06094583333333334,6.0945833333333335
12.0%,0.11970673,11.970673,BPA2014,BPA,312.0,1.3,False,9.504630898299542,0.11970673,11.970673,10.0398125,0.06156666666666667,6.156666666666667
12.0%,0.11970673,11.970673,BPA2014,BPA,336.0,1.4,False,9.504629989219842,0.11970673,11.970673,10.039787500000001,0.0621375,6.21375
12.0%,0.11970673,11.970673,BPA2014,BPA,360.0,1.5,False,9.504626964484896,0.11970673,11.970673,10.039470833333333,0.06116666666666667,6.116666666666667
12.0%,0.11970673,11.970673,NPA2016,NPA,-360.0,-1.5,False,9.50463125,0.11970673,11.970673,10.019204166666666,0.06457916666666666,6.457916666666666
12.0%,0.11970673,11.970673,NPA2016,NPA,-336.0,-1.4,False,9.50463125,0.11970673,11.970673,10.012329166666666,0.06422083333333334,6.422083333333334
12.0%,0.11970673,11.970673,NPA2016,NPA,-312.0,-1.3,False,9.50463125,0.11970673,11.970673,10.018075,0.0638875,6.38875
12.0%,0.11970673,11.970673,NPA2016,NPA,-288.0,-1.2,False,9.50463125,0.11970673,11.970673,10.014545833333333,0.06492916666666665,6.492916666666665
12.0%,0.11970673,11.970673,NPA2016,NPA,-264.0,-1.1,False,9.50463125,0.11970673,11.970673,10.015708333333333,0.06524583333333334,6.524583333333334
12.0%,0.11970673,11.970673,NPA2016,NPA,-240.0,-1.0,False,9.50463125,0.11970673,11.970673,10.022945833333333,0.06403333333333333,6.403333333333333
12.0%,0.11970673,11.970673,NPA2016,NPA,-216.0,-0.9,False,9.50463125,0.11970673,11.970673,10.0211875,0.06174583333333333,6.1745833333333335
12.0%,0.11970673,11.970673,NPA2016,NPA,-192.0,-0.8,False,9.50463125,0.11970673,11.970673,10.009641666666667,0.06029999999999999,6.029999999999999
12.0%,0.11970673,11.970673,NPA2016,NPA,-168.0,-0.7,False,9.50463125,0.11970673,11.970673,9.978229166666667,0.0606125,6.06125
12.0%,0.11970673,11.970673,NPA2016,NPA,-144.0,-0.6,False,9.504631249999996,0.11970673,11.970673,9.946520833333333,0.061195833333333324,6.119583333333332
12.0%,0.11970673,11.970673,NPA2016,NPA,-120.0,-0.5,True,9.504631249999983,0.11970673,11.970673,9.932866666666666,0.06144166666666667,6.144166666666667
12.0%,0.11970673,11.970673,NPA2016,NPA,-96.0,-0.4,True,9.504631249999928,0.11970673,11.970673,9.916470833333333,0.06136250000000001,6.13625
12.0%,0.11970673,11.970673,NPA2016,NPA,-72.0,-0.3,True,9.504631249999687,0.11970673,11.970673,9.8970875,0.061025,6.1025
12.0%,0.11970673,11.970673,NPA2016,NPA,-48.0,-0.2,True,9.504631249998683,0.11970673,11.970673,9.877112499999999,0.06185416666666667,6.185416666666667
12.0%,0.11970673,11.970673,NPA2016,NPA,-24.0,-0.1,True,9.504631249994661,0.11970673,11.970673,9.870866666666666,0.06300833333333333,6.300833333333333
12.0%,0.11970673,11.970673,NPA2016,NPA,0.0,0.0,True,9.504631249979118,0.11970673,11.970673,9.863783333333332,0.0646375,6.46375
12.0%,0.11970673,11.970673,NPA2016,NPA,24.0,0.1,True,9.504631249921202,0.11970673,11.970673,9.864508333333333,0.06494166666666668,6.4941666666666675
12.0%,0.11970673,11.970673,NPA2016,NPA,48.0,0.2,True,9.504631249713148,0.11970673,11.970673,9.870891666666667,0.0651625,6.516249999999999
12.0%,0.11970673,11.970673,NPA2016,NPA,72.0,0.3,True,9.504631248992574,0.11970673,11.970673,9.875995833333334,0.06599166666666667,6.599166666666667
12.0%,0.11970673,11.970673,NPA2016,NPA,96.0,0.4,True,9.504631246586687,0.11970673,11.970673,9.894941666666666,0.0651875,6.51875
12.0%,0.11970673,11.970673,NPA2016,NPA,120.0,0.5,True,9.504631238842979,0.11970673,11.970673,9.907029166666668,0.06437083333333334,6.437083333333334
12.0%,0.11970673,11.970673,NPA2016,NPA,144.0,0.6,False,9.504631214817211,0.11970673,11.970673,9.907204166666666,0.06434166666666667,6.434166666666667
12.0%,0.11970673,11.970673,NPA2016,NPA,168.0,0.7,False,9.504631142965648,0.11970673,11.970673,9.915158333333332,0.06475833333333333,6.475833333333333
12.0%,0.11970673,11.970673,NPA2016,NPA,192.0,0.8,False,9.504630935857037,0.11970673,11.970673,9.938075,0.06457083333333333,6.457083333333332
12.0%,0.11970673,11.970673,NPA2016,NPA,216.0,0.9,False,9.504630360504361,0.11970673,11.970673,9.965445833333334,0.06365416666666666,6.3654166666666665
12.0%,0.11970673,11.970673,NPA2016,NPA,240.0,1.0,False,9.504628820187076,0.11970673,11.970673,9.9964375,0.061891666666666664,6.189166666666666
12.0%,0.11970673,11.970673,NPA2016,NPA,264.0,1.1,False,9.504624845744372,0.11970673,11.970673,10.013995833333333,0.060725,6.0725
12.0%,0.11970673,11.970673,NPA2016,NPA,288.0,1.2,False,9.50461496550988,0.11970673,11.970673,10.031295833333335,0.06094583333333334,6.0945833333333335
12.0%,0.11970673,11.970673,NPA2016,NPA,312.0,1.3,False,9.504591302846338,0.11970673,11.970673,10.0398125,0.06156666666666667,6.156666666666667
12.0%,0.11970673,11.970673,NPA2016,NPA,336.0,1.4,False,9.504536712456021,0.11970673,11.970673,10.039787500000001,0.0621375,6.21375
12.0%,0.11970673,11.970673,NPA2016,NPA,360.0,1.5,False,9.504415410697318,0.11970673,11.970673,10.039470833333333,0.06116666666666667,6.116666666666667
12.0%,0.11970673,11.970673,Nygaard2022,"TurbOPark, A=0.04",-360.0,-1.5,False,9.50463125,0.11970673,11.970673,10.019204166666666,0.06457916666666666,6.457916666666666
12.0%,0.11970673,11.970673,Nygaard2022,"TurbOPark, A=0.04",-336.0,-1.4,False,9.50463125,0.11970673,11.970673,10.012329166666666,0.06422083333333334,6.422083333333334
12.0%,0.11970673,11.970673,Nygaard2022,"TurbOPark, A=0.04",-312.0,-1.3,False,9.50463125,0.11970673,11.970673,10.018075,0.0638875,6.38875
12.0%,0.11970673,11.970673,Nygaard2022,"TurbOPark, A=0.04",-288.0,-1.2,False,9.50463125,0.11970673,11.970673,10.014545833333333,0.06492916666666665,6.492916666666665
12.0%,0.11970673,11.970673,Nygaard2022,"TurbOPark, A=0.04",-264.0,-1.1,False,9.50463125,0.11970673,11.970673,10.015708333333333,0.06524583333333334,6.524583333333334
12.0%,0.11970673,11.970673,Nygaard2022,"TurbOPark, A=0.04",-240.0,-1.0,False,9.50463125,0.11970673,11.970673,10.022945833333333,0.06403333333333333,6.403333333333333
12.0%,0.11970673,11.970673,Nygaard2022,"TurbOPark, A=0.04",-216.0,-0.9,False,9.50463125,0.11970673,11.970673,10.0211875,0.06174583333333333,6.1745833333333335
12.0%,0.11970673,11.970673,Nygaard2022,"TurbOPark, A=0.04",-192.0,-0.8,False,9.50463125,0.11970673,11.970673,10.009641666666667,0.06029999999999999,6.029999999999999
12.0%,0.11970673,11.970673,Nygaard2022,"TurbOPark, A=0.04",-168.0,-0.7,False,9.50463125,0.11970673,11.970673,9.978229166666667,0.0606125,6.06125
12.0%,0.11970673,11.970673,Nygaard2022,"TurbOPark, A=0.04",-144.0,-0.6,False,9.50463125,0.11970673,11.970673,9.946520833333333,0.061195833333333324,6.119583333333332
12.0%,0.11970673,11.970673,Nygaard2022,"TurbOPark, A=0.04",-120.0,-0.5,True,9.50463125,0.11970673,11.970673,9.932866666666666,0.06144166666666667,6.144166666666667
12.0%,0.11970673,11.970673,Nygaard2022,"TurbOPark, A=0.04",-96.0,-0.4,True,9.50463125,0.11970673,11.970673,9.916470833333333,0.06136250000000001,6.13625
12.0%,0.11970673,11.970673,Nygaard2022,"TurbOPark, A=0.04",-72.0,-0.3,True,9.50463125,0.11970673,11.970673,9.8970875,0.061025,6.1025
12.0%,0.11970673,11.970673,Nygaard2022,"TurbOPark, A=0.04",-48.0,-0.2,True,9.50463125,0.11970673,11.970673,9.877112499999999,0.06185416666666667,6.185416666666667
12.0%,0.11970673,11.970673,Nygaard2022,"TurbOPark, A=0.04",-24.0,-0.1,True,9.50463125,0.11970673,11.970673,9.870866666666666,0.06300833333333333,6.300833333333333
12.0%,0.11970673,11.970673,Nygaard2022,"TurbOPark, A=0.04",0.0,0.0,True,9.50463125,0.11970673,11.970673,9.863783333333332,0.0646375,6.46375
12.0%,0.11970673,11.970673,Nygaard2022,"TurbOPark, A=0.04",24.0,0.1,True,9.50463125,0.11970673,11.970673,9.864508333333333,0.06494166666666668,6.4941666666666675
12.0%,0.11970673,11.970673,Nygaard2022,"TurbOPark, A=0.04",48.0,0.2,True,9.50463125,0.11970673,11.970673,9.870891666666667,0.0651625,6.516249999999999
12.0%,0.11970673,11.970673,Nygaard2022,"TurbOPark, A=0.04",72.0,0.3,True,9.50463125,0.11970673,11.970673,9.875995833333334,0.06599166666666667,6.599166666666667
12.0%,0.11970673,11.970673,Nygaard2022,"TurbOPark, A=0.04",96.0,0.4,True,9.50463125,0.11970673,11.970673,9.894941666666666,0.0651875,6.51875
12.0%,0.11970673,11.970673,Nygaard2022,"TurbOPark, A=0.04",120.0,0.5,True,9.504631249999996,0.11970673,11.970673,9.907029166666668,0.06437083333333334,6.437083333333334
12.0%,0.11970673,11.970673,Nygaard2022,"TurbOPark, A=0.04",144.0,0.6,False,9.504631249999973,0.11970673,11.970673,9.907204166666666,0.06434166666666667,6.434166666666667
12.0%,0.11970673,11.970673,Nygaard2022,"TurbOPark, A=0.04",168.0,0.7,False,9.504631249999795,0.11970673,11.970673,9.915158333333332,0.06475833333333333,6.475833333333333
12.0%,0.11970673,11.970673,Nygaard2022,"TurbOPark, A=0.04",192.0,0.8,False,9.504631249998525,0.11970673,11.970673,9.938075,0.06457083333333333,6.457083333333332
12.0%,0.11970673,11.970673,Nygaard2022,"TurbOPark, A=0.04",216.0,0.9,False,9.504631249990073,0.11970673,11.970673,9.965445833333334,0.06365416666666666,6.3654166666666665
12.0%,0.11970673,11.970673,Nygaard2022,"TurbOPark, A=0.04",240.0,1.0,False,9.504631249937361,0.11970673,11.970673,9.9964375,0.061891666666666664,6.189166666666666
12.0%,0.11970673,11.970673,Nygaard2022,"TurbOPark, A=0.04",264.0,1.1,False,9.504631249630036,0.11970673,11.970673,10.013995833333333,0.060725,6.0725
12.0%,0.11970673,11.970673,Nygaard2022,"TurbOPark, A=0.04",288.0,1.2,False,9.504631247954961,0.11970673,11.970673,10.031295833333335,0.06094583333333334,6.0945833333333335
12.0%,0.11970673,11.970673,Nygaard2022,"TurbOPark, A=0.04",312.0,1.3,False,9.504631239405693,0.11970673,11.970673,10.0398125,0.06156666666666667,6.156666666666667
12.0%,0.11970673,11.970673,Nygaard2022,"TurbOPark, A=0.04",336.0,1.4,False,9.504631198636046,0.11970673,11.970673,10.039787500000001,0.0621375,6.21375
12.0%,0.11970673,11.970673,Nygaard2022,"TurbOPark, A=0.04",360.0,1.5,False,9.504631016870512,0.11970673,11.970673,10.039470833333333,0.06116666666666667,6.116666666666667
12.0%,0.11970673,11.970673,Nygaard2022_A0.06,"TurbOPark, A=0.06",-360.0,-1.5,False,9.50463125,0.11970673,11.970673,10.019204166666666,0.06457916666666666,6.457916666666666
12.0%,0.11970673,11.970673,Nygaard2022_A0.06,"TurbOPark, A=0.06",-336.0,-1.4,False,9.50463125,0.11970673,11.970673,10.012329166666666,0.06422083333333334,6.422083333333334
12.0%,0.11970673,11.970673,Nygaard2022_A0.06,"TurbOPark, A=0.06",-312.0,-1.3,False,9.50463125,0.11970673,11.970673,10.018075,0.0638875,6.38875
12.0%,0.11970673,11.970673,Nygaard2022_A0.06,"TurbOPark, A=0.06",-288.0,-1.2,False,9.50463125,0.11970673,11.970673,10.014545833333333,0.06492916666666665,6.492916666666665
12.0%,0.11970673,11.970673,Nygaard2022_A0.06,"TurbOPark, A=0.06",-264.0,-1.1,False,9.50463125,0.11970673,11.970673,10.015708333333333,0.06524583333333334,6.524583333333334
12.0%,0.11970673,11.970673,Nygaard2022_A0.06,"TurbOPark, A=0.06",-240.0,-1.0,False,9.50463125,0.11970673,11.970673,10.022945833333333,0.06403333333333333,6.403333333333333
12.0%,0.11970673,11.970673,Nygaard2022_A0.06,"TurbOPark, A=0.06",-216.0,-0.9,False,9.50463125,0.11970673,11.970673,10.0211875,0.06174583333333333,6.1745833333333335
12.0%,0.11970673,11.970673,Nygaard2022_A0.06,"TurbOPark, A=0.06",-192.0,-0.8,False,9.50463125,0.11970673,11.970673,10.009641666666667,0.06029999999999999,6.029999999999999
12.0%,0.11970673,11.970673,Nygaard2022_A0.06,"TurbOPark, A=0.06",-168.0,-0.7,False,9.50463125,0.11970673,11.970673,9.978229166666667,0.0606125,6.06125
12.0%,0.11970673,11.970673,Nygaard2022_A0.06,"TurbOPark, A=0.06",-144.0,-0.6,False,9.50463125,0.11970673,11.970673,9.946520833333333,0.061195833333333324,6.119583333333332
12.0%,0.11970673,11.970673,Nygaard2022_A0.06,"TurbOPark, A=0.06",-120.0,-0.5,True,9.50463125,0.11970673,11.970673,9.932866666666666,0.06144166666666667,6.144166666666667
12.0%,0.11970673,11.970673,Nygaard2022_A0.06,"TurbOPark, A=0.06",-96.0,-0.4,True,9.50463125,0.11970673,11.970673,9.916470833333333,0.06136250000000001,6.13625
12.0%,0.11970673,11.970673,Nygaard2022_A0.06,"TurbOPark, A=0.06",-72.0,-0.3,True,9.50463125,0.11970673,11.970673,9.8970875,0.061025,6.1025
12.0%,0.11970673,11.970673,Nygaard2022_A0.06,"TurbOPark, A=0.06",-48.0,-0.2,True,9.50463125,0.11970673,11.970673,9.877112499999999,0.06185416666666667,6.185416666666667
12.0%,0.11970673,11.970673,Nygaard2022_A0.06,"TurbOPark, A=0.06",-24.0,-0.1,True,9.50463125,0.11970673,11.970673,9.870866666666666,0.06300833333333333,6.300833333333333
12.0%,0.11970673,11.970673,Nygaard2022_A0.06,"TurbOPark, A=0.06",0.0,0.0,True,9.50463125,0.11970673,11.970673,9.863783333333332,0.0646375,6.46375
12.0%,0.11970673,11.970673,Nygaard2022_A0.06,"TurbOPark, A=0.06",24.0,0.1,True,9.50463125,0.11970673,11.970673,9.864508333333333,0.06494166666666668,6.4941666666666675
12.0%,0.11970673,11.970673,Nygaard2022_A0.06,"TurbOPark, A=0.06",48.0,0.2,True,9.504631249999997,0.11970673,11.970673,9.870891666666667,0.0651625,6.516249999999999
12.0%,0.11970673,11.970673,Nygaard2022_A0.06,"TurbOPark, A=0.06",72.0,0.3,True,9.504631249999983,0.11970673,11.970673,9.875995833333334,0.06599166666666667,6.599166666666667
12.0%,0.11970673,11.970673,Nygaard2022_A0.06,"TurbOPark, A=0.06",96.0,0.4,True,9.504631249999893,0.11970673,11.970673,9.894941666666666,0.0651875,6.51875
12.0%,0.11970673,11.970673,Nygaard2022_A0.06,"TurbOPark, A=0.06",120.0,0.5,True,9.504631249999335,0.11970673,11.970673,9.907029166666668,0.06437083333333334,6.437083333333334
12.0%,0.11970673,11.970673,Nygaard2022_A0.06,"TurbOPark, A=0.06",144.0,0.6,False,9.504631249996098,0.11970673,11.970673,9.907204166666666,0.06434166666666667,6.434166666666667
12.0%,0.11970673,11.970673,Nygaard2022_A0.06,"TurbOPark, A=0.06",168.0,0.7,False,9.504631249978369,0.11970673,11.970673,9.915158333333332,0.06475833333333333,6.475833333333333
12.0%,0.11970673,11.970673,Nygaard2022_A0.06,"TurbOPark, A=0.06",192.0,0.8,False,9.504631249886387,0.11970673,11.970673,9.938075,0.06457083333333333,6.457083333333332
12.0%,0.11970673,11.970673,Nygaard2022_A0.06,"TurbOPark, A=0.06",216.0,0.9,False,9.50463124943587,0.11970673,11.970673,9.965445833333334,0.06365416666666666,6.3654166666666665
12.0%,0.11970673,11.970673,Nygaard2022_A0.06,"TurbOPark, A=0.06",240.0,1.0,False,9.504631247347174,0.11970673,11.970673,9.9964375,0.061891666666666664,6.189166666666666
12.0%,0.11970673,11.970673,Nygaard2022_A0.06,"TurbOPark, A=0.06",264.0,1.1,False,9.504631238205956,0.11970673,11.970673,10.013995833333333,0.060725,6.0725
12.0%,0.11970673,11.970673,Nygaard2022_A0.06,"TurbOPark, A=0.06",288.0,1.2,False,9.504631200343889,0.11970673,11.970673,10.031295833333335,0.06094583333333334,6.0945833333333335
12.0%,0.11970673,11.970673,Nygaard2022_A0.06,"TurbOPark, A=0.06",312.0,1.3,False,9.50463105233533,0.11970673,11.970673,10.0398125,0.06156666666666667,6.156666666666667
12.0%,0.11970673,11.970673,Nygaard2022_A0.06,"TurbOPark, A=0.06",336.0,1.4,False,9.50463050489747,0.11970673,11.970673,10.039787500000001,0.0621375,6.21375
12.0%,0.11970673,11.970673,Nygaard2022_A0.06,"TurbOPark, A=0.06",360.0,1.5,False,9.50462859423036,0.11970673,11.970673,10.039470833333333,0.06116666666666667,6.116666666666667
