TI_label,TI_input,TI_input_percent,model,model_label,y_rel_m,y_over_D,inside_rotor,U_model_mps,TI_model,TI_model_percent,U_LES_mps,TI_LES,TI_LES_percent
6.4%,0.0642,6.419999999999999,BPA2014,BPA,-360.0,-1.5,False,8.320813366380428,0.1171705816354734,11.71705816354734,8.109754166666667,0.09191666666666666,9.191666666666666
6.4%,0.0642,6.419999999999999,BPA2014,BPA,-336.0,-1.4,False,8.368156929025488,0.1171705816354734,11.71705816354734,8.1741,0.09121666666666668,9.121666666666668
6.4%,0.0642,6.419999999999999,BPA2014,BPA,-312.0,-1.3,False,8.404300836789563,0.1171705816354734,11.71705816354734,8.206879166666667,0.09071666666666667,9.071666666666667
6.4%,0.0642,6.419999999999999,BPA2014,BPA,-288.0,-1.2,False,8.431774075840483,0.1171705816354734,11.71705816354734,8.222804166666666,0.08997083333333333,8.997083333333332
6.4%,0.0642,6.419999999999999,BPA2014,BPA,-264.0,-1.1,False,8.452568061556574,0.1171705816354734,11.71705816354734,8.2389625,0.08887499999999998,8.887499999999998
6.4%,0.0642,6.419999999999999,BPA2014,BPA,-240.0,-1.0,False,8.468035048697038,0.1171705816354734,11.71705816354734,8.250729166666666,0.08834166666666667,8.834166666666667
6.4%,0.0642,6.419999999999999,BPA2014,BPA,-216.0,-0.9,False,8.47890162904713,0.1171705816354734,11.71705816354734,8.249879166666666,0.08862500000000001,8.8625
6.4%,0.0642,6.419999999999999,BPA2014,BPA,-192.0,-0.8,False,8.485356381693265,0.1171705816354734,11.71705816354734,8.243541666666667,0.0897625,8.97625
6.4%,0.0642,6.419999999999999,BPA2014,BPA,-168.0,-0.7,False,8.48717689591534,0.1171705816354734,11.71705816354734,8.239445833333333,0.09136250000000001,9.13625
6.4%,0.0642,6.419999999999999,BPA2014,BPA,-144.0,-0.6,False,8.483871485867951,0.1171705816354734,11.71705816354734,8.241837499999999,0.09216250000000001,9.21625
6.4%,0.0642,6.419999999999999,BPA2014,BPA,-120.0,-0.5,True,8.474820781683771,0.13177380039020778,13.177380039020777,8.242258333333332,0.09270416666666667,9.270416666666668
6.4%,0.0642,6.419999999999999,BPA2014,BPA,-96.0,-0.4,True,8.459411631307983,0.13177380039020778,13.177380039020777,8.241304166666668,0.09391666666666668,9.391666666666667
6.4%,0.0642,6.419999999999999,BPA2014,BPA,-72.0,-0.3,True,8.437159666667597,0.13177380039020778,13.177380039020777,8.235516666666665,0.09455833333333334,9.455833333333334
6.4%,0.0642,6.419999999999999,BPA2014,BPA,-48.0,-0.2,True,8.407817925140332,0.13177380039020778,13.177380039020777,8.21235,0.09512083333333334,9.512083333333333
6.4%,0.0642,6.419999999999999,BPA2014,BPA,-24.0,-0.1,True,8.371468113667909,0.13177380039020778,13.177380039020777,8.188479166666667,0.09598333333333334,9.598333333333334
6.4%,0.0642,6.419999999999999,BPA2014,BPA,0.0,0.0,True,8.328589634900423,0.13177380039020778,13.177380039020777,8.159775,0.09639583333333335,9.639583333333334
6.4%,0.0642,6.419999999999999,BPA2014,BPA,24.0,0.1,True,8.280100385262825,0.13177380039020778,13.177380039020777,8.1192125,0.09572499999999999,9.5725
6.4%,0.0642,6.419999999999999,BPA2014,BPA,48.0,0.2,True,8.227363306005246,0.13177380039020778,13.177380039020777,8.084025,0.09457083333333333,9.457083333333333
6.4%,0.0642,6.419999999999999,BPA2014,BPA,72.0,0.3,True,8.172154087873148,0.13177380039020778,13.177380039020777,8.0460125,0.09334166666666666,9.334166666666665
6.4%,0.0642,6.419999999999999,BPA2014,BPA,96.0,0.4,True,8.116588309716438,0.13177380039020778,13.177380039020777,7.993691666666667,0.09247916666666667,9.247916666666667
6.4%,0.0642,6.419999999999999,BPA2014,BPA,120.0,0.5,True,8.063010318208107,0.13177380039020778,13.177380039020777,7.948829166666666,0.09222083333333334,9.222083333333334
6.4%,0.0642,6.419999999999999,BPA2014,BPA,144.0,0.6,False,8.013850753986738,0.13177380039020778,13.177380039020777,7.921270833333334,0.09229166666666667,9.229166666666668
6.4%,0.0642,6.419999999999999,BPA2014,BPA,168.0,0.7,False,7.971464054855138,0.13177380039020778,13.177380039020777,7.898866666666667,0.0934875,9.34875
6.4%,0.0642,6.419999999999999,BPA2014,BPA,192.0,0.8,False,7.937960731840579,0.13177380039020778,13.177380039020777,7.876916666666666,0.09502083333333333,9.502083333333333
6.4%,0.0642,6.419999999999999,BPA2014,BPA,216.0,0.9,False,7.915051030420236,0.13177380039020778,13.177380039020777,7.860704166666666,0.09567083333333333,9.567083333333333
6.4%,0.0642,6.419999999999999,BPA2014,BPA,240.0,1.0,False,7.9039163026763655,0.13177380039020778,13.177380039020777,7.859608333333333,0.09525833333333333,9.525833333333333
6.4%,0.0642,6.419999999999999,BPA2014,BPA,264.0,1.1,False,7.905121906872597,0.13177380039020778,13.177380039020777,7.8661208333333335,0.09399166666666667,9.399166666666666
6.4%,0.0642,6.419999999999999,BPA2014,BPA,288.0,1.2,False,7.918580974253427,0.13177380039020778,13.177380039020777,7.878704166666667,0.0931,9.31
6.4%,0.0642,6.419999999999999,BPA2014,BPA,312.0,1.3,False,7.9435725341539865,0.13177380039020778,13.177380039020777,7.896304166666667,0.09364583333333333,9.364583333333334
6.4%,0.0642,6.419999999999999,BPA2014,BPA,336.0,1.4,False,7.978811091917297,0.13177380039020778,13.177380039020777,7.917754166666667,0.09478333333333333,9.478333333333333
6.4%,0.0642,6.419999999999999,BPA2014,BPA,360.0,1.5,False,8.0225586874809,0.13177380039020778,13.177380039020777,7.951083333333333,0.09674166666666667,9.674166666666666
6.4%,0.0642,6.419999999999999,NPA2016,NPA,-360.0,-1.5,False,8.532080844919442,0.13008244099352007,13.008244099352007,8.109754166666667,0.09191666666666666,9.191666666666666
6.4%,0.0642,6.419999999999999,NPA2016,NPA,-336.0,-1.4,False,8.574081670277462,0.13008244099352007,13.008244099352007,8.1741,0.09121666666666668,9.121666666666668
6.4%,0.0642,6.419999999999999,NPA2016,NPA,-312.0,-1.3,False,8.60710089279406,0.1035722122848814,10.35722122848814,8.206879166666667,0.09071666666666667,9.071666666666667
6.4%,0.0642,6.419999999999999,NPA2016,NPA,-288.0,-1.2,False,8.63171333176001,0.1035722122848814,10.35722122848814,8.222804166666666,0.08997083333333333,8.997083333333332
6.4%,0.0642,6.419999999999999,NPA2016,NPA,-264.0,-1.1,False,8.648710220137165,0.1035722122848814,10.35722122848814,8.2389625,0.08887499999999998,8.887499999999998
6.4%,0.0642,6.419999999999999,NPA2016,NPA,-240.0,-1.0,False,8.658947057203411,0.1035722122848814,10.35722122848814,8.250729166666666,0.08834166666666667,8.834166666666667
6.4%,0.0642,6.419999999999999,NPA2016,NPA,-216.0,-0.9,False,8.663274815786535,0.11500671490778012,11.500671490778013,8.249879166666666,0.08862500000000001,8.8625
6.4%,0.0642,6.419999999999999,NPA2016,NPA,-192.0,-0.8,False,8.662478976491109,0.11500671490778012,11.500671490778013,8.243541666666667,0.0897625,8.97625
6.4%,0.0642,6.419999999999999,NPA2016,NPA,-168.0,-0.7,False,8.657254503243102,0.11500671490778012,11.500671490778013,8.239445833333333,0.09136250000000001,9.13625
6.4%,0.0642,6.419999999999999,NPA2016,NPA,-144.0,-0.6,False,8.648210561210188,0.11500671490778012,11.500671490778013,8.241837499999999,0.09216250000000001,9.21625
6.4%,0.0642,6.419999999999999,NPA2016,NPA,-120.0,-0.5,True,8.63587527206799,0.11500671490778012,11.500671490778013,8.242258333333332,0.09270416666666667,9.270416666666668
6.4%,0.0642,6.419999999999999,NPA2016,NPA,-96.0,-0.4,True,8.620721385063666,0.11500671490778012,11.500671490778013,8.241304166666668,0.09391666666666668,9.391666666666667
6.4%,0.0642,6.419999999999999,NPA2016,NPA,-72.0,-0.3,True,8.60319360278007,0.11500671490778012,11.500671490778013,8.235516666666665,0.09455833333333334,9.455833333333334
6.4%,0.0642,6.419999999999999,NPA2016,NPA,-48.0,-0.2,True,8.583739090594474,0.11500671490778012,11.500671490778013,8.21235,0.09512083333333334,9.512083333333333
6.4%,0.0642,6.419999999999999,NPA2016,NPA,-24.0,-0.1,True,8.562817844547805,0.11500671490778012,11.500671490778013,8.188479166666667,0.09598333333333334,9.598333333333334
6.4%,0.0642,6.419999999999999,NPA2016,NPA,0.0,0.0,True,8.5409295027472,0.11500671490778012,11.500671490778013,8.159775,0.09639583333333335,9.639583333333334
6.4%,0.0642,6.419999999999999,NPA2016,NPA,24.0,0.1,True,8.518609029419856,0.11500671490778012,11.500671490778013,8.1192125,0.09572499999999999,9.5725
6.4%,0.0642,6.419999999999999,NPA2016,NPA,48.0,0.2,True,8.496427135974043,0.11500671490778012,11.500671490778013,8.084025,0.09457083333333333,9.457083333333333
6.4%,0.0642,6.419999999999999,NPA2016,NPA,72.0,0.3,True,8.47498328110306,0.11500671490778012,11.500671490778013,8.0460125,0.09334166666666666,9.334166666666665
6.4%,0.0642,6.419999999999999,NPA2016,NPA,96.0,0.4,True,8.454886862681583,0.11500671490778012,11.500671490778013,7.993691666666667,0.09247916666666667,9.247916666666667
6.4%,0.0642,6.419999999999999,NPA2016,NPA,120.0,0.5,True,8.436741568400235,0.11500671490778012,11.500671490778013,7.948829166666666,0.09222083333333334,9.222083333333334
6.4%,0.0642,6.419999999999999,NPA2016,NPA,144.0,0.6,False,8.421110381636309,0.11500671490778012,11.500671490778013,7.921270833333334,0.09229166666666667,9.229166666666668
6.4%,0.0642,6.419999999999999,NPA2016,NPA,168.0,0.7,False,8.408503184208556,0.11500671490778012,11.500671490778013,7.898866666666667,0.0934875,9.34875
6.4%,0.0642,6.419999999999999,NPA2016,NPA,192.0,0.8,False,8.399351297293219,0.11500671490778012,11.500671490778013,7.876916666666666,0.09502083333333333,9.502083333333333
6.4%,0.0642,6.419999999999999,NPA2016,NPA,216.0,0.9,False,8.393978216116343,0.11500671490778012,11.500671490778013,7.860704166666666,0.09567083333333333,9.567083333333333
6.4%,0.0642,6.419999999999999,NPA2016,NPA,240.0,1.0,False,8.392593876020591,0.11500671490778012,11.500671490778013,7.859608333333333,0.09525833333333333,9.525833333333333
6.4%,0.0642,6.419999999999999,NPA2016,NPA,264.0,1.1,False,8.395274398375062,0.11500671490778012,11.500671490778013,7.8661208333333335,0.09399166666666667,9.399166666666666
6.4%,0.0642,6.419999999999999,NPA2016,NPA,288.0,1.2,False,8.401964064081133,0.11500671490778012,11.500671490778013,7.878704166666667,0.0931,9.31
6.4%,0.0642,6.419999999999999,NPA2016,NPA,312.0,1.3,False,8.412472602281833,0.11500671490778012,11.500671490778013,7.896304166666667,0.09364583333333333,9.364583333333334
6.4%,0.0642,6.419999999999999,NPA2016,NPA,336.0,1.4,False,8.42647634863257,0.11500671490778012,11.500671490778013,7.917754166666667,0.09478333333333333,9.478333333333333
6.4%,0.0642,6.419999999999999,NPA2016,NPA,360.0,1.5,False,8.443533320774037,0.11500671490778012,11.500671490778013,7.951083333333333,0.09674166666666667,9.674166666666666
6.4%,0.0642,6.419999999999999,Nygaard2022,"TurbOPark, A=0.04",-360.0,-1.5,False,6.808422859497372,0.0642,6.419999999999999,8.109754166666667,0.09191666666666666,9.191666666666666
6.4%,0.0642,6.419999999999999,Nygaard2022,"TurbOPark, A=0.04",-336.0,-1.4,False,6.9679369143272485,0.0642,6.419999999999999,8.1741,0.09121666666666668,9.121666666666668
6.4%,0.0642,6.419999999999999,Nygaard2022,"TurbOPark, A=0.04",-312.0,-1.3,False,7.113188955070343,0.0642,6.419999999999999,8.206879166666667,0.09071666666666667,9.071666666666667
6.4%,0.0642,6.419999999999999,Nygaard2022,"TurbOPark, A=0.04",-288.0,-1.2,False,7.206082412008881,0.0642,6.419999999999999,8.222804166666666,0.08997083333333333,8.997083333333332
6.4%,0.0642,6.419999999999999,Nygaard2022,"TurbOPark, A=0.04",-264.0,-1.1,False,7.230881630848373,0.0642,6.419999999999999,8.2389625,0.08887499999999998,8.887499999999998
6.4%,0.0642,6.419999999999999,Nygaard2022,"TurbOPark, A=0.04",-240.0,-1.0,False,7.200981715276464,0.0642,6.419999999999999,8.250729166666666,0.08834166666666667,8.834166666666667
6.4%,0.0642,6.419999999999999,Nygaard2022,"TurbOPark, A=0.04",-216.0,-0.9,False,7.148706651178422,0.0642,6.419999999999999,8.249879166666666,0.08862500000000001,8.8625
6.4%,0.0642,6.419999999999999,Nygaard2022,"TurbOPark, A=0.04",-192.0,-0.8,False,7.107786621619331,0.0642,6.419999999999999,8.243541666666667,0.0897625,8.97625
6.4%,0.0642,6.419999999999999,Nygaard2022,"TurbOPark, A=0.04",-168.0,-0.7,False,7.101186144032683,0.0642,6.419999999999999,8.239445833333333,0.09136250000000001,9.13625
6.4%,0.0642,6.419999999999999,Nygaard2022,"TurbOPark, A=0.04",-144.0,-0.6,False,7.136992235815885,0.0642,6.419999999999999,8.241837499999999,0.09216250000000001,9.21625
6.4%,0.0642,6.419999999999999,Nygaard2022,"TurbOPark, A=0.04",-120.0,-0.5,True,7.208801920888965,0.0642,6.419999999999999,8.242258333333332,0.09270416666666667,9.270416666666668
6.4%,0.0642,6.419999999999999,Nygaard2022,"TurbOPark, A=0.04",-96.0,-0.4,True,7.299157066694166,0.0642,6.419999999999999,8.241304166666668,0.09391666666666668,9.391666666666667
6.4%,0.0642,6.419999999999999,Nygaard2022,"TurbOPark, A=0.04",-72.0,-0.3,True,7.385126413331037,0.0642,6.419999999999999,8.235516666666665,0.09455833333333334,9.455833333333334
6.4%,0.0642,6.419999999999999,Nygaard2022,"TurbOPark, A=0.04",-48.0,-0.2,True,7.445983732671847,0.0642,6.419999999999999,8.21235,0.09512083333333334,9.512083333333333
6.4%,0.0642,6.419999999999999,Nygaard2022,"TurbOPark, A=0.04",-24.0,-0.1,True,7.470768372440176,0.0642,6.419999999999999,8.188479166666667,0.09598333333333334,9.598333333333334
6.4%,0.0642,6.419999999999999,Nygaard2022,"TurbOPark, A=0.04",0.0,0.0,True,7.460948787792364,0.0642,6.419999999999999,8.159775,0.09639583333333335,9.639583333333334
6.4%,0.0642,6.419999999999999,Nygaard2022,"TurbOPark, A=0.04",24.0,0.1,True,7.425396162473405,0.0642,6.419999999999999,8.1192125,0.09572499999999999,9.5725
6.4%,0.0642,6.419999999999999,Nygaard2022,"TurbOPark, A=0.04",48.0,0.2,True,7.370427824522515,0.0642,6.419999999999999,8.084025,0.09457083333333333,9.457083333333333
6.4%,0.0642,6.419999999999999,Nygaard2022,"TurbOPark, A=0.04",72.0,0.3,True,7.291752826764713,0.0642,6.419999999999999,8.0460125,0.09334166666666666,9.334166666666665
6.4%,0.0642,6.419999999999999,Nygaard2022,"TurbOPark, A=0.04",96.0,0.4,True,7.174027954622206,0.0642,6.419999999999999,7.993691666666667,0.09247916666666667,9.247916666666667
6.4%,0.0642,6.419999999999999,Nygaard2022,"TurbOPark, A=0.04",120.0,0.5,True,7.0012479140855834,0.0642,6.419999999999999,7.948829166666666,0.09222083333333334,9.222083333333334
6.4%,0.0642,6.419999999999999,Nygaard2022,"TurbOPark, A=0.04",144.0,0.6,False,6.77328389665837,0.0642,6.419999999999999,7.921270833333334,0.09229166666666667,9.229166666666668
6.4%,0.0642,6.419999999999999,Nygaard2022,"TurbOPark, A=0.04",168.0,0.7,False,6.515836648645394,0.0642,6.419999999999999,7.898866666666667,0.0934875,9.34875
6.4%,0.0642,6.419999999999999,Nygaard2022,"TurbOPark, A=0.04",192.0,0.8,False,6.275316399435166,0.0642,6.419999999999999,7.876916666666666,0.09502083333333333,9.502083333333333
6.4%,0.0642,6.419999999999999,Nygaard2022,"TurbOPark, A=0.04",216.0,0.9,False,6.103321301702207,0.0642,6.419999999999999,7.860704166666666,0.09567083333333333,9.567083333333333
6.4%,0.0642,6.419999999999999,Nygaard2022,"TurbOPark, A=0.04",240.0,1.0,False,6.0399198143463195,0.0642,6.419999999999999,7.859608333333333,0.09525833333333333,9.525833333333333
6.4%,0.0642,6.419999999999999,Nygaard2022,"TurbOPark, A=0.04",264.0,1.1,False,6.101331758446967,0.0642,6.419999999999999,7.8661208333333335,0.09399166666666667,9.399166666666666
6.4%,0.0642,6.419999999999999,Nygaard2022,"TurbOPark, A=0.04",288.0,1.2,False,6.274014015199786,0.0642,6.419999999999999,7.878704166666667,0.0931,9.31
6.4%,0.0642,6.419999999999999,Nygaard2022,"TurbOPark, A=0.04",312.0,1.3,False,6.515550938355215,0.0642,6.419999999999999,7.896304166666667,0.09364583333333333,9.364583333333334
6.4%,0.0642,6.419999999999999,Nygaard2022,"TurbOPark, A=0.04",336.0,1.4,False,6.762724343766244,0.0642,6.419999999999999,7.917754166666667,0.09478333333333333,9.478333333333333
6.4%,0.0642,6.419999999999999,Nygaard2022,"TurbOPark, A=0.04",360.0,1.5,False,6.948873675415904,0.0642,6.419999999999999,7.951083333333333,0.09674166666666667,9.674166666666666
6.4%,0.0642,6.419999999999999,Nygaard2022_A0.06,"TurbOPark, A=0.06",-360.0,-1.5,False,7.48994155678833,0.0642,6.419999999999999,8.109754166666667,0.09191666666666666,9.191666666666666
6.4%,0.0642,6.419999999999999,Nygaard2022_A0.06,"TurbOPark, A=0.06",-336.0,-1.4,False,7.569851424604115,0.0642,6.419999999999999,8.1741,0.09121666666666668,9.121666666666668
6.4%,0.0642,6.419999999999999,Nygaard2022_A0.06,"TurbOPark, A=0.06",-312.0,-1.3,False,7.649824412918241,0.0642,6.419999999999999,8.206879166666667,0.09071666666666667,9.071666666666667
6.4%,0.0642,6.419999999999999,Nygaard2022_A0.06,"TurbOPark, A=0.06",-288.0,-1.2,False,7.714844661426914,0.0642,6.419999999999999,8.222804166666666,0.08997083333333333,8.997083333333332
6.4%,0.0642,6.419999999999999,Nygaard2022_A0.06,"TurbOPark, A=0.06",-264.0,-1.1,False,7.756470067403572,0.0642,6.419999999999999,8.2389625,0.08887499999999998,8.887499999999998
6.4%,0.0642,6.419999999999999,Nygaard2022_A0.06,"TurbOPark, A=0.06",-240.0,-1.0,False,7.775362229583126,0.0642,6.419999999999999,8.250729166666666,0.08834166666666667,8.834166666666667
6.4%,0.0642,6.419999999999999,Nygaard2022_A0.06,"TurbOPark, A=0.06",-216.0,-0.9,False,7.779729457263584,0.0642,6.419999999999999,8.249879166666666,0.08862500000000001,8.8625
6.4%,0.0642,6.419999999999999,Nygaard2022_A0.06,"TurbOPark, A=0.06",-192.0,-0.8,False,7.780756317776914,0.0642,6.419999999999999,8.243541666666667,0.0897625,8.97625
6.4%,0.0642,6.419999999999999,Nygaard2022_A0.06,"TurbOPark, A=0.06",-168.0,-0.7,False,7.7880447261045695,0.0642,6.419999999999999,8.239445833333333,0.09136250000000001,9.13625
6.4%,0.0642,6.419999999999999,Nygaard2022_A0.06,"TurbOPark, A=0.06",-144.0,-0.6,False,7.806884631930177,0.0642,6.419999999999999,8.241837499999999,0.09216250000000001,9.21625
6.4%,0.0642,6.419999999999999,Nygaard2022_A0.06,"TurbOPark, A=0.06",-120.0,-0.5,True,7.837638367866771,0.0642,6.419999999999999,8.242258333333332,0.09270416666666667,9.270416666666668
6.4%,0.0642,6.419999999999999,Nygaard2022_A0.06,"TurbOPark, A=0.06",-96.0,-0.4,True,7.876513278479026,0.0642,6.419999999999999,8.241304166666668,0.09391666666666668,9.391666666666667
6.4%,0.0642,6.419999999999999,Nygaard2022_A0.06,"TurbOPark, A=0.06",-72.0,-0.3,True,7.917235644400243,0.0642,6.419999999999999,8.235516666666665,0.09455833333333334,9.455833333333334
6.4%,0.0642,6.419999999999999,Nygaard2022_A0.06,"TurbOPark, A=0.06",-48.0,-0.2,True,7.952859195167402,0.0642,6.419999999999999,8.21235,0.09512083333333334,9.512083333333333
6.4%,0.0642,6.419999999999999,Nygaard2022_A0.06,"TurbOPark, A=0.06",-24.0,-0.1,True,7.977092095273518,0.0642,6.419999999999999,8.188479166666667,0.09598333333333334,9.598333333333334
6.4%,0.0642,6.419999999999999,Nygaard2022_A0.06,"TurbOPark, A=0.06",0.0,0.0,True,7.9845946960025955,0.0642,6.419999999999999,8.159775,0.09639583333333335,9.639583333333334
6.4%,0.0642,6.419999999999999,Nygaard2022_A0.06,"TurbOPark, A=0.06",24.0,0.1,True,7.9700305026957405,0.0642,6.419999999999999,8.1192125,0.09572499999999999,9.5725
6.4%,0.0642,6.419999999999999,Nygaard2022_A0.06,"TurbOPark, A=0.06",48.0,0.2,True,7.926991844341712,0.0642,6.419999999999999,8.084025,0.09457083333333333,9.457083333333333
6.4%,0.0642,6.419999999999999,Nygaard2022_A0.06,"TurbOPark, A=0.06",72.0,0.3,True,7.848526800945437,0.0642,6.419999999999999,8.0460125,0.09334166666666666,9.334166666666665
6.4%,0.0642,6.419999999999999,Nygaard2022_A0.06,"TurbOPark, A=0.06",96.0,0.4,True,7.730382282732554,0.0642,6.419999999999999,7.993691666666667,0.09247916666666667,9.247916666666667
6.4%,0.0642,6.419999999999999,Nygaard2022_A0.06,"TurbOPark, A=0.06",120.0,0.5,True,7.575727432017134,0.0642,6.419999999999999,7.948829166666666,0.09222083333333334,9.222083333333334
6.4%,0.0642,6.419999999999999,Nygaard2022_A0.06,"TurbOPark, A=0.06",144.0,0.6,False,7.397896416552674,0.0642,6.419999999999999,7.921270833333334,0.09229166666666667,9.229166666666668
6.4%,0.0642,6.419999999999999,Nygaard2022_A0.06,"TurbOPark, A=0.06",168.0,0.7,False,7.218982830921512,0.0642,6.419999999999999,7.898866666666667,0.0934875,9.34875
6.4%,0.0642,6.419999999999999,Nygaard2022_A0.06,"TurbOPark, A=0.06",192.0,0.8,False,7.065175473465855,0.0642,6.419999999999999,7.876916666666666,0.09502083333333333,9.502083333333333
6.4%,0.0642,6.419999999999999,Nygaard2022_A0.06,"TurbOPark, A=0.06",216.0,0.9,False,6.960602828051348,0.0642,6.419999999999999,7.860704166666666,0.09567083333333333,9.567083333333333
6.4%,0.0642,6.419999999999999,Nygaard2022_A0.06,"TurbOPark, A=0.06",240.0,1.0,False,6.921824311386249,0.0642,6.419999999999999,7.859608333333333,0.09525833333333333,9.525833333333333
6.4%,0.0642,6.419999999999999,Nygaard2022_A0.06,"TurbOPark, A=0.06",264.0,1.1,False,6.953762116650486,0.0642,6.419999999999999,7.8661208333333335,0.09399166666666667,9.399166666666666
6.4%,0.0642,6.419999999999999,Nygaard2022_A0.06,"TurbOPark, A=0.06",288.0,1.2,False,7.047690942270254,0.0642,6.419999999999999,7.878704166666667,0.0931,9.31
6.4%,0.0642,6.419999999999999,Nygaard2022_A0.06,"TurbOPark, A=0.06",312.0,1.3,False,7.182297901721636,0.0642,6.419999999999999,7.896304166666667,0.09364583333333333,9.364583333333334
6.4%,0.0642,6.419999999999999,Nygaard2022_A0.06,"TurbOPark, A=0.06",336.0,1.4,False,7.327640232992238,0.0642,6.419999999999999,7.917754166666667,0.09478333333333333,9.478333333333333
6.4%,0.0642,6.419999999999999,Nygaard2022_A0.06,"TurbOPark, A=0.06",360.0,1.5,False,7.452706419822404,0.0642,6.419999999999999,7.951083333333333,0.09674166666666667,9.674166666666666
7.0%,0.07036741444444444,7.036741444444444,BPA2014,BPA,-360.0,-1.5,False,8.320813366380428,0.12042328423326859,12.04232842332686,8.109754166666667,0.09191666666666666,9.191666666666666
7.0%,0.07036741444444444,7.036741444444444,BPA2014,BPA,-336.0,-1.4,False,8.368156929025488,0.12042328423326859,12.04232842332686,8.1741,0.09121666666666668,9.121666666666668
7.0%,0.07036741444444444,7.036741444444444,BPA2014,BPA,-312.0,-1.3,False,8.404300836789563,0.12042328423326859,12.04232842332686,8.206879166666667,0.09071666666666667,9.071666666666667
7.0%,0.07036741444444444,7.036741444444444,BPA2014,BPA,-288.0,-1.2,False,8.431774075840483,0.12042328423326859,12.04232842332686,8.222804166666666,0.08997083333333333,8.997083333333332
7.0%,0.07036741444444444,7.036741444444444,BPA2014,BPA,-264.0,-1.1,False,8.452568061556574,0.12042328423326859,12.04232842332686,8.2389625,0.08887499999999998,8.887499999999998
7.0%,0.07036741444444444,7.036741444444444,BPA2014,BPA,-240.0,-1.0,False,8.468035048697038,0.12042328423326859,12.04232842332686,8.250729166666666,0.08834166666666667,8.834166666666667
7.0%,0.07036741444444444,7.036741444444444,BPA2014,BPA,-216.0,-0.9,False,8.47890162904713,0.12042328423326859,12.04232842332686,8.249879166666666,0.08862500000000001,8.8625
7.0%,0.07036741444444444,7.036741444444444,BPA2014,BPA,-192.0,-0.8,False,8.485356381693265,0.12042328423326859,12.04232842332686,8.243541666666667,0.0897625,8.97625
7.0%,0.07036741444444444,7.036741444444444,BPA2014,BPA,-168.0,-0.7,False,8.48717689591534,0.12042328423326859,12.04232842332686,8.239445833333333,0.09136250000000001,9.13625
7.0%,0.07036741444444444,7.036741444444444,BPA2014,BPA,-144.0,-0.6,False,8.483871485867951,0.12042328423326859,12.04232842332686,8.241837499999999,0.09216250000000001,9.21625
7.0%,0.07036741444444444,7.036741444444444,BPA2014,BPA,-120.0,-0.5,True,8.474820781683771,0.1345940043422971,13.45940043422971,8.242258333333332,0.09270416666666667,9.270416666666668
7.0%,0.07036741444444444,7.036741444444444,BPA2014,BPA,-96.0,-0.4,True,8.459411631307983,0.1345940043422971,13.45940043422971,8.241304166666668,0.09391666666666668,9.391666666666667
7.0%,0.07036741444444444,7.036741444444444,BPA2014,BPA,-72.0,-0.3,True,8.437159666667597,0.1345940043422971,13.45940043422971,8.235516666666665,0.09455833333333334,9.455833333333334
7.0%,0.07036741444444444,7.036741444444444,BPA2014,BPA,-48.0,-0.2,True,8.407817925140332,0.1345940043422971,13.45940043422971,8.21235,0.09512083333333334,9.512083333333333
7.0%,0.07036741444444444,7.036741444444444,BPA2014,BPA,-24.0,-0.1,True,8.371468113667909,0.1345940043422971,13.45940043422971,8.188479166666667,0.09598333333333334,9.598333333333334
7.0%,0.07036741444444444,7.036741444444444,BPA2014,BPA,0.0,0.0,True,8.328589634900423,0.1345940043422971,13.45940043422971,8.159775,0.09639583333333335,9.639583333333334
7.0%,0.07036741444444444,7.036741444444444,BPA2014,BPA,24.0,0.1,True,8.280100385262825,0.1345940043422971,13.45940043422971,8.1192125,0.09572499999999999,9.5725
7.0%,0.07036741444444444,7.036741444444444,BPA2014,BPA,48.0,0.2,True,8.227363306005246,0.1345940043422971,13.45940043422971,8.084025,0.09457083333333333,9.457083333333333
7.0%,0.07036741444444444,7.036741444444444,BPA2014,BPA,72.0,0.3,True,8.172154087873148,0.1345940043422971,13.45940043422971,8.0460125,0.09334166666666666,9.334166666666665
7.0%,0.07036741444444444,7.036741444444444,BPA2014,BPA,96.0,0.4,True,8.116588309716438,0.1345940043422971,13.45940043422971,7.993691666666667,0.09247916666666667,9.247916666666667
7.0%,0.07036741444444444,7.036741444444444,BPA2014,BPA,120.0,0.5,True,8.063010318208107,0.1345940043422971,13.45940043422971,7.948829166666666,0.09222083333333334,9.222083333333334
7.0%,0.07036741444444444,7.036741444444444,BPA2014,BPA,144.0,0.6,False,8.013850753986738,0.1345940043422971,13.45940043422971,7.921270833333334,0.09229166666666667,9.229166666666668
7.0%,0.07036741444444444,7.036741444444444,BPA2014,BPA,168.0,0.7,False,7.971464054855138,0.1345940043422971,13.45940043422971,7.898866666666667,0.0934875,9.34875
7.0%,0.07036741444444444,7.036741444444444,BPA2014,BPA,192.0,0.8,False,7.937960731840579,0.1345940043422971,13.45940043422971,7.876916666666666,0.09502083333333333,9.502083333333333
7.0%,0.07036741444444444,7.036741444444444,BPA2014,BPA,216.0,0.9,False,7.915051030420236,0.1345940043422971,13.45940043422971,7.860704166666666,0.09567083333333333,9.567083333333333
7.0%,0.07036741444444444,7.036741444444444,BPA2014,BPA,240.0,1.0,False,7.9039163026763655,0.1345940043422971,13.45940043422971,7.859608333333333,0.09525833333333333,9.525833333333333
7.0%,0.07036741444444444,7.036741444444444,BPA2014,BPA,264.0,1.1,False,7.905121906872597,0.1345940043422971,13.45940043422971,7.8661208333333335,0.09399166666666667,9.399166666666666
7.0%,0.07036741444444444,7.036741444444444,BPA2014,BPA,288.0,1.2,False,7.918580974253427,0.1345940043422971,13.45940043422971,7.878704166666667,0.0931,9.31
7.0%,0.07036741444444444,7.036741444444444,BPA2014,BPA,312.0,1.3,False,7.9435725341539865,0.1345940043422971,13.45940043422971,7.896304166666667,0.09364583333333333,9.364583333333334
7.0%,0.07036741444444444,7.036741444444444,BPA2014,BPA,336.0,1.4,False,7.978811091917297,0.1345940043422971,13.45940043422971,7.917754166666667,0.09478333333333333,9.478333333333333
7.0%,0.07036741444444444,7.036741444444444,BPA2014,BPA,360.0,1.5,False,8.0225586874809,0.1345940043422971,13.45940043422971,7.951083333333333,0.09674166666666667,9.674166666666666
7.0%,0.07036741444444444,7.036741444444444,NPA2016,NPA,-360.0,-1.5,False,8.552817029400167,0.13351833823970247,13.351833823970246,8.109754166666667,0.09191666666666666,9.191666666666666
7.0%,0.07036741444444444,7.036741444444444,NPA2016,NPA,-336.0,-1.4,False,8.593900034101246,0.13351833823970247,13.351833823970246,8.1741,0.09121666666666668,9.121666666666668
7.0%,0.07036741444444444,7.036741444444444,NPA2016,NPA,-312.0,-1.3,False,8.626415739645546,0.10768589678143115,10.768589678143115,8.206879166666667,0.09071666666666667,9.071666666666667
7.0%,0.07036741444444444,7.036741444444444,NPA2016,NPA,-288.0,-1.2,False,8.650844740055074,0.10768589678143115,10.768589678143115,8.222804166666666,0.08997083333333333,8.997083333333332
7.0%,0.07036741444444444,7.036741444444444,NPA2016,NPA,-264.0,-1.1,False,8.667860956991099,0.10768589678143115,10.768589678143115,8.2389625,0.08887499999999998,8.887499999999998
7.0%,0.07036741444444444,7.036741444444444,NPA2016,NPA,-240.0,-1.0,False,8.678253139185657,0.11878713833832814,11.878713833832814,8.250729166666666,0.08834166666666667,8.834166666666667
7.0%,0.07036741444444444,7.036741444444444,NPA2016,NPA,-216.0,-0.9,False,8.682823303930517,0.11878713833832814,11.878713833832814,8.249879166666666,0.08862500000000001,8.8625
7.0%,0.07036741444444444,7.036741444444444,NPA2016,NPA,-192.0,-0.8,False,8.682343933210381,0.11878713833832814,11.878713833832814,8.243541666666667,0.0897625,8.97625
7.0%,0.07036741444444444,7.036741444444444,NPA2016,NPA,-168.0,-0.7,False,8.677513858459616,0.11878713833832814,11.878713833832814,8.239445833333333,0.09136250000000001,9.13625
7.0%,0.07036741444444444,7.036741444444444,NPA2016,NPA,-144.0,-0.6,False,8.668952648122147,0.11878713833832814,11.878713833832814,8.241837499999999,0.09216250000000001,9.21625
7.0%,0.07036741444444444,7.036741444444444,NPA2016,NPA,-120.0,-0.5,True,8.657220283249785,0.11878713833832814,11.878713833832814,8.242258333333332,0.09270416666666667,9.270416666666668
7.0%,0.07036741444444444,7.036741444444444,NPA2016,NPA,-96.0,-0.4,True,8.64281885978514,0.11878713833832814,11.878713833832814,8.241304166666668,0.09391666666666668,9.391666666666667
7.0%,0.07036741444444444,7.036741444444444,NPA2016,NPA,-72.0,-0.3,True,8.62621825391204,0.11878713833832814,11.878713833832814,8.235516666666665,0.09455833333333334,9.455833333333334
7.0%,0.07036741444444444,7.036741444444444,NPA2016,NPA,-48.0,-0.2,True,8.607874054665023,0.11878713833832814,11.878713833832814,8.21235,0.09512083333333334,9.512083333333333
7.0%,0.07036741444444444,7.036741444444444,NPA2016,NPA,-24.0,-0.1,True,8.588250492421217,0.11878713833832814,11.878713833832814,8.188479166666667,0.09598333333333334,9.598333333333334
7.0%,0.07036741444444444,7.036741444444444,NPA2016,NPA,0.0,0.0,True,8.567829509436304,0.11878713833832814,11.878713833832814,8.159775,0.09639583333333335,9.639583333333334
7.0%,0.07036741444444444,7.036741444444444,NPA2016,NPA,24.0,0.1,True,8.547117332160921,0.11878713833832814,11.878713833832814,8.1192125,0.09572499999999999,9.5725
7.0%,0.07036741444444444,7.036741444444444,NPA2016,NPA,48.0,0.2,True,8.526640996089236,0.11878713833832814,11.878713833832814,8.084025,0.09457083333333333,9.457083333333333
7.0%,0.07036741444444444,7.036741444444444,NPA2016,NPA,72.0,0.3,True,8.506945488119303,0.11878713833832814,11.878713833832814,8.0460125,0.09334166666666666,9.334166666666665
7.0%,0.07036741444444444,7.036741444444444,NPA2016,NPA,96.0,0.4,True,8.48858103316848,0.11878713833832814,11.878713833832814,7.993691666666667,0.09247916666666667,9.247916666666667
7.0%,0.07036741444444444,7.036741444444444,NPA2016,NPA,120.0,0.5,True,8.472074932752946,0.11878713833832814,11.878713833832814,7.948829166666666,0.09222083333333334,9.222083333333334
7.0%,0.07036741444444444,7.036741444444444,NPA2016,NPA,144.0,0.6,False,8.457927413016389,0.11878713833832814,11.878713833832814,7.921270833333334,0.09229166666666667,9.229166666666668
7.0%,0.07036741444444444,7.036741444444444,NPA2016,NPA,168.0,0.7,False,8.446579642460101,0.11878713833832814,11.878713833832814,7.898866666666667,0.0934875,9.34875
7.0%,0.07036741444444444,7.036741444444444,NPA2016,NPA,192.0,0.8,False,8.43840539750794,0.11878713833832814,11.878713833832814,7.876916666666666,0.09502083333333333,9.502083333333333
7.0%,0.07036741444444444,7.036741444444444,NPA2016,NPA,216.0,0.9,False,8.433689307031212,0.11878713833832814,11.878713833832814,7.860704166666666,0.09567083333333333,9.567083333333333
7.0%,0.07036741444444444,7.036741444444444,NPA2016,NPA,240.0,1.0,False,8.432602465184626,0.11878713833832814,11.878713833832814,7.859608333333333,0.09525833333333333,9.525833333333333
7.0%,0.07036741444444444,7.036741444444444,NPA2016,NPA,264.0,1.1,False,8.435206957077588,0.11878713833832814,11.878713833832814,7.8661208333333335,0.09399166666666667,9.399166666666666
7.0%,0.07036741444444444,7.036741444444444,NPA2016,NPA,288.0,1.2,False,8.441443278237152,0.11878713833832814,11.878713833832814,7.878704166666667,0.0931,9.31
7.0%,0.07036741444444444,7.036741444444444,NPA2016,NPA,312.0,1.3,False,8.451147381124077,0.11878713833832814,11.878713833832814,7.896304166666667,0.09364583333333333,9.364583333333334
7.0%,0.07036741444444444,7.036741444444444,NPA2016,NPA,336.0,1.4,False,8.464021828142961,0.11878713833832814,11.878713833832814,7.917754166666667,0.09478333333333333,9.478333333333333
7.0%,0.07036741444444444,7.036741444444444,NPA2016,NPA,360.0,1.5,False,8.479670527420886,0.11878713833832814,11.878713833832814,7.951083333333333,0.09674166666666667,9.674166666666666
7.0%,0.07036741444444444,7.036741444444444,Nygaard2022,"TurbOPark, A=0.04",-360.0,-1.5,False,6.872347663852315,0.07036741444444444,7.036741444444444,8.109754166666667,0.09191666666666666,9.191666666666666
7.0%,0.07036741444444444,7.036741444444444,Nygaard2022,"TurbOPark, A=0.04",-336.0,-1.4,False,7.027845558846691,0.07036741444444444,7.036741444444444,8.1741,0.09121666666666668,9.121666666666668
7.0%,0.07036741444444444,7.036741444444444,Nygaard2022,"TurbOPark, A=0.04",-312.0,-1.3,False,7.170193905992941,0.07036741444444444,7.036741444444444,8.206879166666667,0.09071666666666667,9.071666666666667
7.0%,0.07036741444444444,7.036741444444444,Nygaard2022,"TurbOPark, A=0.04",-288.0,-1.2,False,7.26325292675684,0.07036741444444444,7.036741444444444,8.222804166666666,0.08997083333333333,8.997083333333332
7.0%,0.07036741444444444,7.036741444444444,Nygaard2022,"TurbOPark, A=0.04",-264.0,-1.1,False,7.291968296972602,0.07036741444444444,7.036741444444444,8.2389625,0.08887499999999998,8.887499999999998
7.0%,0.07036741444444444,7.036741444444444,Nygaard2022,"TurbOPark, A=0.04",-240.0,-1.0,False,7.268627879335984,0.07036741444444444,7.036741444444444,8.250729166666666,0.08834166666666667,8.834166666666667
7.0%,0.07036741444444444,7.036741444444444,Nygaard2022,"TurbOPark, A=0.04",-216.0,-0.9,False,7.223322016354629,0.07036741444444444,7.036741444444444,8.249879166666666,0.08862500000000001,8.8625
7.0%,0.07036741444444444,7.036741444444444,Nygaard2022,"TurbOPark, A=0.04",-192.0,-0.8,False,7.187629083800177,0.07036741444444444,7.036741444444444,8.243541666666667,0.0897625,8.97625
7.0%,0.07036741444444444,7.036741444444444,Nygaard2022,"TurbOPark, A=0.04",-168.0,-0.7,False,7.183184932059804,0.07036741444444444,7.036741444444444,8.239445833333333,0.09136250000000001,9.13625
7.0%,0.07036741444444444,7.036741444444444,Nygaard2022,"TurbOPark, A=0.04",-144.0,-0.6,False,7.217671140082569,0.07036741444444444,7.036741444444444,8.241837499999999,0.09216250000000001,9.21625
7.0%,0.07036741444444444,7.036741444444444,Nygaard2022,"TurbOPark, A=0.04",-120.0,-0.5,True,7.285437914400163,0.07036741444444444,7.036741444444444,8.242258333333332,0.09270416666666667,9.270416666666668
7.0%,0.07036741444444444,7.036741444444444,Nygaard2022,"TurbOPark, A=0.04",-96.0,-0.4,True,7.370664275020976,0.07036741444444444,7.036741444444444,8.241304166666668,0.09391666666666668,9.391666666666667
7.0%,0.07036741444444444,7.036741444444444,Nygaard2022,"TurbOPark, A=0.04",-72.0,-0.3,True,7.452545639909065,0.07036741444444444,7.036741444444444,8.235516666666665,0.09455833333333334,9.455833333333334
7.0%,0.07036741444444444,7.036741444444444,Nygaard2022,"TurbOPark, A=0.04",-48.0,-0.2,True,7.512268945684502,0.07036741444444444,7.036741444444444,8.21235,0.09512083333333334,9.512083333333333
7.0%,0.07036741444444444,7.036741444444444,Nygaard2022,"TurbOPark, A=0.04",-24.0,-0.1,True,7.539524566722818,0.07036741444444444,7.036741444444444,8.188479166666667,0.09598333333333334,9.598333333333334
7.0%,0.07036741444444444,7.036741444444444,Nygaard2022,"TurbOPark, A=0.04",0.0,0.0,True,7.534708352849397,0.07036741444444444,7.036741444444444,8.159775,0.09639583333333335,9.639583333333334
7.0%,0.07036741444444444,7.036741444444444,Nygaard2022,"TurbOPark, A=0.04",24.0,0.1,True,7.504428598306786,0.07036741444444444,7.036741444444444,8.1192125,0.09572499999999999,9.5725
7.0%,0.07036741444444444,7.036741444444444,Nygaard2022,"TurbOPark, A=0.04",48.0,0.2,True,7.4525262769196985,0.07036741444444444,7.036741444444444,8.084025,0.09457083333333333,9.457083333333333
7.0%,0.07036741444444444,7.036741444444444,Nygaard2022,"TurbOPark, A=0.04",72.0,0.3,True,7.373056600638613,0.07036741444444444,7.036741444444444,8.0460125,0.09334166666666666,9.334166666666665
7.0%,0.07036741444444444,7.036741444444444,Nygaard2022,"TurbOPark, A=0.04",96.0,0.4,True,7.250570161478439,0.07036741444444444,7.036741444444444,7.993691666666667,0.09247916666666667,9.247916666666667
7.0%,0.07036741444444444,7.036741444444444,Nygaard2022,"TurbOPark, A=0.04",120.0,0.5,True,7.070847092956257,0.07036741444444444,7.036741444444444,7.948829166666666,0.09222083333333334,9.222083333333334
7.0%,0.07036741444444444,7.036741444444444,Nygaard2022,"TurbOPark, A=0.04",144.0,0.6,False,6.836511541756325,0.07036741444444444,7.036741444444444,7.921270833333334,0.09229166666666667,9.229166666666668
7.0%,0.07036741444444444,7.036741444444444,Nygaard2022,"TurbOPark, A=0.04",168.0,0.7,False,6.575225543526784,0.07036741444444444,7.036741444444444,7.898866666666667,0.0934875,9.34875
7.0%,0.07036741444444444,7.036741444444444,Nygaard2022,"TurbOPark, A=0.04",192.0,0.8,False,6.33357747471979,0.07036741444444444,7.036741444444444,7.876916666666666,0.09502083333333333,9.502083333333333
7.0%,0.07036741444444444,7.036741444444444,Nygaard2022,"TurbOPark, A=0.04",216.0,0.9,False,6.16199812478892,0.07036741444444444,7.036741444444444,7.860704166666666,0.09567083333333333,9.567083333333333
7.0%,0.07036741444444444,7.036741444444444,Nygaard2022,"TurbOPark, A=0.04",240.0,1.0,False,6.099002026936214,0.07036741444444444,7.036741444444444,7.859608333333333,0.09525833333333333,9.525833333333333
7.0%,0.07036741444444444,7.036741444444444,Nygaard2022,"TurbOPark, A=0.04",264.0,1.1,False,6.159665822530693,0.07036741444444444,7.036741444444444,7.8661208333333335,0.09399166666666667,9.399166666666666
7.0%,0.07036741444444444,7.036741444444444,Nygaard2022,"TurbOPark, A=0.04",288.0,1.2,False,6.3300955155543495,0.07036741444444444,7.036741444444444,7.878704166666667,0.0931,9.31
7.0%,0.07036741444444444,7.036741444444444,Nygaard2022,"TurbOPark, A=0.04",312.0,1.3,False,6.568412434752069,0.07036741444444444,7.036741444444444,7.896304166666667,0.09364583333333333,9.364583333333334
7.0%,0.07036741444444444,7.036741444444444,Nygaard2022,"TurbOPark, A=0.04",336.0,1.4,False,6.812692746917982,0.07036741444444444,7.036741444444444,7.917754166666667,0.09478333333333333,9.478333333333333
7.0%,0.07036741444444444,7.036741444444444,Nygaard2022,"TurbOPark, A=0.04",360.0,1.5,False,6.997952683043954,0.07036741444444444,7.036741444444444,7.951083333333333,0.09674166666666667,9.674166666666666
7.0%,0.07036741444444444,7.036741444444444,Nygaard2022_A0.06,"TurbOPark, A=0.06",-360.0,-1.5,False,7.541373540746146,0.07036741444444444,7.036741444444444,8.109754166666667,0.09191666666666666,9.191666666666666
7.0%,0.07036741444444444,7.036741444444444,Nygaard2022_A0.06,"TurbOPark, A=0.06",-336.0,-1.4,False,7.6190724720744445,0.07036741444444444,7.036741444444444,8.1741,0.09121666666666668,9.121666666666668
7.0%,0.07036741444444444,7.036741444444444,Nygaard2022_A0.06,"TurbOPark, A=0.06",-312.0,-1.3,False,7.697890955143345,0.07036741444444444,7.036741444444444,8.206879166666667,0.09071666666666667,9.071666666666667
7.0%,0.07036741444444444,7.036741444444444,Nygaard2022_A0.06,"TurbOPark, A=0.06",-288.0,-1.2,False,7.763638110030952,0.07036741444444444,7.036741444444444,8.222804166666666,0.08997083333333333,8.997083333333332
7.0%,0.07036741444444444,7.036741444444444,Nygaard2022_A0.06,"TurbOPark, A=0.06",-264.0,-1.1,False,7.807947514432488,0.07036741444444444,7.036741444444444,8.2389625,0.08887499999999998,8.887499999999998
7.0%,0.07036741444444444,7.036741444444444,Nygaard2022_A0.06,"TurbOPark, A=0.06",-240.0,-1.0,False,7.830737847433933,0.07036741444444444,7.036741444444444,8.250729166666666,0.08834166666666667,8.834166666666667
7.0%,0.07036741444444444,7.036741444444444,Nygaard2022_A0.06,"TurbOPark, A=0.06",-216.0,-0.9,False,7.839030912327468,0.07036741444444444,7.036741444444444,8.249879166666666,0.08862500000000001,8.8625
7.0%,0.07036741444444444,7.036741444444444,Nygaard2022_A0.06,"TurbOPark, A=0.06",-192.0,-0.8,False,7.842943935950652,0.07036741444444444,7.036741444444444,8.243541666666667,0.0897625,8.97625
7.0%,0.07036741444444444,7.036741444444444,Nygaard2022_A0.06,"TurbOPark, A=0.06",-168.0,-0.7,False,7.85146050236467,0.07036741444444444,7.036741444444444,8.239445833333333,0.09136250000000001,9.13625
7.0%,0.07036741444444444,7.036741444444444,Nygaard2022_A0.06,"TurbOPark, A=0.06",-144.0,-0.6,False,7.869833231647953,0.07036741444444444,7.036741444444444,8.241837499999999,0.09216250000000001,9.21625
7.0%,0.07036741444444444,7.036741444444444,Nygaard2022_A0.06,"TurbOPark, A=0.06",-120.0,-0.5,True,7.89887539275149,0.07036741444444444,7.036741444444444,8.242258333333332,0.09270416666666667,9.270416666666668
7.0%,0.07036741444444444,7.036741444444444,Nygaard2022_A0.06,"TurbOPark, A=0.06",-96.0,-0.4,True,7.935585236517172,0.07036741444444444,7.036741444444444,8.241304166666668,0.09391666666666668,9.391666666666667
7.0%,0.07036741444444444,7.036741444444444,Nygaard2022_A0.06,"TurbOPark, A=0.06",-72.0,-0.3,True,7.974535546688078,0.07036741444444444,7.036741444444444,8.235516666666665,0.09455833333333334,9.455833333333334
7.0%,0.07036741444444444,7.036741444444444,Nygaard2022_A0.06,"TurbOPark, A=0.06",-48.0,-0.2,True,8.00939028377855,0.07036741444444444,7.036741444444444,8.21235,0.09512083333333334,9.512083333333333
7.0%,0.07036741444444444,7.036741444444444,Nygaard2022_A0.06,"TurbOPark, A=0.06",-24.0,-0.1,True,8.033998816883727,0.07036741444444444,7.036741444444444,8.188479166666667,0.09598333333333334,9.598333333333334
7.0%,0.07036741444444444,7.036741444444444,Nygaard2022_A0.06,"TurbOPark, A=0.06",0.0,0.0,True,8.042540560549414,0.07036741444444444,7.036741444444444,8.159775,0.09639583333333335,9.639583333333334
7.0%,0.07036741444444444,7.036741444444444,Nygaard2022_A0.06,"TurbOPark, A=0.06",24.0,0.1,True,8.028794881684966,0.07036741444444444,7.036741444444444,8.1192125,0.09572499999999999,9.5725
7.0%,0.07036741444444444,7.036741444444444,Nygaard2022_A0.06,"TurbOPark, A=0.06",48.0,0.2,True,7.985484460201896,0.07036741444444444,7.036741444444444,8.084025,0.09457083333333333,9.457083333333333
7.0%,0.07036741444444444,7.036741444444444,Nygaard2022_A0.06,"TurbOPark, A=0.06",72.0,0.3,True,7.905307291086826,0.07036741444444444,7.036741444444444,8.0460125,0.09334166666666666,9.334166666666665
7.0%,0.07036741444444444,7.036741444444444,Nygaard2022_A0.06,"TurbOPark, A=0.06",96.0,0.4,True,7.784483419031239,0.07036741444444444,7.036741444444444,7.993691666666667,0.09247916666666667,9.247916666666667
7.0%,0.07036741444444444,7.036741444444444,Nygaard2022_A0.06,"TurbOPark, A=0.06",120.0,0.5,True,7.627182725948705,0.07036741444444444,7.036741444444444,7.948829166666666,0.09222083333333334,9.222083333333334
7.0%,0.07036741444444444,7.036741444444444,Nygaard2022_A0.06,"TurbOPark, A=0.06",144.0,0.6,False,7.447615514289699,0.07036741444444444,7.036741444444444,7.921270833333334,0.09229166666666667,9.229166666666668
7.0%,0.07036741444444444,7.036741444444444,Nygaard2022_A0.06,"TurbOPark, A=0.06",168.0,0.7,False,7.268125463407298,0.07036741444444444,7.036741444444444,7.898866666666667,0.0934875,9.34875
7.0%,0.07036741444444444,7.036741444444444,Nygaard2022_A0.06,"TurbOPark, A=0.06",192.0,0.8,False,7.1144716001743715,0.07036741444444444,7.036741444444444,7.876916666666666,0.09502083333333333,9.502083333333333
7.0%,0.07036741444444444,7.036741444444444,Nygaard2022_A0.06,"TurbOPark, A=0.06",216.0,0.9,False,7.010081689707484,0.07036741444444444,7.036741444444444,7.860704166666666,0.09567083333333333,9.567083333333333
7.0%,0.07036741444444444,7.036741444444444,Nygaard2022_A0.06,"TurbOPark, A=0.06",240.0,1.0,False,6.970840404829368,0.07036741444444444,7.036741444444444,7.859608333333333,0.09525833333333333,9.525833333333333
7.0%,0.07036741444444444,7.036741444444444,Nygaard2022_A0.06,"TurbOPark, A=0.06",264.0,1.1,False,7.001330996102686,0.07036741444444444,7.036741444444444,7.8661208333333335,0.09399166666666667,9.399166666666666
7.0%,0.07036741444444444,7.036741444444444,Nygaard2022_A0.06,"TurbOPark, A=0.06",288.0,1.2,False,7.093020922753331,0.07036741444444444,7.036741444444444,7.878704166666667,0.0931,9.31
7.0%,0.07036741444444444,7.036741444444444,Nygaard2022_A0.06,"TurbOPark, A=0.06",312.0,1.3,False,7.225270277403052,0.07036741444444444,7.036741444444444,7.896304166666667,0.09364583333333333,9.364583333333334
7.0%,0.07036741444444444,7.036741444444444,Nygaard2022_A0.06,"TurbOPark, A=0.06",336.0,1.4,False,7.369169443472135,0.07036741444444444,7.036741444444444,7.917754166666667,0.09478333333333333,9.478333333333333
7.0%,0.07036741444444444,7.036741444444444,Nygaard2022_A0.06,"TurbOPark, A=0.06",360.0,1.5,False,7.494698631335382,0.07036741444444444,7.036741444444444,7.951083333333333,0.09674166666666667,9.674166666666666
7.7%,0.07653482888888888,7.653482888888888,BPA2014,BPA,-360.0,-1.5,False,8.320813366380428,0.12391837148064785,12.391837148064786,8.109754166666667,0.09191666666666666,9.191666666666666
7.7%,0.07653482888888888,7.653482888888888,BPA2014,BPA,-336.0,-1.4,False,8.368156929025488,0.12391837148064785,12.391837148064786,8.1741,0.09121666666666668,9.121666666666668
7.7%,0.07653482888888888,7.653482888888888,BPA2014,BPA,-312.0,-1.3,False,8.404300836789563,0.12391837148064785,12.391837148064786,8.206879166666667,0.09071666666666667,9.071666666666667
7.7%,0.07653482888888888,7.653482888888888,BPA2014,BPA,-288.0,-1.2,False,8.431774075840483,0.12391837148064785,12.391837148064786,8.222804166666666,0.08997083333333333,8.997083333333332
7.7%,0.07653482888888888,7.653482888888888,BPA2014,BPA,-264.0,-1.1,False,8.452568061556574,0.12391837148064785,12.391837148064786,8.2389625,0.08887499999999998,8.887499999999998
7.7%,0.07653482888888888,7.653482888888888,BPA2014,BPA,-240.0,-1.0,False,8.468035048697038,0.12391837148064785,12.391837148064786,8.250729166666666,0.08834166666666667,8.834166666666667
7.7%,0.07653482888888888,7.653482888888888,BPA2014,BPA,-216.0,-0.9,False,8.47890162904713,0.12391837148064785,12.391837148064786,8.249879166666666,0.08862500000000001,8.8625
7.7%,0.07653482888888888,7.653482888888888,BPA2014,BPA,-192.0,-0.8,False,8.485356381693265,0.12391837148064785,12.391837148064786,8.243541666666667,0.0897625,8.97625
7.7%,0.07653482888888888,7.653482888888888,BPA2014,BPA,-168.0,-0.7,False,8.48717689591534,0.12391837148064785,12.391837148064786,8.239445833333333,0.09136250000000001,9.13625
7.7%,0.07653482888888888,7.653482888888888,BPA2014,BPA,-144.0,-0.6,False,8.483871485867951,0.12391837148064785,12.391837148064786,8.241837499999999,0.09216250000000001,9.21625
7.7%,0.07653482888888888,7.653482888888888,BPA2014,BPA,-120.0,-0.5,True,8.474820781683771,0.13765849155391924,13.765849155391924,8.242258333333332,0.09270416666666667,9.270416666666668
7.7%,0.07653482888888888,7.653482888888888,BPA2014,BPA,-96.0,-0.4,True,8.459411631307983,0.13765849155391924,13.765849155391924,8.241304166666668,0.09391666666666668,9.391666666666667
7.7%,0.07653482888888888,7.653482888888888,BPA2014,BPA,-72.0,-0.3,True,8.437159666667597,0.13765849155391924,13.765849155391924,8.235516666666665,0.09455833333333334,9.455833333333334
7.7%,0.07653482888888888,7.653482888888888,BPA2014,BPA,-48.0,-0.2,True,8.407817925140332,0.13765849155391924,13.765849155391924,8.21235,0.09512083333333334,9.512083333333333
7.7%,0.07653482888888888,7.653482888888888,BPA2014,BPA,-24.0,-0.1,True,8.371468113667909,0.13765849155391924,13.765849155391924,8.188479166666667,0.09598333333333334,9.598333333333334
7.7%,0.07653482888888888,7.653482888888888,BPA2014,BPA,0.0,0.0,True,8.328589634900423,0.13765849155391924,13.765849155391924,8.159775,0.09639583333333335,9.639583333333334
7.7%,0.07653482888888888,7.653482888888888,BPA2014,BPA,24.0,0.1,True,8.280100385262825,0.13765849155391924,13.765849155391924,8.1192125,0.09572499999999999,9.5725
7.7%,0.07653482888888888,7.653482888888888,BPA2014,BPA,48.0,0.2,True,8.227363306005246,0.13765849155391924,13.765849155391924,8.084025,0.09457083333333333,9.457083333333333
7.7%,0.07653482888888888,7.653482888888888,BPA2014,BPA,72.0,0.3,True,8.172154087873148,0.13765849155391924,13.765849155391924,8.0460125,0.09334166666666666,9.334166666666665
7.7%,0.07653482888888888,7.653482888888888,BPA2014,BPA,96.0,0.4,True,8.116588309716438,0.13765849155391924,13.765849155391924,7.993691666666667,0.09247916666666667,9.247916666666667
7.7%,0.07653482888888888,7.653482888888888,BPA2014,BPA,120.0,0.5,True,8.063010318208107,0.13765849155391924,13.765849155391924,7.948829166666666,0.09222083333333334,9.222083333333334
7.7%,0.07653482888888888,7.653482888888888,BPA2014,BPA,144.0,0.6,False,8.013850753986738,0.13765849155391924,13.765849155391924,7.921270833333334,0.09229166666666667,9.229166666666668
7.7%,0.07653482888888888,7.653482888888888,BPA2014,BPA,168.0,0.7,False,7.971464054855138,0.13765849155391924,13.765849155391924,7.898866666666667,0.0934875,9.34875
7.7%,0.07653482888888888,7.653482888888888,BPA2014,BPA,192.0,0.8,False,7.937960731840579,0.13765849155391924,13.765849155391924,7.876916666666666,0.09502083333333333,9.502083333333333
7.7%,0.07653482888888888,7.653482888888888,BPA2014,BPA,216.0,0.9,False,7.915051030420236,0.13765849155391924,13.765849155391924,7.860704166666666,0.09567083333333333,9.567083333333333
7.7%,0.07653482888888888,7.653482888888888,BPA2014,BPA,240.0,1.0,False,7.9039163026763655,0.13765849155391924,13.765849155391924,7.859608333333333,0.09525833333333333,9.525833333333333
7.7%,0.07653482888888888,7.653482888888888,BPA2014,BPA,264.0,1.1,False,7.905121906872597,0.13765849155391924,13.765849155391924,7.8661208333333335,0.09399166666666667,9.399166666666666
7.7%,0.07653482888888888,7.653482888888888,BPA2014,BPA,288.0,1.2,False,7.918580974253427,0.13765849155391924,13.765849155391924,7.878704166666667,0.0931,9.31
7.7%,0.07653482888888888,7.653482888888888,BPA2014,BPA,312.0,1.3,False,7.9435725341539865,0.13765849155391924,13.765849155391924,7.896304166666667,0.09364583333333333,9.364583333333334
7.7%,0.07653482888888888,7.653482888888888,BPA2014,BPA,336.0,1.4,False,7.978811091917297,0.13765849155391924,13.765849155391924,7.917754166666667,0.09478333333333333,9.478333333333333
7.7%,0.07653482888888888,7.653482888888888,BPA2014,BPA,360.0,1.5,False,8.0225586874809,0.13765849155391924,13.765849155391924,7.951083333333333,0.09674166666666667,9.674166666666666
7.7%,0.07653482888888888,7.653482888888888,NPA2016,NPA,-360.0,-1.5,False,8.5717361030328,0.1371237882624758,13.712378826247578,8.109754166666667,0.09191666666666666,9.191666666666666
7.7%,0.07653482888888888,7.653482888888888,NPA2016,NPA,-336.0,-1.4,False,8.611816453647723,0.1371237882624758,13.712378826247578,8.1741,0.09121666666666668,9.121666666666668
7.7%,0.07653482888888888,7.653482888888888,NPA2016,NPA,-312.0,-1.3,False,8.64377700891772,0.11197447992940888,11.197447992940889,8.206879166666667,0.09071666666666667,9.071666666666667
7.7%,0.07653482888888888,7.653482888888888,NPA2016,NPA,-288.0,-1.2,False,8.667993042159077,0.11197447992940888,11.197447992940889,8.222804166666666,0.08997083333333333,8.997083333333332
7.7%,0.07653482888888888,7.653482888888888,NPA2016,NPA,-264.0,-1.1,False,8.685043757091055,0.11197447992940888,11.197447992940889,8.2389625,0.08887499999999998,8.887499999999998
7.7%,0.07653482888888888,7.653482888888888,NPA2016,NPA,-240.0,-1.0,False,8.69564209377134,0.122743783098266,12.2743783098266,8.250729166666666,0.08834166666666667,8.834166666666667
7.7%,0.07653482888888888,7.653482888888888,NPA2016,NPA,-216.0,-0.9,False,8.70053605523532,0.122743783098266,12.2743783098266,8.249879166666666,0.08862500000000001,8.8625
7.7%,0.07653482888888888,7.653482888888888,NPA2016,NPA,-192.0,-0.8,False,8.70046814217628,0.122743783098266,12.2743783098266,8.243541666666667,0.0897625,8.97625
7.7%,0.07653482888888888,7.653482888888888,NPA2016,NPA,-168.0,-0.7,False,8.696134234383306,0.122743783098266,12.2743783098266,8.239445833333333,0.09136250000000001,9.13625
7.7%,0.07653482888888888,7.653482888888888,NPA2016,NPA,-144.0,-0.6,False,8.688162053951146,0.122743783098266,12.2743783098266,8.241837499999999,0.09216250000000001,9.21625
7.7%,0.07653482888888888,7.653482888888888,NPA2016,NPA,-120.0,-0.5,True,8.677136866908416,0.122743783098266,12.2743783098266,8.242258333333332,0.09270416666666667,9.270416666666668
7.7%,0.07653482888888888,7.653482888888888,NPA2016,NPA,-96.0,-0.4,True,8.663567408345395,0.122743783098266,12.2743783098266,8.241304166666668,0.09391666666666668,9.391666666666667
7.7%,0.07653482888888888,7.653482888888888,NPA2016,NPA,-72.0,-0.3,True,8.647949965628834,0.122743783098266,12.2743783098266,8.235516666666665,0.09455833333333334,9.455833333333334
7.7%,0.07653482888888888,7.653482888888888,NPA2016,NPA,-48.0,-0.2,True,8.630747191673503,0.122743783098266,12.2743783098266,8.21235,0.09512083333333334,9.512083333333333
7.7%,0.07653482888888888,7.653482888888888,NPA2016,NPA,-24.0,-0.1,True,8.61242107924702,0.122743783098266,12.2743783098266,8.188479166666667,0.09598333333333334,9.598333333333334
7.7%,0.07653482888888888,7.653482888888888,NPA2016,NPA,0.0,0.0,True,8.59343697922419,0.122743783098266,12.2743783098266,8.159775,0.09639583333333335,9.639583333333334
7.7%,0.07653482888888888,7.653482888888888,NPA2016,NPA,24.0,0.1,True,8.574276392712232,0.122743783098266,12.2743783098266,8.1192125,0.09572499999999999,9.5725
7.7%,0.07653482888888888,7.653482888888888,NPA2016,NPA,48.0,0.2,True,8.55542252361536,0.122743783098266,12.2743783098266,8.084025,0.09457083333333333,9.457083333333333
7.7%,0.07653482888888888,7.653482888888888,NPA2016,NPA,72.0,0.3,True,8.537376119051968,0.122743783098266,12.2743783098266,8.0460125,0.09334166666666666,9.334166666666665
7.7%,0.07653482888888888,7.653482888888888,NPA2016,NPA,96.0,0.4,True,8.520621056266894,0.122743783098266,12.2743783098266,7.993691666666667,0.09247916666666667,9.247916666666667
7.7%,0.07653482888888888,7.653482888888888,NPA2016,NPA,120.0,0.5,True,8.505631013252739,0.122743783098266,12.2743783098266,7.948829166666666,0.09222083333333334,9.222083333333334
7.7%,0.07653482888888888,7.653482888888888,NPA2016,NPA,144.0,0.6,False,8.492844095740185,0.122743783098266,12.2743783098266,7.921270833333334,0.09229166666666667,9.229166666666668
7.7%,0.07653482888888888,7.653482888888888,NPA2016,NPA,168.0,0.7,False,8.48263929012332,0.122743783098266,12.2743783098266,7.898866666666667,0.0934875,9.34875
7.7%,0.07653482888888888,7.653482888888888,NPA2016,NPA,192.0,0.8,False,8.475347759258334,0.122743783098266,12.2743783098266,7.876916666666666,0.09502083333333333,9.502083333333333
7.7%,0.07653482888888888,7.653482888888888,NPA2016,NPA,216.0,0.9,False,8.471197019991326,0.122743783098266,12.2743783098266,7.860704166666666,0.09567083333333333,9.567083333333333
7.7%,0.07653482888888888,7.653482888888888,NPA2016,NPA,240.0,1.0,False,8.470350099949606,0.122743783098266,12.2743783098266,7.859608333333333,0.09525833333333333,9.525833333333333
7.7%,0.07653482888888888,7.653482888888888,NPA2016,NPA,264.0,1.1,False,8.472840776156248,0.122743783098266,12.2743783098266,7.8661208333333335,0.09399166666666667,9.399166666666666
7.7%,0.07653482888888888,7.653482888888888,NPA2016,NPA,288.0,1.2,False,8.478625434945618,0.122743783098266,12.2743783098266,7.878704166666667,0.0931,9.31
7.7%,0.07653482888888888,7.653482888888888,NPA2016,NPA,312.0,1.3,False,8.487539564686823,0.122743783098266,12.2743783098266,7.896304166666667,0.09364583333333333,9.364583333333334
7.7%,0.07653482888888888,7.653482888888888,NPA2016,NPA,336.0,1.4,False,8.499321316972456,0.122743783098266,12.2743783098266,7.917754166666667,0.09478333333333333,9.478333333333333
7.7%,0.07653482888888888,7.653482888888888,NPA2016,NPA,360.0,1.5,False,8.513609960296478,0.122743783098266,12.2743783098266,7.951083333333333,0.09674166666666667,9.674166666666666
7.7%,0.07653482888888888,7.653482888888888,Nygaard2022,"TurbOPark, A=0.04",-360.0,-1.5,False,6.933627657458098,0.07653482888888888,7.653482888888888,8.109754166666667,0.09191666666666666,9.191666666666666
7.7%,0.07653482888888888,7.653482888888888,Nygaard2022,"TurbOPark, A=0.04",-336.0,-1.4,False,7.084931936839858,0.07653482888888888,7.653482888888888,8.1741,0.09121666666666668,9.121666666666668
7.7%,0.07653482888888888,7.653482888888888,Nygaard2022,"TurbOPark, A=0.04",-312.0,-1.3,False,7.224415893342075,0.07653482888888888,7.653482888888888,8.206879166666667,0.09071666666666667,9.071666666666667
7.7%,0.07653482888888888,7.653482888888888,Nygaard2022,"TurbOPark, A=0.04",-288.0,-1.2,False,7.317805895590383,0.07653482888888888,7.653482888888888,8.222804166666666,0.08997083333333333,8.997083333333332
7.7%,0.07653482888888888,7.653482888888888,Nygaard2022,"TurbOPark, A=0.04",-264.0,-1.1,False,7.3505319316316395,0.07653482888888888,7.653482888888888,8.2389625,0.08887499999999998,8.887499999999998
7.7%,0.07653482888888888,7.653482888888888,Nygaard2022,"TurbOPark, A=0.04",-240.0,-1.0,False,7.333608273195162,0.07653482888888888,7.653482888888888,8.250729166666666,0.08834166666666667,8.834166666666667
7.7%,0.07653482888888888,7.653482888888888,Nygaard2022,"TurbOPark, A=0.04",-216.0,-0.9,False,7.294924859056399,0.07653482888888888,7.653482888888888,8.249879166666666,0.08862500000000001,8.8625
7.7%,0.07653482888888888,7.653482888888888,Nygaard2022,"TurbOPark, A=0.04",-192.0,-0.8,False,7.264041263508135,0.07653482888888888,7.653482888888888,8.243541666666667,0.0897625,8.97625
7.7%,0.07653482888888888,7.653482888888888,Nygaard2022,"TurbOPark, A=0.04",-168.0,-0.7,False,7.261363983517747,0.07653482888888888,7.653482888888888,8.239445833333333,0.09136250000000001,9.13625
7.7%,0.07653482888888888,7.653482888888888,Nygaard2022,"TurbOPark, A=0.04",-144.0,-0.6,False,7.294348394881258,0.07653482888888888,7.653482888888888,8.241837499999999,0.09216250000000001,9.21625
7.7%,0.07653482888888888,7.653482888888888,Nygaard2022,"TurbOPark, A=0.04",-120.0,-0.5,True,7.358099459021842,0.07653482888888888,7.653482888888888,8.242258333333332,0.09270416666666667,9.270416666666668
7.7%,0.07653482888888888,7.653482888888888,Nygaard2022,"TurbOPark, A=0.04",-96.0,-0.4,True,7.438382007796447,0.07653482888888888,7.653482888888888,8.241304166666668,0.09391666666666668,9.391666666666667
7.7%,0.07653482888888888,7.653482888888888,Nygaard2022,"TurbOPark, A=0.04",-72.0,-0.3,True,7.516428358769155,0.07653482888888888,7.653482888888888,8.235516666666665,0.09455833333333334,9.455833333333334
7.7%,0.07653482888888888,7.653482888888888,Nygaard2022,"TurbOPark, A=0.04",-48.0,-0.2,True,7.57510170079045,0.07653482888888888,7.653482888888888,8.21235,0.09512083333333334,9.512083333333333
7.7%,0.07653482888888888,7.653482888888888,Nygaard2022,"TurbOPark, A=0.04",-24.0,-0.1,True,7.6045909910310705,0.07653482888888888,7.653482888888888,8.188479166666667,0.09598333333333334,9.598333333333334
7.7%,0.07653482888888888,7.653482888888888,Nygaard2022,"TurbOPark, A=0.04",0.0,0.0,True,7.604263692780757,0.07653482888888888,7.653482888888888,8.159775,0.09639583333333335,9.639583333333334
7.7%,0.07653482888888888,7.653482888888888,Nygaard2022,"TurbOPark, A=0.04",24.0,0.1,True,7.578571932754489,0.07653482888888888,7.653482888888888,8.1192125,0.09572499999999999,9.5725
7.7%,0.07653482888888888,7.653482888888888,Nygaard2022,"TurbOPark, A=0.04",48.0,0.2,True,7.529146752316988,0.07653482888888888,7.653482888888888,8.084025,0.09457083333333333,9.457083333333333
7.7%,0.07653482888888888,7.653482888888888,Nygaard2022,"TurbOPark, A=0.04",72.0,0.3,True,7.448561101411755,0.07653482888888888,7.653482888888888,8.0460125,0.09334166666666666,9.334166666666665
7.7%,0.07653482888888888,7.653482888888888,Nygaard2022,"TurbOPark, A=0.04",96.0,0.4,True,7.321476927795145,0.07653482888888888,7.653482888888888,7.993691666666667,0.09247916666666667,9.247916666666667
7.7%,0.07653482888888888,7.653482888888888,Nygaard2022,"TurbOPark, A=0.04",120.0,0.5,True,7.135511061579384,0.07653482888888888,7.653482888888888,7.948829166666666,0.09222083333333334,9.222083333333334
7.7%,0.07653482888888888,7.653482888888888,Nygaard2022,"TurbOPark, A=0.04",144.0,0.6,False,6.895862010037408,0.07653482888888888,7.653482888888888,7.921270833333334,0.09229166666666667,9.229166666666668
7.7%,0.07653482888888888,7.653482888888888,Nygaard2022,"TurbOPark, A=0.04",168.0,0.7,False,6.631800854431131,0.07653482888888888,7.653482888888888,7.898866666666667,0.0934875,9.34875
7.7%,0.07653482888888888,7.653482888888888,Nygaard2022,"TurbOPark, A=0.04",192.0,0.8,False,6.3898171798769425,0.07653482888888888,7.653482888888888,7.876916666666666,0.09502083333333333,9.502083333333333
7.7%,0.07653482888888888,7.653482888888888,Nygaard2022,"TurbOPark, A=0.04",216.0,0.9,False,6.219035851443931,0.07653482888888888,7.653482888888888,7.860704166666666,0.09567083333333333,9.567083333333333
7.7%,0.07653482888888888,7.653482888888888,Nygaard2022,"TurbOPark, A=0.04",240.0,1.0,False,6.156480540627893,0.07653482888888888,7.653482888888888,7.859608333333333,0.09525833333333333,9.525833333333333
7.7%,0.07653482888888888,7.653482888888888,Nygaard2022,"TurbOPark, A=0.04",264.0,1.1,False,6.216198307546899,0.07653482888888888,7.653482888888888,7.8661208333333335,0.09399166666666667,9.399166666666666
7.7%,0.07653482888888888,7.653482888888888,Nygaard2022,"TurbOPark, A=0.04",288.0,1.2,False,6.38407156919741,0.07653482888888888,7.653482888888888,7.878704166666667,0.0931,9.31
7.7%,0.07653482888888888,7.653482888888888,Nygaard2022,"TurbOPark, A=0.04",312.0,1.3,False,6.618917161349001,0.07653482888888888,7.653482888888888,7.896304166666667,0.09364583333333333,9.364583333333334
7.7%,0.07653482888888888,7.653482888888888,Nygaard2022,"TurbOPark, A=0.04",336.0,1.4,False,6.860284018128226,0.07653482888888888,7.653482888888888,7.917754166666667,0.09478333333333333,9.478333333333333
7.7%,0.07653482888888888,7.653482888888888,Nygaard2022,"TurbOPark, A=0.04",360.0,1.5,False,7.044913171990032,0.07653482888888888,7.653482888888888,7.951083333333333,0.09674166666666667,9.674166666666666
7.7%,0.07653482888888888,7.653482888888888,Nygaard2022_A0.06,"TurbOPark, A=0.06",-360.0,-1.5,False,7.5911288518687,0.07653482888888888,7.653482888888888,8.109754166666667,0.09191666666666666,9.191666666666666
7.7%,0.07653482888888888,7.653482888888888,Nygaard2022_A0.06,"TurbOPark, A=0.06",-336.0,-1.4,False,7.666447052551143,0.07653482888888888,7.653482888888888,8.1741,0.09121666666666668,9.121666666666668
7.7%,0.07653482888888888,7.653482888888888,Nygaard2022_A0.06,"TurbOPark, A=0.06",-312.0,-1.3,False,7.7439083040151,0.07653482888888888,7.653482888888888,8.206879166666667,0.09071666666666667,9.071666666666667
7.7%,0.07653482888888888,7.653482888888888,Nygaard2022_A0.06,"TurbOPark, A=0.06",-288.0,-1.2,False,7.810104919327365,0.07653482888888888,7.653482888888888,8.222804166666666,0.08997083333333333,8.997083333333332
7.7%,0.07653482888888888,7.653482888888888,Nygaard2022_A0.06,"TurbOPark, A=0.06",-264.0,-1.1,False,7.856771427401824,0.07653482888888888,7.653482888888888,8.2389625,0.08887499999999998,8.887499999999998
7.7%,0.07653482888888888,7.653482888888888,Nygaard2022_A0.06,"TurbOPark, A=0.06",-240.0,-1.0,False,7.883153279425793,0.07653482888888888,7.653482888888888,8.250729166666666,0.08834166666666667,8.834166666666667
7.7%,0.07653482888888888,7.653482888888888,Nygaard2022_A0.06,"TurbOPark, A=0.06",-216.0,-0.9,False,7.8951350564916805,0.07653482888888888,7.653482888888888,8.249879166666666,0.08862500000000001,8.8625
7.7%,0.07653482888888888,7.653482888888888,Nygaard2022_A0.06,"TurbOPark, A=0.06",-192.0,-0.8,False,7.901793185332675,0.07653482888888888,7.653482888888888,8.243541666666667,0.0897625,8.97625
7.7%,0.07653482888888888,7.653482888888888,Nygaard2022_A0.06,"TurbOPark, A=0.06",-168.0,-0.7,False,7.911530320239127,0.07653482888888888,7.653482888888888,8.239445833333333,0.09136250000000001,9.13625
7.7%,0.07653482888888888,7.653482888888888,Nygaard2022_A0.06,"TurbOPark, A=0.06",-144.0,-0.6,False,7.929521419660381,0.07653482888888888,7.653482888888888,8.241837499999999,0.09216250000000001,9.21625
7.7%,0.07653482888888888,7.653482888888888,Nygaard2022_A0.06,"TurbOPark, A=0.06",-120.0,-0.5,True,7.956980979795433,0.07653482888888888,7.653482888888888,8.242258333333332,0.09270416666666667,9.270416666666668
7.7%,0.07653482888888888,7.653482888888888,Nygaard2022_A0.06,"TurbOPark, A=0.06",-96.0,-0.4,True,7.99163193814957,0.07653482888888888,7.653482888888888,8.241304166666668,0.09391666666666668,9.391666666666667
7.7%,0.07653482888888888,7.653482888888888,Nygaard2022_A0.06,"TurbOPark, A=0.06",-72.0,-0.3,True,8.028788352189418,0.07653482888888888,7.653482888888888,8.235516666666665,0.09455833333333334,9.455833333333334
7.7%,0.07653482888888888,7.653482888888888,Nygaard2022_A0.06,"TurbOPark, A=0.06",-48.0,-0.2,True,8.062681448960358,0.07653482888888888,7.653482888888888,8.21235,0.09512083333333334,9.512083333333333
7.7%,0.07653482888888888,7.653482888888888,Nygaard2022_A0.06,"TurbOPark, A=0.06",-24.0,-0.1,True,8.087289392638302,0.07653482888888888,7.653482888888888,8.188479166666667,0.09598333333333334,9.598333333333334
7.7%,0.07653482888888888,7.653482888888888,Nygaard2022_A0.06,"TurbOPark, A=0.06",0.0,0.0,True,8.096400663846067,0.07653482888888888,7.653482888888888,8.159775,0.09639583333333335,9.639583333333334
7.7%,0.07653482888888888,7.653482888888888,Nygaard2022_A0.06,"TurbOPark, A=0.06",24.0,0.1,True,8.083051249402262,0.07653482888888888,7.653482888888888,8.1192125,0.09572499999999999,9.5725
7.7%,0.07653482888888888,7.653482888888888,Nygaard2022_A0.06,"TurbOPark, A=0.06",48.0,0.2,True,8.039228094935197,0.07653482888888888,7.653482888888888,8.084025,0.09457083333333333,9.457083333333333
7.7%,0.07653482888888888,7.653482888888888,Nygaard2022_A0.06,"TurbOPark, A=0.06",72.0,0.3,True,7.957403610895445,0.07653482888888888,7.653482888888888,8.0460125,0.09334166666666666,9.334166666666665
7.7%,0.07653482888888888,7.653482888888888,Nygaard2022_A0.06,"TurbOPark, A=0.06",96.0,0.4,True,7.834312798056414,0.07653482888888888,7.653482888888888,7.993691666666667,0.09247916666666667,9.247916666666667
7.7%,0.07653482888888888,7.653482888888888,Nygaard2022_A0.06,"TurbOPark, A=0.06",120.0,0.5,True,7.6750404826550485,0.07653482888888888,7.653482888888888,7.948829166666666,0.09222083333333334,9.222083333333334
7.7%,0.07653482888888888,7.653482888888888,Nygaard2022_A0.06,"TurbOPark, A=0.06",144.0,0.6,False,7.494480820568132,0.07653482888888888,7.653482888888888,7.921270833333334,0.09229166666666667,9.229166666666668
7.7%,0.07653482888888888,7.653482888888888,Nygaard2022_A0.06,"TurbOPark, A=0.06",168.0,0.7,False,7.315071613313387,0.07653482888888888,7.653482888888888,7.898866666666667,0.0934875,9.34875
7.7%,0.07653482888888888,7.653482888888888,Nygaard2022_A0.06,"TurbOPark, A=0.06",192.0,0.8,False,7.162073528939617,0.07653482888888888,7.653482888888888,7.876916666666666,0.09502083333333333,9.502083333333333
7.7%,0.07653482888888888,7.653482888888888,Nygaard2022_A0.06,"TurbOPark, A=0.06",216.0,0.9,False,7.058167015721331,0.07653482888888888,7.653482888888888,7.860704166666666,0.09567083333333333,9.567083333333333
7.7%,0.07653482888888888,7.653482888888888,Nygaard2022_A0.06,"TurbOPark, A=0.06",240.0,1.0,False,7.018594661253152,0.07653482888888888,7.653482888888888,7.859608333333333,0.09525833333333333,9.525833333333333
7.7%,0.07653482888888888,7.653482888888888,Nygaard2022_A0.06,"TurbOPark, A=0.06",264.0,1.1,False,7.047618805995052,0.07653482888888888,7.653482888888888,7.8661208333333335,0.09399166666666667,9.399166666666666
7.7%,0.07653482888888888,7.653482888888888,Nygaard2022_A0.06,"TurbOPark, A=0.06",288.0,1.2,False,7.136964573968982,0.07653482888888888,7.653482888888888,7.878704166666667,0.0931,9.31
7.7%,0.07653482888888888,7.653482888888888,Nygaard2022_A0.06,"TurbOPark, A=0.06",312.0,1.3,False,7.266727214013058,0.07653482888888888,7.653482888888888,7.896304166666667,0.09364583333333333,9.364583333333334
7.7%,0.07653482888888888,7.653482888888888,Nygaard2022_A0.06,"TurbOPark, A=0.06",336.0,1.4,False,7.40905939420488,0.07653482888888888,7.653482888888888,7.917754166666667,0.09478333333333333,9.478333333333333
7.7%,0.07653482888888888,7.653482888888888,Nygaard2022_A0.06,"TurbOPark, A=0.06",360.0,1.5,False,7.534928629970164,0.07653482888888888,7.653482888888888,7.951083333333333,0.09674166666666667,9.674166666666666
8.3%,0.08270224333333333,8.270224333333333,BPA2014,BPA,-360.0,-1.5,False,8.320813366380428,0.1276327408178228,12.76327408178228,8.109754166666667,0.09191666666666666,9.191666666666666
8.3%,0.08270224333333333,8.270224333333333,BPA2014,BPA,-336.0,-1.4,False,8.368156929025488,0.1276327408178228,12.76327408178228,8.1741,0.09121666666666668,9.121666666666668
8.3%,0.08270224333333333,8.270224333333333,BPA2014,BPA,-312.0,-1.3,False,8.404300836789563,0.1276327408178228,12.76327408178228,8.206879166666667,0.09071666666666667,9.071666666666667
8.3%,0.08270224333333333,8.270224333333333,BPA2014,BPA,-288.0,-1.2,False,8.431774075840483,0.1276327408178228,12.76327408178228,8.222804166666666,0.08997083333333333,8.997083333333332
8.3%,0.08270224333333333,8.270224333333333,BPA2014,BPA,-264.0,-1.1,False,8.452568061556574,0.1276327408178228,12.76327408178228,8.2389625,0.08887499999999998,8.887499999999998
8.3%,0.08270224333333333,8.270224333333333,BPA2014,BPA,-240.0,-1.0,False,8.468035048697038,0.1276327408178228,12.76327408178228,8.250729166666666,0.08834166666666667,8.834166666666667
8.3%,0.08270224333333333,8.270224333333333,BPA2014,BPA,-216.0,-0.9,False,8.47890162904713,0.1276327408178228,12.76327408178228,8.249879166666666,0.08862500000000001,8.8625
8.3%,0.08270224333333333,8.270224333333333,BPA2014,BPA,-192.0,-0.8,False,8.485356381693265,0.1276327408178228,12.76327408178228,8.243541666666667,0.0897625,8.97625
8.3%,0.08270224333333333,8.270224333333333,BPA2014,BPA,-168.0,-0.7,False,8.48717689591534,0.1276327408178228,12.76327408178228,8.239445833333333,0.09136250000000001,9.13625
8.3%,0.08270224333333333,8.270224333333333,BPA2014,BPA,-144.0,-0.6,False,8.483871485867951,0.1276327408178228,12.76327408178228,8.241837499999999,0.09216250000000001,9.21625
8.3%,0.08270224333333333,8.270224333333333,BPA2014,BPA,-120.0,-0.5,True,8.474820781683771,0.14094734515632004,14.094734515632004,8.242258333333332,0.09270416666666667,9.270416666666668
8.3%,0.08270224333333333,8.270224333333333,BPA2014,BPA,-96.0,-0.4,True,8.459411631307983,0.14094734515632004,14.094734515632004,8.241304166666668,0.09391666666666668,9.391666666666667
8.3%,0.08270224333333333,8.270224333333333,BPA2014,BPA,-72.0,-0.3,True,8.437159666667597,0.14094734515632004,14.094734515632004,8.235516666666665,0.09455833333333334,9.455833333333334
8.3%,0.08270224333333333,8.270224333333333,BPA2014,BPA,-48.0,-0.2,True,8.407817925140332,0.14094734515632004,14.094734515632004,8.21235,0.09512083333333334,9.512083333333333
8.3%,0.08270224333333333,8.270224333333333,BPA2014,BPA,-24.0,-0.1,True,8.371468113667909,0.14094734515632004,14.094734515632004,8.188479166666667,0.09598333333333334,9.598333333333334
8.3%,0.08270224333333333,8.270224333333333,BPA2014,BPA,0.0,0.0,True,8.328589634900423,0.14094734515632004,14.094734515632004,8.159775,0.09639583333333335,9.639583333333334
8.3%,0.08270224333333333,8.270224333333333,BPA2014,BPA,24.0,0.1,True,8.280100385262825,0.14094734515632004,14.094734515632004,8.1192125,0.09572499999999999,9.5725
8.3%,0.08270224333333333,8.270224333333333,BPA2014,BPA,48.0,0.2,True,8.227363306005246,0.14094734515632004,14.094734515632004,8.084025,0.09457083333333333,9.457083333333333
8.3%,0.08270224333333333,8.270224333333333,BPA2014,BPA,72.0,0.3,True,8.172154087873148,0.14094734515632004,14.094734515632004,8.0460125,0.09334166666666666,9.334166666666665
8.3%,0.08270224333333333,8.270224333333333,BPA2014,BPA,96.0,0.4,True,8.116588309716438,0.14094734515632004,14.094734515632004,7.993691666666667,0.09247916666666667,9.247916666666667
8.3%,0.08270224333333333,8.270224333333333,BPA2014,BPA,120.0,0.5,True,8.063010318208107,0.14094734515632004,14.094734515632004,7.948829166666666,0.09222083333333334,9.222083333333334
8.3%,0.08270224333333333,8.270224333333333,BPA2014,BPA,144.0,0.6,False,8.013850753986738,0.14094734515632004,14.094734515632004,7.921270833333334,0.09229166666666667,9.229166666666668
8.3%,0.08270224333333333,8.270224333333333,BPA2014,BPA,168.0,0.7,False,7.971464054855138,0.14094734515632004,14.094734515632004,7.898866666666667,0.0934875,9.34875
8.3%,0.08270224333333333,8.270224333333333,BPA2014,BPA,192.0,0.8,False,7.937960731840579,0.14094734515632004,14.094734515632004,7.876916666666666,0.09502083333333333,9.502083333333333
8.3%,0.08270224333333333,8.270224333333333,BPA2014,BPA,216.0,0.9,False,7.915051030420236,0.14094734515632004,14.094734515632004,7.860704166666666,0.09567083333333333,9.567083333333333
8.3%,0.08270224333333333,8.270224333333333,BPA2014,BPA,240.0,1.0,False,7.9039163026763655,0.14094734515632004,14.094734515632004,7.859608333333333,0.09525833333333333,9.525833333333333
8.3%,0.08270224333333333,8.270224333333333,BPA2014,BPA,264.0,1.1,False,7.905121906872597,0.14094734515632004,14.094734515632004,7.8661208333333335,0.09399166666666667,9.399166666666666
8.3%,0.08270224333333333,8.270224333333333,BPA2014,BPA,288.0,1.2,False,7.918580974253427,0.14094734515632004,14.094734515632004,7.878704166666667,0.0931,9.31
8.3%,0.08270224333333333,8.270224333333333,BPA2014,BPA,312.0,1.3,False,7.9435725341539865,0.14094734515632004,14.094734515632004,7.896304166666667,0.09364583333333333,9.364583333333334
8.3%,0.08270224333333333,8.270224333333333,BPA2014,BPA,336.0,1.4,False,7.978811091917297,0.14094734515632004,14.094734515632004,7.917754166666667,0.09478333333333333,9.478333333333333
8.3%,0.08270224333333333,8.270224333333333,BPA2014,BPA,360.0,1.5,False,8.0225586874809,0.14094734515632004,14.094734515632004,7.951083333333333,0.09674166666666667,9.674166666666666
8.3%,0.08270224333333333,8.270224333333333,NPA2016,NPA,-360.0,-1.5,False,8.589693828964677,0.14088890973890128,14.088890973890129,8.109754166666667,0.09191666666666666,9.191666666666666
8.3%,0.08270224333333333,8.270224333333333,NPA2016,NPA,-336.0,-1.4,False,8.628706904292883,0.14088890973890128,14.088890973890129,8.1741,0.09121666666666668,9.121666666666668
8.3%,0.08270224333333333,8.270224333333333,NPA2016,NPA,-312.0,-1.3,False,8.660070103520017,0.14088890973890128,14.088890973890129,8.206879166666667,0.09071666666666667,9.071666666666667
8.3%,0.08270224333333333,8.270224333333333,NPA2016,NPA,-288.0,-1.2,False,8.684051628821095,0.1164205876966853,11.64205876966853,8.222804166666666,0.08997083333333333,8.997083333333332
8.3%,0.08270224333333333,8.270224333333333,NPA2016,NPA,-264.0,-1.1,False,8.701148731247695,0.12686263386027619,12.686263386027619,8.2389625,0.08887499999999998,8.887499999999998
8.3%,0.08270224333333333,8.270224333333333,NPA2016,NPA,-240.0,-1.0,False,8.711987382062265,0.12686263386027619,12.686263386027619,8.250729166666666,0.08834166666666667,8.834166666666667
8.3%,0.08270224333333333,8.270224333333333,NPA2016,NPA,-216.0,-0.9,False,8.717267618923664,0.12686263386027619,12.686263386027619,8.249879166666666,0.08862500000000001,8.8625
8.3%,0.08270224333333333,8.270224333333333,NPA2016,NPA,-192.0,-0.8,False,8.717692708789334,0.12686263386027619,12.686263386027619,8.243541666666667,0.0897625,8.97625
8.3%,0.08270224333333333,8.270224333333333,NPA2016,NPA,-168.0,-0.7,False,8.713942687652757,0.12686263386027619,12.686263386027619,8.239445833333333,0.09136250000000001,9.13625
8.3%,0.08270224333333333,8.270224333333333,NPA2016,NPA,-144.0,-0.6,False,8.706657657962621,0.12686263386027619,12.686263386027619,8.241837499999999,0.09216250000000001,9.21625
8.3%,0.08270224333333333,8.270224333333333,NPA2016,NPA,-120.0,-0.5,True,8.696412807901591,0.12686263386027619,12.686263386027619,8.242258333333332,0.09270416666666667,9.270416666666668
8.3%,0.08270224333333333,8.270224333333333,NPA2016,NPA,-96.0,-0.4,True,8.68374806114503,0.12686263386027619,12.686263386027619,8.241304166666668,0.09391666666666668,9.391666666666667
8.3%,0.08270224333333333,8.270224333333333,NPA2016,NPA,-72.0,-0.3,True,8.669158257257996,0.12686263386027619,12.686263386027619,8.235516666666665,0.09455833333333334,9.455833333333334
8.3%,0.08270224333333333,8.270224333333333,NPA2016,NPA,-48.0,-0.2,True,8.653114049316626,0.12686263386027619,12.686263386027619,8.21235,0.09512083333333334,9.512083333333333
8.3%,0.08270224333333333,8.270224333333333,NPA2016,NPA,-24.0,-0.1,True,8.636072575699188,0.12686263386027619,12.686263386027619,8.188479166666667,0.09598333333333334,9.598333333333334
8.3%,0.08270224333333333,8.270224333333333,NPA2016,NPA,0.0,0.0,True,8.618486626068355,0.12686263386027619,12.686263386027619,8.159775,0.09639583333333335,9.639583333333334
8.3%,0.08270224333333333,8.270224333333333,NPA2016,NPA,24.0,0.1,True,8.600808775981577,0.12686263386027619,12.686263386027619,8.1192125,0.09572499999999999,9.5725
8.3%,0.08270224333333333,8.270224333333333,NPA2016,NPA,48.0,0.2,True,8.583489510260213,0.12686263386027619,12.686263386027619,8.084025,0.09457083333333333,9.457083333333333
8.3%,0.08270224333333333,8.270224333333333,NPA2016,NPA,72.0,0.3,True,8.566978669404001,0.12686263386027619,12.686263386027619,8.0460125,0.09334166666666666,9.334166666666665
8.3%,0.08270224333333333,8.270224333333333,NPA2016,NPA,96.0,0.4,True,8.551716015147392,0.12686263386027619,12.686263386027619,7.993691666666667,0.09247916666666667,9.247916666666667
8.3%,0.08270224333333333,8.270224333333333,NPA2016,NPA,120.0,0.5,True,8.538115040053706,0.12686263386027619,12.686263386027619,7.948829166666666,0.09222083333333334,9.222083333333334
8.3%,0.08270224333333333,8.270224333333333,NPA2016,NPA,144.0,0.6,False,8.52656244978977,0.12686263386027619,12.686263386027619,7.921270833333334,0.09229166666666667,9.229166666666668
8.3%,0.08270224333333333,8.270224333333333,NPA2016,NPA,168.0,0.7,False,8.51739281171324,0.12686263386027619,12.686263386027619,7.898866666666667,0.0934875,9.34875
8.3%,0.08270224333333333,8.270224333333333,NPA2016,NPA,192.0,0.8,False,8.5108768782251,0.12686263386027619,12.686263386027619,7.876916666666666,0.09502083333333333,9.502083333333333
8.3%,0.08270224333333333,8.270224333333333,NPA2016,NPA,216.0,0.9,False,8.507226247822453,0.12686263386027619,12.686263386027619,7.860704166666666,0.09567083333333333,9.567083333333333
8.3%,0.08270224333333333,8.270224333333333,NPA2016,NPA,240.0,1.0,False,8.506562637708763,0.12686263386027619,12.686263386027619,7.859608333333333,0.09525833333333333,9.525833333333333
8.3%,0.08270224333333333,8.270224333333333,NPA2016,NPA,264.0,1.1,False,8.508917678767578,0.12686263386027619,12.686263386027619,7.8661208333333335,0.09399166666666667,9.399166666666666
8.3%,0.08270224333333333,8.270224333333333,NPA2016,NPA,288.0,1.2,False,8.514248461405675,0.12686263386027619,12.686263386027619,7.878704166666667,0.0931,9.31
8.3%,0.08270224333333333,8.270224333333333,NPA2016,NPA,312.0,1.3,False,8.522404049954458,0.12686263386027619,12.686263386027619,7.896304166666667,0.09364583333333333,9.364583333333334
8.3%,0.08270224333333333,8.270224333333333,NPA2016,NPA,336.0,1.4,False,8.533144066240554,0.12686263386027619,12.686263386027619,7.917754166666667,0.09478333333333333,9.478333333333333
8.3%,0.08270224333333333,8.270224333333333,NPA2016,NPA,360.0,1.5,False,8.54614345972815,0.12686263386027619,12.686263386027619,7.951083333333333,0.09674166666666667,9.674166666666666
8.3%,0.08270224333333333,8.270224333333333,Nygaard2022,"TurbOPark, A=0.04",-360.0,-1.5,False,6.992387944254476,0.08270224333333333,8.270224333333333,8.109754166666667,0.09191666666666666,9.191666666666666
8.3%,0.08270224333333333,8.270224333333333,Nygaard2022,"TurbOPark, A=0.04",-336.0,-1.4,False,7.139394045194331,0.08270224333333333,8.270224333333333,8.1741,0.09121666666666668,9.121666666666668
8.3%,0.08270224333333333,8.270224333333333,Nygaard2022,"TurbOPark, A=0.04",-312.0,-1.3,False,7.2760460411049035,0.08270224333333333,8.270224333333333,8.206879166666667,0.09071666666666667,9.071666666666667
8.3%,0.08270224333333333,8.270224333333333,Nygaard2022,"TurbOPark, A=0.04",-288.0,-1.2,False,7.369827764600609,0.08270224333333333,8.270224333333333,8.222804166666666,0.08997083333333333,8.997083333333332
8.3%,0.08270224333333333,8.270224333333333,Nygaard2022,"TurbOPark, A=0.04",-264.0,-1.1,False,7.406529643336308,0.08270224333333333,8.270224333333333,8.2389625,0.08887499999999998,8.887499999999998
8.3%,0.08270224333333333,8.270224333333333,Nygaard2022,"TurbOPark, A=0.04",-240.0,-1.0,False,7.395833484829932,0.08270224333333333,8.270224333333333,8.250729166666666,0.08834166666666667,8.834166666666667
8.3%,0.08270224333333333,8.270224333333333,Nygaard2022,"TurbOPark, A=0.04",-216.0,-0.9,False,7.363464137110963,0.08270224333333333,8.270224333333333,8.249879166666666,0.08862500000000001,8.8625
8.3%,0.08270224333333333,8.270224333333333,Nygaard2022,"TurbOPark, A=0.04",-192.0,-0.8,False,7.336991806787384,0.08270224333333333,8.270224333333333,8.243541666666667,0.0897625,8.97625
8.3%,0.08270224333333333,8.270224333333333,Nygaard2022,"TurbOPark, A=0.04",-168.0,-0.7,False,7.3358026650878205,0.08270224333333333,8.270224333333333,8.239445833333333,0.09136250000000001,9.13625
8.3%,0.08270224333333333,8.270224333333333,Nygaard2022,"TurbOPark, A=0.04",-144.0,-0.6,False,7.367165564432035,0.08270224333333333,8.270224333333333,8.241837499999999,0.09216250000000001,9.21625
8.3%,0.08270224333333333,8.270224333333333,Nygaard2022,"TurbOPark, A=0.04",-120.0,-0.5,True,7.427021074200344,0.08270224333333333,8.270224333333333,8.242258333333332,0.09270416666666667,9.270416666666668
8.3%,0.08270224333333333,8.270224333333333,Nygaard2022,"TurbOPark, A=0.04",-96.0,-0.4,True,7.502608872736536,0.08270224333333333,8.270224333333333,8.241304166666668,0.09391666666666668,9.391666666666667
8.3%,0.08270224333333333,8.270224333333333,Nygaard2022,"TurbOPark, A=0.04",-72.0,-0.3,True,7.577035687511444,0.08270224333333333,8.270224333333333,8.235516666666665,0.09455833333333334,9.455833333333334
8.3%,0.08270224333333333,8.270224333333333,Nygaard2022,"TurbOPark, A=0.04",-48.0,-0.2,True,7.6346624910886245,0.08270224333333333,8.270224333333333,8.21235,0.09512083333333334,9.512083333333333
8.3%,0.08270224333333333,8.270224333333333,Nygaard2022,"TurbOPark, A=0.04",-24.0,-0.1,True,7.66609598383889,0.08270224333333333,8.270224333333333,8.188479166666667,0.09598333333333334,9.598333333333334
8.3%,0.08270224333333333,8.270224333333333,Nygaard2022,"TurbOPark, A=0.04",0.0,0.0,True,7.669717447800468,0.08270224333333333,8.270224333333333,8.159775,0.09639583333333335,9.639583333333334
8.3%,0.08270224333333333,8.270224333333333,Nygaard2022,"TurbOPark, A=0.04",24.0,0.1,True,7.648010830142039,0.08270224333333333,8.270224333333333,8.1192125,0.09572499999999999,9.5725
8.3%,0.08270224333333333,8.270224333333333,Nygaard2022,"TurbOPark, A=0.04",48.0,0.2,True,7.600528536558007,0.08270224333333333,8.270224333333333,8.084025,0.09457083333333333,9.457083333333333
8.3%,0.08270224333333333,8.270224333333333,Nygaard2022,"TurbOPark, A=0.04",72.0,0.3,True,7.518596112578461,0.08270224333333333,8.270224333333333,8.0460125,0.09334166666666666,9.334166666666665
8.3%,0.08270224333333333,8.270224333333333,Nygaard2022,"TurbOPark, A=0.04",96.0,0.4,True,7.387166368926558,0.08270224333333333,8.270224333333333,7.993691666666667,0.09247916666666667,9.247916666666667
8.3%,0.08270224333333333,8.270224333333333,Nygaard2022,"TurbOPark, A=0.04",120.0,0.5,True,7.195703978589433,0.08270224333333333,8.270224333333333,7.948829166666666,0.09222083333333334,9.222083333333334
8.3%,0.08270224333333333,8.270224333333333,Nygaard2022,"TurbOPark, A=0.04",144.0,0.6,False,6.9517322891376265,0.08270224333333333,8.270224333333333,7.921270833333334,0.09229166666666667,9.229166666666668
8.3%,0.08270224333333333,8.270224333333333,Nygaard2022,"TurbOPark, A=0.04",168.0,0.7,False,6.6858305749692155,0.08270224333333333,8.270224333333333,7.898866666666667,0.0934875,9.34875
8.3%,0.08270224333333333,8.270224333333333,Nygaard2022,"TurbOPark, A=0.04",192.0,0.8,False,6.444174397017693,0.08270224333333333,8.270224333333333,7.876916666666666,0.09502083333333333,9.502083333333333
8.3%,0.08270224333333333,8.270224333333333,Nygaard2022,"TurbOPark, A=0.04",216.0,0.9,False,6.274529863068392,0.08270224333333333,8.270224333333333,7.860704166666666,0.09567083333333333,9.567083333333333
8.3%,0.08270224333333333,8.270224333333333,Nygaard2022,"TurbOPark, A=0.04",240.0,1.0,False,6.212430992553099,0.08270224333333333,8.270224333333333,7.859608333333333,0.09525833333333333,9.525833333333333
8.3%,0.08270224333333333,8.270224333333333,Nygaard2022,"TurbOPark, A=0.04",264.0,1.1,False,6.271020327139524,0.08270224333333333,8.270224333333333,7.8661208333333335,0.09399166666666667,9.399166666666666
8.3%,0.08270224333333333,8.270224333333333,Nygaard2022,"TurbOPark, A=0.04",288.0,1.2,False,6.436072933686658,0.08270224333333333,8.270224333333333,7.878704166666667,0.0931,9.31
8.3%,0.08270224333333333,8.270224333333333,Nygaard2022,"TurbOPark, A=0.04",312.0,1.3,False,6.667245001805393,0.08270224333333333,8.270224333333333,7.896304166666667,0.09364583333333333,9.364583333333334
8.3%,0.08270224333333333,8.270224333333333,Nygaard2022,"TurbOPark, A=0.04",336.0,1.4,False,6.905665524924885,0.08270224333333333,8.270224333333333,7.917754166666667,0.09478333333333333,9.478333333333333
8.3%,0.08270224333333333,8.270224333333333,Nygaard2022,"TurbOPark, A=0.04",360.0,1.5,False,7.089813319064977,0.08270224333333333,8.270224333333333,7.951083333333333,0.09674166666666667,9.674166666666666
8.3%,0.08270224333333333,8.270224333333333,Nygaard2022_A0.06,"TurbOPark, A=0.06",-360.0,-1.5,False,7.639255353688419,0.08270224333333333,8.270224333333333,8.109754166666667,0.09191666666666666,9.191666666666666
8.3%,0.08270224333333333,8.270224333333333,Nygaard2022_A0.06,"TurbOPark, A=0.06",-336.0,-1.4,False,7.712092265086419,0.08270224333333333,8.270224333333333,8.1741,0.09121666666666668,9.121666666666668
8.3%,0.08270224333333333,8.270224333333333,Nygaard2022_A0.06,"TurbOPark, A=0.06",-312.0,-1.3,False,7.7880164229436755,0.08270224333333333,8.270224333333333,8.206879166666667,0.09071666666666667,9.071666666666667
8.3%,0.08270224333333333,8.270224333333333,Nygaard2022_A0.06,"TurbOPark, A=0.06",-288.0,-1.2,False,7.8543927611302085,0.08270224333333333,8.270224333333333,8.222804166666666,0.08997083333333333,8.997083333333332
8.3%,0.08270224333333333,8.270224333333333,Nygaard2022_A0.06,"TurbOPark, A=0.06",-264.0,-1.1,False,7.903076042112185,0.08270224333333333,8.270224333333333,8.2389625,0.08887499999999998,8.887499999999998
8.3%,0.08270224333333333,8.270224333333333,Nygaard2022_A0.06,"TurbOPark, A=0.06",-240.0,-1.0,False,7.9327020377262,0.08270224333333333,8.270224333333333,8.250729166666666,0.08834166666666667,8.834166666666667
8.3%,0.08270224333333333,8.270224333333333,Nygaard2022_A0.06,"TurbOPark, A=0.06",-216.0,-0.9,False,7.948120297816669,0.08270224333333333,8.270224333333333,8.249879166666666,0.08862500000000001,8.8625
8.3%,0.08270224333333333,8.270224333333333,Nygaard2022_A0.06,"TurbOPark, A=0.06",-192.0,-0.8,False,7.957392014702909,0.08270224333333333,8.270224333333333,8.243541666666667,0.0897625,8.97625
8.3%,0.08270224333333333,8.270224333333333,Nygaard2022_A0.06,"TurbOPark, A=0.06",-168.0,-0.7,False,7.968345807188172,0.08270224333333333,8.270224333333333,8.239445833333333,0.09136250000000001,9.13625
8.3%,0.08270224333333333,8.270224333333333,Nygaard2022_A0.06,"TurbOPark, A=0.06",-144.0,-0.6,False,7.986053687797073,0.08270224333333333,8.270224333333333,8.241837499999999,0.09216250000000001,9.21625
8.3%,0.08270224333333333,8.270224333333333,Nygaard2022_A0.06,"TurbOPark, A=0.06",-120.0,-0.5,True,8.012109188537378,0.08270224333333333,8.270224333333333,8.242258333333332,0.09270416666666667,9.270416666666668
8.3%,0.08270224333333333,8.270224333333333,Nygaard2022_A0.06,"TurbOPark, A=0.06",-96.0,-0.4,True,8.04480557089285,0.08270224333333333,8.270224333333333,8.241304166666668,0.09391666666666668,9.391666666666667
8.3%,0.08270224333333333,8.270224333333333,Nygaard2022_A0.06,"TurbOPark, A=0.06",-72.0,-0.3,True,8.080172274860042,0.08270224333333333,8.270224333333333,8.235516666666665,0.09455833333333334,9.455833333333334
8.3%,0.08270224333333333,8.270224333333333,Nygaard2022_A0.06,"TurbOPark, A=0.06",-48.0,-0.2,True,8.112935772552325,0.08270224333333333,8.270224333333333,8.21235,0.09512083333333334,9.512083333333333
8.3%,0.08270224333333333,8.270224333333333,Nygaard2022_A0.06,"TurbOPark, A=0.06",-24.0,-0.1,True,8.137208096983443,0.08270224333333333,8.270224333333333,8.188479166666667,0.09598333333333334,9.598333333333334
8.3%,0.08270224333333333,8.270224333333333,Nygaard2022_A0.06,"TurbOPark, A=0.06",0.0,0.0,True,8.146468991891043,0.08270224333333333,8.270224333333333,8.159775,0.09639583333333335,9.639583333333334
8.3%,0.08270224333333333,8.270224333333333,Nygaard2022_A0.06,"TurbOPark, A=0.06",24.0,0.1,True,8.133120877051622,0.08270224333333333,8.270224333333333,8.1192125,0.09572499999999999,9.5725
8.3%,0.08270224333333333,8.270224333333333,Nygaard2022_A0.06,"TurbOPark, A=0.06",48.0,0.2,True,8.088592226890944,0.08270224333333333,8.270224333333333,8.084025,0.09457083333333333,9.457083333333333
8.3%,0.08270224333333333,8.270224333333333,Nygaard2022_A0.06,"TurbOPark, A=0.06",72.0,0.3,True,8.005220054260061,0.08270224333333333,8.270224333333333,8.0460125,0.09334166666666666,9.334166666666665
8.3%,0.08270224333333333,8.270224333333333,Nygaard2022_A0.06,"TurbOPark, A=0.06",96.0,0.4,True,7.880271347425247,0.08270224333333333,8.270224333333333,7.993691666666667,0.09247916666666667,9.247916666666667
8.3%,0.08270224333333333,8.270224333333333,Nygaard2022_A0.06,"TurbOPark, A=0.06",120.0,0.5,True,7.7196414094506975,0.08270224333333333,8.270224333333333,7.948829166666666,0.09222083333333334,9.222083333333334
8.3%,0.08270224333333333,8.270224333333333,Nygaard2022_A0.06,"TurbOPark, A=0.06",144.0,0.6,False,7.5387645269183166,0.08270224333333333,8.270224333333333,7.921270833333334,0.09229166666666667,9.229166666666668
8.3%,0.08270224333333333,8.270224333333333,Nygaard2022_A0.06,"TurbOPark, A=0.06",168.0,0.7,False,7.360032380921565,0.08270224333333333,8.270224333333333,7.898866666666667,0.0934875,9.34875
8.3%,0.08270224333333333,8.270224333333333,Nygaard2022_A0.06,"TurbOPark, A=0.06",192.0,0.8,False,7.208130771329377,0.08270224333333333,8.270224333333333,7.876916666666666,0.09502083333333333,9.502083333333333
8.3%,0.08270224333333333,8.270224333333333,Nygaard2022_A0.06,"TurbOPark, A=0.06",216.0,0.9,False,7.104983800052082,0.08270224333333333,8.270224333333333,7.860704166666666,0.09567083333333333,9.567083333333333
8.3%,0.08270224333333333,8.270224333333333,Nygaard2022_A0.06,"TurbOPark, A=0.06",240.0,1.0,False,7.065186756419077,0.08270224333333333,8.270224333333333,7.859608333333333,0.09525833333333333,9.525833333333333
8.3%,0.08270224333333333,8.270224333333333,Nygaard2022_A0.06,"TurbOPark, A=0.06",264.0,1.1,False,7.092744917696423,0.08270224333333333,8.270224333333333,7.8661208333333335,0.09399166666666667,9.399166666666666
8.3%,0.08270224333333333,8.270224333333333,Nygaard2022_A0.06,"TurbOPark, A=0.06",288.0,1.2,False,7.179660904632219,0.08270224333333333,8.270224333333333,7.878704166666667,0.0931,9.31
8.3%,0.08270224333333333,8.270224333333333,Nygaard2022_A0.06,"TurbOPark, A=0.06",312.0,1.3,False,7.306809741218187,0.08270224333333333,8.270224333333333,7.896304166666667,0.09364583333333333,9.364583333333334
8.3%,0.08270224333333333,8.270224333333333,Nygaard2022_A0.06,"TurbOPark, A=0.06",336.0,1.4,False,7.447432889151114,0.08270224333333333,8.270224333333333,7.917754166666667,0.09478333333333333,9.478333333333333
8.3%,0.08270224333333333,8.270224333333333,Nygaard2022_A0.06,"TurbOPark, A=0.06",360.0,1.5,False,7.573494560515641,0.08270224333333333,8.270224333333333,7.951083333333333,0.09674166666666667,9.674166666666666
8.9%,0.08886965777777778,8.886965777777778,BPA2014,BPA,-360.0,-1.5,False,8.320813366380428,0.13154540352344357,13.154540352344357,8.109754166666667,0.09191666666666666,9.191666666666666
8.9%,0.08886965777777778,8.886965777777778,BPA2014,BPA,-336.0,-1.4,False,8.368156929025488,0.13154540352344357,13.154540352344357,8.1741,0.09121666666666668,9.121666666666668
8.9%,0.08886965777777778,8.886965777777778,BPA2014,BPA,-312.0,-1.3,False,8.404300836789563,0.13154540352344357,13.154540352344357,8.206879166666667,0.09071666666666667,9.071666666666667
8.9%,0.08886965777777778,8.886965777777778,BPA2014,BPA,-288.0,-1.2,False,8.431774075840483,0.13154540352344357,13.154540352344357,8.222804166666666,0.08997083333333333,8.997083333333332
8.9%,0.08886965777777778,8.886965777777778,BPA2014,BPA,-264.0,-1.1,False,8.452568061556574,0.13154540352344357,13.154540352344357,8.2389625,0.08887499999999998,8.887499999999998
8.9%,0.08886965777777778,8.886965777777778,BPA2014,BPA,-240.0,-1.0,False,8.468035048697038,0.13154540352344357,13.154540352344357,8.250729166666666,0.08834166666666667,8.834166666666667
8.9%,0.08886965777777778,8.886965777777778,BPA2014,BPA,-216.0,-0.9,False,8.47890162904713,0.13154540352344357,13.154540352344357,8.249879166666666,0.08862500000000001,8.8625
8.9%,0.08886965777777778,8.886965777777778,BPA2014,BPA,-192.0,-0.8,False,8.485356381693265,0.13154540352344357,13.154540352344357,8.243541666666667,0.0897625,8.97625
8.9%,0.08886965777777778,8.886965777777778,BPA2014,BPA,-168.0,-0.7,False,8.48717689591534,0.13154540352344357,13.154540352344357,8.239445833333333,0.09136250000000001,9.13625
8.9%,0.08886965777777778,8.886965777777778,BPA2014,BPA,-144.0,-0.6,False,8.483871485867951,0.13154540352344357,13.154540352344357,8.241837499999999,0.09216250000000001,9.21625
8.9%,0.08886965777777778,8.886965777777778,BPA2014,BPA,-120.0,-0.5,True,8.474820781683771,0.1444422084535338,14.444220845353382,8.242258333333332,0.09270416666666667,9.270416666666668
8.9%,0.08886965777777778,8.886965777777778,BPA2014,BPA,-96.0,-0.4,True,8.459411631307983,0.1444422084535338,14.444220845353382,8.241304166666668,0.09391666666666668,9.391666666666667
8.9%,0.08886965777777778,8.886965777777778,BPA2014,BPA,-72.0,-0.3,True,8.437159666667597,0.1444422084535338,14.444220845353382,8.235516666666665,0.09455833333333334,9.455833333333334
8.9%,0.08886965777777778,8.886965777777778,BPA2014,BPA,-48.0,-0.2,True,8.407817925140332,0.1444422084535338,14.444220845353382,8.21235,0.09512083333333334,9.512083333333333
8.9%,0.08886965777777778,8.886965777777778,BPA2014,BPA,-24.0,-0.1,True,8.371468113667909,0.1444422084535338,14.444220845353382,8.188479166666667,0.09598333333333334,9.598333333333334
8.9%,0.08886965777777778,8.886965777777778,BPA2014,BPA,0.0,0.0,True,8.328589634900423,0.1444422084535338,14.444220845353382,8.159775,0.09639583333333335,9.639583333333334
8.9%,0.08886965777777778,8.886965777777778,BPA2014,BPA,24.0,0.1,True,8.280100385262825,0.1444422084535338,14.444220845353382,8.1192125,0.09572499999999999,9.5725
8.9%,0.08886965777777778,8.886965777777778,BPA2014,BPA,48.0,0.2,True,8.227363306005246,0.1444422084535338,14.444220845353382,8.084025,0.09457083333333333,9.457083333333333
8.9%,0.08886965777777778,8.886965777777778,BPA2014,BPA,72.0,0.3,True,8.172154087873148,0.1444422084535338,14.444220845353382,8.0460125,0.09334166666666666,9.334166666666665
8.9%,0.08886965777777778,8.886965777777778,BPA2014,BPA,96.0,0.4,True,8.116588309716438,0.1444422084535338,14.444220845353382,7.993691666666667,0.09247916666666667,9.247916666666667
8.9%,0.08886965777777778,8.886965777777778,BPA2014,BPA,120.0,0.5,True,8.063010318208107,0.1444422084535338,14.444220845353382,7.948829166666666,0.09222083333333334,9.222083333333334
8.9%,0.08886965777777778,8.886965777777778,BPA2014,BPA,144.0,0.6,False,8.013850753986738,0.1444422084535338,14.444220845353382,7.921270833333334,0.09229166666666667,9.229166666666668
8.9%,0.08886965777777778,8.886965777777778,BPA2014,BPA,168.0,0.7,False,7.971464054855138,0.1444422084535338,14.444220845353382,7.898866666666667,0.0934875,9.34875
8.9%,0.08886965777777778,8.886965777777778,BPA2014,BPA,192.0,0.8,False,7.937960731840579,0.1444422084535338,14.444220845353382,7.876916666666666,0.09502083333333333,9.502083333333333
8.9%,0.08886965777777778,8.886965777777778,BPA2014,BPA,216.0,0.9,False,7.915051030420236,0.1444422084535338,14.444220845353382,7.860704166666666,0.09567083333333333,9.567083333333333
8.9%,0.08886965777777778,8.886965777777778,BPA2014,BPA,240.0,1.0,False,7.9039163026763655,0.1444422084535338,14.444220845353382,7.859608333333333,0.09525833333333333,9.525833333333333
8.9%,0.08886965777777778,8.886965777777778,BPA2014,BPA,264.0,1.1,False,7.905121906872597,0.1444422084535338,14.444220845353382,7.8661208333333335,0.09399166666666667,9.399166666666666
8.9%,0.08886965777777778,8.886965777777778,BPA2014,BPA,288.0,1.2,False,7.918580974253427,0.1444422084535338,14.444220845353382,7.878704166666667,0.0931,9.31
8.9%,0.08886965777777778,8.886965777777778,BPA2014,BPA,312.0,1.3,False,7.9435725341539865,0.1444422084535338,14.444220845353382,7.896304166666667,0.09364583333333333,9.364583333333334
8.9%,0.08886965777777778,8.886965777777778,BPA2014,BPA,336.0,1.4,False,7.978811091917297,0.1444422084535338,14.444220845353382,7.917754166666667,0.09478333333333333,9.478333333333333
8.9%,0.08886965777777778,8.886965777777778,BPA2014,BPA,360.0,1.5,False,8.0225586874809,0.1444422084535338,14.444220845353382,7.951083333333333,0.09674166666666667,9.674166666666666
8.9%,0.08886965777777778,8.886965777777778,NPA2016,NPA,-360.0,-1.5,False,8.60681859851447,0.14480371926887375,14.480371926887376,8.109754166666667,0.09191666666666666,9.191666666666666
8.9%,0.08886965777777778,8.886965777777778,NPA2016,NPA,-336.0,-1.4,False,8.64470350283433,0.14480371926887375,14.480371926887376,8.1741,0.09121666666666668,9.121666666666668
8.9%,0.08886965777777778,8.886965777777778,NPA2016,NPA,-312.0,-1.3,False,8.675421538800057,0.14480371926887375,14.480371926887376,8.206879166666667,0.09071666666666667,9.071666666666667
8.9%,0.08886965777777778,8.886965777777778,NPA2016,NPA,-288.0,-1.2,False,8.699147351905703,0.12100838561014791,12.100838561014791,8.222804166666666,0.08997083333333333,8.997083333333332
8.9%,0.08886965777777778,8.886965777777778,NPA2016,NPA,-264.0,-1.1,False,8.716282116675249,0.13113034938214563,13.113034938214563,8.2389625,0.08887499999999998,8.887499999999998
8.9%,0.08886965777777778,8.886965777777778,NPA2016,NPA,-240.0,-1.0,False,8.727389693842493,0.13113034938214563,13.113034938214563,8.250729166666666,0.08834166666666667,8.834166666666667
8.9%,0.08886965777777778,8.886965777777778,NPA2016,NPA,-216.0,-0.9,False,8.73310177904797,0.13113034938214563,13.113034938214563,8.249879166666666,0.08862500000000001,8.8625
8.9%,0.08886965777777778,8.886965777777778,NPA2016,NPA,-192.0,-0.8,False,8.734084956260563,0.13113034938214563,13.113034938214563,8.243541666666667,0.0897625,8.97625
8.9%,0.08886965777777778,8.886965777777778,NPA2016,NPA,-168.0,-0.7,False,8.731001126482136,0.13113034938214563,13.113034938214563,8.239445833333333,0.09136250000000001,9.13625
8.9%,0.08886965777777778,8.886965777777778,NPA2016,NPA,-144.0,-0.6,False,8.72447202918206,0.13113034938214563,13.113034938214563,8.241837499999999,0.09216250000000001,9.21625
8.9%,0.08886965777777778,8.886965777777778,NPA2016,NPA,-120.0,-0.5,True,8.71508098527026,0.13113034938214563,13.113034938214563,8.242258333333332,0.09270416666666667,9.270416666666668
8.9%,0.08886965777777778,8.886965777777778,NPA2016,NPA,-96.0,-0.4,True,8.703370262231362,0.13113034938214563,13.113034938214563,8.241304166666668,0.09391666666666668,9.391666666666667
8.9%,0.08886965777777778,8.886965777777778,NPA2016,NPA,-72.0,-0.3,True,8.689839662604735,0.13113034938214563,13.113034938214563,8.235516666666665,0.09455833333333334,9.455833333333334
8.9%,0.08886965777777778,8.886965777777778,NPA2016,NPA,-48.0,-0.2,True,8.674959381594993,0.13113034938214563,13.113034938214563,8.21235,0.09512083333333334,9.512083333333333
8.9%,0.08886965777777778,8.886965777777778,NPA2016,NPA,-24.0,-0.1,True,8.659183846675191,0.13113034938214563,13.113034938214563,8.188479166666667,0.09598333333333334,9.598333333333334
8.9%,0.08886965777777778,8.886965777777778,NPA2016,NPA,0.0,0.0,True,8.642947808315803,0.13113034938214563,13.113034938214563,8.159775,0.09639583333333335,9.639583333333334
8.9%,0.08886965777777778,8.886965777777778,NPA2016,NPA,24.0,0.1,True,8.626680869696806,0.13113034938214563,13.113034938214563,8.1192125,0.09572499999999999,9.5725
8.9%,0.08886965777777778,8.886965777777778,NPA2016,NPA,48.0,0.2,True,8.610801149266994,0.13113034938214563,13.113034938214563,8.084025,0.09457083333333333,9.457083333333333
8.9%,0.08886965777777778,8.886965777777778,NPA2016,NPA,72.0,0.3,True,8.595718184995379,0.13113034938214563,13.113034938214563,8.0460125,0.09334166666666666,9.334166666666665
8.9%,0.08886965777777778,8.886965777777778,NPA2016,NPA,96.0,0.4,True,8.581825338262497,0.13113034938214563,13.113034938214563,7.993691666666667,0.09247916666666667,9.247916666666667
8.9%,0.08886965777777778,8.886965777777778,NPA2016,NPA,120.0,0.5,True,8.569491943894107,0.13113034938214563,13.113034938214563,7.948829166666666,0.09222083333333334,9.222083333333334
8.9%,0.08886965777777778,8.886965777777778,NPA2016,NPA,144.0,0.6,False,8.559055854324674,0.13113034938214563,13.113034938214563,7.921270833333334,0.09229166666666667,9.229166666666668
8.9%,0.08886965777777778,8.886965777777778,NPA2016,NPA,168.0,0.7,False,8.550806959491632,0.13113034938214563,13.113034938214563,7.898866666666667,0.0934875,9.34875
8.9%,0.08886965777777778,8.886965777777778,NPA2016,NPA,192.0,0.8,False,8.544983311908558,0.13113034938214563,13.113034938214563,7.876916666666666,0.09502083333333333,9.502083333333333
8.9%,0.08886965777777778,8.886965777777778,NPA2016,NPA,216.0,0.9,False,8.541757644022999,0.13113034938214563,13.113034938214563,7.860704166666666,0.09567083333333333,9.567083333333333
8.9%,0.08886965777777778,8.886965777777778,NPA2016,NPA,240.0,1.0,False,8.541233777429813,0.13113034938214563,13.113034938214563,7.859608333333333,0.09525833333333333,9.525833333333333
8.9%,0.08886965777777778,8.886965777777778,NPA2016,NPA,264.0,1.1,False,8.543439281587027,0.13113034938214563,13.113034938214563,7.8661208333333335,0.09399166666666667,9.399166666666666
8.9%,0.08886965777777778,8.886965777777778,NPA2016,NPA,288.0,1.2,False,8.54832276238636,0.13113034938214563,13.113034938214563,7.878704166666667,0.0931,9.31
8.9%,0.08886965777777778,8.886965777777778,NPA2016,NPA,312.0,1.3,False,8.55575075582463,0.13113034938214563,13.113034938214563,7.896304166666667,0.09364583333333333,9.364583333333334
8.9%,0.08886965777777778,8.886965777777778,NPA2016,NPA,336.0,1.4,False,8.565507459112455,0.13113034938214563,13.113034938214563,7.917754166666667,0.09478333333333333,9.478333333333333
8.9%,0.08886965777777778,8.886965777777778,NPA2016,NPA,360.0,1.5,False,8.57729140637839,0.13113034938214563,13.113034938214563,7.951083333333333,0.09674166666666667,9.674166666666666
8.9%,0.08886965777777778,8.886965777777778,Nygaard2022,"TurbOPark, A=0.04",-360.0,-1.5,False,7.048849193892262,0.08886965777777778,8.886965777777778,8.109754166666667,0.09191666666666666,9.191666666666666
8.9%,0.08886965777777778,8.886965777777778,Nygaard2022,"TurbOPark, A=0.04",-336.0,-1.4,False,7.191476721050838,0.08886965777777778,8.886965777777778,8.1741,0.09121666666666668,9.121666666666668
8.9%,0.08886965777777778,8.886965777777778,Nygaard2022,"TurbOPark, A=0.04",-312.0,-1.3,False,7.32529124037438,0.08886965777777778,8.886965777777778,8.206879166666667,0.09071666666666667,9.071666666666667
8.9%,0.08886965777777778,8.886965777777778,Nygaard2022,"TurbOPark, A=0.04",-288.0,-1.2,False,7.419438405933006,0.08886965777777778,8.886965777777778,8.222804166666666,0.08997083333333333,8.997083333333332
8.9%,0.08886965777777778,8.886965777777778,Nygaard2022,"TurbOPark, A=0.04",-264.0,-1.1,False,7.459998054639547,0.08886965777777778,8.886965777777778,8.2389625,0.08887499999999998,8.887499999999998
8.9%,0.08886965777777778,8.886965777777778,Nygaard2022,"TurbOPark, A=0.04",-240.0,-1.0,False,7.455286508626153,0.08886965777777778,8.886965777777778,8.250729166666666,0.08834166666666667,8.834166666666667
8.9%,0.08886965777777778,8.886965777777778,Nygaard2022,"TurbOPark, A=0.04",-216.0,-0.9,False,7.428858960510848,0.08886965777777778,8.886965777777778,8.249879166666666,0.08862500000000001,8.8625
8.9%,0.08886965777777778,8.886965777777778,Nygaard2022,"TurbOPark, A=0.04",-192.0,-0.8,False,7.4065358769601115,0.08886965777777778,8.886965777777778,8.243541666666667,0.0897625,8.97625
8.9%,0.08886965777777778,8.886965777777778,Nygaard2022,"TurbOPark, A=0.04",-168.0,-0.7,False,7.406622749612616,0.08886965777777778,8.886965777777778,8.239445833333333,0.09136250000000001,9.13625
8.9%,0.08886965777777778,8.886965777777778,Nygaard2022,"TurbOPark, A=0.04",-144.0,-0.6,False,7.4363725912117395,0.08886965777777778,8.886965777777778,8.241837499999999,0.09216250000000001,9.21625
8.9%,0.08886965777777778,8.886965777777778,Nygaard2022,"TurbOPark, A=0.04",-120.0,-0.5,True,7.49246112971001,0.08886965777777778,8.886965777777778,8.242258333333332,0.09270416666666667,9.270416666666668
8.9%,0.08886965777777778,8.886965777777778,Nygaard2022,"TurbOPark, A=0.04",-96.0,-0.4,True,7.5636178389733315,0.08886965777777778,8.886965777777778,8.241304166666668,0.09391666666666668,9.391666666666667
8.9%,0.08886965777777778,8.886965777777778,Nygaard2022,"TurbOPark, A=0.04",-72.0,-0.3,True,7.6345994803094825,0.08886965777777778,8.886965777777778,8.235516666666665,0.09455833333333334,9.455833333333334
8.9%,0.08886965777777778,8.886965777777778,Nygaard2022,"TurbOPark, A=0.04",-48.0,-0.2,True,7.691140916616636,0.08886965777777778,8.886965777777778,8.21235,0.09512083333333334,9.512083333333333
8.9%,0.08886965777777778,8.886965777777778,Nygaard2022,"TurbOPark, A=0.04",-24.0,-0.1,True,7.72420506014542,0.08886965777777778,8.886965777777778,8.188479166666667,0.09598333333333334,9.598333333333334
8.9%,0.08886965777777778,8.886965777777778,Nygaard2022,"TurbOPark, A=0.04",0.0,0.0,True,7.73123656575402,0.08886965777777778,8.886965777777778,8.159775,0.09639583333333335,9.639583333333334
8.9%,0.08886965777777778,8.886965777777778,Nygaard2022,"TurbOPark, A=0.04",24.0,0.1,True,7.712913348212166,0.08886965777777778,8.886965777777778,8.1192125,0.09572499999999999,9.5725
8.9%,0.08886965777777778,8.886965777777778,Nygaard2022,"TurbOPark, A=0.04",48.0,0.2,True,7.666941215289751,0.08886965777777778,8.886965777777778,8.084025,0.09457083333333333,9.457083333333333
8.9%,0.08886965777777778,8.886965777777778,Nygaard2022,"TurbOPark, A=0.04",72.0,0.3,True,7.583544841691698,0.08886965777777778,8.886965777777778,8.0460125,0.09334166666666666,9.334166666666665
8.9%,0.08886965777777778,8.886965777777778,Nygaard2022,"TurbOPark, A=0.04",96.0,0.4,True,7.448098542144862,0.08886965777777778,8.886965777777778,7.993691666666667,0.09247916666666667,9.247916666666667
8.9%,0.08886965777777778,8.886965777777778,Nygaard2022,"TurbOPark, A=0.04",120.0,0.5,True,7.251842495331447,0.08886965777777778,8.886965777777778,7.948829166666666,0.09222083333333334,9.222083333333334
8.9%,0.08886965777777778,8.886965777777778,Nygaard2022,"TurbOPark, A=0.04",144.0,0.6,False,7.004477325475712,0.08886965777777778,8.886965777777778,7.921270833333334,0.09229166666666667,9.229166666666668
8.9%,0.08886965777777778,8.886965777777778,Nygaard2022,"TurbOPark, A=0.04",168.0,0.7,False,6.737560287754716,0.08886965777777778,8.886965777777778,7.898866666666667,0.0934875,9.34875
8.9%,0.08886965777777778,8.886965777777778,Nygaard2022,"TurbOPark, A=0.04",192.0,0.8,False,6.496801143689092,0.08886965777777778,8.886965777777778,7.876916666666666,0.09502083333333333,9.502083333333333
8.9%,0.08886965777777778,8.886965777777778,Nygaard2022,"TurbOPark, A=0.04",216.0,0.9,False,6.328565131872731,0.08886965777777778,8.886965777777778,7.860704166666666,0.09567083333333333,9.567083333333333
8.9%,0.08886965777777778,8.886965777777778,Nygaard2022,"TurbOPark, A=0.04",240.0,1.0,False,6.266944205055374,0.08886965777777778,8.886965777777778,7.859608333333333,0.09525833333333333,9.525833333333333
8.9%,0.08886965777777778,8.886965777777778,Nygaard2022,"TurbOPark, A=0.04",264.0,1.1,False,6.3242444874882295,0.08886965777777778,8.886965777777778,7.8661208333333335,0.09399166666666667,9.399166666666666
8.9%,0.08886965777777778,8.886965777777778,Nygaard2022,"TurbOPark, A=0.04",288.0,1.2,False,6.486251414184869,0.08886965777777778,8.886965777777778,7.878704166666667,0.0931,9.31
8.9%,0.08886965777777778,8.886965777777778,Nygaard2022,"TurbOPark, A=0.04",312.0,1.3,False,6.713591932657693,0.08886965777777778,8.886965777777778,7.896304166666667,0.09364583333333333,9.364583333333334
8.9%,0.08886965777777778,8.886965777777778,Nygaard2022,"TurbOPark, A=0.04",336.0,1.4,False,6.948996226651637,0.08886965777777778,8.886965777777778,7.917754166666667,0.09478333333333333,9.478333333333333
8.9%,0.08886965777777778,8.886965777777778,Nygaard2022,"TurbOPark, A=0.04",360.0,1.5,False,7.132757804919576,0.08886965777777778,8.886965777777778,7.951083333333333,0.09674166666666667,9.674166666666666
8.9%,0.08886965777777778,8.886965777777778,Nygaard2022_A0.06,"TurbOPark, A=0.06",-360.0,-1.5,False,7.685869154905471,0.08886965777777778,8.886965777777778,8.109754166666667,0.09191666666666666,9.191666666666666
8.9%,0.08886965777777778,8.886965777777778,Nygaard2022_A0.06,"TurbOPark, A=0.06",-336.0,-1.4,False,7.756137189511334,0.08886965777777778,8.886965777777778,8.1741,0.09121666666666668,9.121666666666668
8.9%,0.08886965777777778,8.886965777777778,Nygaard2022_A0.06,"TurbOPark, A=0.06",-312.0,-1.3,False,7.830362334217736,0.08886965777777778,8.886965777777778,8.206879166666667,0.09071666666666667,9.071666666666667
8.9%,0.08886965777777778,8.886965777777778,Nygaard2022_A0.06,"TurbOPark, A=0.06",-288.0,-1.2,False,7.896646327639985,0.08886965777777778,8.886965777777778,8.222804166666666,0.08997083333333333,8.997083333333332
8.9%,0.08886965777777778,8.886965777777778,Nygaard2022_A0.06,"TurbOPark, A=0.06",-264.0,-1.1,False,7.946999270187483,0.08886965777777778,8.886965777777778,8.2389625,0.08887499999999998,8.887499999999998
8.9%,0.08886965777777778,8.886965777777778,Nygaard2022_A0.06,"TurbOPark, A=0.06",-240.0,-1.0,False,7.979515154888397,0.08886965777777778,8.886965777777778,8.250729166666666,0.08834166666666667,8.834166666666667
8.9%,0.08886965777777778,8.886965777777778,Nygaard2022_A0.06,"TurbOPark, A=0.06",-216.0,-0.9,False,7.998093484424648,0.08886965777777778,8.886965777777778,8.249879166666666,0.08862500000000001,8.8625
8.9%,0.08886965777777778,8.886965777777778,Nygaard2022_A0.06,"TurbOPark, A=0.06",-192.0,-0.8,False,8.009861643442438,0.08886965777777778,8.886965777777778,8.243541666666667,0.0897625,8.97625
8.9%,0.08886965777777778,8.886965777777778,Nygaard2022_A0.06,"TurbOPark, A=0.06",-168.0,-0.7,False,8.022025511175165,0.08886965777777778,8.886965777777778,8.239445833333333,0.09136250000000001,9.13625
8.9%,0.08886965777777778,8.886965777777778,Nygaard2022_A0.06,"TurbOPark, A=0.06",-144.0,-0.6,False,8.039581114711462,0.08886965777777778,8.886965777777778,8.241837499999999,0.09216250000000001,9.21625
8.9%,0.08886965777777778,8.886965777777778,Nygaard2022_A0.06,"TurbOPark, A=0.06",-120.0,-0.5,True,8.064371029099176,0.08886965777777778,8.886965777777778,8.242258333333332,0.09270416666666667,9.270416666666668
8.9%,0.08886965777777778,8.886965777777778,Nygaard2022_A0.06,"TurbOPark, A=0.06",-96.0,-0.4,True,8.095253949579119,0.08886965777777778,8.886965777777778,8.241304166666668,0.09391666666666668,9.391666666666667
8.9%,0.08886965777777778,8.886965777777778,Nygaard2022_A0.06,"TurbOPark, A=0.06",-72.0,-0.3,True,8.128850390618773,0.08886965777777778,8.886965777777778,8.235516666666665,0.09455833333333334,9.455833333333334
8.9%,0.08886965777777778,8.886965777777778,Nygaard2022_A0.06,"TurbOPark, A=0.06",-48.0,-0.2,True,8.160350455487967,0.08886965777777778,8.886965777777778,8.21235,0.09512083333333334,9.512083333333333
8.9%,0.08886965777777778,8.886965777777778,Nygaard2022_A0.06,"TurbOPark, A=0.06",-24.0,-0.1,True,8.183999173849923,0.08886965777777778,8.886965777777778,8.188479166666667,0.09598333333333334,9.598333333333334
8.9%,0.08886965777777778,8.886965777777778,Nygaard2022_A0.06,"TurbOPark, A=0.06",0.0,0.0,True,8.193041323125469,0.08886965777777778,8.886965777777778,8.159775,0.09639583333333335,9.639583333333334
8.9%,0.08886965777777778,8.886965777777778,Nygaard2022_A0.06,"TurbOPark, A=0.06",24.0,0.1,True,8.179374118034513,0.08886965777777778,8.886965777777778,8.1192125,0.09572499999999999,9.5725
8.9%,0.08886965777777778,8.886965777777778,Nygaard2022_A0.06,"TurbOPark, A=0.06",48.0,0.2,True,8.13396025824805,0.08886965777777778,8.886965777777778,8.084025,0.09457083333333333,9.457083333333333
8.9%,0.08886965777777778,8.886965777777778,Nygaard2022_A0.06,"TurbOPark, A=0.06",72.0,0.3,True,8.049150481853435,0.08886965777777778,8.886965777777778,8.0460125,0.09334166666666666,9.334166666666665
8.9%,0.08886965777777778,8.886965777777778,Nygaard2022_A0.06,"TurbOPark, A=0.06",96.0,0.4,True,7.922726702523658,0.08886965777777778,8.886965777777778,7.993691666666667,0.09247916666666667,9.247916666666667
8.9%,0.08886965777777778,8.886965777777778,Nygaard2022_A0.06,"TurbOPark, A=0.06",120.0,0.5,True,7.761310364070583,0.08886965777777778,8.886965777777778,7.948829166666666,0.09222083333333334,9.222083333333334
8.9%,0.08886965777777778,8.886965777777778,Nygaard2022_A0.06,"TurbOPark, A=0.06",144.0,0.6,False,7.580732783507253,0.08886965777777778,8.886965777777778,7.921270833333334,0.09229166666666667,9.229166666666668
8.9%,0.08886965777777778,8.886965777777778,Nygaard2022_A0.06,"TurbOPark, A=0.06",168.0,0.7,False,7.403203227177093,0.08886965777777778,8.886965777777778,7.898866666666667,0.0934875,9.34875
8.9%,0.08886965777777778,8.886965777777778,Nygaard2022_A0.06,"TurbOPark, A=0.06",192.0,0.8,False,7.25278733662363,0.08886965777777778,8.886965777777778,7.876916666666666,0.09502083333333333,9.502083333333333
8.9%,0.08886965777777778,8.886965777777778,Nygaard2022_A0.06,"TurbOPark, A=0.06",216.0,0.9,False,7.150626490285996,0.08886965777777778,8.886965777777778,7.860704166666666,0.09567083333333333,9.567083333333333
8.9%,0.08886965777777778,8.886965777777778,Nygaard2022_A0.06,"TurbOPark, A=0.06",240.0,1.0,False,7.1107026706263605,0.08886965777777778,8.886965777777778,7.859608333333333,0.09525833333333333,9.525833333333333
8.9%,0.08886965777777778,8.886965777777778,Nygaard2022_A0.06,"TurbOPark, A=0.06",264.0,1.1,False,7.136821069186727,0.08886965777777778,8.886965777777778,7.8661208333333335,0.09399166666666667,9.399166666666666
8.9%,0.08886965777777778,8.886965777777778,Nygaard2022_A0.06,"TurbOPark, A=0.06",288.0,1.2,False,7.221267706691537,0.08886965777777778,8.886965777777778,7.878704166666667,0.0931,9.31
8.9%,0.08886965777777778,8.886965777777778,Nygaard2022_A0.06,"TurbOPark, A=0.06",312.0,1.3,False,7.345693647879521,0.08886965777777778,8.886965777777778,7.896304166666667,0.09364583333333333,9.364583333333334
8.9%,0.08886965777777778,8.886965777777778,Nygaard2022_A0.06,"TurbOPark, A=0.06",336.0,1.4,False,7.484445708822678,0.08886965777777778,8.886965777777778,7.917754166666667,0.09478333333333333,9.478333333333333
8.9%,0.08886965777777778,8.886965777777778,Nygaard2022_A0.06,"TurbOPark, A=0.06",360.0,1.5,False,7.610504763467057,0.08886965777777778,8.886965777777778,7.951083333333333,0.09674166666666667,9.674166666666666
9.5%,0.09503707222222221,9.503707222222221,BPA2014,BPA,-360.0,-1.5,False,8.320813366380428,0.13563733963725347,13.563733963725348,8.109754166666667,0.09191666666666666,9.191666666666666
9.5%,0.09503707222222221,9.503707222222221,BPA2014,BPA,-336.0,-1.4,False,8.368156929025488,0.13563733963725347,13.563733963725348,8.1741,0.09121666666666668,9.121666666666668
9.5%,0.09503707222222221,9.503707222222221,BPA2014,BPA,-312.0,-1.3,False,8.404300836789563,0.13563733963725347,13.563733963725348,8.206879166666667,0.09071666666666667,9.071666666666667
9.5%,0.09503707222222221,9.503707222222221,BPA2014,BPA,-288.0,-1.2,False,8.431774075840483,0.13563733963725347,13.563733963725348,8.222804166666666,0.08997083333333333,8.997083333333332
9.5%,0.09503707222222221,9.503707222222221,BPA2014,BPA,-264.0,-1.1,False,8.452568061556574,0.13563733963725347,13.563733963725348,8.2389625,0.08887499999999998,8.887499999999998
9.5%,0.09503707222222221,9.503707222222221,BPA2014,BPA,-240.0,-1.0,False,8.468035048697038,0.13563733963725347,13.563733963725348,8.250729166666666,0.08834166666666667,8.834166666666667
9.5%,0.09503707222222221,9.503707222222221,BPA2014,BPA,-216.0,-0.9,False,8.47890162904713,0.13563733963725347,13.563733963725348,8.249879166666666,0.08862500000000001,8.8625
9.5%,0.09503707222222221,9.503707222222221,BPA2014,BPA,-192.0,-0.8,False,8.485356381693265,0.13563733963725347,13.563733963725348,8.243541666666667,0.0897625,8.97625
9.5%,0.09503707222222221,9.503707222222221,BPA2014,BPA,-168.0,-0.7,False,8.48717689591534,0.13563733963725347,13.563733963725348,8.239445833333333,0.09136250000000001,9.13625
9.5%,0.09503707222222221,9.503707222222221,BPA2014,BPA,-144.0,-0.6,False,8.483871485867951,0.13563733963725347,13.563733963725348,8.241837499999999,0.09216250000000001,9.21625
9.5%,0.09503707222222221,9.503707222222221,BPA2014,BPA,-120.0,-0.5,True,8.474820781683771,0.14812615171120083,14.812615171120083,8.242258333333332,0.09270416666666667,9.270416666666668
9.5%,0.09503707222222221,9.503707222222221,BPA2014,BPA,-96.0,-0.4,True,8.459411631307983,0.14812615171120083,14.812615171120083,8.241304166666668,0.09391666666666668,9.391666666666667
9.5%,0.09503707222222221,9.503707222222221,BPA2014,BPA,-72.0,-0.3,True,8.437159666667597,0.14812615171120083,14.812615171120083,8.235516666666665,0.09455833333333334,9.455833333333334
9.5%,0.09503707222222221,9.503707222222221,BPA2014,BPA,-48.0,-0.2,True,8.407817925140332,0.14812615171120083,14.812615171120083,8.21235,0.09512083333333334,9.512083333333333
9.5%,0.09503707222222221,9.503707222222221,BPA2014,BPA,-24.0,-0.1,True,8.371468113667909,0.14812615171120083,14.812615171120083,8.188479166666667,0.09598333333333334,9.598333333333334
9.5%,0.09503707222222221,9.503707222222221,BPA2014,BPA,0.0,0.0,True,8.328589634900423,0.14812615171120083,14.812615171120083,8.159775,0.09639583333333335,9.639583333333334
9.5%,0.09503707222222221,9.503707222222221,BPA2014,BPA,24.0,0.1,True,8.280100385262825,0.14812615171120083,14.812615171120083,8.1192125,0.09572499999999999,9.5725
9.5%,0.09503707222222221,9.503707222222221,BPA2014,BPA,48.0,0.2,True,8.227363306005246,0.14812615171120083,14.812615171120083,8.084025,0.09457083333333333,9.457083333333333
9.5%,0.09503707222222221,9.503707222222221,BPA2014,BPA,72.0,0.3,True,8.172154087873148,0.14812615171120083,14.812615171120083,8.0460125,0.09334166666666666,9.334166666666665
9.5%,0.09503707222222221,9.503707222222221,BPA2014,BPA,96.0,0.4,True,8.116588309716438,0.14812615171120083,14.812615171120083,7.993691666666667,0.09247916666666667,9.247916666666667
9.5%,0.09503707222222221,9.503707222222221,BPA2014,BPA,120.0,0.5,True,8.063010318208107,0.14812615171120083,14.812615171120083,7.948829166666666,0.09222083333333334,9.222083333333334
9.5%,0.09503707222222221,9.503707222222221,BPA2014,BPA,144.0,0.6,False,8.013850753986738,0.14812615171120083,14.812615171120083,7.921270833333334,0.09229166666666667,9.229166666666668
9.5%,0.09503707222222221,9.503707222222221,BPA2014,BPA,168.0,0.7,False,7.971464054855138,0.14812615171120083,14.812615171120083,7.898866666666667,0.0934875,9.34875
9.5%,0.09503707222222221,9.503707222222221,BPA2014,BPA,192.0,0.8,False,7.937960731840579,0.14812615171120083,14.812615171120083,7.876916666666666,0.09502083333333333,9.502083333333333
9.5%,0.09503707222222221,9.503707222222221,BPA2014,BPA,216.0,0.9,False,7.915051030420236,0.14812615171120083,14.812615171120083,7.860704166666666,0.09567083333333333,9.567083333333333
9.5%,0.09503707222222221,9.503707222222221,BPA2014,BPA,240.0,1.0,False,7.9039163026763655,0.14812615171120083,14.812615171120083,7.859608333333333,0.09525833333333333,9.525833333333333
9.5%,0.09503707222222221,9.503707222222221,BPA2014,BPA,264.0,1.1,False,7.905121906872597,0.14812615171120083,14.812615171120083,7.8661208333333335,0.09399166666666667,9.399166666666666
9.5%,0.09503707222222221,9.503707222222221,BPA2014,BPA,288.0,1.2,False,7.918580974253427,0.14812615171120083,14.812615171120083,7.878704166666667,0.0931,9.31
9.5%,0.09503707222222221,9.503707222222221,BPA2014,BPA,312.0,1.3,False,7.9435725341539865,0.14812615171120083,14.812615171120083,7.896304166666667,0.09364583333333333,9.364583333333334
9.5%,0.09503707222222221,9.503707222222221,BPA2014,BPA,336.0,1.4,False,7.978811091917297,0.14812615171120083,14.812615171120083,7.917754166666667,0.09478333333333333,9.478333333333333
9.5%,0.09503707222222221,9.503707222222221,BPA2014,BPA,360.0,1.5,False,8.0225586874809,0.14812615171120083,14.812615171120083,7.951083333333333,0.09674166666666667,9.674166666666666
9.5%,0.09503707222222221,9.503707222222221,NPA2016,NPA,-360.0,-1.5,False,8.623197222239881,0.14885833836592388,14.885833836592388,8.109754166666667,0.09191666666666666,9.191666666666666
9.5%,0.09503707222222221,9.503707222222221,NPA2016,NPA,-336.0,-1.4,False,8.659918802928377,0.14885833836592388,14.885833836592388,8.1741,0.09121666666666668,9.121666666666668
9.5%,0.09503707222222221,9.503707222222221,NPA2016,NPA,-312.0,-1.3,False,8.689947707162062,0.14885833836592388,14.885833836592388,8.206879166666667,0.09071666666666667,9.071666666666667
9.5%,0.09503707222222221,9.503707222222221,NPA2016,NPA,-288.0,-1.2,False,8.713385772888902,0.13553437726423762,13.55343772642376,8.222804166666666,0.08997083333333333,8.997083333333332
9.5%,0.09503707222222221,9.503707222222221,NPA2016,NPA,-264.0,-1.1,False,8.730557960574664,0.13553437726423762,13.55343772642376,8.2389625,0.08887499999999998,8.887499999999998
9.5%,0.09503707222222221,9.503707222222221,NPA2016,NPA,-240.0,-1.0,False,8.741944940935882,0.13553437726423762,13.55343772642376,8.250729166666666,0.08834166666666667,8.834166666666667
9.5%,0.09503707222222221,9.503707222222221,NPA2016,NPA,-216.0,-0.9,False,8.7481240749963,0.13553437726423762,13.55343772642376,8.249879166666666,0.08862500000000001,8.8625
9.5%,0.09503707222222221,9.503707222222221,NPA2016,NPA,-192.0,-0.8,False,8.749716705728975,0.13553437726423762,13.55343772642376,8.243541666666667,0.0897625,8.97625
9.5%,0.09503707222222221,9.503707222222221,NPA2016,NPA,-168.0,-0.7,False,8.74735201529466,0.13553437726423762,13.55343772642376,8.239445833333333,0.09136250000000001,9.13625
9.5%,0.09503707222222221,9.503707222222221,NPA2016,NPA,-144.0,-0.6,False,8.741637851365468,0.13553437726423762,13.55343772642376,8.241837499999999,0.09216250000000001,9.21625
9.5%,0.09503707222222221,9.503707222222221,NPA2016,NPA,-120.0,-0.5,True,8.733152705606638,0.13553437726423762,13.55343772642376,8.242258333333332,0.09270416666666667,9.270416666666668
9.5%,0.09503707222222221,9.503707222222221,NPA2016,NPA,-96.0,-0.4,True,8.722433608256116,0.13553437726423762,13.55343772642376,8.241304166666668,0.09391666666666668,9.391666666666667
9.5%,0.09503707222222221,9.503707222222221,NPA2016,NPA,-72.0,-0.3,True,8.709980581912989,0.13553437726423762,13.55343772642376,8.235516666666665,0.09455833333333334,9.455833333333334
9.5%,0.09503707222222221,9.503707222222221,NPA2016,NPA,-48.0,-0.2,True,8.696264080343285,0.13553437726423762,13.55343772642376,8.21235,0.09512083333333334,9.512083333333333
9.5%,0.09503707222222221,9.503707222222221,NPA2016,NPA,-24.0,-0.1,True,8.681725615642726,0.13553437726423762,13.55343772642376,8.188479166666667,0.09598333333333334,9.598333333333334
9.5%,0.09503707222222221,9.503707222222221,NPA2016,NPA,0.0,0.0,True,8.666787932697225,0.13553437726423762,13.55343772642376,8.159775,0.09639583333333335,9.639583333333334
9.5%,0.09503707222222221,9.503707222222221,NPA2016,NPA,24.0,0.1,True,8.65185581780876,0.13553437726423762,13.55343772642376,8.1192125,0.09572499999999999,9.5725
9.5%,0.09503707222222221,9.503707222222221,NPA2016,NPA,48.0,0.2,True,8.63732153269061,0.13553437726423762,13.55343772642376,8.084025,0.09457083333333333,9.457083333333333
9.5%,0.09503707222222221,9.503707222222221,NPA2016,NPA,72.0,0.3,True,8.623558778556447,0.13553437726423762,13.55343772642376,8.0460125,0.09334166666666666,9.334166666666665
9.5%,0.09503707222222221,9.503707222222221,NPA2016,NPA,96.0,0.4,True,8.610921587076986,0.13553437726423762,13.55343772642376,7.993691666666667,0.09247916666666667,9.247916666666667
9.5%,0.09503707222222221,9.503707222222221,NPA2016,NPA,120.0,0.5,True,8.59973821875392,0.13553437726423762,13.55343772642376,7.948829166666666,0.09222083333333334,9.222083333333334
9.5%,0.09503707222222221,9.503707222222221,NPA2016,NPA,144.0,0.6,False,8.59030340316852,0.13553437726423762,13.55343772642376,7.921270833333334,0.09229166666666667,9.229166666666668
9.5%,0.09503707222222221,9.503707222222221,NPA2016,NPA,168.0,0.7,False,8.582875047958078,0.13553437726423762,13.55343772642376,7.898866666666667,0.0934875,9.34875
9.5%,0.09503707222222221,9.503707222222221,NPA2016,NPA,192.0,0.8,False,8.577655432342901,0.13553437726423762,13.55343772642376,7.876916666666666,0.09502083333333333,9.502083333333333
9.5%,0.09503707222222221,9.503707222222221,NPA2016,NPA,216.0,0.9,False,8.574792532430171,0.13553437726423762,13.55343772642376,7.860704166666666,0.09567083333333333,9.567083333333333
9.5%,0.09503707222222221,9.503707222222221,NPA2016,NPA,240.0,1.0,False,8.574371726150234,0.13553437726423762,13.55343772642376,7.859608333333333,0.09525833333333333,9.525833333333333
9.5%,0.09503707222222221,9.503707222222221,NPA2016,NPA,264.0,1.1,False,8.576413069924495,0.13553437726423762,13.55343772642376,7.8661208333333335,0.09399166666666667,9.399166666666666
9.5%,0.09503707222222221,9.503707222222221,NPA2016,NPA,288.0,1.2,False,8.580866507266478,0.13553437726423762,13.55343772642376,7.878704166666667,0.0931,9.31
9.5%,0.09503707222222221,9.503707222222221,NPA2016,NPA,312.0,1.3,False,8.587609370441005,0.13553437726423762,13.55343772642376,7.896304166666667,0.09364583333333333,9.364583333333334
9.5%,0.09503707222222221,9.503707222222221,NPA2016,NPA,336.0,1.4,False,8.596440497631495,0.13553437726423762,13.55343772642376,7.917754166666667,0.09478333333333333,9.478333333333333
9.5%,0.09503707222222221,9.503707222222221,NPA2016,NPA,360.0,1.5,False,8.607078402659369,0.13553437726423762,13.55343772642376,7.951083333333333,0.09674166666666667,9.674166666666666
9.5%,0.09503707222222221,9.503707222222221,Nygaard2022,"TurbOPark, A=0.04",-360.0,-1.5,False,7.103151382267301,0.09503707222222221,9.503707222222221,8.109754166666667,0.09191666666666666,9.191666666666666
9.5%,0.09503707222222221,9.503707222222221,Nygaard2022,"TurbOPark, A=0.04",-336.0,-1.4,False,7.241372171680226,0.09503707222222221,9.503707222222221,8.1741,0.09121666666666668,9.121666666666668
9.5%,0.09503707222222221,9.503707222222221,Nygaard2022,"TurbOPark, A=0.04",-312.0,-1.3,False,7.372335081714987,0.09503707222222221,9.503707222222221,8.206879166666667,0.09071666666666667,9.071666666666667
9.5%,0.09503707222222221,9.503707222222221,Nygaard2022,"TurbOPark, A=0.04",-288.0,-1.2,False,7.4667723273893705,0.09503707222222221,9.503707222222221,8.222804166666666,0.08997083333333333,8.997083333333332
9.5%,0.09503707222222221,9.503707222222221,Nygaard2022,"TurbOPark, A=0.04",-264.0,-1.1,False,7.510992806205902,0.09503707222222221,9.503707222222221,8.2389625,0.08887499999999998,8.887499999999998
9.5%,0.09503707222222221,9.503707222222221,Nygaard2022,"TurbOPark, A=0.04",-240.0,-1.0,False,7.511965460785197,0.09503707222222221,9.503707222222221,8.250729166666666,0.08834166666666667,8.834166666666667
9.5%,0.09503707222222221,9.503707222222221,Nygaard2022,"TurbOPark, A=0.04",-216.0,-0.9,False,7.491200680206572,0.09503707222222221,9.503707222222221,8.249879166666666,0.08862500000000001,8.8625
9.5%,0.09503707222222221,9.503707222222221,Nygaard2022,"TurbOPark, A=0.04",-192.0,-0.8,False,7.47272975884977,0.09503707222222221,9.503707222222221,8.243541666666667,0.0897625,8.97625
9.5%,0.09503707222222221,9.503707222222221,Nygaard2022,"TurbOPark, A=0.04",-168.0,-0.7,False,7.473969149051335,0.09503707222222221,9.503707222222221,8.239445833333333,0.09136250000000001,9.13625
9.5%,0.09503707222222221,9.503707222222221,Nygaard2022,"TurbOPark, A=0.04",-144.0,-0.6,False,7.502146603787324,0.09503707222222221,9.503707222222221,8.241837499999999,0.09216250000000001,9.21625
9.5%,0.09503707222222221,9.503707222222221,Nygaard2022,"TurbOPark, A=0.04",-120.0,-0.5,True,7.5546933355584915,0.09503707222222221,9.503707222222221,8.242258333333332,0.09270416666666667,9.270416666666668
9.5%,0.09503707222222221,9.503707222222221,Nygaard2022,"TurbOPark, A=0.04",-96.0,-0.4,True,7.621646096163224,0.09503707222222221,9.503707222222221,8.241304166666668,0.09391666666666668,9.391666666666667
9.5%,0.09503707222222221,9.503707222222221,Nygaard2022,"TurbOPark, A=0.04",-72.0,-0.3,True,7.689343574189803,0.09503707222222221,9.503707222222221,8.235516666666665,0.09455833333333334,9.455833333333334
9.5%,0.09503707222222221,9.503707222222221,Nygaard2022,"TurbOPark, A=0.04",-48.0,-0.2,True,7.744742066267515,0.09503707222222221,9.503707222222221,8.21235,0.09512083333333334,9.512083333333333
9.5%,0.09503707222222221,9.503707222222221,Nygaard2022,"TurbOPark, A=0.04",-24.0,-0.1,True,7.779097130418166,0.09503707222222221,9.503707222222221,8.188479166666667,0.09598333333333334,9.598333333333334
9.5%,0.09503707222222221,9.503707222222221,Nygaard2022,"TurbOPark, A=0.04",0.0,0.0,True,7.789022716253296,0.09503707222222221,9.503707222222221,8.159775,0.09639583333333335,9.639583333333334
9.5%,0.09503707222222221,9.503707222222221,Nygaard2022,"TurbOPark, A=0.04",24.0,0.1,True,7.773550384360397,0.09503707222222221,9.503707222222221,8.1192125,0.09572499999999999,9.5725
9.5%,0.09503707222222221,9.503707222222221,Nygaard2022,"TurbOPark, A=0.04",48.0,0.2,True,7.728683720155229,0.09503707222222221,9.503707222222221,8.084025,0.09457083333333333,9.457083333333333
9.5%,0.09503707222222221,9.503707222222221,Nygaard2022,"TurbOPark, A=0.04",72.0,0.3,True,7.643759735897737,0.09503707222222221,9.503707222222221,8.0460125,0.09334166666666666,9.334166666666665
9.5%,0.09503707222222221,9.503707222222221,Nygaard2022,"TurbOPark, A=0.04",96.0,0.4,True,7.504610219698774,0.09503707222222221,9.503707222222221,7.993691666666667,0.09247916666666667,9.247916666666667
9.5%,0.09503707222222221,9.503707222222221,Nygaard2022,"TurbOPark, A=0.04",120.0,0.5,True,7.304287401126195,0.09503707222222221,9.503707222222221,7.948829166666666,0.09222083333333334,9.222083333333334
9.5%,0.09503707222222221,9.503707222222221,Nygaard2022,"TurbOPark, A=0.04",144.0,0.6,False,7.054373812612221,0.09503707222222221,9.503707222222221,7.921270833333334,0.09229166666666667,9.229166666666668
9.5%,0.09503707222222221,9.503707222222221,Nygaard2022,"TurbOPark, A=0.04",168.0,0.7,False,6.787217801056617,0.09503707222222221,9.503707222222221,7.898866666666667,0.0934875,9.34875
9.5%,0.09503707222222221,9.503707222222221,Nygaard2022,"TurbOPark, A=0.04",192.0,0.8,False,6.547836674149037,0.09503707222222221,9.503707222222221,7.876916666666666,0.09502083333333333,9.502083333333333
9.5%,0.09503707222222221,9.503707222222221,Nygaard2022,"TurbOPark, A=0.04",216.0,0.9,False,6.38125464271514,0.09503707222222221,9.503707222222221,7.860704166666666,0.09567083333333333,9.567083333333333
9.5%,0.09503707222222221,9.503707222222221,Nygaard2022,"TurbOPark, A=0.04",240.0,1.0,False,6.320126583115747,0.09503707222222221,9.503707222222221,7.859608333333333,0.09525833333333333,9.525833333333333
9.5%,0.09503707222222221,9.503707222222221,Nygaard2022,"TurbOPark, A=0.04",264.0,1.1,False,6.376012866149859,0.09503707222222221,9.503707222222221,7.8661208333333335,0.09399166666666667,9.399166666666666
9.5%,0.09503707222222221,9.503707222222221,Nygaard2022,"TurbOPark, A=0.04",288.0,1.2,False,6.534783443771881,0.09503707222222221,9.503707222222221,7.878704166666667,0.0931,9.31
9.5%,0.09503707222222221,9.503707222222221,Nygaard2022,"TurbOPark, A=0.04",312.0,1.3,False,6.7581215298122785,0.09503707222222221,9.503707222222221,7.896304166666667,0.09364583333333333,9.364583333333334
9.5%,0.09503707222222221,9.503707222222221,Nygaard2022,"TurbOPark, A=0.04",336.0,1.4,False,6.990424607194562,0.09503707222222221,9.503707222222221,7.917754166666667,0.09478333333333333,9.478333333333333
9.5%,0.09503707222222221,9.503707222222221,Nygaard2022,"TurbOPark, A=0.04",360.0,1.5,False,7.173814979469771,0.09503707222222221,9.503707222222221,7.951083333333333,0.09674166666666667,9.674166666666666
9.5%,0.09503707222222221,9.503707222222221,Nygaard2022_A0.06,"TurbOPark, A=0.06",-360.0,-1.5,False,7.730997130658554,0.09503707222222221,9.503707222222221,8.109754166666667,0.09191666666666666,9.191666666666666
9.5%,0.09503707222222221,9.503707222222221,Nygaard2022_A0.06,"TurbOPark, A=0.06",-336.0,-1.4,False,7.798690843022454,0.09503707222222221,9.503707222222221,8.1741,0.09121666666666668,9.121666666666668
9.5%,0.09503707222222221,9.503707222222221,Nygaard2022_A0.06,"TurbOPark, A=0.06",-312.0,-1.3,False,7.871079368171423,0.09503707222222221,9.503707222222221,8.206879166666667,0.09071666666666667,9.071666666666667
9.5%,0.09503707222222221,9.503707222222221,Nygaard2022_A0.06,"TurbOPark, A=0.06",-288.0,-1.2,False,7.937016631229593,0.09503707222222221,9.503707222222221,8.222804166666666,0.08997083333333333,8.997083333333332
9.5%,0.09503707222222221,9.503707222222221,Nygaard2022_A0.06,"TurbOPark, A=0.06",-264.0,-1.1,False,7.988693146249567,0.09503707222222221,9.503707222222221,8.2389625,0.08887499999999998,8.887499999999998
9.5%,0.09503707222222221,9.503707222222221,Nygaard2022_A0.06,"TurbOPark, A=0.06",-240.0,-1.0,False,8.02376181238083,0.09503707222222221,9.503707222222221,8.250729166666666,0.08834166666666667,8.834166666666667
9.5%,0.09503707222222221,9.503707222222221,Nygaard2022_A0.06,"TurbOPark, A=0.06",-216.0,-0.9,False,8.045225256086402,0.09503707222222221,9.503707222222221,8.249879166666666,0.08862500000000001,8.8625
9.5%,0.09503707222222221,9.503707222222221,Nygaard2022_A0.06,"TurbOPark, A=0.06",-192.0,-0.8,False,8.059329210784204,0.09503707222222221,9.503707222222221,8.243541666666667,0.0897625,8.97625
9.5%,0.09503707222222221,9.503707222222221,Nygaard2022_A0.06,"TurbOPark, A=0.06",-168.0,-0.7,False,8.072706418783545,0.09503707222222221,9.503707222222221,8.239445833333333,0.09136250000000001,9.13625
9.5%,0.09503707222222221,9.503707222222221,Nygaard2022_A0.06,"TurbOPark, A=0.06",-144.0,-0.6,False,8.090205809292241,0.09503707222222221,9.503707222222221,8.241837499999999,0.09216250000000001,9.21625
9.5%,0.09503707222222221,9.503707222222221,Nygaard2022_A0.06,"TurbOPark, A=0.06",-120.0,-0.5,True,8.113898229662475,0.09503707222222221,9.503707222222221,8.242258333333332,0.09270416666666667,9.270416666666668
9.5%,0.09503707222222221,9.503707222222221,Nygaard2022_A0.06,"TurbOPark, A=0.06",-96.0,-0.4,True,8.143114685964104,0.09503707222222221,9.503707222222221,8.241304166666668,0.09391666666666668,9.391666666666667
9.5%,0.09503707222222221,9.503707222222221,Nygaard2022_A0.06,"TurbOPark, A=0.06",-72.0,-0.3,True,8.174989042627047,0.09503707222222221,9.503707222222221,8.235516666666665,0.09455833333333334,9.455833333333334
9.5%,0.09503707222222221,9.503707222222221,Nygaard2022_A0.06,"TurbOPark, A=0.06",-48.0,-0.2,True,8.205125419075745,0.09503707222222221,9.503707222222221,8.21235,0.09512083333333334,9.512083333333333
9.5%,0.09503707222222221,9.503707222222221,Nygaard2022_A0.06,"TurbOPark, A=0.06",-24.0,-0.1,True,8.227915099136641,0.09503707222222221,9.503707222222221,8.188479166666667,0.09598333333333334,9.598333333333334
9.5%,0.09503707222222221,9.503707222222221,Nygaard2022_A0.06,"TurbOPark, A=0.06",0.0,0.0,True,8.23641261814365,0.09503707222222221,9.503707222222221,8.159775,0.09639583333333335,9.639583333333334
9.5%,0.09503707222222221,9.503707222222221,Nygaard2022_A0.06,"TurbOPark, A=0.06",24.0,0.1,True,8.222127914253946,0.09503707222222221,9.503707222222221,8.1192125,0.09572499999999999,9.5725
9.5%,0.09503707222222221,9.503707222222221,Nygaard2022_A0.06,"TurbOPark, A=0.06",48.0,0.2,True,8.17570551067557,0.09503707222222221,9.503707222222221,8.084025,0.09457083333333333,9.457083333333333
9.5%,0.09503707222222221,9.503707222222221,Nygaard2022_A0.06,"TurbOPark, A=0.06",72.0,0.3,True,8.08957042586782,0.09503707222222221,9.503707222222221,8.0460125,0.09334166666666666,9.334166666666665
9.5%,0.09503707222222221,9.503707222222221,Nygaard2022_A0.06,"TurbOPark, A=0.06",96.0,0.4,True,7.962030276257994,0.09503707222222221,9.503707222222221,7.993691666666667,0.09247916666666667,9.247916666666667
9.5%,0.09503707222222221,9.503707222222221,Nygaard2022_A0.06,"TurbOPark, A=0.06",120.0,0.5,True,7.800341296838881,0.09503707222222221,9.503707222222221,7.948829166666666,0.09222083333333334,9.222083333333334
9.5%,0.09503707222222221,9.503707222222221,Nygaard2022_A0.06,"TurbOPark, A=0.06",144.0,0.6,False,7.62059136031125,0.09503707222222221,9.503707222222221,7.921270833333334,0.09229166666666667,9.229166666666668
9.5%,0.09503707222222221,9.503707222222221,Nygaard2022_A0.06,"TurbOPark, A=0.06",168.0,0.7,False,7.444713133007454,0.09503707222222221,9.503707222222221,7.898866666666667,0.0934875,9.34875
9.5%,0.09503707222222221,9.503707222222221,Nygaard2022_A0.06,"TurbOPark, A=0.06",192.0,0.8,False,7.296115623966434,0.09503707222222221,9.503707222222221,7.876916666666666,0.09502083333333333,9.502083333333333
9.5%,0.09503707222222221,9.503707222222221,Nygaard2022_A0.06,"TurbOPark, A=0.06",216.0,0.9,False,7.195151456577468,0.09503707222222221,9.503707222222221,7.860704166666666,0.09567083333333333,9.567083333333333
9.5%,0.09503707222222221,9.503707222222221,Nygaard2022_A0.06,"TurbOPark, A=0.06",240.0,1.0,False,7.155210431019192,0.09503707222222221,9.503707222222221,7.859608333333333,0.09525833333333333,9.525833333333333
9.5%,0.09503707222222221,9.503707222222221,Nygaard2022_A0.06,"TurbOPark, A=0.06",264.0,1.1,False,7.179918016634887,0.09503707222222221,9.503707222222221,7.8661208333333335,0.09399166666666667,9.399166666666666
9.5%,0.09503707222222221,9.503707222222221,Nygaard2022_A0.06,"TurbOPark, A=0.06",288.0,1.2,False,7.261856120080568,0.09503707222222221,9.503707222222221,7.878704166666667,0.0931,9.31
9.5%,0.09503707222222221,9.503707222222221,Nygaard2022_A0.06,"TurbOPark, A=0.06",312.0,1.3,False,7.383467440543834,0.09503707222222221,9.503707222222221,7.896304166666667,0.09364583333333333,9.364583333333334
9.5%,0.09503707222222221,9.503707222222221,Nygaard2022_A0.06,"TurbOPark, A=0.06",336.0,1.4,False,7.520210310953406,0.09503707222222221,9.503707222222221,7.917754166666667,0.09478333333333333,9.478333333333333
9.5%,0.09503707222222221,9.503707222222221,Nygaard2022_A0.06,"TurbOPark, A=0.06",360.0,1.5,False,7.646074590643993,0.09503707222222221,9.503707222222221,7.951083333333333,0.09674166666666667,9.674166666666666
10.1%,0.10120448666666666,10.120448666666666,BPA2014,BPA,-360.0,-1.5,False,8.320813366380428,0.13989136145746006,13.989136145746006,8.109754166666667,0.09191666666666666,9.191666666666666
10.1%,0.10120448666666666,10.120448666666666,BPA2014,BPA,-336.0,-1.4,False,8.368156929025488,0.13989136145746006,13.989136145746006,8.1741,0.09121666666666668,9.121666666666668
10.1%,0.10120448666666666,10.120448666666666,BPA2014,BPA,-312.0,-1.3,False,8.404300836789563,0.13989136145746006,13.989136145746006,8.206879166666667,0.09071666666666667,9.071666666666667
10.1%,0.10120448666666666,10.120448666666666,BPA2014,BPA,-288.0,-1.2,False,8.431774075840483,0.13989136145746006,13.989136145746006,8.222804166666666,0.08997083333333333,8.997083333333332
10.1%,0.10120448666666666,10.120448666666666,BPA2014,BPA,-264.0,-1.1,False,8.452568061556574,0.13989136145746006,13.989136145746006,8.2389625,0.08887499999999998,8.887499999999998
10.1%,0.10120448666666666,10.120448666666666,BPA2014,BPA,-240.0,-1.0,False,8.468035048697038,0.13989136145746006,13.989136145746006,8.250729166666666,0.08834166666666667,8.834166666666667
10.1%,0.10120448666666666,10.120448666666666,BPA2014,BPA,-216.0,-0.9,False,8.47890162904713,0.13989136145746006,13.989136145746006,8.249879166666666,0.08862500000000001,8.8625
10.1%,0.10120448666666666,10.120448666666666,BPA2014,BPA,-192.0,-0.8,False,8.485356381693265,0.13989136145746006,13.989136145746006,8.243541666666667,0.0897625,8.97625
10.1%,0.10120448666666666,10.120448666666666,BPA2014,BPA,-168.0,-0.7,False,8.48717689591534,0.13989136145746006,13.989136145746006,8.239445833333333,0.09136250000000001,9.13625
10.1%,0.10120448666666666,10.120448666666666,BPA2014,BPA,-144.0,-0.6,False,8.483871485867951,0.13989136145746006,13.989136145746006,8.241837499999999,0.09216250000000001,9.21625
10.1%,0.10120448666666666,10.120448666666666,BPA2014,BPA,-120.0,-0.5,True,8.474820781683771,0.15198357771396132,15.198357771396132,8.242258333333332,0.09270416666666667,9.270416666666668
10.1%,0.10120448666666666,10.120448666666666,BPA2014,BPA,-96.0,-0.4,True,8.459411631307983,0.15198357771396132,15.198357771396132,8.241304166666668,0.09391666666666668,9.391666666666667
10.1%,0.10120448666666666,10.120448666666666,BPA2014,BPA,-72.0,-0.3,True,8.437159666667597,0.15198357771396132,15.198357771396132,8.235516666666665,0.09455833333333334,9.455833333333334
10.1%,0.10120448666666666,10.120448666666666,BPA2014,BPA,-48.0,-0.2,True,8.407817925140332,0.15198357771396132,15.198357771396132,8.21235,0.09512083333333334,9.512083333333333
10.1%,0.10120448666666666,10.120448666666666,BPA2014,BPA,-24.0,-0.1,True,8.371468113667909,0.15198357771396132,15.198357771396132,8.188479166666667,0.09598333333333334,9.598333333333334
10.1%,0.10120448666666666,10.120448666666666,BPA2014,BPA,0.0,0.0,True,8.328589634900423,0.15198357771396132,15.198357771396132,8.159775,0.09639583333333335,9.639583333333334
10.1%,0.10120448666666666,10.120448666666666,BPA2014,BPA,24.0,0.1,True,8.280100385262825,0.15198357771396132,15.198357771396132,8.1192125,0.09572499999999999,9.5725
10.1%,0.10120448666666666,10.120448666666666,BPA2014,BPA,48.0,0.2,True,8.227363306005246,0.15198357771396132,15.198357771396132,8.084025,0.09457083333333333,9.457083333333333
10.1%,0.10120448666666666,10.120448666666666,BPA2014,BPA,72.0,0.3,True,8.172154087873148,0.15198357771396132,15.198357771396132,8.0460125,0.09334166666666666,9.334166666666665
10.1%,0.10120448666666666,10.120448666666666,BPA2014,BPA,96.0,0.4,True,8.116588309716438,0.15198357771396132,15.198357771396132,7.993691666666667,0.09247916666666667,9.247916666666667
10.1%,0.10120448666666666,10.120448666666666,BPA2014,BPA,120.0,0.5,True,8.063010318208107,0.15198357771396132,15.198357771396132,7.948829166666666,0.09222083333333334,9.222083333333334
10.1%,0.10120448666666666,10.120448666666666,BPA2014,BPA,144.0,0.6,False,8.013850753986738,0.15198357771396132,15.198357771396132,7.921270833333334,0.09229166666666667,9.229166666666668
10.1%,0.10120448666666666,10.120448666666666,BPA2014,BPA,168.0,0.7,False,7.971464054855138,0.15198357771396132,15.198357771396132,7.898866666666667,0.0934875,9.34875
10.1%,0.10120448666666666,10.120448666666666,BPA2014,BPA,192.0,0.8,False,7.937960731840579,0.15198357771396132,15.198357771396132,7.876916666666666,0.09502083333333333,9.502083333333333
10.1%,0.10120448666666666,10.120448666666666,BPA2014,BPA,216.0,0.9,False,7.915051030420236,0.15198357771396132,15.198357771396132,7.860704166666666,0.09567083333333333,9.567083333333333
10.1%,0.10120448666666666,10.120448666666666,BPA2014,BPA,240.0,1.0,False,7.9039163026763655,0.15198357771396132,15.198357771396132,7.859608333333333,0.09525833333333333,9.525833333333333
10.1%,0.10120448666666666,10.120448666666666,BPA2014,BPA,264.0,1.1,False,7.905121906872597,0.15198357771396132,15.198357771396132,7.8661208333333335,0.09399166666666667,9.399166666666666
10.1%,0.10120448666666666,10.120448666666666,BPA2014,BPA,288.0,1.2,False,7.918580974253427,0.15198357771396132,15.198357771396132,7.878704166666667,0.0931,9.31
10.1%,0.10120448666666666,10.120448666666666,BPA2014,BPA,312.0,1.3,False,7.9435725341539865,0.15198357771396132,15.198357771396132,7.896304166666667,0.09364583333333333,9.364583333333334
10.1%,0.10120448666666666,10.120448666666666,BPA2014,BPA,336.0,1.4,False,7.978811091917297,0.15198357771396132,15.198357771396132,7.917754166666667,0.09478333333333333,9.478333333333333
10.1%,0.10120448666666666,10.120448666666666,BPA2014,BPA,360.0,1.5,False,8.0225586874809,0.15198357771396132,15.198357771396132,7.951083333333333,0.09674166666666667,9.674166666666666
10.1%,0.10120448666666666,10.120448666666666,NPA2016,NPA,-360.0,-1.5,False,8.638924538735393,0.1530431872080979,15.304318720809789,8.109754166666667,0.09191666666666666,9.191666666666666
10.1%,0.10120448666666666,10.120448666666666,NPA2016,NPA,-336.0,-1.4,False,8.674451724591215,0.1530431872080979,15.304318720809789,8.1741,0.09121666666666668,9.121666666666668
10.1%,0.10120448666666666,10.120448666666666,NPA2016,NPA,-312.0,-1.3,False,8.703758089442635,0.1530431872080979,15.304318720809789,8.206879166666667,0.09071666666666667,9.071666666666667
10.1%,0.10120448666666666,10.120448666666666,NPA2016,NPA,-288.0,-1.2,False,8.726879039230075,0.1530431872080979,15.304318720809789,8.222804166666666,0.08997083333333333,8.997083333333332
10.1%,0.10120448666666666,10.120448666666666,NPA2016,NPA,-264.0,-1.1,False,8.74407033819248,0.14006305032720054,14.006305032720054,8.2389625,0.08887499999999998,8.887499999999998
10.1%,0.10120448666666666,10.120448666666666,NPA2016,NPA,-240.0,-1.0,False,8.755741047243518,0.14006305032720054,14.006305032720054,8.250729166666666,0.08834166666666667,8.834166666666667
10.1%,0.10120448666666666,10.120448666666666,NPA2016,NPA,-216.0,-0.9,False,8.762406178118287,0.14006305032720054,14.006305032720054,8.249879166666666,0.08862500000000001,8.8625
10.1%,0.10120448666666666,10.120448666666666,NPA2016,NPA,-192.0,-0.8,False,8.764640232291313,0.14006305032720054,14.006305032720054,8.243541666666667,0.0897625,8.97625
10.1%,0.10120448666666666,10.120448666666666,NPA2016,NPA,-168.0,-0.7,False,8.763034487463385,0.14006305032720054,14.006305032720054,8.239445833333333,0.09136250000000001,9.13625
10.1%,0.10120448666666666,10.120448666666666,NPA2016,NPA,-144.0,-0.6,False,8.758178695355943,0.14006305032720054,14.006305032720054,8.241837499999999,0.09216250000000001,9.21625
10.1%,0.10120448666666666,10.120448666666666,NPA2016,NPA,-120.0,-0.5,True,8.750636425037365,0.14006305032720054,14.006305032720054,8.242258333333332,0.09270416666666667,9.270416666666668
10.1%,0.10120448666666666,10.120448666666666,NPA2016,NPA,-96.0,-0.4,True,8.740934719522995,0.14006305032720054,14.006305032720054,8.241304166666668,0.09391666666666668,9.391666666666667
10.1%,0.10120448666666666,10.120448666666666,NPA2016,NPA,-72.0,-0.3,True,8.729567536788947,0.14006305032720054,14.006305032720054,8.235516666666665,0.09455833333333334,9.455833333333334
10.1%,0.10120448666666666,10.120448666666666,NPA2016,NPA,-48.0,-0.2,True,8.71700036675513,0.14006305032720054,14.006305032720054,8.21235,0.09512083333333334,9.512083333333333
10.1%,0.10120448666666666,10.120448666666666,NPA2016,NPA,-24.0,-0.1,True,8.703665474839152,0.14006305032720054,14.006305032720054,8.188479166666667,0.09598333333333334,9.598333333333334
10.1%,0.10120448666666666,10.120448666666666,NPA2016,NPA,0.0,0.0,True,8.68997007449015,0.14006305032720054,14.006305032720054,8.159775,0.09639583333333335,9.639583333333334
10.1%,0.10120448666666666,10.120448666666666,NPA2016,NPA,24.0,0.1,True,8.676299912836834,0.14006305032720054,14.006305032720054,8.1192125,0.09572499999999999,9.5725
10.1%,0.10120448666666666,10.120448666666666,NPA2016,NPA,48.0,0.2,True,8.663018132740293,0.14006305032720054,14.006305032720054,8.084025,0.09457083333333333,9.457083333333333
10.1%,0.10120448666666666,10.120448666666666,NPA2016,NPA,72.0,0.3,True,8.650472829024986,0.14006305032720054,14.006305032720054,8.0460125,0.09334166666666666,9.334166666666665
10.1%,0.10120448666666666,10.120448666666666,NPA2016,NPA,96.0,0.4,True,8.638982568693848,0.14006305032720054,14.006305032720054,7.993691666666667,0.09247916666666667,9.247916666666667
10.1%,0.10120448666666666,10.120448666666666,NPA2016,NPA,120.0,0.5,True,8.628838670985646,0.14006305032720054,14.006305032720054,7.948829166666666,0.09222083333333334,9.222083333333334
10.1%,0.10120448666666666,10.120448666666666,NPA2016,NPA,144.0,0.6,False,8.620305322316895,0.14006305032720054,14.006305032720054,7.921270833333334,0.09229166666666667,9.229166666666668
10.1%,0.10120448666666666,10.120448666666666,NPA2016,NPA,168.0,0.7,False,8.613604830280853,0.14006305032720054,14.006305032720054,7.898866666666667,0.0934875,9.34875
10.1%,0.10120448666666666,10.120448666666666,NPA2016,NPA,192.0,0.8,False,8.608910359668956,0.14006305032720054,14.006305032720054,7.876916666666666,0.09502083333333333,9.502083333333333
10.1%,0.10120448666666666,10.120448666666666,NPA2016,NPA,216.0,0.9,False,8.606349705850567,0.14006305032720054,14.006305032720054,7.860704166666666,0.09567083333333333,9.567083333333333
10.1%,0.10120448666666666,10.120448666666666,NPA2016,NPA,240.0,1.0,False,8.606000686733982,0.14006305032720054,14.006305032720054,7.859608333333333,0.09525833333333333,9.525833333333333
10.1%,0.10120448666666666,10.120448666666666,NPA2016,NPA,264.0,1.1,False,8.607869444930598,0.14006305032720054,14.006305032720054,7.8661208333333335,0.09399166666666667,9.399166666666666
10.1%,0.10120448666666666,10.120448666666666,NPA2016,NPA,288.0,1.2,False,8.611906113795063,0.14006305032720054,14.006305032720054,7.878704166666667,0.0931,9.31
10.1%,0.10120448666666666,10.120448666666666,NPA2016,NPA,312.0,1.3,False,8.618004878253199,0.14006305032720054,14.006305032720054,7.896304166666667,0.09364583333333333,9.364583333333334
10.1%,0.10120448666666666,10.120448666666666,NPA2016,NPA,336.0,1.4,False,8.625970463819044,0.14006305032720054,14.006305032720054,7.917754166666667,0.09478333333333333,9.478333333333333
10.1%,0.10120448666666666,10.120448666666666,NPA2016,NPA,360.0,1.5,False,8.635540457775935,0.14006305032720054,14.006305032720054,7.951083333333333,0.09674166666666667,9.674166666666666
10.1%,0.10120448666666666,10.120448666666666,Nygaard2022,"TurbOPark, A=0.04",-360.0,-1.5,False,7.1554671831580166,0.10120448666666666,10.120448666666666,8.109754166666667,0.09191666666666666,9.191666666666666
10.1%,0.10120448666666666,10.120448666666666,Nygaard2022,"TurbOPark, A=0.04",-336.0,-1.4,False,7.2892613925184175,0.10120448666666666,10.120448666666666,8.1741,0.09121666666666668,9.121666666666668
10.1%,0.10120448666666666,10.120448666666666,Nygaard2022,"TurbOPark, A=0.04",-312.0,-1.3,False,7.417350786248466,0.10120448666666666,10.120448666666666,8.206879166666667,0.09071666666666667,9.071666666666667
10.1%,0.10120448666666666,10.120448666666666,Nygaard2022,"TurbOPark, A=0.04",-288.0,-1.2,False,7.511965777501823,0.10120448666666666,10.120448666666666,8.222804166666666,0.08997083333333333,8.997083333333332
10.1%,0.10120448666666666,10.120448666666666,Nygaard2022,"TurbOPark, A=0.04",-264.0,-1.1,False,7.559607462214419,0.10120448666666666,10.120448666666666,8.2389625,0.08887499999999998,8.887499999999998
10.1%,0.10120448666666666,10.120448666666666,Nygaard2022,"TurbOPark, A=0.04",-240.0,-1.0,False,7.5659500573165905,0.10120448666666666,10.120448666666666,8.250729166666666,0.08834166666666667,8.834166666666667
10.1%,0.10120448666666666,10.120448666666666,Nygaard2022,"TurbOPark, A=0.04",-216.0,-0.9,False,7.550516331555769,0.10120448666666666,10.120448666666666,8.249879166666666,0.08862500000000001,8.8625
10.1%,0.10120448666666666,10.120448666666666,Nygaard2022,"TurbOPark, A=0.04",-192.0,-0.8,False,7.535685077724105,0.10120448666666666,10.120448666666666,8.243541666666667,0.0897625,8.97625
10.1%,0.10120448666666666,10.120448666666666,Nygaard2022,"TurbOPark, A=0.04",-168.0,-0.7,False,7.537998843442241,0.10120448666666666,10.120448666666666,8.239445833333333,0.09136250000000001,9.13625
10.1%,0.10120448666666666,10.120448666666666,Nygaard2022,"TurbOPark, A=0.04",-144.0,-0.6,False,7.564681798146247,0.10120448666666666,10.120448666666666,8.241837499999999,0.09216250000000001,9.21625
10.1%,0.10120448666666666,10.120448666666666,Nygaard2022,"TurbOPark, A=0.04",-120.0,-0.5,True,7.613899265015753,0.10120448666666666,10.120448666666666,8.242258333333332,0.09270416666666667,9.270416666666668
10.1%,0.10120448666666666,10.120448666666666,Nygaard2022,"TurbOPark, A=0.04",-96.0,-0.4,True,7.6769141859716274,0.10120448666666666,10.120448666666666,8.241304166666668,0.09391666666666668,9.391666666666667
10.1%,0.10120448666666666,10.120448666666666,Nygaard2022,"TurbOPark, A=0.04",-72.0,-0.3,True,7.741480284823827,0.10120448666666666,10.120448666666666,8.235516666666665,0.09455833333333334,9.455833333333334
10.1%,0.10120448666666666,10.120448666666666,Nygaard2022,"TurbOPark, A=0.04",-48.0,-0.2,True,7.795650758537491,0.10120448666666666,10.120448666666666,8.21235,0.09512083333333334,9.512083333333333
10.1%,0.10120448666666666,10.120448666666666,Nygaard2022,"TurbOPark, A=0.04",-24.0,-0.1,True,7.830969605349255,0.10120448666666666,10.120448666666666,8.188479166666667,0.09598333333333334,9.598333333333334
10.1%,0.10120448666666666,10.120448666666666,Nygaard2022,"TurbOPark, A=0.04",0.0,0.0,True,7.843297796605289,0.10120448666666666,10.120448666666666,8.159775,0.09639583333333335,9.639583333333334
10.1%,0.10120448666666666,10.120448666666666,Nygaard2022,"TurbOPark, A=0.04",24.0,0.1,True,7.830177317951109,0.10120448666666666,10.120448666666666,8.1192125,0.09572499999999999,9.5725
10.1%,0.10120448666666666,10.120448666666666,Nygaard2022,"TurbOPark, A=0.04",48.0,0.2,True,7.786091069229785,0.10120448666666666,10.120448666666666,8.084025,0.09457083333333333,9.457083333333333
10.1%,0.10120448666666666,10.120448666666666,Nygaard2022,"TurbOPark, A=0.04",72.0,0.3,True,7.699617053031789,0.10120448666666666,10.120448666666666,8.0460125,0.09334166666666666,9.334166666666665
10.1%,0.10120448666666666,10.120448666666666,Nygaard2022,"TurbOPark, A=0.04",96.0,0.4,True,7.5571263061216225,0.10120448666666666,10.120448666666666,7.993691666666667,0.09247916666666667,9.247916666666667
10.1%,0.10120448666666666,10.120448666666666,Nygaard2022,"TurbOPark, A=0.04",120.0,0.5,True,7.353402504090772,0.10120448666666666,10.120448666666666,7.948829166666666,0.09222083333333334,9.222083333333334
10.1%,0.10120448666666666,10.120448666666666,Nygaard2022,"TurbOPark, A=0.04",144.0,0.6,False,7.101714245694968,0.10120448666666666,10.120448666666666,7.921270833333334,0.09229166666666667,9.229166666666668
10.1%,0.10120448666666666,10.120448666666666,Nygaard2022,"TurbOPark, A=0.04",168.0,0.7,False,6.834961188368036,0.10120448666666666,10.120448666666666,7.898866666666667,0.0934875,9.34875
10.1%,0.10120448666666666,10.120448666666666,Nygaard2022,"TurbOPark, A=0.04",192.0,0.8,False,6.59740926120511,0.10120448666666666,10.120448666666666,7.876916666666666,0.09502083333333333,9.502083333333333
10.1%,0.10120448666666666,10.120448666666666,Nygaard2022,"TurbOPark, A=0.04",216.0,0.9,False,6.432656169064757,0.10120448666666666,10.120448666666666,7.860704166666666,0.09567083333333333,9.567083333333333
10.1%,0.10120448666666666,10.120448666666666,Nygaard2022,"TurbOPark, A=0.04",240.0,1.0,False,6.372036761285866,0.10120448666666666,10.120448666666666,7.859608333333333,0.09525833333333333,9.525833333333333
10.1%,0.10120448666666666,10.120448666666666,Nygaard2022,"TurbOPark, A=0.04",264.0,1.1,False,6.426398890974957,0.10120448666666666,10.120448666666666,7.8661208333333335,0.09399166666666667,9.399166666666666
10.1%,0.10120448666666666,10.120448666666666,Nygaard2022,"TurbOPark, A=0.04",288.0,1.2,False,6.581815964745202,0.10120448666666666,10.120448666666666,7.878704166666667,0.0931,9.31
10.1%,0.10120448666666666,10.120448666666666,Nygaard2022,"TurbOPark, A=0.04",312.0,1.3,False,6.800986981877868,0.10120448666666666,10.120448666666666,7.896304166666667,0.09364583333333333,9.364583333333334
10.1%,0.10120448666666666,10.120448666666666,Nygaard2022,"TurbOPark, A=0.04",336.0,1.4,False,7.030131490406299,0.10120448666666666,10.120448666666666,7.917754166666667,0.09478333333333333,9.478333333333333
10.1%,0.10120448666666666,10.120448666666666,Nygaard2022,"TurbOPark, A=0.04",360.0,1.5,False,7.213140388325044,0.10120448666666666,10.120448666666666,7.951083333333333,0.09674166666666667,9.674166666666666
10.1%,0.10120448666666666,10.120448666666666,Nygaard2022_A0.06,"TurbOPark, A=0.06",-360.0,-1.5,False,7.7747386724286205,0.10120448666666666,10.120448666666666,8.109754166666667,0.09191666666666666,9.191666666666666
10.1%,0.10120448666666666,10.120448666666666,Nygaard2022_A0.06,"TurbOPark, A=0.06",-336.0,-1.4,False,7.839826308816333,0.10120448666666666,10.120448666666666,8.1741,0.09121666666666668,9.121666666666668
10.1%,0.10120448666666666,10.120448666666666,Nygaard2022_A0.06,"TurbOPark, A=0.06",-312.0,-1.3,False,7.910278811088984,0.10120448666666666,10.120448666666666,8.206879166666667,0.09071666666666667,9.071666666666667
10.1%,0.10120448666666666,10.120448666666666,Nygaard2022_A0.06,"TurbOPark, A=0.06",-288.0,-1.2,False,7.975646613103552,0.10120448666666666,10.120448666666666,8.222804166666666,0.08997083333333333,8.997083333333332
10.1%,0.10120448666666666,10.120448666666666,Nygaard2022_A0.06,"TurbOPark, A=0.06",-264.0,-1.1,False,8.028321084002576,0.10120448666666666,10.120448666666666,8.2389625,0.08887499999999998,8.887499999999998
10.1%,0.10120448666666666,10.120448666666666,Nygaard2022_A0.06,"TurbOPark, A=0.06",-240.0,-1.0,False,8.065588710770053,0.10120448666666666,10.120448666666666,8.250729166666666,0.08834166666666667,8.834166666666667
10.1%,0.10120448666666666,10.120448666666666,Nygaard2022_A0.06,"TurbOPark, A=0.06",-216.0,-0.9,False,8.089652340167438,0.10120448666666666,10.120448666666666,8.249879166666666,0.08862500000000001,8.8625
10.1%,0.10120448666666666,10.120448666666666,Nygaard2022_A0.06,"TurbOPark, A=0.06",-192.0,-0.8,False,8.105951825080309,0.10120448666666666,10.120448666666666,8.243541666666667,0.0897625,8.97625
10.1%,0.10120448666666666,10.120448666666666,Nygaard2022_A0.06,"TurbOPark, A=0.06",-168.0,-0.7,False,8.120536794758332,0.10120448666666666,10.120448666666666,8.239445833333333,0.09136250000000001,9.13625
10.1%,0.10120448666666666,10.120448666666666,Nygaard2022_A0.06,"TurbOPark, A=0.06",-144.0,-0.6,False,8.138091170096802,0.10120448666666666,10.120448666666666,8.241837499999999,0.09216250000000001,9.21625
10.1%,0.10120448666666666,10.120448666666666,Nygaard2022_A0.06,"TurbOPark, A=0.06",-120.0,-0.5,True,8.160845990391728,0.10120448666666666,10.120448666666666,8.242258333333332,0.09270416666666667,9.270416666666668
10.1%,0.10120448666666666,10.120448666666666,Nygaard2022_A0.06,"TurbOPark, A=0.06",-96.0,-0.4,True,8.188519063338386,0.10120448666666666,10.120448666666666,8.241304166666668,0.09391666666666668,9.391666666666667
10.1%,0.10120448666666666,10.120448666666666,Nygaard2022_A0.06,"TurbOPark, A=0.06",-72.0,-0.3,True,8.218729904306281,0.10120448666666666,10.120448666666666,8.235516666666665,0.09455833333333334,9.455833333333334
10.1%,0.10120448666666666,10.120448666666666,Nygaard2022_A0.06,"TurbOPark, A=0.06",-48.0,-0.2,True,8.247435239513175,0.10120448666666666,10.120448666666666,8.21235,0.09512083333333334,9.512083333333333
10.1%,0.10120448666666666,10.120448666666666,Nygaard2022_A0.06,"TurbOPark, A=0.06",-24.0,-0.1,True,8.26917047566007,0.10120448666666666,10.120448666666666,8.188479166666667,0.09598333333333334,9.598333333333334
10.1%,0.10120448666666666,10.120448666666666,Nygaard2022_A0.06,"TurbOPark, A=0.06",0.0,0.0,True,8.27686132120959,0.10120448666666666,10.120448666666666,8.159775,0.09639583333333335,9.639583333333334
10.1%,0.10120448666666666,10.120448666666666,Nygaard2022_A0.06,"TurbOPark, A=0.06",24.0,0.1,True,8.261720851693315,0.10120448666666666,10.120448666666666,8.1192125,0.09572499999999999,9.5725
10.1%,0.10120448666666666,10.120448666666666,Nygaard2022_A0.06,"TurbOPark, A=0.06",48.0,0.2,True,8.214182939306115,0.10120448666666666,10.120448666666666,8.084025,0.09457083333333333,9.457083333333333
10.1%,0.10120448666666666,10.120448666666666,Nygaard2022_A0.06,"TurbOPark, A=0.06",72.0,0.3,True,8.12683801638624,0.10120448666666666,10.120448666666666,8.0460125,0.09334166666666666,9.334166666666665
10.1%,0.10120448666666666,10.120448666666666,Nygaard2022_A0.06,"TurbOPark, A=0.06",96.0,0.4,True,7.998518584074615,0.10120448666666666,10.120448666666666,7.993691666666667,0.09247916666666667,9.247916666666667
10.1%,0.10120448666666666,10.120448666666666,Nygaard2022_A0.06,"TurbOPark, A=0.06",120.0,0.5,True,7.837010224598146,0.10120448666666666,10.120448666666666,7.948829166666666,0.09222083333333334,9.222083333333334
10.1%,0.10120448666666666,10.120448666666666,Nygaard2022_A0.06,"TurbOPark, A=0.06",144.0,0.6,False,7.658552416853359,0.10120448666666666,10.120448666666666,7.921270833333334,0.09229166666666667,9.229166666666668
10.1%,0.10120448666666666,10.120448666666666,Nygaard2022_A0.06,"TurbOPark, A=0.06",168.0,0.7,False,7.48471495872991,0.10120448666666666,10.120448666666666,7.898866666666667,0.0934875,9.34875
10.1%,0.10120448666666666,10.120448666666666,Nygaard2022_A0.06,"TurbOPark, A=0.06",192.0,0.8,False,7.338197118524755,0.10120448666666666,10.120448666666666,7.876916666666666,0.09502083333333333,9.502083333333333
10.1%,0.10120448666666666,10.120448666666666,Nygaard2022_A0.06,"TurbOPark, A=0.06",216.0,0.9,False,7.238619306709477,0.10120448666666666,10.120448666666666,7.860704166666666,0.09567083333333333,9.567083333333333
10.1%,0.10120448666666666,10.120448666666666,Nygaard2022_A0.06,"TurbOPark, A=0.06",240.0,1.0,False,7.198761323586554,0.10120448666666666,10.120448666666666,7.859608333333333,0.09525833333333333,9.525833333333333
10.1%,0.10120448666666666,10.120448666666666,Nygaard2022_A0.06,"TurbOPark, A=0.06",264.0,1.1,False,7.22209802887682,0.10120448666666666,10.120448666666666,7.8661208333333335,0.09399166666666667,9.399166666666666
10.1%,0.10120448666666666,10.120448666666666,Nygaard2022_A0.06,"TurbOPark, A=0.06",288.0,1.2,False,7.3015038317577865,0.10120448666666666,10.120448666666666,7.878704166666667,0.0931,9.31
10.1%,0.10120448666666666,10.120448666666666,Nygaard2022_A0.06,"TurbOPark, A=0.06",312.0,1.3,False,7.420245288002011,0.10120448666666666,10.120448666666666,7.896304166666667,0.09364583333333333,9.364583333333334
10.1%,0.10120448666666666,10.120448666666666,Nygaard2022_A0.06,"TurbOPark, A=0.06",336.0,1.4,False,7.5548572848408595,0.10120448666666666,10.120448666666666,7.917754166666667,0.09478333333333333,9.478333333333333
10.1%,0.10120448666666666,10.120448666666666,Nygaard2022_A0.06,"TurbOPark, A=0.06",360.0,1.5,False,7.680317617733183,0.10120448666666666,10.120448666666666,7.951083333333333,0.09674166666666667,9.674166666666666
10.7%,0.10737190111111111,10.737190111111111,BPA2014,BPA,-360.0,-1.5,False,8.320813366380428,0.14429197719724976,14.429197719724977,8.109754166666667,0.09191666666666666,9.191666666666666
10.7%,0.10737190111111111,10.737190111111111,BPA2014,BPA,-336.0,-1.4,False,8.368156929025488,0.14429197719724976,14.429197719724977,8.1741,0.09121666666666668,9.121666666666668
10.7%,0.10737190111111111,10.737190111111111,BPA2014,BPA,-312.0,-1.3,False,8.404300836789563,0.14429197719724976,14.429197719724977,8.206879166666667,0.09071666666666667,9.071666666666667
10.7%,0.10737190111111111,10.737190111111111,BPA2014,BPA,-288.0,-1.2,False,8.431774075840483,0.14429197719724976,14.429197719724977,8.222804166666666,0.08997083333333333,8.997083333333332
10.7%,0.10737190111111111,10.737190111111111,BPA2014,BPA,-264.0,-1.1,False,8.452568061556574,0.14429197719724976,14.429197719724977,8.2389625,0.08887499999999998,8.887499999999998
10.7%,0.10737190111111111,10.737190111111111,BPA2014,BPA,-240.0,-1.0,False,8.468035048697038,0.14429197719724976,14.429197719724977,8.250729166666666,0.08834166666666667,8.834166666666667
10.7%,0.10737190111111111,10.737190111111111,BPA2014,BPA,-216.0,-0.9,False,8.47890162904713,0.14429197719724976,14.429197719724977,8.249879166666666,0.08862500000000001,8.8625
10.7%,0.10737190111111111,10.737190111111111,BPA2014,BPA,-192.0,-0.8,False,8.485356381693265,0.14429197719724976,14.429197719724977,8.243541666666667,0.0897625,8.97625
10.7%,0.10737190111111111,10.737190111111111,BPA2014,BPA,-168.0,-0.7,False,8.48717689591534,0.14429197719724976,14.429197719724977,8.239445833333333,0.09136250000000001,9.13625
10.7%,0.10737190111111111,10.737190111111111,BPA2014,BPA,-144.0,-0.6,False,8.483871485867951,0.14429197719724976,14.429197719724977,8.241837499999999,0.09216250000000001,9.21625
10.7%,0.10737190111111111,10.737190111111111,BPA2014,BPA,-120.0,-0.5,True,8.474820781683771,0.15600014314715596,15.600014314715596,8.242258333333332,0.09270416666666667,9.270416666666668
10.7%,0.10737190111111111,10.737190111111111,BPA2014,BPA,-96.0,-0.4,True,8.459411631307983,0.15600014314715596,15.600014314715596,8.241304166666668,0.09391666666666668,9.391666666666667
10.7%,0.10737190111111111,10.737190111111111,BPA2014,BPA,-72.0,-0.3,True,8.437159666667597,0.15600014314715596,15.600014314715596,8.235516666666665,0.09455833333333334,9.455833333333334
10.7%,0.10737190111111111,10.737190111111111,BPA2014,BPA,-48.0,-0.2,True,8.407817925140332,0.15600014314715596,15.600014314715596,8.21235,0.09512083333333334,9.512083333333333
10.7%,0.10737190111111111,10.737190111111111,BPA2014,BPA,-24.0,-0.1,True,8.371468113667909,0.15600014314715596,15.600014314715596,8.188479166666667,0.09598333333333334,9.598333333333334
10.7%,0.10737190111111111,10.737190111111111,BPA2014,BPA,0.0,0.0,True,8.328589634900423,0.15600014314715596,15.600014314715596,8.159775,0.09639583333333335,9.639583333333334
10.7%,0.10737190111111111,10.737190111111111,BPA2014,BPA,24.0,0.1,True,8.280100385262825,0.15600014314715596,15.600014314715596,8.1192125,0.09572499999999999,9.5725
10.7%,0.10737190111111111,10.737190111111111,BPA2014,BPA,48.0,0.2,True,8.227363306005246,0.15600014314715596,15.600014314715596,8.084025,0.09457083333333333,9.457083333333333
10.7%,0.10737190111111111,10.737190111111111,BPA2014,BPA,72.0,0.3,True,8.172154087873148,0.15600014314715596,15.600014314715596,8.0460125,0.09334166666666666,9.334166666666665
10.7%,0.10737190111111111,10.737190111111111,BPA2014,BPA,96.0,0.4,True,8.116588309716438,0.15600014314715596,15.600014314715596,7.993691666666667,0.09247916666666667,9.247916666666667
10.7%,0.10737190111111111,10.737190111111111,BPA2014,BPA,120.0,0.5,True,8.063010318208107,0.15600014314715596,15.600014314715596,7.948829166666666,0.09222083333333334,9.222083333333334
10.7%,0.10737190111111111,10.737190111111111,BPA2014,BPA,144.0,0.6,False,8.013850753986738,0.15600014314715596,15.600014314715596,7.921270833333334,0.09229166666666667,9.229166666666668
10.7%,0.10737190111111111,10.737190111111111,BPA2014,BPA,168.0,0.7,False,7.971464054855138,0.15600014314715596,15.600014314715596,7.898866666666667,0.0934875,9.34875
10.7%,0.10737190111111111,10.737190111111111,BPA2014,BPA,192.0,0.8,False,7.937960731840579,0.15600014314715596,15.600014314715596,7.876916666666666,0.09502083333333333,9.502083333333333
10.7%,0.10737190111111111,10.737190111111111,BPA2014,BPA,216.0,0.9,False,7.915051030420236,0.15600014314715596,15.600014314715596,7.860704166666666,0.09567083333333333,9.567083333333333
10.7%,0.10737190111111111,10.737190111111111,BPA2014,BPA,240.0,1.0,False,7.9039163026763655,0.15600014314715596,15.600014314715596,7.859608333333333,0.09525833333333333,9.525833333333333
10.7%,0.10737190111111111,10.737190111111111,BPA2014,BPA,264.0,1.1,False,7.905121906872597,0.15600014314715596,15.600014314715596,7.8661208333333335,0.09399166666666667,9.399166666666666
10.7%,0.10737190111111111,10.737190111111111,BPA2014,BPA,288.0,1.2,False,7.918580974253427,0.15600014314715596,15.600014314715596,7.878704166666667,0.0931,9.31
10.7%,0.10737190111111111,10.737190111111111,BPA2014,BPA,312.0,1.3,False,7.9435725341539865,0.15600014314715596,15.600014314715596,7.896304166666667,0.09364583333333333,9.364583333333334
10.7%,0.10737190111111111,10.737190111111111,BPA2014,BPA,336.0,1.4,False,7.978811091917297,0.15600014314715596,15.600014314715596,7.917754166666667,0.09478333333333333,9.478333333333333
10.7%,0.10737190111111111,10.737190111111111,BPA2014,BPA,360.0,1.5,False,8.0225586874809,0.15600014314715596,15.600014314715596,7.951083333333333,0.09674166666666667,9.674166666666666
10.7%,0.10737190111111111,10.737190111111111,NPA2016,NPA,-360.0,-1.5,False,8.654085429274351,0.15734910616622785,15.734910616622786,8.109754166666667,0.09191666666666666,9.191666666666666
10.7%,0.10737190111111111,10.737190111111111,NPA2016,NPA,-336.0,-1.4,False,8.688385644073582,0.15734910616622785,15.734910616622786,8.1741,0.09121666666666668,9.121666666666668
10.7%,0.10737190111111111,10.737190111111111,NPA2016,NPA,-312.0,-1.3,False,8.716946177269145,0.15734910616622785,15.734910616622786,8.206879166666667,0.09071666666666667,9.071666666666667
10.7%,0.10737190111111111,10.737190111111111,NPA2016,NPA,-288.0,-1.2,False,8.739726003191118,0.15734910616622785,15.734910616622786,8.222804166666666,0.08997083333333333,8.997083333333332
10.7%,0.10737190111111111,10.737190111111111,NPA2016,NPA,-264.0,-1.1,False,8.756916379168773,0.14470561814315533,14.470561814315532,8.2389625,0.08887499999999998,8.887499999999998
10.7%,0.10737190111111111,10.737190111111111,NPA2016,NPA,-240.0,-1.0,False,8.76886225736477,0.14470561814315533,14.470561814315532,8.250729166666666,0.08834166666666667,8.834166666666667
10.7%,0.10737190111111111,10.737190111111111,NPA2016,NPA,-216.0,-0.9,False,8.776016309903392,0.14470561814315533,14.470561814315532,8.249879166666666,0.08862500000000001,8.8625
10.7%,0.10737190111111111,10.737190111111111,NPA2016,NPA,-192.0,-0.8,False,8.778908906121488,0.14470561814315533,14.470561814315532,8.243541666666667,0.0897625,8.97625
10.7%,0.10737190111111111,10.737190111111111,NPA2016,NPA,-168.0,-0.7,False,8.778087393821377,0.14470561814315533,14.470561814315532,8.239445833333333,0.09136250000000001,9.13625
10.7%,0.10737190111111111,10.737190111111111,NPA2016,NPA,-144.0,-0.6,False,8.77411515318965,0.14470561814315533,14.470561814315532,8.241837499999999,0.09216250000000001,9.21625
10.7%,0.10737190111111111,10.737190111111111,NPA2016,NPA,-120.0,-0.5,True,8.7675343067859,0.14470561814315533,14.470561814315532,8.242258333333332,0.09270416666666667,9.270416666666668
10.7%,0.10737190111111111,10.737190111111111,NPA2016,NPA,-96.0,-0.4,True,8.758860266842696,0.14470561814315533,14.470561814315532,8.241304166666668,0.09391666666666668,9.391666666666667
10.7%,0.10737190111111111,10.737190111111111,NPA2016,NPA,-72.0,-0.3,True,8.748578323810007,0.14470561814315533,14.470561814315532,8.235516666666665,0.09455833333333334,9.455833333333334
10.7%,0.10737190111111111,10.737190111111111,NPA2016,NPA,-48.0,-0.2,True,8.737143766969131,0.14470561814315533,14.470561814315532,8.21235,0.09512083333333334,9.512083333333333
10.7%,0.10737190111111111,10.737190111111111,NPA2016,NPA,-24.0,-0.1,True,8.724973393336848,0.14470561814315533,14.470561814315532,8.188479166666667,0.09598333333333334,9.598333333333334
10.7%,0.10737190111111111,10.737190111111111,NPA2016,NPA,0.0,0.0,True,8.71246414007045,0.14470561814315533,14.470561814315532,8.159775,0.09639583333333335,9.639583333333334
10.7%,0.10737190111111111,10.737190111111111,NPA2016,NPA,24.0,0.1,True,8.699981364883927,0.14470561814315533,14.470561814315532,8.1192125,0.09572499999999999,9.5725
10.7%,0.10737190111111111,10.737190111111111,NPA2016,NPA,48.0,0.2,True,8.687868019560517,0.14470561814315533,14.470561814315532,8.084025,0.09457083333333333,9.457083333333333
10.7%,0.10737190111111111,10.737190111111111,NPA2016,NPA,72.0,0.3,True,8.676441095571803,0.14470561814315533,14.470561814315532,8.0460125,0.09334166666666666,9.334166666666665
10.7%,0.10737190111111111,10.737190111111111,NPA2016,NPA,96.0,0.4,True,8.665994920497148,0.14470561814315533,14.470561814315532,7.993691666666667,0.09247916666666667,9.247916666666667
10.7%,0.10737190111111111,10.737190111111111,NPA2016,NPA,120.0,0.5,True,8.656790297394789,0.14470561814315533,14.470561814315532,7.948829166666666,0.09222083333333334,9.222083333333334
10.7%,0.10737190111111111,10.737190111111111,NPA2016,NPA,144.0,0.6,False,8.64906236534989,0.14470561814315533,14.470561814315532,7.921270833333334,0.09229166666666667,9.229166666666668
10.7%,0.10737190111111111,10.737190111111111,NPA2016,NPA,168.0,0.7,False,8.643002944875477,0.14470561814315533,14.470561814315532,7.898866666666667,0.0934875,9.34875
10.7%,0.10737190111111111,10.737190111111111,NPA2016,NPA,192.0,0.8,False,8.638768596480357,0.14470561814315533,14.470561814315532,7.876916666666666,0.09502083333333333,9.502083333333333
10.7%,0.10737190111111111,10.737190111111111,NPA2016,NPA,216.0,0.9,False,8.636465654796003,0.14470561814315533,14.470561814315532,7.860704166666666,0.09567083333333333,9.567083333333333
10.7%,0.10737190111111111,10.737190111111111,NPA2016,NPA,240.0,1.0,False,8.636158637497294,0.14470561814315533,14.470561814315532,7.859608333333333,0.09525833333333333,9.525833333333333
10.7%,0.10737190111111111,10.737190111111111,NPA2016,NPA,264.0,1.1,False,8.637846782370618,0.14470561814315533,14.470561814315532,7.8661208333333335,0.09399166666666667,9.399166666666666
10.7%,0.10737190111111111,10.737190111111111,NPA2016,NPA,288.0,1.2,False,8.641494640129128,0.14470561814315533,14.470561814315532,7.878704166666667,0.0931,9.31
10.7%,0.10737190111111111,10.737190111111111,NPA2016,NPA,312.0,1.3,False,8.646978977774381,0.14470561814315533,14.470561814315532,7.896304166666667,0.09364583333333333,9.364583333333334
10.7%,0.10737190111111111,10.737190111111111,NPA2016,NPA,336.0,1.4,False,8.654140017159147,0.14470561814315533,14.470561814315532,7.917754166666667,0.09478333333333333,9.478333333333333
10.7%,0.10737190111111111,10.737190111111111,NPA2016,NPA,360.0,1.5,False,8.662710653906766,0.14470561814315533,14.470561814315532,7.951083333333333,0.09674166666666667,9.674166666666666
10.7%,0.10737190111111111,10.737190111111111,Nygaard2022,"TurbOPark, A=0.04",-360.0,-1.5,False,7.205932194704409,0.10737190111111111,10.737190111111111,8.109754166666667,0.09191666666666666,9.191666666666666
10.7%,0.10737190111111111,10.737190111111111,Nygaard2022,"TurbOPark, A=0.04",-336.0,-1.4,False,7.335328299112633,0.10737190111111111,10.737190111111111,8.1741,0.09121666666666668,9.121666666666668
10.7%,0.10737190111111111,10.737190111111111,Nygaard2022,"TurbOPark, A=0.04",-312.0,-1.3,False,7.460515022430133,0.10737190111111111,10.737190111111111,8.206879166666667,0.09071666666666667,9.071666666666667
10.7%,0.10737190111111111,10.737190111111111,Nygaard2022,"TurbOPark, A=0.04",-288.0,-1.2,False,7.5551563312670496,0.10737190111111111,10.737190111111111,8.222804166666666,0.08997083333333333,8.997083333333332
10.7%,0.10737190111111111,10.737190111111111,Nygaard2022,"TurbOPark, A=0.04",-264.0,-1.1,False,7.605953695614494,0.10737190111111111,10.737190111111111,8.2389625,0.08887499999999998,8.887499999999998
10.7%,0.10737190111111111,10.737190111111111,Nygaard2022,"TurbOPark, A=0.04",-240.0,-1.0,False,7.617337142331316,0.10737190111111111,10.737190111111111,8.250729166666666,0.08834166666666667,8.834166666666667
10.7%,0.10737190111111111,10.737190111111111,Nygaard2022,"TurbOPark, A=0.04",-216.0,-0.9,False,7.606936346002227,0.10737190111111111,10.737190111111111,8.249879166666666,0.08862500000000001,8.8625
10.7%,0.10737190111111111,10.737190111111111,Nygaard2022,"TurbOPark, A=0.04",-192.0,-0.8,False,7.595530033241397,0.10737190111111111,10.737190111111111,8.243541666666667,0.0897625,8.97625
10.7%,0.10737190111111111,10.737190111111111,Nygaard2022,"TurbOPark, A=0.04",-168.0,-0.7,False,7.598872413138038,0.10737190111111111,10.737190111111111,8.239445833333333,0.09136250000000001,9.13625
10.7%,0.10737190111111111,10.737190111111111,Nygaard2022,"TurbOPark, A=0.04",-144.0,-0.6,False,7.624193909432767,0.10737190111111111,10.737190111111111,8.241837499999999,0.09216250000000001,9.21625
10.7%,0.10737190111111111,10.737190111111111,Nygaard2022,"TurbOPark, A=0.04",-120.0,-0.5,True,7.670297260261707,0.10737190111111111,10.737190111111111,8.242258333333332,0.09270416666666667,9.270416666666668
10.7%,0.10737190111111111,10.737190111111111,Nygaard2022,"TurbOPark, A=0.04",-96.0,-0.4,True,7.729619207174846,0.10737190111111111,10.737190111111111,8.241304166666668,0.09391666666666668,9.391666666666667
10.7%,0.10737190111111111,10.737190111111111,Nygaard2022,"TurbOPark, A=0.04",-72.0,-0.3,True,7.791185894390628,0.10737190111111111,10.737190111111111,8.235516666666665,0.09455833333333334,9.455833333333334
10.7%,0.10737190111111111,10.737190111111111,Nygaard2022,"TurbOPark, A=0.04",-48.0,-0.2,True,7.844058209739536,0.10737190111111111,10.737190111111111,8.21235,0.09512083333333334,9.512083333333333
10.7%,0.10737190111111111,10.737190111111111,Nygaard2022,"TurbOPark, A=0.04",-24.0,-0.1,True,7.880025444117956,0.10737190111111111,10.737190111111111,8.188479166666667,0.09598333333333334,9.598333333333334
10.7%,0.10737190111111111,10.737190111111111,Nygaard2022,"TurbOPark, A=0.04",0.0,0.0,True,7.894289426675509,0.10737190111111111,10.737190111111111,8.159775,0.09639583333333335,9.639583333333334
10.7%,0.10737190111111111,10.737190111111111,Nygaard2022,"TurbOPark, A=0.04",24.0,0.1,True,7.883068771081559,0.10737190111111111,10.737190111111111,8.1192125,0.09572499999999999,9.5725
10.7%,0.10737190111111111,10.737190111111111,Nygaard2022,"TurbOPark, A=0.04",48.0,0.2,True,7.83948191453556,0.10737190111111111,10.737190111111111,8.084025,0.09457083333333333,9.457083333333333
10.7%,0.10737190111111111,10.737190111111111,Nygaard2022,"TurbOPark, A=0.04",72.0,0.3,True,7.751459855049765,0.10737190111111111,10.737190111111111,8.0460125,0.09334166666666666,9.334166666666665
10.7%,0.10737190111111111,10.737190111111111,Nygaard2022,"TurbOPark, A=0.04",96.0,0.4,True,7.605987048851708,0.10737190111111111,10.737190111111111,7.993691666666667,0.09247916666666667,9.247916666666667
10.7%,0.10737190111111111,10.737190111111111,Nygaard2022,"TurbOPark, A=0.04",120.0,0.5,True,7.399490003865198,0.10737190111111111,10.737190111111111,7.948829166666666,0.09222083333333334,9.222083333333334
10.7%,0.10737190111111111,10.737190111111111,Nygaard2022,"TurbOPark, A=0.04",144.0,0.6,False,7.146739446269736,0.10737190111111111,10.737190111111111,7.921270833333334,0.09229166666666667,9.229166666666668
10.7%,0.10737190111111111,10.737190111111111,Nygaard2022,"TurbOPark, A=0.04",168.0,0.7,False,6.880961748468638,0.10737190111111111,10.737190111111111,7.898866666666667,0.0934875,9.34875
10.7%,0.10737190111111111,10.737190111111111,Nygaard2022,"TurbOPark, A=0.04",192.0,0.8,False,6.6456102548769405,0.10737190111111111,10.737190111111111,7.876916666666666,0.09502083333333333,9.502083333333333
10.7%,0.10737190111111111,10.737190111111111,Nygaard2022,"TurbOPark, A=0.04",216.0,0.9,False,6.482832836028106,0.10737190111111111,10.737190111111111,7.860704166666666,0.09567083333333333,9.567083333333333
10.7%,0.10737190111111111,10.737190111111111,Nygaard2022,"TurbOPark, A=0.04",240.0,1.0,False,6.42273720081659,0.10737190111111111,10.737190111111111,7.859608333333333,0.09525833333333333,9.525833333333333
10.7%,0.10737190111111111,10.737190111111111,Nygaard2022,"TurbOPark, A=0.04",264.0,1.1,False,6.475496519956015,0.10737190111111111,10.737190111111111,7.8661208333333335,0.09399166666666667,9.399166666666666
10.7%,0.10737190111111111,10.737190111111111,Nygaard2022,"TurbOPark, A=0.04",288.0,1.2,False,6.6274428858020595,0.10737190111111111,10.737190111111111,7.878704166666667,0.0931,9.31
10.7%,0.10737190111111111,10.737190111111111,Nygaard2022,"TurbOPark, A=0.04",312.0,1.3,False,6.842370375368985,0.10737190111111111,10.737190111111111,7.896304166666667,0.09364583333333333,9.364583333333334
10.7%,0.10737190111111111,10.737190111111111,Nygaard2022,"TurbOPark, A=0.04",336.0,1.4,False,7.068271988224999,0.10737190111111111,10.737190111111111,7.917754166666667,0.09478333333333333,9.478333333333333
10.7%,0.10737190111111111,10.737190111111111,Nygaard2022,"TurbOPark, A=0.04",360.0,1.5,False,7.25084303257795,0.10737190111111111,10.737190111111111,7.951083333333333,0.09674166666666667,9.674166666666666
10.7%,0.10737190111111111,10.737190111111111,Nygaard2022_A0.06,"TurbOPark, A=0.06",-360.0,-1.5,False,7.81710298427813,0.10737190111111111,10.737190111111111,8.109754166666667,0.09191666666666666,9.191666666666666
10.7%,0.10737190111111111,10.737190111111111,Nygaard2022_A0.06,"TurbOPark, A=0.06",-336.0,-1.4,False,7.879619983603803,0.10737190111111111,10.737190111111111,8.1741,0.09121666666666668,9.121666666666668
10.7%,0.10737190111111111,10.737190111111111,Nygaard2022_A0.06,"TurbOPark, A=0.06",-312.0,-1.3,False,7.948069742756643,0.10737190111111111,10.737190111111111,8.206879166666667,0.09071666666666667,9.071666666666667
10.7%,0.10737190111111111,10.737190111111111,Nygaard2022_A0.06,"TurbOPark, A=0.06",-288.0,-1.2,False,8.012658040109399,0.10737190111111111,10.737190111111111,8.222804166666666,0.08997083333333333,8.997083333333332
10.7%,0.10737190111111111,10.737190111111111,Nygaard2022_A0.06,"TurbOPark, A=0.06",-264.0,-1.1,False,8.066030105268938,0.10737190111111111,10.737190111111111,8.2389625,0.08887499999999998,8.887499999999998
10.7%,0.10737190111111111,10.737190111111111,Nygaard2022_A0.06,"TurbOPark, A=0.06",-240.0,-1.0,False,8.10515672540405,0.10737190111111111,10.737190111111111,8.250729166666666,0.08834166666666667,8.834166666666667
10.7%,0.10737190111111111,10.737190111111111,Nygaard2022_A0.06,"TurbOPark, A=0.06",-216.0,-0.9,False,8.131564016088264,0.10737190111111111,10.737190111111111,8.249879166666666,0.08862500000000001,8.8625
10.7%,0.10737190111111111,10.737190111111111,Nygaard2022_A0.06,"TurbOPark, A=0.06",-192.0,-0.8,False,8.149893132873887,0.10737190111111111,10.737190111111111,8.243541666666667,0.0897625,8.97625
10.7%,0.10737190111111111,10.737190111111111,Nygaard2022_A0.06,"TurbOPark, A=0.06",-168.0,-0.7,False,8.165667625977989,0.10737190111111111,10.737190111111111,8.239445833333333,0.09136250000000001,9.13625
10.7%,0.10737190111111111,10.737190111111111,Nygaard2022_A0.06,"TurbOPark, A=0.06",-144.0,-0.6,False,8.183362517387579,0.10737190111111111,10.737190111111111,8.241837499999999,0.09216250000000001,9.21625
10.7%,0.10737190111111111,10.737190111111111,Nygaard2022_A0.06,"TurbOPark, A=0.06",-120.0,-0.5,True,8.205320517573758,0.10737190111111111,10.737190111111111,8.242258333333332,0.09270416666666667,9.270416666666668
10.7%,0.10737190111111111,10.737190111111111,Nygaard2022_A0.06,"TurbOPark, A=0.06",-96.0,-0.4,True,8.23159666099691,0.10737190111111111,10.737190111111111,8.241304166666668,0.09391666666666668,9.391666666666667
10.7%,0.10737190111111111,10.737190111111111,Nygaard2022_A0.06,"TurbOPark, A=0.06",-72.0,-0.3,True,8.260213872082417,0.10737190111111111,10.737190111111111,8.235516666666665,0.09455833333333334,9.455833333333334
10.7%,0.10737190111111111,10.737190111111111,Nygaard2022_A0.06,"TurbOPark, A=0.06",-48.0,-0.2,True,8.287446428669249,0.10737190111111111,10.737190111111111,8.21235,0.09512083333333334,9.512083333333333
10.7%,0.10737190111111111,10.737190111111111,Nygaard2022_A0.06,"TurbOPark, A=0.06",-24.0,-0.1,True,8.30797442095094,0.10737190111111111,10.737190111111111,8.188479166666667,0.09598333333333334,9.598333333333334
10.7%,0.10737190111111111,10.737190111111111,Nygaard2022_A0.06,"TurbOPark, A=0.06",0.0,0.0,True,8.314636290941358,0.10737190111111111,10.737190111111111,8.159775,0.09639583333333335,9.639583333333334
10.7%,0.10737190111111111,10.737190111111111,Nygaard2022_A0.06,"TurbOPark, A=0.06",24.0,0.1,True,8.298433409254635,0.10737190111111111,10.737190111111111,8.1192125,0.09572499999999999,9.5725
10.7%,0.10737190111111111,10.737190111111111,Nygaard2022_A0.06,"TurbOPark, A=0.06",48.0,0.2,True,8.249708713402446,0.10737190111111111,10.737190111111111,8.084025,0.09457083333333333,9.457083333333333
10.7%,0.10737190111111111,10.737190111111111,Nygaard2022_A0.06,"TurbOPark, A=0.06",72.0,0.3,True,8.161271273395892,0.10737190111111111,10.737190111111111,8.0460125,0.09334166666666666,9.334166666666665
10.7%,0.10737190111111111,10.737190111111111,Nygaard2022_A0.06,"TurbOPark, A=0.06",96.0,0.4,True,8.032473143710597,0.10737190111111111,10.737190111111111,7.993691666666667,0.09247916666666667,9.247916666666667
10.7%,0.10737190111111111,10.737190111111111,Nygaard2022_A0.06,"TurbOPark, A=0.06",120.0,0.5,True,7.871550613687708,0.10737190111111111,10.737190111111111,7.948829166666666,0.09222083333333334,9.222083333333334
10.7%,0.10737190111111111,10.737190111111111,Nygaard2022_A0.06,"TurbOPark, A=0.06",144.0,0.6,False,7.694779843654277,0.10737190111111111,10.737190111111111,7.921270833333334,0.09229166666666667,9.229166666666668
10.7%,0.10737190111111111,10.737190111111111,Nygaard2022_A0.06,"TurbOPark, A=0.06",168.0,0.7,False,7.523316792283465,0.10737190111111111,10.737190111111111,7.898866666666667,0.0934875,9.34875
10.7%,0.10737190111111111,10.737190111111111,Nygaard2022_A0.06,"TurbOPark, A=0.06",192.0,0.8,False,7.379125281559946,0.10737190111111111,10.737190111111111,7.876916666666666,0.09502083333333333,9.502083333333333
10.7%,0.10737190111111111,10.737190111111111,Nygaard2022_A0.06,"TurbOPark, A=0.06",216.0,0.9,False,7.281076002132258,0.10737190111111111,10.737190111111111,7.860704166666666,0.09567083333333333,9.567083333333333
10.7%,0.10737190111111111,10.737190111111111,Nygaard2022_A0.06,"TurbOPark, A=0.06",240.0,1.0,False,7.2413962210860685,0.10737190111111111,10.737190111111111,7.859608333333333,0.09525833333333333,9.525833333333333
10.7%,0.10737190111111111,10.737190111111111,Nygaard2022_A0.06,"TurbOPark, A=0.06",264.0,1.1,False,7.26340130288666,0.10737190111111111,10.737190111111111,7.8661208333333335,0.09399166666666667,9.399166666666666
10.7%,0.10737190111111111,10.737190111111111,Nygaard2022_A0.06,"TurbOPark, A=0.06",288.0,1.2,False,7.34027705245156,0.10737190111111111,10.737190111111111,7.878704166666667,0.0931,9.31
10.7%,0.10737190111111111,10.737190111111111,Nygaard2022_A0.06,"TurbOPark, A=0.06",312.0,1.3,False,7.45612344113103,0.10737190111111111,10.737190111111111,7.896304166666667,0.09364583333333333,9.364583333333334
10.7%,0.10737190111111111,10.737190111111111,Nygaard2022_A0.06,"TurbOPark, A=0.06",336.0,1.4,False,7.588468618598885,0.10737190111111111,10.737190111111111,7.917754166666667,0.09478333333333333,9.478333333333333
10.7%,0.10737190111111111,10.737190111111111,Nygaard2022_A0.06,"TurbOPark, A=0.06",360.0,1.5,False,7.713333931121172,0.10737190111111111,10.737190111111111,7.951083333333333,0.09674166666666667,9.674166666666666
11.4%,0.11353931555555555,11.353931555555555,BPA2014,BPA,-360.0,-1.5,False,8.320813366380428,0.14882525386143516,14.882525386143516,8.109754166666667,0.09191666666666666,9.191666666666666
11.4%,0.11353931555555555,11.353931555555555,BPA2014,BPA,-336.0,-1.4,False,8.368156929025488,0.14882525386143516,14.882525386143516,8.1741,0.09121666666666668,9.121666666666668
11.4%,0.11353931555555555,11.353931555555555,BPA2014,BPA,-312.0,-1.3,False,8.404300836789563,0.14882525386143516,14.882525386143516,8.206879166666667,0.09071666666666667,9.071666666666667
11.4%,0.11353931555555555,11.353931555555555,BPA2014,BPA,-288.0,-1.2,False,8.431774075840483,0.14882525386143516,14.882525386143516,8.222804166666666,0.08997083333333333,8.997083333333332
11.4%,0.11353931555555555,11.353931555555555,BPA2014,BPA,-264.0,-1.1,False,8.452568061556574,0.14882525386143516,14.882525386143516,8.2389625,0.08887499999999998,8.887499999999998
11.4%,0.11353931555555555,11.353931555555555,BPA2014,BPA,-240.0,-1.0,False,8.468035048697038,0.14882525386143516,14.882525386143516,8.250729166666666,0.08834166666666667,8.834166666666667
11.4%,0.11353931555555555,11.353931555555555,BPA2014,BPA,-216.0,-0.9,False,8.47890162904713,0.14882525386143516,14.882525386143516,8.249879166666666,0.08862500000000001,8.8625
11.4%,0.11353931555555555,11.353931555555555,BPA2014,BPA,-192.0,-0.8,False,8.485356381693265,0.14882525386143516,14.882525386143516,8.243541666666667,0.0897625,8.97625
11.4%,0.11353931555555555,11.353931555555555,BPA2014,BPA,-168.0,-0.7,False,8.48717689591534,0.14882525386143516,14.882525386143516,8.239445833333333,0.09136250000000001,9.13625
11.4%,0.11353931555555555,11.353931555555555,BPA2014,BPA,-144.0,-0.6,False,8.483871485867951,0.14882525386143516,14.882525386143516,8.241837499999999,0.09216250000000001,9.21625
11.4%,0.11353931555555555,11.353931555555555,BPA2014,BPA,-120.0,-0.5,True,8.474820781683771,0.16016268501018172,16.01626850101817,8.242258333333332,0.09270416666666667,9.270416666666668
11.4%,0.11353931555555555,11.353931555555555,BPA2014,BPA,-96.0,-0.4,True,8.459411631307983,0.16016268501018172,16.01626850101817,8.241304166666668,0.09391666666666668,9.391666666666667
11.4%,0.11353931555555555,11.353931555555555,BPA2014,BPA,-72.0,-0.3,True,8.437159666667597,0.16016268501018172,16.01626850101817,8.235516666666665,0.09455833333333334,9.455833333333334
11.4%,0.11353931555555555,11.353931555555555,BPA2014,BPA,-48.0,-0.2,True,8.407817925140332,0.16016268501018172,16.01626850101817,8.21235,0.09512083333333334,9.512083333333333
11.4%,0.11353931555555555,11.353931555555555,BPA2014,BPA,-24.0,-0.1,True,8.371468113667909,0.16016268501018172,16.01626850101817,8.188479166666667,0.09598333333333334,9.598333333333334
11.4%,0.11353931555555555,11.353931555555555,BPA2014,BPA,0.0,0.0,True,8.328589634900423,0.16016268501018172,16.01626850101817,8.159775,0.09639583333333335,9.639583333333334
11.4%,0.11353931555555555,11.353931555555555,BPA2014,BPA,24.0,0.1,True,8.280100385262825,0.16016268501018172,16.01626850101817,8.1192125,0.09572499999999999,9.5725
11.4%,0.11353931555555555,11.353931555555555,BPA2014,BPA,48.0,0.2,True,8.227363306005246,0.16016268501018172,16.01626850101817,8.084025,0.09457083333333333,9.457083333333333
11.4%,0.11353931555555555,11.353931555555555,BPA2014,BPA,72.0,0.3,True,8.172154087873148,0.16016268501018172,16.01626850101817,8.0460125,0.09334166666666666,9.334166666666665
11.4%,0.11353931555555555,11.353931555555555,BPA2014,BPA,96.0,0.4,True,8.116588309716438,0.16016268501018172,16.01626850101817,7.993691666666667,0.09247916666666667,9.247916666666667
11.4%,0.11353931555555555,11.353931555555555,BPA2014,BPA,120.0,0.5,True,8.063010318208107,0.16016268501018172,16.01626850101817,7.948829166666666,0.09222083333333334,9.222083333333334
11.4%,0.11353931555555555,11.353931555555555,BPA2014,BPA,144.0,0.6,False,8.013850753986738,0.16016268501018172,16.01626850101817,7.921270833333334,0.09229166666666667,9.229166666666668
11.4%,0.11353931555555555,11.353931555555555,BPA2014,BPA,168.0,0.7,False,7.971464054855138,0.16016268501018172,16.01626850101817,7.898866666666667,0.0934875,9.34875
11.4%,0.11353931555555555,11.353931555555555,BPA2014,BPA,192.0,0.8,False,7.937960731840579,0.16016268501018172,16.01626850101817,7.876916666666666,0.09502083333333333,9.502083333333333
11.4%,0.11353931555555555,11.353931555555555,BPA2014,BPA,216.0,0.9,False,7.915051030420236,0.16016268501018172,16.01626850101817,7.860704166666666,0.09567083333333333,9.567083333333333
11.4%,0.11353931555555555,11.353931555555555,BPA2014,BPA,240.0,1.0,False,7.9039163026763655,0.16016268501018172,16.01626850101817,7.859608333333333,0.09525833333333333,9.525833333333333
11.4%,0.11353931555555555,11.353931555555555,BPA2014,BPA,264.0,1.1,False,7.905121906872597,0.16016268501018172,16.01626850101817,7.8661208333333335,0.09399166666666667,9.399166666666666
11.4%,0.11353931555555555,11.353931555555555,BPA2014,BPA,288.0,1.2,False,7.918580974253427,0.16016268501018172,16.01626850101817,7.878704166666667,0.0931,9.31
11.4%,0.11353931555555555,11.353931555555555,BPA2014,BPA,312.0,1.3,False,7.9435725341539865,0.16016268501018172,16.01626850101817,7.896304166666667,0.09364583333333333,9.364583333333334
11.4%,0.11353931555555555,11.353931555555555,BPA2014,BPA,336.0,1.4,False,7.978811091917297,0.16016268501018172,16.01626850101817,7.917754166666667,0.09478333333333333,9.478333333333333
11.4%,0.11353931555555555,11.353931555555555,BPA2014,BPA,360.0,1.5,False,8.0225586874809,0.16016268501018172,16.01626850101817,7.951083333333333,0.09674166666666667,9.674166666666666
11.4%,0.11353931555555555,11.353931555555555,NPA2016,NPA,-360.0,-1.5,False,8.668735708317962,0.16176742841523511,16.176742841523513,8.109754166666667,0.09191666666666666,9.191666666666666
11.4%,0.11353931555555555,11.353931555555555,NPA2016,NPA,-336.0,-1.4,False,8.701817083230978,0.16176742841523511,16.176742841523513,8.1741,0.09121666666666668,9.121666666666668
11.4%,0.11353931555555555,11.353931555555555,NPA2016,NPA,-312.0,-1.3,False,8.729594831835904,0.16176742841523511,16.176742841523513,8.206879166666667,0.09071666666666667,9.071666666666667
11.4%,0.11353931555555555,11.353931555555555,NPA2016,NPA,-288.0,-1.2,False,8.752006909479194,0.16176742841523511,16.176742841523513,8.222804166666666,0.08997083333333333,8.997083333333332
11.4%,0.11353931555555555,11.353931555555555,NPA2016,NPA,-264.0,-1.1,False,8.76917399297031,0.1494522371692939,14.945223716929391,8.2389625,0.08887499999999998,8.887499999999998
11.4%,0.11353931555555555,11.353931555555555,NPA2016,NPA,-240.0,-1.0,False,8.781379776591747,0.1494522371692939,14.945223716929391,8.250729166666666,0.08834166666666667,8.834166666666667
11.4%,0.11353931555555555,11.353931555555555,NPA2016,NPA,-216.0,-0.9,False,8.789016156098352,0.1494522371692939,14.945223716929391,8.249879166666666,0.08862500000000001,8.8625
11.4%,0.11353931555555555,11.353931555555555,NPA2016,NPA,-192.0,-0.8,False,8.79256599629055,0.1494522371692939,14.945223716929391,8.243541666666667,0.0897625,8.97625
11.4%,0.11353931555555555,11.353931555555555,NPA2016,NPA,-168.0,-0.7,False,8.792539755062018,0.1494522371692939,14.945223716929391,8.239445833333333,0.09136250000000001,9.13625
11.4%,0.11353931555555555,11.353931555555555,NPA2016,NPA,-144.0,-0.6,False,8.78946011346222,0.1494522371692939,14.945223716929391,8.241837499999999,0.09216250000000001,9.21625
11.4%,0.11353931555555555,11.353931555555555,NPA2016,NPA,-120.0,-0.5,True,8.783847414989395,0.1494522371692939,14.945223716929391,8.242258333333332,0.09270416666666667,9.270416666666668
11.4%,0.11353931555555555,11.353931555555555,NPA2016,NPA,-96.0,-0.4,True,8.776202607333312,0.1494522371692939,14.945223716929391,8.241304166666668,0.09391666666666668,9.391666666666667
11.4%,0.11353931555555555,11.353931555555555,NPA2016,NPA,-72.0,-0.3,True,8.766996053512411,0.1494522371692939,14.945223716929391,8.235516666666665,0.09455833333333334,9.455833333333334
11.4%,0.11353931555555555,11.353931555555555,NPA2016,NPA,-48.0,-0.2,True,8.756664960127624,0.1494522371692939,14.945223716929391,8.21235,0.09512083333333334,9.512083333333333
11.4%,0.11353931555555555,11.353931555555555,NPA2016,NPA,-24.0,-0.1,True,8.745621029386903,0.1494522371692939,14.945223716929391,8.188479166666667,0.09598333333333334,9.598333333333334
11.4%,0.11353931555555555,11.353931555555555,NPA2016,NPA,0.0,0.0,True,8.734239965261438,0.1494522371692939,14.945223716929391,8.159775,0.09639583333333335,9.639583333333334
11.4%,0.11353931555555555,11.353931555555555,NPA2016,NPA,24.0,0.1,True,8.722875237781595,0.1494522371692939,14.945223716929391,8.1192125,0.09572499999999999,9.5725
11.4%,0.11353931555555555,11.353931555555555,NPA2016,NPA,48.0,0.2,True,8.71184694800323,0.1494522371692939,14.945223716929391,8.084025,0.09457083333333333,9.457083333333333
11.4%,0.11353931555555555,11.353931555555555,NPA2016,NPA,72.0,0.3,True,8.701450706537953,0.1494522371692939,14.945223716929391,8.0460125,0.09334166666666666,9.334166666666665
11.4%,0.11353931555555555,11.353931555555555,NPA2016,NPA,96.0,0.4,True,8.691953741411805,0.1494522371692939,14.945223716929391,7.993691666666667,0.09247916666666667,9.247916666666667
11.4%,0.11353931555555555,11.353931555555555,NPA2016,NPA,120.0,0.5,True,8.683598361604165,0.1494522371692939,14.945223716929391,7.948829166666666,0.09222083333333334,9.222083333333334
11.4%,0.11353931555555555,11.353931555555555,NPA2016,NPA,144.0,0.6,False,8.676590485326981,0.1494522371692939,14.945223716929391,7.921270833333334,0.09229166666666667,9.229166666666668
11.4%,0.11353931555555555,11.353931555555555,NPA2016,NPA,168.0,0.7,False,8.67109874842178,0.1494522371692939,14.945223716929391,7.898866666666667,0.0934875,9.34875
11.4%,0.11353931555555555,11.353931555555555,NPA2016,NPA,192.0,0.8,False,8.667262348880282,0.1494522371692939,14.945223716929391,7.876916666666666,0.09502083333333333,9.502083333333333
11.4%,0.11353931555555555,11.353931555555555,NPA2016,NPA,216.0,0.9,False,8.665177248737008,0.1494522371692939,14.945223716929391,7.860704166666666,0.09567083333333333,9.567083333333333
11.4%,0.11353931555555555,11.353931555555555,NPA2016,NPA,240.0,1.0,False,8.664889860752934,0.1494522371692939,14.945223716929391,7.859608333333333,0.09525833333333333,9.525833333333333
11.4%,0.11353931555555555,11.353931555555555,NPA2016,NPA,264.0,1.1,False,8.66640102803384,0.1494522371692939,14.945223716929391,7.8661208333333335,0.09399166666666667,9.399166666666666
11.4%,0.11353931555555555,11.353931555555555,NPA2016,NPA,288.0,1.2,False,8.669669866366513,0.1494522371692939,14.945223716929391,7.878704166666667,0.0931,9.31
11.4%,0.11353931555555555,11.353931555555555,NPA2016,NPA,312.0,1.3,False,8.67458913991322,0.1494522371692939,14.945223716929391,7.896304166666667,0.09364583333333333,9.364583333333334
11.4%,0.11353931555555555,11.353931555555555,NPA2016,NPA,336.0,1.4,False,8.680991845023211,0.1494522371692939,14.945223716929391,7.917754166666667,0.09478333333333333,9.478333333333333
11.4%,0.11353931555555555,11.353931555555555,NPA2016,NPA,360.0,1.5,False,8.688632552560202,0.1494522371692939,14.945223716929391,7.951083333333333,0.09674166666666667,9.674166666666666
11.4%,0.11353931555555555,11.353931555555555,Nygaard2022,"TurbOPark, A=0.04",-360.0,-1.5,False,7.254660835408394,0.11353931555555555,11.353931555555555,8.109754166666667,0.09191666666666666,9.191666666666666
11.4%,0.11353931555555555,11.353931555555555,Nygaard2022,"TurbOPark, A=0.04",-336.0,-1.4,False,7.379696403757178,0.11353931555555555,11.353931555555555,8.1741,0.09121666666666668,9.121666666666668
11.4%,0.11353931555555555,11.353931555555555,Nygaard2022,"TurbOPark, A=0.04",-312.0,-1.3,False,7.501964586107869,0.11353931555555555,11.353931555555555,8.206879166666667,0.09071666666666667,9.071666666666667
11.4%,0.11353931555555555,11.353931555555555,Nygaard2022,"TurbOPark, A=0.04",-288.0,-1.2,False,7.596484324850448,0.11353931555555555,11.353931555555555,8.222804166666666,0.08997083333333333,8.997083333333332
11.4%,0.11353931555555555,11.353931555555555,Nygaard2022,"TurbOPark, A=0.04",-264.0,-1.1,False,7.650146548516485,0.11353931555555555,11.353931555555555,8.2389625,0.08887499999999998,8.887499999999998
11.4%,0.11353931555555555,11.353931555555555,Nygaard2022,"TurbOPark, A=0.04",-240.0,-1.0,False,7.66623033216866,0.11353931555555555,11.353931555555555,8.250729166666666,0.08834166666666667,8.834166666666667
11.4%,0.11353931555555555,11.353931555555555,Nygaard2022,"TurbOPark, A=0.04",-216.0,-0.9,False,7.66055782894823,0.11353931555555555,11.353931555555555,8.249879166666666,0.08862500000000001,8.8625
11.4%,0.11353931555555555,11.353931555555555,Nygaard2022,"TurbOPark, A=0.04",-192.0,-0.8,False,7.652399969303704,0.11353931555555555,11.353931555555555,8.243541666666667,0.0897625,8.97625
11.4%,0.11353931555555555,11.353931555555555,Nygaard2022,"TurbOPark, A=0.04",-168.0,-0.7,False,7.656755051698287,0.11353931555555555,11.353931555555555,8.239445833333333,0.09136250000000001,9.13625
11.4%,0.11353931555555555,11.353931555555555,Nygaard2022,"TurbOPark, A=0.04",-144.0,-0.6,False,7.680839945990266,0.11353931555555555,11.353931555555555,8.241837499999999,0.09216250000000001,9.21625
11.4%,0.11353931555555555,11.353931555555555,Nygaard2022,"TurbOPark, A=0.04",-120.0,-0.5,True,7.724075142579224,0.11353931555555555,11.353931555555555,8.242258333333332,0.09270416666666667,9.270416666666668
11.4%,0.11353931555555555,11.353931555555555,Nygaard2022,"TurbOPark, A=0.04",-96.0,-0.4,True,7.779937017018861,0.11353931555555555,11.353931555555555,8.241304166666668,0.09391666666666668,9.391666666666667
11.4%,0.11353931555555555,11.353931555555555,Nygaard2022,"TurbOPark, A=0.04",-72.0,-0.3,True,7.8386378269432395,0.11353931555555555,11.353931555555555,8.235516666666665,0.09455833333333334,9.455833333333334
11.4%,0.11353931555555555,11.353931555555555,Nygaard2022,"TurbOPark, A=0.04",-48.0,-0.2,True,7.890126592679982,0.11353931555555555,11.353931555555555,8.21235,0.09512083333333334,9.512083333333333
11.4%,0.11353931555555555,11.353931555555555,Nygaard2022,"TurbOPark, A=0.04",-24.0,-0.1,True,7.926450646827622,0.11353931555555555,11.353931555555555,8.188479166666667,0.09598333333333334,9.598333333333334
11.4%,0.11353931555555555,11.353931555555555,Nygaard2022,"TurbOPark, A=0.04",0.0,0.0,True,7.9422245940619085,0.11353931555555555,11.353931555555555,8.159775,0.09639583333333335,9.639583333333334
11.4%,0.11353931555555555,11.353931555555555,Nygaard2022,"TurbOPark, A=0.04",24.0,0.1,True,7.932490643226865,0.11353931555555555,11.353931555555555,8.1192125,0.09572499999999999,9.5725
11.4%,0.11353931555555555,11.353931555555555,Nygaard2022,"TurbOPark, A=0.04",48.0,0.2,True,7.8891518537651555,0.11353931555555555,11.353931555555555,8.084025,0.09457083333333333,9.457083333333333
11.4%,0.11353931555555555,11.353931555555555,Nygaard2022,"TurbOPark, A=0.04",72.0,0.3,True,7.799603857147254,0.11353931555555555,11.353931555555555,8.0460125,0.09334166666666666,9.334166666666665
11.4%,0.11353931555555555,11.353931555555555,Nygaard2022,"TurbOPark, A=0.04",96.0,0.4,True,7.651516243359659,0.11353931555555555,11.353931555555555,7.993691666666667,0.09247916666666667,9.247916666666667
11.4%,0.11353931555555555,11.353931555555555,Nygaard2022,"TurbOPark, A=0.04",120.0,0.5,True,7.442837078660405,0.11353931555555555,11.353931555555555,7.948829166666666,0.09222083333333334,9.222083333333334
11.4%,0.11353931555555555,11.353931555555555,Nygaard2022,"TurbOPark, A=0.04",144.0,0.6,False,7.189655681407668,0.11353931555555555,11.353931555555555,7.921270833333334,0.09229166666666667,9.229166666666668
11.4%,0.11353931555555555,11.353931555555555,Nygaard2022,"TurbOPark, A=0.04",168.0,0.7,False,6.925370908187203,0.11353931555555555,11.353931555555555,7.898866666666667,0.0934875,9.34875
11.4%,0.11353931555555555,11.353931555555555,Nygaard2022,"TurbOPark, A=0.04",192.0,0.8,False,6.692510242605487,0.11353931555555555,11.353931555555555,7.876916666666666,0.09502083333333333,9.502083333333333
11.4%,0.11353931555555555,11.353931555555555,Nygaard2022,"TurbOPark, A=0.04",216.0,0.9,False,6.531851753982579,0.11353931555555555,11.353931555555555,7.860704166666666,0.09567083333333333,9.567083333333333
11.4%,0.11353931555555555,11.353931555555555,Nygaard2022,"TurbOPark, A=0.04",240.0,1.0,False,6.472292780198709,0.11353931555555555,11.353931555555555,7.859608333333333,0.09525833333333333,9.525833333333333
11.4%,0.11353931555555555,11.353931555555555,Nygaard2022,"TurbOPark, A=0.04",264.0,1.1,False,6.523391017218858,0.11353931555555555,11.353931555555555,7.8661208333333335,0.09399166666666667,9.399166666666666
11.4%,0.11353931555555555,11.353931555555555,Nygaard2022,"TurbOPark, A=0.04",288.0,1.2,False,6.671779729466634,0.11353931555555555,11.353931555555555,7.878704166666667,0.0931,9.31
11.4%,0.11353931555555555,11.353931555555555,Nygaard2022,"TurbOPark, A=0.04",312.0,1.3,False,6.882398609002088,0.11353931555555555,11.353931555555555,7.896304166666667,0.09364583333333333,9.364583333333334
11.4%,0.11353931555555555,11.353931555555555,Nygaard2022,"TurbOPark, A=0.04",336.0,1.4,False,7.1049882216652085,0.11353931555555555,11.353931555555555,7.917754166666667,0.09478333333333333,9.478333333333333
11.4%,0.11353931555555555,11.353931555555555,Nygaard2022,"TurbOPark, A=0.04",360.0,1.5,False,7.287041198081343,0.11353931555555555,11.353931555555555,7.951083333333333,0.09674166666666667,9.674166666666666
11.4%,0.11353931555555555,11.353931555555555,Nygaard2022_A0.06,"TurbOPark, A=0.06",-360.0,-1.5,False,7.858172478513001,0.11353931555555555,11.353931555555555,8.109754166666667,0.09191666666666666,9.191666666666666
11.4%,0.11353931555555555,11.353931555555555,Nygaard2022_A0.06,"TurbOPark, A=0.06",-336.0,-1.4,False,7.918153089162207,0.11353931555555555,11.353931555555555,8.1741,0.09121666666666668,9.121666666666668
11.4%,0.11353931555555555,11.353931555555555,Nygaard2022_A0.06,"TurbOPark, A=0.06",-312.0,-1.3,False,7.984532763688982,0.11353931555555555,11.353931555555555,8.206879166666667,0.09071666666666667,9.071666666666667
11.4%,0.11353931555555555,11.353931555555555,Nygaard2022_A0.06,"TurbOPark, A=0.06",-288.0,-1.2,False,8.048167859042675,0.11353931555555555,11.353931555555555,8.222804166666666,0.08997083333333333,8.997083333333332
11.4%,0.11353931555555555,11.353931555555555,Nygaard2022_A0.06,"TurbOPark, A=0.06",-264.0,-1.1,False,8.101960017246075,0.11353931555555555,11.353931555555555,8.2389625,0.08887499999999998,8.887499999999998
11.4%,0.11353931555555555,11.353931555555555,Nygaard2022_A0.06,"TurbOPark, A=0.06",-240.0,-1.0,False,8.142633861470346,0.11353931555555555,11.353931555555555,8.250729166666666,0.08834166666666667,8.834166666666667
11.4%,0.11353931555555555,11.353931555555555,Nygaard2022_A0.06,"TurbOPark, A=0.06",-216.0,-0.9,False,8.1711055340487,0.11353931555555555,11.353931555555555,8.249879166666666,0.08862500000000001,8.8625
11.4%,0.11353931555555555,11.353931555555555,Nygaard2022_A0.06,"TurbOPark, A=0.06",-192.0,-0.8,False,8.191313054501128,0.11353931555555555,11.353931555555555,8.243541666666667,0.0897625,8.97625
11.4%,0.11353931555555555,11.353931555555555,Nygaard2022_A0.06,"TurbOPark, A=0.06",-168.0,-0.7,False,8.208248236437793,0.11353931555555555,11.353931555555555,8.239445833333333,0.09136250000000001,9.13625
11.4%,0.11353931555555555,11.353931555555555,Nygaard2022_A0.06,"TurbOPark, A=0.06",-144.0,-0.6,False,8.226151725515066,0.11353931555555555,11.353931555555555,8.241837499999999,0.09216250000000001,9.21625
11.4%,0.11353931555555555,11.353931555555555,Nygaard2022_A0.06,"TurbOPark, A=0.06",-120.0,-0.5,True,8.247452836666499,0.11353931555555555,11.353931555555555,8.242258333333332,0.09270416666666667,9.270416666666668
11.4%,0.11353931555555555,11.353931555555555,Nygaard2022_A0.06,"TurbOPark, A=0.06",-96.0,-0.4,True,8.272474944504781,0.11353931555555555,11.353931555555555,8.241304166666668,0.09391666666666668,9.391666666666667
11.4%,0.11353931555555555,11.353931555555555,Nygaard2022_A0.06,"TurbOPark, A=0.06",-72.0,-0.3,True,8.299569690811284,0.11353931555555555,11.353931555555555,8.235516666666665,0.09455833333333334,9.455833333333334
11.4%,0.11353931555555555,11.353931555555555,Nygaard2022_A0.06,"TurbOPark, A=0.06",-48.0,-0.2,True,8.325316513907188,0.11353931555555555,11.353931555555555,8.21235,0.09512083333333334,9.512083333333333
11.4%,0.11353931555555555,11.353931555555555,Nygaard2022_A0.06,"TurbOPark, A=0.06",-24.0,-0.1,True,8.344516563601863,0.11353931555555555,11.353931555555555,8.188479166666667,0.09598333333333334,9.598333333333334
11.4%,0.11353931555555555,11.353931555555555,Nygaard2022_A0.06,"TurbOPark, A=0.06",0.0,0.0,True,8.34997083408691,0.11353931555555555,11.353931555555555,8.159775,0.09639583333333335,9.639583333333334
11.4%,0.11353931555555555,11.353931555555555,Nygaard2022_A0.06,"TurbOPark, A=0.06",24.0,0.1,True,8.332549433279421,0.11353931555555555,11.353931555555555,8.1192125,0.09572499999999999,9.5725
11.4%,0.11353931555555555,11.353931555555555,Nygaard2022_A0.06,"TurbOPark, A=0.06",48.0,0.2,True,8.28257586833587,0.11353931555555555,11.353931555555555,8.084025,0.09457083333333333,9.457083333333333
11.4%,0.11353931555555555,11.353931555555555,Nygaard2022_A0.06,"TurbOPark, A=0.06",72.0,0.3,True,8.193167213227133,0.11353931555555555,11.353931555555555,8.0460125,0.09334166666666666,9.334166666666665
11.4%,0.11353931555555555,11.353931555555555,Nygaard2022_A0.06,"TurbOPark, A=0.06",96.0,0.4,True,8.064165978584995,0.11353931555555555,11.353931555555555,7.993691666666667,0.09247916666666667,9.247916666666667
11.4%,0.11353931555555555,11.353931555555555,Nygaard2022_A0.06,"TurbOPark, A=0.06",120.0,0.5,True,7.904174874993413,0.11353931555555555,11.353931555555555,7.948829166666666,0.09222083333333334,9.222083333333334
11.4%,0.11353931555555555,11.353931555555555,Nygaard2022_A0.06,"TurbOPark, A=0.06",144.0,0.6,False,7.729436866987596,0.11353931555555555,11.353931555555555,7.921270833333334,0.09229166666666667,9.229166666666668
11.4%,0.11353931555555555,11.353931555555555,Nygaard2022_A0.06,"TurbOPark, A=0.06",168.0,0.7,False,7.5606083144493255,0.11353931555555555,11.353931555555555,7.898866666666667,0.0934875,9.34875
11.4%,0.11353931555555555,11.353931555555555,Nygaard2022_A0.06,"TurbOPark, A=0.06",192.0,0.8,False,7.418960378594372,0.11353931555555555,11.353931555555555,7.876916666666666,0.09502083333333333,9.502083333333333
11.4%,0.11353931555555555,11.353931555555555,Nygaard2022_A0.06,"TurbOPark, A=0.06",216.0,0.9,False,7.322556458442681,0.11353931555555555,11.353931555555555,7.860704166666666,0.09567083333333333,9.567083333333333
11.4%,0.11353931555555555,11.353931555555555,Nygaard2022_A0.06,"TurbOPark, A=0.06",240.0,1.0,False,7.2831422916818145,0.11353931555555555,11.353931555555555,7.859608333333333,0.09525833333333333,9.525833333333333
11.4%,0.11353931555555555,11.353931555555555,Nygaard2022_A0.06,"TurbOPark, A=0.06",264.0,1.1,False,7.303870594075272,0.11353931555555555,11.353931555555555,7.8661208333333335,0.09399166666666667,9.399166666666666
11.4%,0.11353931555555555,11.353931555555555,Nygaard2022_A0.06,"TurbOPark, A=0.06",288.0,1.2,False,7.378265834094748,0.11353931555555555,11.353931555555555,7.878704166666667,0.0931,9.31
11.4%,0.11353931555555555,11.353931555555555,Nygaard2022_A0.06,"TurbOPark, A=0.06",312.0,1.3,False,7.491145909847219,0.11353931555555555,11.353931555555555,7.896304166666667,0.09364583333333333,9.364583333333334
11.4%,0.11353931555555555,11.353931555555555,Nygaard2022_A0.06,"TurbOPark, A=0.06",336.0,1.4,False,7.621145984571334,0.11353931555555555,11.353931555555555,7.917754166666667,0.09478333333333333,9.478333333333333
11.4%,0.11353931555555555,11.353931555555555,Nygaard2022_A0.06,"TurbOPark, A=0.06",360.0,1.5,False,7.745211564267813,0.11353931555555555,11.353931555555555,7.951083333333333,0.09674166666666667,9.674166666666666
12.0%,0.11970673,11.970673,BPA2014,BPA,-360.0,-1.5,False,8.320813366380428,0.15347868127611597,15.347868127611598,8.109754166666667,0.09191666666666666,9.191666666666666
12.0%,0.11970673,11.970673,BPA2014,BPA,-336.0,-1.4,False,8.368156929025488,0.15347868127611597,15.347868127611598,8.1741,0.09121666666666668,9.121666666666668
12.0%,0.11970673,11.970673,BPA2014,BPA,-312.0,-1.3,False,8.404300836789563,0.15347868127611597,15.347868127611598,8.206879166666667,0.09071666666666667,9.071666666666667
12.0%,0.11970673,11.970673,BPA2014,BPA,-288.0,-1.2,False,8.431774075840483,0.15347868127611597,15.347868127611598,8.222804166666666,0.08997083333333333,8.997083333333332
12.0%,0.11970673,11.970673,BPA2014,BPA,-264.0,-1.1,False,8.452568061556574,0.15347868127611597,15.347868127611598,8.2389625,0.08887499999999998,8.887499999999998
12.0%,0.11970673,11.970673,BPA2014,BPA,-240.0,-1.0,False,8.468035048697038,0.15347868127611597,15.347868127611598,8.250729166666666,0.08834166666666667,8.834166666666667
12.0%,0.11970673,11.970673,BPA2014,BPA,-216.0,-0.9,False,8.47890162904713,0.15347868127611597,15.347868127611598,8.249879166666666,0.08862500000000001,8.8625
12.0%,0.11970673,11.970673,BPA2014,BPA,-192.0,-0.8,False,8.485356381693265,0.15347868127611597,15.347868127611598,8.243541666666667,0.0897625,8.97625
12.0%,0.11970673,11.970673,BPA2014,BPA,-168.0,-0.7,False,8.48717689591534,0.15347868127611597,15.347868127611598,8.239445833333333,0.09136250000000001,9.13625
12.0%,0.11970673,11.970673,BPA2014,BPA,-144.0,-0.6,False,8.483871485867951,0.15347868127611597,15.347868127611598,8.241837499999999,0.09216250000000001,9.21625
12.0%,0.11970673,11.970673,BPA2014,BPA,-120.0,-0.5,True,8.474820781683771,0.16445914765505965,16.445914765505965,8.242258333333332,0.09270416666666667,9.270416666666668
12.0%,0.11970673,11.970673,BPA2014,BPA,-96.0,-0.4,True,8.459411631307983,0.16445914765505965,16.445914765505965,8.241304166666668,0.09391666666666668,9.391666666666667
12.0%,0.11970673,11.970673,BPA2014,BPA,-72.0,-0.3,True,8.437159666667597,0.16445914765505965,16.445914765505965,8.235516666666665,0.09455833333333334,9.455833333333334
12.0%,0.11970673,11.970673,BPA2014,BPA,-48.0,-0.2,True,8.407817925140332,0.16445914765505965,16.445914765505965,8.21235,0.09512083333333334,9.512083333333333
12.0%,0.11970673,11.970673,BPA2014,BPA,-24.0,-0.1,True,8.371468113667909,0.16445914765505965,16.445914765505965,8.188479166666667,0.09598333333333334,9.598333333333334
12.0%,0.11970673,11.970673,BPA2014,BPA,0.0,0.0,True,8.328589634900423,0.16445914765505965,16.445914765505965,8.159775,0.09639583333333335,9.639583333333334
12.0%,0.11970673,11.970673,BPA2014,BPA,24.0,0.1,True,8.280100385262825,0.16445914765505965,16.445914765505965,8.1192125,0.09572499999999999,9.5725
12.0%,0.11970673,11.970673,BPA2014,BPA,48.0,0.2,True,8.227363306005246,0.16445914765505965,16.445914765505965,8.084025,0.09457083333333333,9.457083333333333
12.0%,0.11970673,11.970673,BPA2014,BPA,72.0,0.3,True,8.172154087873148,0.16445914765505965,16.445914765505965,8.0460125,0.09334166666666666,9.334166666666665
12.0%,0.11970673,11.970673,BPA2014,BPA,96.0,0.4,True,8.116588309716438,0.16445914765505965,16.445914765505965,7.993691666666667,0.09247916666666667,9.247916666666667
12.0%,0.11970673,11.970673,BPA2014,BPA,120.0,0.5,True,8.063010318208107,0.16445914765505965,16.445914765505965,7.948829166666666,0.09222083333333334,9.222083333333334
12.0%,0.11970673,11.970673,BPA2014,BPA,144.0,0.6,False,8.013850753986738,0.16445914765505965,16.445914765505965,7.921270833333334,0.09229166666666667,9.229166666666668
12.0%,0.11970673,11.970673,BPA2014,BPA,168.0,0.7,False,7.971464054855138,0.16445914765505965,16.445914765505965,7.898866666666667,0.0934875,9.34875
12.0%,0.11970673,11.970673,BPA2014,BPA,192.0,0.8,False,7.937960731840579,0.16445914765505965,16.445914765505965,7.876916666666666,0.09502083333333333,9.502083333333333
12.0%,0.11970673,11.970673,BPA2014,BPA,216.0,0.9,False,7.915051030420236,0.16445914765505965,16.445914765505965,7.860704166666666,0.09567083333333333,9.567083333333333
12.0%,0.11970673,11.970673,BPA2014,BPA,240.0,1.0,False,7.9039163026763655,0.16445914765505965,16.445914765505965,7.859608333333333,0.09525833333333333,9.525833333333333
12.0%,0.11970673,11.970673,BPA2014,BPA,264.0,1.1,False,7.905121906872597,0.16445914765505965,16.445914765505965,7.8661208333333335,0.09399166666666667,9.399166666666666
12.0%,0.11970673,11.970673,BPA2014,BPA,288.0,1.2,False,7.918580974253427,0.16445914765505965,16.445914765505965,7.878704166666667,0.0931,9.31
12.0%,0.11970673,11.970673,BPA2014,BPA,312.0,1.3,False,7.9435725341539865,0.16445914765505965,16.445914765505965,7.896304166666667,0.09364583333333333,9.364583333333334
12.0%,0.11970673,11.970673,BPA2014,BPA,336.0,1.4,False,7.978811091917297,0.16445914765505965,16.445914765505965,7.917754166666667,0.09478333333333333,9.478333333333333
12.0%,0.11970673,11.970673,BPA2014,BPA,360.0,1.5,False,8.0225586874809,0.16445914765505965,16.445914765505965,7.951083333333333,0.09674166666666667,9.674166666666666
12.0%,0.11970673,11.970673,NPA2016,NPA,-360.0,-1.5,False,8.682945302161643,0.1662900164035967,16.629001640359668,8.109754166666667,0.09191666666666666,9.191666666666666
12.0%,0.11970673,11.970673,NPA2016,NPA,-336.0,-1.4,False,8.714793290679488,0.1662900164035967,16.629001640359668,8.1741,0.09121666666666668,9.121666666666668
12.0%,0.11970673,11.970673,NPA2016,NPA,-312.0,-1.3,False,8.74178648273321,0.1662900164035967,16.629001640359668,8.206879166666667,0.09071666666666667,9.071666666666667
12.0%,0.11970673,11.970673,NPA2016,NPA,-288.0,-1.2,False,8.763801452636383,0.1662900164035967,16.629001640359668,8.222804166666666,0.08997083333333333,8.997083333333332
12.0%,0.11970673,11.970673,NPA2016,NPA,-264.0,-1.1,False,8.78091614358244,0.1662900164035967,16.629001640359668,8.2389625,0.08887499999999998,8.887499999999998
12.0%,0.11970673,11.970673,NPA2016,NPA,-240.0,-1.0,False,8.793354490287236,0.15429393456639104,15.429393456639104,8.250729166666666,0.08834166666666667,8.834166666666667
12.0%,0.11970673,11.970673,NPA2016,NPA,-216.0,-0.9,False,8.801460823147028,0.15429393456639104,15.429393456639104,8.249879166666666,0.08862500000000001,8.8625
12.0%,0.11970673,11.970673,NPA2016,NPA,-192.0,-0.8,False,8.805657219121246,0.15429393456639104,15.429393456639104,8.243541666666667,0.0897625,8.97625
12.0%,0.11970673,11.970673,NPA2016,NPA,-168.0,-0.7,False,8.806416233945571,0.15429393456639104,15.429393456639104,8.239445833333333,0.09136250000000001,9.13625
12.0%,0.11970673,11.970673,NPA2016,NPA,-144.0,-0.6,False,8.804226054132672,0.15429393456639104,15.429393456639104,8.241837499999999,0.09216250000000001,9.21625
12.0%,0.11970673,11.970673,NPA2016,NPA,-120.0,-0.5,True,8.799578242452926,0.15429393456639104,15.429393456639104,8.242258333333332,0.09270416666666667,9.270416666666668
12.0%,0.11970673,11.970673,NPA2016,NPA,-96.0,-0.4,True,8.79295164616662,0.15429393456639104,15.429393456639104,8.241304166666668,0.09391666666666668,9.391666666666667
12.0%,0.11970673,11.970673,NPA2016,NPA,-72.0,-0.3,True,8.78479810181104,0.15429393456639104,15.429393456639104,8.235516666666665,0.09455833333333334,9.455833333333334
12.0%,0.11970673,11.970673,NPA2016,NPA,-48.0,-0.2,True,8.775542528683127,0.15429393456639104,15.429393456639104,8.21235,0.09512083333333334,9.512083333333333
12.0%,0.11970673,11.970673,NPA2016,NPA,-24.0,-0.1,True,8.765581178794378,0.15429393456639104,15.429393456639104,8.188479166666667,0.09598333333333334,9.598333333333334
12.0%,0.11970673,11.970673,NPA2016,NPA,0.0,0.0,True,8.755275242080852,0.15429393456639104,15.429393456639104,8.159775,0.09639583333333335,9.639583333333334
12.0%,0.11970673,11.970673,NPA2016,NPA,24.0,0.1,True,8.744960505451138,0.15429393456639104,15.429393456639104,8.1192125,0.09572499999999999,9.5725
12.0%,0.11970673,11.970673,NPA2016,NPA,48.0,0.2,True,8.734941011679524,0.15429393456639104,15.429393456639104,8.084025,0.09457083333333333,9.457083333333333
12.0%,0.11970673,11.970673,NPA2016,NPA,72.0,0.3,True,8.72549495141355,0.15429393456639104,15.429393456639104,8.0460125,0.09334166666666666,9.334166666666665
12.0%,0.11970673,11.970673,NPA2016,NPA,96.0,0.4,True,8.716867736473871,0.15429393456639104,15.429393456639104,7.993691666666667,0.09247916666666667,9.247916666666667
12.0%,0.11970673,11.970673,NPA2016,NPA,120.0,0.5,True,8.709278251160377,0.15429393456639104,15.429393456639104,7.948829166666666,0.09222083333333334,9.222083333333334
12.0%,0.11970673,11.970673,NPA2016,NPA,144.0,0.6,False,8.702913038825356,0.15429393456639104,15.429393456639104,7.921270833333334,0.09229166666666667,9.229166666666668
12.0%,0.11970673,11.970673,NPA2016,NPA,168.0,0.7,False,8.697927226545007,0.15429393456639104,15.429393456639104,7.898866666666667,0.0934875,9.34875
12.0%,0.11970673,11.970673,NPA2016,NPA,192.0,0.8,False,8.694438844369197,0.15429393456639104,15.429393456639104,7.876916666666666,0.09502083333333333,9.502083333333333
12.0%,0.11970673,11.970673,NPA2016,NPA,216.0,0.9,False,8.692531635617216,0.15429393456639104,15.429393456639104,7.860704166666666,0.09567083333333333,9.567083333333333
12.0%,0.11970673,11.970673,NPA2016,NPA,240.0,1.0,False,8.69224781281655,0.15429393456639104,15.429393456639104,7.859608333333333,0.09525833333333333,9.525833333333333
12.0%,0.11970673,11.970673,NPA2016,NPA,264.0,1.1,False,8.693583774243587,0.15429393456639104,15.429393456639104,7.8661208333333335,0.09399166666666667,9.399166666666666
12.0%,0.11970673,11.970673,NPA2016,NPA,288.0,1.2,False,8.696495597469918,0.15429393456639104,15.429393456639104,7.878704166666667,0.0931,9.31
12.0%,0.11970673,11.970673,NPA2016,NPA,312.0,1.3,False,8.700880867620002,0.15429393456639104,15.429393456639104,7.896304166666667,0.09364583333333333,9.364583333333334
12.0%,0.11970673,11.970673,NPA2016,NPA,336.0,1.4,False,8.706579427146465,0.15429393456639104,15.429393456639104,7.917754166666667,0.09478333333333333,9.478333333333333
12.0%,0.11970673,11.970673,NPA2016,NPA,360.0,1.5,False,8.713353129955179,0.15429393456639104,15.429393456639104,7.951083333333333,0.09674166666666667,9.674166666666666
12.0%,0.11970673,11.970673,Nygaard2022,"TurbOPark, A=0.04",-360.0,-1.5,False,7.301786771066176,0.11970673,11.970673,8.109754166666667,0.09191666666666666,9.191666666666666
12.0%,0.11970673,11.970673,Nygaard2022,"TurbOPark, A=0.04",-336.0,-1.4,False,7.4225126503648,0.11970673,11.970673,8.1741,0.09121666666666668,9.121666666666668
12.0%,0.11970673,11.970673,Nygaard2022,"TurbOPark, A=0.04",-312.0,-1.3,False,7.541843824202096,0.11970673,11.970673,8.206879166666667,0.09071666666666667,9.071666666666667
12.0%,0.11970673,11.970673,Nygaard2022,"TurbOPark, A=0.04",-288.0,-1.2,False,7.636077405756642,0.11970673,11.970673,8.222804166666666,0.08997083333333333,8.997083333333332
12.0%,0.11970673,11.970673,Nygaard2022,"TurbOPark, A=0.04",-264.0,-1.1,False,7.692306614904857,0.11970673,11.970673,8.2389625,0.08887499999999998,8.887499999999998
12.0%,0.11970673,11.970673,Nygaard2022,"TurbOPark, A=0.04",-240.0,-1.0,False,7.7127437502887455,0.11970673,11.970673,8.250729166666666,0.08834166666666667,8.834166666666667
12.0%,0.11970673,11.970673,Nygaard2022,"TurbOPark, A=0.04",-216.0,-0.9,False,7.711509085395461,0.11970673,11.970673,8.249879166666666,0.08862500000000001,8.8625
12.0%,0.11970673,11.970673,Nygaard2022,"TurbOPark, A=0.04",-192.0,-0.8,False,7.706448175014607,0.11970673,11.970673,8.243541666666667,0.0897625,8.97625
12.0%,0.11970673,11.970673,Nygaard2022,"TurbOPark, A=0.04",-168.0,-0.7,False,7.711798156232723,0.11970673,11.970673,8.239445833333333,0.09136250000000001,9.13625
12.0%,0.11970673,11.970673,Nygaard2022,"TurbOPark, A=0.04",-144.0,-0.6,False,7.7347686738768004,0.11970673,11.970673,8.241837499999999,0.09216250000000001,9.21625
12.0%,0.11970673,11.970673,Nygaard2022,"TurbOPark, A=0.04",-120.0,-0.5,True,7.775369670555682,0.11970673,11.970673,8.242258333333332,0.09270416666666667,9.270416666666668
12.0%,0.11970673,11.970673,Nygaard2022,"TurbOPark, A=0.04",-96.0,-0.4,True,7.828015568807755,0.11970673,11.970673,8.241304166666668,0.09391666666666668,9.391666666666667
12.0%,0.11970673,11.970673,Nygaard2022,"TurbOPark, A=0.04",-72.0,-0.3,True,7.8839751884839036,0.11970673,11.970673,8.235516666666665,0.09455833333333334,9.455833333333334
12.0%,0.11970673,11.970673,Nygaard2022,"TurbOPark, A=0.04",-48.0,-0.2,True,7.9340203973863375,0.11970673,11.970673,8.21235,0.09512083333333334,9.512083333333333
12.0%,0.11970673,11.970673,Nygaard2022,"TurbOPark, A=0.04",-24.0,-0.1,True,7.97043146629275,0.11970673,11.970673,8.188479166666667,0.09598333333333334,9.598333333333334
12.0%,0.11970673,11.970673,Nygaard2022,"TurbOPark, A=0.04",0.0,0.0,True,7.987325671469755,0.11970673,11.970673,8.159775,0.09639583333333335,9.639583333333334
12.0%,0.11970673,11.970673,Nygaard2022,"TurbOPark, A=0.04",24.0,0.1,True,7.978701246376792,0.11970673,11.970673,8.1192125,0.09572499999999999,9.5725
12.0%,0.11970673,11.970673,Nygaard2022,"TurbOPark, A=0.04",48.0,0.2,True,7.93537776220437,0.11970673,11.970673,8.084025,0.09457083333333333,9.457083333333333
12.0%,0.11970673,11.970673,Nygaard2022,"TurbOPark, A=0.04",72.0,0.3,True,7.844357264002483,0.11970673,11.970673,8.0460125,0.09334166666666666,9.334166666666665
12.0%,0.11970673,11.970673,Nygaard2022,"TurbOPark, A=0.04",96.0,0.4,True,7.693998685620841,0.11970673,11.970673,7.993691666666667,0.09247916666666667,9.247916666666667
12.0%,0.11970673,11.970673,Nygaard2022,"TurbOPark, A=0.04",120.0,0.5,True,7.483692801169671,0.11970673,11.970673,7.948829166666666,0.09222083333333334,9.222083333333334
12.0%,0.11970673,11.970673,Nygaard2022,"TurbOPark, A=0.04",144.0,0.6,False,7.230640484112726,0.11970673,11.970673,7.921270833333334,0.09229166666666667,9.229166666666668
12.0%,0.11970673,11.970673,Nygaard2022,"TurbOPark, A=0.04",168.0,0.7,False,6.968277516985407,0.11970673,11.970673,7.898866666666667,0.0934875,9.34875
12.0%,0.11970673,11.970673,Nygaard2022,"TurbOPark, A=0.04",192.0,0.8,False,6.738176547195687,0.11970673,11.970673,7.876916666666666,0.09502083333333333,9.502083333333333
12.0%,0.11970673,11.970673,Nygaard2022,"TurbOPark, A=0.04",216.0,0.9,False,6.579760458379845,0.11970673,11.970673,7.860704166666666,0.09567083333333333,9.567083333333333
12.0%,0.11970673,11.970673,Nygaard2022,"TurbOPark, A=0.04",240.0,1.0,False,6.520756195770802,0.11970673,11.970673,7.859608333333333,0.09525833333333333,9.525833333333333
12.0%,0.11970673,11.970673,Nygaard2022,"TurbOPark, A=0.04",264.0,1.1,False,6.570158943211226,0.11970673,11.970673,7.8661208333333335,0.09399166666666667,9.399166666666666
12.0%,0.11970673,11.970673,Nygaard2022,"TurbOPark, A=0.04",288.0,1.2,False,6.714931008067965,0.11970673,11.970673,7.878704166666667,0.0931,9.31
12.0%,0.11970673,11.970673,Nygaard2022,"TurbOPark, A=0.04",312.0,1.3,False,6.921176581919203,0.11970673,11.970673,7.896304166666667,0.09364583333333333,9.364583333333334
12.0%,0.11970673,11.970673,Nygaard2022,"TurbOPark, A=0.04",336.0,1.4,False,7.1404057113259505,0.11970673,11.970673,7.917754166666667,0.09478333333333333,9.478333333333333
12.0%,0.11970673,11.970673,Nygaard2022,"TurbOPark, A=0.04",360.0,1.5,False,7.321842086851617,0.11970673,11.970673,7.951083333333333,0.09674166666666667,9.674166666666666
12.0%,0.11970673,11.970673,Nygaard2022_A0.06,"TurbOPark, A=0.06",-360.0,-1.5,False,7.897943777258325,0.11970673,11.970673,8.109754166666667,0.09191666666666666,9.191666666666666
12.0%,0.11970673,11.970673,Nygaard2022_A0.06,"TurbOPark, A=0.06",-336.0,-1.4,False,7.955463947507157,0.11970673,11.970673,8.1741,0.09121666666666668,9.121666666666668
12.0%,0.11970673,11.970673,Nygaard2022_A0.06,"TurbOPark, A=0.06",-312.0,-1.3,False,8.019749763656153,0.11970673,11.970673,8.206879166666667,0.09071666666666667,9.071666666666667
12.0%,0.11970673,11.970673,Nygaard2022_A0.06,"TurbOPark, A=0.06",-288.0,-1.2,False,8.082279729842876,0.11970673,11.970673,8.222804166666666,0.08997083333333333,8.997083333333332
12.0%,0.11970673,11.970673,Nygaard2022_A0.06,"TurbOPark, A=0.06",-264.0,-1.1,False,8.136240734425838,0.11970673,11.970673,8.2389625,0.08887499999999998,8.887499999999998
12.0%,0.11970673,11.970673,Nygaard2022_A0.06,"TurbOPark, A=0.06",-240.0,-1.0,False,8.178173702670206,0.11970673,11.970673,8.250729166666666,0.08834166666666667,8.834166666666667
12.0%,0.11970673,11.970673,Nygaard2022_A0.06,"TurbOPark, A=0.06",-216.0,-0.9,False,8.20845888411807,0.11970673,11.970673,8.249879166666666,0.08862500000000001,8.8625
12.0%,0.11970673,11.970673,Nygaard2022_A0.06,"TurbOPark, A=0.06",-192.0,-0.8,False,8.230382701444904,0.11970673,11.970673,8.243541666666667,0.0897625,8.97625
12.0%,0.11970673,11.970673,Nygaard2022_A0.06,"TurbOPark, A=0.06",-168.0,-0.7,False,8.248435506179026,0.11970673,11.970673,8.239445833333333,0.09136250000000001,9.13625
12.0%,0.11970673,11.970673,Nygaard2022_A0.06,"TurbOPark, A=0.06",-144.0,-0.6,False,8.266617448997097,0.11970673,11.970673,8.241837499999999,0.09216250000000001,9.21625
12.0%,0.11970673,11.970673,Nygaard2022_A0.06,"TurbOPark, A=0.06",-120.0,-0.5,True,8.287378849541113,0.11970673,11.970673,8.242258333333332,0.09270416666666667,9.270416666666668
12.0%,0.11970673,11.970673,Nygaard2022_A0.06,"TurbOPark, A=0.06",-96.0,-0.4,True,8.311264705355681,0.11970673,11.970673,8.241304166666668,0.09391666666666668,9.391666666666667
12.0%,0.11970673,11.970673,Nygaard2022_A0.06,"TurbOPark, A=0.06",-72.0,-0.3,True,8.336918395628869,0.11970673,11.970673,8.235516666666665,0.09455833333333334,9.455833333333334
12.0%,0.11970673,11.970673,Nygaard2022_A0.06,"TurbOPark, A=0.06",-48.0,-0.2,True,8.361178883951254,0.11970673,11.970673,8.21235,0.09512083333333334,9.512083333333333
12.0%,0.11970673,11.970673,Nygaard2022_A0.06,"TurbOPark, A=0.06",-24.0,-0.1,True,8.378970466612802,0.11970673,11.970673,8.188479166666667,0.09598333333333334,9.598333333333334
12.0%,0.11970673,11.970673,Nygaard2022_A0.06,"TurbOPark, A=0.06",0.0,0.0,True,8.383072895441943,0.11970673,11.970673,8.159775,0.09639583333333335,9.639583333333334
12.0%,0.11970673,11.970673,Nygaard2022_A0.06,"TurbOPark, A=0.06",24.0,0.1,True,8.364296185652634,0.11970673,11.970673,8.1192125,0.09572499999999999,9.5725
12.0%,0.11970673,11.970673,Nygaard2022_A0.06,"TurbOPark, A=0.06",48.0,0.2,True,8.313054846403576,0.11970673,11.970673,8.084025,0.09457083333333333,9.457083333333333
12.0%,0.11970673,11.970673,Nygaard2022_A0.06,"TurbOPark, A=0.06",72.0,0.3,True,8.22279062590092,0.11970673,11.970673,8.0460125,0.09334166666666666,9.334166666666665
12.0%,0.11970673,11.970673,Nygaard2022_A0.06,"TurbOPark, A=0.06",96.0,0.4,True,8.093833446631558,0.11970673,11.970673,7.993691666666667,0.09247916666666667,9.247916666666667
12.0%,0.11970673,11.970673,Nygaard2022_A0.06,"TurbOPark, A=0.06",120.0,0.5,True,7.935081133811664,0.11970673,11.970673,7.948829166666666,0.09222083333333334,9.222083333333334
12.0%,0.11970673,11.970673,Nygaard2022_A0.06,"TurbOPark, A=0.06",144.0,0.6,False,7.7626587751334855,0.11970673,11.970673,7.921270833333334,0.09229166666666667,9.229166666666668
12.0%,0.11970673,11.970673,Nygaard2022_A0.06,"TurbOPark, A=0.06",168.0,0.7,False,7.596711621229644,0.11970673,11.970673,7.898866666666667,0.0934875,9.34875
12.0%,0.11970673,11.970673,Nygaard2022_A0.06,"TurbOPark, A=0.06",192.0,0.8,False,7.4577349392683026,0.11970673,11.970673,7.876916666666666,0.09502083333333333,9.502083333333333
12.0%,0.11970673,11.970673,Nygaard2022_A0.06,"TurbOPark, A=0.06",216.0,0.9,False,7.363092174414557,0.11970673,11.970673,7.860704166666666,0.09567083333333333,9.567083333333333
12.0%,0.11970673,11.970673,Nygaard2022_A0.06,"TurbOPark, A=0.06",240.0,1.0,False,7.3240254709983335,0.11970673,11.970673,7.859608333333333,0.09525833333333333,9.525833333333333
12.0%,0.11970673,11.970673,Nygaard2022_A0.06,"TurbOPark, A=0.06",264.0,1.1,False,7.343527101839449,0.11970673,11.970673,7.8661208333333335,0.09399166666666667,9.399166666666666
12.0%,0.11970673,11.970673,Nygaard2022_A0.06,"TurbOPark, A=0.06",288.0,1.2,False,7.415472042823728,0.11970673,11.970673,7.878704166666667,0.0931,9.31
12.0%,0.11970673,11.970673,Nygaard2022_A0.06,"TurbOPark, A=0.06",312.0,1.3,False,7.525400172816734,0.11970673,11.970673,7.896304166666667,0.09364583333333333,9.364583333333334
12.0%,0.11970673,11.970673,Nygaard2022_A0.06,"TurbOPark, A=0.06",336.0,1.4,False,7.6529438194985655,0.11970673,11.970673,7.917754166666667,0.09478333333333333,9.478333333333333
12.0%,0.11970673,11.970673,Nygaard2022_A0.06,"TurbOPark, A=0.06",360.0,1.5,False,7.776038518630629,0.11970673,11.970673,7.951083333333333,0.09674166666666667,9.674166666666666
