case,y_over_D,z_over_D,U_mean_mps,U_std_mps,TI_percent,inside_rotor_mask
IEC Ieff,-0.15277777413527172,0.14957265059153238,8.685115150159119,1.0961999313093944,12.621593523596648,True
IEC Ieff,-0.12499999701976776,0.14957265059153238,8.695468067360597,1.178068211502918,13.548071275483462,True
IEC Ieff,-0.09722221990426382,0.14957265059153238,8.700423061327681,1.110895577799006,12.768293794089178,True
IEC Ieff,-0.06944444278875987,0.14957265059153238,8.702645078002437,1.0427691522777263,11.982209350505633,True
IEC Ieff,-0.04166666567325592,0.14957265059153238,8.690782016522766,1.1188646376983318,12.87415373635152,True
IEC Ieff,-0.013888888557751973,0.14957265059153238,8.68971427388167,1.0066844743624237,11.584782222220763,True
IEC Ieff,0.013888888557751973,0.14957265059153238,8.68019908542551,1.004876504871145,11.576652735515976,True
IEC Ieff,0.04166666567325592,0.14957265059153238,8.662979503212624,0.9841644297611898,11.360576686072237,True
IEC Ieff,0.06944444278875987,0.14957265059153238,8.680078802173309,0.9556683343172735,11.009903897162712,True
IEC Ieff,0.09722221990426382,0.14957265059153238,8.68551435205361,1.029278074041726,11.850513767194025,True
IEC Ieff,0.12499999701976776,0.14957265059153238,8.687303052228106,1.0831952217917769,12.468716876568047,True
IEC Ieff,0.15277777413527172,0.14957265059153238,8.707972562572955,1.1268207117259763,12.940104067037083,True
IEC Ieff,-0.2083333283662796,0.17863247990608216,8.882624702269904,1.0754117717948382,12.106914429470637,True
IEC Ieff,-0.18055555125077566,0.17863247990608216,8.852025533268618,1.0772169269831606,12.169157476270827,True
IEC Ieff,-0.15277777413527172,0.17863247990608216,8.85902216025311,1.057340944806945,11.93518794377568,True
IEC Ieff,-0.12499999701976776,0.17863247990608216,8.841486824197743,1.0707148818236774,12.11012246145412,True
IEC Ieff,-0.09722221990426382,0.17863247990608216,8.839038025363724,1.1711807962664944,13.250093425390604,True
IEC Ieff,-0.06944444278875987,0.17863247990608216,8.83596978839101,1.1789865588276849,13.34303519661958,True
IEC Ieff,-0.04166666567325592,0.17863247990608216,8.8501783815342,1.0509770135878365,11.875207123290176,True
IEC Ieff,-0.013888888557751973,0.17863247990608216,8.844784662854847,1.0308429585156824,11.654811256681917,True
IEC Ieff,0.013888888557751973,0.17863247990608216,8.830595756922518,1.0311794808761672,11.677348949733098,True
IEC Ieff,0.04166666567325592,0.17863247990608216,8.827038752787812,0.973857792565393,11.032667011434869,True
IEC Ieff,0.06944444278875987,0.17863247990608216,8.828797575888496,0.9935403466278663,11.253404986215013,True
IEC Ieff,0.09722221990426382,0.17863247990608216,8.855912421848473,1.0776602563488005,12.168822420715212,True
IEC Ieff,0.12499999701976776,0.17863247990608216,8.852027808674809,1.0542094909086157,11.90924287286481,True
IEC Ieff,0.15277777413527172,0.17863247990608216,8.84489869698403,1.1167264976805995,12.625656165642523,True
IEC Ieff,0.18055555125077566,0.17863247990608216,8.832493165456427,1.1540870521652897,13.06637922663653,True
IEC Ieff,0.2083333283662796,0.17863247990608216,8.84604698570983,1.125447848273058,12.722607624525853,True
IEC Ieff,-0.2638888825972875,0.20769230922063192,8.991052494237367,1.0862493631075172,12.081448348830426,True
IEC Ieff,-0.23611110548178355,0.20769230922063192,9.010049663408559,1.042264305406768,11.5677975631987,True
IEC Ieff,-0.2083333283662796,0.20769230922063192,9.00249325350221,1.0030456458902186,11.141865010562569,True
IEC Ieff,-0.18055555125077566,0.20769230922063192,8.972303904957972,1.083443521249819,12.075421572057127,True
IEC Ieff,-0.15277777413527172,0.20769230922063192,8.97257062214633,1.066989460305032,11.891680826356064,True
IEC Ieff,-0.12499999701976776,0.20769230922063192,8.975197298392983,1.0884537257869142,12.12735151774104,True
IEC Ieff,-0.09722221990426382,0.20769230922063192,8.964270632551395,1.085807447960591,12.112613423536839,True
IEC Ieff,-0.06944444278875987,0.20769230922063192,8.951292028410267,1.1649883272613186,13.014750536166101,True
IEC Ieff,-0.04166666567325592,0.20769230922063192,8.959362300901583,1.0872617267009599,12.135481189230939,True
IEC Ieff,-0.013888888557751973,0.20769230922063192,8.970575849307362,1.057156753964056,11.78471451245442,True
IEC Ieff,0.013888888557751973,0.20769230922063192,8.961000659377042,1.0570610357689236,11.796238790171111,True
IEC Ieff,0.04166666567325592,0.20769230922063192,8.972731945153939,0.9989139869330592,11.132774198972479,True
IEC Ieff,0.06944444278875987,0.20769230922063192,8.965471387529245,1.0059892487762743,11.220706701217976,True
IEC Ieff,0.09722221990426382,0.20769230922063192,8.984284628026199,1.0725874762167331,11.93848503943018,True
IEC Ieff,0.12499999701976776,0.20769230922063192,8.980947926089344,1.014754452070694,11.298968220524552,True
IEC Ieff,0.15277777413527172,0.20769230922063192,8.950183328456063,1.057341856347251,11.813633503858584,True
IEC Ieff,0.18055555125077566,0.20769230922063192,8.966421649954883,1.062565017397899,11.850491298312361,True
IEC Ieff,0.2083333283662796,0.20769230922063192,8.97246484873119,1.0843194526702686,12.08496740807632,True
IEC Ieff,0.23611110548178355,0.20769230922063192,8.992475365142653,1.1593261211420467,12.892180118011984,True
IEC Ieff,0.2638888825972875,0.20769230922063192,9.005646076230073,1.0622534337394671,11.795416172785526,True
IEC Ieff,-0.29166665971279143,0.23675213853518168,9.124904835067648,1.0904997675616908,11.950807019606646,True
IEC Ieff,-0.2638888825972875,0.23675213853518168,9.12004519381448,1.064614953254889,11.673351728311022,True
IEC Ieff,-0.23611110548178355,0.23675213853518168,9.118481247719796,1.0701395469144506,11.735940644524042,True
IEC Ieff,-0.2083333283662796,0.23675213853518168,9.099220197373866,1.061052496974118,11.660916803402003,True
IEC Ieff,-0.18055555125077566,0.23675213853518168,9.09032126478525,1.0373556093844873,11.411649590461355,True
IEC Ieff,-0.15277777413527172,0.23675213853518168,9.060575010393034,1.1099705536424198,12.250553109148322,True
IEC Ieff,-0.12499999701976776,0.23675213853518168,9.08545093901569,1.0990891365328848,12.097243647126657,True
IEC Ieff,-0.09722221990426382,0.23675213853518168,9.092503758642339,1.0855313167069462,11.938750266395646,True
IEC Ieff,-0.06944444278875987,0.23675213853518168,9.089006525143605,1.082225733859536,11.906974990783572,True
IEC Ieff,-0.04166666567325592,0.23675213853518168,9.084740352718251,1.0541930889595477,11.60399800137515,True
IEC Ieff,-0.013888888557751973,0.23675213853518168,9.074181049571735,1.0185416611801406,11.224612509006658,True
IEC Ieff,0.013888888557751973,0.23675213853518168,9.0828189699761,1.0011859444861033,11.02285477444386,True
IEC Ieff,0.04166666567325592,0.23675213853518168,9.087963201898848,1.0305025590815773,11.339202593450896,True
IEC Ieff,0.06944444278875987,0.23675213853518168,9.088439239976394,1.0463501443542218,11.512979475637003,True
IEC Ieff,0.09722221990426382,0.23675213853518168,9.078967894312356,1.0481414456339435,11.544720257140309,True
IEC Ieff,0.12499999701976776,0.23675213853518168,9.08058305353687,1.030729586614765,11.3509185537739,True
IEC Ieff,0.15277777413527172,0.23675213853518168,9.103378584793028,1.0124673867360932,11.121885982281295,True
IEC Ieff,0.18055555125077566,0.23675213853518168,9.096108975008654,1.0683955952826465,11.745633195666832,True
IEC Ieff,0.2083333283662796,0.23675213853518168,9.115432335212029,1.0402656615654085,11.412137387570343,True
IEC Ieff,0.23611110548178355,0.23675213853518168,9.124750288813624,1.0629448403780792,11.649029362273984,True
IEC Ieff,0.2638888825972875,0.23675213853518168,9.120580821155155,0.9391595828469986,10.297146653956744,True
IEC Ieff,0.29166665971279143,0.23675213853518168,9.134188311317525,0.9874235626082687,10.810194939651312,True
IEC Ieff,-0.3472222139437993,0.26581196784973143,9.219508264272637,1.0800789027860636,11.715146533048584,True
IEC Ieff,-0.3194444368282954,0.26581196784973143,9.229767560047648,1.1365801559766895,12.314287966433056,True
IEC Ieff,-0.29166665971279143,0.26581196784973143,9.228763611224615,1.1936772655191097,12.934314018697831,True
IEC Ieff,-0.2638888825972875,0.26581196784973143,9.205316621257376,1.121744060918892,12.185828115118873,True
IEC Ieff,-0.23611110548178355,0.26581196784973143,9.209804085187706,1.1065786609329604,12.01522476154179,True
IEC Ieff,-0.2083333283662796,0.26581196784973143,9.192493074512317,1.1014891363517152,11.982485354335191,True
IEC Ieff,-0.18055555125077566,0.26581196784973143,9.176501684060243,1.1242173955962884,12.251045488817109,True
IEC Ieff,-0.15277777413527172,0.26581196784973143,9.178136761333846,1.0864348102238222,11.837204418230222,True
IEC Ieff,-0.12499999701976776,0.26581196784973143,9.214782591686296,1.080060981765665,11.720960001162815,True
IEC Ieff,-0.09722221990426382,0.26581196784973143,9.213483268746595,0.9906761123668162,10.752460100810364,True
IEC Ieff,-0.06944444278875987,0.26581196784973143,9.198168844639783,1.0429201142075568,11.338344966512729,True
IEC Ieff,-0.04166666567325592,0.26581196784973143,9.184626599279134,1.0431391292837553,11.357447338856728,True
IEC Ieff,-0.013888888557751973,0.26581196784973143,9.175141650642743,0.9743983203449106,10.619981221506825,True
IEC Ieff,0.013888888557751973,0.26581196784973143,9.163692218452542,1.0675686262270687,11.649983443107688,True
IEC Ieff,0.04166666567325592,0.26581196784973143,9.177200810884008,1.0045413408751378,10.946053830311401,True
IEC Ieff,0.06944444278875987,0.26581196784973143,9.179202426430226,1.0351476284107863,11.277097729430434,True
IEC Ieff,0.09722221990426382,0.26581196784973143,9.188165993747843,1.0622192086508582,11.560731590762002,True
IEC Ieff,0.12499999701976776,0.26581196784973143,9.212859197353122,1.03444358488153,11.228257837466227,True
IEC Ieff,0.15277777413527172,0.26581196784973143,9.221706306739264,0.9912809572967796,10.74943100901345,True
IEC Ieff,0.18055555125077566,0.26581196784973143,9.224743726796405,1.024866010702351,11.109967290747376,True
IEC Ieff,0.2083333283662796,0.26581196784973143,9.22665932209207,1.0122984312572307,10.97145126875347,True
IEC Ieff,0.23611110548178355,0.26581196784973143,9.220598975326507,0.9820637418248254,10.650758637836216,True
IEC Ieff,0.2638888825972875,0.26581196784973143,9.229076496076564,0.9451397043382712,10.240891434154502,True
IEC Ieff,0.29166665971279143,0.26581196784973143,9.248288064580137,0.9607493718311643,10.388402319676029,True
IEC Ieff,0.3194444368282954,0.26581196784973143,9.237234684990232,0.9334433663903764,10.105225191551614,True
IEC Ieff,0.3472222139437993,0.26581196784973143,9.230503126348815,0.980336020728573,10.620613062035234,True
IEC Ieff,-0.37499999105930326,0.2948717971642812,9.314843978577008,1.116066964453907,11.981595902419013,True
IEC Ieff,-0.3472222139437993,0.2948717971642812,9.32214969806976,1.1132591913727354,11.942086615528673,True
IEC Ieff,-0.3194444368282954,0.2948717971642812,9.310370414411116,1.1167770071351855,11.99497933408294,True
IEC Ieff,-0.29166665971279143,0.2948717971642812,9.314733555418604,1.119078917797763,12.014073308052572,True
IEC Ieff,-0.2638888825972875,0.2948717971642812,9.303737258847134,1.026502287798951,11.03322524314438,True
IEC Ieff,-0.23611110548178355,0.2948717971642812,9.29124353059356,1.0850076636260706,11.677744319728925,True
IEC Ieff,-0.2083333283662796,0.2948717971642812,9.284055934365913,1.072871044189352,11.55605967665497,True
IEC Ieff,-0.18055555125077566,0.2948717971642812,9.288190083761629,1.1324685201150064,12.192563996885466,True
IEC Ieff,-0.15277777413527172,0.2948717971642812,9.304314964715537,1.0789467900802923,11.596198045443952,True
IEC Ieff,-0.12499999701976776,0.2948717971642812,9.317882470383557,1.015467983670784,10.898055292051605,True
IEC Ieff,-0.09722221990426382,0.2948717971642812,9.314476022297676,1.1087852000319767,11.903892364720091,True
IEC Ieff,-0.06944444278875987,0.2948717971642812,9.29663914544479,1.0471219545867505,11.263446264877604,True
IEC Ieff,-0.04166666567325592,0.2948717971642812,9.27357259351456,1.0311995028042396,11.119765251262553,True
IEC Ieff,-0.013888888557751973,0.2948717971642812,9.266776944262942,0.9736924060557094,10.507346965532843,True
IEC Ieff,0.013888888557751973,0.2948717971642812,9.263566609816891,0.993909425364504,10.729230621726487,True
IEC Ieff,0.04166666567325592,0.2948717971642812,9.280661621780254,1.05416261768948,11.358701142766868,True
IEC Ieff,0.06944444278875987,0.2948717971642812,9.30943769569773,1.0161658165713205,10.91543710573338,True
IEC Ieff,0.09722221990426382,0.2948717971642812,9.307296027246164,1.0961437138270214,11.77725206782047,True
IEC Ieff,0.12499999701976776,0.2948717971642812,9.317033249187455,1.0432262550687985,11.196978986414791,True
IEC Ieff,0.15277777413527172,0.2948717971642812,9.3476790640176,1.0432330386567852,11.1603429205496,True
IEC Ieff,0.18055555125077566,0.2948717971642812,9.32771863952111,1.0711275986323665,11.483275171852297,True
IEC Ieff,0.2083333283662796,0.2948717971642812,9.342797674497136,0.9990819892001903,10.693606176738324,True
IEC Ieff,0.23611110548178355,0.2948717971642812,9.345556983846237,1.0046506219261053,10.750034734822552,True
IEC Ieff,0.2638888825972875,0.2948717971642812,9.342227223547354,0.9649689921606521,10.329110704227144,True
IEC Ieff,0.29166665971279143,0.2948717971642812,9.309917130396322,0.9100580468163838,9.775146589061452,True
IEC Ieff,0.3194444368282954,0.2948717971642812,9.317056943092034,1.0013232827414924,10.747205784589582,True
IEC Ieff,0.3472222139437993,0.2948717971642812,9.320650304261841,0.9763546107528952,10.475176933807502,True
IEC Ieff,0.37499999105930326,0.2948717971642812,9.316991038752134,0.9657642352144371,10.365623742660445,True
IEC Ieff,-0.37499999105930326,0.32393162647883095,9.39751888715063,1.2112764872874806,12.889322190601577,True
IEC Ieff,-0.3472222139437993,0.32393162647883095,9.39265133144086,1.1790520410892562,12.552920357455516,True
IEC Ieff,-0.3194444368282954,0.32393162647883095,9.3959639437503,1.1069440577641123,11.781059020563752,True
IEC Ieff,-0.29166665971279143,0.32393162647883095,9.391372256319315,1.0585183520621386,11.271178728432124,True
IEC Ieff,-0.2638888825972875,0.32393162647883095,9.401008321611906,0.9911360225943233,10.542869325153221,True
IEC Ieff,-0.23611110548178355,0.32393162647883095,9.382545526658927,1.0285715940824816,10.962607014908356,True
IEC Ieff,-0.2083333283662796,0.32393162647883095,9.38201632981437,1.0681556140167954,11.385139147779864,True
IEC Ieff,-0.18055555125077566,0.32393162647883095,9.395710747092057,1.0800356465487226,11.494986123141246,True
IEC Ieff,-0.15277777413527172,0.32393162647883095,9.399937017465252,1.0181198361152997,10.831134657855843,True
IEC Ieff,-0.12499999701976776,0.32393162647883095,9.422615431251758,1.0465862417674825,11.107173474323227,True
IEC Ieff,-0.09722221990426382,0.32393162647883095,9.416569182111921,1.092474470946645,11.601618910440882,True
IEC Ieff,-0.06944444278875987,0.32393162647883095,9.370620913790606,1.0621561580376573,11.334960274345294,True
IEC Ieff,-0.04166666567325592,0.32393162647883095,9.362890517746079,1.0554921470121401,11.273144174991677,True
IEC Ieff,-0.013888888557751973,0.32393162647883095,9.352314825078947,1.0658219848143347,11.396344164508358,True
IEC Ieff,0.013888888557751973,0.32393162647883095,9.344550380382424,1.0416159898297226,11.146774830562737,True
IEC Ieff,0.04166666567325592,0.32393162647883095,9.3596750883686,1.0702946004445708,11.435168318766117,True
IEC Ieff,0.06944444278875987,0.32393162647883095,9.402829454570075,1.0373618883124012,11.032443939608095,True
IEC Ieff,0.09722221990426382,0.32393162647883095,9.427013165030084,0.9934761464017533,10.538609939435498,True
IEC Ieff,0.12499999701976776,0.32393162647883095,9.437981843445556,1.067686738551545,11.312659382715669,True
IEC Ieff,0.15277777413527172,0.32393162647883095,9.441293680797816,1.0088505917538393,10.685512238706133,True
IEC Ieff,0.18055555125077566,0.32393162647883095,9.44839730134291,1.0578234703977647,11.195797939693065,True
IEC Ieff,0.2083333283662796,0.32393162647883095,9.43792215525179,1.050069849236791,11.126070251093067,True
IEC Ieff,0.23611110548178355,0.32393162647883095,9.419988046001608,0.9614057047840155,10.206018310098516,True
IEC Ieff,0.2638888825972875,0.32393162647883095,9.41895776512182,1.0346506075262067,10.984767458640633,True
IEC Ieff,0.29166665971279143,0.32393162647883095,9.3993261533213,0.9721612268375989,10.342882148994061,True
IEC Ieff,0.3194444368282954,0.32393162647883095,9.3996400439688,1.0238912605590447,10.892877341787315,True
IEC Ieff,0.3472222139437993,0.32393162647883095,9.392158590561984,1.0956541669928632,11.66562677182503,True
IEC Ieff,0.37499999105930326,0.32393162647883095,9.382035769698485,1.0937010063057964,11.657395400667346,True
IEC Ieff,-0.4027777681748072,0.35299145579338076,9.482004062793074,1.1233016295144642,11.84666893280763,True
IEC Ieff,-0.37499999105930326,0.35299145579338076,9.481048524063032,1.1947699492822608,12.601664744673736,True
IEC Ieff,-0.3472222139437993,0.35299145579338076,9.493220067978136,1.1445927626064218,12.056949637850298,True
IEC Ieff,-0.3194444368282954,0.35299145579338076,9.479320517877822,1.1134897040016678,11.746513918393697,True
IEC Ieff,-0.29166665971279143,0.35299145579338076,9.458635491900292,1.0862989266941316,11.484731889968288,True
IEC Ieff,-0.2638888825972875,0.35299145579338076,9.456510575715194,1.0215701587946782,10.802823627333774,True
IEC Ieff,-0.23611110548178355,0.35299145579338076,9.480309726025391,0.9423175378248423,9.939733669649925,True
IEC Ieff,-0.2083333283662796,0.35299145579338076,9.486746124899954,0.9973185235829043,10.512756538991095,True
IEC Ieff,-0.18055555125077566,0.35299145579338076,9.480238396985033,1.0477343066645872,11.051771725464144,True
IEC Ieff,-0.15277777413527172,0.35299145579338076,9.48773099658489,1.016479445063572,10.713619994384892,True
IEC Ieff,-0.12499999701976776,0.35299145579338076,9.500261955761525,1.0112681567950106,10.644634448018744,True
IEC Ieff,-0.09722221990426382,0.35299145579338076,9.48557572516103,1.040450545475536,10.968765371991934,True
IEC Ieff,-0.06944444278875987,0.35299145579338076,9.45806739879899,1.154081705112697,12.2020879789802,True
IEC Ieff,-0.04166666567325592,0.35299145579338076,9.454496511388294,1.0744927693842714,11.364886200867543,True
IEC Ieff,-0.013888888557751973,0.35299145579338076,9.438577290887585,1.0817175055559027,11.460599115930746,True
IEC Ieff,0.013888888557751973,0.35299145579338076,9.454605087840106,1.0686253580473168,11.302696919850337,True
IEC Ieff,0.04166666567325592,0.35299145579338076,9.45755078264266,1.0427930223706345,11.026036722789385,True
IEC Ieff,0.06944444278875987,0.35299145579338076,9.49534994718702,1.0247306620308532,10.791920969004705,True
IEC Ieff,0.09722221990426382,0.35299145579338076,9.495433296308397,1.0400056498921193,10.952692914987347,True
IEC Ieff,0.12499999701976776,0.35299145579338076,9.528428781403298,0.9759313148066835,10.242311058790884,True
IEC Ieff,0.15277777413527172,0.35299145579338076,9.534939378308747,1.0415660765503647,10.923678014354735,True
IEC Ieff,0.18055555125077566,0.35299145579338076,9.523881975536723,1.0216583762632807,10.727331343327622,True
IEC Ieff,0.2083333283662796,0.35299145579338076,9.483778319084182,1.0443707955752197,11.012180593399522,True
IEC Ieff,0.23611110548178355,0.35299145579338076,9.468024461261574,0.9338065313169684,9.862738896985725,True
IEC Ieff,0.2638888825972875,0.35299145579338076,9.490328966437874,1.0400134006267372,10.958665440415167,True
IEC Ieff,0.29166665971279143,0.35299145579338076,9.484371342723845,1.0345599680718949,10.908049998122243,True
IEC Ieff,0.3194444368282954,0.35299145579338076,9.465756738599806,1.0092984847130602,10.662628594682834,True
IEC Ieff,0.3472222139437993,0.35299145579338076,9.477292059132852,1.064481228057147,11.231913308309972,True
IEC Ieff,0.37499999105930326,0.35299145579338076,9.438437501797386,1.0231812712566122,10.840578973604106,True
IEC Ieff,0.4027777681748072,0.35299145579338076,9.452310769306393,1.1139461882648949,11.784908637177995,True
IEC Ieff,-0.4305555452903112,0.3820512851079305,9.531920161501837,1.130206737199227,11.857073056108698,True
IEC Ieff,-0.4027777681748072,0.3820512851079305,9.54903764722423,1.2065828450543403,12.635648634237784,True
IEC Ieff,-0.37499999105930326,0.3820512851079305,9.554545416521313,1.2158182328731753,12.725024371864247,True
IEC Ieff,-0.3472222139437993,0.3820512851079305,9.558130385069454,1.2067360810645726,12.625231425484515,True
IEC Ieff,-0.3194444368282954,0.3820512851079305,9.559087045014117,1.1588104766224767,12.122606177405777,True
IEC Ieff,-0.29166665971279143,0.3820512851079305,9.554105850897953,1.0870514644931912,11.377846147591336,True
IEC Ieff,-0.2638888825972875,0.3820512851079305,9.556958649765901,1.0459757918309227,10.94465122391781,True
IEC Ieff,-0.23611110548178355,0.3820512851079305,9.558586224794219,1.0129166769133924,10.596929850211179,True
IEC Ieff,-0.2083333283662796,0.3820512851079305,9.567571078702493,1.0170954422881173,10.630654676317814,True
IEC Ieff,-0.18055555125077566,0.3820512851079305,9.560685649833557,1.0298028472747631,10.771223790761189,True
IEC Ieff,-0.15277777413527172,0.3820512851079305,9.565563477848492,1.0281837504048577,10.748804843393492,True
IEC Ieff,-0.12499999701976776,0.3820512851079305,9.571454785011317,1.0439566950923798,10.906980375931905,True
IEC Ieff,-0.09722221990426382,0.3820512851079305,9.569539948184389,1.0298840383906753,10.762106057000926,True
IEC Ieff,-0.06944444278875987,0.3820512851079305,9.551080533364026,1.0033674429085229,10.505276752756295,True
IEC Ieff,-0.04166666567325592,0.3820512851079305,9.548523191055075,1.0304974814195293,10.79221844886846,True
IEC Ieff,-0.013888888557751973,0.3820512851079305,9.543266178125423,1.1109166246273525,11.640842913652955,True
IEC Ieff,0.013888888557751973,0.3820512851079305,9.53476291890286,1.0733883842037233,11.25763056022829,True
IEC Ieff,0.04166666567325592,0.3820512851079305,9.551144755881834,1.0313657319361216,10.798346777238201,True
IEC Ieff,0.06944444278875987,0.3820512851079305,9.561769798483786,1.0366087973665612,10.841181279337397,True
IEC Ieff,0.09722221990426382,0.3820512851079305,9.56819440811567,0.9752949039020301,10.193092471812577,True
IEC Ieff,0.12499999701976776,0.3820512851079305,9.58311137810385,1.0454375907570148,10.90916665276063,True
IEC Ieff,0.15277777413527172,0.3820512851079305,9.594331653797832,1.0165322017047134,10.595133026304422,True
IEC Ieff,0.18055555125077566,0.3820512851079305,9.588301035709847,1.0617877703027374,11.073784253835022,True
IEC Ieff,0.2083333283662796,0.3820512851079305,9.577973032558228,0.9799005715207016,10.230771878243377,True
IEC Ieff,0.23611110548178355,0.3820512851079305,9.565599059926468,0.9997194221905161,10.451195120425643,True
IEC Ieff,0.2638888825972875,0.3820512851079305,9.563841044759796,1.0050701503352224,10.509063729012087,True
IEC Ieff,0.29166665971279143,0.3820512851079305,9.526854249722883,0.9915141068987136,10.407570861363338,True
IEC Ieff,0.3194444368282954,0.3820512851079305,9.532543622822532,1.0044930107334773,10.537512866225443,True
IEC Ieff,0.3472222139437993,0.3820512851079305,9.53156153768596,1.0538041474823792,11.05594443592312,True
IEC Ieff,0.37499999105930326,0.3820512851079305,9.523568694961934,1.100754058922056,11.558209891470266,True
IEC Ieff,0.4027777681748072,0.3820512851079305,9.516174993093049,1.0670176019644009,11.212673187902226,True
IEC Ieff,0.4305555452903112,0.3820512851079305,9.52451814945347,1.0375755811800116,10.89373304663763,True
IEC Ieff,-0.4305555452903112,0.4111111144224803,9.606560082869946,1.2647768174329115,13.165761797380663,True
IEC Ieff,-0.4027777681748072,0.4111111144224803,9.60900475959115,1.2519846121204694,13.029284961804303,True
IEC Ieff,-0.37499999105930326,0.4111111144224803,9.615786921289569,1.175614752396471,12.225881896297363,True
IEC Ieff,-0.3472222139437993,0.4111111144224803,9.63252462851309,1.123131863288048,11.65978709219681,True
IEC Ieff,-0.3194444368282954,0.4111111144224803,9.625296074972484,1.0964456526159048,11.391292736094243,True
IEC Ieff,-0.29166665971279143,0.4111111144224803,9.648265559389852,1.1051691524493465,11.454588865184972,True
IEC Ieff,-0.2638888825972875,0.4111111144224803,9.647213794058041,1.096297998125407,11.363882065106138,True
IEC Ieff,-0.23611110548178355,0.4111111144224803,9.642254051416995,1.0286631760282923,10.668285346382502,True
IEC Ieff,-0.2083333283662796,0.4111111144224803,9.627270764877686,1.0732534706700223,11.148055319950876,True
IEC Ieff,-0.18055555125077566,0.4111111144224803,9.638208774773782,1.0679966101478884,11.080861964135606,True
IEC Ieff,-0.15277777413527172,0.4111111144224803,9.649998742948775,1.0949846831305863,11.346993013140944,True
IEC Ieff,-0.12499999701976776,0.4111111144224803,9.652523471101123,1.0407699234615082,10.78236097096774,True
IEC Ieff,-0.09722221990426382,0.4111111144224803,9.671278969041598,1.1147173486227826,11.526059295684329,True
IEC Ieff,-0.06944444278875987,0.4111111144224803,9.664288310876357,1.0716592535097367,11.088858476041871,True
IEC Ieff,-0.04166666567325592,0.4111111144224803,9.63761458045414,0.9257607644207901,9.605704364836374,True
IEC Ieff,-0.013888888557751973,0.4111111144224803,9.615634881280121,0.9934687742172726,10.331806339188006,True
IEC Ieff,0.013888888557751973,0.4111111144224803,9.626968646984418,1.0679848813462969,11.093677776553639,True
IEC Ieff,0.04166666567325592,0.4111111144224803,9.619730497165081,0.9750262513327452,10.135691967878765,True
IEC Ieff,0.06944444278875987,0.4111111144224803,9.638107881940266,1.0170809737390631,10.552703769220651,True
IEC Ieff,0.09722221990426382,0.4111111144224803,9.645200141942372,0.9491321120036714,9.840460519594082,True
IEC Ieff,0.12499999701976776,0.4111111144224803,9.63984258243675,0.9886632777598088,10.256010607072543,True
IEC Ieff,0.15277777413527172,0.4111111144224803,9.671336925947864,1.0275781471725638,10.624985511730099,True
IEC Ieff,0.18055555125077566,0.4111111144224803,9.679853392419961,1.0349868242469553,10.69217458455958,True
IEC Ieff,0.2083333283662796,0.4111111144224803,9.671878901342348,1.0337622431168463,10.688329058518006,True
IEC Ieff,0.23611110548178355,0.4111111144224803,9.644514931371504,1.0408360236194647,10.791999712021308,True
IEC Ieff,0.2638888825972875,0.4111111144224803,9.644549227350169,0.9966234360244168,10.33354086884824,True
IEC Ieff,0.29166665971279143,0.4111111144224803,9.630111213895562,0.981218719330732,10.189069446206432,True
IEC Ieff,0.3194444368282954,0.4111111144224803,9.624363125420754,0.9989866362753113,10.379768752040286,True
IEC Ieff,0.3472222139437993,0.4111111144224803,9.609497368562328,1.0015891315461893,10.422908640600799,True
IEC Ieff,0.37499999105930326,0.4111111144224803,9.60878727691848,1.0325187988145068,10.745568291377907,True
IEC Ieff,0.4027777681748072,0.4111111144224803,9.597310374968293,1.0927447397198575,11.385947698117116,True
IEC Ieff,0.4305555452903112,0.4111111144224803,9.585359413554768,1.1353440485175115,11.84456418934076,True
IEC Ieff,-0.45833332240581515,0.44017094373703003,9.668792757911465,1.3577252640794988,14.04234528626693,True
IEC Ieff,-0.4305555452903112,0.44017094373703003,9.670198695177323,1.3273481541722034,13.726172501855338,True
IEC Ieff,-0.4027777681748072,0.44017094373703003,9.68292449838314,1.258499530726642,12.997101556836336,True
IEC Ieff,-0.37499999105930326,0.44017094373703003,9.684861545154,1.210955475376621,12.503590988170037,True
IEC Ieff,-0.3472222139437993,0.44017094373703003,9.687569822746303,1.1055289191634143,11.411829172757496,True
IEC Ieff,-0.3194444368282954,0.44017094373703003,9.69495356559052,1.1349323302898862,11.706423580180989,True
IEC Ieff,-0.29166665971279143,0.44017094373703003,9.695500949197,1.0420660069756098,10.747933628554962,True
IEC Ieff,-0.2638888825972875,0.44017094373703003,9.702999253800943,1.1494427538094294,11.84626241581086,True
IEC Ieff,-0.23611110548178355,0.44017094373703003,9.70678539794343,1.0966302874713796,11.2975639463887,True
IEC Ieff,-0.2083333283662796,0.44017094373703003,9.707683523886043,1.1492995275069355,11.83907082136588,True
IEC Ieff,-0.18055555125077566,0.44017094373703003,9.724723316025933,1.1813369533797247,12.147769298823457,True
IEC Ieff,-0.15277777413527172,0.44017094373703003,9.722782015234623,1.1573118932426676,11.903094108551196,True
IEC Ieff,-0.12499999701976776,0.44017094373703003,9.705993886327025,1.0530013976165669,10.848980639684362,True
IEC Ieff,-0.09722221990426382,0.44017094373703003,9.75182361917192,1.0966968300173137,11.246069174807738,True
IEC Ieff,-0.06944444278875987,0.44017094373703003,9.733322653454296,1.0776917230039937,11.072187385276164,True
IEC Ieff,-0.04166666567325592,0.44017094373703003,9.716036457898072,0.9389645044753959,9.664069382038194,True
IEC Ieff,-0.013888888557751973,0.44017094373703003,9.72075058856848,1.017597812516192,10.468304924034141,True
IEC Ieff,0.013888888557751973,0.44017094373703003,9.690223160818727,1.0594928792016423,10.93362724075929,True
IEC Ieff,0.04166666567325592,0.44017094373703003,9.705846248733996,0.9908950786798503,10.209259999447239,True
IEC Ieff,0.06944444278875987,0.44017094373703003,9.712145397739912,1.0273769625278653,10.578269995493926,True
IEC Ieff,0.09722221990426382,0.44017094373703003,9.72420228096468,1.0241339011749804,10.531803757103479,True
IEC Ieff,0.12499999701976776,0.44017094373703003,9.72904929206412,1.0291253243664387,10.577861140100143,True
IEC Ieff,0.15277777413527172,0.44017094373703003,9.73640868146584,1.0525794898932426,10.81075706997515,True
IEC Ieff,0.18055555125077566,0.44017094373703003,9.745047475758218,1.0948632158419531,11.235073185282422,True
IEC Ieff,0.2083333283662796,0.44017094373703003,9.717724034400737,1.0833013200758863,11.147685571652378,True
IEC Ieff,0.23611110548178355,0.44017094373703003,9.707624181949802,1.0483764694908608,10.79951644028613,True
IEC Ieff,0.2638888825972875,0.44017094373703003,9.714599093643999,1.0307445274764926,10.610263146637529,True
IEC Ieff,0.29166665971279143,0.44017094373703003,9.70895151876831,1.017794099899579,10.483048534459027,True
IEC Ieff,0.3194444368282954,0.44017094373703003,9.70050346288071,1.0066456574322122,10.377251668268297,True
IEC Ieff,0.3472222139437993,0.44017094373703003,9.712662871295706,1.047221794449878,10.782025571429875,True
IEC Ieff,0.37499999105930326,0.44017094373703003,9.703177642355671,1.0906977555840949,11.240624420015283,True
IEC Ieff,0.4027777681748072,0.44017094373703003,9.693607234076135,1.1416388300411828,11.777234237714488,True
IEC Ieff,0.4305555452903112,0.44017094373703003,9.697322411924235,1.0772454158952778,11.108689286958755,True
IEC Ieff,0.45833332240581515,0.44017094373703003,9.690561240024302,1.0367366670497538,10.698417164609486,True
IEC Ieff,-0.45833332240581515,0.4692307730515798,9.712603282032713,1.3323344998731246,13.717583856614448,True
IEC Ieff,-0.4305555452903112,0.4692307730515798,9.725809871990048,1.2478667476738199,12.830466193541653,True
IEC Ieff,-0.4027777681748072,0.4692307730515798,9.735710659368316,1.180611101075538,12.126604234478553,True
IEC Ieff,-0.37499999105930326,0.4692307730515798,9.756457121315439,1.211040653686719,12.412709230699079,True
IEC Ieff,-0.3472222139437993,0.4692307730515798,9.757781275862804,1.1497672038132805,11.783080305943992,True
IEC Ieff,-0.3194444368282954,0.4692307730515798,9.760165275083233,1.136837919512996,11.64773226141195,True
IEC Ieff,-0.29166665971279143,0.4692307730515798,9.765855142836472,1.1396750745293345,11.669997740702904,True
IEC Ieff,-0.2638888825972875,0.4692307730515798,9.766786311635533,1.1437669245227176,11.710780680847964,True
IEC Ieff,-0.23611110548178355,0.4692307730515798,9.771652449338522,1.1586167334340975,11.856917132910601,True
IEC Ieff,-0.2083333283662796,0.4692307730515798,9.774821068002746,1.236625274014082,12.651129523609347,True
IEC Ieff,-0.18055555125077566,0.4692307730515798,9.765836296536698,1.1848492238192485,12.132593541829458,True
IEC Ieff,-0.15277777413527172,0.4692307730515798,9.766848885308258,1.1785451864024363,12.066790427926637,True
IEC Ieff,-0.12499999701976776,0.4692307730515798,9.770181679482146,1.0797969534728364,11.051963913224483,True
IEC Ieff,-0.09722221990426382,0.4692307730515798,9.778513211484356,1.0199521504075397,10.43054427957063,True
IEC Ieff,-0.06944444278875987,0.4692307730515798,9.77447983950298,1.0615587727902438,10.860514218874512,True
IEC Ieff,-0.04166666567325592,0.4692307730515798,9.766422559911277,1.0246519516190788,10.49157913589587,True
IEC Ieff,-0.013888888557751973,0.4692307730515798,9.764757638540754,1.0606035261416549,10.861544806350683,True
IEC Ieff,0.013888888557751973,0.4692307730515798,9.772854045227394,1.0037722085340341,10.271024246230605,True
IEC Ieff,0.04166666567325592,0.4692307730515798,9.780449648182513,1.068483766244705,10.924689607121078,True
IEC Ieff,0.06944444278875987,0.4692307730515798,9.799103049632462,1.0354006554933275,10.566279895711093,True
IEC Ieff,0.09722221990426382,0.4692307730515798,9.784256023654745,1.0302302137173684,10.52946909020624,True
IEC Ieff,0.12499999701976776,0.4692307730515798,9.806412561469003,1.0763003491669798,10.975474898903801,True
IEC Ieff,0.15277777413527172,0.4692307730515798,9.795002239885294,1.13049931402642,11.541593216007868,True
IEC Ieff,0.18055555125077566,0.4692307730515798,9.795218518901043,1.150181096951557,11.742270932824471,True
IEC Ieff,0.2083333283662796,0.4692307730515798,9.789830670110314,1.1566024999348654,11.81432589499357,True
IEC Ieff,0.23611110548178355,0.4692307730515798,9.78581581465976,1.1353892652106865,11.602397661212905,True
IEC Ieff,0.2638888825972875,0.4692307730515798,9.767378395433454,1.0201522439364714,10.444483694963877,True
IEC Ieff,0.29166665971279143,0.4692307730515798,9.760881319058052,0.994053985263312,10.18405974594147,True
IEC Ieff,0.3194444368282954,0.4692307730515798,9.769094909168158,0.9655911010848246,9.884140855041043,True
IEC Ieff,0.3472222139437993,0.4692307730515798,9.785691310363966,1.0419728689403436,10.647922930460687,True
IEC Ieff,0.37499999105930326,0.4692307730515798,9.772693348780951,1.0846657842489662,11.098944226918444,True
IEC Ieff,0.4027777681748072,0.4692307730515798,9.746709528138187,1.0504249060799336,10.777225924784336,True
IEC Ieff,0.4305555452903112,0.4692307730515798,9.738117544559138,1.0351263586705977,10.6296350802311,True
IEC Ieff,0.45833332240581515,0.4692307730515798,9.73645578897127,1.0016855879755038,10.287989897824405,True
IEC Ieff,-0.45833332240581515,0.49829060236612954,9.755410698241722,1.3458263794906233,13.795691653793623,True
IEC Ieff,-0.4305555452903112,0.49829060236612954,9.785607961242565,1.227843185686016,12.547438958816675,True
IEC Ieff,-0.4027777681748072,0.49829060236612954,9.78638232486967,1.2169499184065564,12.435135661049939,True
IEC Ieff,-0.37499999105930326,0.49829060236612954,9.789455838146733,1.2352888570356955,12.618565091454064,True
IEC Ieff,-0.3472222139437993,0.49829060236612954,9.805406881358536,1.19028511073726,12.13906903751399,True
IEC Ieff,-0.3194444368282954,0.49829060236612954,9.826392640199424,1.2285975489853953,12.503037421476995,True
IEC Ieff,-0.29166665971279143,0.49829060236612954,9.825213237765997,1.1756864357940537,11.966014450200115,True
IEC Ieff,-0.2638888825972875,0.49829060236612954,9.831173895355072,1.1818422686594103,12.021374875871075,True
IEC Ieff,-0.23611110548178355,0.49829060236612954,9.824153112789359,1.2362950712722658,12.584240667654315,True
IEC Ieff,-0.2083333283662796,0.49829060236612954,9.83371763469175,1.270107039315774,12.915838002456404,True
IEC Ieff,-0.18055555125077566,0.49829060236612954,9.833394609442202,1.2094951941539365,12.299874480706363,True
IEC Ieff,-0.15277777413527172,0.49829060236612954,9.832892832892092,1.1570230172710327,11.766862884955538,True
IEC Ieff,-0.12499999701976776,0.49829060236612954,9.840135286197233,1.1423863508565506,11.609457772994006,True
IEC Ieff,-0.09722221990426382,0.49829060236612954,9.839757832569898,1.066002470716914,10.833625063295901,True
IEC Ieff,-0.06944444278875987,0.49829060236612954,9.835394097978199,1.102160223430048,11.206060605711897,True
IEC Ieff,-0.04166666567325592,0.49829060236612954,9.83704164052104,1.1107279203181548,11.291280050526682,True
IEC Ieff,-0.013888888557751973,0.49829060236612954,9.832414717269588,1.0806956570990411,10.99115210428334,True
IEC Ieff,0.013888888557751973,0.49829060236612954,9.845814238595688,1.118778703431506,11.362988132011292,True
IEC Ieff,0.04166666567325592,0.49829060236612954,9.85395882453698,1.1314774450906233,11.48246573015074,True
IEC Ieff,0.06944444278875987,0.49829060236612954,9.851681555061942,1.0566176445947202,10.72525171148893,True
IEC Ieff,0.09722221990426382,0.49829060236612954,9.864672195772506,1.0921175824525302,11.070997198675855,True
IEC Ieff,0.12499999701976776,0.49829060236612954,9.8767984953773,0.9815481872777376,9.937918524278265,True
IEC Ieff,0.15277777413527172,0.49829060236612954,9.864321239086504,1.0695198649888178,10.8423057103102,True
IEC Ieff,0.18055555125077566,0.49829060236612954,9.851210133750687,1.1088102347802224,11.255573881034056,True
IEC Ieff,0.2083333283662796,0.49829060236612954,9.836598134157866,1.1357338051577717,11.546001876542093,True
IEC Ieff,0.23611110548178355,0.49829060236612954,9.832643148273945,1.1178473621216665,11.368737228279226,True
IEC Ieff,0.2638888825972875,0.49829060236612954,9.813041083778161,1.083033330369773,11.036673760187597,True
IEC Ieff,0.29166665971279143,0.49829060236612954,9.801817675278373,1.0566489359848383,10.780132532457348,True
IEC Ieff,0.3194444368282954,0.49829060236612954,9.814960966071263,1.025791732797195,10.45130730874215,True
IEC Ieff,0.3472222139437993,0.49829060236612954,9.830220087912432,1.0713530752790004,10.898566519343468,True
IEC Ieff,0.37499999105930326,0.49829060236612954,9.820012829689734,1.0414642386829347,10.605528289476176,True
IEC Ieff,0.4027777681748072,0.49829060236612954,9.791836935399816,0.970858407171176,9.91497727725931,True
IEC Ieff,0.4305555452903112,0.49829060236612954,9.789515955040248,0.9789860571671505,10.000352026221563,True
IEC Ieff,0.45833332240581515,0.49829060236612954,9.81123779132427,1.0149436536735499,10.344705482228028,True
IEC Ieff,-0.4861110995213191,0.5273504316806793,9.834600294466977,1.203720509431986,12.239648520430551,True
IEC Ieff,-0.45833332240581515,0.5273504316806793,9.822948746840645,1.2829870008465258,13.061118752748996,True
IEC Ieff,-0.4305555452903112,0.5273504316806793,9.827108799593384,1.2509610172483843,12.729695404411775,True
IEC Ieff,-0.4027777681748072,0.5273504316806793,9.847918033074626,1.2377093203340497,12.568233368486146,True
IEC Ieff,-0.37499999105930326,0.5273504316806793,9.839838774377318,1.2483612071309151,12.686805503171605,True
IEC Ieff,-0.3472222139437993,0.5273504316806793,9.858771193400298,1.1790820534313147,11.959726321883005,True
IEC Ieff,-0.3194444368282954,0.5273504316806793,9.881473169183693,1.2244177072543243,12.391044192406317,True
IEC Ieff,-0.29166665971279143,0.5273504316806793,9.899494749668117,1.2506677653573242,12.633652494227073,True
IEC Ieff,-0.2638888825972875,0.5273504316806793,9.887427462230578,1.2542589935048365,12.685392619020833,True
IEC Ieff,-0.23611110548178355,0.5273504316806793,9.881971499647458,1.2599566079197615,12.750053043208137,True
IEC Ieff,-0.2083333283662796,0.5273504316806793,9.890727576293985,1.3384071679949423,13.531938451149191,True
IEC Ieff,-0.18055555125077566,0.5273504316806793,9.908141524370846,1.2448788158877317,12.564200993957641,True
IEC Ieff,-0.15277777413527172,0.5273504316806793,9.888427668175238,1.18302332035382,11.96371516334436,True
IEC Ieff,-0.12499999701976776,0.5273504316806793,9.893025489310112,1.2124597992584938,12.255702773318584,True
IEC Ieff,-0.09722221990426382,0.5273504316806793,9.873789831179195,1.1236133212951265,11.379757322229098,True
IEC Ieff,-0.06944444278875987,0.5273504316806793,9.884576163811715,1.1388190224939843,11.521172012041333,True
IEC Ieff,-0.04166666567325592,0.5273504316806793,9.885826186282129,1.1315631652385685,11.44631863757386,True
IEC Ieff,-0.013888888557751973,0.5273504316806793,9.89392724271191,1.1431074011217741,11.553626513312121,True
IEC Ieff,0.013888888557751973,0.5273504316806793,9.900302964085753,1.1167659843142308,11.28011928892884,True
IEC Ieff,0.04166666567325592,0.5273504316806793,9.921399113108096,1.172292227780621,11.815795478198181,True
IEC Ieff,0.06944444278875987,0.5273504316806793,9.922291402138939,1.1302517465326853,11.391035605838367,True
IEC Ieff,0.09722221990426382,0.5273504316806793,9.923724050695967,1.1220285944565256,11.306527556838262,True
IEC Ieff,0.12499999701976776,0.5273504316806793,9.924557327559542,1.1091508255020257,11.175821640145303,True
IEC Ieff,0.15277777413527172,0.5273504316806793,9.929908390615395,1.1512230387515188,11.593491031997054,True
IEC Ieff,0.18055555125077566,0.5273504316806793,9.93735755963454,1.1289845731355874,11.361013894896093,True
IEC Ieff,0.2083333283662796,0.5273504316806793,9.913068636366724,1.1652640537367291,11.754826850102537,True
IEC Ieff,0.23611110548178355,0.5273504316806793,9.89590488405,1.2016301954298696,12.142701546845206,True
IEC Ieff,0.2638888825972875,0.5273504316806793,9.87828135126848,1.146188747071854,11.603119068122822,True
IEC Ieff,0.29166665971279143,0.5273504316806793,9.846931891778949,1.0873034330585079,11.04205294611899,True
IEC Ieff,0.3194444368282954,0.5273504316806793,9.859628131191526,1.060845112951353,10.759484017407368,True
IEC Ieff,0.3472222139437993,0.5273504316806793,9.856714819707346,1.0181756931779695,10.329767187159018,True
IEC Ieff,0.37499999105930326,0.5273504316806793,9.861293497750262,1.0022996182413852,10.1639771544174,True
IEC Ieff,0.4027777681748072,0.5273504316806793,9.870892299142872,1.0086659639698137,10.21858949932419,True
IEC Ieff,0.4305555452903112,0.5273504316806793,9.864766526202516,1.0604387649622635,10.749760393675368,True
IEC Ieff,0.45833332240581515,0.5273504316806793,9.858740706253831,0.9682051501692236,9.820779134144878,True
IEC Ieff,0.4861110995213191,0.5273504316806793,9.841737633895033,0.999635406174033,10.157102773511047,True
IEC Ieff,-0.4861110995213191,0.5564102609952291,9.874750629725183,1.2507689241582458,12.666334280818745,True
IEC Ieff,-0.45833332240581515,0.5564102609952291,9.879789203651868,1.2106880192489273,12.254188771572379,True
IEC Ieff,-0.4305555452903112,0.5564102609952291,9.88714237690751,1.2432701168486469,12.574615287754312,True
IEC Ieff,-0.4027777681748072,0.5564102609952291,9.891356214988399,1.2824887201083148,12.965752038784695,True
IEC Ieff,-0.37499999105930326,0.5564102609952291,9.899824073506005,1.2823566494640068,12.953327654537425,True
IEC Ieff,-0.3472222139437993,0.5564102609952291,9.913198812689831,1.2438210596380694,12.54712109723716,True
IEC Ieff,-0.3194444368282954,0.5564102609952291,9.923739912586127,1.2640136137645666,12.73727067515582,True
IEC Ieff,-0.29166665971279143,0.5564102609952291,9.93893352581023,1.3257472539040294,13.338928673395603,True
IEC Ieff,-0.2638888825972875,0.5564102609952291,9.943939815349303,1.3182290721627186,13.256607508101787,True
IEC Ieff,-0.23611110548178355,0.5564102609952291,9.944066149863197,1.2951499473141421,13.024349675428898,True
IEC Ieff,-0.2083333283662796,0.5564102609952291,9.948760329507536,1.3631433853509123,13.701640608507734,True
IEC Ieff,-0.18055555125077566,0.5564102609952291,9.951036329371941,1.2528477666383977,12.590123532565487,True
IEC Ieff,-0.15277777413527172,0.5564102609952291,9.940441609031902,1.179079192868222,11.861436737346846,True
IEC Ieff,-0.12499999701976776,0.5564102609952291,9.92482862853735,1.1696646176878414,11.785237422887555,True
IEC Ieff,-0.09722221990426382,0.5564102609952291,9.934349554974439,1.1370979487902397,11.44612380003137,True
IEC Ieff,-0.06944444278875987,0.5564102609952291,9.933773019786123,1.1625132024569735,11.702635042510794,True
IEC Ieff,-0.04166666567325592,0.5564102609952291,9.947112539637924,1.1545273437084504,11.60665810412632,True
IEC Ieff,-0.013888888557751973,0.5564102609952291,9.963131234965362,1.177782708675112,11.821411169830954,True
IEC Ieff,0.013888888557751973,0.5564102609952291,9.964227139881325,1.1020408588684942,11.059973276378157,True
IEC Ieff,0.04166666567325592,0.5564102609952291,9.959636177942189,1.1580014632031812,11.626945427663623,True
IEC Ieff,0.06944444278875987,0.5564102609952291,9.966622532621619,1.1749571116490225,11.788919544241654,True
IEC Ieff,0.09722221990426382,0.5564102609952291,9.964056830667822,1.2360051596659345,12.404637796341168,True
IEC Ieff,0.12499999701976776,0.5564102609952291,9.977246651870221,1.1637480315464153,11.664019865924356,True
IEC Ieff,0.15277777413527172,0.5564102609952291,9.97800347178508,1.1859965746897505,11.886111064637403,True
IEC Ieff,0.18055555125077566,0.5564102609952291,9.97323332984562,1.2032278185847205,12.064571025165675,True
IEC Ieff,0.2083333283662796,0.5564102609952291,9.962886777186275,1.1428693797845388,11.471267368023916,True
IEC Ieff,0.23611110548178355,0.5564102609952291,9.925524820416772,1.1201783450706428,11.285834908864866,True
IEC Ieff,0.2638888825972875,0.5564102609952291,9.914749798861822,1.197279870754017,12.075744673773418,True
IEC Ieff,0.29166665971279143,0.5564102609952291,9.932386357519785,1.1157751693657838,11.233706877713564,True
IEC Ieff,0.3194444368282954,0.5564102609952291,9.932291087248156,1.011587833971349,10.184838775719166,True
IEC Ieff,0.3472222139437993,0.5564102609952291,9.943122812587182,0.9568353282753586,9.623086693287979,True
IEC Ieff,0.37499999105930326,0.5564102609952291,9.946747699675845,1.028162442935732,10.336669572600488,True
IEC Ieff,0.4027777681748072,0.5564102609952291,9.923038015702465,1.003062756007367,10.108423996966406,True
IEC Ieff,0.4305555452903112,0.5564102609952291,9.916504961526327,1.0770856712829204,10.861545226486104,True
IEC Ieff,0.45833332240581515,0.5564102609952291,9.92307064634763,1.0436578686142652,10.517489049605858,True
IEC Ieff,0.4861110995213191,0.5564102609952291,9.920466064625636,1.0378162546668424,10.461365906663236,True
IEC Ieff,-0.4861110995213191,0.5854700903097788,9.925349762529228,1.250812183899919,12.602197542922466,True
IEC Ieff,-0.45833332240581515,0.5854700903097788,9.932559684119916,1.222100336043704,12.303981802370508,True
IEC Ieff,-0.4305555452903112,0.5854700903097788,9.947457098804819,1.233337770162393,12.398523139251115,True
IEC Ieff,-0.4027777681748072,0.5854700903097788,9.951455548246324,1.2636472389431819,12.698114691029955,True
IEC Ieff,-0.37499999105930326,0.5854700903097788,9.949534956949835,1.2120071270751909,12.181545492521675,True
IEC Ieff,-0.3472222139437993,0.5854700903097788,9.957824608285742,1.2394946054409404,12.447443635526351,True
IEC Ieff,-0.3194444368282954,0.5854700903097788,9.97022088979217,1.3038196775388895,13.07713933272814,True
IEC Ieff,-0.29166665971279143,0.5854700903097788,9.958153239608706,1.3298036454719286,13.353918276559698,True
IEC Ieff,-0.2638888825972875,0.5854700903097788,9.989931761578129,1.3621618965158024,13.635347357974537,True
IEC Ieff,-0.23611110548178355,0.5854700903097788,10.004189424352436,1.34973294181095,13.491677182015346,True
IEC Ieff,-0.2083333283662796,0.5854700903097788,10.010144525333414,1.2937613551482945,12.924502257425722,True
IEC Ieff,-0.18055555125077566,0.5854700903097788,10.016920899585386,1.2680461546927704,12.659041310241918,True
IEC Ieff,-0.15277777413527172,0.5854700903097788,9.995149878251173,1.2552825832183754,12.55891705986113,True
IEC Ieff,-0.12499999701976776,0.5854700903097788,9.988458947153774,1.151138592134044,11.524686623075752,True
IEC Ieff,-0.09722221990426382,0.5854700903097788,9.981567203207991,1.1501978305908815,11.523218821000551,True
IEC Ieff,-0.06944444278875987,0.5854700903097788,9.99516249191641,1.168462139202199,11.690276572764004,True
IEC Ieff,-0.04166666567325592,0.5854700903097788,9.983175156979232,1.1684259396961476,11.70395111097797,True
IEC Ieff,-0.013888888557751973,0.5854700903097788,10.009970786521995,1.1559363044656907,11.547848931008973,True
IEC Ieff,0.013888888557751973,0.5854700903097788,10.016006895264214,1.1757238167198159,11.738448555538872,True
IEC Ieff,0.04166666567325592,0.5854700903097788,10.00435942028539,1.1761486118413553,11.756361026539407,True
IEC Ieff,0.06944444278875987,0.5854700903097788,10.006325635126679,1.1446031743316314,11.438795978351557,True
IEC Ieff,0.09722221990426382,0.5854700903097788,10.009086444924714,1.1076327969685877,11.066272661979383,True
IEC Ieff,0.12499999701976776,0.5854700903097788,10.01513879479151,1.203733924930523,12.019143714279217,True
IEC Ieff,0.15277777413527172,0.5854700903097788,10.012173775524007,1.2030797277413439,12.016169062930377,True
IEC Ieff,0.18055555125077566,0.5854700903097788,10.01689308356809,1.2059711082982203,12.03937286978254,True
IEC Ieff,0.2083333283662796,0.5854700903097788,10.014328585271217,1.2232915334712704,12.215412376926118,True
IEC Ieff,0.23611110548178355,0.5854700903097788,10.000069075790371,1.2277361654108574,12.277276847848388,True
IEC Ieff,0.2638888825972875,0.5854700903097788,10.017693482459759,1.1198046817162983,11.178268567280417,True
IEC Ieff,0.29166665971279143,0.5854700903097788,10.013083756662995,1.034778232392796,10.334261228008053,True
IEC Ieff,0.3194444368282954,0.5854700903097788,10.010395413608437,1.0421335764286919,10.410513604807095,True
IEC Ieff,0.3472222139437993,0.5854700903097788,10.027884169788942,0.9330626286127378,9.304680955767124,True
IEC Ieff,0.37499999105930326,0.5854700903097788,10.009355355077,0.9526987890688408,9.518083385715821,True
IEC Ieff,0.4027777681748072,0.5854700903097788,9.98207041425334,0.9179778085761158,9.196266610835972,True
IEC Ieff,0.4305555452903112,0.5854700903097788,9.991386834428862,1.0909298846730904,10.918703306671153,True
IEC Ieff,0.45833332240581515,0.5854700903097788,9.978792889368261,1.0090072692314282,10.111516296790349,True
IEC Ieff,0.4861110995213191,0.5854700903097788,9.975920502220173,0.9828470816908473,9.852194406241626,True
IEC Ieff,-0.4861110995213191,0.6145299196243286,9.99343257307088,1.2135117898820522,12.143092786277263,True
IEC Ieff,-0.45833332240581515,0.6145299196243286,10.007771787725241,1.3197581423776221,13.187332508884097,True
IEC Ieff,-0.4305555452903112,0.6145299196243286,9.994285916379667,1.3315268757873469,13.322881563805405,True
IEC Ieff,-0.4027777681748072,0.6145299196243286,10.000029569461093,1.218824042816151,12.188204388297965,True
IEC Ieff,-0.37499999105930326,0.6145299196243286,9.991693750461497,1.2227511353655849,12.237676272945299,True
IEC Ieff,-0.3472222139437993,0.6145299196243286,10.000208469157768,1.2878100938062598,12.877832474973605,True
IEC Ieff,-0.3194444368282954,0.6145299196243286,10.012398166857801,1.2833863424271652,12.817971489341312,True
IEC Ieff,-0.29166665971279143,0.6145299196243286,10.01594643211332,1.31643742151054,13.143415157351013,True
IEC Ieff,-0.2638888825972875,0.6145299196243286,10.038177349331363,1.33269341043813,13.276248905155077,True
IEC Ieff,-0.23611110548178355,0.6145299196243286,10.066285393644193,1.340764680996062,13.319358915083162,True
IEC Ieff,-0.2083333283662796,0.6145299196243286,10.067780005801216,1.3247994661205373,13.158804278174202,True
IEC Ieff,-0.18055555125077566,0.6145299196243286,10.059529959725289,1.3307526507745657,13.228775659523029,True
IEC Ieff,-0.15277777413527172,0.6145299196243286,10.049064261516909,1.1756575682284964,11.699174546337616,True
IEC Ieff,-0.12499999701976776,0.6145299196243286,10.051401994142939,1.1800649671383705,11.740302177009806,True
IEC Ieff,-0.09722221990426382,0.6145299196243286,10.067064044268662,1.1556824041118077,11.479835620691773,True
IEC Ieff,-0.06944444278875987,0.6145299196243286,10.044383602402615,1.1151757851311104,11.102481040890956,True
IEC Ieff,-0.04166666567325592,0.6145299196243286,10.02352272709194,1.1147413274388487,11.12125305433673,True
IEC Ieff,-0.013888888557751973,0.6145299196243286,10.038536797569876,1.1092171294319433,11.049589714115129,True
IEC Ieff,0.013888888557751973,0.6145299196243286,10.071259794518447,1.180520652082744,11.721678083662125,True
IEC Ieff,0.04166666567325592,0.6145299196243286,10.049569714991657,1.1839423398953985,11.781025192842113,True
IEC Ieff,0.06944444278875987,0.6145299196243286,10.046804832546059,1.1428175771206717,11.374935575722327,True
IEC Ieff,0.09722221990426382,0.6145299196243286,10.07456770761929,1.0928576388190145,10.847687667953215,True
IEC Ieff,0.12499999701976776,0.6145299196243286,10.074515900905325,1.0893062271860785,10.812492013518886,True
IEC Ieff,0.15277777413527172,0.6145299196243286,10.060804154265298,1.1965355872202459,11.893041240773702,True
IEC Ieff,0.18055555125077566,0.6145299196243286,10.073109370055164,1.193473989832635,11.848119046344666,True
IEC Ieff,0.2083333283662796,0.6145299196243286,10.068558475052678,1.180230451224031,11.721940674510073,True
IEC Ieff,0.23611110548178355,0.6145299196243286,10.073087753695487,1.1200970401190817,11.119699018884797,True
IEC Ieff,0.2638888825972875,0.6145299196243286,10.076402822784209,1.097797777959111,10.894738899052655,True
IEC Ieff,0.29166665971279143,0.6145299196243286,10.075524779775341,1.061386260757071,10.534302519781379,True
IEC Ieff,0.3194444368282954,0.6145299196243286,10.073437688097565,1.0848812910270678,10.76972255766199,True
IEC Ieff,0.3472222139437993,0.6145299196243286,10.04884376145763,1.0162826957787958,10.113429165619543,True
IEC Ieff,0.37499999105930326,0.6145299196243286,10.050378803297136,1.0585212799306674,10.532153072513127,True
IEC Ieff,0.4027777681748072,0.6145299196243286,10.041830876860052,1.0115606434459141,10.073468233536072,True
IEC Ieff,0.4305555452903112,0.6145299196243286,10.049355810312862,0.996391075357107,9.914974593043958,True
IEC Ieff,0.45833332240581515,0.6145299196243286,10.039814833918934,1.0295793464312952,10.25496349746333,True
IEC Ieff,0.4861110995213191,0.6145299196243286,10.037460744749184,1.053006104618546,10.490761870918366,True
IEC Ieff,-0.4861110995213191,0.6435897489388783,10.060658891009307,1.149324513714162,11.423948731044389,True
IEC Ieff,-0.45833332240581515,0.6435897489388783,10.045474841086893,1.2157002021946628,12.101968512452393,True
IEC Ieff,-0.4305555452903112,0.6435897489388783,10.04217495786191,1.2693031894259628,12.639723911922477,True
IEC Ieff,-0.4027777681748072,0.6435897489388783,10.03939934143451,1.1688109791961232,11.642240132556717,True
IEC Ieff,-0.37499999105930326,0.6435897489388783,10.039298662950818,1.2649212290069296,12.599697164852902,True
IEC Ieff,-0.3472222139437993,0.6435897489388783,10.054018431061365,1.3529137879403281,13.456448257152301,True
IEC Ieff,-0.3194444368282954,0.6435897489388783,10.075288632175702,1.256527338517142,12.471378085431603,True
IEC Ieff,-0.29166665971279143,0.6435897489388783,10.067521912072948,1.24588113282638,12.375251265480955,True
IEC Ieff,-0.2638888825972875,0.6435897489388783,10.078333933712594,1.3715220811840434,13.608619144839256,True
IEC Ieff,-0.23611110548178355,0.6435897489388783,10.116234057044318,1.343433084627396,13.279972340022251,True
IEC Ieff,-0.2083333283662796,0.6435897489388783,10.094609519111371,1.3073621960850383,12.951092299408979,True
IEC Ieff,-0.18055555125077566,0.6435897489388783,10.097892452208557,1.299467338750016,12.8686985418012,True
IEC Ieff,-0.15277777413527172,0.6435897489388783,10.113584313454261,1.2588758256106944,12.447375594980624,True
IEC Ieff,-0.12499999701976776,0.6435897489388783,10.119313753490573,1.3200537415564602,13.044893890172332,True
IEC Ieff,-0.09722221990426382,0.6435897489388783,10.125528382695173,1.167014819514976,11.52547082391709,True
IEC Ieff,-0.06944444278875987,0.6435897489388783,10.126101323401137,1.092668758951641,10.790616487576656,True
IEC Ieff,-0.04166666567325592,0.6435897489388783,10.10992056308577,1.1103583974583646,10.982859761654336,True
IEC Ieff,-0.013888888557751973,0.6435897489388783,10.10619173280002,1.111451970166711,10.997732870626749,True
IEC Ieff,0.013888888557751973,0.6435897489388783,10.108306013933985,1.209702942881156,11.967415125873892,True
IEC Ieff,0.04166666567325592,0.6435897489388783,10.123648385965748,1.1965446674332643,11.81930290162996,True
IEC Ieff,0.06944444278875987,0.6435897489388783,10.123542216827854,1.1081977663990055,10.946739220950787,True
IEC Ieff,0.09722221990426382,0.6435897489388783,10.116958707990717,1.074194310907187,10.617759169648009,True
IEC Ieff,0.12499999701976776,0.6435897489388783,10.1135835879624,1.0526635035577836,10.408412551320648,True
IEC Ieff,0.15277777413527172,0.6435897489388783,10.097013485846363,1.0583885430256543,10.482194012212284,True
IEC Ieff,0.18055555125077566,0.6435897489388783,10.105639996242402,1.1508550658461043,11.388245240024666,True
IEC Ieff,0.2083333283662796,0.6435897489388783,10.10886754463163,1.131985932058992,11.197949988573539,True
IEC Ieff,0.23611110548178355,0.6435897489388783,10.113190338398741,1.0354902584616603,10.239006918815821,True
IEC Ieff,0.2638888825972875,0.6435897489388783,10.115613382271846,1.1054569003468966,10.92822410833009,True
IEC Ieff,0.29166665971279143,0.6435897489388783,10.124843947081473,1.0946016502200144,10.81104712271183,True
IEC Ieff,0.3194444368282954,0.6435897489388783,10.116679311183375,1.0958051457486042,10.831668297889587,True
IEC Ieff,0.3472222139437993,0.6435897489388783,10.109402298084293,1.0948026992054114,10.829549234704745,True
IEC Ieff,0.37499999105930326,0.6435897489388783,10.093777627277694,1.0620283093342666,10.521613894724737,True
IEC Ieff,0.4027777681748072,0.6435897489388783,10.08930411257722,1.120500719105883,11.105827583381874,True
IEC Ieff,0.4305555452903112,0.6435897489388783,10.106964612466482,1.0274569331441687,10.165830915019205,True
IEC Ieff,0.45833332240581515,0.6435897489388783,10.080004131387568,1.01022641086619,10.022083301736968,True
IEC Ieff,0.4861110995213191,0.6435897489388783,10.07757284328881,1.041351920206456,10.33336038746619,True
IEC Ieff,-0.4861110995213191,0.6726495782534282,10.117091967654174,1.0947716611446188,10.821011261385824,True
IEC Ieff,-0.45833332240581515,0.6726495782534282,10.10275328063022,1.0966741874588322,10.855201121871014,True
IEC Ieff,-0.4305555452903112,0.6726495782534282,10.082386959927938,1.1013891302641752,10.923892671860386,True
IEC Ieff,-0.4027777681748072,0.6726495782534282,10.076177672981649,1.132126437444682,11.235673627315801,True
IEC Ieff,-0.37499999105930326,0.6726495782534282,10.084763357972315,1.2214839568436695,12.112172725183967,True
IEC Ieff,-0.3472222139437993,0.6726495782534282,10.110388604264571,1.1812366374591319,11.683395007793125,True
IEC Ieff,-0.3194444368282954,0.6726495782534282,10.115211855505654,1.1925749669385282,11.78991586112372,True
IEC Ieff,-0.29166665971279143,0.6726495782534282,10.122518679724626,1.2110882790997322,11.9642977940415,True
IEC Ieff,-0.2638888825972875,0.6726495782534282,10.15735327018965,1.2647952506506965,12.45201596327939,True
IEC Ieff,-0.23611110548178355,0.6726495782534282,10.149421517177773,1.2193989222373876,12.014467230211787,True
IEC Ieff,-0.2083333283662796,0.6726495782534282,10.13838751151817,1.2648883974115983,12.476228551873412,True
IEC Ieff,-0.18055555125077566,0.6726495782534282,10.152570613515689,1.375134810191064,13.54469584639387,True
IEC Ieff,-0.15277777413527172,0.6726495782534282,10.169480789939762,1.2867952816616952,12.653500294082539,True
IEC Ieff,-0.12499999701976776,0.6726495782534282,10.167140518092268,1.3260429512769332,13.042437536072807,True
IEC Ieff,-0.09722221990426382,0.6726495782534282,10.171453319857864,1.2328991579332236,12.121170094014175,True
IEC Ieff,-0.06944444278875987,0.6726495782534282,10.161123387557522,1.090777152053939,10.734808647138518,True
IEC Ieff,-0.04166666567325592,0.6726495782534282,10.144529805886819,1.1119040606468307,10.9606268789471,True
IEC Ieff,-0.013888888557751973,0.6726495782534282,10.154106842523749,1.1339241102443103,11.167147715007493,True
IEC Ieff,0.013888888557751973,0.6726495782534282,10.160390954062061,1.1470423559148082,11.289352556421344,True
IEC Ieff,0.04166666567325592,0.6726495782534282,10.145032126555908,1.1317884635706588,11.156085554505628,True
IEC Ieff,0.06944444278875987,0.6726495782534282,10.154851296100187,1.0968809023021848,10.801545688053798,True
IEC Ieff,0.09722221990426382,0.6726495782534282,10.151293434565995,1.029866110266473,10.145171321318461,True
IEC Ieff,0.12499999701976776,0.6726495782534282,10.148456827357247,1.0268359006550314,10.118148188668297,True
IEC Ieff,0.15277777413527172,0.6726495782534282,10.157487288321896,1.0852816648185475,10.684548589751131,True
IEC Ieff,0.18055555125077566,0.6726495782534282,10.144579386659883,1.157083617728869,11.405929941762134,True
IEC Ieff,0.2083333283662796,0.6726495782534282,10.129401404487595,1.083458358206055,10.696173593496393,True
IEC Ieff,0.23611110548178355,0.6726495782534282,10.155748680062441,1.0804001802191314,10.63831150469636,True
IEC Ieff,0.2638888825972875,0.6726495782534282,10.170133798565276,1.0614470649732808,10.436903643519631,True
IEC Ieff,0.29166665971279143,0.6726495782534282,10.1670593619349,1.0864341615240944,10.685824906183438,True
IEC Ieff,0.3194444368282954,0.6726495782534282,10.14969257082873,1.0798738972255975,10.639473951450187,True
IEC Ieff,0.3472222139437993,0.6726495782534282,10.13687629549069,1.1243779656396893,11.091957057223437,True
IEC Ieff,0.37499999105930326,0.6726495782534282,10.12136348233774,1.1264726020206486,11.129652679566313,True
IEC Ieff,0.4027777681748072,0.6726495782534282,10.136955242195484,1.0588607804068937,10.445550514017691,True
IEC Ieff,0.4305555452903112,0.6726495782534282,10.143813761911991,1.0301201020119104,10.15515590280065,True
IEC Ieff,0.45833332240581515,0.6726495782534282,10.139916370188555,1.053597458119649,10.390593173107767,True
IEC Ieff,0.4861110995213191,0.6726495782534282,10.135287534276737,1.0622077183340823,10.48029189839736,True
IEC Ieff,-0.4861110995213191,0.701709407567978,10.154392356546511,1.0744715756643926,10.581347833892625,True
IEC Ieff,-0.45833332240581515,0.701709407567978,10.136001006053117,1.012466619364687,9.98881727379518,True
IEC Ieff,-0.4305555452903112,0.701709407567978,10.109495820580115,1.0434484159335775,10.321468394194373,True
IEC Ieff,-0.4027777681748072,0.701709407567978,10.099792960571328,1.107274149158646,10.96333512460447,True
IEC Ieff,-0.37499999105930326,0.701709407567978,10.116258278579293,1.1067351404581012,10.940162953347695,True
IEC Ieff,-0.3472222139437993,0.701709407567978,10.144007666099316,1.1620414030355788,11.455446814369568,True
IEC Ieff,-0.3194444368282954,0.701709407567978,10.184481818052685,1.1108941997318706,10.9077144971945,True
IEC Ieff,-0.29166665971279143,0.701709407567978,10.186835000357677,1.1704890269348414,11.490212876656425,True
IEC Ieff,-0.2638888825972875,0.701709407567978,10.192397758639757,1.1809035593975161,11.58612121859651,True
IEC Ieff,-0.23611110548178355,0.701709407567978,10.193914910509719,1.2550251627942046,12.311513033136064,True
IEC Ieff,-0.2083333283662796,0.701709407567978,10.19210942509185,1.2748621653658037,12.508324942305208,True
IEC Ieff,-0.18055555125077566,0.701709407567978,10.20670089656279,1.3194668266240603,12.927456579710336,True
IEC Ieff,-0.15277777413527172,0.701709407567978,10.21445940541682,1.2787556196772287,12.51907290364376,True
IEC Ieff,-0.12499999701976776,0.701709407567978,10.18790740923049,1.2837444911551372,12.600669004824619,True
IEC Ieff,-0.09722221990426382,0.701709407567978,10.204619971565828,1.2141525720425361,11.898067497130253,True
IEC Ieff,-0.06944444278875987,0.701709407567978,10.198445260901853,1.1451859664454953,11.229024985169417,True
IEC Ieff,-0.04166666567325592,0.701709407567978,10.212062495739042,1.0796754278445986,10.572550141512457,True
IEC Ieff,-0.013888888557751973,0.701709407567978,10.193819096119196,1.034904570672119,10.152275225936753,True
IEC Ieff,0.013888888557751973,0.701709407567978,10.204352199116599,1.1467479566323193,11.237831998111497,True
IEC Ieff,0.04166666567325592,0.701709407567978,10.2031637939888,1.154899283328952,11.319031102973781,True
IEC Ieff,0.06944444278875987,0.701709407567978,10.199649165173907,1.1563275696411242,11.33693474074908,True
IEC Ieff,0.09722221990426382,0.701709407567978,10.201685571352348,1.1653567818551729,11.423178784569144,True
IEC Ieff,0.12499999701976776,0.701709407567978,10.193412177629444,1.1223926163904676,11.010960773799383,True
IEC Ieff,0.15277777413527172,0.701709407567978,10.20664247797977,1.1046935395771107,10.823280446634845,True
IEC Ieff,0.18055555125077566,0.701709407567978,10.200903095407279,1.098735239710753,10.77096046726915,True
IEC Ieff,0.2083333283662796,0.701709407567978,10.176179586028482,1.109016019669229,10.898156919241744,True
IEC Ieff,0.23611110548178355,0.701709407567978,10.178788603143836,1.0694291451752944,10.50644813317951,True
IEC Ieff,0.2638888825972875,0.701709407567978,10.20565541333087,1.112644497756611,10.902234620848047,True
IEC Ieff,0.29166665971279143,0.701709407567978,10.214576572351763,1.1702650644818955,11.456814251601017,True
IEC Ieff,0.3194444368282954,0.701709407567978,10.18412236981423,1.098505645672655,10.786453714741578,True
IEC Ieff,0.3472222139437993,0.701709407567978,10.178623471303991,1.1244978142240507,11.047641337694461,True
IEC Ieff,0.37499999105930326,0.701709407567978,10.195739159785228,1.1585705772891826,11.363281848744231,True
IEC Ieff,0.4027777681748072,0.701709407567978,10.181564087663524,1.1669728506181305,11.461626529779362,True
IEC Ieff,0.4305555452903112,0.701709407567978,10.188009637628623,1.1701148836605817,11.485215712192234,True
IEC Ieff,0.45833332240581515,0.701709407567978,10.195975224942583,1.2297175207368556,12.060813150355418,True
IEC Ieff,0.4861110995213191,0.701709407567978,10.200774254648783,1.2179653959909202,11.939930887460418,True
IEC Ieff,-0.4861110995213191,0.7307692368825277,10.179278755335794,0.9478990811197235,9.31204561642299,True
IEC Ieff,-0.45833332240581515,0.7307692368825277,10.182352219147488,0.9643730069162809,9.471023847542986,True
IEC Ieff,-0.4305555452903112,0.7307692368825277,10.160381654575497,1.0272217362493314,10.110070380936383,True
IEC Ieff,-0.4027777681748072,0.7307692368825277,10.158578180748687,1.010381554181954,9.946092220825818,True
IEC Ieff,-0.37499999105930326,0.7307692368825277,10.173873626648058,1.0945821739202344,10.758755357971372,True
IEC Ieff,-0.3472222139437993,0.7307692368825277,10.200036825152559,1.1528737587138114,11.302643102923977,True
IEC Ieff,-0.3194444368282954,0.7307692368825277,10.215855581519481,1.1548094057028364,11.304088986847962,True
IEC Ieff,-0.29166665971279143,0.7307692368825277,10.226999103472632,1.186912607399603,11.60567821890764,True
IEC Ieff,-0.2638888825972875,0.7307692368825277,10.229700060192478,1.2014215406424282,11.74444542433459,True
IEC Ieff,-0.23611110548178355,0.7307692368825277,10.236937995661913,1.282322913187538,12.526430400681782,True
IEC Ieff,-0.2083333283662796,0.7307692368825277,10.23168058700948,1.314210211298671,12.844519530518191,True
IEC Ieff,-0.18055555125077566,0.7307692368825277,10.246801337767268,1.2293309155031065,11.9972162529597,True
IEC Ieff,-0.15277777413527172,0.7307692368825277,10.246583294487262,1.3188062599177024,12.870692815499094,True
IEC Ieff,-0.12499999701976776,0.7307692368825277,10.233273255986372,1.2158215346189611,11.881061945724127,True
IEC Ieff,-0.09722221990426382,0.7307692368825277,10.24150814917555,1.1077126980531173,10.815913847046923,True
IEC Ieff,-0.06944444278875987,0.7307692368825277,10.244956560369952,1.032094855701232,10.074175030606106,True
IEC Ieff,-0.04166666567325592,0.7307692368825277,10.247668382979185,1.0722649865421876,10.463502003276774,True
IEC Ieff,-0.013888888557751973,0.7307692368825277,10.24691960942851,1.1280818803263066,11.00898536657127,True
IEC Ieff,0.013888888557751973,0.7307692368825277,10.2336366284763,1.1574259453171531,11.310016051346587,True
IEC Ieff,0.04166666567325592,0.7307692368825277,10.235890715188857,1.1909902531114382,11.635433459094566,True
IEC Ieff,0.06944444278875987,0.7307692368825277,10.238102607954534,1.188835703678113,11.611875258550764,True
IEC Ieff,0.09722221990426382,0.7307692368825277,10.234626842419424,1.172453911056567,11.455756317339302,True
IEC Ieff,0.12499999701976776,0.7307692368825277,10.213943729102168,1.1380873467806816,11.142486946917247,True
IEC Ieff,0.15277777413527172,0.7307692368825277,10.218521384861159,1.122730835782083,10.98721423087121,True
IEC Ieff,0.18055555125077566,0.7307692368825277,10.24466636362695,1.1582981940024069,11.306353500343091,True
IEC Ieff,0.2083333283662796,0.7307692368825277,10.218324430310297,1.1341694933679525,11.099368601017412,True
IEC Ieff,0.23611110548178355,0.7307692368825277,10.211141500314493,1.2035859406501979,11.786987190542101,True
IEC Ieff,0.2638888825972875,0.7307692368825277,10.218617875278177,1.1982517424595056,11.726162550401526,True
IEC Ieff,0.29166665971279143,0.7307692368825277,10.222109717053323,1.1215863516284477,10.972161155317377,True
IEC Ieff,0.3194444368282954,0.7307692368825277,10.222136543763652,1.1568983282044867,11.31757850476269,True
IEC Ieff,0.3472222139437993,0.7307692368825277,10.208096643965709,1.1096490087826782,10.870283143710466,True
IEC Ieff,0.37499999105930326,0.7307692368825277,10.193614903138219,1.143575934695203,11.218551471305242,True
IEC Ieff,0.4027777681748072,0.7307692368825277,10.213437269831964,1.1663311334867936,11.419575042888404,True
IEC Ieff,0.4305555452903112,0.7307692368825277,10.211164155446573,1.186637582194188,11.620982330023972,True
IEC Ieff,0.45833332240581515,0.7307692368825277,10.205486621054801,1.1040681680712883,10.818378476862634,True
IEC Ieff,0.4861110995213191,0.7307692368825277,10.237131438172614,1.197595663803065,11.698547303372736,True
IEC Ieff,-0.45833332240581515,0.7598290661970775,10.21812709652505,1.0499195505144399,10.27506842101713,True
IEC Ieff,-0.4305555452903112,0.7598290661970775,10.229624510108641,1.0432772292587347,10.198587721648982,True
IEC Ieff,-0.4027777681748072,0.7598290661970775,10.198399472472572,1.016524341988266,9.967488964636651,True
IEC Ieff,-0.37499999105930326,0.7598290661970775,10.220028330379765,1.0187448880944412,9.968121957804648,True
IEC Ieff,-0.3472222139437993,0.7598290661970775,10.245418022656533,1.1117410122931632,10.851104462840649,True
IEC Ieff,-0.3194444368282954,0.7598290661970775,10.254786892595838,1.2084714710670403,11.78446206365908,True
IEC Ieff,-0.29166665971279143,0.7598290661970775,10.279531985357396,1.215433674623972,11.823823072444227,True
IEC Ieff,-0.2638888825972875,0.7598290661970775,10.281749088473664,1.248480603888094,12.14268694115188,True
IEC Ieff,-0.23611110548178355,0.7598290661970775,10.28847909720059,1.248239292649608,12.132398587360143,True
IEC Ieff,-0.2083333283662796,0.7598290661970775,10.281861226430978,1.3378090608902289,13.01135107183903,True
IEC Ieff,-0.18055555125077566,0.7598290661970775,10.271436007370454,1.2723172294629572,12.386945978634175,True
IEC Ieff,-0.15277777413527172,0.7598290661970775,10.283575332851735,1.218232970796151,11.846395162822454,True
IEC Ieff,-0.12499999701976776,0.7598290661970775,10.27747574357201,1.1741576636791573,11.424572462878617,True
IEC Ieff,-0.09722221990426382,0.7598290661970775,10.25359866884089,1.0388530989192029,10.131595086475519,True
IEC Ieff,-0.06944444278875987,0.7598290661970775,10.266703970241975,1.016883294808641,9.904671428689047,True
IEC Ieff,-0.04166666567325592,0.7598290661970775,10.280009062207432,1.1528644993049963,11.21462532113217,True
IEC Ieff,-0.013888888557751973,0.7598290661970775,10.268091704257557,1.0577556852497676,10.301385259455564,True
IEC Ieff,0.013888888557751973,0.7598290661970775,10.262607398026706,1.0795876044442354,10.519622962989098,True
IEC Ieff,0.04166666567325592,0.7598290661970775,10.27226658012806,1.1759204456297916,11.447526565409014,True
IEC Ieff,0.06944444278875987,0.7598290661970775,10.262853026485827,1.1555920865310532,11.259949680159721,True
IEC Ieff,0.09722221990426382,0.7598290661970775,10.253390023978126,1.0991215009753317,10.71959126108511,True
IEC Ieff,0.12499999701976776,0.7598290661970775,10.238565471759502,1.1053970819014856,10.796405853441524,True
IEC Ieff,0.15277777413527172,0.7598290661970775,10.228346885970822,1.1521561721973388,11.264343935945638,True
IEC Ieff,0.18055555125077566,0.7598290661970775,10.244311960854613,1.1728963999546458,11.449245243960718,True
IEC Ieff,0.2083333283662796,0.7598290661970775,10.237956124553165,1.191208642989404,11.63521926151441,True
IEC Ieff,0.23611110548178355,0.7598290661970775,10.243954326345781,1.215377801246954,11.864342250347606,True
IEC Ieff,0.2638888825972875,0.7598290661970775,10.234318145634068,1.1682063300863734,11.414598544454346,True
IEC Ieff,0.29166665971279143,0.7598290661970775,10.245791766382323,1.1184412834507729,10.9161039864241,True
IEC Ieff,0.3194444368282954,0.7598290661970775,10.233796879734468,1.1740542572227601,11.472323234670482,True
IEC Ieff,0.3472222139437993,0.7598290661970775,10.231539280981826,1.0839615843483839,10.594315816811935,True
IEC Ieff,0.37499999105930326,0.7598290661970775,10.227413623138455,1.176195322856767,11.500418054822266,True
IEC Ieff,0.4027777681748072,0.7598290661970775,10.227048948060931,1.146704025366697,11.212462472706893,True
IEC Ieff,0.4305555452903112,0.7598290661970775,10.242222626747465,1.1047775874245767,10.786502380249583,True
IEC Ieff,0.45833332240581515,0.7598290661970775,10.224832471505845,1.1826228485139556,11.566183131211604,True
IEC Ieff,-0.45833332240581515,0.7888888955116272,10.271933892646091,1.0015231131453508,9.750093055625717,True
IEC Ieff,-0.4305555452903112,0.7888888955116272,10.259229441984772,1.01107673084288,9.855289196527368,True
IEC Ieff,-0.4027777681748072,0.7888888955116272,10.257824724864255,0.9761899226607952,9.516539313589348,True
IEC Ieff,-0.37499999105930326,0.7888888955116272,10.277745346239206,0.9903237863200872,9.635613191004609,True
IEC Ieff,-0.3472222139437993,0.7888888955116272,10.272732642692704,1.0440727583429943,10.163534812576613,True
IEC Ieff,-0.3194444368282954,0.7888888955116272,10.286478223634711,1.1452562941308695,11.133609280380073,True
IEC Ieff,-0.29166665971279143,0.7888888955116272,10.2981139093709,1.2386694810151693,12.028119827729098,True
IEC Ieff,-0.2638888825972875,0.7888888955116272,10.29871008230471,1.2088417885805727,11.73779802441094,True
IEC Ieff,-0.23611110548178355,0.7888888955116272,10.300628134379703,1.18297258402712,11.484470350684663,True
IEC Ieff,-0.2083333283662796,0.7888888955116272,10.289441627034043,1.266566658881404,12.309381838113358,True
IEC Ieff,-0.18055555125077566,0.7888888955116272,10.296585446423315,1.2967652284101925,12.594128754213804,True
IEC Ieff,-0.15277777413527172,0.7888888955116272,10.298178610053856,1.1941386236413352,11.595629371542723,True
IEC Ieff,-0.12499999701976776,0.7888888955116272,10.293818783225081,1.1097331491921356,10.78057786485001,True
IEC Ieff,-0.09722221990426382,0.7888888955116272,10.271803386554016,1.0052845095929663,9.786835590222674,True
IEC Ieff,-0.06944444278875987,0.7888888955116272,10.262816718916064,0.9828689919005325,9.576990594491889,True
IEC Ieff,-0.04166666567325592,0.7888888955116272,10.296096959564982,1.0361313882943204,10.063341403673977,True
IEC Ieff,-0.013888888557751973,0.7888888955116272,10.285448354966238,1.060304876795283,10.30878616276678,True
IEC Ieff,0.013888888557751973,0.7888888955116272,10.275400671975273,1.1283100674800284,10.98069168784179,True
IEC Ieff,0.04166666567325592,0.7888888955116272,10.281526345984993,1.1559612115252367,11.243089524121558,True
IEC Ieff,0.06944444278875987,0.7888888955116272,10.288059598022468,1.1781355664655557,11.45148465792337,True
IEC Ieff,0.09722221990426382,0.7888888955116272,10.261356897391321,1.1387346855853702,11.097310979163618,True
IEC Ieff,0.12499999701976776,0.7888888955116272,10.25621393507937,1.1083679528997616,10.806794397187897,True
IEC Ieff,0.15277777413527172,0.7888888955116272,10.24695349319594,1.100989144496709,10.744551004625665,True
IEC Ieff,0.18055555125077566,0.7888888955116272,10.257908090474084,1.1918856996970024,11.619188719421619,True
IEC Ieff,0.2083333283662796,0.7888888955116272,10.240532659419422,1.1361065109124322,11.094213052164054,True
IEC Ieff,0.23611110548178355,0.7888888955116272,10.257588428868608,1.1822214028104536,11.52533474128529,True
IEC Ieff,0.2638888825972875,0.7888888955116272,10.267366773007526,1.1010066260050835,10.723359263833679,True
IEC Ieff,0.29166665971279143,0.7888888955116272,10.263157386808471,1.1468224193172882,11.17416771559337,True
IEC Ieff,0.3194444368282954,0.7888888955116272,10.256287341664574,1.154569718248604,11.25718966119781,True
IEC Ieff,0.3472222139437993,0.7888888955116272,10.250095499499754,1.192402290839733,11.633084695629686,True
IEC Ieff,0.37499999105930326,0.7888888955116272,10.26282997563092,1.2048588776486373,11.740025709376201,True
IEC Ieff,0.4027777681748072,0.7888888955116272,10.280917246105313,1.1878810402647009,11.554232096505807,True
IEC Ieff,0.4305555452903112,0.7888888955116272,10.269224048650996,1.1648194355238326,11.342818405805916,True
IEC Ieff,0.45833332240581515,0.7888888955116272,10.282292069663614,1.1970969743708837,11.642316384911314,True
IEC Ieff,-0.45833332240581515,0.817948724826177,10.298011186319258,1.0126555400485693,9.833505923880388,True
IEC Ieff,-0.4305555452903112,0.817948724826177,10.294204035889832,1.0300261160173776,10.005884014211128,True
IEC Ieff,-0.4027777681748072,0.817948724826177,10.289991978561691,1.0351861272279683,10.060125696741933,True
IEC Ieff,-0.37499999105930326,0.817948724826177,10.290948242783555,0.9968302264637438,9.686475949024064,True
IEC Ieff,-0.3472222139437993,0.817948724826177,10.31635866104374,1.00739540232044,9.765028877141797,True
IEC Ieff,-0.3194444368282954,0.817948724826177,10.31378872155795,1.0110691757096655,9.803082097234762,True
IEC Ieff,-0.29166665971279143,0.817948724826177,10.323252647418856,1.1847390013346737,11.476411958501242,True
IEC Ieff,-0.2638888825972875,0.817948724826177,10.318494937771682,1.1813385858661092,11.448748998671542,True
IEC Ieff,-0.23611110548178355,0.817948724826177,10.330685262032848,1.1537891115213958,11.168563190689598,True
IEC Ieff,-0.2083333283662796,0.817948724826177,10.334177351134855,1.2504683091563178,12.100317874058904,True
IEC Ieff,-0.18055555125077566,0.817948724826177,10.330746763956222,1.2590191267405422,12.18710665847735,True
IEC Ieff,-0.15277777413527172,0.817948724826177,10.312420872614648,1.1420125959548746,11.074146507999577,True
IEC Ieff,-0.12499999701976776,0.817948724826177,10.308271784681933,1.1045269258772707,10.714957356077816,True
IEC Ieff,-0.09722221990426382,0.817948724826177,10.30751517911692,1.0585901484469864,10.2700809074887,True
IEC Ieff,-0.06944444278875987,0.817948724826177,10.290922553776419,1.0528245895049824,10.230614252544653,True
IEC Ieff,-0.04166666567325592,0.817948724826177,10.30084037372495,0.9672088653066659,9.389611237679121,True
IEC Ieff,-0.013888888557751973,0.817948724826177,10.287513071815484,1.0081191561303267,9.799444716063133,True
IEC Ieff,0.013888888557751973,0.817948724826177,10.284623223397553,1.0525536308063883,10.234245902288624,True
IEC Ieff,0.04166666567325592,0.817948724826177,10.293478412124779,1.068766659126142,10.382949439785412,True
IEC Ieff,0.06944444278875987,0.817948724826177,10.300676198215259,1.077044191497652,10.456053280116363,True
IEC Ieff,0.09722221990426382,0.817948724826177,10.275409163527662,1.06243014409877,10.339541006988242,True
IEC Ieff,0.12499999701976776,0.817948724826177,10.286009160172023,1.0346688117001017,10.058991739054585,True
IEC Ieff,0.15277777413527172,0.817948724826177,10.301435227582656,1.1163807320040768,10.83713780983553,True
IEC Ieff,0.18055555125077566,0.817948724826177,10.299823085744768,1.1912266687875546,11.565506114723895,True
IEC Ieff,0.2083333283662796,0.817948724826177,10.294089160849609,1.2201446876600066,11.852866908326872,True
IEC Ieff,0.23611110548178355,0.817948724826177,10.291627418581225,1.1117147497675626,10.802127832187113,True
IEC Ieff,0.2638888825972875,0.817948724826177,10.294646140734628,1.1061798194598198,10.745195165891177,True
IEC Ieff,0.29166665971279143,0.817948724826177,10.296404106435906,1.1302134869243223,10.976778642728942,True
IEC Ieff,0.3194444368282954,0.817948724826177,10.305486489533672,1.178116525639095,11.431935084632821,True
IEC Ieff,0.3472222139437993,0.817948724826177,10.29947918611587,1.0651032623333663,10.341331275946168,True
IEC Ieff,0.37499999105930326,0.817948724826177,10.299009941280172,1.115660226139252,10.832693943400301,True
IEC Ieff,0.4027777681748072,0.817948724826177,10.32051868081955,1.1976092871897845,11.604157932638737,True
IEC Ieff,0.4305555452903112,0.817948724826177,10.310440939381861,1.205754765620232,11.694502424379538,True
IEC Ieff,0.45833332240581515,0.817948724826177,10.310624901033083,1.1987957305642776,11.62679994734522,True
IEC Ieff,-0.4305555452903112,0.8470085541407267,10.344278044496706,1.0508278182996746,10.15854188933687,True
IEC Ieff,-0.4027777681748072,0.8470085541407267,10.335363530321665,1.0633902257998307,10.288851695250772,True
IEC Ieff,-0.37499999105930326,0.8470085541407267,10.338091148867342,0.9977088433585702,9.65080331554129,True
IEC Ieff,-0.3472222139437993,0.8470085541407267,10.343894803423057,1.0324475835955977,9.981226638673228,True
IEC Ieff,-0.3194444368282954,0.8470085541407267,10.372261502071526,1.046774701181455,10.092058525254068,True
IEC Ieff,-0.29166665971279143,0.8470085541407267,10.35907422009059,1.068815904379787,10.317677831740065,True
IEC Ieff,-0.2638888825972875,0.8470085541407267,10.364278931652716,1.1353587582065001,10.954536882822515,True
IEC Ieff,-0.23611110548178355,0.8470085541407267,10.35717707537191,1.1188820111752398,10.802963037445823,True
IEC Ieff,-0.2083333283662796,0.8470085541407267,10.349545197823872,1.1512928214988873,11.124090957552045,True
IEC Ieff,-0.18055555125077566,0.8470085541407267,10.341160919265894,1.2017961463049007,11.621481917624145,True
IEC Ieff,-0.15277777413527172,0.8470085541407267,10.343722680479862,1.013511721407913,9.798326508893746,True
IEC Ieff,-0.12499999701976776,0.8470085541407267,10.333360463791811,0.9999959239531604,9.677354501056604,True
IEC Ieff,-0.09722221990426382,0.8470085541407267,10.330678732606176,1.019458325533373,9.868260856043372,True
IEC Ieff,-0.06944444278875987,0.8470085541407267,10.326436188131506,0.9755440583127675,9.447054535949107,True
IEC Ieff,-0.04166666567325592,0.8470085541407267,10.323960974798535,0.8959459755377237,8.678316178497639,True
IEC Ieff,-0.013888888557751973,0.8470085541407267,10.32813336091278,1.0158393399387162,9.83565281779958,True
IEC Ieff,0.013888888557751973,0.8470085541407267,10.309225674566866,0.9874403383105252,9.578220222170195,True
IEC Ieff,0.04166666567325592,0.8470085541407267,10.302581653113473,0.9943992714355422,9.651942638426277,True
IEC Ieff,0.06944444278875987,0.8470085541407267,10.315072133142172,1.030357661288767,9.988855608466793,True
IEC Ieff,0.09722221990426382,0.8470085541407267,10.319420846754738,1.0028420280938743,9.718006882229723,True
IEC Ieff,0.12499999701976776,0.8470085541407267,10.312884082677037,1.0702865684066798,10.3781498931466,True
IEC Ieff,0.15277777413527172,0.8470085541407267,10.327293554622598,1.0685836701644538,10.347180164024149,True
IEC Ieff,0.18055555125077566,0.8470085541407267,10.34009348990538,1.136559162464518,10.991768726018728,True
IEC Ieff,0.2083333283662796,0.8470085541407267,10.31468214829186,1.160567216006446,11.251604260036641,True
IEC Ieff,0.23611110548178355,0.8470085541407267,10.317175746248154,1.1565140726590437,11.20959942045778,True
IEC Ieff,0.2638888825972875,0.8470085541407267,10.306726783817787,1.115842747148546,10.826354191327644,True
IEC Ieff,0.29166665971279143,0.8470085541407267,10.312054152969102,1.066619367770592,10.343422871411951,True
IEC Ieff,0.3194444368282954,0.8470085541407267,10.32435278986693,1.0755626858289238,10.417725040203576,True
IEC Ieff,0.3472222139437993,0.8470085541407267,10.332945845195272,1.0757025480941627,10.410415037589253,True
IEC Ieff,0.37499999105930326,0.8470085541407267,10.32698005969781,1.1549173364326304,11.1834953660831,True
IEC Ieff,0.4027777681748072,0.8470085541407267,10.33670555835032,1.1054901329121367,10.69480142073977,True
IEC Ieff,0.4305555452903112,0.8470085541407267,10.341471644130777,1.2062580031316132,11.664278012271257,True
IEC Ieff,-0.4305555452903112,0.8760683834552765,10.35014245899549,1.0613733170847657,10.254673510916824,True
IEC Ieff,-0.4027777681748072,0.8760683834552765,10.344575578600548,1.020290727890408,9.863050640772995,True
IEC Ieff,-0.37499999105930326,0.8760683834552765,10.350732366317903,0.9922144335710616,9.585934583718979,True
IEC Ieff,-0.3472222139437993,0.8760683834552765,10.358704268708715,1.0418812025711994,10.058026327853426,True
IEC Ieff,-0.3194444368282954,0.8760683834552765,10.387686382313632,1.0026734372003239,9.652519341626485,True
IEC Ieff,-0.29166665971279143,0.8760683834552765,10.389014411647109,1.029965578437087,9.91398738731553,True
IEC Ieff,-0.2638888825972875,0.8760683834552765,10.390885587055022,1.0557700149100042,10.160539311733775,True
IEC Ieff,-0.23611110548178355,0.8760683834552765,10.382350026956335,1.0711955732584184,10.317467340989346,True
IEC Ieff,-0.2083333283662796,0.8760683834552765,10.359219615254244,1.0780759779105686,10.406922702199221,True
IEC Ieff,-0.18055555125077566,0.8760683834552765,10.366621973560083,1.0421210613605625,10.052658079155167,True
IEC Ieff,-0.15277777413527172,0.8760683834552765,10.373162150747126,0.9920167898251123,9.563301676082085,True
IEC Ieff,-0.12499999701976776,0.8760683834552765,10.373324594969443,1.041011659070318,10.035467892088887,True
IEC Ieff,-0.09722221990426382,0.8760683834552765,10.370510016331648,1.0541698336842895,10.165072229081941,True
IEC Ieff,-0.06944444278875987,0.8760683834552765,10.349330369791783,0.902935419301284,8.724578180795381,True
IEC Ieff,-0.04166666567325592,0.8760683834552765,10.355035835620061,0.879271842348797,8.491248666897018,True
IEC Ieff,-0.013888888557751973,0.8760683834552765,10.34377821358381,0.9488715958063637,9.173355965427337,True
IEC Ieff,0.013888888557751973,0.8760683834552765,10.34494467258293,0.9554232846757966,9.235653886172464,True
IEC Ieff,0.04166666567325592,0.8760683834552765,10.357641588022071,1.0270528736323856,9.915895089670842,True
IEC Ieff,0.06944444278875987,0.8760683834552765,10.37614621417588,1.0661455898313015,10.274966907990702,True
IEC Ieff,0.09722221990426382,0.8760683834552765,10.357803751940688,1.0347616722253101,9.990164874782767,True
IEC Ieff,0.12499999701976776,0.8760683834552765,10.356421953767523,1.1093893455982637,10.712091015127896,True
IEC Ieff,0.15277777413527172,0.8760683834552765,10.350703412597325,1.1268393956576899,10.88659727498587,True
IEC Ieff,0.18055555125077566,0.8760683834552765,10.373431835856712,1.1648084263915686,11.22876637956305,True
IEC Ieff,0.2083333283662796,0.8760683834552765,10.364065505138969,1.2332090424009587,11.89889278285127,True
IEC Ieff,0.23611110548178355,0.8760683834552765,10.329962375350823,1.1536165082983794,11.167673863470394,True
IEC Ieff,0.2638888825972875,0.8760683834552765,10.33922957749924,1.2034746179168485,11.639886791332223,True
IEC Ieff,0.29166665971279143,0.8760683834552765,10.357839251576358,1.0965181319699542,10.586359812478024,True
IEC Ieff,0.3194444368282954,0.8760683834552765,10.342961590056085,1.0700885071643422,10.346055120161571,True
IEC Ieff,0.3472222139437993,0.8760683834552765,10.35826585727692,1.1734422483960858,11.32855889745015,True
IEC Ieff,0.37499999105930326,0.8760683834552765,10.361860504545938,1.193205105498513,11.515355808689302,True
IEC Ieff,0.4027777681748072,0.8760683834552765,10.377041240289635,1.1736350143075374,11.309919534200288,True
IEC Ieff,0.4305555452903112,0.8760683834552765,10.397962084097768,1.1630291160904278,11.185164041606946,True
IEC Ieff,-0.4027777681748072,0.9051282127698262,10.35610748602418,1.0431165893886591,10.07247743224344,True
IEC Ieff,-0.37499999105930326,0.9051282127698262,10.380340200161411,0.9629834212884462,9.276992879997055,True
IEC Ieff,-0.3472222139437993,0.9051282127698262,10.380248375976143,0.9729470818745551,9.373061670916528,True
IEC Ieff,-0.3194444368282954,0.9051282127698262,10.397286980947495,0.9862591961255855,9.485736018760047,True
IEC Ieff,-0.29166665971279143,0.9051282127698262,10.411444377449367,1.0822897085686551,10.395192725735892,True
IEC Ieff,-0.2638888825972875,0.9051282127698262,10.425502002332415,1.078959846316575,10.349236382815791,True
IEC Ieff,-0.23611110548178355,0.9051282127698262,10.391825428779413,1.021290706134611,9.827827778036186,True
IEC Ieff,-0.2083333283662796,0.9051282127698262,10.364527495056082,1.0345320564318605,9.981468590105397,True
IEC Ieff,-0.18055555125077566,0.9051282127698262,10.388087249541753,1.0485894902927295,10.09415366952165,True
IEC Ieff,-0.15277777413527172,0.9051282127698262,10.395608456604593,1.0185513240532948,9.797900029662847,True
IEC Ieff,-0.12499999701976776,0.9051282127698262,10.396661277197436,0.9994593501606963,9.613272218002992,True
IEC Ieff,-0.09722221990426382,0.9051282127698262,10.390103358436663,0.9636263230284396,9.274463302099727,True
IEC Ieff,-0.06944444278875987,0.9051282127698262,10.396026010145489,0.9686566103890715,9.3175662454457,True
IEC Ieff,-0.04166666567325592,0.9051282127698262,10.392666669565012,0.9424025915311655,9.067957450141236,True
IEC Ieff,-0.013888888557751973,0.9051282127698262,10.40655078647494,0.996152010048643,9.572355245152982,True
IEC Ieff,0.013888888557751973,0.9051282127698262,10.386252480634301,0.9721078806239719,9.359563350077584,True
IEC Ieff,0.04166666567325592,0.9051282127698262,10.400624045630225,1.0429874378038861,10.028123632082371,True
IEC Ieff,0.06944444278875987,0.9051282127698262,10.395019142866504,1.1534614192084747,11.096289514772351,True
IEC Ieff,0.09722221990426382,0.9051282127698262,10.388035953969753,1.0980582633607434,10.570412619154673,True
IEC Ieff,0.12499999701976776,0.9051282127698262,10.402545906537473,1.1478135204281148,11.033967364727246,True
IEC Ieff,0.15277777413527172,0.9051282127698262,10.38011322014078,1.1992132703209935,11.552988343076368,True
IEC Ieff,0.18055555125077566,0.9051282127698262,10.377152421916804,1.2002342088925448,11.566122960260468,True
IEC Ieff,0.2083333283662796,0.9051282127698262,10.381497029905002,1.1879286947881844,11.44274945478701,True
IEC Ieff,0.23611110548178355,0.9051282127698262,10.367549317038351,1.1989392779818944,11.564346031241158,True
IEC Ieff,0.2638888825972875,0.9051282127698262,10.371058059476132,1.1080147609938074,10.683719584246315,True
IEC Ieff,0.29166665971279143,0.9051282127698262,10.378379475974516,1.1077282913277167,10.673422511597867,True
IEC Ieff,0.3194444368282954,0.9051282127698262,10.379058305514704,1.079674962553954,10.402436625491259,True
IEC Ieff,0.3472222139437993,0.9051282127698262,10.376154656262935,1.1947153224949292,11.514046986315995,True
IEC Ieff,0.37499999105930326,0.9051282127698262,10.390912446742185,1.2186420724994924,11.727960164668385,True
IEC Ieff,0.4027777681748072,0.9051282127698262,10.407567414917052,1.1406156784359902,10.959483930905488,True
IEC Ieff,-0.37499999105930326,0.934188042084376,10.411887059389988,0.964631624147731,9.264714634776752,True
IEC Ieff,-0.3472222139437993,0.934188042084376,10.421650497969003,0.9706085590369488,9.313386197571138,True
IEC Ieff,-0.3194444368282954,0.934188042084376,10.416609434286038,1.0545492752939638,10.123728665710921,True
IEC Ieff,-0.29166665971279143,0.934188042084376,10.41863748081966,1.0705025071107905,10.274880079871744,True
IEC Ieff,-0.2638888825972875,0.934188042084376,10.428064538503524,1.1059366814045324,10.60538777182558,True
IEC Ieff,-0.23611110548178355,0.934188042084376,10.42176718673882,1.100834021917365,10.562834519256208,True
IEC Ieff,-0.2083333283662796,0.934188042084376,10.417307390429814,1.1452561237107945,10.993782565760899,True
IEC Ieff,-0.18055555125077566,0.934188042084376,10.414464171352119,1.0711671888246053,10.285379748783894,True
IEC Ieff,-0.15277777413527172,0.934188042084376,10.431778001552692,1.027422777245486,9.848970876226103,True
IEC Ieff,-0.12499999701976776,0.934188042084376,10.43291890345229,1.0224089823737876,9.799836381700128,True
IEC Ieff,-0.09722221990426382,0.934188042084376,10.441741906722608,1.046432834755506,10.02163091276745,True
IEC Ieff,-0.06944444278875987,0.934188042084376,10.444824620555503,1.0393349643261913,9.950717241156653,True
IEC Ieff,-0.04166666567325592,0.934188042084376,10.44652345867035,1.0316773074884276,9.875795632585897,True
IEC Ieff,-0.013888888557751973,0.934188042084376,10.463558848393731,1.0406572754212238,9.945538516094606,True
IEC Ieff,0.013888888557751973,0.934188042084376,10.456991910450196,1.0452491375139459,9.995696147277078,True
IEC Ieff,0.04166666567325592,0.934188042084376,10.447462624368228,1.0245564550238098,9.8067491778729,True
IEC Ieff,0.06944444278875987,0.934188042084376,10.416809801946341,1.118111761394221,10.733725417404724,True
IEC Ieff,0.09722221990426382,0.934188042084376,10.397496994351744,1.099510216920193,10.574758689687357,True
IEC Ieff,0.12499999701976776,0.934188042084376,10.42707780362366,1.0681070174468732,10.243589216105017,True
IEC Ieff,0.15277777413527172,0.934188042084376,10.406056726520054,1.1791755072782224,11.33162674649917,True
IEC Ieff,0.18055555125077566,0.934188042084376,10.391838800913456,1.1294820997399317,10.868933991168616,True
IEC Ieff,0.2083333283662796,0.934188042084376,10.401149466619511,1.153937729719486,11.094328885695058,True
IEC Ieff,0.23611110548178355,0.934188042084376,10.397557193687499,1.0707222309309958,10.297824873529391,True
IEC Ieff,0.2638888825972875,0.934188042084376,10.391803218835479,1.0775817928001408,10.369536163338706,True
IEC Ieff,0.29166665971279143,0.934188042084376,10.414266920009123,1.103893027757198,10.599815006049711,True
IEC Ieff,0.3194444368282954,0.934188042084376,10.42462618526447,1.100616546336964,10.557851445001637,True
IEC Ieff,0.3472222139437993,0.934188042084376,10.405513184722807,1.132840339738476,10.886924264357212,True
IEC Ieff,0.37499999105930326,0.934188042084376,10.405437816011904,1.1997744277668898,11.530263781122933,True
IEC Ieff,-0.3472222139437993,0.9632478713989258,10.451788369568197,1.0297179401801357,9.852074150088033,True
IEC Ieff,-0.3194444368282954,0.9632478713989258,10.43036879957346,0.9869247704158206,9.462031394864773,True
IEC Ieff,-0.29166665971279143,0.9632478713989258,10.450007831177084,1.019599953933553,9.756930046421848,True
IEC Ieff,-0.2638888825972875,0.9632478713989258,10.461728349995134,1.1317586237837256,10.81808460247634,True
IEC Ieff,-0.23611110548178355,0.9632478713989258,10.466536349418845,1.1401484927092569,10.893274094180772,True
IEC Ieff,-0.2083333283662796,0.9632478713989258,10.446181521167215,1.1301155314995177,10.818455808082138,True
IEC Ieff,-0.18055555125077566,0.9632478713989258,10.44940329859846,1.0839854571018395,10.37365891741618,True
IEC Ieff,-0.15277777413527172,0.9632478713989258,10.452615545704784,1.0307976363763214,9.86162393392436,True
IEC Ieff,-0.12499999701976776,0.9632478713989258,10.471344728076957,1.0556444021853764,10.08126873480598,True
IEC Ieff,-0.09722221990426382,0.9632478713989258,10.467404235541817,0.9588245887563854,9.160098981376107,True
IEC Ieff,-0.06944444278875987,0.9632478713989258,10.48334141196599,1.0249355045879,9.776801730581901,True
IEC Ieff,-0.04166666567325592,0.9632478713989258,10.508418318321613,1.0703940498946543,10.18606242604944,True
IEC Ieff,-0.013888888557751973,0.9632478713989258,10.50867684074961,1.0623709867903814,10.109464805985983,True
IEC Ieff,0.013888888557751973,0.9632478713989258,10.486505199513962,1.0949477954915932,10.441493850042079,True
IEC Ieff,0.04166666567325592,0.9632478713989258,10.476733038544332,1.0311195663667168,9.841995234327204,True
IEC Ieff,0.06944444278875987,0.9632478713989258,10.43907593849634,1.068381484154577,10.234444987747338,True
IEC Ieff,0.09722221990426382,0.9632478713989258,10.43960012285184,1.125816641660472,10.784097363998717,True
IEC Ieff,0.12499999701976776,0.9632478713989258,10.415311265537882,1.0945391274068461,10.508943031097404,True
IEC Ieff,0.15277777413527172,0.9632478713989258,10.426354752057042,1.2080897505482577,11.586885150919219,True
IEC Ieff,0.18055555125077566,0.9632478713989258,10.422245516711207,1.1035840509590806,10.588735884119933,True
IEC Ieff,0.2083333283662796,0.9632478713989258,10.422086881321208,1.0723788463810948,10.289482889487765,True
IEC Ieff,0.23611110548178355,0.9632478713989258,10.4144053075809,1.0572634202137918,10.151932721921089,True
IEC Ieff,0.2638888825972875,0.9632478713989258,10.402999289482958,1.0425721217073367,10.021841708297895,True
IEC Ieff,0.29166665971279143,0.9632478713989258,10.421714324763942,1.025353749172077,9.838628436932346,True
IEC Ieff,0.3194444368282954,0.9632478713989258,10.426701883422284,1.1112682488442287,10.657907565297002,True
IEC Ieff,0.3472222139437993,0.9632478713989258,10.422535828873373,1.1604151613533127,11.133712374858279,True
IEC Ieff,-0.3194444368282954,0.9923077007134755,10.47503828956537,1.0817523820126542,10.326953965316132,True
IEC Ieff,-0.29166665971279143,0.9923077007134755,10.477296630298337,1.0817173225869905,10.324393407540558,True
IEC Ieff,-0.2638888825972875,0.9923077007134755,10.465401350384825,1.0841747495059886,10.359609853530579,True
IEC Ieff,-0.23611110548178355,0.9923077007134755,10.466935056659876,1.0775491923222382,10.29479199487932,True
IEC Ieff,-0.2083333283662796,0.9923077007134755,10.480440631704795,1.0981197629634862,10.477801473742629,True
IEC Ieff,-0.18055555125077566,0.9923077007134755,10.494954096312565,1.0761987887641795,10.254440170846534,True
IEC Ieff,-0.15277777413527172,0.9923077007134755,10.504716875353461,1.0372534387980148,9.87416844362227,True
IEC Ieff,-0.12499999701976776,0.9923077007134755,10.511785853662351,1.0171233443717635,9.67602801780245,True
IEC Ieff,-0.09722221990426382,0.9923077007134755,10.483940453890305,0.9799616852352786,9.347264890956543,True
IEC Ieff,-0.06944444278875987,0.9923077007134755,10.508682413846165,1.0727102553711398,10.20784731259691,True
IEC Ieff,-0.04166666567325592,0.9923077007134755,10.5114363809369,1.0770332718793247,10.24629967634668,True
IEC Ieff,-0.013888888557751973,0.9923077007134755,10.519171838936042,1.0608051477740872,10.084493000176922,True
IEC Ieff,0.013888888557751973,0.9923077007134755,10.51361222994804,1.056748151644312,10.051237657730645,True
IEC Ieff,0.04166666567325592,0.9923077007134755,10.494283296648184,1.096768081074827,10.451100376003081,True
IEC Ieff,0.06944444278875987,0.9923077007134755,10.457868436521514,1.1716133729256004,11.203175676163903,True
IEC Ieff,0.09722221990426382,0.9923077007134755,10.45855463639954,1.158991164564499,11.081752735992714,True
IEC Ieff,0.12499999701976776,0.9923077007134755,10.457046701573956,1.1810019363116235,11.293838212789693,True
IEC Ieff,0.15277777413527172,0.9923077007134755,10.460739883827902,1.2001100601617782,11.472516031271601,True
IEC Ieff,0.18055555125077566,0.9923077007134755,10.449536640704089,1.1615253882646142,11.115568356783623,True
IEC Ieff,0.2083333283662796,0.9923077007134755,10.457333683068855,1.198818468104375,11.463901836137683,True
IEC Ieff,0.23611110548178355,0.9923077007134755,10.465354918905929,1.0728718747499457,10.251653031009731,True
IEC Ieff,0.2638888825972875,0.9923077007134755,10.464350392987102,1.1202314580667727,10.705217390441348,True
IEC Ieff,0.29166665971279143,0.9923077007134755,10.478254329015495,1.1364207141014264,10.845515659555488,True
IEC Ieff,0.3194444368282954,0.9923077007134755,10.465619987249125,1.0896728883846443,10.411928674194709,True
IEC Ieff,-0.29166665971279143,1.0213675300280254,10.51264839752699,1.0826739677582609,10.298774645720583,True
IEC Ieff,-0.2638888825972875,1.0213675300280254,10.50948005916652,0.972157099672043,9.250287304404878,True
IEC Ieff,-0.23611110548178355,1.0213675300280254,10.503558990349022,1.0382422861563545,9.884671349114353,True
IEC Ieff,-0.2083333283662796,1.0213675300280254,10.509392423047798,1.0893810484170634,10.365785238240587,True
IEC Ieff,-0.18055555125077566,1.0213675300280254,10.509562221119369,1.074395192067853,10.22302517900141,True
IEC Ieff,-0.15277777413527172,1.0213675300280254,10.53736831242342,1.0333207765317765,9.806250914789652,True
IEC Ieff,-0.12499999701976776,1.0213675300280254,10.548052317727173,1.0085803038159642,9.561768120176396,True
IEC Ieff,-0.09722221990426382,1.0213675300280254,10.5399209060584,0.9600052592236903,9.108277640602354,True
IEC Ieff,-0.06944444278875987,1.0213675300280254,10.542875718974585,0.9952477272204164,9.440002459947575,True
IEC Ieff,-0.04166666567325592,1.0213675300280254,10.535085733666937,1.0698097955173305,10.15473269570596,True
IEC Ieff,-0.013888888557751973,1.0213675300280254,10.549302752408725,1.0931850158640917,10.362628142551738,True
IEC Ieff,0.013888888557751973,1.0213675300280254,10.521497304154364,1.0706230266576446,10.175576685600767,True
IEC Ieff,0.04166666567325592,1.0213675300280254,10.516060633059299,1.1032481582263944,10.491078329827403,True
IEC Ieff,0.06944444278875987,1.0213675300280254,10.498588497237707,1.1194188014671342,10.662564798702851,True
IEC Ieff,0.09722221990426382,1.0213675300280254,10.476755116580636,1.1113049587966741,10.607339261351159,True
IEC Ieff,0.12499999701976776,1.0213675300280254,10.484700950729904,1.2313732339048806,11.744476448984052,True
IEC Ieff,0.15277777413527172,1.0213675300280254,10.50074299370442,1.248040475047662,11.885258745937385,True
IEC Ieff,0.18055555125077566,1.0213675300280254,10.484369648277871,1.2216109206354397,11.651734549783807,True
IEC Ieff,0.2083333283662796,1.0213675300280254,10.497114083433594,1.220206752209415,11.624211592928472,True
IEC Ieff,0.23611110548178355,1.0213675300280254,10.499389720551987,1.2129507005087248,11.552582890931646,True
IEC Ieff,0.2638888825972875,1.0213675300280254,10.506633262094883,1.087405346441616,10.349703081049597,True
IEC Ieff,0.29166665971279143,1.0213675300280254,10.482475422014986,1.1167034310694897,10.653050792985615,True
IEC Ieff,-0.23611110548178355,1.050427359342575,10.535785437586613,1.0174382118121634,9.656975437089232,True
IEC Ieff,-0.2083333283662796,1.050427359342575,10.547716992092958,1.024334623753137,9.711434469857545,True
IEC Ieff,-0.18055555125077566,1.050427359342575,10.544584878859975,1.0163969043550491,9.639041422984274,True
IEC Ieff,-0.15277777413527172,1.050427359342575,10.571870792502285,0.9346526828411972,8.840939330284527,True
IEC Ieff,-0.12499999701976776,1.050427359342575,10.578733896008172,0.9593969907719421,9.069109783865207,True
IEC Ieff,-0.09722221990426382,1.050427359342575,10.582385824157091,0.9959738575836875,9.411619214545306,True
IEC Ieff,-0.06944444278875987,1.050427359342575,10.568064730310597,1.0175467509508171,9.628506040773571,True
IEC Ieff,-0.04166666567325592,1.050427359342575,10.560469622009043,1.0620093234828716,10.056459243720953,True
IEC Ieff,-0.013888888557751973,1.050427359342575,10.579361875164578,1.0343422547460586,9.776981513168703,True
IEC Ieff,0.013888888557751973,1.050427359342575,10.558817116442272,1.0952026003553603,10.372398615086366,True
IEC Ieff,0.04166666567325592,1.050427359342575,10.546918604792289,1.1449921990823098,10.856177448473439,True
IEC Ieff,0.06944444278875987,1.050427359342575,10.54400153394128,1.164555987923286,11.044725137553945,True
IEC Ieff,0.09722221990426382,1.050427359342575,10.523411926631393,1.1371219814050064,10.80563974244241,True
IEC Ieff,0.12499999701976776,1.050427359342575,10.527826231303257,1.3112050773179045,12.454661090617073,True
IEC Ieff,0.15277777413527172,1.050427359342575,10.522008973775234,1.236413720536472,11.750738130123969,True
IEC Ieff,0.18055555125077566,1.050427359342575,10.537355913108062,1.131589672289229,10.738838866414062,True
IEC Ieff,0.2083333283662796,1.050427359342575,10.538541482222206,1.2012150773738601,11.39830477870422,True
IEC Ieff,0.23611110548178355,1.050427359342575,10.530842678050426,1.2040313491341268,11.433380840867608,True
IEC Ieff,-0.2083333283662796,1.079487188657125,10.567303244164012,1.0268703033770092,9.717430073222486,True
IEC Ieff,-0.18055555125077566,1.079487188657125,10.558253161942336,0.9582344940553782,9.075691587973798,True
IEC Ieff,-0.15277777413527172,1.079487188657125,10.588114027559637,0.9318161724401225,8.800586865750715,True
IEC Ieff,-0.12499999701976776,1.079487188657125,10.594940724565069,0.9660748774431805,9.118265996555056,True
IEC Ieff,-0.09722221990426382,1.079487188657125,10.61489516375364,0.9343380060393519,8.802140686511981,True
IEC Ieff,-0.06944444278875987,1.079487188657125,10.594772558850128,1.0234835713142945,9.66026939822647,True
IEC Ieff,-0.04166666567325592,1.079487188657125,10.563001638056756,1.0333043758511142,9.782298737210157,True
IEC Ieff,-0.013888888557751973,1.079487188657125,10.569178887942241,1.0411988198114406,9.851274454246237,True
IEC Ieff,0.013888888557751973,1.079487188657125,10.577013639395084,1.0540793902624819,9.965756178440236,True
IEC Ieff,0.04166666567325592,1.079487188657125,10.58561350445381,1.1129920424584834,10.51419496838989,True
IEC Ieff,0.06944444278875987,1.079487188657125,10.5761846495288,1.1649412314087983,11.014758819104959,True
IEC Ieff,0.09722221990426382,1.079487188657125,10.559727740630995,1.0954936313230452,10.374260191461945,True
IEC Ieff,0.12499999701976776,1.079487188657125,10.543415781708633,1.2282178967308361,11.649145989875729,True
IEC Ieff,0.15277777413527172,1.079487188657125,10.541427521807995,1.2360227938651385,11.725383410435327,True
IEC Ieff,0.18055555125077566,1.079487188657125,10.561255840832574,1.1308621831970984,10.70764878950181,True
IEC Ieff,0.2083333283662796,1.079487188657125,10.56371321366126,1.188813196559714,11.253743570227853,True
IEC Ieff,-0.12499999701976776,1.1085470179716745,10.627894230062925,0.9540161266730478,8.976530119903153,True
IEC Ieff,-0.09722221990426382,1.1085470179716745,10.60896740062493,0.9519033886918767,8.97262997184631,True
IEC Ieff,-0.06944444278875987,1.1085470179716745,10.609467907564284,1.040097097912187,9.803480315639806,True
IEC Ieff,-0.04166666567325592,1.1085470179716745,10.588460911598178,1.038839134085437,9.811049431627348,True
IEC Ieff,-0.013888888557751973,1.1085470179716745,10.588007907887018,1.090087106524737,10.295488216557999,True
IEC Ieff,0.013888888557751973,1.1085470179716745,10.573369955471879,1.087041435569233,10.280936353756095,True
IEC Ieff,0.04166666567325592,1.1085470179716745,10.585616587794247,1.0264213830639952,9.69637785906124,True
IEC Ieff,0.06944444278875987,1.1085470179716745,10.578533017205912,1.0625280591156057,10.044190979859032,True
IEC Ieff,0.09722221990426382,1.1085470179716745,10.575891682726034,1.1472870274252966,10.84813519127848,True
IEC Ieff,0.12499999701976776,1.1085470179716745,10.585150591183423,1.2315732766163086,11.634915025603036,True
